year,month,product,mrp_rs_per_mt,source_url
2018,1,10-26-26,21409.0,https://fert.gov.in/sites/default/files/2025-05/Monthly_Bulletin_for_the_month_of_January_2018_0.pdf
2018,1,12-32-16,21499.24,https://fert.gov.in/sites/default/files/2025-05/Monthly_Bulletin_for_the_month_of_January_2018_0.pdf
2018,1,14-35-14,22440.0,https://fert.gov.in/sites/default/files/2025-05/Monthly_Bulletin_for_the_month_of_January_2018_0.pdf
2018,1,15-15-15,18018.49,https://fert.gov.in/sites/default/files/2025-05/Monthly_Bulletin_for_the_month_of_January_2018_0.pdf
2018,1,16-20-0-13,16420.0,https://fert.gov.in/sites/default/files/2025-05/Monthly_Bulletin_for_the_month_of_January_2018_0.pdf
2018,1,17-17-17,19788.97,https://fert.gov.in/sites/default/files/2025-05/Monthly_Bulletin_for_the_month_of_January_2018_0.pdf
2018,1,19-19-19,21420.0,https://fert.gov.in/sites/default/files/2025-05/Monthly_Bulletin_for_the_month_of_January_2018_0.pdf
2018,1,20-20-0,16257.88,https://fert.gov.in/sites/default/files/2025-05/Monthly_Bulletin_for_the_month_of_January_2018_0.pdf
2018,1,20-20-0-13,17046.91,https://fert.gov.in/sites/default/files/2025-05/Monthly_Bulletin_for_the_month_of_January_2018_0.pdf
2018,1,24-24-0,20307.33,https://fert.gov.in/sites/default/files/2025-05/Monthly_Bulletin_for_the_month_of_January_2018_0.pdf
2018,1,24-24-0-8,20362.76,https://fert.gov.in/sites/default/files/2025-05/Monthly_Bulletin_for_the_month_of_January_2018_0.pdf
2018,1,28-28-0,22440.0,https://fert.gov.in/sites/default/files/2025-05/Monthly_Bulletin_for_the_month_of_January_2018_0.pdf
2018,1,Ammonium Sulphate,12916.98,https://fert.gov.in/sites/default/files/2025-05/Monthly_Bulletin_for_the_month_of_January_2018_0.pdf
2018,1,City Compost,3871.71,https://fert.gov.in/sites/default/files/2025-05/Monthly_Bulletin_for_the_month_of_January_2018_0.pdf
2018,1,DAP,21991.24,https://fert.gov.in/sites/default/files/2025-05/Monthly_Bulletin_for_the_month_of_January_2018_0.pdf
2018,1,Imported 10-26-26,21367.7,https://fert.gov.in/sites/default/files/2025-05/Monthly_Bulletin_for_the_month_of_January_2018_0.pdf
2018,1,Imported 15-15-15-9,17800.0,https://fert.gov.in/sites/default/files/2025-05/Monthly_Bulletin_for_the_month_of_January_2018_0.pdf
2018,1,Imported 16-16-16,17840.0,https://fert.gov.in/sites/default/files/2025-05/Monthly_Bulletin_for_the_month_of_January_2018_0.pdf
2018,1,Imported 20-20-0-13,17288.88,https://fert.gov.in/sites/default/files/2025-05/Monthly_Bulletin_for_the_month_of_January_2018_0.pdf
2018,1,Imported DAP,22476.76,https://fert.gov.in/sites/default/files/2025-05/Monthly_Bulletin_for_the_month_of_January_2018_0.pdf
2018,1,MOP,12314.05,https://fert.gov.in/sites/default/files/2025-05/Monthly_Bulletin_for_the_month_of_January_2018_0.pdf
2018,1,SSP Zincated (Granular),7824.14,https://fert.gov.in/sites/default/files/2025-05/Monthly_Bulletin_for_the_month_of_January_2018_0.pdf
2018,1,SSP Zincated (Powder),7289.49,https://fert.gov.in/sites/default/files/2025-05/Monthly_Bulletin_for_the_month_of_January_2018_0.pdf
2018,1,SSP-Boronated,7808.25,https://fert.gov.in/sites/default/files/2025-05/Monthly_Bulletin_for_the_month_of_January_2018_0.pdf
2018,1,SSP-Granular,7735.19,https://fert.gov.in/sites/default/files/2025-05/Monthly_Bulletin_for_the_month_of_January_2018_0.pdf
2018,1,SSP-Powdered,7255.79,https://fert.gov.in/sites/default/files/2025-05/Monthly_Bulletin_for_the_month_of_January_2018_0.pdf
2018,1,Urea,5360.0,https://fert.gov.in/sites/default/files/2025-05/Monthly_Bulletin_for_the_month_of_January_2018_0.pdf
2018,1,Zincated 20-20-0-13,18360.0,https://fert.gov.in/sites/default/files/2025-05/Monthly_Bulletin_for_the_month_of_January_2018_0.pdf
2018,1,Zincated DAP,22321.25,https://fert.gov.in/sites/default/files/2025-05/Monthly_Bulletin_for_the_month_of_January_2018_0.pdf
2018,2,10-26-26,22465.68,https://fert.gov.in/sites/default/files/2025-05/Monthly_Bulletin_for_the_month_of_February_2018_0.pdf
2018,2,12-32-16,22520.11,https://fert.gov.in/sites/default/files/2025-05/Monthly_Bulletin_for_the_month_of_February_2018_0.pdf
2018,2,14-35-14,24637.24,https://fert.gov.in/sites/default/files/2025-05/Monthly_Bulletin_for_the_month_of_February_2018_0.pdf
2018,2,15-15-15,19425.0,https://fert.gov.in/sites/default/files/2025-05/Monthly_Bulletin_for_the_month_of_February_2018_0.pdf
2018,2,16-20-0-13,17600.0,https://fert.gov.in/sites/default/files/2025-05/Monthly_Bulletin_for_the_month_of_February_2018_0.pdf
2018,2,17-17-17,20775.24,https://fert.gov.in/sites/default/files/2025-05/Monthly_Bulletin_for_the_month_of_February_2018_0.pdf
2018,2,19-19-19,22320.0,https://fert.gov.in/sites/default/files/2025-05/Monthly_Bulletin_for_the_month_of_February_2018_0.pdf
2018,2,20-20-0,16254.0,https://fert.gov.in/sites/default/files/2025-05/Monthly_Bulletin_for_the_month_of_February_2018_0.pdf
2018,2,20-20-0-13,18128.2,https://fert.gov.in/sites/default/files/2025-05/Monthly_Bulletin_for_the_month_of_February_2018_0.pdf
2018,2,24-24-0,21483.36,https://fert.gov.in/sites/default/files/2025-05/Monthly_Bulletin_for_the_month_of_February_2018_0.pdf
2018,2,24-24-0-8,20400.0,https://fert.gov.in/sites/default/files/2025-05/Monthly_Bulletin_for_the_month_of_February_2018_0.pdf
2018,2,28-28-0,24774.21,https://fert.gov.in/sites/default/files/2025-05/Monthly_Bulletin_for_the_month_of_February_2018_0.pdf
2018,2,Ammonium Sulphate,12020.4,https://fert.gov.in/sites/default/files/2025-05/Monthly_Bulletin_for_the_month_of_February_2018_0.pdf
2018,2,City Compost,4004.35,https://fert.gov.in/sites/default/files/2025-05/Monthly_Bulletin_for_the_month_of_February_2018_0.pdf
2018,2,DAP,23910.92,https://fert.gov.in/sites/default/files/2025-05/Monthly_Bulletin_for_the_month_of_February_2018_0.pdf
2018,2,Imported 10-26-26,21100.0,https://fert.gov.in/sites/default/files/2025-05/Monthly_Bulletin_for_the_month_of_February_2018_0.pdf
2018,2,Imported 15-15-15-9,17800.0,https://fert.gov.in/sites/default/files/2025-05/Monthly_Bulletin_for_the_month_of_February_2018_0.pdf
2018,2,Imported 16-16-16,17840.0,https://fert.gov.in/sites/default/files/2025-05/Monthly_Bulletin_for_the_month_of_February_2018_0.pdf
2018,2,Imported 20-20-0-13,17300.0,https://fert.gov.in/sites/default/files/2025-05/Monthly_Bulletin_for_the_month_of_February_2018_0.pdf
2018,2,Imported DAP,23267.33,https://fert.gov.in/sites/default/files/2025-05/Monthly_Bulletin_for_the_month_of_February_2018_0.pdf
2018,2,MOP,12360.39,https://fert.gov.in/sites/default/files/2025-05/Monthly_Bulletin_for_the_month_of_February_2018_0.pdf
2018,2,SSP Zincated (Granular),7648.09,https://fert.gov.in/sites/default/files/2025-05/Monthly_Bulletin_for_the_month_of_February_2018_0.pdf
2018,2,SSP Zincated (Powder),7227.47,https://fert.gov.in/sites/default/files/2025-05/Monthly_Bulletin_for_the_month_of_February_2018_0.pdf
2018,2,SSP-Boronated,7753.69,https://fert.gov.in/sites/default/files/2025-05/Monthly_Bulletin_for_the_month_of_February_2018_0.pdf
2018,2,SSP-Granular,7688.37,https://fert.gov.in/sites/default/files/2025-05/Monthly_Bulletin_for_the_month_of_February_2018_0.pdf
2018,2,SSP-Powdered,7219.18,https://fert.gov.in/sites/default/files/2025-05/Monthly_Bulletin_for_the_month_of_February_2018_0.pdf
2018,2,Urea,5360.0,https://fert.gov.in/sites/default/files/2025-05/Monthly_Bulletin_for_the_month_of_February_2018_0.pdf
2018,2,Zincated 20-20-0-13,18360.0,https://fert.gov.in/sites/default/files/2025-05/Monthly_Bulletin_for_the_month_of_February_2018_0.pdf
2018,2,Zincated DAP,24800.0,https://fert.gov.in/sites/default/files/2025-05/Monthly_Bulletin_for_the_month_of_February_2018_0.pdf
2018,3,10-26-26,23151.66,https://fert.gov.in/sites/default/files/2025-05/Monthly_Bulletin_for_the_month_of_March_2018_0.pdf
2018,3,12-32-16,22895.64,https://fert.gov.in/sites/default/files/2025-05/Monthly_Bulletin_for_the_month_of_March_2018_0.pdf
2018,3,14-35-14,24800.0,https://fert.gov.in/sites/default/files/2025-05/Monthly_Bulletin_for_the_month_of_March_2018_0.pdf
2018,3,15-15-15,19425.0,https://fert.gov.in/sites/default/files/2025-05/Monthly_Bulletin_for_the_month_of_March_2018_0.pdf
2018,3,16-20-0-13,17600.0,https://fert.gov.in/sites/default/files/2025-05/Monthly_Bulletin_for_the_month_of_March_2018_0.pdf
2018,3,17-17-17,21195.62,https://fert.gov.in/sites/default/files/2025-05/Monthly_Bulletin_for_the_month_of_March_2018_0.pdf
2018,3,19-19-19,22800.0,https://fert.gov.in/sites/default/files/2025-05/Monthly_Bulletin_for_the_month_of_March_2018_0.pdf
2018,3,20-20-0,17300.0,https://fert.gov.in/sites/default/files/2025-05/Monthly_Bulletin_for_the_month_of_March_2018_0.pdf
2018,3,20-20-0-13,18375.54,https://fert.gov.in/sites/default/files/2025-05/Monthly_Bulletin_for_the_month_of_March_2018_0.pdf
2018,3,24-24-0,22189.8,https://fert.gov.in/sites/default/files/2025-05/Monthly_Bulletin_for_the_month_of_March_2018_0.pdf
2018,3,24-24-0-8,20400.0,https://fert.gov.in/sites/default/files/2025-05/Monthly_Bulletin_for_the_month_of_March_2018_0.pdf
2018,3,28-28-0,24787.58,https://fert.gov.in/sites/default/files/2025-05/Monthly_Bulletin_for_the_month_of_March_2018_0.pdf
2018,3,Ammonium Sulphate,12020.4,https://fert.gov.in/sites/default/files/2025-05/Monthly_Bulletin_for_the_month_of_March_2018_0.pdf
2018,3,City Compost,4078.32,https://fert.gov.in/sites/default/files/2025-05/Monthly_Bulletin_for_the_month_of_March_2018_0.pdf
2018,3,DAP,24177.65,https://fert.gov.in/sites/default/files/2025-05/Monthly_Bulletin_for_the_month_of_March_2018_0.pdf
2018,3,Imported 10-26-26,21151.31,https://fert.gov.in/sites/default/files/2025-05/Monthly_Bulletin_for_the_month_of_March_2018_0.pdf
2018,3,Imported 15-15-15-9,18400.0,https://fert.gov.in/sites/default/files/2025-05/Monthly_Bulletin_for_the_month_of_March_2018_0.pdf
2018,3,Imported 16-16-16,18600.0,https://fert.gov.in/sites/default/files/2025-05/Monthly_Bulletin_for_the_month_of_March_2018_0.pdf
2018,3,Imported 20-20-0-13,18600.0,https://fert.gov.in/sites/default/files/2025-05/Monthly_Bulletin_for_the_month_of_March_2018_0.pdf
2018,3,Imported DAP,23204.07,https://fert.gov.in/sites/default/files/2025-05/Monthly_Bulletin_for_the_month_of_March_2018_0.pdf
2018,3,MOP,12281.57,https://fert.gov.in/sites/default/files/2025-05/Monthly_Bulletin_for_the_month_of_March_2018_0.pdf
2018,3,SSP Zincated (Granular),7675.02,https://fert.gov.in/sites/default/files/2025-05/Monthly_Bulletin_for_the_month_of_March_2018_0.pdf
2018,3,SSP Zincated (Powder),7270.69,https://fert.gov.in/sites/default/files/2025-05/Monthly_Bulletin_for_the_month_of_March_2018_0.pdf
2018,3,SSP-Boronated,7823.87,https://fert.gov.in/sites/default/files/2025-05/Monthly_Bulletin_for_the_month_of_March_2018_0.pdf
2018,3,SSP-Granular,7775.22,https://fert.gov.in/sites/default/files/2025-05/Monthly_Bulletin_for_the_month_of_March_2018_0.pdf
2018,3,SSP-Powdered,7218.41,https://fert.gov.in/sites/default/files/2025-05/Monthly_Bulletin_for_the_month_of_March_2018_0.pdf
2018,3,Urea,5360.0,https://fert.gov.in/sites/default/files/2025-05/Monthly_Bulletin_for_the_month_of_March_2018_0.pdf
2018,3,Zincated 20-20-0-13,18360.0,https://fert.gov.in/sites/default/files/2025-05/Monthly_Bulletin_for_the_month_of_March_2018_0.pdf
2018,4,10-26-26,23129.04,https://fert.gov.in/sites/default/files/2025-05/Monthly_Bulletin_for_the_month_of_April_2018_0.pdf
2018,4,12-32-16,22949.16,https://fert.gov.in/sites/default/files/2025-05/Monthly_Bulletin_for_the_month_of_April_2018_0.pdf
2018,4,14-35-14,24800.0,https://fert.gov.in/sites/default/files/2025-05/Monthly_Bulletin_for_the_month_of_April_2018_0.pdf
2018,4,15-15-15,19425.0,https://fert.gov.in/sites/default/files/2025-05/Monthly_Bulletin_for_the_month_of_April_2018_0.pdf
2018,4,16-20-0-13,17600.0,https://fert.gov.in/sites/default/files/2025-05/Monthly_Bulletin_for_the_month_of_April_2018_0.pdf
2018,4,17-17-17,21300.0,https://fert.gov.in/sites/default/files/2025-05/Monthly_Bulletin_for_the_month_of_April_2018_0.pdf
2018,4,19-19-19,22800.0,https://fert.gov.in/sites/default/files/2025-05/Monthly_Bulletin_for_the_month_of_April_2018_0.pdf
2018,4,20-20-0,17300.0,https://fert.gov.in/sites/default/files/2025-05/Monthly_Bulletin_for_the_month_of_April_2018_0.pdf
2018,4,20-20-0-13,18542.73,https://fert.gov.in/sites/default/files/2025-05/Monthly_Bulletin_for_the_month_of_April_2018_0.pdf
2018,4,24-24-0,22200.0,https://fert.gov.in/sites/default/files/2025-05/Monthly_Bulletin_for_the_month_of_April_2018_0.pdf
2018,4,24-24-0-8,20400.0,https://fert.gov.in/sites/default/files/2025-05/Monthly_Bulletin_for_the_month_of_April_2018_0.pdf
2018,4,28-28-0,24800.0,https://fert.gov.in/sites/default/files/2025-05/Monthly_Bulletin_for_the_month_of_April_2018_0.pdf
2018,4,Ammonium Sulphate,12020.4,https://fert.gov.in/sites/default/files/2025-05/Monthly_Bulletin_for_the_month_of_April_2018_0.pdf
2018,4,City Compost,4179.63,https://fert.gov.in/sites/default/files/2025-05/Monthly_Bulletin_for_the_month_of_April_2018_0.pdf
2018,4,DAP,24297.12,https://fert.gov.in/sites/default/files/2025-05/Monthly_Bulletin_for_the_month_of_April_2018_0.pdf
2018,4,Imported 10-26-26,21920.42,https://fert.gov.in/sites/default/files/2025-05/Monthly_Bulletin_for_the_month_of_April_2018_0.pdf
2018,4,Imported 15-15-15-9,18400.0,https://fert.gov.in/sites/default/files/2025-05/Monthly_Bulletin_for_the_month_of_April_2018_0.pdf
2018,4,Imported 16-16-16,18793.33,https://fert.gov.in/sites/default/files/2025-05/Monthly_Bulletin_for_the_month_of_April_2018_0.pdf
2018,4,Imported 20-20-0-13,18548.18,https://fert.gov.in/sites/default/files/2025-05/Monthly_Bulletin_for_the_month_of_April_2018_0.pdf
2018,4,Imported DAP,23567.03,https://fert.gov.in/sites/default/files/2025-05/Monthly_Bulletin_for_the_month_of_April_2018_0.pdf
2018,4,MOP,13114.96,https://fert.gov.in/sites/default/files/2025-05/Monthly_Bulletin_for_the_month_of_April_2018_0.pdf
2018,4,SSP Zincated (Granular),7807.23,https://fert.gov.in/sites/default/files/2025-05/Monthly_Bulletin_for_the_month_of_April_2018_0.pdf
2018,4,SSP Zincated (Powder),7533.68,https://fert.gov.in/sites/default/files/2025-05/Monthly_Bulletin_for_the_month_of_April_2018_0.pdf
2018,4,SSP-Boronated,8086.61,https://fert.gov.in/sites/default/files/2025-05/Monthly_Bulletin_for_the_month_of_April_2018_0.pdf
2018,4,SSP-Granular,7831.99,https://fert.gov.in/sites/default/files/2025-05/Monthly_Bulletin_for_the_month_of_April_2018_0.pdf
2018,4,SSP-Powdered,7327.63,https://fert.gov.in/sites/default/files/2025-05/Monthly_Bulletin_for_the_month_of_April_2018_0.pdf
2018,4,Urea,5360.0,https://fert.gov.in/sites/default/files/2025-05/Monthly_Bulletin_for_the_month_of_April_2018_0.pdf
2018,4,Zincated 20-20-0-13,19288.0,https://fert.gov.in/sites/default/files/2025-05/Monthly_Bulletin_for_the_month_of_April_2018_0.pdf
2018,4,Zincated DAP,24800.0,https://fert.gov.in/sites/default/files/2025-05/Monthly_Bulletin_for_the_month_of_April_2018_0.pdf
2018,5,10-26-26,23301.33,https://fert.gov.in/sites/default/files/2025-05/Monthly_Bulletin_for_the_month_of_May_2018_0.pdf
2018,5,12-32-16,23344.96,https://fert.gov.in/sites/default/files/2025-05/Monthly_Bulletin_for_the_month_of_May_2018_0.pdf
2018,5,14-35-14,25140.0,https://fert.gov.in/sites/default/files/2025-05/Monthly_Bulletin_for_the_month_of_May_2018_0.pdf
2018,5,15-15-15,19425.0,https://fert.gov.in/sites/default/files/2025-05/Monthly_Bulletin_for_the_month_of_May_2018_0.pdf
2018,5,16-20-0-13,17890.32,https://fert.gov.in/sites/default/files/2025-05/Monthly_Bulletin_for_the_month_of_May_2018_0.pdf
2018,5,17-17-17,21300.0,https://fert.gov.in/sites/default/files/2025-05/Monthly_Bulletin_for_the_month_of_May_2018_0.pdf
2018,5,19-19-19,22666.43,https://fert.gov.in/sites/default/files/2025-05/Monthly_Bulletin_for_the_month_of_May_2018_0.pdf
2018,5,20-20-0,17300.0,https://fert.gov.in/sites/default/files/2025-05/Monthly_Bulletin_for_the_month_of_May_2018_0.pdf
2018,5,20-20-0-13,18722.31,https://fert.gov.in/sites/default/files/2025-05/Monthly_Bulletin_for_the_month_of_May_2018_0.pdf
2018,5,24-24-0,22535.48,https://fert.gov.in/sites/default/files/2025-05/Monthly_Bulletin_for_the_month_of_May_2018_0.pdf
2018,5,24-24-0-8,21514.84,https://fert.gov.in/sites/default/files/2025-05/Monthly_Bulletin_for_the_month_of_May_2018_0.pdf
2018,5,28-28-0,25080.6,https://fert.gov.in/sites/default/files/2025-05/Monthly_Bulletin_for_the_month_of_May_2018_0.pdf
2018,5,Ammonium Sulphate,11972.8,https://fert.gov.in/sites/default/files/2025-05/Monthly_Bulletin_for_the_month_of_May_2018_0.pdf
2018,5,City Compost,4013.13,https://fert.gov.in/sites/default/files/2025-05/Monthly_Bulletin_for_the_month_of_May_2018_0.pdf
2018,5,DAP,24731.28,https://fert.gov.in/sites/default/files/2025-05/Monthly_Bulletin_for_the_month_of_May_2018_0.pdf
2018,5,Imported 10-26-26,22888.52,https://fert.gov.in/sites/default/files/2025-05/Monthly_Bulletin_for_the_month_of_May_2018_0.pdf
2018,5,Imported 15-15-15-9,18400.0,https://fert.gov.in/sites/default/files/2025-05/Monthly_Bulletin_for_the_month_of_May_2018_0.pdf
2018,5,Imported 16-16-16,18800.0,https://fert.gov.in/sites/default/files/2025-05/Monthly_Bulletin_for_the_month_of_May_2018_0.pdf
2018,5,Imported 20-20-0-13,18460.7,https://fert.gov.in/sites/default/files/2025-05/Monthly_Bulletin_for_the_month_of_May_2018_0.pdf
2018,5,Imported DAP,24525.27,https://fert.gov.in/sites/default/files/2025-05/Monthly_Bulletin_for_the_month_of_May_2018_0.pdf
2018,5,MOP,13542.68,https://fert.gov.in/sites/default/files/2025-05/Monthly_Bulletin_for_the_month_of_May_2018_0.pdf
2018,5,SSP Zincated (Granular),7776.77,https://fert.gov.in/sites/default/files/2025-05/Monthly_Bulletin_for_the_month_of_May_2018_0.pdf
2018,5,SSP Zincated (Powder),7379.13,https://fert.gov.in/sites/default/files/2025-05/Monthly_Bulletin_for_the_month_of_May_2018_0.pdf
2018,5,SSP-Boronated,7956.15,https://fert.gov.in/sites/default/files/2025-05/Monthly_Bulletin_for_the_month_of_May_2018_0.pdf
2018,5,SSP-Granular,7761.56,https://fert.gov.in/sites/default/files/2025-05/Monthly_Bulletin_for_the_month_of_May_2018_0.pdf
2018,5,SSP-Powdered,7258.98,https://fert.gov.in/sites/default/files/2025-05/Monthly_Bulletin_for_the_month_of_May_2018_0.pdf
2018,5,Urea,5360.0,https://fert.gov.in/sites/default/files/2025-05/Monthly_Bulletin_for_the_month_of_May_2018_0.pdf
2018,5,Zincated 20-20-0-13,19320.0,https://fert.gov.in/sites/default/files/2025-05/Monthly_Bulletin_for_the_month_of_May_2018_0.pdf
2018,5,Zincated DAP,25069.23,https://fert.gov.in/sites/default/files/2025-05/Monthly_Bulletin_for_the_month_of_May_2018_0.pdf
2018,6,10-26-26,23550.26,https://fert.gov.in/sites/default/files/2025-05/Monthly_bulletin_for_the_month_of_June_2018.pdf
2018,6,12-32-16,23733.78,https://fert.gov.in/sites/default/files/2025-05/Monthly_bulletin_for_the_month_of_June_2018.pdf
2018,6,14-35-14,25500.0,https://fert.gov.in/sites/default/files/2025-05/Monthly_bulletin_for_the_month_of_June_2018.pdf
2018,6,15-15-15,19425.0,https://fert.gov.in/sites/default/files/2025-05/Monthly_bulletin_for_the_month_of_June_2018.pdf
2018,6,16-20-0-13,18100.0,https://fert.gov.in/sites/default/files/2025-05/Monthly_bulletin_for_the_month_of_June_2018.pdf
2018,6,17-17-17,21300.0,https://fert.gov.in/sites/default/files/2025-05/Monthly_bulletin_for_the_month_of_June_2018.pdf
2018,6,19-19-19,23514.0,https://fert.gov.in/sites/default/files/2025-05/Monthly_bulletin_for_the_month_of_June_2018.pdf
2018,6,20-20-0,17300.0,https://fert.gov.in/sites/default/files/2025-05/Monthly_bulletin_for_the_month_of_June_2018.pdf
2018,6,20-20-0-13,18980.42,https://fert.gov.in/sites/default/files/2025-05/Monthly_bulletin_for_the_month_of_June_2018.pdf
2018,6,24-24-0,22786.67,https://fert.gov.in/sites/default/files/2025-05/Monthly_bulletin_for_the_month_of_June_2018.pdf
2018,6,24-24-0-8,23100.0,https://fert.gov.in/sites/default/files/2025-05/Monthly_bulletin_for_the_month_of_June_2018.pdf
2018,6,28-28-0,25500.0,https://fert.gov.in/sites/default/files/2025-05/Monthly_bulletin_for_the_month_of_June_2018.pdf
2018,6,Ammonium Sulphate,11958.33,https://fert.gov.in/sites/default/files/2025-05/Monthly_bulletin_for_the_month_of_June_2018.pdf
2018,6,City Compost,3933.14,https://fert.gov.in/sites/default/files/2025-05/Monthly_bulletin_for_the_month_of_June_2018.pdf
2018,6,DAP,25449.68,https://fert.gov.in/sites/default/files/2025-05/Monthly_bulletin_for_the_month_of_June_2018.pdf
2018,6,Imported 10-26-26,23250.62,https://fert.gov.in/sites/default/files/2025-05/Monthly_bulletin_for_the_month_of_June_2018.pdf
2018,6,Imported 15-15-15-9,18400.0,https://fert.gov.in/sites/default/files/2025-05/Monthly_bulletin_for_the_month_of_June_2018.pdf
2018,6,Imported 16-16-16,18800.0,https://fert.gov.in/sites/default/files/2025-05/Monthly_bulletin_for_the_month_of_June_2018.pdf
2018,6,Imported 20-20-0-13,18524.69,https://fert.gov.in/sites/default/files/2025-05/Monthly_bulletin_for_the_month_of_June_2018.pdf
2018,6,Imported DAP,25164.02,https://fert.gov.in/sites/default/files/2025-05/Monthly_bulletin_for_the_month_of_June_2018.pdf
2018,6,MOP,13687.0,https://fert.gov.in/sites/default/files/2025-05/Monthly_bulletin_for_the_month_of_June_2018.pdf
2018,6,SSP Zincated (Granular),7788.24,https://fert.gov.in/sites/default/files/2025-05/Monthly_bulletin_for_the_month_of_June_2018.pdf
2018,6,SSP Zincated (Powder),7363.5,https://fert.gov.in/sites/default/files/2025-05/Monthly_bulletin_for_the_month_of_June_2018.pdf
2018,6,SSP-Boronated,7862.31,https://fert.gov.in/sites/default/files/2025-05/Monthly_bulletin_for_the_month_of_June_2018.pdf
2018,6,SSP-Granular,7775.29,https://fert.gov.in/sites/default/files/2025-05/Monthly_bulletin_for_the_month_of_June_2018.pdf
2018,6,SSP-Powdered,7308.37,https://fert.gov.in/sites/default/files/2025-05/Monthly_bulletin_for_the_month_of_June_2018.pdf
2018,6,Urea,5360.0,https://fert.gov.in/sites/default/files/2025-05/Monthly_bulletin_for_the_month_of_June_2018.pdf
2018,6,Zincated 20-20-0-13,19320.0,https://fert.gov.in/sites/default/files/2025-05/Monthly_bulletin_for_the_month_of_June_2018.pdf
2018,6,Zincated DAP,25500.0,https://fert.gov.in/sites/default/files/2025-05/Monthly_bulletin_for_the_month_of_June_2018.pdf
2018,7,10-26-26,23646.84,https://fert.gov.in/sites/default/files/2025-05/Monthly_bulletin_month_of_July_2018.pdf
2018,7,12-32-16,23997.68,https://fert.gov.in/sites/default/files/2025-05/Monthly_bulletin_month_of_July_2018.pdf
2018,7,14-35-14,25500.0,https://fert.gov.in/sites/default/files/2025-05/Monthly_bulletin_month_of_July_2018.pdf
2018,7,15-15-15,27153.42,https://fert.gov.in/sites/default/files/2025-05/Monthly_bulletin_month_of_July_2018.pdf
2018,7,16-20-0-13,18100.0,https://fert.gov.in/sites/default/files/2025-05/Monthly_bulletin_month_of_July_2018.pdf
2018,7,17-17-17,21300.0,https://fert.gov.in/sites/default/files/2025-05/Monthly_bulletin_month_of_July_2018.pdf
2018,7,19-19-19,23560.0,https://fert.gov.in/sites/default/files/2025-05/Monthly_bulletin_month_of_July_2018.pdf
2018,7,20-20-0,17300.0,https://fert.gov.in/sites/default/files/2025-05/Monthly_bulletin_month_of_July_2018.pdf
2018,7,20-20-0-13,19058.78,https://fert.gov.in/sites/default/files/2025-05/Monthly_bulletin_month_of_July_2018.pdf
2018,7,20-20-0-13(UAP),20140.0,https://fert.gov.in/sites/default/files/2025-05/Monthly_bulletin_month_of_July_2018.pdf
2018,7,24-24-0,23245.16,https://fert.gov.in/sites/default/files/2025-05/Monthly_bulletin_month_of_July_2018.pdf
2018,7,24-24-0-8,23100.0,https://fert.gov.in/sites/default/files/2025-05/Monthly_bulletin_month_of_July_2018.pdf
2018,7,28-28-0,25500.0,https://fert.gov.in/sites/default/files/2025-05/Monthly_bulletin_month_of_July_2018.pdf
2018,7,Ammonium Sulphate,12020.4,https://fert.gov.in/sites/default/files/2025-05/Monthly_bulletin_month_of_July_2018.pdf
2018,7,City Compost,4001.93,https://fert.gov.in/sites/default/files/2025-05/Monthly_bulletin_month_of_July_2018.pdf
2018,7,DAP,25706.15,https://fert.gov.in/sites/default/files/2025-05/Monthly_bulletin_month_of_July_2018.pdf
2018,7,Imported 10-26-26,23212.1,https://fert.gov.in/sites/default/files/2025-05/Monthly_bulletin_month_of_July_2018.pdf
2018,7,Imported 12-32-16,22855.56,https://fert.gov.in/sites/default/files/2025-05/Monthly_bulletin_month_of_July_2018.pdf
2018,7,Imported 15-15-15-9,18400.0,https://fert.gov.in/sites/default/files/2025-05/Monthly_bulletin_month_of_July_2018.pdf
2018,7,Imported 16-16-16,19500.0,https://fert.gov.in/sites/default/files/2025-05/Monthly_bulletin_month_of_July_2018.pdf
2018,7,Imported 20-20-0-13,18701.38,https://fert.gov.in/sites/default/files/2025-05/Monthly_bulletin_month_of_July_2018.pdf
2018,7,Imported DAP,25414.29,https://fert.gov.in/sites/default/files/2025-05/Monthly_bulletin_month_of_July_2018.pdf
2018,7,MOP,13790.74,https://fert.gov.in/sites/default/files/2025-05/Monthly_bulletin_month_of_July_2018.pdf
2018,7,SSP Zincated (Granular),7699.76,https://fert.gov.in/sites/default/files/2025-05/Monthly_bulletin_month_of_July_2018.pdf
2018,7,SSP Zincated (Powder),7392.25,https://fert.gov.in/sites/default/files/2025-05/Monthly_bulletin_month_of_July_2018.pdf
2018,7,SSP-Boronated,7898.38,https://fert.gov.in/sites/default/files/2025-05/Monthly_bulletin_month_of_July_2018.pdf
2018,7,SSP-Granular,7889.54,https://fert.gov.in/sites/default/files/2025-05/Monthly_bulletin_month_of_July_2018.pdf
2018,7,SSP-Powdered,7416.6,https://fert.gov.in/sites/default/files/2025-05/Monthly_bulletin_month_of_July_2018.pdf
2018,7,Urea,5360.0,https://fert.gov.in/sites/default/files/2025-05/Monthly_bulletin_month_of_July_2018.pdf
2018,7,Zincated 20-20-0-13,19085.16,https://fert.gov.in/sites/default/files/2025-05/Monthly_bulletin_month_of_July_2018.pdf
2018,8,10-26-26,23852.618,https://fert.gov.in/sites/default/files/2025-05/Monthl_Bulletin_month_of_August_2018.pdf
2018,8,12-32-16,24316.436,https://fert.gov.in/sites/default/files/2025-05/Monthl_Bulletin_month_of_August_2018.pdf
2018,8,14-35-14,25919.178,https://fert.gov.in/sites/default/files/2025-05/Monthl_Bulletin_month_of_August_2018.pdf
2018,8,15-15-15,19425.0,https://fert.gov.in/sites/default/files/2025-05/Monthl_Bulletin_month_of_August_2018.pdf
2018,8,16-20-0-13,18330.631,https://fert.gov.in/sites/default/files/2025-05/Monthl_Bulletin_month_of_August_2018.pdf
2018,8,17-17-17,21300.0,https://fert.gov.in/sites/default/files/2025-05/Monthl_Bulletin_month_of_August_2018.pdf
2018,8,19-19-19,23560.0,https://fert.gov.in/sites/default/files/2025-05/Monthl_Bulletin_month_of_August_2018.pdf
2018,8,20-20-0,17300.0,https://fert.gov.in/sites/default/files/2025-05/Monthl_Bulletin_month_of_August_2018.pdf
2018,8,20-20-0-13,19213.33,https://fert.gov.in/sites/default/files/2025-05/Monthl_Bulletin_month_of_August_2018.pdf
2018,8,20-20-0-13(UAP),20140.0,https://fert.gov.in/sites/default/files/2025-05/Monthl_Bulletin_month_of_August_2018.pdf
2018,8,24-24-0,23709.677,https://fert.gov.in/sites/default/files/2025-05/Monthl_Bulletin_month_of_August_2018.pdf
2018,8,24-24-0-8,23100.0,https://fert.gov.in/sites/default/files/2025-05/Monthl_Bulletin_month_of_August_2018.pdf
2018,8,28-28-0,25685.0,https://fert.gov.in/sites/default/files/2025-05/Monthl_Bulletin_month_of_August_2018.pdf
2018,8,Ammonium Sulphate,11922.05,https://fert.gov.in/sites/default/files/2025-05/Monthl_Bulletin_month_of_August_2018.pdf
2018,8,City Compost,4043.218,https://fert.gov.in/sites/default/files/2025-05/Monthl_Bulletin_month_of_August_2018.pdf
2018,8,DAP,26069.493,https://fert.gov.in/sites/default/files/2025-05/Monthl_Bulletin_month_of_August_2018.pdf
2018,8,Imported 10-26-26,23292.299,https://fert.gov.in/sites/default/files/2025-05/Monthl_Bulletin_month_of_August_2018.pdf
2018,8,Imported 12-32-16,22973.171,https://fert.gov.in/sites/default/files/2025-05/Monthl_Bulletin_month_of_August_2018.pdf
2018,8,Imported 15-15-15-9,18400.0,https://fert.gov.in/sites/default/files/2025-05/Monthl_Bulletin_month_of_August_2018.pdf
2018,8,Imported 16-16-16,19800.0,https://fert.gov.in/sites/default/files/2025-05/Monthl_Bulletin_month_of_August_2018.pdf
2018,8,Imported 20-20-0,25800.0,https://fert.gov.in/sites/default/files/2025-05/Monthl_Bulletin_month_of_August_2018.pdf
2018,8,Imported 20-20-0-13,18846.486,https://fert.gov.in/sites/default/files/2025-05/Monthl_Bulletin_month_of_August_2018.pdf
2018,8,Imported DAP,25854.241,https://fert.gov.in/sites/default/files/2025-05/Monthl_Bulletin_month_of_August_2018.pdf
2018,8,MOP,13911.342,https://fert.gov.in/sites/default/files/2025-05/Monthl_Bulletin_month_of_August_2018.pdf
2018,8,SSP Zincated (Granular),7677.338,https://fert.gov.in/sites/default/files/2025-05/Monthl_Bulletin_month_of_August_2018.pdf
2018,8,SSP Zincated (Powder),7438.204,https://fert.gov.in/sites/default/files/2025-05/Monthl_Bulletin_month_of_August_2018.pdf
2018,8,SSP-Boronated,7934.798,https://fert.gov.in/sites/default/files/2025-05/Monthl_Bulletin_month_of_August_2018.pdf
2018,8,SSP-Granular,7941.343,https://fert.gov.in/sites/default/files/2025-05/Monthl_Bulletin_month_of_August_2018.pdf
2018,8,SSP-Powdered,7448.14,https://fert.gov.in/sites/default/files/2025-05/Monthl_Bulletin_month_of_August_2018.pdf
2018,8,Urea,5360.0,https://fert.gov.in/sites/default/files/2025-05/Monthl_Bulletin_month_of_August_2018.pdf
2018,8,Zincated 20-20-0-13,18800.0,https://fert.gov.in/sites/default/files/2025-05/Monthl_Bulletin_month_of_August_2018.pdf
2018,8,Zincated DAP,27100.0,https://fert.gov.in/sites/default/files/2025-05/Monthl_Bulletin_month_of_August_2018.pdf
2018,9,10-26-26,24804.085,https://fert.gov.in/sites/default/files/2025-05/Monthl_Bulletin_month_of_September_2018.pdf
2018,9,12-32-16,24995.236,https://fert.gov.in/sites/default/files/2025-05/Monthl_Bulletin_month_of_September_2018.pdf
2018,9,14-35-14,26190.417,https://fert.gov.in/sites/default/files/2025-05/Monthl_Bulletin_month_of_September_2018.pdf
2018,9,15-15-15,19425.0,https://fert.gov.in/sites/default/files/2025-05/Monthl_Bulletin_month_of_September_2018.pdf
2018,9,16-20-0-13,18900.0,https://fert.gov.in/sites/default/files/2025-05/Monthl_Bulletin_month_of_September_2018.pdf
2018,9,17-17-17,21300.0,https://fert.gov.in/sites/default/files/2025-05/Monthl_Bulletin_month_of_September_2018.pdf
2018,9,20-20-0,17666.667,https://fert.gov.in/sites/default/files/2025-05/Monthl_Bulletin_month_of_September_2018.pdf
2018,9,20-20-0-13,19690.557,https://fert.gov.in/sites/default/files/2025-05/Monthl_Bulletin_month_of_September_2018.pdf
2018,9,20-20-0-13(UAP),20900.0,https://fert.gov.in/sites/default/files/2025-05/Monthl_Bulletin_month_of_September_2018.pdf
2018,9,24-24-0,24948.276,https://fert.gov.in/sites/default/files/2025-05/Monthl_Bulletin_month_of_September_2018.pdf
2018,9,24-24-0-8,24094.118,https://fert.gov.in/sites/default/files/2025-05/Monthl_Bulletin_month_of_September_2018.pdf
2018,9,28-28-0,26595.0,https://fert.gov.in/sites/default/files/2025-05/Monthl_Bulletin_month_of_September_2018.pdf
2018,9,Ammonium Sulphate,12020.4,https://fert.gov.in/sites/default/files/2025-05/Monthl_Bulletin_month_of_September_2018.pdf
2018,9,City Compost,4176.548,https://fert.gov.in/sites/default/files/2025-05/Monthl_Bulletin_month_of_September_2018.pdf
2018,9,DAP,26721.37,https://fert.gov.in/sites/default/files/2025-05/Monthl_Bulletin_month_of_September_2018.pdf
2018,9,Imported 10-26-26,24013.81,https://fert.gov.in/sites/default/files/2025-05/Monthl_Bulletin_month_of_September_2018.pdf
2018,9,Imported 12-32-16,24921.622,https://fert.gov.in/sites/default/files/2025-05/Monthl_Bulletin_month_of_September_2018.pdf
2018,9,Imported 15-15-15-9,18400.0,https://fert.gov.in/sites/default/files/2025-05/Monthl_Bulletin_month_of_September_2018.pdf
2018,9,Imported 16-16-16,19800.0,https://fert.gov.in/sites/default/files/2025-05/Monthl_Bulletin_month_of_September_2018.pdf
2018,9,Imported 20-20-0-13,19238.966,https://fert.gov.in/sites/default/files/2025-05/Monthl_Bulletin_month_of_September_2018.pdf
2018,9,Imported DAP,26164.793,https://fert.gov.in/sites/default/files/2025-05/Monthl_Bulletin_month_of_September_2018.pdf
2018,9,MOP,14822.61,https://fert.gov.in/sites/default/files/2025-05/Monthl_Bulletin_month_of_September_2018.pdf
2018,9,Neem Coated Urea(45 Kg),19425.0,https://fert.gov.in/sites/default/files/2025-05/Monthl_Bulletin_month_of_September_2018.pdf
2018,9,SSP Zincated (Granular),7682.844,https://fert.gov.in/sites/default/files/2025-05/Monthl_Bulletin_month_of_September_2018.pdf
2018,9,SSP Zincated (Powder),7479.268,https://fert.gov.in/sites/default/files/2025-05/Monthl_Bulletin_month_of_September_2018.pdf
2018,9,SSP-Boronated,8022.939,https://fert.gov.in/sites/default/files/2025-05/Monthl_Bulletin_month_of_September_2018.pdf
2018,9,SSP-Granular,7905.624,https://fert.gov.in/sites/default/files/2025-05/Monthl_Bulletin_month_of_September_2018.pdf
2018,9,SSP-Powdered,7477.933,https://fert.gov.in/sites/default/files/2025-05/Monthl_Bulletin_month_of_September_2018.pdf
2018,9,Urea,5360.0,https://fert.gov.in/sites/default/files/2025-05/Monthl_Bulletin_month_of_September_2018.pdf
2018,9,Zincated 20-20-0-13,18800.0,https://fert.gov.in/sites/default/files/2025-05/Monthl_Bulletin_month_of_September_2018.pdf
2018,10,10-26-26,26529.557,https://fert.gov.in/sites/default/files/2025-05/Monthl_Bulletin_month_of_Oct_2018.pdf
2018,10,12-32-16,26909.032,https://fert.gov.in/sites/default/files/2025-05/Monthl_Bulletin_month_of_Oct_2018.pdf
2018,10,14-35-14,26702.857,https://fert.gov.in/sites/default/files/2025-05/Monthl_Bulletin_month_of_Oct_2018.pdf
2018,10,15-15-15,19676.333,https://fert.gov.in/sites/default/files/2025-05/Monthl_Bulletin_month_of_Oct_2018.pdf
2018,10,16-20-0-13,20438.462,https://fert.gov.in/sites/default/files/2025-05/Monthl_Bulletin_month_of_Oct_2018.pdf
2018,10,17-17-17,21300.0,https://fert.gov.in/sites/default/files/2025-05/Monthl_Bulletin_month_of_Oct_2018.pdf
2018,10,20-20-0,17800.0,https://fert.gov.in/sites/default/files/2025-05/Monthl_Bulletin_month_of_Oct_2018.pdf
2018,10,20-20-0-13,20540.845,https://fert.gov.in/sites/default/files/2025-05/Monthl_Bulletin_month_of_Oct_2018.pdf
2018,10,20-20-0-13(UAP),21963.333,https://fert.gov.in/sites/default/files/2025-05/Monthl_Bulletin_month_of_Oct_2018.pdf
2018,10,24-24-0,26050.0,https://fert.gov.in/sites/default/files/2025-05/Monthl_Bulletin_month_of_Oct_2018.pdf
2018,10,24-24-0-8,25550.0,https://fert.gov.in/sites/default/files/2025-05/Monthl_Bulletin_month_of_Oct_2018.pdf
2018,10,28-28-0,28437.559,https://fert.gov.in/sites/default/files/2025-05/Monthl_Bulletin_month_of_Oct_2018.pdf
2018,10,Ammonium Sulphate,12008.387,https://fert.gov.in/sites/default/files/2025-05/Monthl_Bulletin_month_of_Oct_2018.pdf
2018,10,City Compost,4227.985,https://fert.gov.in/sites/default/files/2025-05/Monthl_Bulletin_month_of_Oct_2018.pdf
2018,10,DAP,27969.448,https://fert.gov.in/sites/default/files/2025-05/Monthl_Bulletin_month_of_Oct_2018.pdf
2018,10,Imported 10-26-26,26514.743,https://fert.gov.in/sites/default/files/2025-05/Monthl_Bulletin_month_of_Oct_2018.pdf
2018,10,Imported 12-32-16,25847.059,https://fert.gov.in/sites/default/files/2025-05/Monthl_Bulletin_month_of_Oct_2018.pdf
2018,10,Imported 15-15-15-9,18400.0,https://fert.gov.in/sites/default/files/2025-05/Monthl_Bulletin_month_of_Oct_2018.pdf
2018,10,Imported 16-16-16,19800.0,https://fert.gov.in/sites/default/files/2025-05/Monthl_Bulletin_month_of_Oct_2018.pdf
2018,10,Imported 20-20-0-13,19683.212,https://fert.gov.in/sites/default/files/2025-05/Monthl_Bulletin_month_of_Oct_2018.pdf
2018,10,Imported DAP,27329.788,https://fert.gov.in/sites/default/files/2025-05/Monthl_Bulletin_month_of_Oct_2018.pdf
2018,10,MOP,17898.629,https://fert.gov.in/sites/default/files/2025-05/Monthl_Bulletin_month_of_Oct_2018.pdf
2018,10,SSP-Boronated,7950.676,https://fert.gov.in/sites/default/files/2025-05/Monthl_Bulletin_month_of_Oct_2018.pdf
2018,10,SSP-Granular,7935.354,https://fert.gov.in/sites/default/files/2025-05/Monthl_Bulletin_month_of_Oct_2018.pdf
2018,10,SSP-Powdered,7500.346,https://fert.gov.in/sites/default/files/2025-05/Monthl_Bulletin_month_of_Oct_2018.pdf
2018,10,SSP-Zincated (Granular),7735.997,https://fert.gov.in/sites/default/files/2025-05/Monthl_Bulletin_month_of_Oct_2018.pdf
2018,10,SSP-Zincated (Powder),7352.766,https://fert.gov.in/sites/default/files/2025-05/Monthl_Bulletin_month_of_Oct_2018.pdf
2018,10,SSP-Zincated-Boronate (Granular),7112.857,https://fert.gov.in/sites/default/files/2025-05/Monthl_Bulletin_month_of_Oct_2018.pdf
2018,10,Urea,5360.0,https://fert.gov.in/sites/default/files/2025-05/Monthl_Bulletin_month_of_Oct_2018.pdf
2018,10,Zincated 20-20-0-13,18800.0,https://fert.gov.in/sites/default/files/2025-05/Monthl_Bulletin_month_of_Oct_2018.pdf
2018,11,10-26-26,27171.28,https://fert.gov.in/sites/default/files/2025-05/Monthly_Bulletin_for_the_Month_of_November_2018.pdf
2018,11,12-32-16,27341.32,https://fert.gov.in/sites/default/files/2025-05/Monthly_Bulletin_for_the_Month_of_November_2018.pdf
2018,11,14-35-14,29459.18,https://fert.gov.in/sites/default/files/2025-05/Monthly_Bulletin_for_the_Month_of_November_2018.pdf
2018,11,15-15-15,20194.9,https://fert.gov.in/sites/default/files/2025-05/Monthly_Bulletin_for_the_Month_of_November_2018.pdf
2018,11,16-20-0-13,21000.0,https://fert.gov.in/sites/default/files/2025-05/Monthly_Bulletin_for_the_Month_of_November_2018.pdf
2018,11,17-17-17,21484.16,https://fert.gov.in/sites/default/files/2025-05/Monthly_Bulletin_for_the_Month_of_November_2018.pdf
2018,11,20-20-0,18883.33,https://fert.gov.in/sites/default/files/2025-05/Monthly_Bulletin_for_the_Month_of_November_2018.pdf
2018,11,20-20-0-13,21123.69,https://fert.gov.in/sites/default/files/2025-05/Monthly_Bulletin_for_the_Month_of_November_2018.pdf
2018,11,20-20-0-13(UAP),23000.0,https://fert.gov.in/sites/default/files/2025-05/Monthly_Bulletin_for_the_Month_of_November_2018.pdf
2018,11,24-24-0,26610.06,https://fert.gov.in/sites/default/files/2025-05/Monthly_Bulletin_for_the_Month_of_November_2018.pdf
2018,11,24-24-0-8,26600.0,https://fert.gov.in/sites/default/files/2025-05/Monthly_Bulletin_for_the_Month_of_November_2018.pdf
2018,11,28-28-0,29500.0,https://fert.gov.in/sites/default/files/2025-05/Monthly_Bulletin_for_the_Month_of_November_2018.pdf
2018,11,Ammonium Sulphate,12497.68,https://fert.gov.in/sites/default/files/2025-05/Monthly_Bulletin_for_the_Month_of_November_2018.pdf
2018,11,City Compost,4075.8,https://fert.gov.in/sites/default/files/2025-05/Monthly_Bulletin_for_the_Month_of_November_2018.pdf
2018,11,DAP,28623.3,https://fert.gov.in/sites/default/files/2025-05/Monthly_Bulletin_for_the_Month_of_November_2018.pdf
2018,11,Imported 10-26-26,26633.33,https://fert.gov.in/sites/default/files/2025-05/Monthly_Bulletin_for_the_Month_of_November_2018.pdf
2018,11,Imported 12-32-16,25896.27,https://fert.gov.in/sites/default/files/2025-05/Monthly_Bulletin_for_the_Month_of_November_2018.pdf
2018,11,Imported 15-15-15-9,18400.0,https://fert.gov.in/sites/default/files/2025-05/Monthly_Bulletin_for_the_Month_of_November_2018.pdf
2018,11,Imported 16-16-16,19800.0,https://fert.gov.in/sites/default/files/2025-05/Monthly_Bulletin_for_the_Month_of_November_2018.pdf
2018,11,Imported 20-20-0-13,19853.44,https://fert.gov.in/sites/default/files/2025-05/Monthly_Bulletin_for_the_Month_of_November_2018.pdf
2018,11,Imported DAP,28124.33,https://fert.gov.in/sites/default/files/2025-05/Monthly_Bulletin_for_the_Month_of_November_2018.pdf
2018,11,MOP,17997.27,https://fert.gov.in/sites/default/files/2025-05/Monthly_Bulletin_for_the_Month_of_November_2018.pdf
2018,11,SSP-Boronated,8039.69,https://fert.gov.in/sites/default/files/2025-05/Monthly_Bulletin_for_the_Month_of_November_2018.pdf
2018,11,SSP-Granular,7991.12,https://fert.gov.in/sites/default/files/2025-05/Monthly_Bulletin_for_the_Month_of_November_2018.pdf
2018,11,SSP-Powdered,7643.76,https://fert.gov.in/sites/default/files/2025-05/Monthly_Bulletin_for_the_Month_of_November_2018.pdf
2018,11,SSP-Zincated (Granular),7761.23,https://fert.gov.in/sites/default/files/2025-05/Monthly_Bulletin_for_the_Month_of_November_2018.pdf
2018,11,SSP-Zincated (Powder),7441.69,https://fert.gov.in/sites/default/files/2025-05/Monthly_Bulletin_for_the_Month_of_November_2018.pdf
2018,11,SSP-Zincated-Boronate (Granular),7395.18,https://fert.gov.in/sites/default/files/2025-05/Monthly_Bulletin_for_the_Month_of_November_2018.pdf
2018,11,Urea,5360.0,https://fert.gov.in/sites/default/files/2025-05/Monthly_Bulletin_for_the_Month_of_November_2018.pdf
2018,11,Zincated 10-26-26,29000.0,https://fert.gov.in/sites/default/files/2025-05/Monthly_Bulletin_for_the_Month_of_November_2018.pdf
2018,11,Zincated 20-20-0-13,20970.0,https://fert.gov.in/sites/default/files/2025-05/Monthly_Bulletin_for_the_Month_of_November_2018.pdf
2018,11,Zincated DAP,30000.0,https://fert.gov.in/sites/default/files/2025-05/Monthly_Bulletin_for_the_Month_of_November_2018.pdf
2018,12,10-26-26,27589.37,https://fert.gov.in/sites/default/files/2025-05/Approved_Monthly_Bulletin_month_of_December_2018.pdf
2018,12,12-32-16,27578.76,https://fert.gov.in/sites/default/files/2025-05/Approved_Monthly_Bulletin_month_of_December_2018.pdf
2018,12,14-35-14,29125.0,https://fert.gov.in/sites/default/files/2025-05/Approved_Monthly_Bulletin_month_of_December_2018.pdf
2018,12,15-15-15,20680.0,https://fert.gov.in/sites/default/files/2025-05/Approved_Monthly_Bulletin_month_of_December_2018.pdf
2018,12,16-20-0-13,21000.0,https://fert.gov.in/sites/default/files/2025-05/Approved_Monthly_Bulletin_month_of_December_2018.pdf
2018,12,17-17-17,24641.94,https://fert.gov.in/sites/default/files/2025-05/Approved_Monthly_Bulletin_month_of_December_2018.pdf
2018,12,19-19-19,27680.0,https://fert.gov.in/sites/default/files/2025-05/Approved_Monthly_Bulletin_month_of_December_2018.pdf
2018,12,20-20-0,19349.36,https://fert.gov.in/sites/default/files/2025-05/Approved_Monthly_Bulletin_month_of_December_2018.pdf
2018,12,20-20-0-13,21462.37,https://fert.gov.in/sites/default/files/2025-05/Approved_Monthly_Bulletin_month_of_December_2018.pdf
2018,12,20-20-0-13(UAP),23000.0,https://fert.gov.in/sites/default/files/2025-05/Approved_Monthly_Bulletin_month_of_December_2018.pdf
2018,12,24-24-0,27120.0,https://fert.gov.in/sites/default/files/2025-05/Approved_Monthly_Bulletin_month_of_December_2018.pdf
2018,12,24-24-0-8,26600.0,https://fert.gov.in/sites/default/files/2025-05/Approved_Monthly_Bulletin_month_of_December_2018.pdf
2018,12,28-28-0,29500.0,https://fert.gov.in/sites/default/files/2025-05/Approved_Monthly_Bulletin_month_of_December_2018.pdf
2018,12,Ammonium Sulphate,13213.6,https://fert.gov.in/sites/default/files/2025-05/Approved_Monthly_Bulletin_month_of_December_2018.pdf
2018,12,City Compost,4083.15,https://fert.gov.in/sites/default/files/2025-05/Approved_Monthly_Bulletin_month_of_December_2018.pdf
2018,12,DAP,28844.67,https://fert.gov.in/sites/default/files/2025-05/Approved_Monthly_Bulletin_month_of_December_2018.pdf
2018,12,Imported 10-26-26,26194.23,https://fert.gov.in/sites/default/files/2025-05/Approved_Monthly_Bulletin_month_of_December_2018.pdf
2018,12,Imported 12-32-16,25855.67,https://fert.gov.in/sites/default/files/2025-05/Approved_Monthly_Bulletin_month_of_December_2018.pdf
2018,12,Imported 15-15-15-9,18400.0,https://fert.gov.in/sites/default/files/2025-05/Approved_Monthly_Bulletin_month_of_December_2018.pdf
2018,12,Imported 16-16-16,19800.0,https://fert.gov.in/sites/default/files/2025-05/Approved_Monthly_Bulletin_month_of_December_2018.pdf
2018,12,Imported 20-20-0-13,20003.64,https://fert.gov.in/sites/default/files/2025-05/Approved_Monthly_Bulletin_month_of_December_2018.pdf
2018,12,Imported DAP,28192.01,https://fert.gov.in/sites/default/files/2025-05/Approved_Monthly_Bulletin_month_of_December_2018.pdf
2018,12,MOP,18038.31,https://fert.gov.in/sites/default/files/2025-05/Approved_Monthly_Bulletin_month_of_December_2018.pdf
2018,12,SSP-Boronated,8126.49,https://fert.gov.in/sites/default/files/2025-05/Approved_Monthly_Bulletin_month_of_December_2018.pdf
2018,12,SSP-Granular,8118.95,https://fert.gov.in/sites/default/files/2025-05/Approved_Monthly_Bulletin_month_of_December_2018.pdf
2018,12,SSP-Powdered,7766.58,https://fert.gov.in/sites/default/files/2025-05/Approved_Monthly_Bulletin_month_of_December_2018.pdf
2018,12,SSP-Zincated (Granular),7921.41,https://fert.gov.in/sites/default/files/2025-05/Approved_Monthly_Bulletin_month_of_December_2018.pdf
2018,12,SSP-Zincated (Powder),7634.93,https://fert.gov.in/sites/default/files/2025-05/Approved_Monthly_Bulletin_month_of_December_2018.pdf
2018,12,SSP-Zincated-Boronate (Granular),8297.64,https://fert.gov.in/sites/default/files/2025-05/Approved_Monthly_Bulletin_month_of_December_2018.pdf
2018,12,Urea,5360.0,https://fert.gov.in/sites/default/files/2025-05/Approved_Monthly_Bulletin_month_of_December_2018.pdf
2018,12,Zincated 10-26-26,29000.0,https://fert.gov.in/sites/default/files/2025-05/Approved_Monthly_Bulletin_month_of_December_2018.pdf
2018,12,Zincated 20-20-0-13,21900.0,https://fert.gov.in/sites/default/files/2025-05/Approved_Monthly_Bulletin_month_of_December_2018.pdf
2019,1,10-26-26,27678.177,https://fert.gov.in/sites/default/files/2025-05/Monthl_Bulletin_month_of_January_2019.pdf
2019,1,12-32-16,27716.682,https://fert.gov.in/sites/default/files/2025-05/Monthl_Bulletin_month_of_January_2019.pdf
2019,1,14-35-14,29121.951,https://fert.gov.in/sites/default/files/2025-05/Monthl_Bulletin_month_of_January_2019.pdf
2019,1,15-15-15,20680.0,https://fert.gov.in/sites/default/files/2025-05/Monthl_Bulletin_month_of_January_2019.pdf
2019,1,16-20-0-13,21000.0,https://fert.gov.in/sites/default/files/2025-05/Monthl_Bulletin_month_of_January_2019.pdf
2019,1,17-17-17,25000.0,https://fert.gov.in/sites/default/files/2025-05/Monthl_Bulletin_month_of_January_2019.pdf
2019,1,19-19-19,27680.0,https://fert.gov.in/sites/default/files/2025-05/Monthl_Bulletin_month_of_January_2019.pdf
2019,1,20-20-0,19900.0,https://fert.gov.in/sites/default/files/2025-05/Monthl_Bulletin_month_of_January_2019.pdf
2019,1,20-20-0-13,21522.043,https://fert.gov.in/sites/default/files/2025-05/Monthl_Bulletin_month_of_January_2019.pdf
2019,1,20-20-0-13(UAP),23000.0,https://fert.gov.in/sites/default/files/2025-05/Monthl_Bulletin_month_of_January_2019.pdf
2019,1,24-24-0,27200.0,https://fert.gov.in/sites/default/files/2025-05/Monthl_Bulletin_month_of_January_2019.pdf
2019,1,24-24-0-8,26600.0,https://fert.gov.in/sites/default/files/2025-05/Monthl_Bulletin_month_of_January_2019.pdf
2019,1,28-28-0,29500.0,https://fert.gov.in/sites/default/files/2025-05/Monthl_Bulletin_month_of_January_2019.pdf
2019,1,Ammonium Sulphate,13208.938,https://fert.gov.in/sites/default/files/2025-05/Monthl_Bulletin_month_of_January_2019.pdf
2019,1,City Compost,4536.276,https://fert.gov.in/sites/default/files/2025-05/Monthl_Bulletin_month_of_January_2019.pdf
2019,1,DAP,28910.618,https://fert.gov.in/sites/default/files/2025-05/Monthl_Bulletin_month_of_January_2019.pdf
2019,1,Imported 10-26-26,23466.667,https://fert.gov.in/sites/default/files/2025-05/Monthl_Bulletin_month_of_January_2019.pdf
2019,1,Imported 12-32-16,25800.0,https://fert.gov.in/sites/default/files/2025-05/Monthl_Bulletin_month_of_January_2019.pdf
2019,1,Imported 15-15-15-9,18400.0,https://fert.gov.in/sites/default/files/2025-05/Monthl_Bulletin_month_of_January_2019.pdf
2019,1,Imported 16-16-16,19800.0,https://fert.gov.in/sites/default/files/2025-05/Monthl_Bulletin_month_of_January_2019.pdf
2019,1,Imported 20-20-0-13,19920.0,https://fert.gov.in/sites/default/files/2025-05/Monthl_Bulletin_month_of_January_2019.pdf
2019,1,Imported DAP,28108.191,https://fert.gov.in/sites/default/files/2025-05/Monthl_Bulletin_month_of_January_2019.pdf
2019,1,MOP,17996.656,https://fert.gov.in/sites/default/files/2025-05/Monthl_Bulletin_month_of_January_2019.pdf
2019,1,SSP-Boronated,8101.187,https://fert.gov.in/sites/default/files/2025-05/Monthl_Bulletin_month_of_January_2019.pdf
2019,1,SSP-Granular,8111.748,https://fert.gov.in/sites/default/files/2025-05/Monthl_Bulletin_month_of_January_2019.pdf
2019,1,SSP-Powdered,7814.693,https://fert.gov.in/sites/default/files/2025-05/Monthl_Bulletin_month_of_January_2019.pdf
2019,1,SSP-Zincated (Granular),7955.451,https://fert.gov.in/sites/default/files/2025-05/Monthl_Bulletin_month_of_January_2019.pdf
2019,1,SSP-Zincated (Powder),7574.912,https://fert.gov.in/sites/default/files/2025-05/Monthl_Bulletin_month_of_January_2019.pdf
2019,1,SSP-Zincated-Boronate (Granular),8286.365,https://fert.gov.in/sites/default/files/2025-05/Monthl_Bulletin_month_of_January_2019.pdf
2019,1,Urea,5360.0,https://fert.gov.in/sites/default/files/2025-05/Monthl_Bulletin_month_of_January_2019.pdf
2019,1,Zincated 10-26-26,29000.0,https://fert.gov.in/sites/default/files/2025-05/Monthl_Bulletin_month_of_January_2019.pdf
2019,1,Zincated 20-20-0-13,21900.0,https://fert.gov.in/sites/default/files/2025-05/Monthl_Bulletin_month_of_January_2019.pdf
2019,1,Zincated DAP,30000.0,https://fert.gov.in/sites/default/files/2025-05/Monthl_Bulletin_month_of_January_2019.pdf
2019,2,10-26-26,27700.27,https://fert.gov.in/sites/default/files/2025-05/Monthly_Bulletin_month_of_February_2019.pdf
2019,2,12-32-16,27886.41,https://fert.gov.in/sites/default/files/2025-05/Monthly_Bulletin_month_of_February_2019.pdf
2019,2,14-35-14,29043.48,https://fert.gov.in/sites/default/files/2025-05/Monthly_Bulletin_month_of_February_2019.pdf
2019,2,15-15-15,20680.0,https://fert.gov.in/sites/default/files/2025-05/Monthly_Bulletin_month_of_February_2019.pdf
2019,2,16-20-0-13,21000.0,https://fert.gov.in/sites/default/files/2025-05/Monthly_Bulletin_month_of_February_2019.pdf
2019,2,17-17-17,25000.0,https://fert.gov.in/sites/default/files/2025-05/Monthly_Bulletin_month_of_February_2019.pdf
2019,2,19-19-19,27680.0,https://fert.gov.in/sites/default/files/2025-05/Monthly_Bulletin_month_of_February_2019.pdf
2019,2,20-20-0,19900.0,https://fert.gov.in/sites/default/files/2025-05/Monthly_Bulletin_month_of_February_2019.pdf
2019,2,20-20-0-13,21551.41,https://fert.gov.in/sites/default/files/2025-05/Monthly_Bulletin_month_of_February_2019.pdf
2019,2,20-20-0-13(UAP),23000.0,https://fert.gov.in/sites/default/files/2025-05/Monthly_Bulletin_month_of_February_2019.pdf
2019,2,24-24-0,27200.0,https://fert.gov.in/sites/default/files/2025-05/Monthly_Bulletin_month_of_February_2019.pdf
2019,2,24-24-0-8,26600.0,https://fert.gov.in/sites/default/files/2025-05/Monthly_Bulletin_month_of_February_2019.pdf
2019,2,28-28-0,29500.0,https://fert.gov.in/sites/default/files/2025-05/Monthly_Bulletin_month_of_February_2019.pdf
2019,2,Ammonium Sulphate,13213.6,https://fert.gov.in/sites/default/files/2025-05/Monthly_Bulletin_month_of_February_2019.pdf
2019,2,City Compost,4352.32,https://fert.gov.in/sites/default/files/2025-05/Monthly_Bulletin_month_of_February_2019.pdf
2019,2,DAP,28613.78,https://fert.gov.in/sites/default/files/2025-05/Monthly_Bulletin_month_of_February_2019.pdf
2019,2,Imported 10-26-26,26784.62,https://fert.gov.in/sites/default/files/2025-05/Monthly_Bulletin_month_of_February_2019.pdf
2019,2,Imported 12-32-16,25800.0,https://fert.gov.in/sites/default/files/2025-05/Monthly_Bulletin_month_of_February_2019.pdf
2019,2,Imported 15-15-15,20588.57,https://fert.gov.in/sites/default/files/2025-05/Monthly_Bulletin_month_of_February_2019.pdf
2019,2,Imported 15-15-15-9,18400.0,https://fert.gov.in/sites/default/files/2025-05/Monthly_Bulletin_month_of_February_2019.pdf
2019,2,Imported 16-16-16,21287.5,https://fert.gov.in/sites/default/files/2025-05/Monthly_Bulletin_month_of_February_2019.pdf
2019,2,Imported 20-20-0-13,20022.22,https://fert.gov.in/sites/default/files/2025-05/Monthly_Bulletin_month_of_February_2019.pdf
2019,2,Imported DAP,28281.29,https://fert.gov.in/sites/default/files/2025-05/Monthly_Bulletin_month_of_February_2019.pdf
2019,2,MOP,18388.14,https://fert.gov.in/sites/default/files/2025-05/Monthly_Bulletin_month_of_February_2019.pdf
2019,2,SSP-Boronated,8217.54,https://fert.gov.in/sites/default/files/2025-05/Monthly_Bulletin_month_of_February_2019.pdf
2019,2,SSP-Granular,8131.72,https://fert.gov.in/sites/default/files/2025-05/Monthly_Bulletin_month_of_February_2019.pdf
2019,2,SSP-Powdered,7817.59,https://fert.gov.in/sites/default/files/2025-05/Monthly_Bulletin_month_of_February_2019.pdf
2019,2,SSP-Zincated (Granular),7869.28,https://fert.gov.in/sites/default/files/2025-05/Monthly_Bulletin_month_of_February_2019.pdf
2019,2,SSP-Zincated (Powder),7525.28,https://fert.gov.in/sites/default/files/2025-05/Monthly_Bulletin_month_of_February_2019.pdf
2019,2,SSP-Zincated-Boronate (Granular),8449.8,https://fert.gov.in/sites/default/files/2025-05/Monthly_Bulletin_month_of_February_2019.pdf
2019,2,Urea,5360.0,https://fert.gov.in/sites/default/files/2025-05/Monthly_Bulletin_month_of_February_2019.pdf
2019,2,Zincated 10-26-26,29000.0,https://fert.gov.in/sites/default/files/2025-05/Monthly_Bulletin_month_of_February_2019.pdf
2019,2,Zincated 20-20-0-13,21900.0,https://fert.gov.in/sites/default/files/2025-05/Monthly_Bulletin_month_of_February_2019.pdf
2019,3,10-26-26,27698.53,https://fert.gov.in/sites/default/files/2025-05/Monthly-Bulletin-month-March-2019.pdf
2019,3,12-32-16,27757.31,https://fert.gov.in/sites/default/files/2025-05/Monthly-Bulletin-month-March-2019.pdf
2019,3,14-35-14,29084.44,https://fert.gov.in/sites/default/files/2025-05/Monthly-Bulletin-month-March-2019.pdf
2019,3,15-15-15,20680.0,https://fert.gov.in/sites/default/files/2025-05/Monthly-Bulletin-month-March-2019.pdf
2019,3,16-20-0-13,21000.0,https://fert.gov.in/sites/default/files/2025-05/Monthly-Bulletin-month-March-2019.pdf
2019,3,17-17-17,25000.0,https://fert.gov.in/sites/default/files/2025-05/Monthly-Bulletin-month-March-2019.pdf
2019,3,19-19-19,27680.0,https://fert.gov.in/sites/default/files/2025-05/Monthly-Bulletin-month-March-2019.pdf
2019,3,20-20-0,19900.0,https://fert.gov.in/sites/default/files/2025-05/Monthly-Bulletin-month-March-2019.pdf
2019,3,20-20-0-13,21551.01,https://fert.gov.in/sites/default/files/2025-05/Monthly-Bulletin-month-March-2019.pdf
2019,3,20-20-0-13(UAP),23000.0,https://fert.gov.in/sites/default/files/2025-05/Monthly-Bulletin-month-March-2019.pdf
2019,3,24-24-0,27200.0,https://fert.gov.in/sites/default/files/2025-05/Monthly-Bulletin-month-March-2019.pdf
2019,3,24-24-0-8,26600.0,https://fert.gov.in/sites/default/files/2025-05/Monthly-Bulletin-month-March-2019.pdf
2019,3,28-28-0,29500.0,https://fert.gov.in/sites/default/files/2025-05/Monthly-Bulletin-month-March-2019.pdf
2019,3,Ammonium Sulphate,13213.6,https://fert.gov.in/sites/default/files/2025-05/Monthly-Bulletin-month-March-2019.pdf
2019,3,Boronated 12-32-16,27900.0,https://fert.gov.in/sites/default/files/2025-05/Monthly-Bulletin-month-March-2019.pdf
2019,3,City Compost,4179.05,https://fert.gov.in/sites/default/files/2025-05/Monthly-Bulletin-month-March-2019.pdf
2019,3,DAP,28536.37,https://fert.gov.in/sites/default/files/2025-05/Monthly-Bulletin-month-March-2019.pdf
2019,3,Imported 10-26-26,26926.32,https://fert.gov.in/sites/default/files/2025-05/Monthly-Bulletin-month-March-2019.pdf
2019,3,Imported 12-32-16,25800.0,https://fert.gov.in/sites/default/files/2025-05/Monthly-Bulletin-month-March-2019.pdf
2019,3,Imported 15-15-15,21720.0,https://fert.gov.in/sites/default/files/2025-05/Monthly-Bulletin-month-March-2019.pdf
2019,3,Imported 15-15-15-9,18400.0,https://fert.gov.in/sites/default/files/2025-05/Monthly-Bulletin-month-March-2019.pdf
2019,3,Imported 16-16-16,21506.22,https://fert.gov.in/sites/default/files/2025-05/Monthly-Bulletin-month-March-2019.pdf
2019,3,Imported 20-20-0-13,20022.22,https://fert.gov.in/sites/default/files/2025-05/Monthly-Bulletin-month-March-2019.pdf
2019,3,Imported DAP,28474.43,https://fert.gov.in/sites/default/files/2025-05/Monthly-Bulletin-month-March-2019.pdf
2019,3,MOP,18979.82,https://fert.gov.in/sites/default/files/2025-05/Monthly-Bulletin-month-March-2019.pdf
2019,3,SSP-Boronated,8305.58,https://fert.gov.in/sites/default/files/2025-05/Monthly-Bulletin-month-March-2019.pdf
2019,3,SSP-Granular,8136.22,https://fert.gov.in/sites/default/files/2025-05/Monthly-Bulletin-month-March-2019.pdf
2019,3,SSP-Powdered,7798.01,https://fert.gov.in/sites/default/files/2025-05/Monthly-Bulletin-month-March-2019.pdf
2019,3,SSP-Zincated (Granular),7771.04,https://fert.gov.in/sites/default/files/2025-05/Monthly-Bulletin-month-March-2019.pdf
2019,3,SSP-Zincated (Powder),7444.52,https://fert.gov.in/sites/default/files/2025-05/Monthly-Bulletin-month-March-2019.pdf
2019,3,SSP-Zincated-Boronate (Granular),8738.67,https://fert.gov.in/sites/default/files/2025-05/Monthly-Bulletin-month-March-2019.pdf
2019,3,Urea,5360.0,https://fert.gov.in/sites/default/files/2025-05/Monthly-Bulletin-month-March-2019.pdf
2019,3,Zincated 10-26-26,29000.0,https://fert.gov.in/sites/default/files/2025-05/Monthly-Bulletin-month-March-2019.pdf
2019,3,Zincated 20-20-0-13,21900.0,https://fert.gov.in/sites/default/files/2025-05/Monthly-Bulletin-month-March-2019.pdf
2019,4,10-26-26,27793.76,https://fert.gov.in/sites/default/files/2025-05/Monthly_Bulletin_month_of_April_2019.pdf
2019,4,12-32-16,27935.07,https://fert.gov.in/sites/default/files/2025-05/Monthly_Bulletin_month_of_April_2019.pdf
2019,4,14-35-14,29000.0,https://fert.gov.in/sites/default/files/2025-05/Monthly_Bulletin_month_of_April_2019.pdf
2019,4,15-15-15,20680.0,https://fert.gov.in/sites/default/files/2025-05/Monthly_Bulletin_month_of_April_2019.pdf
2019,4,16-20-0-13,21000.0,https://fert.gov.in/sites/default/files/2025-05/Monthly_Bulletin_month_of_April_2019.pdf
2019,4,17-17-17,25000.0,https://fert.gov.in/sites/default/files/2025-05/Monthly_Bulletin_month_of_April_2019.pdf
2019,4,19-19-19,27680.0,https://fert.gov.in/sites/default/files/2025-05/Monthly_Bulletin_month_of_April_2019.pdf
2019,4,20-20-0,19900.0,https://fert.gov.in/sites/default/files/2025-05/Monthly_Bulletin_month_of_April_2019.pdf
2019,4,20-20-0-13,21517.64,https://fert.gov.in/sites/default/files/2025-05/Monthly_Bulletin_month_of_April_2019.pdf
2019,4,20-20-0-13(UAP),23000.0,https://fert.gov.in/sites/default/files/2025-05/Monthly_Bulletin_month_of_April_2019.pdf
2019,4,24-24-0,26965.52,https://fert.gov.in/sites/default/files/2025-05/Monthly_Bulletin_month_of_April_2019.pdf
2019,4,24-24-0-8,26600.0,https://fert.gov.in/sites/default/files/2025-05/Monthly_Bulletin_month_of_April_2019.pdf
2019,4,28-28-0,29500.0,https://fert.gov.in/sites/default/files/2025-05/Monthly_Bulletin_month_of_April_2019.pdf
2019,4,Ammonium Sulphate,13213.6,https://fert.gov.in/sites/default/files/2025-05/Monthly_Bulletin_month_of_April_2019.pdf
2019,4,Boronated 12-32-16,27900.0,https://fert.gov.in/sites/default/files/2025-05/Monthly_Bulletin_month_of_April_2019.pdf
2019,4,City Compost,4188.0,https://fert.gov.in/sites/default/files/2025-05/Monthly_Bulletin_month_of_April_2019.pdf
2019,4,DAP,28515.44,https://fert.gov.in/sites/default/files/2025-05/Monthly_Bulletin_month_of_April_2019.pdf
2019,4,Imported 10-26-26,26994.12,https://fert.gov.in/sites/default/files/2025-05/Monthly_Bulletin_month_of_April_2019.pdf
2019,4,Imported 12-32-16,26242.28,https://fert.gov.in/sites/default/files/2025-05/Monthly_Bulletin_month_of_April_2019.pdf
2019,4,Imported 15-15-15,21720.0,https://fert.gov.in/sites/default/files/2025-05/Monthly_Bulletin_month_of_April_2019.pdf
2019,4,Imported 15-15-15-9,18400.0,https://fert.gov.in/sites/default/files/2025-05/Monthly_Bulletin_month_of_April_2019.pdf
2019,4,Imported 16-16-16,21500.0,https://fert.gov.in/sites/default/files/2025-05/Monthly_Bulletin_month_of_April_2019.pdf
2019,4,Imported 20-20-0-13,19965.38,https://fert.gov.in/sites/default/files/2025-05/Monthly_Bulletin_month_of_April_2019.pdf
2019,4,Imported DAP,28187.71,https://fert.gov.in/sites/default/files/2025-05/Monthly_Bulletin_month_of_April_2019.pdf
2019,4,MOP,18982.04,https://fert.gov.in/sites/default/files/2025-05/Monthly_Bulletin_month_of_April_2019.pdf
2019,4,SSP-Boronated,8375.98,https://fert.gov.in/sites/default/files/2025-05/Monthly_Bulletin_month_of_April_2019.pdf
2019,4,SSP-Granular,8103.18,https://fert.gov.in/sites/default/files/2025-05/Monthly_Bulletin_month_of_April_2019.pdf
2019,4,SSP-Powdered,7731.55,https://fert.gov.in/sites/default/files/2025-05/Monthly_Bulletin_month_of_April_2019.pdf
2019,4,SSP-Zincated (Granular),7797.46,https://fert.gov.in/sites/default/files/2025-05/Monthly_Bulletin_month_of_April_2019.pdf
2019,4,SSP-Zincated (Powder),7450.01,https://fert.gov.in/sites/default/files/2025-05/Monthly_Bulletin_month_of_April_2019.pdf
2019,4,SSP-Zincated-Boronate (Granular),8343.32,https://fert.gov.in/sites/default/files/2025-05/Monthly_Bulletin_month_of_April_2019.pdf
2019,4,Urea,5360.0,https://fert.gov.in/sites/default/files/2025-05/Monthly_Bulletin_month_of_April_2019.pdf
2019,4,Zincated 20-20-0-13,21900.0,https://fert.gov.in/sites/default/files/2025-05/Monthly_Bulletin_month_of_April_2019.pdf
2019,5,10-26-26,27817.35,https://fert.gov.in/sites/default/files/2025-05/Monthl_Bulletin_month_of_may_2019.pdf
2019,5,12-32-16,27890.4,https://fert.gov.in/sites/default/files/2025-05/Monthl_Bulletin_month_of_may_2019.pdf
2019,5,14-35-14,29035.58,https://fert.gov.in/sites/default/files/2025-05/Monthl_Bulletin_month_of_may_2019.pdf
2019,5,15-15-15,20791.11,https://fert.gov.in/sites/default/files/2025-05/Monthl_Bulletin_month_of_may_2019.pdf
2019,5,16-20-0-13,21000.0,https://fert.gov.in/sites/default/files/2025-05/Monthl_Bulletin_month_of_may_2019.pdf
2019,5,17-17-17,25000.0,https://fert.gov.in/sites/default/files/2025-05/Monthl_Bulletin_month_of_may_2019.pdf
2019,5,19-19-19,27680.0,https://fert.gov.in/sites/default/files/2025-05/Monthl_Bulletin_month_of_may_2019.pdf
2019,5,20-20-0,19900.0,https://fert.gov.in/sites/default/files/2025-05/Monthl_Bulletin_month_of_may_2019.pdf
2019,5,20-20-0-13,21613.06,https://fert.gov.in/sites/default/files/2025-05/Monthl_Bulletin_month_of_may_2019.pdf
2019,5,20-20-0-13(UAP),23000.0,https://fert.gov.in/sites/default/files/2025-05/Monthl_Bulletin_month_of_may_2019.pdf
2019,5,24-24-0,26800.0,https://fert.gov.in/sites/default/files/2025-05/Monthl_Bulletin_month_of_may_2019.pdf
2019,5,24-24-0-8,26600.0,https://fert.gov.in/sites/default/files/2025-05/Monthl_Bulletin_month_of_may_2019.pdf
2019,5,28-28-0,29500.0,https://fert.gov.in/sites/default/files/2025-05/Monthl_Bulletin_month_of_may_2019.pdf
2019,5,Ammonium Sulphate,13213.6,https://fert.gov.in/sites/default/files/2025-05/Monthl_Bulletin_month_of_may_2019.pdf
2019,5,Boronated 12-32-16,27900.0,https://fert.gov.in/sites/default/files/2025-05/Monthl_Bulletin_month_of_may_2019.pdf
2019,5,City Compost,4186.21,https://fert.gov.in/sites/default/files/2025-05/Monthl_Bulletin_month_of_may_2019.pdf
2019,5,DAP,28542.45,https://fert.gov.in/sites/default/files/2025-05/Monthl_Bulletin_month_of_may_2019.pdf
2019,5,Imported 10-26-26,23633.33,https://fert.gov.in/sites/default/files/2025-05/Monthl_Bulletin_month_of_may_2019.pdf
2019,5,Imported 12-32-16,26360.3,https://fert.gov.in/sites/default/files/2025-05/Monthl_Bulletin_month_of_may_2019.pdf
2019,5,Imported 15-15-15,21720.0,https://fert.gov.in/sites/default/files/2025-05/Monthl_Bulletin_month_of_may_2019.pdf
2019,5,Imported 15-15-15-9,18400.0,https://fert.gov.in/sites/default/files/2025-05/Monthl_Bulletin_month_of_may_2019.pdf
2019,5,Imported 16-16-16,21500.0,https://fert.gov.in/sites/default/files/2025-05/Monthl_Bulletin_month_of_may_2019.pdf
2019,5,Imported 20-20-0,28000.0,https://fert.gov.in/sites/default/files/2025-05/Monthl_Bulletin_month_of_may_2019.pdf
2019,5,Imported 20-20-0-13,19984.5,https://fert.gov.in/sites/default/files/2025-05/Monthl_Bulletin_month_of_may_2019.pdf
2019,5,Imported DAP,28184.81,https://fert.gov.in/sites/default/files/2025-05/Monthl_Bulletin_month_of_may_2019.pdf
2019,5,MOP,18983.44,https://fert.gov.in/sites/default/files/2025-05/Monthl_Bulletin_month_of_may_2019.pdf
2019,5,SSP-Boronated,8422.98,https://fert.gov.in/sites/default/files/2025-05/Monthl_Bulletin_month_of_may_2019.pdf
2019,5,SSP-Granular,8165.6,https://fert.gov.in/sites/default/files/2025-05/Monthl_Bulletin_month_of_may_2019.pdf
2019,5,SSP-Powdered,7783.04,https://fert.gov.in/sites/default/files/2025-05/Monthl_Bulletin_month_of_may_2019.pdf
2019,5,SSP-Zincated (Granular),8164.18,https://fert.gov.in/sites/default/files/2025-05/Monthl_Bulletin_month_of_may_2019.pdf
2019,5,SSP-Zincated (Powder),7669.09,https://fert.gov.in/sites/default/files/2025-05/Monthl_Bulletin_month_of_may_2019.pdf
2019,5,SSP-Zincated-Boronate (Granular),8906.15,https://fert.gov.in/sites/default/files/2025-05/Monthl_Bulletin_month_of_may_2019.pdf
2019,5,Urea,5360.0,https://fert.gov.in/sites/default/files/2025-05/Monthl_Bulletin_month_of_may_2019.pdf
2019,5,Zincated 20-20-0-13,21900.0,https://fert.gov.in/sites/default/files/2025-05/Monthl_Bulletin_month_of_may_2019.pdf
2019,5,Zincated DAP,29140.0,https://fert.gov.in/sites/default/files/2025-05/Monthl_Bulletin_month_of_may_2019.pdf
2019,6,10-26-26,27805.26,https://fert.gov.in/sites/default/files/2025-05/%28Approved%29%20Monthly%20Bulletin%20month%20of%20June%2C%202019.pdf
2019,6,12-32-16,27802.83,https://fert.gov.in/sites/default/files/2025-05/%28Approved%29%20Monthly%20Bulletin%20month%20of%20June%2C%202019.pdf
2019,6,14-35-14,29086.21,https://fert.gov.in/sites/default/files/2025-05/%28Approved%29%20Monthly%20Bulletin%20month%20of%20June%2C%202019.pdf
2019,6,15-15-15,21200.0,https://fert.gov.in/sites/default/files/2025-05/%28Approved%29%20Monthly%20Bulletin%20month%20of%20June%2C%202019.pdf
2019,6,15-15-15-9,20800.0,https://fert.gov.in/sites/default/files/2025-05/%28Approved%29%20Monthly%20Bulletin%20month%20of%20June%2C%202019.pdf
2019,6,16-20-0-13,21000.0,https://fert.gov.in/sites/default/files/2025-05/%28Approved%29%20Monthly%20Bulletin%20month%20of%20June%2C%202019.pdf
2019,6,17-17-17,25000.0,https://fert.gov.in/sites/default/files/2025-05/%28Approved%29%20Monthly%20Bulletin%20month%20of%20June%2C%202019.pdf
2019,6,19-19-19,27683.95,https://fert.gov.in/sites/default/files/2025-05/%28Approved%29%20Monthly%20Bulletin%20month%20of%20June%2C%202019.pdf
2019,6,20-20-0,19900.0,https://fert.gov.in/sites/default/files/2025-05/%28Approved%29%20Monthly%20Bulletin%20month%20of%20June%2C%202019.pdf
2019,6,20-20-0-13,21656.86,https://fert.gov.in/sites/default/files/2025-05/%28Approved%29%20Monthly%20Bulletin%20month%20of%20June%2C%202019.pdf
2019,6,20-20-0-13(UAP),23000.0,https://fert.gov.in/sites/default/files/2025-05/%28Approved%29%20Monthly%20Bulletin%20month%20of%20June%2C%202019.pdf
2019,6,24-24-0,26800.0,https://fert.gov.in/sites/default/files/2025-05/%28Approved%29%20Monthly%20Bulletin%20month%20of%20June%2C%202019.pdf
2019,6,24-24-0-8,26600.0,https://fert.gov.in/sites/default/files/2025-05/%28Approved%29%20Monthly%20Bulletin%20month%20of%20June%2C%202019.pdf
2019,6,28-28-0,29500.0,https://fert.gov.in/sites/default/files/2025-05/%28Approved%29%20Monthly%20Bulletin%20month%20of%20June%2C%202019.pdf
2019,6,Amm Sulphate,13213.6,https://fert.gov.in/sites/default/files/2025-05/%28Approved%29%20Monthly%20Bulletin%20month%20of%20June%2C%202019.pdf
2019,6,Boronated 12-32-16,27900.0,https://fert.gov.in/sites/default/files/2025-05/%28Approved%29%20Monthly%20Bulletin%20month%20of%20June%2C%202019.pdf
2019,6,City Compost,4297.77,https://fert.gov.in/sites/default/files/2025-05/%28Approved%29%20Monthly%20Bulletin%20month%20of%20June%2C%202019.pdf
2019,6,DAP,28440.62,https://fert.gov.in/sites/default/files/2025-05/%28Approved%29%20Monthly%20Bulletin%20month%20of%20June%2C%202019.pdf
2019,6,Imported 10-26-26,27042.86,https://fert.gov.in/sites/default/files/2025-05/%28Approved%29%20Monthly%20Bulletin%20month%20of%20June%2C%202019.pdf
2019,6,Imported 12-32-16,27002.98,https://fert.gov.in/sites/default/files/2025-05/%28Approved%29%20Monthly%20Bulletin%20month%20of%20June%2C%202019.pdf
2019,6,Imported 15-15-15-9,18400.0,https://fert.gov.in/sites/default/files/2025-05/%28Approved%29%20Monthly%20Bulletin%20month%20of%20June%2C%202019.pdf
2019,6,Imported 16-16-16,21500.0,https://fert.gov.in/sites/default/files/2025-05/%28Approved%29%20Monthly%20Bulletin%20month%20of%20June%2C%202019.pdf
2019,6,Imported 20-20-0,25400.0,https://fert.gov.in/sites/default/files/2025-05/%28Approved%29%20Monthly%20Bulletin%20month%20of%20June%2C%202019.pdf
2019,6,Imported 20-20-0-13,20022.22,https://fert.gov.in/sites/default/files/2025-05/%28Approved%29%20Monthly%20Bulletin%20month%20of%20June%2C%202019.pdf
2019,6,Imported DAP,28139.32,https://fert.gov.in/sites/default/files/2025-05/%28Approved%29%20Monthly%20Bulletin%20month%20of%20June%2C%202019.pdf
2019,6,Imported Neem Coated Urea(45 Kg),16961.11,https://fert.gov.in/sites/default/files/2025-05/%28Approved%29%20Monthly%20Bulletin%20month%20of%20June%2C%202019.pdf
2019,6,MOP,18984.82,https://fert.gov.in/sites/default/files/2025-05/%28Approved%29%20Monthly%20Bulletin%20month%20of%20June%2C%202019.pdf
2019,6,SSP-Boronated,8456.58,https://fert.gov.in/sites/default/files/2025-05/%28Approved%29%20Monthly%20Bulletin%20month%20of%20June%2C%202019.pdf
2019,6,SSP-Granular,8228.51,https://fert.gov.in/sites/default/files/2025-05/%28Approved%29%20Monthly%20Bulletin%20month%20of%20June%2C%202019.pdf
2019,6,SSP-Powdered,7814.04,https://fert.gov.in/sites/default/files/2025-05/%28Approved%29%20Monthly%20Bulletin%20month%20of%20June%2C%202019.pdf
2019,6,SSP-Zincated(Granular),8180.7,https://fert.gov.in/sites/default/files/2025-05/%28Approved%29%20Monthly%20Bulletin%20month%20of%20June%2C%202019.pdf
2019,6,SSP-Zincated(Powder),7650.91,https://fert.gov.in/sites/default/files/2025-05/%28Approved%29%20Monthly%20Bulletin%20month%20of%20June%2C%202019.pdf
2019,6,SSP-Zincated-Boronated(Granular),8795.88,https://fert.gov.in/sites/default/files/2025-05/%28Approved%29%20Monthly%20Bulletin%20month%20of%20June%2C%202019.pdf
2019,6,Urea,5360.0,https://fert.gov.in/sites/default/files/2025-05/%28Approved%29%20Monthly%20Bulletin%20month%20of%20June%2C%202019.pdf
2019,6,Zincated 20-20-0-13,21900.0,https://fert.gov.in/sites/default/files/2025-05/%28Approved%29%20Monthly%20Bulletin%20month%20of%20June%2C%202019.pdf
2019,6,Zincated DAP,29100.0,https://fert.gov.in/sites/default/files/2025-05/%28Approved%29%20Monthly%20Bulletin%20month%20of%20June%2C%202019.pdf
2019,7,10-26-26,27204.4,https://fert.gov.in/sites/default/files/2025-05/Monthly-Bulletin-month-of-July-2019.pdf
2019,7,12-32-16,27125.9,https://fert.gov.in/sites/default/files/2025-05/Monthly-Bulletin-month-of-July-2019.pdf
2019,7,14-35-14,29101.29,https://fert.gov.in/sites/default/files/2025-05/Monthly-Bulletin-month-of-July-2019.pdf
2019,7,15-15-15,21200.0,https://fert.gov.in/sites/default/files/2025-05/Monthly-Bulletin-month-of-July-2019.pdf
2019,7,15-15-15-9,20801.23,https://fert.gov.in/sites/default/files/2025-05/Monthly-Bulletin-month-of-July-2019.pdf
2019,7,16-20-0-13,20919.01,https://fert.gov.in/sites/default/files/2025-05/Monthly-Bulletin-month-of-July-2019.pdf
2019,7,17-17-17,25000.0,https://fert.gov.in/sites/default/files/2025-05/Monthly-Bulletin-month-of-July-2019.pdf
2019,7,19-19-19,26902.67,https://fert.gov.in/sites/default/files/2025-05/Monthly-Bulletin-month-of-July-2019.pdf
2019,7,20-20-0,19900.0,https://fert.gov.in/sites/default/files/2025-05/Monthly-Bulletin-month-of-July-2019.pdf
2019,7,20-20-0-13,21238.04,https://fert.gov.in/sites/default/files/2025-05/Monthly-Bulletin-month-of-July-2019.pdf
2019,7,20-20-0-13(UAP),23000.0,https://fert.gov.in/sites/default/files/2025-05/Monthly-Bulletin-month-of-July-2019.pdf
2019,7,24-24-0,26754.84,https://fert.gov.in/sites/default/files/2025-05/Monthly-Bulletin-month-of-July-2019.pdf
2019,7,24-24-0-8,26600.0,https://fert.gov.in/sites/default/files/2025-05/Monthly-Bulletin-month-of-July-2019.pdf
2019,7,28-28-0,29462.67,https://fert.gov.in/sites/default/files/2025-05/Monthly-Bulletin-month-of-July-2019.pdf
2019,7,Amm Sulphate,13213.75,https://fert.gov.in/sites/default/files/2025-05/Monthly-Bulletin-month-of-July-2019.pdf
2019,7,Boronated 12-32-16,26970.97,https://fert.gov.in/sites/default/files/2025-05/Monthly-Bulletin-month-of-July-2019.pdf
2019,7,City Compost,4343.23,https://fert.gov.in/sites/default/files/2025-05/Monthly-Bulletin-month-of-July-2019.pdf
2019,7,DAP,27786.74,https://fert.gov.in/sites/default/files/2025-05/Monthly-Bulletin-month-of-July-2019.pdf
2019,7,Imported 10-26-26,25447.62,https://fert.gov.in/sites/default/files/2025-05/Monthly-Bulletin-month-of-July-2019.pdf
2019,7,Imported 12-32-16,25898.76,https://fert.gov.in/sites/default/files/2025-05/Monthly-Bulletin-month-of-July-2019.pdf
2019,7,Imported 15-15-15-9,18400.0,https://fert.gov.in/sites/default/files/2025-05/Monthly-Bulletin-month-of-July-2019.pdf
2019,7,Imported 16-16-16,21494.76,https://fert.gov.in/sites/default/files/2025-05/Monthly-Bulletin-month-of-July-2019.pdf
2019,7,Imported 20-20-0-13,19726.69,https://fert.gov.in/sites/default/files/2025-05/Monthly-Bulletin-month-of-July-2019.pdf
2019,7,Imported DAP,27332.1,https://fert.gov.in/sites/default/files/2025-05/Monthly-Bulletin-month-of-July-2019.pdf
2019,7,MOP,18979.36,https://fert.gov.in/sites/default/files/2025-05/Monthly-Bulletin-month-of-July-2019.pdf
2019,7,SSP-Boronated,8466.76,https://fert.gov.in/sites/default/files/2025-05/Monthly-Bulletin-month-of-July-2019.pdf
2019,7,SSP-Granular,8268.58,https://fert.gov.in/sites/default/files/2025-05/Monthly-Bulletin-month-of-July-2019.pdf
2019,7,SSP-Powdered,7895.74,https://fert.gov.in/sites/default/files/2025-05/Monthly-Bulletin-month-of-July-2019.pdf
2019,7,SSP-Zincated(Granular),8217.97,https://fert.gov.in/sites/default/files/2025-05/Monthly-Bulletin-month-of-July-2019.pdf
2019,7,SSP-Zincated(Powder),7727.28,https://fert.gov.in/sites/default/files/2025-05/Monthly-Bulletin-month-of-July-2019.pdf
2019,7,SSP-Zincated-Boronated(Granular),8801.7,https://fert.gov.in/sites/default/files/2025-05/Monthly-Bulletin-month-of-July-2019.pdf
2019,7,Urea,5360.0,https://fert.gov.in/sites/default/files/2025-05/Monthly-Bulletin-month-of-July-2019.pdf
2019,7,Zincated 20-20-0-13,21900.0,https://fert.gov.in/sites/default/files/2025-05/Monthly-Bulletin-month-of-July-2019.pdf
2019,8,10-26-26,25769.852,https://fert.gov.in/sites/default/files/2025-05/Monthly-Bulletin-month-of-August-2019.pdf
2019,8,12-32-16,25576.441,https://fert.gov.in/sites/default/files/2025-05/Monthly-Bulletin-month-of-August-2019.pdf
2019,8,14-35-14,27746.815,https://fert.gov.in/sites/default/files/2025-05/Monthly-Bulletin-month-of-August-2019.pdf
2019,8,15-15-15,21200.0,https://fert.gov.in/sites/default/files/2025-05/Monthly-Bulletin-month-of-August-2019.pdf
2019,8,15-15-15-9,20800.0,https://fert.gov.in/sites/default/files/2025-05/Monthly-Bulletin-month-of-August-2019.pdf
2019,8,16-20-0-13,19645.902,https://fert.gov.in/sites/default/files/2025-05/Monthly-Bulletin-month-of-August-2019.pdf
2019,8,17-17-17,25000.0,https://fert.gov.in/sites/default/files/2025-05/Monthly-Bulletin-month-of-August-2019.pdf
2019,8,20-20-0,19900.0,https://fert.gov.in/sites/default/files/2025-05/Monthly-Bulletin-month-of-August-2019.pdf
2019,8,20-20-0-13,20671.312,https://fert.gov.in/sites/default/files/2025-05/Monthly-Bulletin-month-of-August-2019.pdf
2019,8,20-20-0-13(UAP),21600.0,https://fert.gov.in/sites/default/files/2025-05/Monthly-Bulletin-month-of-August-2019.pdf
2019,8,24-24-0,25362.963,https://fert.gov.in/sites/default/files/2025-05/Monthly-Bulletin-month-of-August-2019.pdf
2019,8,24-24-0-8,25000.0,https://fert.gov.in/sites/default/files/2025-05/Monthly-Bulletin-month-of-August-2019.pdf
2019,8,28-28-0,27266.667,https://fert.gov.in/sites/default/files/2025-05/Monthly-Bulletin-month-of-August-2019.pdf
2019,8,Amm Sulphate,13213.6,https://fert.gov.in/sites/default/files/2025-05/Monthly-Bulletin-month-of-August-2019.pdf
2019,8,Boronated 12-32-16,25582.759,https://fert.gov.in/sites/default/files/2025-05/Monthly-Bulletin-month-of-August-2019.pdf
2019,8,City Compost,4401.644,https://fert.gov.in/sites/default/files/2025-05/Monthly-Bulletin-month-of-August-2019.pdf
2019,8,DAP,26628.207,https://fert.gov.in/sites/default/files/2025-05/Monthly-Bulletin-month-of-August-2019.pdf
2019,8,Imported 10-26-26,25245.455,https://fert.gov.in/sites/default/files/2025-05/Monthly-Bulletin-month-of-August-2019.pdf
2019,8,Imported 12-32-16,24895.47,https://fert.gov.in/sites/default/files/2025-05/Monthly-Bulletin-month-of-August-2019.pdf
2019,8,Imported 15-15-15-9,18400.0,https://fert.gov.in/sites/default/files/2025-05/Monthly-Bulletin-month-of-August-2019.pdf
2019,8,Imported 16-16-16,21496.659,https://fert.gov.in/sites/default/files/2025-05/Monthly-Bulletin-month-of-August-2019.pdf
2019,8,Imported 16-20-0-13,19200.0,https://fert.gov.in/sites/default/files/2025-05/Monthly-Bulletin-month-of-August-2019.pdf
2019,8,Imported 20-20-0-13,19467.913,https://fert.gov.in/sites/default/files/2025-05/Monthly-Bulletin-month-of-August-2019.pdf
2019,8,Imported DAP,26164.351,https://fert.gov.in/sites/default/files/2025-05/Monthly-Bulletin-month-of-August-2019.pdf
2019,8,MOP,18983.969,https://fert.gov.in/sites/default/files/2025-05/Monthly-Bulletin-month-of-August-2019.pdf
2019,8,SSP-Boronated,8525.212,https://fert.gov.in/sites/default/files/2025-05/Monthly-Bulletin-month-of-August-2019.pdf
2019,8,SSP-Granular,8299.388,https://fert.gov.in/sites/default/files/2025-05/Monthly-Bulletin-month-of-August-2019.pdf
2019,8,SSP-Powdered,7931.662,https://fert.gov.in/sites/default/files/2025-05/Monthly-Bulletin-month-of-August-2019.pdf
2019,8,SSP-Zincated(Granular),8205.839,https://fert.gov.in/sites/default/files/2025-05/Monthly-Bulletin-month-of-August-2019.pdf
2019,8,SSP-Zincated(Powder),7779.04,https://fert.gov.in/sites/default/files/2025-05/Monthly-Bulletin-month-of-August-2019.pdf
2019,8,SSP-Zincated-Boronated(Granular),8995.84,https://fert.gov.in/sites/default/files/2025-05/Monthly-Bulletin-month-of-August-2019.pdf
2019,8,Urea,5360.0,https://fert.gov.in/sites/default/files/2025-05/Monthly-Bulletin-month-of-August-2019.pdf
2019,8,Zincated 20-20-0-13,21900.0,https://fert.gov.in/sites/default/files/2025-05/Monthly-Bulletin-month-of-August-2019.pdf
2019,9,12-32-16,24762.17,https://fert.gov.in/sites/default/files/2025-05/Monthly-Bulletin-month-of-September-2019.pdf
2019,9,14-35-14,26579.74,https://fert.gov.in/sites/default/files/2025-05/Monthly-Bulletin-month-of-September-2019.pdf
2019,9,15-15-15,21200.0,https://fert.gov.in/sites/default/files/2025-05/Monthly-Bulletin-month-of-September-2019.pdf
2019,9,16-16-16,22000.0,https://fert.gov.in/sites/default/files/2025-05/Monthly-Bulletin-month-of-September-2019.pdf
2019,9,16-20-0-13,19317.07,https://fert.gov.in/sites/default/files/2025-05/Monthly-Bulletin-month-of-September-2019.pdf
2019,9,17-17-17,25000.0,https://fert.gov.in/sites/default/files/2025-05/Monthly-Bulletin-month-of-September-2019.pdf
2019,9,19-19-19,27312.94,https://fert.gov.in/sites/default/files/2025-05/Monthly-Bulletin-month-of-September-2019.pdf
2019,9,20-20-0,19900.0,https://fert.gov.in/sites/default/files/2025-05/Monthly-Bulletin-month-of-September-2019.pdf
2019,9,20-20-0-13,20626.39,https://fert.gov.in/sites/default/files/2025-05/Monthly-Bulletin-month-of-September-2019.pdf
2019,9,20-20-0-13(UAP),21600.0,https://fert.gov.in/sites/default/files/2025-05/Monthly-Bulletin-month-of-September-2019.pdf
2019,9,24-24-0,26800.0,https://fert.gov.in/sites/default/files/2025-05/Monthly-Bulletin-month-of-September-2019.pdf
2019,9,24-24-0-8,24833.33,https://fert.gov.in/sites/default/files/2025-05/Monthly-Bulletin-month-of-September-2019.pdf
2019,9,26-10-2026,25984.39,https://fert.gov.in/sites/default/files/2025-05/Monthly-Bulletin-month-of-September-2019.pdf
2019,9,28-28-0,26849.76,https://fert.gov.in/sites/default/files/2025-05/Monthly-Bulletin-month-of-September-2019.pdf
2019,9,Amm Sulphate,13186.86,https://fert.gov.in/sites/default/files/2025-05/Monthly-Bulletin-month-of-September-2019.pdf
2019,9,Boronated 12-32-16,25100.0,https://fert.gov.in/sites/default/files/2025-05/Monthly-Bulletin-month-of-September-2019.pdf
2019,9,City Compost,4528.38,https://fert.gov.in/sites/default/files/2025-05/Monthly-Bulletin-month-of-September-2019.pdf
2019,9,DAP,26487.49,https://fert.gov.in/sites/default/files/2025-05/Monthly-Bulletin-month-of-September-2019.pdf
2019,9,Imported 10-26-26,24900.0,https://fert.gov.in/sites/default/files/2025-05/Monthly-Bulletin-month-of-September-2019.pdf
2019,9,Imported 12-32-16,24034.66,https://fert.gov.in/sites/default/files/2025-05/Monthly-Bulletin-month-of-September-2019.pdf
2019,9,Imported 15-15-15-9,18400.0,https://fert.gov.in/sites/default/files/2025-05/Monthly-Bulletin-month-of-September-2019.pdf
2019,9,Imported 16-16-16,21488.47,https://fert.gov.in/sites/default/files/2025-05/Monthly-Bulletin-month-of-September-2019.pdf
2019,9,Imported 16-20-0-13,19200.0,https://fert.gov.in/sites/default/files/2025-05/Monthly-Bulletin-month-of-September-2019.pdf
2019,9,Imported 20-20-0-13,19857.08,https://fert.gov.in/sites/default/files/2025-05/Monthly-Bulletin-month-of-September-2019.pdf
2019,9,Imported DAP,25680.63,https://fert.gov.in/sites/default/files/2025-05/Monthly-Bulletin-month-of-September-2019.pdf
2019,9,Imported Neem Coated Urea(45 Kg),25500.0,https://fert.gov.in/sites/default/files/2025-05/Monthly-Bulletin-month-of-September-2019.pdf
2019,9,MOP,18984.98,https://fert.gov.in/sites/default/files/2025-05/Monthly-Bulletin-month-of-September-2019.pdf
2019,9,Neem Coated Urea(45 Kg),25000.0,https://fert.gov.in/sites/default/files/2025-05/Monthly-Bulletin-month-of-September-2019.pdf
2019,9,SSP-Boronated,8457.75,https://fert.gov.in/sites/default/files/2025-05/Monthly-Bulletin-month-of-September-2019.pdf
2019,9,SSP-Granular,8170.4,https://fert.gov.in/sites/default/files/2025-05/Monthly-Bulletin-month-of-September-2019.pdf
2019,9,SSP-Powdered,7771.9,https://fert.gov.in/sites/default/files/2025-05/Monthly-Bulletin-month-of-September-2019.pdf
2019,9,SSP-Zincated(Granular),8212.92,https://fert.gov.in/sites/default/files/2025-05/Monthly-Bulletin-month-of-September-2019.pdf
2019,9,SSP-Zincated(Powder),7770.13,https://fert.gov.in/sites/default/files/2025-05/Monthly-Bulletin-month-of-September-2019.pdf
2019,9,SSP-Zincated-Boronated(Granular),9087.1,https://fert.gov.in/sites/default/files/2025-05/Monthly-Bulletin-month-of-September-2019.pdf
2019,9,Urea,5360.0,https://fert.gov.in/sites/default/files/2025-05/Monthly-Bulletin-month-of-September-2019.pdf
2019,9,Zincated 20-20-0-13,21450.0,https://fert.gov.in/sites/default/files/2025-05/Monthly-Bulletin-month-of-September-2019.pdf
2019,10,10-26-26,24706.5,https://fert.gov.in/sites/default/files/2025-05/Monthly-Bulletin-month-October-2019.pdf
2019,10,12-32-16,24918.57,https://fert.gov.in/sites/default/files/2025-05/Monthly-Bulletin-month-October-2019.pdf
2019,10,14-35-14,26403.02,https://fert.gov.in/sites/default/files/2025-05/Monthly-Bulletin-month-October-2019.pdf
2019,10,15-15-15,21200.0,https://fert.gov.in/sites/default/files/2025-05/Monthly-Bulletin-month-October-2019.pdf
2019,10,15-15-15-9,20000.0,https://fert.gov.in/sites/default/files/2025-05/Monthly-Bulletin-month-October-2019.pdf
2019,10,16-16-16,22470.46,https://fert.gov.in/sites/default/files/2025-05/Monthly-Bulletin-month-October-2019.pdf
2019,10,16-20-0-13,19000.0,https://fert.gov.in/sites/default/files/2025-05/Monthly-Bulletin-month-October-2019.pdf
2019,10,17-17-17,25000.0,https://fert.gov.in/sites/default/files/2025-05/Monthly-Bulletin-month-October-2019.pdf
2019,10,19-19-19,27654.0,https://fert.gov.in/sites/default/files/2025-05/Monthly-Bulletin-month-October-2019.pdf
2019,10,20-20-0,19900.0,https://fert.gov.in/sites/default/files/2025-05/Monthly-Bulletin-month-October-2019.pdf
2019,10,20-20-0-13,20454.48,https://fert.gov.in/sites/default/files/2025-05/Monthly-Bulletin-month-October-2019.pdf
2019,10,20-20-0-13(UAP),21600.0,https://fert.gov.in/sites/default/files/2025-05/Monthly-Bulletin-month-October-2019.pdf
2019,10,24-24-0,24571.43,https://fert.gov.in/sites/default/files/2025-05/Monthly-Bulletin-month-October-2019.pdf
2019,10,24-24-0-8,24200.0,https://fert.gov.in/sites/default/files/2025-05/Monthly-Bulletin-month-October-2019.pdf
2019,10,28-28-0,26500.0,https://fert.gov.in/sites/default/files/2025-05/Monthly-Bulletin-month-October-2019.pdf
2019,10,Amm Sulphate,13207.94,https://fert.gov.in/sites/default/files/2025-05/Monthly-Bulletin-month-October-2019.pdf
2019,10,Boronated 12-32-16,24825.81,https://fert.gov.in/sites/default/files/2025-05/Monthly-Bulletin-month-October-2019.pdf
2019,10,City Compost,4204.91,https://fert.gov.in/sites/default/files/2025-05/Monthly-Bulletin-month-October-2019.pdf
2019,10,DAP,25657.31,https://fert.gov.in/sites/default/files/2025-05/Monthly-Bulletin-month-October-2019.pdf
2019,10,Imported 10-26-26,24400.0,https://fert.gov.in/sites/default/files/2025-05/Monthly-Bulletin-month-October-2019.pdf
2019,10,Imported 12-32-16,24064.1,https://fert.gov.in/sites/default/files/2025-05/Monthly-Bulletin-month-October-2019.pdf
2019,10,Imported 15-15-15-9,18400.0,https://fert.gov.in/sites/default/files/2025-05/Monthly-Bulletin-month-October-2019.pdf
2019,10,Imported 16-16-16,21487.5,https://fert.gov.in/sites/default/files/2025-05/Monthly-Bulletin-month-October-2019.pdf
2019,10,Imported 16-20-0-13,18883.33,https://fert.gov.in/sites/default/files/2025-05/Monthly-Bulletin-month-October-2019.pdf
2019,10,Imported 20-20-0-13,20239.25,https://fert.gov.in/sites/default/files/2025-05/Monthly-Bulletin-month-October-2019.pdf
2019,10,Imported DAP,25300.55,https://fert.gov.in/sites/default/files/2025-05/Monthly-Bulletin-month-October-2019.pdf
2019,10,MOP,18981.69,https://fert.gov.in/sites/default/files/2025-05/Monthly-Bulletin-month-October-2019.pdf
2019,10,SSP-Boronated,8400.01,https://fert.gov.in/sites/default/files/2025-05/Monthly-Bulletin-month-October-2019.pdf
2019,10,SSP-Granular,8138.14,https://fert.gov.in/sites/default/files/2025-05/Monthly-Bulletin-month-October-2019.pdf
2019,10,SSP-Powdered,7808.04,https://fert.gov.in/sites/default/files/2025-05/Monthly-Bulletin-month-October-2019.pdf
2019,10,SSP-Zincated(Granular),8222.44,https://fert.gov.in/sites/default/files/2025-05/Monthly-Bulletin-month-October-2019.pdf
2019,10,SSP-Zincated(Powder),7760.0,https://fert.gov.in/sites/default/files/2025-05/Monthly-Bulletin-month-October-2019.pdf
2019,10,SSP-Zincated-Boronated(Granular),9304.18,https://fert.gov.in/sites/default/files/2025-05/Monthly-Bulletin-month-October-2019.pdf
2019,10,Urea,5360.0,https://fert.gov.in/sites/default/files/2025-05/Monthly-Bulletin-month-October-2019.pdf
2019,10,Zincated 20-20-0-13,21000.0,https://fert.gov.in/sites/default/files/2025-05/Monthly-Bulletin-month-October-2019.pdf
2019,12,10-26-26,24358.8,https://fert.gov.in/sites/default/files/2025-05/Monthly-Bulletin-December-2019.pdf
2019,12,12-32-16,24542.7,https://fert.gov.in/sites/default/files/2025-05/Monthly-Bulletin-December-2019.pdf
2019,12,14-35-14,25733.3,https://fert.gov.in/sites/default/files/2025-05/Monthly-Bulletin-December-2019.pdf
2019,12,15-15-15,21200.0,https://fert.gov.in/sites/default/files/2025-05/Monthly-Bulletin-December-2019.pdf
2019,12,15-15-15-9,20800.0,https://fert.gov.in/sites/default/files/2025-05/Monthly-Bulletin-December-2019.pdf
2019,12,16-20-0-13,19000.0,https://fert.gov.in/sites/default/files/2025-05/Monthly-Bulletin-December-2019.pdf
2019,12,17-17-17,25000.0,https://fert.gov.in/sites/default/files/2025-05/Monthly-Bulletin-December-2019.pdf
2019,12,19-19-19,25700.0,https://fert.gov.in/sites/default/files/2025-05/Monthly-Bulletin-December-2019.pdf
2019,12,20-20-0,19900.0,https://fert.gov.in/sites/default/files/2025-05/Monthly-Bulletin-December-2019.pdf
2019,12,20-20-0-13,20134.3,https://fert.gov.in/sites/default/files/2025-05/Monthly-Bulletin-December-2019.pdf
2019,12,20-20-0-13(UAP),21600.0,https://fert.gov.in/sites/default/files/2025-05/Monthly-Bulletin-December-2019.pdf
2019,12,24-24-0,24400.0,https://fert.gov.in/sites/default/files/2025-05/Monthly-Bulletin-December-2019.pdf
2019,12,24-24-0-8,24200.0,https://fert.gov.in/sites/default/files/2025-05/Monthly-Bulletin-December-2019.pdf
2019,12,28-28-0,25780.8,https://fert.gov.in/sites/default/files/2025-05/Monthly-Bulletin-December-2019.pdf
2019,12,Amm Sulphate,13156.3,https://fert.gov.in/sites/default/files/2025-05/Monthly-Bulletin-December-2019.pdf
2019,12,Boronated 12-32-16,24600.0,https://fert.gov.in/sites/default/files/2025-05/Monthly-Bulletin-December-2019.pdf
2019,12,City Compost,4321.34,https://fert.gov.in/sites/default/files/2025-05/Monthly-Bulletin-December-2019.pdf
2019,12,DAP,25226.9,https://fert.gov.in/sites/default/files/2025-05/Monthly-Bulletin-December-2019.pdf
2019,12,Imported 10-26-26,24154.5,https://fert.gov.in/sites/default/files/2025-05/Monthly-Bulletin-December-2019.pdf
2019,12,Imported 12-32-16,24058.2,https://fert.gov.in/sites/default/files/2025-05/Monthly-Bulletin-December-2019.pdf
2019,12,Imported 15-15-15-9,18400.0,https://fert.gov.in/sites/default/files/2025-05/Monthly-Bulletin-December-2019.pdf
2019,12,Imported 16-16-16,21484.8,https://fert.gov.in/sites/default/files/2025-05/Monthly-Bulletin-December-2019.pdf
2019,12,Imported 16-20-0-13,18700.0,https://fert.gov.in/sites/default/files/2025-05/Monthly-Bulletin-December-2019.pdf
2019,12,Imported 20-20-0-13,20161.8,https://fert.gov.in/sites/default/files/2025-05/Monthly-Bulletin-December-2019.pdf
2019,12,Imported DAP,24340.7,https://fert.gov.in/sites/default/files/2025-05/Monthly-Bulletin-December-2019.pdf
2019,12,MOP,18972.4,https://fert.gov.in/sites/default/files/2025-05/Monthly-Bulletin-December-2019.pdf
2019,12,SSP-Boronated,8530.82,https://fert.gov.in/sites/default/files/2025-05/Monthly-Bulletin-December-2019.pdf
2019,12,SSP-Granular,8288.94,https://fert.gov.in/sites/default/files/2025-05/Monthly-Bulletin-December-2019.pdf
2019,12,SSP-Powdered,7931.94,https://fert.gov.in/sites/default/files/2025-05/Monthly-Bulletin-December-2019.pdf
2019,12,SSP-Zincated(Granular),8297.6,https://fert.gov.in/sites/default/files/2025-05/Monthly-Bulletin-December-2019.pdf
2019,12,SSP-Zincated(Powder),7872.76,https://fert.gov.in/sites/default/files/2025-05/Monthly-Bulletin-December-2019.pdf
2019,12,SSP-Zincated-Boronated(Granular),9277.16,https://fert.gov.in/sites/default/files/2025-05/Monthly-Bulletin-December-2019.pdf
2019,12,Urea,5360.0,https://fert.gov.in/sites/default/files/2025-05/Monthly-Bulletin-December-2019.pdf
2019,12,Zincated 20-20-0-13,21603.3,https://fert.gov.in/sites/default/files/2025-05/Monthly-Bulletin-December-2019.pdf
2019,12,Zincated DAP,25500.0,https://fert.gov.in/sites/default/files/2025-05/Monthly-Bulletin-December-2019.pdf
2020,1,10-26-26,24342.24,https://fert.gov.in/sites/default/files/2025-05/Monthly-Bulletin-January-2020.pdf
2020,1,12-32-16,24540.68,https://fert.gov.in/sites/default/files/2025-05/Monthly-Bulletin-January-2020.pdf
2020,1,14-35-14,25731.06,https://fert.gov.in/sites/default/files/2025-05/Monthly-Bulletin-January-2020.pdf
2020,1,15-15-15,21200.0,https://fert.gov.in/sites/default/files/2025-05/Monthly-Bulletin-January-2020.pdf
2020,1,15-15-15-9,20800.0,https://fert.gov.in/sites/default/files/2025-05/Monthly-Bulletin-January-2020.pdf
2020,1,16-20-0-13,19052.0,https://fert.gov.in/sites/default/files/2025-05/Monthly-Bulletin-January-2020.pdf
2020,1,17-17-17,25000.0,https://fert.gov.in/sites/default/files/2025-05/Monthly-Bulletin-January-2020.pdf
2020,1,19-19-19,25700.0,https://fert.gov.in/sites/default/files/2025-05/Monthly-Bulletin-January-2020.pdf
2020,1,20-20-0,19000.0,https://fert.gov.in/sites/default/files/2025-05/Monthly-Bulletin-January-2020.pdf
2020,1,20-20-0-13,20092.74,https://fert.gov.in/sites/default/files/2025-05/Monthly-Bulletin-January-2020.pdf
2020,1,20-20-0-13(UAP),21600.0,https://fert.gov.in/sites/default/files/2025-05/Monthly-Bulletin-January-2020.pdf
2020,1,24-24-0,24400.0,https://fert.gov.in/sites/default/files/2025-05/Monthly-Bulletin-January-2020.pdf
2020,1,24-24-0-8,24200.0,https://fert.gov.in/sites/default/files/2025-05/Monthly-Bulletin-January-2020.pdf
2020,1,28-28-0,25510.57,https://fert.gov.in/sites/default/files/2025-05/Monthly-Bulletin-January-2020.pdf
2020,1,Amm Sulphate,13166.31,https://fert.gov.in/sites/default/files/2025-05/Monthly-Bulletin-January-2020.pdf
2020,1,Boronated 12-32-16,24600.0,https://fert.gov.in/sites/default/files/2025-05/Monthly-Bulletin-January-2020.pdf
2020,1,City Compost,4269.29,https://fert.gov.in/sites/default/files/2025-05/Monthly-Bulletin-January-2020.pdf
2020,1,DAP,25155.1,https://fert.gov.in/sites/default/files/2025-05/Monthly-Bulletin-January-2020.pdf
2020,1,Imported 10-26-26,23500.0,https://fert.gov.in/sites/default/files/2025-05/Monthly-Bulletin-January-2020.pdf
2020,1,Imported 12-32-16,23925.8,https://fert.gov.in/sites/default/files/2025-05/Monthly-Bulletin-January-2020.pdf
2020,1,Imported 15-15-15-9,18400.0,https://fert.gov.in/sites/default/files/2025-05/Monthly-Bulletin-January-2020.pdf
2020,1,Imported 16-16-16,21485.26,https://fert.gov.in/sites/default/files/2025-05/Monthly-Bulletin-January-2020.pdf
2020,1,Imported 16-20-0-13,18700.0,https://fert.gov.in/sites/default/files/2025-05/Monthly-Bulletin-January-2020.pdf
2020,1,Imported 20-20-0-13,20121.17,https://fert.gov.in/sites/default/files/2025-05/Monthly-Bulletin-January-2020.pdf
2020,1,Imported DAP,24262.32,https://fert.gov.in/sites/default/files/2025-05/Monthly-Bulletin-January-2020.pdf
2020,1,MOP,18977.32,https://fert.gov.in/sites/default/files/2025-05/Monthly-Bulletin-January-2020.pdf
2020,1,SSP-Boronated,8496.28,https://fert.gov.in/sites/default/files/2025-05/Monthly-Bulletin-January-2020.pdf
2020,1,SSP-Granular,8256.97,https://fert.gov.in/sites/default/files/2025-05/Monthly-Bulletin-January-2020.pdf
2020,1,SSP-Powdered,7901.79,https://fert.gov.in/sites/default/files/2025-05/Monthly-Bulletin-January-2020.pdf
2020,1,SSP-Zincated(Granular),8267.98,https://fert.gov.in/sites/default/files/2025-05/Monthly-Bulletin-January-2020.pdf
2020,1,SSP-Zincated(Powder),7855.48,https://fert.gov.in/sites/default/files/2025-05/Monthly-Bulletin-January-2020.pdf
2020,1,SSP-Zincated-Boronated(Granular),9069.18,https://fert.gov.in/sites/default/files/2025-05/Monthly-Bulletin-January-2020.pdf
2020,1,Urea,5360.0,https://fert.gov.in/sites/default/files/2025-05/Monthly-Bulletin-January-2020.pdf
2020,1,Zincated 20-20-0-13,21588.25,https://fert.gov.in/sites/default/files/2025-05/Monthly-Bulletin-January-2020.pdf
2020,1,Zincated DAP,25500.0,https://fert.gov.in/sites/default/files/2025-05/Monthly-Bulletin-January-2020.pdf
2020,2,12-32-16,24529.31,https://fert.gov.in/sites/default/files/2025-05/monthly_bulletin_f.pdf
2020,2,14-35-14,25735.14,https://fert.gov.in/sites/default/files/2025-05/monthly_bulletin_f.pdf
2020,2,15-15-15,21200.0,https://fert.gov.in/sites/default/files/2025-05/monthly_bulletin_f.pdf
2020,2,15-15-15-9,20800.0,https://fert.gov.in/sites/default/files/2025-05/monthly_bulletin_f.pdf
2020,2,16-20-0-13,19000.0,https://fert.gov.in/sites/default/files/2025-05/monthly_bulletin_f.pdf
2020,2,17-17-17,25000.0,https://fert.gov.in/sites/default/files/2025-05/monthly_bulletin_f.pdf
2020,2,2.5,2.0,https://fert.gov.in/sites/default/files/2025-05/monthly_bulletin_f.pdf
2020,2,20-20-0,19000.0,https://fert.gov.in/sites/default/files/2025-05/monthly_bulletin_f.pdf
2020,2,20-20-0-13,20157.19,https://fert.gov.in/sites/default/files/2025-05/monthly_bulletin_f.pdf
2020,2,20-20-0-13(UAP),21600.0,https://fert.gov.in/sites/default/files/2025-05/monthly_bulletin_f.pdf
2020,2,24-24-0,24400.0,https://fert.gov.in/sites/default/files/2025-05/monthly_bulletin_f.pdf
2020,2,24-24-0-8,24200.0,https://fert.gov.in/sites/default/files/2025-05/monthly_bulletin_f.pdf
2020,2,26-10-2026,24339.58,https://fert.gov.in/sites/default/files/2025-05/monthly_bulletin_f.pdf
2020,2,28-28-0,25502.86,https://fert.gov.in/sites/default/files/2025-05/monthly_bulletin_f.pdf
2020,2,4.5,4.0,https://fert.gov.in/sites/default/files/2025-05/monthly_bulletin_f.pdf
2020,2,Amm Sulphate,13154.36,https://fert.gov.in/sites/default/files/2025-05/monthly_bulletin_f.pdf
2020,2,Boronated 12-32-16,24600.0,https://fert.gov.in/sites/default/files/2025-05/monthly_bulletin_f.pdf
2020,2,City Compost,4542.65,https://fert.gov.in/sites/default/files/2025-05/monthly_bulletin_f.pdf
2020,2,DAP,25152.2,https://fert.gov.in/sites/default/files/2025-05/monthly_bulletin_f.pdf
2020,2,Imported 10-26-26,23855.56,https://fert.gov.in/sites/default/files/2025-05/monthly_bulletin_f.pdf
2020,2,Imported 12-32-16,23745.65,https://fert.gov.in/sites/default/files/2025-05/monthly_bulletin_f.pdf
2020,2,Imported 15-15-15-9,18400.0,https://fert.gov.in/sites/default/files/2025-05/monthly_bulletin_f.pdf
2020,2,Imported 16-16-16,21482.35,https://fert.gov.in/sites/default/files/2025-05/monthly_bulletin_f.pdf
2020,2,Imported 16-20-0-13,18700.0,https://fert.gov.in/sites/default/files/2025-05/monthly_bulletin_f.pdf
2020,2,Imported 20-20-0-13,20171.2,https://fert.gov.in/sites/default/files/2025-05/monthly_bulletin_f.pdf
2020,2,Imported DAP,24248.26,https://fert.gov.in/sites/default/files/2025-05/monthly_bulletin_f.pdf
2020,2,MOP,18976.87,https://fert.gov.in/sites/default/files/2025-05/monthly_bulletin_f.pdf
2020,2,SSP-Boronated,8432.36,https://fert.gov.in/sites/default/files/2025-05/monthly_bulletin_f.pdf
2020,2,SSP-Granular,8247.04,https://fert.gov.in/sites/default/files/2025-05/monthly_bulletin_f.pdf
2020,2,SSP-Powdered,7880.29,https://fert.gov.in/sites/default/files/2025-05/monthly_bulletin_f.pdf
2020,2,SSP-Zincated(Granular),8349.95,https://fert.gov.in/sites/default/files/2025-05/monthly_bulletin_f.pdf
2020,2,SSP-Zincated(Powder),7783.74,https://fert.gov.in/sites/default/files/2025-05/monthly_bulletin_f.pdf
2020,2,SSP-Zincated-Boronated(Granular),9379.88,https://fert.gov.in/sites/default/files/2025-05/monthly_bulletin_f.pdf
2020,2,Urea,5360.0,https://fert.gov.in/sites/default/files/2025-05/monthly_bulletin_f.pdf
2020,2,Zincated 20-20-0-13,21577.42,https://fert.gov.in/sites/default/files/2025-05/monthly_bulletin_f.pdf
2020,3,0.29,0.18,https://fert.gov.in/sites/default/files/2025-05/Monthly-Bulletin-for-the-month-of-March-2020.pdf
2020,3,12-32-16,24668.04,https://fert.gov.in/sites/default/files/2025-05/Monthly-Bulletin-for-the-month-of-March-2020.pdf
2020,3,14-35-14,25732.6,https://fert.gov.in/sites/default/files/2025-05/Monthly-Bulletin-for-the-month-of-March-2020.pdf
2020,3,15-15-15,21200.0,https://fert.gov.in/sites/default/files/2025-05/Monthly-Bulletin-for-the-month-of-March-2020.pdf
2020,3,15-15-15-9,20800.0,https://fert.gov.in/sites/default/files/2025-05/Monthly-Bulletin-for-the-month-of-March-2020.pdf
2020,3,16-20-0-13,19000.0,https://fert.gov.in/sites/default/files/2025-05/Monthly-Bulletin-for-the-month-of-March-2020.pdf
2020,3,17-17-17,26036.87,https://fert.gov.in/sites/default/files/2025-05/Monthly-Bulletin-for-the-month-of-March-2020.pdf
2020,3,2.5,2.0,https://fert.gov.in/sites/default/files/2025-05/Monthly-Bulletin-for-the-month-of-March-2020.pdf
2020,3,20-20-0,19000.0,https://fert.gov.in/sites/default/files/2025-05/Monthly-Bulletin-for-the-month-of-March-2020.pdf
2020,3,20-20-0-13,20134.15,https://fert.gov.in/sites/default/files/2025-05/Monthly-Bulletin-for-the-month-of-March-2020.pdf
2020,3,20-20-0-13(UAP),21600.0,https://fert.gov.in/sites/default/files/2025-05/Monthly-Bulletin-for-the-month-of-March-2020.pdf
2020,3,24-24-0,24400.0,https://fert.gov.in/sites/default/files/2025-05/Monthly-Bulletin-for-the-month-of-March-2020.pdf
2020,3,24-24-0-8,24200.0,https://fert.gov.in/sites/default/files/2025-05/Monthly-Bulletin-for-the-month-of-March-2020.pdf
2020,3,26-10-2026,24462.15,https://fert.gov.in/sites/default/files/2025-05/Monthly-Bulletin-for-the-month-of-March-2020.pdf
2020,3,28-28-0,25503.53,https://fert.gov.in/sites/default/files/2025-05/Monthly-Bulletin-for-the-month-of-March-2020.pdf
2020,3,3.5,2.66,https://fert.gov.in/sites/default/files/2025-05/Monthly-Bulletin-for-the-month-of-March-2020.pdf
2020,3,Amm Sulphate,13176.14,https://fert.gov.in/sites/default/files/2025-05/Monthly-Bulletin-for-the-month-of-March-2020.pdf
2020,3,Boronated 12-32-16,24600.0,https://fert.gov.in/sites/default/files/2025-05/Monthly-Bulletin-for-the-month-of-March-2020.pdf
2020,3,City Compost,4511.22,https://fert.gov.in/sites/default/files/2025-05/Monthly-Bulletin-for-the-month-of-March-2020.pdf
2020,3,DAP,25215.77,https://fert.gov.in/sites/default/files/2025-05/Monthly-Bulletin-for-the-month-of-March-2020.pdf
2020,3,Imported 10-26-26,23500.0,https://fert.gov.in/sites/default/files/2025-05/Monthly-Bulletin-for-the-month-of-March-2020.pdf
2020,3,Imported 12-32-16,23704.45,https://fert.gov.in/sites/default/files/2025-05/Monthly-Bulletin-for-the-month-of-March-2020.pdf
2020,3,Imported 15-15-15-9,18400.0,https://fert.gov.in/sites/default/files/2025-05/Monthly-Bulletin-for-the-month-of-March-2020.pdf
2020,3,Imported 16-16-16,21483.78,https://fert.gov.in/sites/default/files/2025-05/Monthly-Bulletin-for-the-month-of-March-2020.pdf
2020,3,Imported 16-20-0-13,18700.0,https://fert.gov.in/sites/default/files/2025-05/Monthly-Bulletin-for-the-month-of-March-2020.pdf
2020,3,Imported 20-20-0-13,20080.21,https://fert.gov.in/sites/default/files/2025-05/Monthly-Bulletin-for-the-month-of-March-2020.pdf
2020,3,Imported DAP,24171.81,https://fert.gov.in/sites/default/files/2025-05/Monthly-Bulletin-for-the-month-of-March-2020.pdf
2020,3,MOP,18983.0,https://fert.gov.in/sites/default/files/2025-05/Monthly-Bulletin-for-the-month-of-March-2020.pdf
2020,3,Neem Coated Urea(45 Kg),25000.0,https://fert.gov.in/sites/default/files/2025-05/Monthly-Bulletin-for-the-month-of-March-2020.pdf
2020,3,SSP-Boronated,8480.62,https://fert.gov.in/sites/default/files/2025-05/Monthly-Bulletin-for-the-month-of-March-2020.pdf
2020,3,SSP-Granular,8210.49,https://fert.gov.in/sites/default/files/2025-05/Monthly-Bulletin-for-the-month-of-March-2020.pdf
2020,3,SSP-Powdered,7879.75,https://fert.gov.in/sites/default/files/2025-05/Monthly-Bulletin-for-the-month-of-March-2020.pdf
2020,3,SSP-Zincated(Granular),8370.12,https://fert.gov.in/sites/default/files/2025-05/Monthly-Bulletin-for-the-month-of-March-2020.pdf
2020,3,SSP-Zincated(Powder),7815.85,https://fert.gov.in/sites/default/files/2025-05/Monthly-Bulletin-for-the-month-of-March-2020.pdf
2020,3,SSP-Zincated-Boronated(Granular),8843.29,https://fert.gov.in/sites/default/files/2025-05/Monthly-Bulletin-for-the-month-of-March-2020.pdf
2020,3,Urea,5360.0,https://fert.gov.in/sites/default/files/2025-05/Monthly-Bulletin-for-the-month-of-March-2020.pdf
2020,3,Zincated 20-20-0-13,21579.39,https://fert.gov.in/sites/default/files/2025-05/Monthly-Bulletin-for-the-month-of-March-2020.pdf
2020,4,10.26.26,24398.48,https://fert.gov.in/sites/default/files/2025-05/Monthly-Bulletin-for-the-month-of-April-2020.pdf
2020,4,12-32-16,24555.81,https://fert.gov.in/sites/default/files/2025-05/Monthly-Bulletin-for-the-month-of-April-2020.pdf
2020,4,14-35-14,25791.71,https://fert.gov.in/sites/default/files/2025-05/Monthly-Bulletin-for-the-month-of-April-2020.pdf
2020,4,15-15-15,21200.0,https://fert.gov.in/sites/default/files/2025-05/Monthly-Bulletin-for-the-month-of-April-2020.pdf
2020,4,15-15-15-9,20800.0,https://fert.gov.in/sites/default/files/2025-05/Monthly-Bulletin-for-the-month-of-April-2020.pdf
2020,4,16-20-0-13,19000.0,https://fert.gov.in/sites/default/files/2025-05/Monthly-Bulletin-for-the-month-of-April-2020.pdf
2020,4,17-17-17,25000.0,https://fert.gov.in/sites/default/files/2025-05/Monthly-Bulletin-for-the-month-of-April-2020.pdf
2020,4,20-20-0,19000.0,https://fert.gov.in/sites/default/files/2025-05/Monthly-Bulletin-for-the-month-of-April-2020.pdf
2020,4,20-20-0-13,20074.64,https://fert.gov.in/sites/default/files/2025-05/Monthly-Bulletin-for-the-month-of-April-2020.pdf
2020,4,20-20-0-13(UAP),21600.0,https://fert.gov.in/sites/default/files/2025-05/Monthly-Bulletin-for-the-month-of-April-2020.pdf
2020,4,24-24-0,24400.0,https://fert.gov.in/sites/default/files/2025-05/Monthly-Bulletin-for-the-month-of-April-2020.pdf
2020,4,24-24-0-8,24200.0,https://fert.gov.in/sites/default/files/2025-05/Monthly-Bulletin-for-the-month-of-April-2020.pdf
2020,4,28-28-0,25520.78,https://fert.gov.in/sites/default/files/2025-05/Monthly-Bulletin-for-the-month-of-April-2020.pdf
2020,4,Amm Sulphate,13211.63,https://fert.gov.in/sites/default/files/2025-05/Monthly-Bulletin-for-the-month-of-April-2020.pdf
2020,4,Boronated 12-32-16,24600.0,https://fert.gov.in/sites/default/files/2025-05/Monthly-Bulletin-for-the-month-of-April-2020.pdf
2020,4,City Compost,4299.66,https://fert.gov.in/sites/default/files/2025-05/Monthly-Bulletin-for-the-month-of-April-2020.pdf
2020,4,DAP,24873.82,https://fert.gov.in/sites/default/files/2025-05/Monthly-Bulletin-for-the-month-of-April-2020.pdf
2020,4,Imported 10-26-26,25300.0,https://fert.gov.in/sites/default/files/2025-05/Monthly-Bulletin-for-the-month-of-April-2020.pdf
2020,4,Imported 12-32-16,23700.0,https://fert.gov.in/sites/default/files/2025-05/Monthly-Bulletin-for-the-month-of-April-2020.pdf
2020,4,Imported 15-15-15-9,18400.0,https://fert.gov.in/sites/default/files/2025-05/Monthly-Bulletin-for-the-month-of-April-2020.pdf
2020,4,Imported 16-16-16,21483.33,https://fert.gov.in/sites/default/files/2025-05/Monthly-Bulletin-for-the-month-of-April-2020.pdf
2020,4,Imported 16-20-0-13,18700.0,https://fert.gov.in/sites/default/files/2025-05/Monthly-Bulletin-for-the-month-of-April-2020.pdf
2020,4,Imported 20-20-0-13,19775.35,https://fert.gov.in/sites/default/files/2025-05/Monthly-Bulletin-for-the-month-of-April-2020.pdf
2020,4,Imported DAP,24296.49,https://fert.gov.in/sites/default/files/2025-05/Monthly-Bulletin-for-the-month-of-April-2020.pdf
2020,4,MOP,18984.94,https://fert.gov.in/sites/default/files/2025-05/Monthly-Bulletin-for-the-month-of-April-2020.pdf
2020,4,Neem Coated Urea(45 Kg),25000.0,https://fert.gov.in/sites/default/files/2025-05/Monthly-Bulletin-for-the-month-of-April-2020.pdf
2020,4,SSP-Boronated,8622.98,https://fert.gov.in/sites/default/files/2025-05/Monthly-Bulletin-for-the-month-of-April-2020.pdf
2020,4,SSP-Granular,8294.35,https://fert.gov.in/sites/default/files/2025-05/Monthly-Bulletin-for-the-month-of-April-2020.pdf
2020,4,SSP-Powdered,7896.08,https://fert.gov.in/sites/default/files/2025-05/Monthly-Bulletin-for-the-month-of-April-2020.pdf
2020,4,SSP-Zincated(Granular),8437.55,https://fert.gov.in/sites/default/files/2025-05/Monthly-Bulletin-for-the-month-of-April-2020.pdf
2020,4,SSP-Zincated(Powder),7875.64,https://fert.gov.in/sites/default/files/2025-05/Monthly-Bulletin-for-the-month-of-April-2020.pdf
2020,4,SSP-Zincated-Boronated(Granular),9527.21,https://fert.gov.in/sites/default/files/2025-05/Monthly-Bulletin-for-the-month-of-April-2020.pdf
2020,4,Urea,5360.0,https://fert.gov.in/sites/default/files/2025-05/Monthly-Bulletin-for-the-month-of-April-2020.pdf
2020,4,Zincated 20-20-0-13,21606.7,https://fert.gov.in/sites/default/files/2025-05/Monthly-Bulletin-for-the-month-of-April-2020.pdf
2020,5,12-32-16,24507.42,https://fert.gov.in/sites/default/files/2025-05/Monthly-Bulletin-may-2020.pdf
2020,5,14-35-14,25767.6,https://fert.gov.in/sites/default/files/2025-05/Monthly-Bulletin-may-2020.pdf
2020,5,15-15-15,21200.0,https://fert.gov.in/sites/default/files/2025-05/Monthly-Bulletin-may-2020.pdf
2020,5,15-15-15-9,20800.0,https://fert.gov.in/sites/default/files/2025-05/Monthly-Bulletin-may-2020.pdf
2020,5,16-20-0-13,19000.0,https://fert.gov.in/sites/default/files/2025-05/Monthly-Bulletin-may-2020.pdf
2020,5,17-17-17,25000.0,https://fert.gov.in/sites/default/files/2025-05/Monthly-Bulletin-may-2020.pdf
2020,5,19-19-19,25700.0,https://fert.gov.in/sites/default/files/2025-05/Monthly-Bulletin-may-2020.pdf
2020,5,20-20-0,19007.07,https://fert.gov.in/sites/default/files/2025-05/Monthly-Bulletin-may-2020.pdf
2020,5,20-20-0-13,19995.63,https://fert.gov.in/sites/default/files/2025-05/Monthly-Bulletin-may-2020.pdf
2020,5,20-20-0-13(UAP),21600.0,https://fert.gov.in/sites/default/files/2025-05/Monthly-Bulletin-may-2020.pdf
2020,5,24-24-0,24400.0,https://fert.gov.in/sites/default/files/2025-05/Monthly-Bulletin-may-2020.pdf
2020,5,24-24-0-8,24200.0,https://fert.gov.in/sites/default/files/2025-05/Monthly-Bulletin-may-2020.pdf
2020,5,26-10-2026,24357.69,https://fert.gov.in/sites/default/files/2025-05/Monthly-Bulletin-may-2020.pdf
2020,5,28-28-0,25520.07,https://fert.gov.in/sites/default/files/2025-05/Monthly-Bulletin-may-2020.pdf
2020,5,Amm Sulphate,13155.26,https://fert.gov.in/sites/default/files/2025-05/Monthly-Bulletin-may-2020.pdf
2020,5,Boronated 12-32-16,24600.0,https://fert.gov.in/sites/default/files/2025-05/Monthly-Bulletin-may-2020.pdf
2020,5,City Compost,4315.33,https://fert.gov.in/sites/default/files/2025-05/Monthly-Bulletin-may-2020.pdf
2020,5,DAP,24953.48,https://fert.gov.in/sites/default/files/2025-05/Monthly-Bulletin-may-2020.pdf
2020,5,Imported 10-26-26,24650.0,https://fert.gov.in/sites/default/files/2025-05/Monthly-Bulletin-may-2020.pdf
2020,5,Imported 12-32-16,23706.36,https://fert.gov.in/sites/default/files/2025-05/Monthly-Bulletin-may-2020.pdf
2020,5,Imported 15-15-15,20500.0,https://fert.gov.in/sites/default/files/2025-05/Monthly-Bulletin-may-2020.pdf
2020,5,Imported 15-15-15-9,18400.0,https://fert.gov.in/sites/default/files/2025-05/Monthly-Bulletin-may-2020.pdf
2020,5,Imported 16-16-16,21484.77,https://fert.gov.in/sites/default/files/2025-05/Monthly-Bulletin-may-2020.pdf
2020,5,Imported 16-20-0-13,18700.0,https://fert.gov.in/sites/default/files/2025-05/Monthly-Bulletin-may-2020.pdf
2020,5,Imported 20-20-0-13,20125.26,https://fert.gov.in/sites/default/files/2025-05/Monthly-Bulletin-may-2020.pdf
2020,5,Imported DAP,24484.9,https://fert.gov.in/sites/default/files/2025-05/Monthly-Bulletin-may-2020.pdf
2020,5,MOP,18675.86,https://fert.gov.in/sites/default/files/2025-05/Monthly-Bulletin-may-2020.pdf
2020,5,SSP-Boronated,8664.27,https://fert.gov.in/sites/default/files/2025-05/Monthly-Bulletin-may-2020.pdf
2020,5,SSP-Granular,8307.48,https://fert.gov.in/sites/default/files/2025-05/Monthly-Bulletin-may-2020.pdf
2020,5,SSP-Powdered,7905.86,https://fert.gov.in/sites/default/files/2025-05/Monthly-Bulletin-may-2020.pdf
2020,5,SSP-Zincated(Granular),8485.52,https://fert.gov.in/sites/default/files/2025-05/Monthly-Bulletin-may-2020.pdf
2020,5,SSP-Zincated(Powder),7906.71,https://fert.gov.in/sites/default/files/2025-05/Monthly-Bulletin-may-2020.pdf
2020,5,SSP-Zincated-Boronated(Granular),9581.42,https://fert.gov.in/sites/default/files/2025-05/Monthly-Bulletin-may-2020.pdf
2020,5,Urea,5360.0,https://fert.gov.in/sites/default/files/2025-05/Monthly-Bulletin-may-2020.pdf
2020,5,Zincated 20-20-0-13,21458.83,https://fert.gov.in/sites/default/files/2025-05/Monthly-Bulletin-may-2020.pdf
2020,5,Zincated DAP,25500.0,https://fert.gov.in/sites/default/files/2025-05/Monthly-Bulletin-may-2020.pdf
2020,6,12-32-16,24513.56,https://fert.gov.in/sites/default/files/2025-05/Monthly-Bulletin-June-2020_0.pdf
2020,6,14-35-14,25798.76,https://fert.gov.in/sites/default/files/2025-05/Monthly-Bulletin-June-2020_0.pdf
2020,6,15-15-15,21200.0,https://fert.gov.in/sites/default/files/2025-05/Monthly-Bulletin-June-2020_0.pdf
2020,6,15-15-15-9,20800.0,https://fert.gov.in/sites/default/files/2025-05/Monthly-Bulletin-June-2020_0.pdf
2020,6,16-20-0-13,18854.26,https://fert.gov.in/sites/default/files/2025-05/Monthly-Bulletin-June-2020_0.pdf
2020,6,17-17-17,25000.0,https://fert.gov.in/sites/default/files/2025-05/Monthly-Bulletin-June-2020_0.pdf
2020,6,19-19-19,25700.0,https://fert.gov.in/sites/default/files/2025-05/Monthly-Bulletin-June-2020_0.pdf
2020,6,20-20-0,19000.0,https://fert.gov.in/sites/default/files/2025-05/Monthly-Bulletin-June-2020_0.pdf
2020,6,20-20-0-13,20017.49,https://fert.gov.in/sites/default/files/2025-05/Monthly-Bulletin-June-2020_0.pdf
2020,6,20-20-0-13(UAP),21600.0,https://fert.gov.in/sites/default/files/2025-05/Monthly-Bulletin-June-2020_0.pdf
2020,6,24-24-0,24400.0,https://fert.gov.in/sites/default/files/2025-05/Monthly-Bulletin-June-2020_0.pdf
2020,6,24-24-0-8,26040.91,https://fert.gov.in/sites/default/files/2025-05/Monthly-Bulletin-June-2020_0.pdf
2020,6,26-10-2026,24365.91,https://fert.gov.in/sites/default/files/2025-05/Monthly-Bulletin-June-2020_0.pdf
2020,6,28-28-0,25515.38,https://fert.gov.in/sites/default/files/2025-05/Monthly-Bulletin-June-2020_0.pdf
2020,6,Amm Sulphate,13155.32,https://fert.gov.in/sites/default/files/2025-05/Monthly-Bulletin-June-2020_0.pdf
2020,6,Boronated 12-32-16,24600.0,https://fert.gov.in/sites/default/files/2025-05/Monthly-Bulletin-June-2020_0.pdf
2020,6,City Compost,4389.12,https://fert.gov.in/sites/default/files/2025-05/Monthly-Bulletin-June-2020_0.pdf
2020,6,DAP,24957.09,https://fert.gov.in/sites/default/files/2025-05/Monthly-Bulletin-June-2020_0.pdf
2020,6,Imported 10-26-26,23875.0,https://fert.gov.in/sites/default/files/2025-05/Monthly-Bulletin-June-2020_0.pdf
2020,6,Imported 12-32-16,23749.3,https://fert.gov.in/sites/default/files/2025-05/Monthly-Bulletin-June-2020_0.pdf
2020,6,Imported 15-15-15,20500.0,https://fert.gov.in/sites/default/files/2025-05/Monthly-Bulletin-June-2020_0.pdf
2020,6,Imported 15-15-15-9,18400.0,https://fert.gov.in/sites/default/files/2025-05/Monthly-Bulletin-June-2020_0.pdf
2020,6,Imported 16-16-16,21482.35,https://fert.gov.in/sites/default/files/2025-05/Monthly-Bulletin-June-2020_0.pdf
2020,6,Imported 16-20-0-13,18700.0,https://fert.gov.in/sites/default/files/2025-05/Monthly-Bulletin-June-2020_0.pdf
2020,6,Imported 20-20-0,26000.0,https://fert.gov.in/sites/default/files/2025-05/Monthly-Bulletin-June-2020_0.pdf
2020,6,Imported 20-20-0-13,20155.48,https://fert.gov.in/sites/default/files/2025-05/Monthly-Bulletin-June-2020_0.pdf
2020,6,Imported DAP,24447.97,https://fert.gov.in/sites/default/files/2025-05/Monthly-Bulletin-June-2020_0.pdf
2020,6,MOP,18120.84,https://fert.gov.in/sites/default/files/2025-05/Monthly-Bulletin-June-2020_0.pdf
2020,6,SSP-Boronated,8877.45,https://fert.gov.in/sites/default/files/2025-05/Monthly-Bulletin-June-2020_0.pdf
2020,6,SSP-Granular,8427.22,https://fert.gov.in/sites/default/files/2025-05/Monthly-Bulletin-June-2020_0.pdf
2020,6,SSP-Powdered,8010.8,https://fert.gov.in/sites/default/files/2025-05/Monthly-Bulletin-June-2020_0.pdf
2020,6,SSP-Zincated(Granular),8615.94,https://fert.gov.in/sites/default/files/2025-05/Monthly-Bulletin-June-2020_0.pdf
2020,6,SSP-Zincated(Powder),8092.13,https://fert.gov.in/sites/default/files/2025-05/Monthly-Bulletin-June-2020_0.pdf
2020,6,SSP-Zincated-Boronated(Granular),9653.85,https://fert.gov.in/sites/default/files/2025-05/Monthly-Bulletin-June-2020_0.pdf
2020,6,Urea,5360.0,https://fert.gov.in/sites/default/files/2025-05/Monthly-Bulletin-June-2020_0.pdf
2020,6,Zincated 10-26-26,24700.0,https://fert.gov.in/sites/default/files/2025-05/Monthly-Bulletin-June-2020_0.pdf
2020,6,Zincated 20-20-0-13,21452.5,https://fert.gov.in/sites/default/files/2025-05/Monthly-Bulletin-June-2020_0.pdf
2020,6,Zincated DAP,25500.0,https://fert.gov.in/sites/default/files/2025-05/Monthly-Bulletin-June-2020_0.pdf
2020,7,12-32-16,24527.86,https://fert.gov.in/sites/default/files/2025-05/Monthly-Bulletin-month-July-2020_0.pdf
2020,7,14-35-14,25757.14,https://fert.gov.in/sites/default/files/2025-05/Monthly-Bulletin-month-July-2020_0.pdf
2020,7,15-15-15,21200.0,https://fert.gov.in/sites/default/files/2025-05/Monthly-Bulletin-month-July-2020_0.pdf
2020,7,15-15-15-9,20800.0,https://fert.gov.in/sites/default/files/2025-05/Monthly-Bulletin-month-July-2020_0.pdf
2020,7,16-20-0-13,18767.61,https://fert.gov.in/sites/default/files/2025-05/Monthly-Bulletin-month-July-2020_0.pdf
2020,7,17-17-17,25000.0,https://fert.gov.in/sites/default/files/2025-05/Monthly-Bulletin-month-July-2020_0.pdf
2020,7,19-19-19,25700.0,https://fert.gov.in/sites/default/files/2025-05/Monthly-Bulletin-month-July-2020_0.pdf
2020,7,20-20-0,19007.07,https://fert.gov.in/sites/default/files/2025-05/Monthly-Bulletin-month-July-2020_0.pdf
2020,7,20-20-0-13,20018.96,https://fert.gov.in/sites/default/files/2025-05/Monthly-Bulletin-month-July-2020_0.pdf
2020,7,20-20-0-13(UAP),21600.0,https://fert.gov.in/sites/default/files/2025-05/Monthly-Bulletin-month-July-2020_0.pdf
2020,7,24-24-0,24400.0,https://fert.gov.in/sites/default/files/2025-05/Monthly-Bulletin-month-July-2020_0.pdf
2020,7,24-24-0-8,26200.0,https://fert.gov.in/sites/default/files/2025-05/Monthly-Bulletin-month-July-2020_0.pdf
2020,7,26-10-2026,24391.78,https://fert.gov.in/sites/default/files/2025-05/Monthly-Bulletin-month-July-2020_0.pdf
2020,7,28-28-0,25503.03,https://fert.gov.in/sites/default/files/2025-05/Monthly-Bulletin-month-July-2020_0.pdf
2020,7,Amm Sulphate,13164.41,https://fert.gov.in/sites/default/files/2025-05/Monthly-Bulletin-month-July-2020_0.pdf
2020,7,Boronated 12-32-16,24600.0,https://fert.gov.in/sites/default/files/2025-05/Monthly-Bulletin-month-July-2020_0.pdf
2020,7,City Compost,4400.52,https://fert.gov.in/sites/default/files/2025-05/Monthly-Bulletin-month-July-2020_0.pdf
2020,7,City Compost,4315.33,https://fert.gov.in/sites/default/files/2025-05/Monthly-Bulletin-month-July-2020_0.pdf
2020,7,DAP,24852.24,https://fert.gov.in/sites/default/files/2025-05/Monthly-Bulletin-month-July-2020_0.pdf
2020,7,Imported 10-26-26,24000.0,https://fert.gov.in/sites/default/files/2025-05/Monthly-Bulletin-month-July-2020_0.pdf
2020,7,Imported 12-32-16,23814.6,https://fert.gov.in/sites/default/files/2025-05/Monthly-Bulletin-month-July-2020_0.pdf
2020,7,Imported 15-15-15-9,18400.0,https://fert.gov.in/sites/default/files/2025-05/Monthly-Bulletin-month-July-2020_0.pdf
2020,7,Imported 16-16-16,21443.89,https://fert.gov.in/sites/default/files/2025-05/Monthly-Bulletin-month-July-2020_0.pdf
2020,7,Imported 16-20-0-13,18700.0,https://fert.gov.in/sites/default/files/2025-05/Monthly-Bulletin-month-July-2020_0.pdf
2020,7,Imported 20-20-0-13,20102.02,https://fert.gov.in/sites/default/files/2025-05/Monthly-Bulletin-month-July-2020_0.pdf
2020,7,Imported DAP,24417.6,https://fert.gov.in/sites/default/files/2025-05/Monthly-Bulletin-month-July-2020_0.pdf
2020,7,MOP,18027.18,https://fert.gov.in/sites/default/files/2025-05/Monthly-Bulletin-month-July-2020_0.pdf
2020,7,SSP-Boronated,8842.6,https://fert.gov.in/sites/default/files/2025-05/Monthly-Bulletin-month-July-2020_0.pdf
2020,7,SSP-Granular,8483.44,https://fert.gov.in/sites/default/files/2025-05/Monthly-Bulletin-month-July-2020_0.pdf
2020,7,SSP-Powdered,8064.93,https://fert.gov.in/sites/default/files/2025-05/Monthly-Bulletin-month-July-2020_0.pdf
2020,7,SSP-Zincated(Granular),8614.5,https://fert.gov.in/sites/default/files/2025-05/Monthly-Bulletin-month-July-2020_0.pdf
2020,7,SSP-Zincated(Powder),8135.62,https://fert.gov.in/sites/default/files/2025-05/Monthly-Bulletin-month-July-2020_0.pdf
2020,7,SSP-Zincated-Boronated(Granular),9554.92,https://fert.gov.in/sites/default/files/2025-05/Monthly-Bulletin-month-July-2020_0.pdf
2020,7,SSP-Zincated-Boronated(Granular),9581.42,https://fert.gov.in/sites/default/files/2025-05/Monthly-Bulletin-month-July-2020_0.pdf
2020,7,Urea,5360.0,https://fert.gov.in/sites/default/files/2025-05/Monthly-Bulletin-month-July-2020_0.pdf
2020,7,Zincated 20-20-0-13,21308.07,https://fert.gov.in/sites/default/files/2025-05/Monthly-Bulletin-month-July-2020_0.pdf
2020,8,10-26-26,24372.689,https://fert.gov.in/sites/default/files/2025-05/Monthly-Bulletin-month-of-August-2020.pdf
2020,8,12-32-16,24527.356,https://fert.gov.in/sites/default/files/2025-05/Monthly-Bulletin-month-of-August-2020.pdf
2020,8,14-28-0-0,22500.0,https://fert.gov.in/sites/default/files/2025-05/Monthly-Bulletin-month-of-August-2020.pdf
2020,8,14-35-14,25736.19,https://fert.gov.in/sites/default/files/2025-05/Monthly-Bulletin-month-of-August-2020.pdf
2020,8,15-15-15,21207.273,https://fert.gov.in/sites/default/files/2025-05/Monthly-Bulletin-month-of-August-2020.pdf
2020,8,15-15-15-9,20800.0,https://fert.gov.in/sites/default/files/2025-05/Monthly-Bulletin-month-of-August-2020.pdf
2020,8,16-20-0-13,18760.938,https://fert.gov.in/sites/default/files/2025-05/Monthly-Bulletin-month-of-August-2020.pdf
2020,8,17-17-17,25000.0,https://fert.gov.in/sites/default/files/2025-05/Monthly-Bulletin-month-of-August-2020.pdf
2020,8,20-20-0,19000.0,https://fert.gov.in/sites/default/files/2025-05/Monthly-Bulletin-month-of-August-2020.pdf
2020,8,20-20-0-13,19968.551,https://fert.gov.in/sites/default/files/2025-05/Monthly-Bulletin-month-of-August-2020.pdf
2020,8,20-20-0-13(UAP),21600.0,https://fert.gov.in/sites/default/files/2025-05/Monthly-Bulletin-month-of-August-2020.pdf
2020,8,24-24-0,24400.0,https://fert.gov.in/sites/default/files/2025-05/Monthly-Bulletin-month-of-August-2020.pdf
2020,8,24-24-0-8,26200.0,https://fert.gov.in/sites/default/files/2025-05/Monthly-Bulletin-month-of-August-2020.pdf
2020,8,28-28-0,25500.735,https://fert.gov.in/sites/default/files/2025-05/Monthly-Bulletin-month-of-August-2020.pdf
2020,8,Amm Sulphate,13151.992,https://fert.gov.in/sites/default/files/2025-05/Monthly-Bulletin-month-of-August-2020.pdf
2020,8,Boronated 12-32-16,24600.0,https://fert.gov.in/sites/default/files/2025-05/Monthly-Bulletin-month-of-August-2020.pdf
2020,8,City Compost,4340.387,https://fert.gov.in/sites/default/files/2025-05/Monthly-Bulletin-month-of-August-2020.pdf
2020,8,DAP,24832.174,https://fert.gov.in/sites/default/files/2025-05/Monthly-Bulletin-month-of-August-2020.pdf
2020,8,Imported 10-26-26,24061.905,https://fert.gov.in/sites/default/files/2025-05/Monthly-Bulletin-month-of-August-2020.pdf
2020,8,Imported 12-32-16,23817.757,https://fert.gov.in/sites/default/files/2025-05/Monthly-Bulletin-month-of-August-2020.pdf
2020,8,Imported 15-15-15,20600.0,https://fert.gov.in/sites/default/files/2025-05/Monthly-Bulletin-month-of-August-2020.pdf
2020,8,Imported 15-15-15-9,18400.0,https://fert.gov.in/sites/default/files/2025-05/Monthly-Bulletin-month-of-August-2020.pdf
2020,8,Imported 16-16-16,21418.386,https://fert.gov.in/sites/default/files/2025-05/Monthly-Bulletin-month-of-August-2020.pdf
2020,8,Imported 16-20-0-13,18700.0,https://fert.gov.in/sites/default/files/2025-05/Monthly-Bulletin-month-of-August-2020.pdf
2020,8,Imported 20-20-0-13,19923.23,https://fert.gov.in/sites/default/files/2025-05/Monthly-Bulletin-month-of-August-2020.pdf
2020,8,Imported DAP,24412.885,https://fert.gov.in/sites/default/files/2025-05/Monthly-Bulletin-month-of-August-2020.pdf
2020,8,MOP,17934.265,https://fert.gov.in/sites/default/files/2025-05/Monthly-Bulletin-month-of-August-2020.pdf
2020,8,SSP-Boronated,8851.009,https://fert.gov.in/sites/default/files/2025-05/Monthly-Bulletin-month-of-August-2020.pdf
2020,8,SSP-Granular,8484.298,https://fert.gov.in/sites/default/files/2025-05/Monthly-Bulletin-month-of-August-2020.pdf
2020,8,SSP-Powdered,8047.135,https://fert.gov.in/sites/default/files/2025-05/Monthly-Bulletin-month-of-August-2020.pdf
2020,8,SSP-Zincated(Granular),8641.638,https://fert.gov.in/sites/default/files/2025-05/Monthly-Bulletin-month-of-August-2020.pdf
2020,8,SSP-Zincated(Powder),8123.694,https://fert.gov.in/sites/default/files/2025-05/Monthly-Bulletin-month-of-August-2020.pdf
2020,8,SSP-Zincated-Boronated(Granular),9483.719,https://fert.gov.in/sites/default/files/2025-05/Monthly-Bulletin-month-of-August-2020.pdf
2020,8,Urea,5360.0,https://fert.gov.in/sites/default/files/2025-05/Monthly-Bulletin-month-of-August-2020.pdf
2020,8,Zincated 10-26-26,24700.0,https://fert.gov.in/sites/default/files/2025-05/Monthly-Bulletin-month-of-August-2020.pdf
2020,8,Zincated 20-20-0-13,21000.0,https://fert.gov.in/sites/default/files/2025-05/Monthly-Bulletin-month-of-August-2020.pdf
2020,9,10-26-26,24365.65,https://fert.gov.in/sites/default/files/2025-05/Approved-Monthly-Bulletin-month-of-September-2020.pdf
2020,9,12-32-16,24525.17,https://fert.gov.in/sites/default/files/2025-05/Approved-Monthly-Bulletin-month-of-September-2020.pdf
2020,9,14-28-0-0,22500.0,https://fert.gov.in/sites/default/files/2025-05/Approved-Monthly-Bulletin-month-of-September-2020.pdf
2020,9,14-35-14,25744.9,https://fert.gov.in/sites/default/files/2025-05/Approved-Monthly-Bulletin-month-of-September-2020.pdf
2020,9,15-15-15,21207.27,https://fert.gov.in/sites/default/files/2025-05/Approved-Monthly-Bulletin-month-of-September-2020.pdf
2020,9,15-15-15-9,20800.0,https://fert.gov.in/sites/default/files/2025-05/Approved-Monthly-Bulletin-month-of-September-2020.pdf
2020,9,16-20-0-13,18762.05,https://fert.gov.in/sites/default/files/2025-05/Approved-Monthly-Bulletin-month-of-September-2020.pdf
2020,9,17-17-17,25000.0,https://fert.gov.in/sites/default/files/2025-05/Approved-Monthly-Bulletin-month-of-September-2020.pdf
2020,9,20-20-0,19007.31,https://fert.gov.in/sites/default/files/2025-05/Approved-Monthly-Bulletin-month-of-September-2020.pdf
2020,9,20-20-0-13,19968.9,https://fert.gov.in/sites/default/files/2025-05/Approved-Monthly-Bulletin-month-of-September-2020.pdf
2020,9,20-20-0-13(UAP),21600.0,https://fert.gov.in/sites/default/files/2025-05/Approved-Monthly-Bulletin-month-of-September-2020.pdf
2020,9,24-24-0,24400.0,https://fert.gov.in/sites/default/files/2025-05/Approved-Monthly-Bulletin-month-of-September-2020.pdf
2020,9,24-24-0-8,26200.0,https://fert.gov.in/sites/default/files/2025-05/Approved-Monthly-Bulletin-month-of-September-2020.pdf
2020,9,28-28-0,25503.38,https://fert.gov.in/sites/default/files/2025-05/Approved-Monthly-Bulletin-month-of-September-2020.pdf
2020,9,Amm Sulphate,13154.7,https://fert.gov.in/sites/default/files/2025-05/Approved-Monthly-Bulletin-month-of-September-2020.pdf
2020,9,Boronated 12-32-16,24600.0,https://fert.gov.in/sites/default/files/2025-05/Approved-Monthly-Bulletin-month-of-September-2020.pdf
2020,9,City Compost,4382.86,https://fert.gov.in/sites/default/files/2025-05/Approved-Monthly-Bulletin-month-of-September-2020.pdf
2020,9,DAP,24818.29,https://fert.gov.in/sites/default/files/2025-05/Approved-Monthly-Bulletin-month-of-September-2020.pdf
2020,9,Imported 10-26-26,25227.87,https://fert.gov.in/sites/default/files/2025-05/Approved-Monthly-Bulletin-month-of-September-2020.pdf
2020,9,Imported 12-32-16,23805.26,https://fert.gov.in/sites/default/files/2025-05/Approved-Monthly-Bulletin-month-of-September-2020.pdf
2020,9,Imported 15-15-15-9,18400.0,https://fert.gov.in/sites/default/files/2025-05/Approved-Monthly-Bulletin-month-of-September-2020.pdf
2020,9,Imported 16-16-16,21545.46,https://fert.gov.in/sites/default/files/2025-05/Approved-Monthly-Bulletin-month-of-September-2020.pdf
2020,9,Imported 16-20-0-13,18700.0,https://fert.gov.in/sites/default/files/2025-05/Approved-Monthly-Bulletin-month-of-September-2020.pdf
2020,9,Imported 20-20-0-13,19794.34,https://fert.gov.in/sites/default/files/2025-05/Approved-Monthly-Bulletin-month-of-September-2020.pdf
2020,9,Imported DAP,24398.94,https://fert.gov.in/sites/default/files/2025-05/Approved-Monthly-Bulletin-month-of-September-2020.pdf
2020,9,MOP,17647.5,https://fert.gov.in/sites/default/files/2025-05/Approved-Monthly-Bulletin-month-of-September-2020.pdf
2020,9,SSP-Boronated,8768.89,https://fert.gov.in/sites/default/files/2025-05/Approved-Monthly-Bulletin-month-of-September-2020.pdf
2020,9,SSP-Granular,8498.48,https://fert.gov.in/sites/default/files/2025-05/Approved-Monthly-Bulletin-month-of-September-2020.pdf
2020,9,SSP-Powdered,8005.05,https://fert.gov.in/sites/default/files/2025-05/Approved-Monthly-Bulletin-month-of-September-2020.pdf
2020,9,SSP-Zincated(Granular),8665.03,https://fert.gov.in/sites/default/files/2025-05/Approved-Monthly-Bulletin-month-of-September-2020.pdf
2020,9,SSP-Zincated(Powder),7999.26,https://fert.gov.in/sites/default/files/2025-05/Approved-Monthly-Bulletin-month-of-September-2020.pdf
2020,9,SSP-Zincated-Boronated(Granular),9562.41,https://fert.gov.in/sites/default/files/2025-05/Approved-Monthly-Bulletin-month-of-September-2020.pdf
2020,9,Urea,5360.0,https://fert.gov.in/sites/default/files/2025-05/Approved-Monthly-Bulletin-month-of-September-2020.pdf
2020,10,10-26-26,24338.757,https://fert.gov.in/sites/default/files/2025-05/Approved-Monthly-bulletin-month-of-October-2020.pdf
2020,10,12-32-16,24507.754,https://fert.gov.in/sites/default/files/2025-05/Approved-Monthly-bulletin-month-of-October-2020.pdf
2020,10,14-28-0-0,22500.0,https://fert.gov.in/sites/default/files/2025-05/Approved-Monthly-bulletin-month-of-October-2020.pdf
2020,10,14-28-14,25500.0,https://fert.gov.in/sites/default/files/2025-05/Approved-Monthly-bulletin-month-of-October-2020.pdf
2020,10,14-35-14,25732.727,https://fert.gov.in/sites/default/files/2025-05/Approved-Monthly-bulletin-month-of-October-2020.pdf
2020,10,15-15-15,21215.094,https://fert.gov.in/sites/default/files/2025-05/Approved-Monthly-bulletin-month-of-October-2020.pdf
2020,10,16-20-0-13,18757.887,https://fert.gov.in/sites/default/files/2025-05/Approved-Monthly-bulletin-month-of-October-2020.pdf
2020,10,17-17-17,25000.0,https://fert.gov.in/sites/default/files/2025-05/Approved-Monthly-bulletin-month-of-October-2020.pdf
2020,10,19-19-19,25700.0,https://fert.gov.in/sites/default/files/2025-05/Approved-Monthly-bulletin-month-of-October-2020.pdf
2020,10,20-20-0,19000.0,https://fert.gov.in/sites/default/files/2025-05/Approved-Monthly-bulletin-month-of-October-2020.pdf
2020,10,20-20-0-13,19970.631,https://fert.gov.in/sites/default/files/2025-05/Approved-Monthly-bulletin-month-of-October-2020.pdf
2020,10,20-20-0-13(UAP),21600.0,https://fert.gov.in/sites/default/files/2025-05/Approved-Monthly-bulletin-month-of-October-2020.pdf
2020,10,24-24-0,24658.065,https://fert.gov.in/sites/default/files/2025-05/Approved-Monthly-bulletin-month-of-October-2020.pdf
2020,10,24-24-0-8,26200.0,https://fert.gov.in/sites/default/files/2025-05/Approved-Monthly-bulletin-month-of-October-2020.pdf
2020,10,28-28-0,25500.441,https://fert.gov.in/sites/default/files/2025-05/Approved-Monthly-bulletin-month-of-October-2020.pdf
2020,10,Amm Sulphate,13155.37,https://fert.gov.in/sites/default/files/2025-05/Approved-Monthly-bulletin-month-of-October-2020.pdf
2020,10,Boronated 12-32-16,24600.0,https://fert.gov.in/sites/default/files/2025-05/Approved-Monthly-bulletin-month-of-October-2020.pdf
2020,10,City Compost,4429.841,https://fert.gov.in/sites/default/files/2025-05/Approved-Monthly-bulletin-month-of-October-2020.pdf
2020,10,DAP,24813.209,https://fert.gov.in/sites/default/files/2025-05/Approved-Monthly-bulletin-month-of-October-2020.pdf
2020,10,Imported 10-26-26,24991.558,https://fert.gov.in/sites/default/files/2025-05/Approved-Monthly-bulletin-month-of-October-2020.pdf
2020,10,Imported 12-32-16,23914.371,https://fert.gov.in/sites/default/files/2025-05/Approved-Monthly-bulletin-month-of-October-2020.pdf
2020,10,Imported 15-15-15-9,18400.0,https://fert.gov.in/sites/default/files/2025-05/Approved-Monthly-bulletin-month-of-October-2020.pdf
2020,10,Imported 16-16-16,21565.217,https://fert.gov.in/sites/default/files/2025-05/Approved-Monthly-bulletin-month-of-October-2020.pdf
2020,10,Imported 16-20-0-13,18700.0,https://fert.gov.in/sites/default/files/2025-05/Approved-Monthly-bulletin-month-of-October-2020.pdf
2020,10,Imported 20-20-0-13,19800.863,https://fert.gov.in/sites/default/files/2025-05/Approved-Monthly-bulletin-month-of-October-2020.pdf
2020,10,Imported DAP,24445.863,https://fert.gov.in/sites/default/files/2025-05/Approved-Monthly-bulletin-month-of-October-2020.pdf
2020,10,MOP,17645.636,https://fert.gov.in/sites/default/files/2025-05/Approved-Monthly-bulletin-month-of-October-2020.pdf
2020,10,Neem Coated Urea(45 Kg),23860.0,https://fert.gov.in/sites/default/files/2025-05/Approved-Monthly-bulletin-month-of-October-2020.pdf
2020,10,SSP-Boronated,8814.561,https://fert.gov.in/sites/default/files/2025-05/Approved-Monthly-bulletin-month-of-October-2020.pdf
2020,10,SSP-Granular,8457.19,https://fert.gov.in/sites/default/files/2025-05/Approved-Monthly-bulletin-month-of-October-2020.pdf
2020,10,SSP-Powdered,7991.703,https://fert.gov.in/sites/default/files/2025-05/Approved-Monthly-bulletin-month-of-October-2020.pdf
2020,10,SSP-Zincated(Granular),8671.645,https://fert.gov.in/sites/default/files/2025-05/Approved-Monthly-bulletin-month-of-October-2020.pdf
2020,10,SSP-Zincated(Powder),8114.712,https://fert.gov.in/sites/default/files/2025-05/Approved-Monthly-bulletin-month-of-October-2020.pdf
2020,10,SSP-Zincated-Boronated(Granular),9596.892,https://fert.gov.in/sites/default/files/2025-05/Approved-Monthly-bulletin-month-of-October-2020.pdf
2020,10,Urea,5360.0,https://fert.gov.in/sites/default/files/2025-05/Approved-Monthly-bulletin-month-of-October-2020.pdf
2020,11,10-26-26,24488.23,https://fert.gov.in/sites/default/files/2025-05/Monthly-bulletin-month-of-November-2020.pdf
2020,11,12-32-16,24736.69,https://fert.gov.in/sites/default/files/2025-05/Monthly-bulletin-month-of-November-2020.pdf
2020,11,14-28-0-0,23250.0,https://fert.gov.in/sites/default/files/2025-05/Monthly-bulletin-month-of-November-2020.pdf
2020,11,14-35-14,25755.32,https://fert.gov.in/sites/default/files/2025-05/Monthly-bulletin-month-of-November-2020.pdf
2020,11,15-15-15,21207.84,https://fert.gov.in/sites/default/files/2025-05/Monthly-bulletin-month-of-November-2020.pdf
2020,11,16-20-0-13,18578.06,https://fert.gov.in/sites/default/files/2025-05/Monthly-bulletin-month-of-November-2020.pdf
2020,11,17-17-17,25000.0,https://fert.gov.in/sites/default/files/2025-05/Monthly-bulletin-month-of-November-2020.pdf
2020,11,19-19-19,25700.0,https://fert.gov.in/sites/default/files/2025-05/Monthly-bulletin-month-of-November-2020.pdf
2020,11,20-20-0,19000.0,https://fert.gov.in/sites/default/files/2025-05/Monthly-bulletin-month-of-November-2020.pdf
2020,11,20-20-0-13,19832.23,https://fert.gov.in/sites/default/files/2025-05/Monthly-bulletin-month-of-November-2020.pdf
2020,11,20-20-0-13(UAP),21600.0,https://fert.gov.in/sites/default/files/2025-05/Monthly-bulletin-month-of-November-2020.pdf
2020,11,24-24-0,25480.0,https://fert.gov.in/sites/default/files/2025-05/Monthly-bulletin-month-of-November-2020.pdf
2020,11,24-24-0-8,26200.0,https://fert.gov.in/sites/default/files/2025-05/Monthly-bulletin-month-of-November-2020.pdf
2020,11,28-28-0,25500.0,https://fert.gov.in/sites/default/files/2025-05/Monthly-bulletin-month-of-November-2020.pdf
2020,11,Amm Sulphate,13155.37,https://fert.gov.in/sites/default/files/2025-05/Monthly-bulletin-month-of-November-2020.pdf
2020,11,Boronated 12-32-16,24600.0,https://fert.gov.in/sites/default/files/2025-05/Monthly-bulletin-month-of-November-2020.pdf
2020,11,DAP,24794.55,https://fert.gov.in/sites/default/files/2025-05/Monthly-bulletin-month-of-November-2020.pdf
2020,11,Imported 10-26-26,24419.53,https://fert.gov.in/sites/default/files/2025-05/Monthly-bulletin-month-of-November-2020.pdf
2020,11,Imported 12-32-16,23800.0,https://fert.gov.in/sites/default/files/2025-05/Monthly-bulletin-month-of-November-2020.pdf
2020,11,Imported 15-15-15-9,18653.95,https://fert.gov.in/sites/default/files/2025-05/Monthly-bulletin-month-of-November-2020.pdf
2020,11,Imported 16-16-16,21633.62,https://fert.gov.in/sites/default/files/2025-05/Monthly-bulletin-month-of-November-2020.pdf
2020,11,Imported 16-20-0-13,18700.0,https://fert.gov.in/sites/default/files/2025-05/Monthly-bulletin-month-of-November-2020.pdf
2020,11,Imported 20-20-0-13,19705.88,https://fert.gov.in/sites/default/files/2025-05/Monthly-bulletin-month-of-November-2020.pdf
2020,11,Imported DAP,24440.56,https://fert.gov.in/sites/default/files/2025-05/Monthly-bulletin-month-of-November-2020.pdf
2020,11,MOP,17499.81,https://fert.gov.in/sites/default/files/2025-05/Monthly-bulletin-month-of-November-2020.pdf
2020,11,SSP-Boronated,8847.56,https://fert.gov.in/sites/default/files/2025-05/Monthly-bulletin-month-of-November-2020.pdf
2020,11,SSP-Granular,8469.81,https://fert.gov.in/sites/default/files/2025-05/Monthly-bulletin-month-of-November-2020.pdf
2020,11,SSP-Powdered,8029.53,https://fert.gov.in/sites/default/files/2025-05/Monthly-bulletin-month-of-November-2020.pdf
2020,11,SSP-Zincated(Granular),8658.78,https://fert.gov.in/sites/default/files/2025-05/Monthly-bulletin-month-of-November-2020.pdf
2020,11,SSP-Zincated(Powder),8134.98,https://fert.gov.in/sites/default/files/2025-05/Monthly-bulletin-month-of-November-2020.pdf
2020,11,Urea,5360.0,https://fert.gov.in/sites/default/files/2025-05/Monthly-bulletin-month-of-November-2020.pdf
2020,11,Zincated 10-26-26,24700.0,https://fert.gov.in/sites/default/files/2025-05/Monthly-bulletin-month-of-November-2020.pdf
2020,12,10-26-26,24535.758,https://fert.gov.in/sites/default/files/2025-05/Monthly-bulletin-month-of-December-2020.pdf
2020,12,12-32-16,24769.207,https://fert.gov.in/sites/default/files/2025-05/Monthly-bulletin-month-of-December-2020.pdf
2020,12,14-28-0-0,24000.0,https://fert.gov.in/sites/default/files/2025-05/Monthly-bulletin-month-of-December-2020.pdf
2020,12,14-35-14,25688.354,https://fert.gov.in/sites/default/files/2025-05/Monthly-bulletin-month-of-December-2020.pdf
2020,12,15-15-15,21200.0,https://fert.gov.in/sites/default/files/2025-05/Monthly-bulletin-month-of-December-2020.pdf
2020,12,15-15-15-9,20800.0,https://fert.gov.in/sites/default/files/2025-05/Monthly-bulletin-month-of-December-2020.pdf
2020,12,16-20-0-13,18559.788,https://fert.gov.in/sites/default/files/2025-05/Monthly-bulletin-month-of-December-2020.pdf
2020,12,17-17-17,25000.0,https://fert.gov.in/sites/default/files/2025-05/Monthly-bulletin-month-of-December-2020.pdf
2020,12,20-20-0,19000.0,https://fert.gov.in/sites/default/files/2025-05/Monthly-bulletin-month-of-December-2020.pdf
2020,12,20-20-0-13,19647.798,https://fert.gov.in/sites/default/files/2025-05/Monthly-bulletin-month-of-December-2020.pdf
2020,12,20-20-0-13(UAP),21600.0,https://fert.gov.in/sites/default/files/2025-05/Monthly-bulletin-month-of-December-2020.pdf
2020,12,24-24-0,25600.0,https://fert.gov.in/sites/default/files/2025-05/Monthly-bulletin-month-of-December-2020.pdf
2020,12,24-24-0-8,26200.0,https://fert.gov.in/sites/default/files/2025-05/Monthly-bulletin-month-of-December-2020.pdf
2020,12,28-28-0,25500.0,https://fert.gov.in/sites/default/files/2025-05/Monthly-bulletin-month-of-December-2020.pdf
2020,12,Amm Sulphate,13150.293,https://fert.gov.in/sites/default/files/2025-05/Monthly-bulletin-month-of-December-2020.pdf
2020,12,Boronated 12-32-16,24600.0,https://fert.gov.in/sites/default/files/2025-05/Monthly-bulletin-month-of-December-2020.pdf
2020,12,City Compost,4602.675,https://fert.gov.in/sites/default/files/2025-05/Monthly-bulletin-month-of-December-2020.pdf
2020,12,DAP,24809.127,https://fert.gov.in/sites/default/files/2025-05/Monthly-bulletin-month-of-December-2020.pdf
2020,12,Imported 10-26-26,24134.483,https://fert.gov.in/sites/default/files/2025-05/Monthly-bulletin-month-of-December-2020.pdf
2020,12,Imported 12-32-16,23800.0,https://fert.gov.in/sites/default/files/2025-05/Monthly-bulletin-month-of-December-2020.pdf
2020,12,Imported 15-15-15-9,18862.5,https://fert.gov.in/sites/default/files/2025-05/Monthly-bulletin-month-of-December-2020.pdf
2020,12,Imported 16-16-16,21716.763,https://fert.gov.in/sites/default/files/2025-05/Monthly-bulletin-month-of-December-2020.pdf
2020,12,Imported 16-20-0-13,18700.0,https://fert.gov.in/sites/default/files/2025-05/Monthly-bulletin-month-of-December-2020.pdf
2020,12,Imported 20-20-0-13,19627.029,https://fert.gov.in/sites/default/files/2025-05/Monthly-bulletin-month-of-December-2020.pdf
2020,12,Imported DAP,24320.641,https://fert.gov.in/sites/default/files/2025-05/Monthly-bulletin-month-of-December-2020.pdf
2020,12,MOP,17472.495,https://fert.gov.in/sites/default/files/2025-05/Monthly-bulletin-month-of-December-2020.pdf
2020,12,SSP-Boronated,8973.486,https://fert.gov.in/sites/default/files/2025-05/Monthly-bulletin-month-of-December-2020.pdf
2020,12,SSP-Granular,8583.014,https://fert.gov.in/sites/default/files/2025-05/Monthly-bulletin-month-of-December-2020.pdf
2020,12,SSP-Powdered,8160.55,https://fert.gov.in/sites/default/files/2025-05/Monthly-bulletin-month-of-December-2020.pdf
2020,12,SSP-Zincated(Granular),8750.33,https://fert.gov.in/sites/default/files/2025-05/Monthly-bulletin-month-of-December-2020.pdf
2020,12,SSP-Zincated(Powder),8334.114,https://fert.gov.in/sites/default/files/2025-05/Monthly-bulletin-month-of-December-2020.pdf
2020,12,SSP-Zincated-Boronated(Granular),9654.005,https://fert.gov.in/sites/default/files/2025-05/Monthly-bulletin-month-of-December-2020.pdf
2020,12,Urea,5360.0,https://fert.gov.in/sites/default/files/2025-05/Monthly-bulletin-month-of-December-2020.pdf
2020,12,Zincated 10-26-26,24700.0,https://fert.gov.in/sites/default/files/2025-05/Monthly-bulletin-month-of-December-2020.pdf
2021,1,10-26-26,24542.868,https://fert.gov.in/sites/default/files/2025-05/Monthly-bulletin-month-of-January-2021.pdf
2021,1,12-32-16,24774.839,https://fert.gov.in/sites/default/files/2025-05/Monthly-bulletin-month-of-January-2021.pdf
2021,1,14-28-0-0,24000.0,https://fert.gov.in/sites/default/files/2025-05/Monthly-bulletin-month-of-January-2021.pdf
2021,1,14-35-14,25645.597,https://fert.gov.in/sites/default/files/2025-05/Monthly-bulletin-month-of-January-2021.pdf
2021,1,15-15-15,21208.163,https://fert.gov.in/sites/default/files/2025-05/Monthly-bulletin-month-of-January-2021.pdf
2021,1,15-15-15-9,20800.0,https://fert.gov.in/sites/default/files/2025-05/Monthly-bulletin-month-of-January-2021.pdf
2021,1,16-20-0-13,18569.29,https://fert.gov.in/sites/default/files/2025-05/Monthly-bulletin-month-of-January-2021.pdf
2021,1,17-17-17,25000.0,https://fert.gov.in/sites/default/files/2025-05/Monthly-bulletin-month-of-January-2021.pdf
2021,1,19-19-19,25700.0,https://fert.gov.in/sites/default/files/2025-05/Monthly-bulletin-month-of-January-2021.pdf
2021,1,20-20-0,19000.0,https://fert.gov.in/sites/default/files/2025-05/Monthly-bulletin-month-of-January-2021.pdf
2021,1,20-20-0-13,19605.901,https://fert.gov.in/sites/default/files/2025-05/Monthly-bulletin-month-of-January-2021.pdf
2021,1,20-20-0-13(UAP),21600.0,https://fert.gov.in/sites/default/files/2025-05/Monthly-bulletin-month-of-January-2021.pdf
2021,1,24-24-0,25600.0,https://fert.gov.in/sites/default/files/2025-05/Monthly-bulletin-month-of-January-2021.pdf
2021,1,24-24-0-8,26200.0,https://fert.gov.in/sites/default/files/2025-05/Monthly-bulletin-month-of-January-2021.pdf
2021,1,28-28-0,25500.0,https://fert.gov.in/sites/default/files/2025-05/Monthly-bulletin-month-of-January-2021.pdf
2021,1,Amm Sulphate,13155.949,https://fert.gov.in/sites/default/files/2025-05/Monthly-bulletin-month-of-January-2021.pdf
2021,1,Boronated 12-32-16,24600.0,https://fert.gov.in/sites/default/files/2025-05/Monthly-bulletin-month-of-January-2021.pdf
2021,1,City Compost,4579.964,https://fert.gov.in/sites/default/files/2025-05/Monthly-bulletin-month-of-January-2021.pdf
2021,1,DAP,24796.047,https://fert.gov.in/sites/default/files/2025-05/Monthly-bulletin-month-of-January-2021.pdf
2021,1,Imported 10-26-26,24169.565,https://fert.gov.in/sites/default/files/2025-05/Monthly-bulletin-month-of-January-2021.pdf
2021,1,Imported 12-32-16,23803.834,https://fert.gov.in/sites/default/files/2025-05/Monthly-bulletin-month-of-January-2021.pdf
2021,1,Imported 15-15-15-9,18802.685,https://fert.gov.in/sites/default/files/2025-05/Monthly-bulletin-month-of-January-2021.pdf
2021,1,Imported 16-16-16,21719.884,https://fert.gov.in/sites/default/files/2025-05/Monthly-bulletin-month-of-January-2021.pdf
2021,1,Imported 16-20-0-13,18700.0,https://fert.gov.in/sites/default/files/2025-05/Monthly-bulletin-month-of-January-2021.pdf
2021,1,Imported 20-20-0-13,19626.837,https://fert.gov.in/sites/default/files/2025-05/Monthly-bulletin-month-of-January-2021.pdf
2021,1,Imported DAP,24219.396,https://fert.gov.in/sites/default/files/2025-05/Monthly-bulletin-month-of-January-2021.pdf
2021,1,MOP,17468.876,https://fert.gov.in/sites/default/files/2025-05/Monthly-bulletin-month-of-January-2021.pdf
2021,1,SSP-Boronated,8947.013,https://fert.gov.in/sites/default/files/2025-05/Monthly-bulletin-month-of-January-2021.pdf
2021,1,SSP-Granular,8542.55,https://fert.gov.in/sites/default/files/2025-05/Monthly-bulletin-month-of-January-2021.pdf
2021,1,SSP-Powdered,8137.838,https://fert.gov.in/sites/default/files/2025-05/Monthly-bulletin-month-of-January-2021.pdf
2021,1,SSP-Zincated(Granular),8763.045,https://fert.gov.in/sites/default/files/2025-05/Monthly-bulletin-month-of-January-2021.pdf
2021,1,SSP-Zincated(Powder),8272.511,https://fert.gov.in/sites/default/files/2025-05/Monthly-bulletin-month-of-January-2021.pdf
2021,1,SSP-Zincated-Boronated(Granular),9805.294,https://fert.gov.in/sites/default/files/2025-05/Monthly-bulletin-month-of-January-2021.pdf
2021,1,Urea,5360.0,https://fert.gov.in/sites/default/files/2025-05/Monthly-bulletin-month-of-January-2021.pdf
2021,1,Zincated 10-26-26,24700.0,https://fert.gov.in/sites/default/files/2025-05/Monthly-bulletin-month-of-January-2021.pdf
2021,2,10 26 26,24566.77,https://fert.gov.in/sites/default/files/2025-05/Monthly-Bulletin-for-the-month-of-February-2021.pdf
2021,2,12-32-16,24822.25,https://fert.gov.in/sites/default/files/2025-05/Monthly-Bulletin-for-the-month-of-February-2021.pdf
2021,2,14-28-0-0,24000.0,https://fert.gov.in/sites/default/files/2025-05/Monthly-Bulletin-for-the-month-of-February-2021.pdf
2021,2,14-35-14,25640.56,https://fert.gov.in/sites/default/files/2025-05/Monthly-Bulletin-for-the-month-of-February-2021.pdf
2021,2,15-15-15,21200.0,https://fert.gov.in/sites/default/files/2025-05/Monthly-Bulletin-for-the-month-of-February-2021.pdf
2021,2,16-20-0-13,18556.08,https://fert.gov.in/sites/default/files/2025-05/Monthly-Bulletin-for-the-month-of-February-2021.pdf
2021,2,17-17-17,25000.0,https://fert.gov.in/sites/default/files/2025-05/Monthly-Bulletin-for-the-month-of-February-2021.pdf
2021,2,19-19-19,25700.0,https://fert.gov.in/sites/default/files/2025-05/Monthly-Bulletin-for-the-month-of-February-2021.pdf
2021,2,20-20-0,19000.0,https://fert.gov.in/sites/default/files/2025-05/Monthly-Bulletin-for-the-month-of-February-2021.pdf
2021,2,20-20-0-13,19628.14,https://fert.gov.in/sites/default/files/2025-05/Monthly-Bulletin-for-the-month-of-February-2021.pdf
2021,2,20-20-0-13(UAP),21600.0,https://fert.gov.in/sites/default/files/2025-05/Monthly-Bulletin-for-the-month-of-February-2021.pdf
2021,2,24-24-0,26600.0,https://fert.gov.in/sites/default/files/2025-05/Monthly-Bulletin-for-the-month-of-February-2021.pdf
2021,2,24-24-0-8,26200.0,https://fert.gov.in/sites/default/files/2025-05/Monthly-Bulletin-for-the-month-of-February-2021.pdf
2021,2,28-28-0,25500.0,https://fert.gov.in/sites/default/files/2025-05/Monthly-Bulletin-for-the-month-of-February-2021.pdf
2021,2,Amm Sulphate,13155.37,https://fert.gov.in/sites/default/files/2025-05/Monthly-Bulletin-for-the-month-of-February-2021.pdf
2021,2,Boronated 12-32-16,24600.0,https://fert.gov.in/sites/default/files/2025-05/Monthly-Bulletin-for-the-month-of-February-2021.pdf
2021,2,City Compost,4758.7,https://fert.gov.in/sites/default/files/2025-05/Monthly-Bulletin-for-the-month-of-February-2021.pdf
2021,2,DAP,24866.23,https://fert.gov.in/sites/default/files/2025-05/Monthly-Bulletin-for-the-month-of-February-2021.pdf
2021,2,Imported 10-26-26,24650.0,https://fert.gov.in/sites/default/files/2025-05/Monthly-Bulletin-for-the-month-of-February-2021.pdf
2021,2,Imported 12-32-16,23807.02,https://fert.gov.in/sites/default/files/2025-05/Monthly-Bulletin-for-the-month-of-February-2021.pdf
2021,2,Imported 15-15-15-9,18560.0,https://fert.gov.in/sites/default/files/2025-05/Monthly-Bulletin-for-the-month-of-February-2021.pdf
2021,2,Imported 16-16-16,21726.09,https://fert.gov.in/sites/default/files/2025-05/Monthly-Bulletin-for-the-month-of-February-2021.pdf
2021,2,Imported 16-20-0-13,18700.0,https://fert.gov.in/sites/default/files/2025-05/Monthly-Bulletin-for-the-month-of-February-2021.pdf
2021,2,Imported 20-20-0-13,19758.77,https://fert.gov.in/sites/default/files/2025-05/Monthly-Bulletin-for-the-month-of-February-2021.pdf
2021,2,Imported DAP,24193.0,https://fert.gov.in/sites/default/files/2025-05/Monthly-Bulletin-for-the-month-of-February-2021.pdf
2021,2,MOP,17496.0,https://fert.gov.in/sites/default/files/2025-05/Monthly-Bulletin-for-the-month-of-February-2021.pdf
2021,2,SSP-Boronated,8955.58,https://fert.gov.in/sites/default/files/2025-05/Monthly-Bulletin-for-the-month-of-February-2021.pdf
2021,2,SSP-Granular,8503.54,https://fert.gov.in/sites/default/files/2025-05/Monthly-Bulletin-for-the-month-of-February-2021.pdf
2021,2,SSP-Powdered,8051.69,https://fert.gov.in/sites/default/files/2025-05/Monthly-Bulletin-for-the-month-of-February-2021.pdf
2021,2,SSP-Zincated(Granular),8749.48,https://fert.gov.in/sites/default/files/2025-05/Monthly-Bulletin-for-the-month-of-February-2021.pdf
2021,2,SSP-Zincated(Powder),8247.02,https://fert.gov.in/sites/default/files/2025-05/Monthly-Bulletin-for-the-month-of-February-2021.pdf
2021,2,SSP-Zincated-Boronated(Granular),9841.6,https://fert.gov.in/sites/default/files/2025-05/Monthly-Bulletin-for-the-month-of-February-2021.pdf
2021,2,Urea,5360.0,https://fert.gov.in/sites/default/files/2025-05/Monthly-Bulletin-for-the-month-of-February-2021.pdf
2021,2,Zincated 10-26-26,24700.0,https://fert.gov.in/sites/default/files/2025-05/Monthly-Bulletin-for-the-month-of-February-2021.pdf
2021,3,10-26-26,26183.36,https://fert.gov.in/sites/default/files/2025-05/Monthly-bulletin-for-the-month-of-March-2021.pdf
2021,3,12-32-16,24949.35,https://fert.gov.in/sites/default/files/2025-05/Monthly-bulletin-for-the-month-of-March-2021.pdf
2021,3,14-28-0-0,24000.0,https://fert.gov.in/sites/default/files/2025-05/Monthly-bulletin-for-the-month-of-March-2021.pdf
2021,3,14-35-14,25733.96,https://fert.gov.in/sites/default/files/2025-05/Monthly-bulletin-for-the-month-of-March-2021.pdf
2021,3,15-15-15,21200.0,https://fert.gov.in/sites/default/files/2025-05/Monthly-bulletin-for-the-month-of-March-2021.pdf
2021,3,15-15-15-9,24000.0,https://fert.gov.in/sites/default/files/2025-05/Monthly-bulletin-for-the-month-of-March-2021.pdf
2021,3,16-20-0-13,19042.66,https://fert.gov.in/sites/default/files/2025-05/Monthly-bulletin-for-the-month-of-March-2021.pdf
2021,3,17-17-17,25000.0,https://fert.gov.in/sites/default/files/2025-05/Monthly-bulletin-for-the-month-of-March-2021.pdf
2021,3,19-19-19,30000.0,https://fert.gov.in/sites/default/files/2025-05/Monthly-bulletin-for-the-month-of-March-2021.pdf
2021,3,20-20-0,19000.0,https://fert.gov.in/sites/default/files/2025-05/Monthly-bulletin-for-the-month-of-March-2021.pdf
2021,3,20-20-0-13,20672.82,https://fert.gov.in/sites/default/files/2025-05/Monthly-bulletin-for-the-month-of-March-2021.pdf
2021,3,20-20-0-13(UAP),21600.0,https://fert.gov.in/sites/default/files/2025-05/Monthly-bulletin-for-the-month-of-March-2021.pdf
2021,3,24-24-0,27000.0,https://fert.gov.in/sites/default/files/2025-05/Monthly-bulletin-for-the-month-of-March-2021.pdf
2021,3,24-24-0-8,26200.0,https://fert.gov.in/sites/default/files/2025-05/Monthly-bulletin-for-the-month-of-March-2021.pdf
2021,3,28-28-0,26642.86,https://fert.gov.in/sites/default/files/2025-05/Monthly-bulletin-for-the-month-of-March-2021.pdf
2021,3,Amm Sulphate,13603.08,https://fert.gov.in/sites/default/files/2025-05/Monthly-bulletin-for-the-month-of-March-2021.pdf
2021,3,Boronated 12-32-16,24600.0,https://fert.gov.in/sites/default/files/2025-05/Monthly-bulletin-for-the-month-of-March-2021.pdf
2021,3,City Compost,4578.93,https://fert.gov.in/sites/default/files/2025-05/Monthly-bulletin-for-the-month-of-March-2021.pdf
2021,3,DAP,26235.06,https://fert.gov.in/sites/default/files/2025-05/Monthly-bulletin-for-the-month-of-March-2021.pdf
2021,3,Imported 10-26-26,25300.0,https://fert.gov.in/sites/default/files/2025-05/Monthly-bulletin-for-the-month-of-March-2021.pdf
2021,3,Imported 12-32-16,23810.06,https://fert.gov.in/sites/default/files/2025-05/Monthly-bulletin-for-the-month-of-March-2021.pdf
2021,3,Imported 15-15-15-9,18541.18,https://fert.gov.in/sites/default/files/2025-05/Monthly-bulletin-for-the-month-of-March-2021.pdf
2021,3,Imported 16-16-16,22685.8,https://fert.gov.in/sites/default/files/2025-05/Monthly-bulletin-for-the-month-of-March-2021.pdf
2021,3,Imported 16-20-0-13,18700.0,https://fert.gov.in/sites/default/files/2025-05/Monthly-bulletin-for-the-month-of-March-2021.pdf
2021,3,Imported 20-20-0-13,20869.12,https://fert.gov.in/sites/default/files/2025-05/Monthly-bulletin-for-the-month-of-March-2021.pdf
2021,3,Imported DAP,26876.25,https://fert.gov.in/sites/default/files/2025-05/Monthly-bulletin-for-the-month-of-March-2021.pdf
2021,3,MOP,17498.16,https://fert.gov.in/sites/default/files/2025-05/Monthly-bulletin-for-the-month-of-March-2021.pdf
2021,3,Neem Coated Urea(45 Kg),5291.78,https://fert.gov.in/sites/default/files/2025-05/Monthly-bulletin-for-the-month-of-March-2021.pdf
2021,3,SSP-Boronated,8983.71,https://fert.gov.in/sites/default/files/2025-05/Monthly-bulletin-for-the-month-of-March-2021.pdf
2021,3,SSP-Granular,8570.56,https://fert.gov.in/sites/default/files/2025-05/Monthly-bulletin-for-the-month-of-March-2021.pdf
2021,3,SSP-Powdered,8083.34,https://fert.gov.in/sites/default/files/2025-05/Monthly-bulletin-for-the-month-of-March-2021.pdf
2021,3,SSP-Zincated(Granular),8846.17,https://fert.gov.in/sites/default/files/2025-05/Monthly-bulletin-for-the-month-of-March-2021.pdf
2021,3,SSP-Zincated(Powder),8310.36,https://fert.gov.in/sites/default/files/2025-05/Monthly-bulletin-for-the-month-of-March-2021.pdf
2021,3,SSP-Zincated-Boronated(Granular),9837.65,https://fert.gov.in/sites/default/files/2025-05/Monthly-bulletin-for-the-month-of-March-2021.pdf
2021,3,Urea,5360.0,https://fert.gov.in/sites/default/files/2025-05/Monthly-bulletin-for-the-month-of-March-2021.pdf
2021,4,12-32-16,26131.53,https://fert.gov.in/sites/default/files/2025-05/Monthly-bulletin-for-the-month-of-April-2021.pdf
2021,4,14-28-0-0,26000.0,https://fert.gov.in/sites/default/files/2025-05/Monthly-bulletin-for-the-month-of-April-2021.pdf
2021,4,14-35-14,26071.8,https://fert.gov.in/sites/default/files/2025-05/Monthly-bulletin-for-the-month-of-April-2021.pdf
2021,4,15-15-15,21200.0,https://fert.gov.in/sites/default/files/2025-05/Monthly-bulletin-for-the-month-of-April-2021.pdf
2021,4,16-20-0-13,19488.91,https://fert.gov.in/sites/default/files/2025-05/Monthly-bulletin-for-the-month-of-April-2021.pdf
2021,4,17-17-17,25000.0,https://fert.gov.in/sites/default/files/2025-05/Monthly-bulletin-for-the-month-of-April-2021.pdf
2021,4,19-19-19,33104.48,https://fert.gov.in/sites/default/files/2025-05/Monthly-bulletin-for-the-month-of-April-2021.pdf
2021,4,20-20-0,19000.0,https://fert.gov.in/sites/default/files/2025-05/Monthly-bulletin-for-the-month-of-April-2021.pdf
2021,4,20-20-0-13,21644.92,https://fert.gov.in/sites/default/files/2025-05/Monthly-bulletin-for-the-month-of-April-2021.pdf
2021,4,20-20-0-13(UAP),21600.0,https://fert.gov.in/sites/default/files/2025-05/Monthly-bulletin-for-the-month-of-April-2021.pdf
2021,4,24-24-0,29666.67,https://fert.gov.in/sites/default/files/2025-05/Monthly-bulletin-for-the-month-of-April-2021.pdf
2021,4,24-24-0-8,26200.0,https://fert.gov.in/sites/default/files/2025-05/Monthly-bulletin-for-the-month-of-April-2021.pdf
2021,4,26-10-2026,27639.92,https://fert.gov.in/sites/default/files/2025-05/Monthly-bulletin-for-the-month-of-April-2021.pdf
2021,4,28-28-0,28782.61,https://fert.gov.in/sites/default/files/2025-05/Monthly-bulletin-for-the-month-of-April-2021.pdf
2021,4,Amm Sulphate,14823.51,https://fert.gov.in/sites/default/files/2025-05/Monthly-bulletin-for-the-month-of-April-2021.pdf
2021,4,Boronated 12-32-16,24600.0,https://fert.gov.in/sites/default/files/2025-05/Monthly-bulletin-for-the-month-of-April-2021.pdf
2021,4,City Compost,4449.72,https://fert.gov.in/sites/default/files/2025-05/Monthly-bulletin-for-the-month-of-April-2021.pdf
2021,4,DAP,27839.49,https://fert.gov.in/sites/default/files/2025-05/Monthly-bulletin-for-the-month-of-April-2021.pdf
2021,4,Imported 12-32-16,24165.56,https://fert.gov.in/sites/default/files/2025-05/Monthly-bulletin-for-the-month-of-April-2021.pdf
2021,4,Imported 15-15-15-9,18408.54,https://fert.gov.in/sites/default/files/2025-05/Monthly-bulletin-for-the-month-of-April-2021.pdf
2021,4,Imported 16-16-16,23806.15,https://fert.gov.in/sites/default/files/2025-05/Monthly-bulletin-for-the-month-of-April-2021.pdf
2021,4,Imported 16-20-0-13,18700.0,https://fert.gov.in/sites/default/files/2025-05/Monthly-bulletin-for-the-month-of-April-2021.pdf
2021,4,Imported 20-20-0-13,22026.55,https://fert.gov.in/sites/default/files/2025-05/Monthly-bulletin-for-the-month-of-April-2021.pdf
2021,4,Imported DAP,28512.11,https://fert.gov.in/sites/default/files/2025-05/Monthly-bulletin-for-the-month-of-April-2021.pdf
2021,4,MOP,18306.68,https://fert.gov.in/sites/default/files/2025-05/Monthly-bulletin-for-the-month-of-April-2021.pdf
2021,4,SSP-Boronated,9224.42,https://fert.gov.in/sites/default/files/2025-05/Monthly-bulletin-for-the-month-of-April-2021.pdf
2021,4,SSP-Granular,8824.91,https://fert.gov.in/sites/default/files/2025-05/Monthly-bulletin-for-the-month-of-April-2021.pdf
2021,4,SSP-Powdered,8296.01,https://fert.gov.in/sites/default/files/2025-05/Monthly-bulletin-for-the-month-of-April-2021.pdf
2021,4,SSP-Zincated(Granular),9194.81,https://fert.gov.in/sites/default/files/2025-05/Monthly-bulletin-for-the-month-of-April-2021.pdf
2021,4,SSP-Zincated(Powder),8648.28,https://fert.gov.in/sites/default/files/2025-05/Monthly-bulletin-for-the-month-of-April-2021.pdf
2021,4,SSP-Zincated-Boronated(Granular),10334.29,https://fert.gov.in/sites/default/files/2025-05/Monthly-bulletin-for-the-month-of-April-2021.pdf
2021,4,Urea,5360.0,https://fert.gov.in/sites/default/files/2025-05/Monthly-bulletin-for-the-month-of-April-2021.pdf
2021,5,10-26-26,32742.29,https://fert.gov.in/sites/default/files/2025-05/Monthly-bulletin-for-the-month-of-May-2021.pdf
2021,5,12-32-16,32123.1,https://fert.gov.in/sites/default/files/2025-05/Monthly-bulletin-for-the-month-of-May-2021.pdf
2021,5,14-28-0-0,33425.81,https://fert.gov.in/sites/default/files/2025-05/Monthly-bulletin-for-the-month-of-May-2021.pdf
2021,5,14-35-14,26604.65,https://fert.gov.in/sites/default/files/2025-05/Monthly-bulletin-for-the-month-of-May-2021.pdf
2021,5,15-15-15,21200.0,https://fert.gov.in/sites/default/files/2025-05/Monthly-bulletin-for-the-month-of-May-2021.pdf
2021,5,15-15-15-9,23000.0,https://fert.gov.in/sites/default/files/2025-05/Monthly-bulletin-for-the-month-of-May-2021.pdf
2021,5,16-20-0-13,24026.74,https://fert.gov.in/sites/default/files/2025-05/Monthly-bulletin-for-the-month-of-May-2021.pdf
2021,5,17-17-17,25000.0,https://fert.gov.in/sites/default/files/2025-05/Monthly-bulletin-for-the-month-of-May-2021.pdf
2021,5,19-19-19,34000.0,https://fert.gov.in/sites/default/files/2025-05/Monthly-bulletin-for-the-month-of-May-2021.pdf
2021,5,20-20-0,23064.52,https://fert.gov.in/sites/default/files/2025-05/Monthly-bulletin-for-the-month-of-May-2021.pdf
2021,5,20-20-0-13,24901.52,https://fert.gov.in/sites/default/files/2025-05/Monthly-bulletin-for-the-month-of-May-2021.pdf
2021,5,24-24-0,35661.29,https://fert.gov.in/sites/default/files/2025-05/Monthly-bulletin-for-the-month-of-May-2021.pdf
2021,5,28-28-0,32704.54,https://fert.gov.in/sites/default/files/2025-05/Monthly-bulletin-for-the-month-of-May-2021.pdf
2021,5,Amm Sulphate,15295.14,https://fert.gov.in/sites/default/files/2025-05/Monthly-bulletin-for-the-month-of-May-2021.pdf
2021,5,Boronated 12-32-16,33329.03,https://fert.gov.in/sites/default/files/2025-05/Monthly-bulletin-for-the-month-of-May-2021.pdf
2021,5,City Compost,4563.3,https://fert.gov.in/sites/default/files/2025-05/Monthly-bulletin-for-the-month-of-May-2021.pdf
2021,5,DAP,31940.22,https://fert.gov.in/sites/default/files/2025-05/Monthly-bulletin-for-the-month-of-May-2021.pdf
2021,5,Imported 10-26-26,28814.82,https://fert.gov.in/sites/default/files/2025-05/Monthly-bulletin-for-the-month-of-May-2021.pdf
2021,5,Imported 12-32-16,24251.05,https://fert.gov.in/sites/default/files/2025-05/Monthly-bulletin-for-the-month-of-May-2021.pdf
2021,5,Imported 15-15-15-9,20408.66,https://fert.gov.in/sites/default/files/2025-05/Monthly-bulletin-for-the-month-of-May-2021.pdf
2021,5,Imported 16-16-16,24776.21,https://fert.gov.in/sites/default/files/2025-05/Monthly-bulletin-for-the-month-of-May-2021.pdf
2021,5,Imported 16-20-0-13,20575.0,https://fert.gov.in/sites/default/files/2025-05/Monthly-bulletin-for-the-month-of-May-2021.pdf
2021,5,Imported 20-20-0-13,24322.64,https://fert.gov.in/sites/default/files/2025-05/Monthly-bulletin-for-the-month-of-May-2021.pdf
2021,5,Imported DAP,29915.78,https://fert.gov.in/sites/default/files/2025-05/Monthly-bulletin-for-the-month-of-May-2021.pdf
2021,5,MOP,19058.45,https://fert.gov.in/sites/default/files/2025-05/Monthly-bulletin-for-the-month-of-May-2021.pdf
2021,5,Neem Coated Urea(45 Kg),25000.0,https://fert.gov.in/sites/default/files/2025-05/Monthly-bulletin-for-the-month-of-May-2021.pdf
2021,5,SSP-Boronated,9479.84,https://fert.gov.in/sites/default/files/2025-05/Monthly-bulletin-for-the-month-of-May-2021.pdf
2021,5,SSP-Granular,8869.89,https://fert.gov.in/sites/default/files/2025-05/Monthly-bulletin-for-the-month-of-May-2021.pdf
2021,5,SSP-Powdered,8394.35,https://fert.gov.in/sites/default/files/2025-05/Monthly-bulletin-for-the-month-of-May-2021.pdf
2021,5,SSP-Zincated(Granular),9310.38,https://fert.gov.in/sites/default/files/2025-05/Monthly-bulletin-for-the-month-of-May-2021.pdf
2021,5,SSP-Zincated(Powder),8693.34,https://fert.gov.in/sites/default/files/2025-05/Monthly-bulletin-for-the-month-of-May-2021.pdf
2021,5,SSP-Zincated-Boronated(Granular),10788.16,https://fert.gov.in/sites/default/files/2025-05/Monthly-bulletin-for-the-month-of-May-2021.pdf
2021,5,Urea,5360.0,https://fert.gov.in/sites/default/files/2025-05/Monthly-bulletin-for-the-month-of-May-2021.pdf
2021,6,10-26-26,25727.7,https://fert.gov.in/sites/default/files/2025-05/Monthly-Bulletin-month-June-2021.pdf
2021,6,12-32-16,25399.7,https://fert.gov.in/sites/default/files/2025-05/Monthly-Bulletin-month-June-2021.pdf
2021,6,14-28-0-0,25600.0,https://fert.gov.in/sites/default/files/2025-05/Monthly-Bulletin-month-June-2021.pdf
2021,6,14-35-14,28000.0,https://fert.gov.in/sites/default/files/2025-05/Monthly-Bulletin-month-June-2021.pdf
2021,6,15-15-15,23600.0,https://fert.gov.in/sites/default/files/2025-05/Monthly-Bulletin-month-June-2021.pdf
2021,6,15-15-15-9,23000.0,https://fert.gov.in/sites/default/files/2025-05/Monthly-Bulletin-month-June-2021.pdf
2021,6,16-20-0-13,18927.2,https://fert.gov.in/sites/default/files/2025-05/Monthly-Bulletin-month-June-2021.pdf
2021,6,17-17-17,25000.0,https://fert.gov.in/sites/default/files/2025-05/Monthly-Bulletin-month-June-2021.pdf
2021,6,19-19-19,31500.0,https://fert.gov.in/sites/default/files/2025-05/Monthly-Bulletin-month-June-2021.pdf
2021,6,20-20-0,19000.0,https://fert.gov.in/sites/default/files/2025-05/Monthly-Bulletin-month-June-2021.pdf
2021,6,20-20-0-13,21001.5,https://fert.gov.in/sites/default/files/2025-05/Monthly-Bulletin-month-June-2021.pdf
2021,6,24-24-0,29000.0,https://fert.gov.in/sites/default/files/2025-05/Monthly-Bulletin-month-June-2021.pdf
2021,6,24-24-0-8,30000.0,https://fert.gov.in/sites/default/files/2025-05/Monthly-Bulletin-month-June-2021.pdf
2021,6,28-28-0,29000.0,https://fert.gov.in/sites/default/files/2025-05/Monthly-Bulletin-month-June-2021.pdf
2021,6,Amm Sulphate,15319.2,https://fert.gov.in/sites/default/files/2025-05/Monthly-Bulletin-month-June-2021.pdf
2021,6,Boronated 12-32-16,24600.0,https://fert.gov.in/sites/default/files/2025-05/Monthly-Bulletin-month-June-2021.pdf
2021,6,City Compost,4613.97,https://fert.gov.in/sites/default/files/2025-05/Monthly-Bulletin-month-June-2021.pdf
2021,6,DAP,24000.0,https://fert.gov.in/sites/default/files/2025-05/Monthly-Bulletin-month-June-2021.pdf
2021,6,Imported 10-26-26,26462.7,https://fert.gov.in/sites/default/files/2025-05/Monthly-Bulletin-month-June-2021.pdf
2021,6,Imported 12-32-16,24047.2,https://fert.gov.in/sites/default/files/2025-05/Monthly-Bulletin-month-June-2021.pdf
2021,6,Imported 15-15-15,22872.7,https://fert.gov.in/sites/default/files/2025-05/Monthly-Bulletin-month-June-2021.pdf
2021,6,Imported 15-15-15-9,22000.0,https://fert.gov.in/sites/default/files/2025-05/Monthly-Bulletin-month-June-2021.pdf
2021,6,Imported 16-16-16,22501.1,https://fert.gov.in/sites/default/files/2025-05/Monthly-Bulletin-month-June-2021.pdf
2021,6,Imported 16-20-0-13,18700.0,https://fert.gov.in/sites/default/files/2025-05/Monthly-Bulletin-month-June-2021.pdf
2021,6,Imported 20-20-0-13,20977.7,https://fert.gov.in/sites/default/files/2025-05/Monthly-Bulletin-month-June-2021.pdf
2021,6,Imported DAP,24017.2,https://fert.gov.in/sites/default/files/2025-05/Monthly-Bulletin-month-June-2021.pdf
2021,6,Imported DAP Lite,26000.0,https://fert.gov.in/sites/default/files/2025-05/Monthly-Bulletin-month-June-2021.pdf
2021,6,MOP,19168.7,https://fert.gov.in/sites/default/files/2025-05/Monthly-Bulletin-month-June-2021.pdf
2021,6,SSP-Boronated,8462.54,https://fert.gov.in/sites/default/files/2025-05/Monthly-Bulletin-month-June-2021.pdf
2021,6,SSP-Granular,8066.78,https://fert.gov.in/sites/default/files/2025-05/Monthly-Bulletin-month-June-2021.pdf
2021,6,SSP-Powdered,7610.6,https://fert.gov.in/sites/default/files/2025-05/Monthly-Bulletin-month-June-2021.pdf
2021,6,SSP-Zincated(Granular),8391.57,https://fert.gov.in/sites/default/files/2025-05/Monthly-Bulletin-month-June-2021.pdf
2021,6,SSP-Zincated(Powder),7776.62,https://fert.gov.in/sites/default/files/2025-05/Monthly-Bulletin-month-June-2021.pdf
2021,6,SSP-Zincated-Boronated(Granular),10227.0,https://fert.gov.in/sites/default/files/2025-05/Monthly-Bulletin-month-June-2021.pdf
2021,6,Urea,5360.0,https://fert.gov.in/sites/default/files/2025-05/Monthly-Bulletin-month-June-2021.pdf
2021,7,12-32-16,26697.97,https://fert.gov.in/sites/default/files/2025-05/Monthly-bulletin-month-of-July-2021.pdf
2021,7,14-28-0-0,25600.0,https://fert.gov.in/sites/default/files/2025-05/Monthly-bulletin-month-of-July-2021.pdf
2021,7,14-35-14,28450.15,https://fert.gov.in/sites/default/files/2025-05/Monthly-bulletin-month-of-July-2021.pdf
2021,7,15-15-15,23600.0,https://fert.gov.in/sites/default/files/2025-05/Monthly-bulletin-month-of-July-2021.pdf
2021,7,15-15-15-9,23000.0,https://fert.gov.in/sites/default/files/2025-05/Monthly-bulletin-month-of-July-2021.pdf
2021,7,16-20-0-13,19966.57,https://fert.gov.in/sites/default/files/2025-05/Monthly-bulletin-month-of-July-2021.pdf
2021,7,17-17-17,25000.0,https://fert.gov.in/sites/default/files/2025-05/Monthly-bulletin-month-of-July-2021.pdf
2021,7,20-20-0,19522.58,https://fert.gov.in/sites/default/files/2025-05/Monthly-bulletin-month-of-July-2021.pdf
2021,7,20-20-0-13,22269.4,https://fert.gov.in/sites/default/files/2025-05/Monthly-bulletin-month-of-July-2021.pdf
2021,7,24-24-0,29935.48,https://fert.gov.in/sites/default/files/2025-05/Monthly-bulletin-month-of-July-2021.pdf
2021,7,24-24-0-8,30000.0,https://fert.gov.in/sites/default/files/2025-05/Monthly-bulletin-month-of-July-2021.pdf
2021,7,26-10-2026,27030.52,https://fert.gov.in/sites/default/files/2025-05/Monthly-bulletin-month-of-July-2021.pdf
2021,7,28-28-0,30000.0,https://fert.gov.in/sites/default/files/2025-05/Monthly-bulletin-month-of-July-2021.pdf
2021,7,Amm Sulphate,15304.51,https://fert.gov.in/sites/default/files/2025-05/Monthly-bulletin-month-of-July-2021.pdf
2021,7,Boronated 12-32-16,26051.61,https://fert.gov.in/sites/default/files/2025-05/Monthly-bulletin-month-of-July-2021.pdf
2021,7,City Compost,4625.65,https://fert.gov.in/sites/default/files/2025-05/Monthly-bulletin-month-of-July-2021.pdf
2021,7,DAP,24036.06,https://fert.gov.in/sites/default/files/2025-05/Monthly-bulletin-month-of-July-2021.pdf
2021,7,Imported 10-26-26,26932.84,https://fert.gov.in/sites/default/files/2025-05/Monthly-bulletin-month-of-July-2021.pdf
2021,7,Imported 12-32-16,24148.27,https://fert.gov.in/sites/default/files/2025-05/Monthly-bulletin-month-of-July-2021.pdf
2021,7,Imported 15-15-15,23185.18,https://fert.gov.in/sites/default/files/2025-05/Monthly-bulletin-month-of-July-2021.pdf
2021,7,Imported 15-15-15-9,22000.0,https://fert.gov.in/sites/default/files/2025-05/Monthly-bulletin-month-of-July-2021.pdf
2021,7,Imported 16-16-16,23420.61,https://fert.gov.in/sites/default/files/2025-05/Monthly-bulletin-month-of-July-2021.pdf
2021,7,Imported 16-20-0-13,18700.0,https://fert.gov.in/sites/default/files/2025-05/Monthly-bulletin-month-of-July-2021.pdf
2021,7,Imported 20-20-0-13,21557.42,https://fert.gov.in/sites/default/files/2025-05/Monthly-bulletin-month-of-July-2021.pdf
2021,7,Imported DAP,24000.0,https://fert.gov.in/sites/default/files/2025-05/Monthly-bulletin-month-of-July-2021.pdf
2021,7,MOP,19485.45,https://fert.gov.in/sites/default/files/2025-05/Monthly-bulletin-month-of-July-2021.pdf
2021,7,SSP-Boronated,8314.53,https://fert.gov.in/sites/default/files/2025-05/Monthly-bulletin-month-of-July-2021.pdf
2021,7,SSP-Granular,7979.74,https://fert.gov.in/sites/default/files/2025-05/Monthly-bulletin-month-of-July-2021.pdf
2021,7,SSP-Powdered,7486.98,https://fert.gov.in/sites/default/files/2025-05/Monthly-bulletin-month-of-July-2021.pdf
2021,7,SSP-Zincated(Granular),8225.39,https://fert.gov.in/sites/default/files/2025-05/Monthly-bulletin-month-of-July-2021.pdf
2021,7,SSP-Zincated(Powder),7670.61,https://fert.gov.in/sites/default/files/2025-05/Monthly-bulletin-month-of-July-2021.pdf
2021,7,SSP-Zincated-Boronated(Granular),10092.38,https://fert.gov.in/sites/default/files/2025-05/Monthly-bulletin-month-of-July-2021.pdf
2021,7,Urea,5360.0,https://fert.gov.in/sites/default/files/2025-05/Monthly-bulletin-month-of-July-2021.pdf
2021,7,Zincated 10-26-26,27600.0,https://fert.gov.in/sites/default/files/2025-05/Monthly-bulletin-month-of-July-2021.pdf
2021,8,10-26-26,27820.59,https://fert.gov.in/sites/default/files/2025-05/Monthly-Bulletin-month-of-August-2021.pdf
2021,8,12-32-16,27152.96,https://fert.gov.in/sites/default/files/2025-05/Monthly-Bulletin-month-of-August-2021.pdf
2021,8,14-28-0-0,25600.0,https://fert.gov.in/sites/default/files/2025-05/Monthly-Bulletin-month-of-August-2021.pdf
2021,8,14-35-14,29415.84,https://fert.gov.in/sites/default/files/2025-05/Monthly-Bulletin-month-of-August-2021.pdf
2021,8,15-15-15,23607.41,https://fert.gov.in/sites/default/files/2025-05/Monthly-Bulletin-month-of-August-2021.pdf
2021,8,15-15-15-9,23066.67,https://fert.gov.in/sites/default/files/2025-05/Monthly-Bulletin-month-of-August-2021.pdf
2021,8,16-20-0-13,20583.74,https://fert.gov.in/sites/default/files/2025-05/Monthly-Bulletin-month-of-August-2021.pdf
2021,8,17-17-17,25000.0,https://fert.gov.in/sites/default/files/2025-05/Monthly-Bulletin-month-of-August-2021.pdf
2021,8,20-20-0,19900.0,https://fert.gov.in/sites/default/files/2025-05/Monthly-Bulletin-month-of-August-2021.pdf
2021,8,20-20-0-13,23491.42,https://fert.gov.in/sites/default/files/2025-05/Monthly-Bulletin-month-of-August-2021.pdf
2021,8,24-24-0,30000.0,https://fert.gov.in/sites/default/files/2025-05/Monthly-Bulletin-month-of-August-2021.pdf
2021,8,24-24-0-8,30000.0,https://fert.gov.in/sites/default/files/2025-05/Monthly-Bulletin-month-of-August-2021.pdf
2021,8,28-28-0,30322.58,https://fert.gov.in/sites/default/files/2025-05/Monthly-Bulletin-month-of-August-2021.pdf
2021,8,Amm Sulphate,15914.62,https://fert.gov.in/sites/default/files/2025-05/Monthly-Bulletin-month-of-August-2021.pdf
2021,8,Boronated 12-32-16,27100.0,https://fert.gov.in/sites/default/files/2025-05/Monthly-Bulletin-month-of-August-2021.pdf
2021,8,City Compost,4563.39,https://fert.gov.in/sites/default/files/2025-05/Monthly-Bulletin-month-of-August-2021.pdf
2021,8,DAP,24000.0,https://fert.gov.in/sites/default/files/2025-05/Monthly-Bulletin-month-of-August-2021.pdf
2021,8,Imported 10-26-26,28423.08,https://fert.gov.in/sites/default/files/2025-05/Monthly-Bulletin-month-of-August-2021.pdf
2021,8,Imported 12-32-16,24141.79,https://fert.gov.in/sites/default/files/2025-05/Monthly-Bulletin-month-of-August-2021.pdf
2021,8,Imported 15-15-15-9,22000.0,https://fert.gov.in/sites/default/files/2025-05/Monthly-Bulletin-month-of-August-2021.pdf
2021,8,Imported 16-16-16,23622.26,https://fert.gov.in/sites/default/files/2025-05/Monthly-Bulletin-month-of-August-2021.pdf
2021,8,Imported 20-20-0-13,21651.68,https://fert.gov.in/sites/default/files/2025-05/Monthly-Bulletin-month-of-August-2021.pdf
2021,8,Imported DAP,24000.0,https://fert.gov.in/sites/default/files/2025-05/Monthly-Bulletin-month-of-August-2021.pdf
2021,8,MOP,19663.4,https://fert.gov.in/sites/default/files/2025-05/Monthly-Bulletin-month-of-August-2021.pdf
2021,8,SSP-Boronated,7797.52,https://fert.gov.in/sites/default/files/2025-05/Monthly-Bulletin-month-of-August-2021.pdf
2021,8,SSP-Granular,7584.11,https://fert.gov.in/sites/default/files/2025-05/Monthly-Bulletin-month-of-August-2021.pdf
2021,8,SSP-Powdered,7115.56,https://fert.gov.in/sites/default/files/2025-05/Monthly-Bulletin-month-of-August-2021.pdf
2021,8,SSP-Zincated(Granular),7687.77,https://fert.gov.in/sites/default/files/2025-05/Monthly-Bulletin-month-of-August-2021.pdf
2021,8,SSP-Zincated(Powder),7167.42,https://fert.gov.in/sites/default/files/2025-05/Monthly-Bulletin-month-of-August-2021.pdf
2021,8,SSP-Zincated-Boronated(Granular),9408.6,https://fert.gov.in/sites/default/files/2025-05/Monthly-Bulletin-month-of-August-2021.pdf
2021,8,Urea,5360.0,https://fert.gov.in/sites/default/files/2025-05/Monthly-Bulletin-month-of-August-2021.pdf
2021,9,10-26-26,28130.4,https://fert.gov.in/sites/default/files/2025-05/Monthly-Bulletin-month-of-September-2021.pdf
2021,9,12-32-16,27131.4,https://fert.gov.in/sites/default/files/2025-05/Monthly-Bulletin-month-of-September-2021.pdf
2021,9,14-28-0-0,26603.3,https://fert.gov.in/sites/default/files/2025-05/Monthly-Bulletin-month-of-September-2021.pdf
2021,9,14-35-14,29721.0,https://fert.gov.in/sites/default/files/2025-05/Monthly-Bulletin-month-of-September-2021.pdf
2021,9,15-15-15,23607.6,https://fert.gov.in/sites/default/files/2025-05/Monthly-Bulletin-month-of-September-2021.pdf
2021,9,15-15-15-9,23494.1,https://fert.gov.in/sites/default/files/2025-05/Monthly-Bulletin-month-of-September-2021.pdf
2021,9,16-20-0-13,21554.7,https://fert.gov.in/sites/default/files/2025-05/Monthly-Bulletin-month-of-September-2021.pdf
2021,9,17-17-17,25000.0,https://fert.gov.in/sites/default/files/2025-05/Monthly-Bulletin-month-of-September-2021.pdf
2021,9,20-20-0,19900.0,https://fert.gov.in/sites/default/files/2025-05/Monthly-Bulletin-month-of-September-2021.pdf
2021,9,20-20-0-13,23970.1,https://fert.gov.in/sites/default/files/2025-05/Monthly-Bulletin-month-of-September-2021.pdf
2021,9,24-24-0,30000.0,https://fert.gov.in/sites/default/files/2025-05/Monthly-Bulletin-month-of-September-2021.pdf
2021,9,24-24-0-8,31000.0,https://fert.gov.in/sites/default/files/2025-05/Monthly-Bulletin-month-of-September-2021.pdf
2021,9,28-28-0,30992.7,https://fert.gov.in/sites/default/files/2025-05/Monthly-Bulletin-month-of-September-2021.pdf
2021,9,Amm Sulphate,16213.6,https://fert.gov.in/sites/default/files/2025-05/Monthly-Bulletin-month-of-September-2021.pdf
2021,9,Boronated 12-32-16,27100.0,https://fert.gov.in/sites/default/files/2025-05/Monthly-Bulletin-month-of-September-2021.pdf
2021,9,City Compost,4637.11,https://fert.gov.in/sites/default/files/2025-05/Monthly-Bulletin-month-of-September-2021.pdf
2021,9,DAP,24000.0,https://fert.gov.in/sites/default/files/2025-05/Monthly-Bulletin-month-of-September-2021.pdf
2021,9,Imported 10-26-26,29278.5,https://fert.gov.in/sites/default/files/2025-05/Monthly-Bulletin-month-of-September-2021.pdf
2021,9,Imported 12-32-16,25085.1,https://fert.gov.in/sites/default/files/2025-05/Monthly-Bulletin-month-of-September-2021.pdf
2021,9,Imported 15-15-15-9,22000.0,https://fert.gov.in/sites/default/files/2025-05/Monthly-Bulletin-month-of-September-2021.pdf
2021,9,Imported 16-16-16,23702.0,https://fert.gov.in/sites/default/files/2025-05/Monthly-Bulletin-month-of-September-2021.pdf
2021,9,Imported 20-20-0-13,21679.2,https://fert.gov.in/sites/default/files/2025-05/Monthly-Bulletin-month-of-September-2021.pdf
2021,9,Imported DAP,24000.0,https://fert.gov.in/sites/default/files/2025-05/Monthly-Bulletin-month-of-September-2021.pdf
2021,9,MOP,19949.7,https://fert.gov.in/sites/default/files/2025-05/Monthly-Bulletin-month-of-September-2021.pdf
2021,9,SSP-Boronated,7519.95,https://fert.gov.in/sites/default/files/2025-05/Monthly-Bulletin-month-of-September-2021.pdf
2021,9,SSP-Granular,7360.82,https://fert.gov.in/sites/default/files/2025-05/Monthly-Bulletin-month-of-September-2021.pdf
2021,9,SSP-Powdered,6912.81,https://fert.gov.in/sites/default/files/2025-05/Monthly-Bulletin-month-of-September-2021.pdf
2021,9,SSP-Zincated(Granular),7475.0,https://fert.gov.in/sites/default/files/2025-05/Monthly-Bulletin-month-of-September-2021.pdf
2021,9,SSP-Zincated(Powder),6949.54,https://fert.gov.in/sites/default/files/2025-05/Monthly-Bulletin-month-of-September-2021.pdf
2021,9,SSP-Zincated-Boronated(Granular),9157.57,https://fert.gov.in/sites/default/files/2025-05/Monthly-Bulletin-month-of-September-2021.pdf
2021,9,Urea,5360.0,https://fert.gov.in/sites/default/files/2025-05/Monthly-Bulletin-month-of-September-2021.pdf
2021,9,Zincated 10-26-26,30289.5,https://fert.gov.in/sites/default/files/2025-05/Monthly-Bulletin-month-of-September-2021.pdf
2021,9,Zincated NPK 14-35-14,33000.0,https://fert.gov.in/sites/default/files/2025-05/Monthly-Bulletin-month-of-September-2021.pdf
2021,10,10-26-26,30752.42,https://fert.gov.in/sites/default/files/2025-05/Monthly-Bulletin-month-of-October-2021.pdf
2021,10,12-32-16,28721.22,https://fert.gov.in/sites/default/files/2025-05/Monthly-Bulletin-month-of-October-2021.pdf
2021,10,14-28-0-0,29613.7,https://fert.gov.in/sites/default/files/2025-05/Monthly-Bulletin-month-of-October-2021.pdf
2021,10,14-35-14,29634.53,https://fert.gov.in/sites/default/files/2025-05/Monthly-Bulletin-month-of-October-2021.pdf
2021,10,15-15-15,27000.0,https://fert.gov.in/sites/default/files/2025-05/Monthly-Bulletin-month-of-October-2021.pdf
2021,10,15-15-15-9,23600.0,https://fert.gov.in/sites/default/files/2025-05/Monthly-Bulletin-month-of-October-2021.pdf
2021,10,16-20-0-13,23372.79,https://fert.gov.in/sites/default/files/2025-05/Monthly-Bulletin-month-of-October-2021.pdf
2021,10,17-17-17,25000.0,https://fert.gov.in/sites/default/files/2025-05/Monthly-Bulletin-month-of-October-2021.pdf
2021,10,20-20-0,21700.0,https://fert.gov.in/sites/default/files/2025-05/Monthly-Bulletin-month-of-October-2021.pdf
2021,10,20-20-0-13,25135.28,https://fert.gov.in/sites/default/files/2025-05/Monthly-Bulletin-month-of-October-2021.pdf
2021,10,24-24-0,33612.9,https://fert.gov.in/sites/default/files/2025-05/Monthly-Bulletin-month-of-October-2021.pdf
2021,10,24-24-0-8,31000.0,https://fert.gov.in/sites/default/files/2025-05/Monthly-Bulletin-month-of-October-2021.pdf
2021,10,28-28-0,31695.65,https://fert.gov.in/sites/default/files/2025-05/Monthly-Bulletin-month-of-October-2021.pdf
2021,10,Amm Sulphate,16386.48,https://fert.gov.in/sites/default/files/2025-05/Monthly-Bulletin-month-of-October-2021.pdf
2021,10,Boronated 12-32-16,27100.0,https://fert.gov.in/sites/default/files/2025-05/Monthly-Bulletin-month-of-October-2021.pdf
2021,10,City Compost,4381.08,https://fert.gov.in/sites/default/files/2025-05/Monthly-Bulletin-month-of-October-2021.pdf
2021,10,DAP,24000.0,https://fert.gov.in/sites/default/files/2025-05/Monthly-Bulletin-month-of-October-2021.pdf
2021,10,Imported 10-26-26,29546.6,https://fert.gov.in/sites/default/files/2025-05/Monthly-Bulletin-month-of-October-2021.pdf
2021,10,Imported 12-32-16,26665.01,https://fert.gov.in/sites/default/files/2025-05/Monthly-Bulletin-month-of-October-2021.pdf
2021,10,Imported 15-15-15-9,23580.65,https://fert.gov.in/sites/default/files/2025-05/Monthly-Bulletin-month-of-October-2021.pdf
2021,10,Imported 16-16-16,24975.61,https://fert.gov.in/sites/default/files/2025-05/Monthly-Bulletin-month-of-October-2021.pdf
2021,10,Imported 16-20-0-13,25000.0,https://fert.gov.in/sites/default/files/2025-05/Monthly-Bulletin-month-of-October-2021.pdf
2021,10,Imported 20-20-0-13,23135.96,https://fert.gov.in/sites/default/files/2025-05/Monthly-Bulletin-month-of-October-2021.pdf
2021,10,Imported DAP,24000.0,https://fert.gov.in/sites/default/files/2025-05/Monthly-Bulletin-month-of-October-2021.pdf
2021,10,Imported MAP,34000.0,https://fert.gov.in/sites/default/files/2025-05/Monthly-Bulletin-month-of-October-2021.pdf
2021,10,MOP,20186.5,https://fert.gov.in/sites/default/files/2025-05/Monthly-Bulletin-month-of-October-2021.pdf
2021,10,SSP-Boronated,7418.486,https://fert.gov.in/sites/default/files/2025-05/Monthly-Bulletin-month-of-October-2021.pdf
2021,10,SSP-Granular,7258.302,https://fert.gov.in/sites/default/files/2025-05/Monthly-Bulletin-month-of-October-2021.pdf
2021,10,SSP-Powdered,6810.753,https://fert.gov.in/sites/default/files/2025-05/Monthly-Bulletin-month-of-October-2021.pdf
2021,10,SSP-Zincated(Granular),7420.075,https://fert.gov.in/sites/default/files/2025-05/Monthly-Bulletin-month-of-October-2021.pdf
2021,10,SSP-Zincated(Powder),6887.939,https://fert.gov.in/sites/default/files/2025-05/Monthly-Bulletin-month-of-October-2021.pdf
2021,10,SSP-Zincated-Boronated(Granular),9028.874,https://fert.gov.in/sites/default/files/2025-05/Monthly-Bulletin-month-of-October-2021.pdf
2021,10,Urea,5360.0,https://fert.gov.in/sites/default/files/2025-05/Monthly-Bulletin-month-of-October-2021.pdf
2021,10,Zincated NPK 14-35-14,33000.0,https://fert.gov.in/sites/default/files/2025-05/Monthly-Bulletin-month-of-October-2021.pdf
2021,11,10-26-26,31764.08,https://fert.gov.in/sites/default/files/2025-05/Monthly%20Bulletin%20fot%20the%20month%20of%20November%2C2021.pdf
2021,11,12-32-16,29458.76,https://fert.gov.in/sites/default/files/2025-05/Monthly%20Bulletin%20fot%20the%20month%20of%20November%2C2021.pdf
2021,11,14-28-0-0,29662.67,https://fert.gov.in/sites/default/files/2025-05/Monthly%20Bulletin%20fot%20the%20month%20of%20November%2C2021.pdf
2021,11,14-35-14,29523.81,https://fert.gov.in/sites/default/files/2025-05/Monthly%20Bulletin%20fot%20the%20month%20of%20November%2C2021.pdf
2021,11,15-15-15,27000.0,https://fert.gov.in/sites/default/files/2025-05/Monthly%20Bulletin%20fot%20the%20month%20of%20November%2C2021.pdf
2021,11,16-20-0-13,25194.6,https://fert.gov.in/sites/default/files/2025-05/Monthly%20Bulletin%20fot%20the%20month%20of%20November%2C2021.pdf
2021,11,17-17-17,25000.0,https://fert.gov.in/sites/default/files/2025-05/Monthly%20Bulletin%20fot%20the%20month%20of%20November%2C2021.pdf
2021,11,20-20-0,23000.0,https://fert.gov.in/sites/default/files/2025-05/Monthly%20Bulletin%20fot%20the%20month%20of%20November%2C2021.pdf
2021,11,20-20-0-13,25992.05,https://fert.gov.in/sites/default/files/2025-05/Monthly%20Bulletin%20fot%20the%20month%20of%20November%2C2021.pdf
2021,11,24-24-0,34000.0,https://fert.gov.in/sites/default/files/2025-05/Monthly%20Bulletin%20fot%20the%20month%20of%20November%2C2021.pdf
2021,11,28-28-0,34000.0,https://fert.gov.in/sites/default/files/2025-05/Monthly%20Bulletin%20fot%20the%20month%20of%20November%2C2021.pdf
2021,11,Amm Sulphate,16768.55,https://fert.gov.in/sites/default/files/2025-05/Monthly%20Bulletin%20fot%20the%20month%20of%20November%2C2021.pdf
2021,11,City Compost,4050.5,https://fert.gov.in/sites/default/files/2025-05/Monthly%20Bulletin%20fot%20the%20month%20of%20November%2C2021.pdf
2021,11,DAP,24000.0,https://fert.gov.in/sites/default/files/2025-05/Monthly%20Bulletin%20fot%20the%20month%20of%20November%2C2021.pdf
2021,11,Imported 10-26-26,29305.62,https://fert.gov.in/sites/default/files/2025-05/Monthly%20Bulletin%20fot%20the%20month%20of%20November%2C2021.pdf
2021,11,Imported 12-32-16,26366.48,https://fert.gov.in/sites/default/files/2025-05/Monthly%20Bulletin%20fot%20the%20month%20of%20November%2C2021.pdf
2021,11,Imported 15-15-15-9,29000.0,https://fert.gov.in/sites/default/files/2025-05/Monthly%20Bulletin%20fot%20the%20month%20of%20November%2C2021.pdf
2021,11,Imported 16-16-16,24975.61,https://fert.gov.in/sites/default/files/2025-05/Monthly%20Bulletin%20fot%20the%20month%20of%20November%2C2021.pdf
2021,11,Imported 16-20-0-13,25000.0,https://fert.gov.in/sites/default/files/2025-05/Monthly%20Bulletin%20fot%20the%20month%20of%20November%2C2021.pdf
2021,11,Imported 20-20-0-13,26049.24,https://fert.gov.in/sites/default/files/2025-05/Monthly%20Bulletin%20fot%20the%20month%20of%20November%2C2021.pdf
2021,11,Imported DAP,24000.0,https://fert.gov.in/sites/default/files/2025-05/Monthly%20Bulletin%20fot%20the%20month%20of%20November%2C2021.pdf
2021,11,Imported MAP,34000.0,https://fert.gov.in/sites/default/files/2025-05/Monthly%20Bulletin%20fot%20the%20month%20of%20November%2C2021.pdf
2021,11,MOP,20218.44,https://fert.gov.in/sites/default/files/2025-05/Monthly%20Bulletin%20fot%20the%20month%20of%20November%2C2021.pdf
2021,11,SSP-Boronated,7416.02,https://fert.gov.in/sites/default/files/2025-05/Monthly%20Bulletin%20fot%20the%20month%20of%20November%2C2021.pdf
2021,11,SSP-Granular,7277.27,https://fert.gov.in/sites/default/files/2025-05/Monthly%20Bulletin%20fot%20the%20month%20of%20November%2C2021.pdf
2021,11,SSP-Powdered,6879.81,https://fert.gov.in/sites/default/files/2025-05/Monthly%20Bulletin%20fot%20the%20month%20of%20November%2C2021.pdf
2021,11,SSP-Zincated(Granular),7438.08,https://fert.gov.in/sites/default/files/2025-05/Monthly%20Bulletin%20fot%20the%20month%20of%20November%2C2021.pdf
2021,11,SSP-Zincated(Powder),6891.28,https://fert.gov.in/sites/default/files/2025-05/Monthly%20Bulletin%20fot%20the%20month%20of%20November%2C2021.pdf
2021,11,SSP-Zincated-Boronated(Granular),9196.33,https://fert.gov.in/sites/default/files/2025-05/Monthly%20Bulletin%20fot%20the%20month%20of%20November%2C2021.pdf
2021,11,Urea,5360.0,https://fert.gov.in/sites/default/files/2025-05/Monthly%20Bulletin%20fot%20the%20month%20of%20November%2C2021.pdf
2021,11,Zinc and Boron NPK 8-21-21(40 Kg),42250.0,https://fert.gov.in/sites/default/files/2025-05/Monthly%20Bulletin%20fot%20the%20month%20of%20November%2C2021.pdf
2021,12,10-26-26,31609.12,https://fert.gov.in/sites/default/files/2025-05/Monthly-Bulletin-month-of-December-2021.pdf
2021,12,12-32-16,29513.21,https://fert.gov.in/sites/default/files/2025-05/Monthly-Bulletin-month-of-December-2021.pdf
2021,12,14-28-0-0,29700.0,https://fert.gov.in/sites/default/files/2025-05/Monthly-Bulletin-month-of-December-2021.pdf
2021,12,14-35-14,31764.16,https://fert.gov.in/sites/default/files/2025-05/Monthly-Bulletin-month-of-December-2021.pdf
2021,12,15-15-15,27920.0,https://fert.gov.in/sites/default/files/2025-05/Monthly-Bulletin-month-of-December-2021.pdf
2021,12,15-15-15-9,27500.0,https://fert.gov.in/sites/default/files/2025-05/Monthly-Bulletin-month-of-December-2021.pdf
2021,12,16-20-0-13,25194.26,https://fert.gov.in/sites/default/files/2025-05/Monthly-Bulletin-month-of-December-2021.pdf
2021,12,17-17-17,25000.0,https://fert.gov.in/sites/default/files/2025-05/Monthly-Bulletin-month-of-December-2021.pdf
2021,12,20-20-0,23000.0,https://fert.gov.in/sites/default/files/2025-05/Monthly-Bulletin-month-of-December-2021.pdf
2021,12,20-20-0-13,26226.01,https://fert.gov.in/sites/default/files/2025-05/Monthly-Bulletin-month-of-December-2021.pdf
2021,12,24-24-0,34000.0,https://fert.gov.in/sites/default/files/2025-05/Monthly-Bulletin-month-of-December-2021.pdf
2021,12,28-28-0,37583.01,https://fert.gov.in/sites/default/files/2025-05/Monthly-Bulletin-month-of-December-2021.pdf
2021,12,Amm Sulphate,17436.76,https://fert.gov.in/sites/default/files/2025-05/Monthly-Bulletin-month-of-December-2021.pdf
2021,12,City Compost,3914.67,https://fert.gov.in/sites/default/files/2025-05/Monthly-Bulletin-month-of-December-2021.pdf
2021,12,DAP,24000.0,https://fert.gov.in/sites/default/files/2025-05/Monthly-Bulletin-month-of-December-2021.pdf
2021,12,Imported 10-26-26,31687.03,https://fert.gov.in/sites/default/files/2025-05/Monthly-Bulletin-month-of-December-2021.pdf
2021,12,Imported 12-32-16,31151.77,https://fert.gov.in/sites/default/files/2025-05/Monthly-Bulletin-month-of-December-2021.pdf
2021,12,Imported 15-15-15-9,29000.0,https://fert.gov.in/sites/default/files/2025-05/Monthly-Bulletin-month-of-December-2021.pdf
2021,12,Imported 16-16-16,26892.21,https://fert.gov.in/sites/default/files/2025-05/Monthly-Bulletin-month-of-December-2021.pdf
2021,12,Imported 16-20-0-13,24680.68,https://fert.gov.in/sites/default/files/2025-05/Monthly-Bulletin-month-of-December-2021.pdf
2021,12,Imported 20-20-0-13,25716.61,https://fert.gov.in/sites/default/files/2025-05/Monthly-Bulletin-month-of-December-2021.pdf
2021,12,Imported DAP,24000.93,https://fert.gov.in/sites/default/files/2025-05/Monthly-Bulletin-month-of-December-2021.pdf
2021,12,Imported MAP,34000.0,https://fert.gov.in/sites/default/files/2025-05/Monthly-Bulletin-month-of-December-2021.pdf
2021,12,MOP,28823.16,https://fert.gov.in/sites/default/files/2025-05/Monthly-Bulletin-month-of-December-2021.pdf
2021,12,SSP-Boronated,7545.52,https://fert.gov.in/sites/default/files/2025-05/Monthly-Bulletin-month-of-December-2021.pdf
2021,12,SSP-Granular,7374.63,https://fert.gov.in/sites/default/files/2025-05/Monthly-Bulletin-month-of-December-2021.pdf
2021,12,SSP-Powdered,6941.06,https://fert.gov.in/sites/default/files/2025-05/Monthly-Bulletin-month-of-December-2021.pdf
2021,12,SSP-Zincated(Granular),7509.82,https://fert.gov.in/sites/default/files/2025-05/Monthly-Bulletin-month-of-December-2021.pdf
2021,12,SSP-Zincated(Powder),6987.75,https://fert.gov.in/sites/default/files/2025-05/Monthly-Bulletin-month-of-December-2021.pdf
2021,12,SSP-Zincated-Boronated(Granular),9334.63,https://fert.gov.in/sites/default/files/2025-05/Monthly-Bulletin-month-of-December-2021.pdf
2021,12,Urea,5360.0,https://fert.gov.in/sites/default/files/2025-05/Monthly-Bulletin-month-of-December-2021.pdf
2021,12,Zinc and Boron NPK 8-21-21(40 Kg),45346.77,https://fert.gov.in/sites/default/files/2025-05/Monthly-Bulletin-month-of-December-2021.pdf
2022,1,12-32-16,29566.02,https://fert.gov.in/sites/default/files/2025-05/Monthly-Bulletin-month-of-January-2022.pdf
2022,1,14-28-0-0,30092.26,https://fert.gov.in/sites/default/files/2025-05/Monthly-Bulletin-month-of-January-2022.pdf
2022,1,14-35-14,34214.74,https://fert.gov.in/sites/default/files/2025-05/Monthly-Bulletin-month-of-January-2022.pdf
2022,1,15-15-15,28038.46,https://fert.gov.in/sites/default/files/2025-05/Monthly-Bulletin-month-of-January-2022.pdf
2022,1,15-15-15-9,27858.7,https://fert.gov.in/sites/default/files/2025-05/Monthly-Bulletin-month-of-January-2022.pdf
2022,1,16-20-0-13,25515.52,https://fert.gov.in/sites/default/files/2025-05/Monthly-Bulletin-month-of-January-2022.pdf
2022,1,17-17-17,25000.0,https://fert.gov.in/sites/default/files/2025-05/Monthly-Bulletin-month-of-January-2022.pdf
2022,1,20-20-0,23000.0,https://fert.gov.in/sites/default/files/2025-05/Monthly-Bulletin-month-of-January-2022.pdf
2022,1,20-20-0-13,26359.56,https://fert.gov.in/sites/default/files/2025-05/Monthly-Bulletin-month-of-January-2022.pdf
2022,1,24-24-0,34000.0,https://fert.gov.in/sites/default/files/2025-05/Monthly-Bulletin-month-of-January-2022.pdf
2022,1,26-10-2026,31630.41,https://fert.gov.in/sites/default/files/2025-05/Monthly-Bulletin-month-of-January-2022.pdf
2022,1,28-28-0,37848.38,https://fert.gov.in/sites/default/files/2025-05/Monthly-Bulletin-month-of-January-2022.pdf
2022,1,Amm Sulphate,18751.85,https://fert.gov.in/sites/default/files/2025-05/Monthly-Bulletin-month-of-January-2022.pdf
2022,1,City Compost,3886.48,https://fert.gov.in/sites/default/files/2025-05/Monthly-Bulletin-month-of-January-2022.pdf
2022,1,DAP,24006.07,https://fert.gov.in/sites/default/files/2025-05/Monthly-Bulletin-month-of-January-2022.pdf
2022,1,Imported 10-26-26,30900.87,https://fert.gov.in/sites/default/files/2025-05/Monthly-Bulletin-month-of-January-2022.pdf
2022,1,Imported 12-32-16,31234.08,https://fert.gov.in/sites/default/files/2025-05/Monthly-Bulletin-month-of-January-2022.pdf
2022,1,Imported 15-15-15-9,29000.0,https://fert.gov.in/sites/default/files/2025-05/Monthly-Bulletin-month-of-January-2022.pdf
2022,1,Imported 16-16-16,27451.22,https://fert.gov.in/sites/default/files/2025-05/Monthly-Bulletin-month-of-January-2022.pdf
2022,1,Imported 16-20-0-13,25000.0,https://fert.gov.in/sites/default/files/2025-05/Monthly-Bulletin-month-of-January-2022.pdf
2022,1,Imported 20-20-0-13,26076.8,https://fert.gov.in/sites/default/files/2025-05/Monthly-Bulletin-month-of-January-2022.pdf
2022,1,Imported DAP,24000.0,https://fert.gov.in/sites/default/files/2025-05/Monthly-Bulletin-month-of-January-2022.pdf
2022,1,Imported MAP,34000.0,https://fert.gov.in/sites/default/files/2025-05/Monthly-Bulletin-month-of-January-2022.pdf
2022,1,MOP,31729.56,https://fert.gov.in/sites/default/files/2025-05/Monthly-Bulletin-month-of-January-2022.pdf
2022,1,SSP-Boronated,7584.45,https://fert.gov.in/sites/default/files/2025-05/Monthly-Bulletin-month-of-January-2022.pdf
2022,1,SSP-Granular,7445.73,https://fert.gov.in/sites/default/files/2025-05/Monthly-Bulletin-month-of-January-2022.pdf
2022,1,SSP-Powdered,7020.91,https://fert.gov.in/sites/default/files/2025-05/Monthly-Bulletin-month-of-January-2022.pdf
2022,1,SSP-Zincated(Granular),7520.16,https://fert.gov.in/sites/default/files/2025-05/Monthly-Bulletin-month-of-January-2022.pdf
2022,1,SSP-Zincated(Powder),6996.18,https://fert.gov.in/sites/default/files/2025-05/Monthly-Bulletin-month-of-January-2022.pdf
2022,1,SSP-Zincated-Boronated(Granular),9384.42,https://fert.gov.in/sites/default/files/2025-05/Monthly-Bulletin-month-of-January-2022.pdf
2022,1,Urea,5360.0,https://fert.gov.in/sites/default/files/2025-05/Monthly-Bulletin-month-of-January-2022.pdf
2022,1,Zinc and Boron NPK 8-21-21(40 Kg),46250.0,https://fert.gov.in/sites/default/files/2025-05/Monthly-Bulletin-month-of-January-2022.pdf
2022,1,Zinc and Boron NPK 9-24-24(40Kg),47500.0,https://fert.gov.in/sites/default/files/2025-05/Monthly-Bulletin-month-of-January-2022.pdf
2022,2,12-32-16,30383.13,https://fert.gov.in/sites/default/files/2025-05/Monthly-Bulletin-month-of-February-2022.pdf
2022,2,14-28-0-0,30340.0,https://fert.gov.in/sites/default/files/2025-05/Monthly-Bulletin-month-of-February-2022.pdf
2022,2,14-35-14,37572.01,https://fert.gov.in/sites/default/files/2025-05/Monthly-Bulletin-month-of-February-2022.pdf
2022,2,15-15-15,30025.0,https://fert.gov.in/sites/default/files/2025-05/Monthly-Bulletin-month-of-February-2022.pdf
2022,2,15-15-15-9,29000.0,https://fert.gov.in/sites/default/files/2025-05/Monthly-Bulletin-month-of-February-2022.pdf
2022,2,16-20-0-13,25682.98,https://fert.gov.in/sites/default/files/2025-05/Monthly-Bulletin-month-of-February-2022.pdf
2022,2,17-17-17,25000.0,https://fert.gov.in/sites/default/files/2025-05/Monthly-Bulletin-month-of-February-2022.pdf
2022,2,20-20-0,25194.39,https://fert.gov.in/sites/default/files/2025-05/Monthly-Bulletin-month-of-February-2022.pdf
2022,2,20-20-0-13,26883.84,https://fert.gov.in/sites/default/files/2025-05/Monthly-Bulletin-month-of-February-2022.pdf
2022,2,24-24-0,34714.29,https://fert.gov.in/sites/default/files/2025-05/Monthly-Bulletin-month-of-February-2022.pdf
2022,2,26-10-2026,31330.25,https://fert.gov.in/sites/default/files/2025-05/Monthly-Bulletin-month-of-February-2022.pdf
2022,2,28-28-0,38000.0,https://fert.gov.in/sites/default/files/2025-05/Monthly-Bulletin-month-of-February-2022.pdf
2022,2,Amm Sulphate,19967.7,https://fert.gov.in/sites/default/files/2025-05/Monthly-Bulletin-month-of-February-2022.pdf
2022,2,City Compost,3759.57,https://fert.gov.in/sites/default/files/2025-05/Monthly-Bulletin-month-of-February-2022.pdf
2022,2,DAP,24000.0,https://fert.gov.in/sites/default/files/2025-05/Monthly-Bulletin-month-of-February-2022.pdf
2022,2,Imported 10-26-26,30944.9,https://fert.gov.in/sites/default/files/2025-05/Monthly-Bulletin-month-of-February-2022.pdf
2022,2,Imported 12-32-16,31359.24,https://fert.gov.in/sites/default/files/2025-05/Monthly-Bulletin-month-of-February-2022.pdf
2022,2,Imported 15-15-15-9,29000.0,https://fert.gov.in/sites/default/files/2025-05/Monthly-Bulletin-month-of-February-2022.pdf
2022,2,Imported 16-16-16,27451.22,https://fert.gov.in/sites/default/files/2025-05/Monthly-Bulletin-month-of-February-2022.pdf
2022,2,Imported 16-20-0-13,25000.0,https://fert.gov.in/sites/default/files/2025-05/Monthly-Bulletin-month-of-February-2022.pdf
2022,2,Imported 20-20-0-13,26068.04,https://fert.gov.in/sites/default/files/2025-05/Monthly-Bulletin-month-of-February-2022.pdf
2022,2,Imported DAP,24000.0,https://fert.gov.in/sites/default/files/2025-05/Monthly-Bulletin-month-of-February-2022.pdf
2022,2,Imported MAP,34000.0,https://fert.gov.in/sites/default/files/2025-05/Monthly-Bulletin-month-of-February-2022.pdf
2022,2,MOP,31819.56,https://fert.gov.in/sites/default/files/2025-05/Monthly-Bulletin-month-of-February-2022.pdf
2022,2,SSP-Boronated,7560.65,https://fert.gov.in/sites/default/files/2025-05/Monthly-Bulletin-month-of-February-2022.pdf
2022,2,SSP-Granular,7435.04,https://fert.gov.in/sites/default/files/2025-05/Monthly-Bulletin-month-of-February-2022.pdf
2022,2,SSP-Powdered,6954.12,https://fert.gov.in/sites/default/files/2025-05/Monthly-Bulletin-month-of-February-2022.pdf
2022,2,SSP-Zincated(Granular),7539.18,https://fert.gov.in/sites/default/files/2025-05/Monthly-Bulletin-month-of-February-2022.pdf
2022,2,SSP-Zincated(Powder),6979.37,https://fert.gov.in/sites/default/files/2025-05/Monthly-Bulletin-month-of-February-2022.pdf
2022,2,SSP-Zincated-Boronated(Granular),9375.79,https://fert.gov.in/sites/default/files/2025-05/Monthly-Bulletin-month-of-February-2022.pdf
2022,2,Urea,5360.0,https://fert.gov.in/sites/default/files/2025-05/Monthly-Bulletin-month-of-February-2022.pdf
2022,2,Zinc and Boron NPK 8-21-21(40 Kg),46250.0,https://fert.gov.in/sites/default/files/2025-05/Monthly-Bulletin-month-of-February-2022.pdf
2022,2,Zinc and Boron NPK 9-24-24(40Kg),47500.0,https://fert.gov.in/sites/default/files/2025-05/Monthly-Bulletin-month-of-February-2022.pdf
2022,2,Zincated 20-20-0-13,28500.0,https://fert.gov.in/sites/default/files/2025-05/Monthly-Bulletin-month-of-February-2022.pdf
2022,3,10-26-26,30837.17,https://fert.gov.in/sites/default/files/2025-05/Monthly-Bulletin-month-of-March-2022.pdf
2022,3,12-32-16,32520.0,https://fert.gov.in/sites/default/files/2025-05/Monthly-Bulletin-month-of-March-2022.pdf
2022,3,14-28-0-0,30321.28,https://fert.gov.in/sites/default/files/2025-05/Monthly-Bulletin-month-of-March-2022.pdf
2022,3,14-35-14,38417.92,https://fert.gov.in/sites/default/files/2025-05/Monthly-Bulletin-month-of-March-2022.pdf
2022,3,15-15-15,30000.0,https://fert.gov.in/sites/default/files/2025-05/Monthly-Bulletin-month-of-March-2022.pdf
2022,3,15-15-15-9,29000.0,https://fert.gov.in/sites/default/files/2025-05/Monthly-Bulletin-month-of-March-2022.pdf
2022,3,16-20-0-13,25300.0,https://fert.gov.in/sites/default/files/2025-05/Monthly-Bulletin-month-of-March-2022.pdf
2022,3,17-17-17,25000.0,https://fert.gov.in/sites/default/files/2025-05/Monthly-Bulletin-month-of-March-2022.pdf
2022,3,20-20-0,25727.27,https://fert.gov.in/sites/default/files/2025-05/Monthly-Bulletin-month-of-March-2022.pdf
2022,3,20-20-0-13,27957.28,https://fert.gov.in/sites/default/files/2025-05/Monthly-Bulletin-month-of-March-2022.pdf
2022,3,24-24-0,38000.0,https://fert.gov.in/sites/default/files/2025-05/Monthly-Bulletin-month-of-March-2022.pdf
2022,3,28-28-0,38000.0,https://fert.gov.in/sites/default/files/2025-05/Monthly-Bulletin-month-of-March-2022.pdf
2022,3,Amm Sulphate,21496.5,https://fert.gov.in/sites/default/files/2025-05/Monthly-Bulletin-month-of-March-2022.pdf
2022,3,City Compost,3918.37,https://fert.gov.in/sites/default/files/2025-05/Monthly-Bulletin-month-of-March-2022.pdf
2022,3,DAP,24220.79,https://fert.gov.in/sites/default/files/2025-05/Monthly-Bulletin-month-of-March-2022.pdf
2022,3,Imported 10-26-26,30855.68,https://fert.gov.in/sites/default/files/2025-05/Monthly-Bulletin-month-of-March-2022.pdf
2022,3,Imported 12-32-16,31102.32,https://fert.gov.in/sites/default/files/2025-05/Monthly-Bulletin-month-of-March-2022.pdf
2022,3,Imported 15-15-15-9,29000.0,https://fert.gov.in/sites/default/files/2025-05/Monthly-Bulletin-month-of-March-2022.pdf
2022,3,Imported 16-16-16,27546.51,https://fert.gov.in/sites/default/files/2025-05/Monthly-Bulletin-month-of-March-2022.pdf
2022,3,Imported 16-20-0-13,25000.0,https://fert.gov.in/sites/default/files/2025-05/Monthly-Bulletin-month-of-March-2022.pdf
2022,3,Imported 20-20-0-13,26033.63,https://fert.gov.in/sites/default/files/2025-05/Monthly-Bulletin-month-of-March-2022.pdf
2022,3,Imported DAP,24490.34,https://fert.gov.in/sites/default/files/2025-05/Monthly-Bulletin-month-of-March-2022.pdf
2022,3,Imported MAP,34000.0,https://fert.gov.in/sites/default/files/2025-05/Monthly-Bulletin-month-of-March-2022.pdf
2022,3,MOP,31651.49,https://fert.gov.in/sites/default/files/2025-05/Monthly-Bulletin-month-of-March-2022.pdf
2022,3,SSP-Boronated,7657.4,https://fert.gov.in/sites/default/files/2025-05/Monthly-Bulletin-month-of-March-2022.pdf
2022,3,SSP-Granular,7541.1,https://fert.gov.in/sites/default/files/2025-05/Monthly-Bulletin-month-of-March-2022.pdf
2022,3,SSP-Powdered,7118.33,https://fert.gov.in/sites/default/files/2025-05/Monthly-Bulletin-month-of-March-2022.pdf
2022,3,SSP-Zincated(Granular),7650.32,https://fert.gov.in/sites/default/files/2025-05/Monthly-Bulletin-month-of-March-2022.pdf
2022,3,SSP-Zincated(Powder),7040.36,https://fert.gov.in/sites/default/files/2025-05/Monthly-Bulletin-month-of-March-2022.pdf
2022,3,SSP-Zincated-Boronated(Granular),9454.1,https://fert.gov.in/sites/default/files/2025-05/Monthly-Bulletin-month-of-March-2022.pdf
2022,3,Urea,5360.0,https://fert.gov.in/sites/default/files/2025-05/Monthly-Bulletin-month-of-March-2022.pdf
2022,3,Zinc and Boron NPK 8-21-21(40 Kg),46250.0,https://fert.gov.in/sites/default/files/2025-05/Monthly-Bulletin-month-of-March-2022.pdf
2022,3,Zinc and Boron NPK 9-24-24(40Kg),47500.0,https://fert.gov.in/sites/default/files/2025-05/Monthly-Bulletin-month-of-March-2022.pdf
2022,3,Zincated 20-20-0-13,29340.0,https://fert.gov.in/sites/default/files/2025-05/Monthly-Bulletin-month-of-March-2022.pdf
2022,4,10-26-26,30558.62,https://fert.gov.in/sites/default/files/2025-05/Monthly%20Bulletin%20month%20of%20April%202022.pdf
2022,4,12-32-16,32771.83,https://fert.gov.in/sites/default/files/2025-05/Monthly%20Bulletin%20month%20of%20April%202022.pdf
2022,4,14-28-0-0,29865.22,https://fert.gov.in/sites/default/files/2025-05/Monthly%20Bulletin%20month%20of%20April%202022.pdf
2022,4,14-35-14,38271.43,https://fert.gov.in/sites/default/files/2025-05/Monthly%20Bulletin%20month%20of%20April%202022.pdf
2022,4,15-15-15,30000.0,https://fert.gov.in/sites/default/files/2025-05/Monthly%20Bulletin%20month%20of%20April%202022.pdf
2022,4,15-15-15-9,29000.0,https://fert.gov.in/sites/default/files/2025-05/Monthly%20Bulletin%20month%20of%20April%202022.pdf
2022,4,16-20-0-13,26036.36,https://fert.gov.in/sites/default/files/2025-05/Monthly%20Bulletin%20month%20of%20April%202022.pdf
2022,4,17-17-17,25000.0,https://fert.gov.in/sites/default/files/2025-05/Monthly%20Bulletin%20month%20of%20April%202022.pdf
2022,4,20-20-0,24991.7,https://fert.gov.in/sites/default/files/2025-05/Monthly%20Bulletin%20month%20of%20April%202022.pdf
2022,4,20-20-0-13,28635.53,https://fert.gov.in/sites/default/files/2025-05/Monthly%20Bulletin%20month%20of%20April%202022.pdf
2022,4,20-20-0-13(UAP),28000.0,https://fert.gov.in/sites/default/files/2025-05/Monthly%20Bulletin%20month%20of%20April%202022.pdf
2022,4,24-24-0,38000.0,https://fert.gov.in/sites/default/files/2025-05/Monthly%20Bulletin%20month%20of%20April%202022.pdf
2022,4,28-28-0,38000.0,https://fert.gov.in/sites/default/files/2025-05/Monthly%20Bulletin%20month%20of%20April%202022.pdf
2022,4,Amm Sulphate,22000.0,https://fert.gov.in/sites/default/files/2025-05/Monthly%20Bulletin%20month%20of%20April%202022.pdf
2022,4,City Compost,3844.91,https://fert.gov.in/sites/default/files/2025-05/Monthly%20Bulletin%20month%20of%20April%202022.pdf
2022,4,DAP,26280.4,https://fert.gov.in/sites/default/files/2025-05/Monthly%20Bulletin%20month%20of%20April%202022.pdf
2022,4,Imported 10-26-26,30899.75,https://fert.gov.in/sites/default/files/2025-05/Monthly%20Bulletin%20month%20of%20April%202022.pdf
2022,4,Imported 12-32-16,31270.5,https://fert.gov.in/sites/default/files/2025-05/Monthly%20Bulletin%20month%20of%20April%202022.pdf
2022,4,Imported 15-15-15-9,29000.0,https://fert.gov.in/sites/default/files/2025-05/Monthly%20Bulletin%20month%20of%20April%202022.pdf
2022,4,Imported 16-16-16,27401.75,https://fert.gov.in/sites/default/files/2025-05/Monthly%20Bulletin%20month%20of%20April%202022.pdf
2022,4,Imported 16-20-0-13,25188.35,https://fert.gov.in/sites/default/files/2025-05/Monthly%20Bulletin%20month%20of%20April%202022.pdf
2022,4,Imported 20-20-0-13,26160.88,https://fert.gov.in/sites/default/files/2025-05/Monthly%20Bulletin%20month%20of%20April%202022.pdf
2022,4,Imported DAP,26219.55,https://fert.gov.in/sites/default/files/2025-05/Monthly%20Bulletin%20month%20of%20April%202022.pdf
2022,4,Imported MAP,34000.0,https://fert.gov.in/sites/default/files/2025-05/Monthly%20Bulletin%20month%20of%20April%202022.pdf
2022,4,MOP,32328.32,https://fert.gov.in/sites/default/files/2025-05/Monthly%20Bulletin%20month%20of%20April%202022.pdf
2022,4,SSP-Boronated,8500.31,https://fert.gov.in/sites/default/files/2025-05/Monthly%20Bulletin%20month%20of%20April%202022.pdf
2022,4,SSP-Granular,8444.23,https://fert.gov.in/sites/default/files/2025-05/Monthly%20Bulletin%20month%20of%20April%202022.pdf
2022,4,SSP-Powdered,8018.58,https://fert.gov.in/sites/default/files/2025-05/Monthly%20Bulletin%20month%20of%20April%202022.pdf
2022,4,SSP-Zincated(Granular),8681.31,https://fert.gov.in/sites/default/files/2025-05/Monthly%20Bulletin%20month%20of%20April%202022.pdf
2022,4,SSP-Zincated(Powder),8274.62,https://fert.gov.in/sites/default/files/2025-05/Monthly%20Bulletin%20month%20of%20April%202022.pdf
2022,4,SSP-Zincated-Boronated(Granular),10872.0,https://fert.gov.in/sites/default/files/2025-05/Monthly%20Bulletin%20month%20of%20April%202022.pdf
2022,4,Urea,5360.0,https://fert.gov.in/sites/default/files/2025-05/Monthly%20Bulletin%20month%20of%20April%202022.pdf
2022,4,Zinc and Boron NPK 8-21-21(40 Kg),46250.0,https://fert.gov.in/sites/default/files/2025-05/Monthly%20Bulletin%20month%20of%20April%202022.pdf
2022,4,Zinc and Boron NPK 9-24-24(40Kg),47500.0,https://fert.gov.in/sites/default/files/2025-05/Monthly%20Bulletin%20month%20of%20April%202022.pdf
2022,4,Zincated 20-20-0-13,30500.0,https://fert.gov.in/sites/default/files/2025-05/Monthly%20Bulletin%20month%20of%20April%202022.pdf
2022,5,10-26-26,30447.4,https://fert.gov.in/sites/default/files/2025-05/Monthly%20Bulletin%20month%20of%20May%2C%202022.pdf
2022,5,12-32-16,32201.2,https://fert.gov.in/sites/default/files/2025-05/Monthly%20Bulletin%20month%20of%20May%2C%202022.pdf
2022,5,14-28-0-0,29865.2,https://fert.gov.in/sites/default/files/2025-05/Monthly%20Bulletin%20month%20of%20May%2C%202022.pdf
2022,5,14-35-14,38432.0,https://fert.gov.in/sites/default/files/2025-05/Monthly%20Bulletin%20month%20of%20May%2C%202022.pdf
2022,5,15-15-15,29412.2,https://fert.gov.in/sites/default/files/2025-05/Monthly%20Bulletin%20month%20of%20May%2C%202022.pdf
2022,5,15-15-15-9,29000.0,https://fert.gov.in/sites/default/files/2025-05/Monthly%20Bulletin%20month%20of%20May%2C%202022.pdf
2022,5,16-20-0-13,27509.1,https://fert.gov.in/sites/default/files/2025-05/Monthly%20Bulletin%20month%20of%20May%2C%202022.pdf
2022,5,17-17-17,25000.0,https://fert.gov.in/sites/default/files/2025-05/Monthly%20Bulletin%20month%20of%20May%2C%202022.pdf
2022,5,20-20-0,24996.1,https://fert.gov.in/sites/default/files/2025-05/Monthly%20Bulletin%20month%20of%20May%2C%202022.pdf
2022,5,20-20-0-13,28846.7,https://fert.gov.in/sites/default/files/2025-05/Monthly%20Bulletin%20month%20of%20May%2C%202022.pdf
2022,5,24-24-0,38000.0,https://fert.gov.in/sites/default/files/2025-05/Monthly%20Bulletin%20month%20of%20May%2C%202022.pdf
2022,5,24-24-0-8,38000.0,https://fert.gov.in/sites/default/files/2025-05/Monthly%20Bulletin%20month%20of%20May%2C%202022.pdf
2022,5,28-28-0,38000.0,https://fert.gov.in/sites/default/files/2025-05/Monthly%20Bulletin%20month%20of%20May%2C%202022.pdf
2022,5,Amm Sulphate,21834.1,https://fert.gov.in/sites/default/files/2025-05/Monthly%20Bulletin%20month%20of%20May%2C%202022.pdf
2022,5,City Compost,4410.53,https://fert.gov.in/sites/default/files/2025-05/Monthly%20Bulletin%20month%20of%20May%2C%202022.pdf
2022,5,DAP,27000.0,https://fert.gov.in/sites/default/files/2025-05/Monthly%20Bulletin%20month%20of%20May%2C%202022.pdf
2022,5,Imported 10-26-26,30871.8,https://fert.gov.in/sites/default/files/2025-05/Monthly%20Bulletin%20month%20of%20May%2C%202022.pdf
2022,5,Imported 12-32-16,31303.2,https://fert.gov.in/sites/default/files/2025-05/Monthly%20Bulletin%20month%20of%20May%2C%202022.pdf
2022,5,Imported 15-15-15-9,29000.0,https://fert.gov.in/sites/default/files/2025-05/Monthly%20Bulletin%20month%20of%20May%2C%202022.pdf
2022,5,Imported 16-16-16,27387.3,https://fert.gov.in/sites/default/files/2025-05/Monthly%20Bulletin%20month%20of%20May%2C%202022.pdf
2022,5,Imported 16-20-0-13,28988.9,https://fert.gov.in/sites/default/files/2025-05/Monthly%20Bulletin%20month%20of%20May%2C%202022.pdf
2022,5,Imported 20-20-0-13,28095.6,https://fert.gov.in/sites/default/files/2025-05/Monthly%20Bulletin%20month%20of%20May%2C%202022.pdf
2022,5,Imported DAP,26595.6,https://fert.gov.in/sites/default/files/2025-05/Monthly%20Bulletin%20month%20of%20May%2C%202022.pdf
2022,5,Imported MAP,34000.0,https://fert.gov.in/sites/default/files/2025-05/Monthly%20Bulletin%20month%20of%20May%2C%202022.pdf
2022,5,MOP,33528.9,https://fert.gov.in/sites/default/files/2025-05/Monthly%20Bulletin%20month%20of%20May%2C%202022.pdf
2022,5,Neem Coated Urea(45 Kg),25000.0,https://fert.gov.in/sites/default/files/2025-05/Monthly%20Bulletin%20month%20of%20May%2C%202022.pdf
2022,5,SSP-Boronated,11140.3,https://fert.gov.in/sites/default/files/2025-05/Monthly%20Bulletin%20month%20of%20May%2C%202022.pdf
2022,5,SSP-Granular,10107.5,https://fert.gov.in/sites/default/files/2025-05/Monthly%20Bulletin%20month%20of%20May%2C%202022.pdf
2022,5,SSP-Powdered,9388.81,https://fert.gov.in/sites/default/files/2025-05/Monthly%20Bulletin%20month%20of%20May%2C%202022.pdf
2022,5,SSP-Zincated(Granular),10772.3,https://fert.gov.in/sites/default/files/2025-05/Monthly%20Bulletin%20month%20of%20May%2C%202022.pdf
2022,5,SSP-Zincated(Powder),10144.1,https://fert.gov.in/sites/default/files/2025-05/Monthly%20Bulletin%20month%20of%20May%2C%202022.pdf
2022,5,SSP-Zincated-Boronated(Granular),12614.7,https://fert.gov.in/sites/default/files/2025-05/Monthly%20Bulletin%20month%20of%20May%2C%202022.pdf
2022,5,Urea,5360.0,https://fert.gov.in/sites/default/files/2025-05/Monthly%20Bulletin%20month%20of%20May%2C%202022.pdf
2022,5,Zinc and Boron NPK 8-21-21(40 Kg),46250.0,https://fert.gov.in/sites/default/files/2025-05/Monthly%20Bulletin%20month%20of%20May%2C%202022.pdf
2022,5,Zinc and Boron NPK 9-24-24(40Kg),47500.0,https://fert.gov.in/sites/default/files/2025-05/Monthly%20Bulletin%20month%20of%20May%2C%202022.pdf
2022,5,Zincated 20-20-0-13,29500.0,https://fert.gov.in/sites/default/files/2025-05/Monthly%20Bulletin%20month%20of%20May%2C%202022.pdf
2022,6,10-26-26,30418.7,https://fert.gov.in/sites/default/files/2025-05/Monthly%20Bulletin%20month%20of%20June%2C%202022.pdf
2022,6,12-32-16,32171.0,https://fert.gov.in/sites/default/files/2025-05/Monthly%20Bulletin%20month%20of%20June%2C%202022.pdf
2022,6,14-28-0-0,30367.5,https://fert.gov.in/sites/default/files/2025-05/Monthly%20Bulletin%20month%20of%20June%2C%202022.pdf
2022,6,14-35-14,35383.2,https://fert.gov.in/sites/default/files/2025-05/Monthly%20Bulletin%20month%20of%20June%2C%202022.pdf
2022,6,15-15-15,29400.0,https://fert.gov.in/sites/default/files/2025-05/Monthly%20Bulletin%20month%20of%20June%2C%202022.pdf
2022,6,15-15-15-9,29000.0,https://fert.gov.in/sites/default/files/2025-05/Monthly%20Bulletin%20month%20of%20June%2C%202022.pdf
2022,6,16-20-0-13,27248.3,https://fert.gov.in/sites/default/files/2025-05/Monthly%20Bulletin%20month%20of%20June%2C%202022.pdf
2022,6,17-17-17,25000.0,https://fert.gov.in/sites/default/files/2025-05/Monthly%20Bulletin%20month%20of%20June%2C%202022.pdf
2022,6,20-20-0,26836.2,https://fert.gov.in/sites/default/files/2025-05/Monthly%20Bulletin%20month%20of%20June%2C%202022.pdf
2022,6,20-20-0-13,28858.4,https://fert.gov.in/sites/default/files/2025-05/Monthly%20Bulletin%20month%20of%20June%2C%202022.pdf
2022,6,24-24-0,38000.0,https://fert.gov.in/sites/default/files/2025-05/Monthly%20Bulletin%20month%20of%20June%2C%202022.pdf
2022,6,24-24-0-8,38000.0,https://fert.gov.in/sites/default/files/2025-05/Monthly%20Bulletin%20month%20of%20June%2C%202022.pdf
2022,6,28-28-0,35473.7,https://fert.gov.in/sites/default/files/2025-05/Monthly%20Bulletin%20month%20of%20June%2C%202022.pdf
2022,6,Amm Sulphate,20714.3,https://fert.gov.in/sites/default/files/2025-05/Monthly%20Bulletin%20month%20of%20June%2C%202022.pdf
2022,6,City Compost,4623.08,https://fert.gov.in/sites/default/files/2025-05/Monthly%20Bulletin%20month%20of%20June%2C%202022.pdf
2022,6,DAP,27000.0,https://fert.gov.in/sites/default/files/2025-05/Monthly%20Bulletin%20month%20of%20June%2C%202022.pdf
2022,6,Imported 10-26-26,30752.4,https://fert.gov.in/sites/default/files/2025-05/Monthly%20Bulletin%20month%20of%20June%2C%202022.pdf
2022,6,Imported 12-32-16,31238.9,https://fert.gov.in/sites/default/files/2025-05/Monthly%20Bulletin%20month%20of%20June%2C%202022.pdf
2022,6,Imported 15-15-15,29400.0,https://fert.gov.in/sites/default/files/2025-05/Monthly%20Bulletin%20month%20of%20June%2C%202022.pdf
2022,6,Imported 15-15-15-9,29006.6,https://fert.gov.in/sites/default/files/2025-05/Monthly%20Bulletin%20month%20of%20June%2C%202022.pdf
2022,6,Imported 16-16-16,27428.6,https://fert.gov.in/sites/default/files/2025-05/Monthly%20Bulletin%20month%20of%20June%2C%202022.pdf
2022,6,Imported 16-20-0-13,29400.0,https://fert.gov.in/sites/default/files/2025-05/Monthly%20Bulletin%20month%20of%20June%2C%202022.pdf
2022,6,Imported 20-20-0-13,28567.8,https://fert.gov.in/sites/default/files/2025-05/Monthly%20Bulletin%20month%20of%20June%2C%202022.pdf
2022,6,Imported DAP,26639.8,https://fert.gov.in/sites/default/files/2025-05/Monthly%20Bulletin%20month%20of%20June%2C%202022.pdf
2022,6,Imported MAP,34000.0,https://fert.gov.in/sites/default/files/2025-05/Monthly%20Bulletin%20month%20of%20June%2C%202022.pdf
2022,6,MOP,33849.5,https://fert.gov.in/sites/default/files/2025-05/Monthly%20Bulletin%20month%20of%20June%2C%202022.pdf
2022,6,SSP-Boronated,11576.1,https://fert.gov.in/sites/default/files/2025-05/Monthly%20Bulletin%20month%20of%20June%2C%202022.pdf
2022,6,SSP-Granular,10669.2,https://fert.gov.in/sites/default/files/2025-05/Monthly%20Bulletin%20month%20of%20June%2C%202022.pdf
2022,6,SSP-Powdered,10163.8,https://fert.gov.in/sites/default/files/2025-05/Monthly%20Bulletin%20month%20of%20June%2C%202022.pdf
2022,6,SSP-Zincated(Granular),11297.5,https://fert.gov.in/sites/default/files/2025-05/Monthly%20Bulletin%20month%20of%20June%2C%202022.pdf
2022,6,SSP-Zincated(Powder),10701.6,https://fert.gov.in/sites/default/files/2025-05/Monthly%20Bulletin%20month%20of%20June%2C%202022.pdf
2022,6,SSP-Zincated-Boronated(Granular),13630.0,https://fert.gov.in/sites/default/files/2025-05/Monthly%20Bulletin%20month%20of%20June%2C%202022.pdf
2022,6,TSP,25000.0,https://fert.gov.in/sites/default/files/2025-05/Monthly%20Bulletin%20month%20of%20June%2C%202022.pdf
2022,6,Urea,5360.0,https://fert.gov.in/sites/default/files/2025-05/Monthly%20Bulletin%20month%20of%20June%2C%202022.pdf
2022,6,Zinc and Boron NPK 8-21-21(40 Kg),46250.0,https://fert.gov.in/sites/default/files/2025-05/Monthly%20Bulletin%20month%20of%20June%2C%202022.pdf
2022,6,Zinc and Boron NPK 9-24-24(40Kg),47500.0,https://fert.gov.in/sites/default/files/2025-05/Monthly%20Bulletin%20month%20of%20June%2C%202022.pdf
2022,6,Zincated 20-20-0-13,30365.4,https://fert.gov.in/sites/default/files/2025-05/Monthly%20Bulletin%20month%20of%20June%2C%202022.pdf
2022,7,10-26-26,30590.4,https://fert.gov.in/sites/default/files/2025-05/Monthly%20Bulletin%20month%20of%20July%2C%202022.pdf
2022,7,12-32-16,32188.6,https://fert.gov.in/sites/default/files/2025-05/Monthly%20Bulletin%20month%20of%20July%2C%202022.pdf
2022,7,14-28-0-0,30551.4,https://fert.gov.in/sites/default/files/2025-05/Monthly%20Bulletin%20month%20of%20July%2C%202022.pdf
2022,7,14-35-14,33865.1,https://fert.gov.in/sites/default/files/2025-05/Monthly%20Bulletin%20month%20of%20July%2C%202022.pdf
2022,7,15-15-15,29400.0,https://fert.gov.in/sites/default/files/2025-05/Monthly%20Bulletin%20month%20of%20July%2C%202022.pdf
2022,7,15-15-15-9,29000.0,https://fert.gov.in/sites/default/files/2025-05/Monthly%20Bulletin%20month%20of%20July%2C%202022.pdf
2022,7,16-20-0-13,26690.9,https://fert.gov.in/sites/default/files/2025-05/Monthly%20Bulletin%20month%20of%20July%2C%202022.pdf
2022,7,17-17-17,25000.0,https://fert.gov.in/sites/default/files/2025-05/Monthly%20Bulletin%20month%20of%20July%2C%202022.pdf
2022,7,20-20-0,27264.7,https://fert.gov.in/sites/default/files/2025-05/Monthly%20Bulletin%20month%20of%20July%2C%202022.pdf
2022,7,20-20-0-13,28578.2,https://fert.gov.in/sites/default/files/2025-05/Monthly%20Bulletin%20month%20of%20July%2C%202022.pdf
2022,7,24-24-0,34000.0,https://fert.gov.in/sites/default/files/2025-05/Monthly%20Bulletin%20month%20of%20July%2C%202022.pdf
2022,7,28-28-0,34000.0,https://fert.gov.in/sites/default/files/2025-05/Monthly%20Bulletin%20month%20of%20July%2C%202022.pdf
2022,7,Amm Sulphate,20714.3,https://fert.gov.in/sites/default/files/2025-05/Monthly%20Bulletin%20month%20of%20July%2C%202022.pdf
2022,7,City Compost,4570.0,https://fert.gov.in/sites/default/files/2025-05/Monthly%20Bulletin%20month%20of%20July%2C%202022.pdf
2022,7,DAP,27000.0,https://fert.gov.in/sites/default/files/2025-05/Monthly%20Bulletin%20month%20of%20July%2C%202022.pdf
2022,7,Imported 10-26-26,30879.0,https://fert.gov.in/sites/default/files/2025-05/Monthly%20Bulletin%20month%20of%20July%2C%202022.pdf
2022,7,Imported 12-32-16,31319.1,https://fert.gov.in/sites/default/files/2025-05/Monthly%20Bulletin%20month%20of%20July%2C%202022.pdf
2022,7,Imported 15-15-15,29400.0,https://fert.gov.in/sites/default/files/2025-05/Monthly%20Bulletin%20month%20of%20July%2C%202022.pdf
2022,7,Imported 15-15-15-9,29017.4,https://fert.gov.in/sites/default/files/2025-05/Monthly%20Bulletin%20month%20of%20July%2C%202022.pdf
2022,7,Imported 16-16-16,27380.5,https://fert.gov.in/sites/default/files/2025-05/Monthly%20Bulletin%20month%20of%20July%2C%202022.pdf
2022,7,Imported 16-20-0-13,29400.0,https://fert.gov.in/sites/default/files/2025-05/Monthly%20Bulletin%20month%20of%20July%2C%202022.pdf
2022,7,Imported 20-20-0-13,28952.4,https://fert.gov.in/sites/default/files/2025-05/Monthly%20Bulletin%20month%20of%20July%2C%202022.pdf
2022,7,Imported DAP,26626.7,https://fert.gov.in/sites/default/files/2025-05/Monthly%20Bulletin%20month%20of%20July%2C%202022.pdf
2022,7,Imported MAP,34000.0,https://fert.gov.in/sites/default/files/2025-05/Monthly%20Bulletin%20month%20of%20July%2C%202022.pdf
2022,7,MOP,33857.8,https://fert.gov.in/sites/default/files/2025-05/Monthly%20Bulletin%20month%20of%20July%2C%202022.pdf
2022,7,SSP-Boronated,11693.9,https://fert.gov.in/sites/default/files/2025-05/Monthly%20Bulletin%20month%20of%20July%2C%202022.pdf
2022,7,SSP-Granular,10846.2,https://fert.gov.in/sites/default/files/2025-05/Monthly%20Bulletin%20month%20of%20July%2C%202022.pdf
2022,7,SSP-Powdered,10393.7,https://fert.gov.in/sites/default/files/2025-05/Monthly%20Bulletin%20month%20of%20July%2C%202022.pdf
2022,7,SSP-Zincated(Granular),11385.6,https://fert.gov.in/sites/default/files/2025-05/Monthly%20Bulletin%20month%20of%20July%2C%202022.pdf
2022,7,SSP-Zincated(Powder),10788.4,https://fert.gov.in/sites/default/files/2025-05/Monthly%20Bulletin%20month%20of%20July%2C%202022.pdf
2022,7,SSP-Zincated-Boronated(Granular),13908.0,https://fert.gov.in/sites/default/files/2025-05/Monthly%20Bulletin%20month%20of%20July%2C%202022.pdf
2022,7,TSP,25000.0,https://fert.gov.in/sites/default/files/2025-05/Monthly%20Bulletin%20month%20of%20July%2C%202022.pdf
2022,7,Urea,5360.0,https://fert.gov.in/sites/default/files/2025-05/Monthly%20Bulletin%20month%20of%20July%2C%202022.pdf
2022,7,Zinc and Boron NPK 8-21-21(40 Kg),44072.6,https://fert.gov.in/sites/default/files/2025-05/Monthly%20Bulletin%20month%20of%20July%2C%202022.pdf
2022,7,Zinc and Boron NPK 9-24-24(40Kg),45104.8,https://fert.gov.in/sites/default/files/2025-05/Monthly%20Bulletin%20month%20of%20July%2C%202022.pdf
2022,7,Zincated 20-20-0-13,29500.0,https://fert.gov.in/sites/default/files/2025-05/Monthly%20Bulletin%20month%20of%20July%2C%202022.pdf
2022,8,10-26-26,30339.0,https://fert.gov.in/sites/default/files/2025-05/Monthly%20Bulletin%20month%20of%20August%2C%202022.pdf
2022,8,12-32-16,31204.3,https://fert.gov.in/sites/default/files/2025-05/Monthly%20Bulletin%20month%20of%20August%2C%202022.pdf
2022,8,14-28-0-0,31090.7,https://fert.gov.in/sites/default/files/2025-05/Monthly%20Bulletin%20month%20of%20August%2C%202022.pdf
2022,8,14-28-14,35900.0,https://fert.gov.in/sites/default/files/2025-05/Monthly%20Bulletin%20month%20of%20August%2C%202022.pdf
2022,8,14-35-14,34000.0,https://fert.gov.in/sites/default/files/2025-05/Monthly%20Bulletin%20month%20of%20August%2C%202022.pdf
2022,8,15-15-15,29400.0,https://fert.gov.in/sites/default/files/2025-05/Monthly%20Bulletin%20month%20of%20August%2C%202022.pdf
2022,8,15-15-15-9,29000.0,https://fert.gov.in/sites/default/files/2025-05/Monthly%20Bulletin%20month%20of%20August%2C%202022.pdf
2022,8,16-20-0-13,26560.5,https://fert.gov.in/sites/default/files/2025-05/Monthly%20Bulletin%20month%20of%20August%2C%202022.pdf
2022,8,17-17-17,25000.0,https://fert.gov.in/sites/default/files/2025-05/Monthly%20Bulletin%20month%20of%20August%2C%202022.pdf
2022,8,20-20-0,27148.4,https://fert.gov.in/sites/default/files/2025-05/Monthly%20Bulletin%20month%20of%20August%2C%202022.pdf
2022,8,20-20-0-13,28533.9,https://fert.gov.in/sites/default/files/2025-05/Monthly%20Bulletin%20month%20of%20August%2C%202022.pdf
2022,8,24-24-0,34000.0,https://fert.gov.in/sites/default/files/2025-05/Monthly%20Bulletin%20month%20of%20August%2C%202022.pdf
2022,8,24-24-0-8,34000.0,https://fert.gov.in/sites/default/files/2025-05/Monthly%20Bulletin%20month%20of%20August%2C%202022.pdf
2022,8,28-28-0,34000.0,https://fert.gov.in/sites/default/files/2025-05/Monthly%20Bulletin%20month%20of%20August%2C%202022.pdf
2022,8,Amm Sulphate,20141.0,https://fert.gov.in/sites/default/files/2025-05/Monthly%20Bulletin%20month%20of%20August%2C%202022.pdf
2022,8,City Compost,4386.92,https://fert.gov.in/sites/default/files/2025-05/Monthly%20Bulletin%20month%20of%20August%2C%202022.pdf
2022,8,DAP,27000.0,https://fert.gov.in/sites/default/files/2025-05/Monthly%20Bulletin%20month%20of%20August%2C%202022.pdf
2022,8,Imported 10-26-26,30872.4,https://fert.gov.in/sites/default/files/2025-05/Monthly%20Bulletin%20month%20of%20August%2C%202022.pdf
2022,8,Imported 12-32-16,31170.9,https://fert.gov.in/sites/default/files/2025-05/Monthly%20Bulletin%20month%20of%20August%2C%202022.pdf
2022,8,Imported 15-15-15,29400.0,https://fert.gov.in/sites/default/files/2025-05/Monthly%20Bulletin%20month%20of%20August%2C%202022.pdf
2022,8,Imported 15-15-15-9,29017.4,https://fert.gov.in/sites/default/files/2025-05/Monthly%20Bulletin%20month%20of%20August%2C%202022.pdf
2022,8,Imported 16-16-16,27427.0,https://fert.gov.in/sites/default/files/2025-05/Monthly%20Bulletin%20month%20of%20August%2C%202022.pdf
2022,8,Imported 16-20-0-13,29372.5,https://fert.gov.in/sites/default/files/2025-05/Monthly%20Bulletin%20month%20of%20August%2C%202022.pdf
2022,8,Imported 20-20-0-13,29275.5,https://fert.gov.in/sites/default/files/2025-05/Monthly%20Bulletin%20month%20of%20August%2C%202022.pdf
2022,8,Imported DAP,26636.8,https://fert.gov.in/sites/default/files/2025-05/Monthly%20Bulletin%20month%20of%20August%2C%202022.pdf
2022,8,Imported MAP,34000.0,https://fert.gov.in/sites/default/files/2025-05/Monthly%20Bulletin%20month%20of%20August%2C%202022.pdf
2022,8,MOP,34199.0,https://fert.gov.in/sites/default/files/2025-05/Monthly%20Bulletin%20month%20of%20August%2C%202022.pdf
2022,8,Neem Coated Urea(45 Kg),29400.0,https://fert.gov.in/sites/default/files/2025-05/Monthly%20Bulletin%20month%20of%20August%2C%202022.pdf
2022,8,SSP-Boronated,11937.7,https://fert.gov.in/sites/default/files/2025-05/Monthly%20Bulletin%20month%20of%20August%2C%202022.pdf
2022,8,SSP-Granular,10937.2,https://fert.gov.in/sites/default/files/2025-05/Monthly%20Bulletin%20month%20of%20August%2C%202022.pdf
2022,8,SSP-Powdered,10479.3,https://fert.gov.in/sites/default/files/2025-05/Monthly%20Bulletin%20month%20of%20August%2C%202022.pdf
2022,8,SSP-Zincated(Granular),11454.3,https://fert.gov.in/sites/default/files/2025-05/Monthly%20Bulletin%20month%20of%20August%2C%202022.pdf
2022,8,SSP-Zincated(Powder),10816.6,https://fert.gov.in/sites/default/files/2025-05/Monthly%20Bulletin%20month%20of%20August%2C%202022.pdf
2022,8,SSP-Zincated-Boronated(Granular),13970.4,https://fert.gov.in/sites/default/files/2025-05/Monthly%20Bulletin%20month%20of%20August%2C%202022.pdf
2022,8,TSP,25000.0,https://fert.gov.in/sites/default/files/2025-05/Monthly%20Bulletin%20month%20of%20August%2C%202022.pdf
2022,8,Urea,5360.0,https://fert.gov.in/sites/default/files/2025-05/Monthly%20Bulletin%20month%20of%20August%2C%202022.pdf
2022,8,Zinc and Boron NPK 8-21-21(40 Kg),43750.0,https://fert.gov.in/sites/default/files/2025-05/Monthly%20Bulletin%20month%20of%20August%2C%202022.pdf
2022,8,Zinc and Boron NPK 9-24-24(40Kg),44750.0,https://fert.gov.in/sites/default/files/2025-05/Monthly%20Bulletin%20month%20of%20August%2C%202022.pdf
2022,8,Zincated 20-20-0-13,29000.0,https://fert.gov.in/sites/default/files/2025-05/Monthly%20Bulletin%20month%20of%20August%2C%202022.pdf
2022,9,10-26-26,29477.84,https://fert.gov.in/sites/default/files/2025-05/Monthly%20Bulletin%20month%20of%20September%2C%202022.pdf
2022,9,12-32-16,30938.46,https://fert.gov.in/sites/default/files/2025-05/Monthly%20Bulletin%20month%20of%20September%2C%202022.pdf
2022,9,14-28-0-0,32263.67,https://fert.gov.in/sites/default/files/2025-05/Monthly%20Bulletin%20month%20of%20September%2C%202022.pdf
2022,9,14-28-14,35900.0,https://fert.gov.in/sites/default/files/2025-05/Monthly%20Bulletin%20month%20of%20September%2C%202022.pdf
2022,9,14-35-14,34000.0,https://fert.gov.in/sites/default/files/2025-05/Monthly%20Bulletin%20month%20of%20September%2C%202022.pdf
2022,9,15-15-15,29400.0,https://fert.gov.in/sites/default/files/2025-05/Monthly%20Bulletin%20month%20of%20September%2C%202022.pdf
2022,9,15-15-15-9,29000.0,https://fert.gov.in/sites/default/files/2025-05/Monthly%20Bulletin%20month%20of%20September%2C%202022.pdf
2022,9,16-20-0-13,25885.95,https://fert.gov.in/sites/default/files/2025-05/Monthly%20Bulletin%20month%20of%20September%2C%202022.pdf
2022,9,17-17-17,25000.0,https://fert.gov.in/sites/default/files/2025-05/Monthly%20Bulletin%20month%20of%20September%2C%202022.pdf
2022,9,20-20-0,25516.56,https://fert.gov.in/sites/default/files/2025-05/Monthly%20Bulletin%20month%20of%20September%2C%202022.pdf
2022,9,20-20-0-13,27859.8,https://fert.gov.in/sites/default/files/2025-05/Monthly%20Bulletin%20month%20of%20September%2C%202022.pdf
2022,9,24-24-0,34000.0,https://fert.gov.in/sites/default/files/2025-05/Monthly%20Bulletin%20month%20of%20September%2C%202022.pdf
2022,9,28-28-0,34000.0,https://fert.gov.in/sites/default/files/2025-05/Monthly%20Bulletin%20month%20of%20September%2C%202022.pdf
2022,9,Amm Sulphate,20000.0,https://fert.gov.in/sites/default/files/2025-05/Monthly%20Bulletin%20month%20of%20September%2C%202022.pdf
2022,9,City Compost,4753.04,https://fert.gov.in/sites/default/files/2025-05/Monthly%20Bulletin%20month%20of%20September%2C%202022.pdf
2022,9,DAP,27000.0,https://fert.gov.in/sites/default/files/2025-05/Monthly%20Bulletin%20month%20of%20September%2C%202022.pdf
2022,9,Imported 10-26-26,30924.52,https://fert.gov.in/sites/default/files/2025-05/Monthly%20Bulletin%20month%20of%20September%2C%202022.pdf
2022,9,Imported 12-32-16,31313.42,https://fert.gov.in/sites/default/files/2025-05/Monthly%20Bulletin%20month%20of%20September%2C%202022.pdf
2022,9,Imported 15-15-15,29400.0,https://fert.gov.in/sites/default/files/2025-05/Monthly%20Bulletin%20month%20of%20September%2C%202022.pdf
2022,9,Imported 15-15-15-9,29017.94,https://fert.gov.in/sites/default/files/2025-05/Monthly%20Bulletin%20month%20of%20September%2C%202022.pdf
2022,9,Imported 16-16-16,27380.49,https://fert.gov.in/sites/default/files/2025-05/Monthly%20Bulletin%20month%20of%20September%2C%202022.pdf
2022,9,Imported 16-20-0-13,29068.42,https://fert.gov.in/sites/default/files/2025-05/Monthly%20Bulletin%20month%20of%20September%2C%202022.pdf
2022,9,Imported 20-20-0-13,29235.56,https://fert.gov.in/sites/default/files/2025-05/Monthly%20Bulletin%20month%20of%20September%2C%202022.pdf
2022,9,Imported DAP,26628.1,https://fert.gov.in/sites/default/files/2025-05/Monthly%20Bulletin%20month%20of%20September%2C%202022.pdf
2022,9,Imported MAP,34000.0,https://fert.gov.in/sites/default/files/2025-05/Monthly%20Bulletin%20month%20of%20September%2C%202022.pdf
2022,9,MOP,34225.44,https://fert.gov.in/sites/default/files/2025-05/Monthly%20Bulletin%20month%20of%20September%2C%202022.pdf
2022,9,SSP-Boronated,11612.46,https://fert.gov.in/sites/default/files/2025-05/Monthly%20Bulletin%20month%20of%20September%2C%202022.pdf
2022,9,SSP-Granular,10964.19,https://fert.gov.in/sites/default/files/2025-05/Monthly%20Bulletin%20month%20of%20September%2C%202022.pdf
2022,9,SSP-Powdered,10478.58,https://fert.gov.in/sites/default/files/2025-05/Monthly%20Bulletin%20month%20of%20September%2C%202022.pdf
2022,9,SSP-Zincated(Granular),11497.02,https://fert.gov.in/sites/default/files/2025-05/Monthly%20Bulletin%20month%20of%20September%2C%202022.pdf
2022,9,SSP-Zincated(Powder),10842.44,https://fert.gov.in/sites/default/files/2025-05/Monthly%20Bulletin%20month%20of%20September%2C%202022.pdf
2022,9,SSP-Zincated-Boronated(Granular),14012.99,https://fert.gov.in/sites/default/files/2025-05/Monthly%20Bulletin%20month%20of%20September%2C%202022.pdf
2022,9,TSP,25000.0,https://fert.gov.in/sites/default/files/2025-05/Monthly%20Bulletin%20month%20of%20September%2C%202022.pdf
2022,9,Urea,5360.0,https://fert.gov.in/sites/default/files/2025-05/Monthly%20Bulletin%20month%20of%20September%2C%202022.pdf
2022,9,Zinc and Boron NPK 8-21-21(40 Kg),43750.0,https://fert.gov.in/sites/default/files/2025-05/Monthly%20Bulletin%20month%20of%20September%2C%202022.pdf
2022,9,Zinc and Boron NPK 9-24-24(40Kg),44750.0,https://fert.gov.in/sites/default/files/2025-05/Monthly%20Bulletin%20month%20of%20September%2C%202022.pdf
2022,9,Zincated 20-20-0-13,29000.0,https://fert.gov.in/sites/default/files/2025-05/Monthly%20Bulletin%20month%20of%20September%2C%202022.pdf
2022,10,10-26-26,29274.63,https://fert.gov.in/sites/default/files/2025-05/Monthly%20Bulletin%20month%20of%20October%202022.pdf
2022,10,12-32-16,30935.29,https://fert.gov.in/sites/default/files/2025-05/Monthly%20Bulletin%20month%20of%20October%202022.pdf
2022,10,14-28-0-0,32252.8,https://fert.gov.in/sites/default/files/2025-05/Monthly%20Bulletin%20month%20of%20October%202022.pdf
2022,10,14-28-14,35900.0,https://fert.gov.in/sites/default/files/2025-05/Monthly%20Bulletin%20month%20of%20October%202022.pdf
2022,10,14-35-14,34000.0,https://fert.gov.in/sites/default/files/2025-05/Monthly%20Bulletin%20month%20of%20October%202022.pdf
2022,10,15-15-15,29400.0,https://fert.gov.in/sites/default/files/2025-05/Monthly%20Bulletin%20month%20of%20October%202022.pdf
2022,10,15-15-15-9,29000.0,https://fert.gov.in/sites/default/files/2025-05/Monthly%20Bulletin%20month%20of%20October%202022.pdf
2022,10,16-20-0-13,25889.77,https://fert.gov.in/sites/default/files/2025-05/Monthly%20Bulletin%20month%20of%20October%202022.pdf
2022,10,17-17-17,25000.0,https://fert.gov.in/sites/default/files/2025-05/Monthly%20Bulletin%20month%20of%20October%202022.pdf
2022,10,20-20-0,24377.6,https://fert.gov.in/sites/default/files/2025-05/Monthly%20Bulletin%20month%20of%20October%202022.pdf
2022,10,20-20-0-13,27714.64,https://fert.gov.in/sites/default/files/2025-05/Monthly%20Bulletin%20month%20of%20October%202022.pdf
2022,10,24-24-0,34000.0,https://fert.gov.in/sites/default/files/2025-05/Monthly%20Bulletin%20month%20of%20October%202022.pdf
2022,10,24-24-0-8,34000.0,https://fert.gov.in/sites/default/files/2025-05/Monthly%20Bulletin%20month%20of%20October%202022.pdf
2022,10,28-28-0,34000.0,https://fert.gov.in/sites/default/files/2025-05/Monthly%20Bulletin%20month%20of%20October%202022.pdf
2022,10,Amm Sulphate,20000.0,https://fert.gov.in/sites/default/files/2025-05/Monthly%20Bulletin%20month%20of%20October%202022.pdf
2022,10,City Compost,4344.35,https://fert.gov.in/sites/default/files/2025-05/Monthly%20Bulletin%20month%20of%20October%202022.pdf
2022,10,City Compost,4386.92,https://fert.gov.in/sites/default/files/2025-05/Monthly%20Bulletin%20month%20of%20October%202022.pdf
2022,10,DAP,27000.0,https://fert.gov.in/sites/default/files/2025-05/Monthly%20Bulletin%20month%20of%20October%202022.pdf
2022,10,Imported 10-26-26,29500.62,https://fert.gov.in/sites/default/files/2025-05/Monthly%20Bulletin%20month%20of%20October%202022.pdf
2022,10,Imported 12-32-16,31351.91,https://fert.gov.in/sites/default/files/2025-05/Monthly%20Bulletin%20month%20of%20October%202022.pdf
2022,10,Imported 15-15-15,29396.49,https://fert.gov.in/sites/default/files/2025-05/Monthly%20Bulletin%20month%20of%20October%202022.pdf
2022,10,Imported 15-15-15-9,29037.72,https://fert.gov.in/sites/default/files/2025-05/Monthly%20Bulletin%20month%20of%20October%202022.pdf
2022,10,Imported 16-16-16,27380.49,https://fert.gov.in/sites/default/files/2025-05/Monthly%20Bulletin%20month%20of%20October%202022.pdf
2022,10,Imported 16-20-0-13,29068.42,https://fert.gov.in/sites/default/files/2025-05/Monthly%20Bulletin%20month%20of%20October%202022.pdf
2022,10,Imported 20-20-0-13,29246.62,https://fert.gov.in/sites/default/files/2025-05/Monthly%20Bulletin%20month%20of%20October%202022.pdf
2022,10,Imported DAP,26670.64,https://fert.gov.in/sites/default/files/2025-05/Monthly%20Bulletin%20month%20of%20October%202022.pdf
2022,10,Imported MAP,33890.12,https://fert.gov.in/sites/default/files/2025-05/Monthly%20Bulletin%20month%20of%20October%202022.pdf
2022,10,MOP,34225.73,https://fert.gov.in/sites/default/files/2025-05/Monthly%20Bulletin%20month%20of%20October%202022.pdf
2022,10,SSP-Boronated,11812.88,https://fert.gov.in/sites/default/files/2025-05/Monthly%20Bulletin%20month%20of%20October%202022.pdf
2022,10,SSP-Granular,11005.35,https://fert.gov.in/sites/default/files/2025-05/Monthly%20Bulletin%20month%20of%20October%202022.pdf
2022,10,SSP-Powdered,10527.67,https://fert.gov.in/sites/default/files/2025-05/Monthly%20Bulletin%20month%20of%20October%202022.pdf
2022,10,SSP-Zincated(Granular),11700.21,https://fert.gov.in/sites/default/files/2025-05/Monthly%20Bulletin%20month%20of%20October%202022.pdf
2022,10,SSP-Zincated(Powder),10979.22,https://fert.gov.in/sites/default/files/2025-05/Monthly%20Bulletin%20month%20of%20October%202022.pdf
2022,10,SSP-Zincated-Boronated(Granular),14070.0,https://fert.gov.in/sites/default/files/2025-05/Monthly%20Bulletin%20month%20of%20October%202022.pdf
2022,10,TSP,25000.0,https://fert.gov.in/sites/default/files/2025-05/Monthly%20Bulletin%20month%20of%20October%202022.pdf
2022,10,Urea,5360.0,https://fert.gov.in/sites/default/files/2025-05/Monthly%20Bulletin%20month%20of%20October%202022.pdf
2022,10,Zinc and Boron NPK 8-21-21(40 Kg),43750.0,https://fert.gov.in/sites/default/files/2025-05/Monthly%20Bulletin%20month%20of%20October%202022.pdf
2022,10,Zinc and Boron NPK 9-24-24(40Kg),44750.0,https://fert.gov.in/sites/default/files/2025-05/Monthly%20Bulletin%20month%20of%20October%202022.pdf
2022,10,Zincated 20-20-0-13,27500.0,https://fert.gov.in/sites/default/files/2025-05/Monthly%20Bulletin%20month%20of%20October%202022.pdf
2022,11,10-26-26,29202.4,https://fert.gov.in/sites/default/files/2025-05/Monthly%20Bulletin%20month%20of%20November%2C%202022.pdf
2022,11,12-32-16,30864.5,https://fert.gov.in/sites/default/files/2025-05/Monthly%20Bulletin%20month%20of%20November%2C%202022.pdf
2022,11,14-28-0-0,32196.0,https://fert.gov.in/sites/default/files/2025-05/Monthly%20Bulletin%20month%20of%20November%2C%202022.pdf
2022,11,14-35-14,31762.7,https://fert.gov.in/sites/default/files/2025-05/Monthly%20Bulletin%20month%20of%20November%2C%202022.pdf
2022,11,15-15-15,29400.0,https://fert.gov.in/sites/default/files/2025-05/Monthly%20Bulletin%20month%20of%20November%2C%202022.pdf
2022,11,15-15-15-9,29000.0,https://fert.gov.in/sites/default/files/2025-05/Monthly%20Bulletin%20month%20of%20November%2C%202022.pdf
2022,11,16-20-0-13,26325.9,https://fert.gov.in/sites/default/files/2025-05/Monthly%20Bulletin%20month%20of%20November%2C%202022.pdf
2022,11,17-17-17,25000.0,https://fert.gov.in/sites/default/files/2025-05/Monthly%20Bulletin%20month%20of%20November%2C%202022.pdf
2022,11,19-19-19,34000.0,https://fert.gov.in/sites/default/files/2025-05/Monthly%20Bulletin%20month%20of%20November%2C%202022.pdf
2022,11,20-20-0,24187.8,https://fert.gov.in/sites/default/files/2025-05/Monthly%20Bulletin%20month%20of%20November%2C%202022.pdf
2022,11,20-20-0-13,28042.2,https://fert.gov.in/sites/default/files/2025-05/Monthly%20Bulletin%20month%20of%20November%2C%202022.pdf
2022,11,24-24-0,33891.6,https://fert.gov.in/sites/default/files/2025-05/Monthly%20Bulletin%20month%20of%20November%2C%202022.pdf
2022,11,24-24-0-8,31048.8,https://fert.gov.in/sites/default/files/2025-05/Monthly%20Bulletin%20month%20of%20November%2C%202022.pdf
2022,11,28-28-0,31087.3,https://fert.gov.in/sites/default/files/2025-05/Monthly%20Bulletin%20month%20of%20November%2C%202022.pdf
2022,11,Amm Sulphate,20393.6,https://fert.gov.in/sites/default/files/2025-05/Monthly%20Bulletin%20month%20of%20November%2C%202022.pdf
2022,11,City Compost,4195.56,https://fert.gov.in/sites/default/files/2025-05/Monthly%20Bulletin%20month%20of%20November%2C%202022.pdf
2022,11,DAP,27000.0,https://fert.gov.in/sites/default/files/2025-05/Monthly%20Bulletin%20month%20of%20November%2C%202022.pdf
2022,11,Imported 10-26-26,28737.8,https://fert.gov.in/sites/default/files/2025-05/Monthly%20Bulletin%20month%20of%20November%2C%202022.pdf
2022,11,Imported 12-32-16,31498.7,https://fert.gov.in/sites/default/files/2025-05/Monthly%20Bulletin%20month%20of%20November%2C%202022.pdf
2022,11,Imported 15-15-15,29400.0,https://fert.gov.in/sites/default/files/2025-05/Monthly%20Bulletin%20month%20of%20November%2C%202022.pdf
2022,11,Imported 15-15-15-9,29048.0,https://fert.gov.in/sites/default/files/2025-05/Monthly%20Bulletin%20month%20of%20November%2C%202022.pdf
2022,11,Imported 16-16-16,27428.6,https://fert.gov.in/sites/default/files/2025-05/Monthly%20Bulletin%20month%20of%20November%2C%202022.pdf
2022,11,Imported 16-20-0-13,28987.4,https://fert.gov.in/sites/default/files/2025-05/Monthly%20Bulletin%20month%20of%20November%2C%202022.pdf
2022,11,Imported 20-20-0-13,29272.5,https://fert.gov.in/sites/default/files/2025-05/Monthly%20Bulletin%20month%20of%20November%2C%202022.pdf
2022,11,Imported DAP,26735.5,https://fert.gov.in/sites/default/files/2025-05/Monthly%20Bulletin%20month%20of%20November%2C%202022.pdf
2022,11,Imported MAP,33851.6,https://fert.gov.in/sites/default/files/2025-05/Monthly%20Bulletin%20month%20of%20November%2C%202022.pdf
2022,11,MOP,34377.5,https://fert.gov.in/sites/default/files/2025-05/Monthly%20Bulletin%20month%20of%20November%2C%202022.pdf
2022,11,SSP-Boronated,11912.8,https://fert.gov.in/sites/default/files/2025-05/Monthly%20Bulletin%20month%20of%20November%2C%202022.pdf
2022,11,SSP-Granular,10953.6,https://fert.gov.in/sites/default/files/2025-05/Monthly%20Bulletin%20month%20of%20November%2C%202022.pdf
2022,11,SSP-Powdered,10465.3,https://fert.gov.in/sites/default/files/2025-05/Monthly%20Bulletin%20month%20of%20November%2C%202022.pdf
2022,11,SSP-Zincated(Granular),11693.0,https://fert.gov.in/sites/default/files/2025-05/Monthly%20Bulletin%20month%20of%20November%2C%202022.pdf
2022,11,SSP-Zincated(Powder),10925.8,https://fert.gov.in/sites/default/files/2025-05/Monthly%20Bulletin%20month%20of%20November%2C%202022.pdf
2022,11,SSP-Zincated-Boronated(Granular),13899.0,https://fert.gov.in/sites/default/files/2025-05/Monthly%20Bulletin%20month%20of%20November%2C%202022.pdf
2022,11,TSP,25000.0,https://fert.gov.in/sites/default/files/2025-05/Monthly%20Bulletin%20month%20of%20November%2C%202022.pdf
2022,11,Urea,5360.0,https://fert.gov.in/sites/default/files/2025-05/Monthly%20Bulletin%20month%20of%20November%2C%202022.pdf
2022,11,Zinc and Boron NPK 8-21-21(40 Kg),43750.0,https://fert.gov.in/sites/default/files/2025-05/Monthly%20Bulletin%20month%20of%20November%2C%202022.pdf
2022,11,Zinc and Boron NPK 9-24-24(40Kg),44750.0,https://fert.gov.in/sites/default/files/2025-05/Monthly%20Bulletin%20month%20of%20November%2C%202022.pdf
2022,11,Zincated 20-20-0-13,27500.0,https://fert.gov.in/sites/default/files/2025-05/Monthly%20Bulletin%20month%20of%20November%2C%202022.pdf
2022,12,10-26-26,29206.9,https://fert.gov.in/sites/default/files/2025-05/Monthly%20Bulletin%20December%2C%202022.pdf
2022,12,12-32-16,31391.72,https://fert.gov.in/sites/default/files/2025-05/Monthly%20Bulletin%20December%2C%202022.pdf
2022,12,14-28-0-0,32200.0,https://fert.gov.in/sites/default/files/2025-05/Monthly%20Bulletin%20December%2C%202022.pdf
2022,12,14-35-14,30727.27,https://fert.gov.in/sites/default/files/2025-05/Monthly%20Bulletin%20December%2C%202022.pdf
2022,12,15-15-15,29400.0,https://fert.gov.in/sites/default/files/2025-05/Monthly%20Bulletin%20December%2C%202022.pdf
2022,12,15-15-15-9,29000.0,https://fert.gov.in/sites/default/files/2025-05/Monthly%20Bulletin%20December%2C%202022.pdf
2022,12,16-20-0-13,26326.53,https://fert.gov.in/sites/default/files/2025-05/Monthly%20Bulletin%20December%2C%202022.pdf
2022,12,17-17-17,25000.0,https://fert.gov.in/sites/default/files/2025-05/Monthly%20Bulletin%20December%2C%202022.pdf
2022,12,19-19-19,34000.0,https://fert.gov.in/sites/default/files/2025-05/Monthly%20Bulletin%20December%2C%202022.pdf
2022,12,20-20-0,24184.74,https://fert.gov.in/sites/default/files/2025-05/Monthly%20Bulletin%20December%2C%202022.pdf
2022,12,20-20-0-13,28154.58,https://fert.gov.in/sites/default/files/2025-05/Monthly%20Bulletin%20December%2C%202022.pdf
2022,12,24-24-0,34000.0,https://fert.gov.in/sites/default/files/2025-05/Monthly%20Bulletin%20December%2C%202022.pdf
2022,12,24-24-0-8,30000.0,https://fert.gov.in/sites/default/files/2025-05/Monthly%20Bulletin%20December%2C%202022.pdf
2022,12,28-28-0,30005.35,https://fert.gov.in/sites/default/files/2025-05/Monthly%20Bulletin%20December%2C%202022.pdf
2022,12,Amm Sulphate,20536.79,https://fert.gov.in/sites/default/files/2025-05/Monthly%20Bulletin%20December%2C%202022.pdf
2022,12,City Compost,4440.0,https://fert.gov.in/sites/default/files/2025-05/Monthly%20Bulletin%20December%2C%202022.pdf
2022,12,DAP,27000.0,https://fert.gov.in/sites/default/files/2025-05/Monthly%20Bulletin%20December%2C%202022.pdf
2022,12,Imported 10-26-26,28719.6,https://fert.gov.in/sites/default/files/2025-05/Monthly%20Bulletin%20December%2C%202022.pdf
2022,12,Imported 12-32-16,31564.88,https://fert.gov.in/sites/default/files/2025-05/Monthly%20Bulletin%20December%2C%202022.pdf
2022,12,Imported 15-15-15,29400.0,https://fert.gov.in/sites/default/files/2025-05/Monthly%20Bulletin%20December%2C%202022.pdf
2022,12,Imported 15-15-15-9,29048.0,https://fert.gov.in/sites/default/files/2025-05/Monthly%20Bulletin%20December%2C%202022.pdf
2022,12,Imported 16-16-16,27380.49,https://fert.gov.in/sites/default/files/2025-05/Monthly%20Bulletin%20December%2C%202022.pdf
2022,12,Imported 16-20-0-13,28988.39,https://fert.gov.in/sites/default/files/2025-05/Monthly%20Bulletin%20December%2C%202022.pdf
2022,12,Imported 20-20-0-13,29416.54,https://fert.gov.in/sites/default/files/2025-05/Monthly%20Bulletin%20December%2C%202022.pdf
2022,12,Imported DAP,26892.72,https://fert.gov.in/sites/default/files/2025-05/Monthly%20Bulletin%20December%2C%202022.pdf
2022,12,Imported MAP,33795.11,https://fert.gov.in/sites/default/files/2025-05/Monthly%20Bulletin%20December%2C%202022.pdf
2022,12,MOP,34737.62,https://fert.gov.in/sites/default/files/2025-05/Monthly%20Bulletin%20December%2C%202022.pdf
2022,12,SSP-Boronated,11853.59,https://fert.gov.in/sites/default/files/2025-05/Monthly%20Bulletin%20December%2C%202022.pdf
2022,12,SSP-Granular,10748.8,https://fert.gov.in/sites/default/files/2025-05/Monthly%20Bulletin%20December%2C%202022.pdf
2022,12,SSP-Powdered,10213.25,https://fert.gov.in/sites/default/files/2025-05/Monthly%20Bulletin%20December%2C%202022.pdf
2022,12,SSP-Zincated(Granular),11570.56,https://fert.gov.in/sites/default/files/2025-05/Monthly%20Bulletin%20December%2C%202022.pdf
2022,12,SSP-Zincated(Powder),10624.07,https://fert.gov.in/sites/default/files/2025-05/Monthly%20Bulletin%20December%2C%202022.pdf
2022,12,SSP-Zincated-Boronated(Granular),13638.1,https://fert.gov.in/sites/default/files/2025-05/Monthly%20Bulletin%20December%2C%202022.pdf
2022,12,TSP,25000.0,https://fert.gov.in/sites/default/files/2025-05/Monthly%20Bulletin%20December%2C%202022.pdf
2022,12,Urea,5360.0,https://fert.gov.in/sites/default/files/2025-05/Monthly%20Bulletin%20December%2C%202022.pdf
2022,12,Zinc and Boron NPK 8-21-21(40 Kg),43750.0,https://fert.gov.in/sites/default/files/2025-05/Monthly%20Bulletin%20December%2C%202022.pdf
2022,12,Zinc and Boron NPK 9-24-24(40Kg),44750.0,https://fert.gov.in/sites/default/files/2025-05/Monthly%20Bulletin%20December%2C%202022.pdf
2022,12,Zincated NPK 14-35-14,32000.0,https://fert.gov.in/sites/default/files/2025-05/Monthly%20Bulletin%20December%2C%202022.pdf
2023,1,10-26-26,29209.43,https://fert.gov.in/sites/default/files/2025-05/Monthly%20Bulletin%20month%20of%20January%2C%202023.pdf
2023,1,12-32-16,31368.88,https://fert.gov.in/sites/default/files/2025-05/Monthly%20Bulletin%20month%20of%20January%2C%202023.pdf
2023,1,14-28-0-0,32200.0,https://fert.gov.in/sites/default/files/2025-05/Monthly%20Bulletin%20month%20of%20January%2C%202023.pdf
2023,1,14-35-14,30727.27,https://fert.gov.in/sites/default/files/2025-05/Monthly%20Bulletin%20month%20of%20January%2C%202023.pdf
2023,1,15-15-15,29400.0,https://fert.gov.in/sites/default/files/2025-05/Monthly%20Bulletin%20month%20of%20January%2C%202023.pdf
2023,1,15-15-15-9,29000.0,https://fert.gov.in/sites/default/files/2025-05/Monthly%20Bulletin%20month%20of%20January%2C%202023.pdf
2023,1,16-20-0-13,26327.61,https://fert.gov.in/sites/default/files/2025-05/Monthly%20Bulletin%20month%20of%20January%2C%202023.pdf
2023,1,17-17-17,25000.0,https://fert.gov.in/sites/default/files/2025-05/Monthly%20Bulletin%20month%20of%20January%2C%202023.pdf
2023,1,19-19-19,34000.0,https://fert.gov.in/sites/default/files/2025-05/Monthly%20Bulletin%20month%20of%20January%2C%202023.pdf
2023,1,20-20-0,24177.18,https://fert.gov.in/sites/default/files/2025-05/Monthly%20Bulletin%20month%20of%20January%2C%202023.pdf
2023,1,20-20-0-13,27794.33,https://fert.gov.in/sites/default/files/2025-05/Monthly%20Bulletin%20month%20of%20January%2C%202023.pdf
2023,1,24-24-0,34000.0,https://fert.gov.in/sites/default/files/2025-05/Monthly%20Bulletin%20month%20of%20January%2C%202023.pdf
2023,1,24-24-0-8,30000.0,https://fert.gov.in/sites/default/files/2025-05/Monthly%20Bulletin%20month%20of%20January%2C%202023.pdf
2023,1,28-28-0,30022.98,https://fert.gov.in/sites/default/files/2025-05/Monthly%20Bulletin%20month%20of%20January%2C%202023.pdf
2023,1,Amm Sulphate,20086.58,https://fert.gov.in/sites/default/files/2025-05/Monthly%20Bulletin%20month%20of%20January%2C%202023.pdf
2023,1,City Compost,4633.6,https://fert.gov.in/sites/default/files/2025-05/Monthly%20Bulletin%20month%20of%20January%2C%202023.pdf
2023,1,DAP,26998.82,https://fert.gov.in/sites/default/files/2025-05/Monthly%20Bulletin%20month%20of%20January%2C%202023.pdf
2023,1,Imported 10-26-26,28720.0,https://fert.gov.in/sites/default/files/2025-05/Monthly%20Bulletin%20month%20of%20January%2C%202023.pdf
2023,1,Imported 12-32-16,31666.57,https://fert.gov.in/sites/default/files/2025-05/Monthly%20Bulletin%20month%20of%20January%2C%202023.pdf
2023,1,Imported 15-15-15,29400.0,https://fert.gov.in/sites/default/files/2025-05/Monthly%20Bulletin%20month%20of%20January%2C%202023.pdf
2023,1,Imported 15-15-15-9,29046.63,https://fert.gov.in/sites/default/files/2025-05/Monthly%20Bulletin%20month%20of%20January%2C%202023.pdf
2023,1,Imported 16-16-16,27380.49,https://fert.gov.in/sites/default/files/2025-05/Monthly%20Bulletin%20month%20of%20January%2C%202023.pdf
2023,1,Imported 16-20-0-13,28990.24,https://fert.gov.in/sites/default/files/2025-05/Monthly%20Bulletin%20month%20of%20January%2C%202023.pdf
2023,1,Imported 17-17-17,25000.0,https://fert.gov.in/sites/default/files/2025-05/Monthly%20Bulletin%20month%20of%20January%2C%202023.pdf
2023,1,Imported 20-20-0-13,29412.09,https://fert.gov.in/sites/default/files/2025-05/Monthly%20Bulletin%20month%20of%20January%2C%202023.pdf
2023,1,Imported DAP,27000.0,https://fert.gov.in/sites/default/files/2025-05/Monthly%20Bulletin%20month%20of%20January%2C%202023.pdf
2023,1,Imported MAP,33818.16,https://fert.gov.in/sites/default/files/2025-05/Monthly%20Bulletin%20month%20of%20January%2C%202023.pdf
2023,1,MOP,34806.34,https://fert.gov.in/sites/default/files/2025-05/Monthly%20Bulletin%20month%20of%20January%2C%202023.pdf
2023,1,SSP-Boronated,11856.19,https://fert.gov.in/sites/default/files/2025-05/Monthly%20Bulletin%20month%20of%20January%2C%202023.pdf
2023,1,SSP-Granular,10758.92,https://fert.gov.in/sites/default/files/2025-05/Monthly%20Bulletin%20month%20of%20January%2C%202023.pdf
2023,1,SSP-Powdered,10189.44,https://fert.gov.in/sites/default/files/2025-05/Monthly%20Bulletin%20month%20of%20January%2C%202023.pdf
2023,1,SSP-Zincated(Granular),11450.93,https://fert.gov.in/sites/default/files/2025-05/Monthly%20Bulletin%20month%20of%20January%2C%202023.pdf
2023,1,SSP-Zincated(Powder),10535.65,https://fert.gov.in/sites/default/files/2025-05/Monthly%20Bulletin%20month%20of%20January%2C%202023.pdf
2023,1,SSP-Zincated-Boronated(Granular),13493.74,https://fert.gov.in/sites/default/files/2025-05/Monthly%20Bulletin%20month%20of%20January%2C%202023.pdf
2023,1,TSP,25000.0,https://fert.gov.in/sites/default/files/2025-05/Monthly%20Bulletin%20month%20of%20January%2C%202023.pdf
2023,1,Urea,5360.0,https://fert.gov.in/sites/default/files/2025-05/Monthly%20Bulletin%20month%20of%20January%2C%202023.pdf
2023,1,Zinc and Boron NPK 8-21-21(40 Kg),43750.0,https://fert.gov.in/sites/default/files/2025-05/Monthly%20Bulletin%20month%20of%20January%2C%202023.pdf
2023,1,Zinc and Boron NPK 9-24-24(40Kg),44750.0,https://fert.gov.in/sites/default/files/2025-05/Monthly%20Bulletin%20month%20of%20January%2C%202023.pdf
2023,1,Zincated NPK 14-35-14,32000.0,https://fert.gov.in/sites/default/files/2025-05/Monthly%20Bulletin%20month%20of%20January%2C%202023.pdf
2023,2,10-26-26,29208.47,https://fert.gov.in/sites/default/files/2025-05/Monthly%20Bulletin%20month%20of%20February%2C%202023.pdf
2023,2,12-32-16,31367.7,https://fert.gov.in/sites/default/files/2025-05/Monthly%20Bulletin%20month%20of%20February%2C%202023.pdf
2023,2,14-28-0-0,32142.86,https://fert.gov.in/sites/default/files/2025-05/Monthly%20Bulletin%20month%20of%20February%2C%202023.pdf
2023,2,14-35-14,30800.0,https://fert.gov.in/sites/default/files/2025-05/Monthly%20Bulletin%20month%20of%20February%2C%202023.pdf
2023,2,15-15-15,29400.0,https://fert.gov.in/sites/default/files/2025-05/Monthly%20Bulletin%20month%20of%20February%2C%202023.pdf
2023,2,15-15-15-9,29000.0,https://fert.gov.in/sites/default/files/2025-05/Monthly%20Bulletin%20month%20of%20February%2C%202023.pdf
2023,2,16-20-0-13,25659.84,https://fert.gov.in/sites/default/files/2025-05/Monthly%20Bulletin%20month%20of%20February%2C%202023.pdf
2023,2,17-17-17,25000.0,https://fert.gov.in/sites/default/files/2025-05/Monthly%20Bulletin%20month%20of%20February%2C%202023.pdf
2023,2,19-19-19,34000.0,https://fert.gov.in/sites/default/files/2025-05/Monthly%20Bulletin%20month%20of%20February%2C%202023.pdf
2023,2,20-20-0,24177.18,https://fert.gov.in/sites/default/files/2025-05/Monthly%20Bulletin%20month%20of%20February%2C%202023.pdf
2023,2,20-20-0-13,27388.2,https://fert.gov.in/sites/default/files/2025-05/Monthly%20Bulletin%20month%20of%20February%2C%202023.pdf
2023,2,24-24-0,33527.56,https://fert.gov.in/sites/default/files/2025-05/Monthly%20Bulletin%20month%20of%20February%2C%202023.pdf
2023,2,24-24-0-8,30000.0,https://fert.gov.in/sites/default/files/2025-05/Monthly%20Bulletin%20month%20of%20February%2C%202023.pdf
2023,2,28-28-0,30015.38,https://fert.gov.in/sites/default/files/2025-05/Monthly%20Bulletin%20month%20of%20February%2C%202023.pdf
2023,2,Amm Sulphate,20000.0,https://fert.gov.in/sites/default/files/2025-05/Monthly%20Bulletin%20month%20of%20February%2C%202023.pdf
2023,2,City Compost,4586.67,https://fert.gov.in/sites/default/files/2025-05/Monthly%20Bulletin%20month%20of%20February%2C%202023.pdf
2023,2,DAP,27000.0,https://fert.gov.in/sites/default/files/2025-05/Monthly%20Bulletin%20month%20of%20February%2C%202023.pdf
2023,2,Imported 10-26-26,28730.11,https://fert.gov.in/sites/default/files/2025-05/Monthly%20Bulletin%20month%20of%20February%2C%202023.pdf
2023,2,Imported 12-32-16,31541.18,https://fert.gov.in/sites/default/files/2025-05/Monthly%20Bulletin%20month%20of%20February%2C%202023.pdf
2023,2,Imported 15-15-15,29400.0,https://fert.gov.in/sites/default/files/2025-05/Monthly%20Bulletin%20month%20of%20February%2C%202023.pdf
2023,2,Imported 15-15-15-9,29048.0,https://fert.gov.in/sites/default/files/2025-05/Monthly%20Bulletin%20month%20of%20February%2C%202023.pdf
2023,2,Imported 16-16-16,26602.44,https://fert.gov.in/sites/default/files/2025-05/Monthly%20Bulletin%20month%20of%20February%2C%202023.pdf
2023,2,Imported 16-20-0-13,28990.24,https://fert.gov.in/sites/default/files/2025-05/Monthly%20Bulletin%20month%20of%20February%2C%202023.pdf
2023,2,Imported 20-20-0-13,27831.64,https://fert.gov.in/sites/default/files/2025-05/Monthly%20Bulletin%20month%20of%20February%2C%202023.pdf
2023,2,Imported DAP,27000.0,https://fert.gov.in/sites/default/files/2025-05/Monthly%20Bulletin%20month%20of%20February%2C%202023.pdf
2023,2,Imported MAP,33966.26,https://fert.gov.in/sites/default/files/2025-05/Monthly%20Bulletin%20month%20of%20February%2C%202023.pdf
2023,2,MOP,34810.45,https://fert.gov.in/sites/default/files/2025-05/Monthly%20Bulletin%20month%20of%20February%2C%202023.pdf
2023,2,SSP-Boronated,11755.6,https://fert.gov.in/sites/default/files/2025-05/Monthly%20Bulletin%20month%20of%20February%2C%202023.pdf
2023,2,SSP-Granular,10655.04,https://fert.gov.in/sites/default/files/2025-05/Monthly%20Bulletin%20month%20of%20February%2C%202023.pdf
2023,2,SSP-Powdered,10085.91,https://fert.gov.in/sites/default/files/2025-05/Monthly%20Bulletin%20month%20of%20February%2C%202023.pdf
2023,2,SSP-Zincated(Granular),11401.33,https://fert.gov.in/sites/default/files/2025-05/Monthly%20Bulletin%20month%20of%20February%2C%202023.pdf
2023,2,SSP-Zincated(Powder),10524.79,https://fert.gov.in/sites/default/files/2025-05/Monthly%20Bulletin%20month%20of%20February%2C%202023.pdf
2023,2,SSP-Zincated-Boronated(Granular),13488.21,https://fert.gov.in/sites/default/files/2025-05/Monthly%20Bulletin%20month%20of%20February%2C%202023.pdf
2023,2,TSP,25000.0,https://fert.gov.in/sites/default/files/2025-05/Monthly%20Bulletin%20month%20of%20February%2C%202023.pdf
2023,2,Urea,5360.0,https://fert.gov.in/sites/default/files/2025-05/Monthly%20Bulletin%20month%20of%20February%2C%202023.pdf
2023,2,Zinc and Boron NPK 8-21-21(40 Kg),43750.0,https://fert.gov.in/sites/default/files/2025-05/Monthly%20Bulletin%20month%20of%20February%2C%202023.pdf
2023,2,Zinc and Boron NPK 9-24-24(40Kg),44750.0,https://fert.gov.in/sites/default/files/2025-05/Monthly%20Bulletin%20month%20of%20February%2C%202023.pdf
2023,2,Zincated NPK 14-35-14,32000.0,https://fert.gov.in/sites/default/files/2025-05/Monthly%20Bulletin%20month%20of%20February%2C%202023.pdf
2023,3,10-26-26,29195.68,https://fert.gov.in/sites/default/files/2025-05/Monthly%20Bulletin%20month%20of%20March%2C%202023.pdf
2023,3,12-32-16,31345.48,https://fert.gov.in/sites/default/files/2025-05/Monthly%20Bulletin%20month%20of%20March%2C%202023.pdf
2023,3,14-28-0-0,32142.86,https://fert.gov.in/sites/default/files/2025-05/Monthly%20Bulletin%20month%20of%20March%2C%202023.pdf
2023,3,14-35-14,30821.19,https://fert.gov.in/sites/default/files/2025-05/Monthly%20Bulletin%20month%20of%20March%2C%202023.pdf
2023,3,15-15-15,29400.0,https://fert.gov.in/sites/default/files/2025-05/Monthly%20Bulletin%20month%20of%20March%2C%202023.pdf
2023,3,15-15-15-9,29000.0,https://fert.gov.in/sites/default/files/2025-05/Monthly%20Bulletin%20month%20of%20March%2C%202023.pdf
2023,3,16-20-0-13,24322.21,https://fert.gov.in/sites/default/files/2025-05/Monthly%20Bulletin%20month%20of%20March%2C%202023.pdf
2023,3,17-17-17,25000.0,https://fert.gov.in/sites/default/files/2025-05/Monthly%20Bulletin%20month%20of%20March%2C%202023.pdf
2023,3,19-19-19,34000.0,https://fert.gov.in/sites/default/files/2025-05/Monthly%20Bulletin%20month%20of%20March%2C%202023.pdf
2023,3,20-20-0,24195.3,https://fert.gov.in/sites/default/files/2025-05/Monthly%20Bulletin%20month%20of%20March%2C%202023.pdf
2023,3,20-20-0-13,26141.26,https://fert.gov.in/sites/default/files/2025-05/Monthly%20Bulletin%20month%20of%20March%2C%202023.pdf
2023,3,24-24-0,33895.29,https://fert.gov.in/sites/default/files/2025-05/Monthly%20Bulletin%20month%20of%20March%2C%202023.pdf
2023,3,24-24-0-8,30000.0,https://fert.gov.in/sites/default/files/2025-05/Monthly%20Bulletin%20month%20of%20March%2C%202023.pdf
2023,3,28-28-0,30011.98,https://fert.gov.in/sites/default/files/2025-05/Monthly%20Bulletin%20month%20of%20March%2C%202023.pdf
2023,3,Amm Sulphate,20000.0,https://fert.gov.in/sites/default/files/2025-05/Monthly%20Bulletin%20month%20of%20March%2C%202023.pdf
2023,3,City Compost,4586.67,https://fert.gov.in/sites/default/files/2025-05/Monthly%20Bulletin%20month%20of%20March%2C%202023.pdf
2023,3,DAP,27000.0,https://fert.gov.in/sites/default/files/2025-05/Monthly%20Bulletin%20month%20of%20March%2C%202023.pdf
2023,3,Imported 10-26-26,28723.78,https://fert.gov.in/sites/default/files/2025-05/Monthly%20Bulletin%20month%20of%20March%2C%202023.pdf
2023,3,Imported 12-32-16,31601.26,https://fert.gov.in/sites/default/files/2025-05/Monthly%20Bulletin%20month%20of%20March%2C%202023.pdf
2023,3,Imported 15-15-15,29253.3,https://fert.gov.in/sites/default/files/2025-05/Monthly%20Bulletin%20month%20of%20March%2C%202023.pdf
2023,3,Imported 15-15-15-9,29048.0,https://fert.gov.in/sites/default/files/2025-05/Monthly%20Bulletin%20month%20of%20March%2C%202023.pdf
2023,3,Imported 16-16-16,24268.29,https://fert.gov.in/sites/default/files/2025-05/Monthly%20Bulletin%20month%20of%20March%2C%202023.pdf
2023,3,Imported 16-20-0-13,28990.24,https://fert.gov.in/sites/default/files/2025-05/Monthly%20Bulletin%20month%20of%20March%2C%202023.pdf
2023,3,Imported 20-20-0-13,26549.4,https://fert.gov.in/sites/default/files/2025-05/Monthly%20Bulletin%20month%20of%20March%2C%202023.pdf
2023,3,Imported DAP,27000.0,https://fert.gov.in/sites/default/files/2025-05/Monthly%20Bulletin%20month%20of%20March%2C%202023.pdf
2023,3,Imported MAP,33959.43,https://fert.gov.in/sites/default/files/2025-05/Monthly%20Bulletin%20month%20of%20March%2C%202023.pdf
2023,3,MOP,34823.93,https://fert.gov.in/sites/default/files/2025-05/Monthly%20Bulletin%20month%20of%20March%2C%202023.pdf
2023,3,SSP-Boronated,11619.96,https://fert.gov.in/sites/default/files/2025-05/Monthly%20Bulletin%20month%20of%20March%2C%202023.pdf
2023,3,SSP-Granular,10578.62,https://fert.gov.in/sites/default/files/2025-05/Monthly%20Bulletin%20month%20of%20March%2C%202023.pdf
2023,3,SSP-Powdered,10020.43,https://fert.gov.in/sites/default/files/2025-05/Monthly%20Bulletin%20month%20of%20March%2C%202023.pdf
2023,3,SSP-Zincated(Granular),11338.04,https://fert.gov.in/sites/default/files/2025-05/Monthly%20Bulletin%20month%20of%20March%2C%202023.pdf
2023,3,SSP-Zincated(Powder),10457.98,https://fert.gov.in/sites/default/files/2025-05/Monthly%20Bulletin%20month%20of%20March%2C%202023.pdf
2023,3,SSP-Zincated-Boronated(Granular),13460.99,https://fert.gov.in/sites/default/files/2025-05/Monthly%20Bulletin%20month%20of%20March%2C%202023.pdf
2023,3,TSP,25000.0,https://fert.gov.in/sites/default/files/2025-05/Monthly%20Bulletin%20month%20of%20March%2C%202023.pdf
2023,3,Urea,5360.0,https://fert.gov.in/sites/default/files/2025-05/Monthly%20Bulletin%20month%20of%20March%2C%202023.pdf
2023,3,Zinc and Boron NPK 8-21-21(40 Kg),43750.0,https://fert.gov.in/sites/default/files/2025-05/Monthly%20Bulletin%20month%20of%20March%2C%202023.pdf
2023,3,Zinc and Boron NPK 9-24-24(40Kg),44750.0,https://fert.gov.in/sites/default/files/2025-05/Monthly%20Bulletin%20month%20of%20March%2C%202023.pdf
2023,3,Zincated NPK 14-35-14,32000.0,https://fert.gov.in/sites/default/files/2025-05/Monthly%20Bulletin%20month%20of%20March%2C%202023.pdf
2023,4,10-26-26,29355.44,https://fert.gov.in/sites/default/files/2025-05/Monthy%20Bulletin%20month%20of%20April%2C%202023.pdf
2023,4,12-32-16,31405.06,https://fert.gov.in/sites/default/files/2025-05/Monthy%20Bulletin%20month%20of%20April%2C%202023.pdf
2023,4,14-28-0-0,32142.86,https://fert.gov.in/sites/default/files/2025-05/Monthy%20Bulletin%20month%20of%20April%2C%202023.pdf
2023,4,14-35-14,30800.0,https://fert.gov.in/sites/default/files/2025-05/Monthy%20Bulletin%20month%20of%20April%2C%202023.pdf
2023,4,15-15-15,29400.0,https://fert.gov.in/sites/default/files/2025-05/Monthy%20Bulletin%20month%20of%20April%2C%202023.pdf
2023,4,15-15-15-9,29000.0,https://fert.gov.in/sites/default/files/2025-05/Monthy%20Bulletin%20month%20of%20April%2C%202023.pdf
2023,4,16-20-0-13,23916.5,https://fert.gov.in/sites/default/files/2025-05/Monthy%20Bulletin%20month%20of%20April%2C%202023.pdf
2023,4,17-17-17,25000.0,https://fert.gov.in/sites/default/files/2025-05/Monthy%20Bulletin%20month%20of%20April%2C%202023.pdf
2023,4,20-20-0,23994.96,https://fert.gov.in/sites/default/files/2025-05/Monthy%20Bulletin%20month%20of%20April%2C%202023.pdf
2023,4,20-20-0-13,24768.54,https://fert.gov.in/sites/default/files/2025-05/Monthy%20Bulletin%20month%20of%20April%2C%202023.pdf
2023,4,24-24-0,33881.4,https://fert.gov.in/sites/default/files/2025-05/Monthy%20Bulletin%20month%20of%20April%2C%202023.pdf
2023,4,28-28-0,30001.4,https://fert.gov.in/sites/default/files/2025-05/Monthy%20Bulletin%20month%20of%20April%2C%202023.pdf
2023,4,Amm Sulphate,20000.0,https://fert.gov.in/sites/default/files/2025-05/Monthy%20Bulletin%20month%20of%20April%2C%202023.pdf
2023,4,DAP,27000.0,https://fert.gov.in/sites/default/files/2025-05/Monthy%20Bulletin%20month%20of%20April%2C%202023.pdf
2023,4,Imported 10-26-26,28741.55,https://fert.gov.in/sites/default/files/2025-05/Monthy%20Bulletin%20month%20of%20April%2C%202023.pdf
2023,4,Imported 12-32-16,31539.24,https://fert.gov.in/sites/default/files/2025-05/Monthy%20Bulletin%20month%20of%20April%2C%202023.pdf
2023,4,Imported 15-15-15,29220.91,https://fert.gov.in/sites/default/files/2025-05/Monthy%20Bulletin%20month%20of%20April%2C%202023.pdf
2023,4,Imported 15-15-15-9,29048.0,https://fert.gov.in/sites/default/files/2025-05/Monthy%20Bulletin%20month%20of%20April%2C%202023.pdf
2023,4,Imported 16-16-16,24268.29,https://fert.gov.in/sites/default/files/2025-05/Monthy%20Bulletin%20month%20of%20April%2C%202023.pdf
2023,4,Imported 16-20-0-13,29009.95,https://fert.gov.in/sites/default/files/2025-05/Monthy%20Bulletin%20month%20of%20April%2C%202023.pdf
2023,4,Imported 20-20-0-13,26549.74,https://fert.gov.in/sites/default/files/2025-05/Monthy%20Bulletin%20month%20of%20April%2C%202023.pdf
2023,4,Imported DAP,27000.0,https://fert.gov.in/sites/default/files/2025-05/Monthy%20Bulletin%20month%20of%20April%2C%202023.pdf
2023,4,Imported MAP,33984.19,https://fert.gov.in/sites/default/files/2025-05/Monthy%20Bulletin%20month%20of%20April%2C%202023.pdf
2023,4,MOP,34776.91,https://fert.gov.in/sites/default/files/2025-05/Monthy%20Bulletin%20month%20of%20April%2C%202023.pdf
2023,4,SSP-Boronated,11584.73,https://fert.gov.in/sites/default/files/2025-05/Monthy%20Bulletin%20month%20of%20April%2C%202023.pdf
2023,4,SSP-Granular,10498.31,https://fert.gov.in/sites/default/files/2025-05/Monthy%20Bulletin%20month%20of%20April%2C%202023.pdf
2023,4,SSP-Powdered,9979.98,https://fert.gov.in/sites/default/files/2025-05/Monthy%20Bulletin%20month%20of%20April%2C%202023.pdf
2023,4,SSP-Zincated(Granular),11279.73,https://fert.gov.in/sites/default/files/2025-05/Monthy%20Bulletin%20month%20of%20April%2C%202023.pdf
2023,4,SSP-Zincated(Powder),10432.96,https://fert.gov.in/sites/default/files/2025-05/Monthy%20Bulletin%20month%20of%20April%2C%202023.pdf
2023,4,SSP-Zincated-Boronated(Granular),13440.44,https://fert.gov.in/sites/default/files/2025-05/Monthy%20Bulletin%20month%20of%20April%2C%202023.pdf
2023,4,TSP,25000.0,https://fert.gov.in/sites/default/files/2025-05/Monthy%20Bulletin%20month%20of%20April%2C%202023.pdf
2023,4,Urea,5360.0,https://fert.gov.in/sites/default/files/2025-05/Monthy%20Bulletin%20month%20of%20April%2C%202023.pdf
2023,4,Zinc and Boron NPK 8-21-21(40 Kg),43750.0,https://fert.gov.in/sites/default/files/2025-05/Monthy%20Bulletin%20month%20of%20April%2C%202023.pdf
2023,4,Zinc and Boron NPK 9-24-24(40Kg),44750.0,https://fert.gov.in/sites/default/files/2025-05/Monthy%20Bulletin%20month%20of%20April%2C%202023.pdf
2023,4,Zincated NPK 14-35-14,32000.0,https://fert.gov.in/sites/default/files/2025-05/Monthy%20Bulletin%20month%20of%20April%2C%202023.pdf
2023,5,10-26-26,29400.0,https://fert.gov.in/sites/default/files/2025-05/Montthly%20%20Bulletin%20month%20of%20May%2C%202023.pdf
2023,5,12-32-16,31364.16,https://fert.gov.in/sites/default/files/2025-05/Montthly%20%20Bulletin%20month%20of%20May%2C%202023.pdf
2023,5,14-28-0-0,32142.86,https://fert.gov.in/sites/default/files/2025-05/Montthly%20%20Bulletin%20month%20of%20May%2C%202023.pdf
2023,5,14-35-14,30800.0,https://fert.gov.in/sites/default/files/2025-05/Montthly%20%20Bulletin%20month%20of%20May%2C%202023.pdf
2023,5,15-15-15,29400.0,https://fert.gov.in/sites/default/files/2025-05/Montthly%20%20Bulletin%20month%20of%20May%2C%202023.pdf
2023,5,15-15-15-9,29000.0,https://fert.gov.in/sites/default/files/2025-05/Montthly%20%20Bulletin%20month%20of%20May%2C%202023.pdf
2023,5,16-20-0-13,23908.8,https://fert.gov.in/sites/default/files/2025-05/Montthly%20%20Bulletin%20month%20of%20May%2C%202023.pdf
2023,5,17-17-17,25000.0,https://fert.gov.in/sites/default/files/2025-05/Montthly%20%20Bulletin%20month%20of%20May%2C%202023.pdf
2023,5,19-19-19,31000.0,https://fert.gov.in/sites/default/files/2025-05/Montthly%20%20Bulletin%20month%20of%20May%2C%202023.pdf
2023,5,20-20-0,23343.84,https://fert.gov.in/sites/default/files/2025-05/Montthly%20%20Bulletin%20month%20of%20May%2C%202023.pdf
2023,5,20-20-0-13,24729.38,https://fert.gov.in/sites/default/files/2025-05/Montthly%20%20Bulletin%20month%20of%20May%2C%202023.pdf
2023,5,24-24-0,33926.12,https://fert.gov.in/sites/default/files/2025-05/Montthly%20%20Bulletin%20month%20of%20May%2C%202023.pdf
2023,5,24-24-0-8,30000.0,https://fert.gov.in/sites/default/files/2025-05/Montthly%20%20Bulletin%20month%20of%20May%2C%202023.pdf
2023,5,28-28-0,30000.0,https://fert.gov.in/sites/default/files/2025-05/Montthly%20%20Bulletin%20month%20of%20May%2C%202023.pdf
2023,5,Amm Sulphate,20000.0,https://fert.gov.in/sites/default/files/2025-05/Montthly%20%20Bulletin%20month%20of%20May%2C%202023.pdf
2023,5,DAP,27000.0,https://fert.gov.in/sites/default/files/2025-05/Montthly%20%20Bulletin%20month%20of%20May%2C%202023.pdf
2023,5,Imported 10-26-26,28735.18,https://fert.gov.in/sites/default/files/2025-05/Montthly%20%20Bulletin%20month%20of%20May%2C%202023.pdf
2023,5,Imported 12-32-16,31561.9,https://fert.gov.in/sites/default/files/2025-05/Montthly%20%20Bulletin%20month%20of%20May%2C%202023.pdf
2023,5,Imported 15-15-15,29262.27,https://fert.gov.in/sites/default/files/2025-05/Montthly%20%20Bulletin%20month%20of%20May%2C%202023.pdf
2023,5,Imported 15-15-15-9,29048.0,https://fert.gov.in/sites/default/files/2025-05/Montthly%20%20Bulletin%20month%20of%20May%2C%202023.pdf
2023,5,Imported 16-16-16,24268.29,https://fert.gov.in/sites/default/files/2025-05/Montthly%20%20Bulletin%20month%20of%20May%2C%202023.pdf
2023,5,Imported 16-20-0-13,28990.24,https://fert.gov.in/sites/default/files/2025-05/Montthly%20%20Bulletin%20month%20of%20May%2C%202023.pdf
2023,5,Imported 20-20-0-13,26530.56,https://fert.gov.in/sites/default/files/2025-05/Montthly%20%20Bulletin%20month%20of%20May%2C%202023.pdf
2023,5,Imported DAP,27000.0,https://fert.gov.in/sites/default/files/2025-05/Montthly%20%20Bulletin%20month%20of%20May%2C%202023.pdf
2023,5,Imported MAP,33989.79,https://fert.gov.in/sites/default/files/2025-05/Montthly%20%20Bulletin%20month%20of%20May%2C%202023.pdf
2023,5,MOP,34717.96,https://fert.gov.in/sites/default/files/2025-05/Montthly%20%20Bulletin%20month%20of%20May%2C%202023.pdf
2023,5,SSP-Boronated,11601.24,https://fert.gov.in/sites/default/files/2025-05/Montthly%20%20Bulletin%20month%20of%20May%2C%202023.pdf
2023,5,SSP-Granular,10535.07,https://fert.gov.in/sites/default/files/2025-05/Montthly%20%20Bulletin%20month%20of%20May%2C%202023.pdf
2023,5,SSP-Powdered,10003.78,https://fert.gov.in/sites/default/files/2025-05/Montthly%20%20Bulletin%20month%20of%20May%2C%202023.pdf
2023,5,SSP-Zincated(Granular),11267.16,https://fert.gov.in/sites/default/files/2025-05/Montthly%20%20Bulletin%20month%20of%20May%2C%202023.pdf
2023,5,SSP-Zincated(Powder),10420.77,https://fert.gov.in/sites/default/files/2025-05/Montthly%20%20Bulletin%20month%20of%20May%2C%202023.pdf
2023,5,SSP-Zincated-Boronated(Granular),13425.92,https://fert.gov.in/sites/default/files/2025-05/Montthly%20%20Bulletin%20month%20of%20May%2C%202023.pdf
2023,5,TSP,25000.0,https://fert.gov.in/sites/default/files/2025-05/Montthly%20%20Bulletin%20month%20of%20May%2C%202023.pdf
2023,5,Urea,5360.0,https://fert.gov.in/sites/default/files/2025-05/Montthly%20%20Bulletin%20month%20of%20May%2C%202023.pdf
2023,5,Zinc and Boron NPK 8-21-21(40 Kg),43750.0,https://fert.gov.in/sites/default/files/2025-05/Montthly%20%20Bulletin%20month%20of%20May%2C%202023.pdf
2023,5,Zinc and Boron NPK 9-24-24(40Kg),44750.0,https://fert.gov.in/sites/default/files/2025-05/Montthly%20%20Bulletin%20month%20of%20May%2C%202023.pdf
2023,5,Zincated NPK 14-35-14,32000.0,https://fert.gov.in/sites/default/files/2025-05/Montthly%20%20Bulletin%20month%20of%20May%2C%202023.pdf
2023,6,10-26-26,29400.0,https://fert.gov.in/sites/default/files/2025-05/Monthly%20Bulletin%20month%20of%20June%2C%202023.pdf
2023,6,12-32-16,30191.36,https://fert.gov.in/sites/default/files/2025-05/Monthly%20Bulletin%20month%20of%20June%2C%202023.pdf
2023,6,14-28-0-0,30428.57,https://fert.gov.in/sites/default/files/2025-05/Monthly%20Bulletin%20month%20of%20June%2C%202023.pdf
2023,6,14-35-14,30000.0,https://fert.gov.in/sites/default/files/2025-05/Monthly%20Bulletin%20month%20of%20June%2C%202023.pdf
2023,6,15-15-15,29400.0,https://fert.gov.in/sites/default/files/2025-05/Monthly%20Bulletin%20month%20of%20June%2C%202023.pdf
2023,6,15-15-15-9,29000.0,https://fert.gov.in/sites/default/files/2025-05/Monthly%20Bulletin%20month%20of%20June%2C%202023.pdf
2023,6,16-20-0-13,23903.01,https://fert.gov.in/sites/default/files/2025-05/Monthly%20Bulletin%20month%20of%20June%2C%202023.pdf
2023,6,17-17-17,25000.0,https://fert.gov.in/sites/default/files/2025-05/Monthly%20Bulletin%20month%20of%20June%2C%202023.pdf
2023,6,19-19-19,31000.0,https://fert.gov.in/sites/default/files/2025-05/Monthly%20Bulletin%20month%20of%20June%2C%202023.pdf
2023,6,20-20-0,23343.84,https://fert.gov.in/sites/default/files/2025-05/Monthly%20Bulletin%20month%20of%20June%2C%202023.pdf
2023,6,20-20-0-13,24473.2,https://fert.gov.in/sites/default/files/2025-05/Monthly%20Bulletin%20month%20of%20June%2C%202023.pdf
2023,6,24-24-0,34000.0,https://fert.gov.in/sites/default/files/2025-05/Monthly%20Bulletin%20month%20of%20June%2C%202023.pdf
2023,6,24-24-0-8,30000.0,https://fert.gov.in/sites/default/files/2025-05/Monthly%20Bulletin%20month%20of%20June%2C%202023.pdf
2023,6,28-28-0,30000.0,https://fert.gov.in/sites/default/files/2025-05/Monthly%20Bulletin%20month%20of%20June%2C%202023.pdf
2023,6,Amm Sulphate,20000.0,https://fert.gov.in/sites/default/files/2025-05/Monthly%20Bulletin%20month%20of%20June%2C%202023.pdf
2023,6,DAP,27000.0,https://fert.gov.in/sites/default/files/2025-05/Monthly%20Bulletin%20month%20of%20June%2C%202023.pdf
2023,6,Imported 10-26-26,28758.17,https://fert.gov.in/sites/default/files/2025-05/Monthly%20Bulletin%20month%20of%20June%2C%202023.pdf
2023,6,Imported 12-32-16,31560.51,https://fert.gov.in/sites/default/files/2025-05/Monthly%20Bulletin%20month%20of%20June%2C%202023.pdf
2023,6,Imported 15-15-15,29400.0,https://fert.gov.in/sites/default/files/2025-05/Monthly%20Bulletin%20month%20of%20June%2C%202023.pdf
2023,6,Imported 15-15-15-9,29048.0,https://fert.gov.in/sites/default/files/2025-05/Monthly%20Bulletin%20month%20of%20June%2C%202023.pdf
2023,6,Imported 16-16-16,24268.29,https://fert.gov.in/sites/default/files/2025-05/Monthly%20Bulletin%20month%20of%20June%2C%202023.pdf
2023,6,Imported 16-20-0-13,28980.54,https://fert.gov.in/sites/default/files/2025-05/Monthly%20Bulletin%20month%20of%20June%2C%202023.pdf
2023,6,Imported 20-20-0-13,26063.4,https://fert.gov.in/sites/default/files/2025-05/Monthly%20Bulletin%20month%20of%20June%2C%202023.pdf
2023,6,Imported DAP,27000.0,https://fert.gov.in/sites/default/files/2025-05/Monthly%20Bulletin%20month%20of%20June%2C%202023.pdf
2023,6,Imported MAP,34000.0,https://fert.gov.in/sites/default/files/2025-05/Monthly%20Bulletin%20month%20of%20June%2C%202023.pdf
2023,6,MOP,34644.51,https://fert.gov.in/sites/default/files/2025-05/Monthly%20Bulletin%20month%20of%20June%2C%202023.pdf
2023,6,SSP-Boronated,11615.74,https://fert.gov.in/sites/default/files/2025-05/Monthly%20Bulletin%20month%20of%20June%2C%202023.pdf
2023,6,SSP-Granular,10571.95,https://fert.gov.in/sites/default/files/2025-05/Monthly%20Bulletin%20month%20of%20June%2C%202023.pdf
2023,6,SSP-Powdered,10029.45,https://fert.gov.in/sites/default/files/2025-05/Monthly%20Bulletin%20month%20of%20June%2C%202023.pdf
2023,6,SSP-Zincated(Granular),11272.66,https://fert.gov.in/sites/default/files/2025-05/Monthly%20Bulletin%20month%20of%20June%2C%202023.pdf
2023,6,SSP-Zincated(Powder),10470.58,https://fert.gov.in/sites/default/files/2025-05/Monthly%20Bulletin%20month%20of%20June%2C%202023.pdf
2023,6,SSP-Zincated-Boronated(Granular),13417.76,https://fert.gov.in/sites/default/files/2025-05/Monthly%20Bulletin%20month%20of%20June%2C%202023.pdf
2023,6,TSP,25000.0,https://fert.gov.in/sites/default/files/2025-05/Monthly%20Bulletin%20month%20of%20June%2C%202023.pdf
2023,6,Urea,5360.0,https://fert.gov.in/sites/default/files/2025-05/Monthly%20Bulletin%20month%20of%20June%2C%202023.pdf
2023,6,Zinc and Boron NPK 8-21-21(40 Kg),43750.0,https://fert.gov.in/sites/default/files/2025-05/Monthly%20Bulletin%20month%20of%20June%2C%202023.pdf
2023,6,Zinc and Boron NPK 9-24-24(40Kg),44750.0,https://fert.gov.in/sites/default/files/2025-05/Monthly%20Bulletin%20month%20of%20June%2C%202023.pdf
2023,6,Zincated NPK 14-35-14,32000.0,https://fert.gov.in/sites/default/files/2025-05/Monthly%20Bulletin%20month%20of%20June%2C%202023.pdf
2023,7,10-26-26,29400.0,https://fert.gov.in/sites/default/files/2025-05/Monthly%20Bulletin%20month%20of%20July%2C%202023.pdf
2023,7,12-32-16,29506.67,https://fert.gov.in/sites/default/files/2025-05/Monthly%20Bulletin%20month%20of%20July%2C%202023.pdf
2023,7,14-28-0-0,30428.57,https://fert.gov.in/sites/default/files/2025-05/Monthly%20Bulletin%20month%20of%20July%2C%202023.pdf
2023,7,14-35-14,30000.0,https://fert.gov.in/sites/default/files/2025-05/Monthly%20Bulletin%20month%20of%20July%2C%202023.pdf
2023,7,15-15-15,29400.0,https://fert.gov.in/sites/default/files/2025-05/Monthly%20Bulletin%20month%20of%20July%2C%202023.pdf
2023,7,15-15-15-9,29000.0,https://fert.gov.in/sites/default/files/2025-05/Monthly%20Bulletin%20month%20of%20July%2C%202023.pdf
2023,7,16-20-0-13,23908.2,https://fert.gov.in/sites/default/files/2025-05/Monthly%20Bulletin%20month%20of%20July%2C%202023.pdf
2023,7,17-17-17,25000.0,https://fert.gov.in/sites/default/files/2025-05/Monthly%20Bulletin%20month%20of%20July%2C%202023.pdf
2023,7,19-19-19,31000.0,https://fert.gov.in/sites/default/files/2025-05/Monthly%20Bulletin%20month%20of%20July%2C%202023.pdf
2023,7,20-20-0,23343.84,https://fert.gov.in/sites/default/files/2025-05/Monthly%20Bulletin%20month%20of%20July%2C%202023.pdf
2023,7,20-20-0-13,24466.0,https://fert.gov.in/sites/default/files/2025-05/Monthly%20Bulletin%20month%20of%20July%2C%202023.pdf
2023,7,24-24-0,31967.74,https://fert.gov.in/sites/default/files/2025-05/Monthly%20Bulletin%20month%20of%20July%2C%202023.pdf
2023,7,24-24-0-8,30000.0,https://fert.gov.in/sites/default/files/2025-05/Monthly%20Bulletin%20month%20of%20July%2C%202023.pdf
2023,7,28-28-0,30000.0,https://fert.gov.in/sites/default/files/2025-05/Monthly%20Bulletin%20month%20of%20July%2C%202023.pdf
2023,7,Amm Sulphate,20000.0,https://fert.gov.in/sites/default/files/2025-05/Monthly%20Bulletin%20month%20of%20July%2C%202023.pdf
2023,7,DAP,27000.0,https://fert.gov.in/sites/default/files/2025-05/Monthly%20Bulletin%20month%20of%20July%2C%202023.pdf
2023,7,Imported 10-26-26,28789.6,https://fert.gov.in/sites/default/files/2025-05/Monthly%20Bulletin%20month%20of%20July%2C%202023.pdf
2023,7,Imported 12-32-16,31564.88,https://fert.gov.in/sites/default/files/2025-05/Monthly%20Bulletin%20month%20of%20July%2C%202023.pdf
2023,7,Imported 15-15-15,28995.6,https://fert.gov.in/sites/default/files/2025-05/Monthly%20Bulletin%20month%20of%20July%2C%202023.pdf
2023,7,Imported 15-15-15-9,29048.0,https://fert.gov.in/sites/default/files/2025-05/Monthly%20Bulletin%20month%20of%20July%2C%202023.pdf
2023,7,Imported 16-16-16,24268.29,https://fert.gov.in/sites/default/files/2025-05/Monthly%20Bulletin%20month%20of%20July%2C%202023.pdf
2023,7,Imported 16-20-0-13,28987.11,https://fert.gov.in/sites/default/files/2025-05/Monthly%20Bulletin%20month%20of%20July%2C%202023.pdf
2023,7,Imported 20-20-0-13,25772.66,https://fert.gov.in/sites/default/files/2025-05/Monthly%20Bulletin%20month%20of%20July%2C%202023.pdf
2023,7,Imported DAP,26999.87,https://fert.gov.in/sites/default/files/2025-05/Monthly%20Bulletin%20month%20of%20July%2C%202023.pdf
2023,7,Imported MAP,33909.71,https://fert.gov.in/sites/default/files/2025-05/Monthly%20Bulletin%20month%20of%20July%2C%202023.pdf
2023,7,MOP,34620.28,https://fert.gov.in/sites/default/files/2025-05/Monthly%20Bulletin%20month%20of%20July%2C%202023.pdf
2023,7,SSP-Boronated,11646.16,https://fert.gov.in/sites/default/files/2025-05/Monthly%20Bulletin%20month%20of%20July%2C%202023.pdf
2023,7,SSP-Granular,10637.92,https://fert.gov.in/sites/default/files/2025-05/Monthly%20Bulletin%20month%20of%20July%2C%202023.pdf
2023,7,SSP-Powdered,10101.91,https://fert.gov.in/sites/default/files/2025-05/Monthly%20Bulletin%20month%20of%20July%2C%202023.pdf
2023,7,SSP-Zincated(Granular),11298.51,https://fert.gov.in/sites/default/files/2025-05/Monthly%20Bulletin%20month%20of%20July%2C%202023.pdf
2023,7,SSP-Zincated(Powder),10530.61,https://fert.gov.in/sites/default/files/2025-05/Monthly%20Bulletin%20month%20of%20July%2C%202023.pdf
2023,7,SSP-Zincated-Boronated(Granular),13486.85,https://fert.gov.in/sites/default/files/2025-05/Monthly%20Bulletin%20month%20of%20July%2C%202023.pdf
2023,7,TSP,25000.0,https://fert.gov.in/sites/default/files/2025-05/Monthly%20Bulletin%20month%20of%20July%2C%202023.pdf
2023,7,Urea,5360.0,https://fert.gov.in/sites/default/files/2025-05/Monthly%20Bulletin%20month%20of%20July%2C%202023.pdf
2023,7,Zinc and Boron NPK 8-21-21(40 Kg),41653.23,https://fert.gov.in/sites/default/files/2025-05/Monthly%20Bulletin%20month%20of%20July%2C%202023.pdf
2023,7,Zinc and Boron NPK 9-24-24(40Kg),43282.26,https://fert.gov.in/sites/default/files/2025-05/Monthly%20Bulletin%20month%20of%20July%2C%202023.pdf
2023,7,Zincated 10-26-26,30000.0,https://fert.gov.in/sites/default/files/2025-05/Monthly%20Bulletin%20month%20of%20July%2C%202023.pdf
2023,7,Zincated NPK 14-35-14,32000.0,https://fert.gov.in/sites/default/files/2025-05/Monthly%20Bulletin%20month%20of%20July%2C%202023.pdf
2023,8,10-26-26,29400.0,https://fert.gov.in/sites/default/files/2025-05/Monthly%20Bulletin%20month%20of%20August%2C%202023.pdf
2023,8,12-32-16,29519.71,https://fert.gov.in/sites/default/files/2025-05/Monthly%20Bulletin%20month%20of%20August%2C%202023.pdf
2023,8,14-28-0-0,30428.57,https://fert.gov.in/sites/default/files/2025-05/Monthly%20Bulletin%20month%20of%20August%2C%202023.pdf
2023,8,14-35-14,29996.42,https://fert.gov.in/sites/default/files/2025-05/Monthly%20Bulletin%20month%20of%20August%2C%202023.pdf
2023,8,15-15-15,28403.39,https://fert.gov.in/sites/default/files/2025-05/Monthly%20Bulletin%20month%20of%20August%2C%202023.pdf
2023,8,15-15-15-9,29000.0,https://fert.gov.in/sites/default/files/2025-05/Monthly%20Bulletin%20month%20of%20August%2C%202023.pdf
2023,8,16-20-0-13,23908.2,https://fert.gov.in/sites/default/files/2025-05/Monthly%20Bulletin%20month%20of%20August%2C%202023.pdf
2023,8,17-17-17,25000.0,https://fert.gov.in/sites/default/files/2025-05/Monthly%20Bulletin%20month%20of%20August%2C%202023.pdf
2023,8,20-20-0,23345.6,https://fert.gov.in/sites/default/files/2025-05/Monthly%20Bulletin%20month%20of%20August%2C%202023.pdf
2023,8,20-20-0-13,24460.38,https://fert.gov.in/sites/default/files/2025-05/Monthly%20Bulletin%20month%20of%20August%2C%202023.pdf
2023,8,24-24-0,31000.0,https://fert.gov.in/sites/default/files/2025-05/Monthly%20Bulletin%20month%20of%20August%2C%202023.pdf
2023,8,24-24-0-8,30000.0,https://fert.gov.in/sites/default/files/2025-05/Monthly%20Bulletin%20month%20of%20August%2C%202023.pdf
2023,8,28-28-0,30041.24,https://fert.gov.in/sites/default/files/2025-05/Monthly%20Bulletin%20month%20of%20August%2C%202023.pdf
2023,8,Amm Sulphate,20000.0,https://fert.gov.in/sites/default/files/2025-05/Monthly%20Bulletin%20month%20of%20August%2C%202023.pdf
2023,8,DAP,27000.0,https://fert.gov.in/sites/default/files/2025-05/Monthly%20Bulletin%20month%20of%20August%2C%202023.pdf
2023,8,Imported 10-26-26,28867.76,https://fert.gov.in/sites/default/files/2025-05/Monthly%20Bulletin%20month%20of%20August%2C%202023.pdf
2023,8,Imported 12-32-16,31679.34,https://fert.gov.in/sites/default/files/2025-05/Monthly%20Bulletin%20month%20of%20August%2C%202023.pdf
2023,8,Imported 15-15-15,28891.15,https://fert.gov.in/sites/default/files/2025-05/Monthly%20Bulletin%20month%20of%20August%2C%202023.pdf
2023,8,Imported 15-15-15-9,29048.0,https://fert.gov.in/sites/default/files/2025-05/Monthly%20Bulletin%20month%20of%20August%2C%202023.pdf
2023,8,Imported 16-16-16,24268.29,https://fert.gov.in/sites/default/files/2025-05/Monthly%20Bulletin%20month%20of%20August%2C%202023.pdf
2023,8,Imported 16-20-0-13,29009.3,https://fert.gov.in/sites/default/files/2025-05/Monthly%20Bulletin%20month%20of%20August%2C%202023.pdf
2023,8,Imported 20-20-0-13,25551.52,https://fert.gov.in/sites/default/files/2025-05/Monthly%20Bulletin%20month%20of%20August%2C%202023.pdf
2023,8,Imported DAP,27000.0,https://fert.gov.in/sites/default/files/2025-05/Monthly%20Bulletin%20month%20of%20August%2C%202023.pdf
2023,8,Imported MAP,33944.4,https://fert.gov.in/sites/default/files/2025-05/Monthly%20Bulletin%20month%20of%20August%2C%202023.pdf
2023,8,MOP,34643.95,https://fert.gov.in/sites/default/files/2025-05/Monthly%20Bulletin%20month%20of%20August%2C%202023.pdf
2023,8,SSP-Boronated,11672.42,https://fert.gov.in/sites/default/files/2025-05/Monthly%20Bulletin%20month%20of%20August%2C%202023.pdf
2023,8,SSP-Granular,10652.25,https://fert.gov.in/sites/default/files/2025-05/Monthly%20Bulletin%20month%20of%20August%2C%202023.pdf
2023,8,SSP-Powdered,10110.18,https://fert.gov.in/sites/default/files/2025-05/Monthly%20Bulletin%20month%20of%20August%2C%202023.pdf
2023,8,SSP-Zincated(Granular),11283.84,https://fert.gov.in/sites/default/files/2025-05/Monthly%20Bulletin%20month%20of%20August%2C%202023.pdf
2023,8,SSP-Zincated(Powder),10491.8,https://fert.gov.in/sites/default/files/2025-05/Monthly%20Bulletin%20month%20of%20August%2C%202023.pdf
2023,8,SSP-Zincated-Boronated(Granular),13507.75,https://fert.gov.in/sites/default/files/2025-05/Monthly%20Bulletin%20month%20of%20August%2C%202023.pdf
2023,8,TSP,25000.0,https://fert.gov.in/sites/default/files/2025-05/Monthly%20Bulletin%20month%20of%20August%2C%202023.pdf
2023,8,Urea,5360.0,https://fert.gov.in/sites/default/files/2025-05/Monthly%20Bulletin%20month%20of%20August%2C%202023.pdf
2023,8,Zinc and Boron NPK 8-21-21(40 Kg),38750.0,https://fert.gov.in/sites/default/files/2025-05/Monthly%20Bulletin%20month%20of%20August%2C%202023.pdf
2023,8,Zinc and Boron NPK 9-24-24(40Kg),41250.0,https://fert.gov.in/sites/default/files/2025-05/Monthly%20Bulletin%20month%20of%20August%2C%202023.pdf
2023,8,Zincated 10-26-26,30000.0,https://fert.gov.in/sites/default/files/2025-05/Monthly%20Bulletin%20month%20of%20August%2C%202023.pdf
2023,8,Zincated 20-20-0-13,25500.0,https://fert.gov.in/sites/default/files/2025-05/Monthly%20Bulletin%20month%20of%20August%2C%202023.pdf
2023,8,Zincated NPK 14-35-14,32000.0,https://fert.gov.in/sites/default/files/2025-05/Monthly%20Bulletin%20month%20of%20August%2C%202023.pdf
2023,9,10-26-26,29383.649,https://fert.gov.in/sites/default/files/2025-05/Monthly%20Bulletin%20month%20of%20September.%202023.pdf
2023,9,12-32-16,29645.844,https://fert.gov.in/sites/default/files/2025-05/Monthly%20Bulletin%20month%20of%20September.%202023.pdf
2023,9,14-28-0-0,30428.571,https://fert.gov.in/sites/default/files/2025-05/Monthly%20Bulletin%20month%20of%20September.%202023.pdf
2023,9,14-35-14,29996.299,https://fert.gov.in/sites/default/files/2025-05/Monthly%20Bulletin%20month%20of%20September.%202023.pdf
2023,9,15-15-15,28000.0,https://fert.gov.in/sites/default/files/2025-05/Monthly%20Bulletin%20month%20of%20September.%202023.pdf
2023,9,15-15-15-9,29000.0,https://fert.gov.in/sites/default/files/2025-05/Monthly%20Bulletin%20month%20of%20September.%202023.pdf
2023,9,16-20-0-13,23902.406,https://fert.gov.in/sites/default/files/2025-05/Monthly%20Bulletin%20month%20of%20September.%202023.pdf
2023,9,17-17-17,25000.0,https://fert.gov.in/sites/default/files/2025-05/Monthly%20Bulletin%20month%20of%20September.%202023.pdf
2023,9,19-19-19,31000.0,https://fert.gov.in/sites/default/files/2025-05/Monthly%20Bulletin%20month%20of%20September.%202023.pdf
2023,9,20-20-0,23343.842,https://fert.gov.in/sites/default/files/2025-05/Monthly%20Bulletin%20month%20of%20September.%202023.pdf
2023,9,20-20-0-13,24285.027,https://fert.gov.in/sites/default/files/2025-05/Monthly%20Bulletin%20month%20of%20September.%202023.pdf
2023,9,24-24-0,31200.0,https://fert.gov.in/sites/default/files/2025-05/Monthly%20Bulletin%20month%20of%20September.%202023.pdf
2023,9,24-24-0-8,30000.0,https://fert.gov.in/sites/default/files/2025-05/Monthly%20Bulletin%20month%20of%20September.%202023.pdf
2023,9,28-28-0,30002.079,https://fert.gov.in/sites/default/files/2025-05/Monthly%20Bulletin%20month%20of%20September.%202023.pdf
2023,9,Amm Sulphate,20000.0,https://fert.gov.in/sites/default/files/2025-05/Monthly%20Bulletin%20month%20of%20September.%202023.pdf
2023,9,DAP,26999.13,https://fert.gov.in/sites/default/files/2025-05/Monthly%20Bulletin%20month%20of%20September.%202023.pdf
2023,9,FOM,10.0,https://fert.gov.in/sites/default/files/2025-05/Monthly%20Bulletin%20month%20of%20September.%202023.pdf
2023,9,Imported 10-26-26,28879.513,https://fert.gov.in/sites/default/files/2025-05/Monthly%20Bulletin%20month%20of%20September.%202023.pdf
2023,9,Imported 12-32-16,31757.895,https://fert.gov.in/sites/default/files/2025-05/Monthly%20Bulletin%20month%20of%20September.%202023.pdf
2023,9,Imported 15-15-15,27565.775,https://fert.gov.in/sites/default/files/2025-05/Monthly%20Bulletin%20month%20of%20September.%202023.pdf
2023,9,Imported 15-15-15-9,29048.0,https://fert.gov.in/sites/default/files/2025-05/Monthly%20Bulletin%20month%20of%20September.%202023.pdf
2023,9,Imported 16-16-16,24285.714,https://fert.gov.in/sites/default/files/2025-05/Monthly%20Bulletin%20month%20of%20September.%202023.pdf
2023,9,Imported 16-20-0-13,29009.95,https://fert.gov.in/sites/default/files/2025-05/Monthly%20Bulletin%20month%20of%20September.%202023.pdf
2023,9,Imported 20-20-0-13,25380.715,https://fert.gov.in/sites/default/files/2025-05/Monthly%20Bulletin%20month%20of%20September.%202023.pdf
2023,9,Imported DAP,27000.0,https://fert.gov.in/sites/default/files/2025-05/Monthly%20Bulletin%20month%20of%20September.%202023.pdf
2023,9,Imported MAP,33973.714,https://fert.gov.in/sites/default/files/2025-05/Monthly%20Bulletin%20month%20of%20September.%202023.pdf
2023,9,MOP,34676.339,https://fert.gov.in/sites/default/files/2025-05/Monthly%20Bulletin%20month%20of%20September.%202023.pdf
2023,9,SSP-Boronated,11677.256,https://fert.gov.in/sites/default/files/2025-05/Monthly%20Bulletin%20month%20of%20September.%202023.pdf
2023,9,SSP-Granular,10673.542,https://fert.gov.in/sites/default/files/2025-05/Monthly%20Bulletin%20month%20of%20September.%202023.pdf
2023,9,SSP-Powdered,10103.658,https://fert.gov.in/sites/default/files/2025-05/Monthly%20Bulletin%20month%20of%20September.%202023.pdf
2023,9,SSP-Zincated(Granular),11255.911,https://fert.gov.in/sites/default/files/2025-05/Monthly%20Bulletin%20month%20of%20September.%202023.pdf
2023,9,SSP-Zincated(Powder),10468.369,https://fert.gov.in/sites/default/files/2025-05/Monthly%20Bulletin%20month%20of%20September.%202023.pdf
2023,9,SSP-Zincated-Boronated(Granular),13515.491,https://fert.gov.in/sites/default/files/2025-05/Monthly%20Bulletin%20month%20of%20September.%202023.pdf
2023,9,TSP,25000.0,https://fert.gov.in/sites/default/files/2025-05/Monthly%20Bulletin%20month%20of%20September.%202023.pdf
2023,9,Urea,5360.0,https://fert.gov.in/sites/default/files/2025-05/Monthly%20Bulletin%20month%20of%20September.%202023.pdf
2023,9,Zinc and Boron NPK 8-21-21(40 Kg),39083.333,https://fert.gov.in/sites/default/files/2025-05/Monthly%20Bulletin%20month%20of%20September.%202023.pdf
2023,9,Zinc and Boron NPK 9-24-24(40Kg),41483.333,https://fert.gov.in/sites/default/files/2025-05/Monthly%20Bulletin%20month%20of%20September.%202023.pdf
2023,9,Zincated 10-26-26,30000.0,https://fert.gov.in/sites/default/files/2025-05/Monthly%20Bulletin%20month%20of%20September.%202023.pdf
2023,9,Zincated 20-20-0-13,25476.744,https://fert.gov.in/sites/default/files/2025-05/Monthly%20Bulletin%20month%20of%20September.%202023.pdf
2023,9,Zincated NPK 14-35-14,32000.0,https://fert.gov.in/sites/default/files/2025-05/Monthly%20Bulletin%20month%20of%20September.%202023.pdf
2023,10,10-26-26,29400.0,https://fert.gov.in/sites/default/files/2025-05/Monthly%20Bulletin%20month%20of%20October%2C%202023.pdf
2023,10,12-32-16,29520.5,https://fert.gov.in/sites/default/files/2025-05/Monthly%20Bulletin%20month%20of%20October%2C%202023.pdf
2023,10,14-28-0-0,30428.6,https://fert.gov.in/sites/default/files/2025-05/Monthly%20Bulletin%20month%20of%20October%2C%202023.pdf
2023,10,14-35-14,30000.0,https://fert.gov.in/sites/default/files/2025-05/Monthly%20Bulletin%20month%20of%20October%2C%202023.pdf
2023,10,15-15-15,28000.0,https://fert.gov.in/sites/default/files/2025-05/Monthly%20Bulletin%20month%20of%20October%2C%202023.pdf
2023,10,15-15-15-9,29000.0,https://fert.gov.in/sites/default/files/2025-05/Monthly%20Bulletin%20month%20of%20October%2C%202023.pdf
2023,10,16-20-0-13,23918.4,https://fert.gov.in/sites/default/files/2025-05/Monthly%20Bulletin%20month%20of%20October%2C%202023.pdf
2023,10,17-17-17,25000.0,https://fert.gov.in/sites/default/files/2025-05/Monthly%20Bulletin%20month%20of%20October%2C%202023.pdf
2023,10,19-19-19,31000.0,https://fert.gov.in/sites/default/files/2025-05/Monthly%20Bulletin%20month%20of%20October%2C%202023.pdf
2023,10,20-20-0,23343.8,https://fert.gov.in/sites/default/files/2025-05/Monthly%20Bulletin%20month%20of%20October%2C%202023.pdf
2023,10,20-20-0-13,24579.7,https://fert.gov.in/sites/default/files/2025-05/Monthly%20Bulletin%20month%20of%20October%2C%202023.pdf
2023,10,24-24-0,33225.8,https://fert.gov.in/sites/default/files/2025-05/Monthly%20Bulletin%20month%20of%20October%2C%202023.pdf
2023,10,24-24-0-8,30000.0,https://fert.gov.in/sites/default/files/2025-05/Monthly%20Bulletin%20month%20of%20October%2C%202023.pdf
2023,10,28-28-0,30000.0,https://fert.gov.in/sites/default/files/2025-05/Monthly%20Bulletin%20month%20of%20October%2C%202023.pdf
2023,10,Amm Sulphate,20000.0,https://fert.gov.in/sites/default/files/2025-05/Monthly%20Bulletin%20month%20of%20October%2C%202023.pdf
2023,10,DAP,26998.4,https://fert.gov.in/sites/default/files/2025-05/Monthly%20Bulletin%20month%20of%20October%2C%202023.pdf
2023,10,FOM,9852.49,https://fert.gov.in/sites/default/files/2025-05/Monthly%20Bulletin%20month%20of%20October%2C%202023.pdf
2023,10,Imported 10-26-26,28865.7,https://fert.gov.in/sites/default/files/2025-05/Monthly%20Bulletin%20month%20of%20October%2C%202023.pdf
2023,10,Imported 12-32-16,31901.7,https://fert.gov.in/sites/default/files/2025-05/Monthly%20Bulletin%20month%20of%20October%2C%202023.pdf
2023,10,Imported 15-15-15,29335.0,https://fert.gov.in/sites/default/files/2025-05/Monthly%20Bulletin%20month%20of%20October%2C%202023.pdf
2023,10,Imported 15-15-15-9,29046.6,https://fert.gov.in/sites/default/files/2025-05/Monthly%20Bulletin%20month%20of%20October%2C%202023.pdf
2023,10,Imported 16-16-16,25637.3,https://fert.gov.in/sites/default/files/2025-05/Monthly%20Bulletin%20month%20of%20October%2C%202023.pdf
2023,10,Imported 16-20-0-13,29019.1,https://fert.gov.in/sites/default/files/2025-05/Monthly%20Bulletin%20month%20of%20October%2C%202023.pdf
2023,10,Imported 20-20-0-13,25874.5,https://fert.gov.in/sites/default/files/2025-05/Monthly%20Bulletin%20month%20of%20October%2C%202023.pdf
2023,10,Imported DAP,27000.0,https://fert.gov.in/sites/default/files/2025-05/Monthly%20Bulletin%20month%20of%20October%2C%202023.pdf
2023,10,Imported MAP,34000.0,https://fert.gov.in/sites/default/files/2025-05/Monthly%20Bulletin%20month%20of%20October%2C%202023.pdf
2023,10,LFOM,1.8,https://fert.gov.in/sites/default/files/2025-05/Monthly%20Bulletin%20month%20of%20October%2C%202023.pdf
2023,10,MOP,34035.7,https://fert.gov.in/sites/default/files/2025-05/Monthly%20Bulletin%20month%20of%20October%2C%202023.pdf
2023,10,PROM,6166.33,https://fert.gov.in/sites/default/files/2025-05/Monthly%20Bulletin%20month%20of%20October%2C%202023.pdf
2023,10,SSP-Boronated,12199.2,https://fert.gov.in/sites/default/files/2025-05/Monthly%20Bulletin%20month%20of%20October%2C%202023.pdf
2023,10,SSP-Granular,10954.3,https://fert.gov.in/sites/default/files/2025-05/Monthly%20Bulletin%20month%20of%20October%2C%202023.pdf
2023,10,SSP-Powdered,10550.0,https://fert.gov.in/sites/default/files/2025-05/Monthly%20Bulletin%20month%20of%20October%2C%202023.pdf
2023,10,SSP-Zincated(Granular),11723.3,https://fert.gov.in/sites/default/files/2025-05/Monthly%20Bulletin%20month%20of%20October%2C%202023.pdf
2023,10,SSP-Zincated(Powder),10903.2,https://fert.gov.in/sites/default/files/2025-05/Monthly%20Bulletin%20month%20of%20October%2C%202023.pdf
2023,10,SSP-Zincated-Boronated(Granular),14071.7,https://fert.gov.in/sites/default/files/2025-05/Monthly%20Bulletin%20month%20of%20October%2C%202023.pdf
2023,10,TSP,25000.0,https://fert.gov.in/sites/default/files/2025-05/Monthly%20Bulletin%20month%20of%20October%2C%202023.pdf
2023,10,Urea,5360.0,https://fert.gov.in/sites/default/files/2025-05/Monthly%20Bulletin%20month%20of%20October%2C%202023.pdf
2023,10,Zinc and Boron NPK 8-21-21(40 Kg),42137.1,https://fert.gov.in/sites/default/files/2025-05/Monthly%20Bulletin%20month%20of%20October%2C%202023.pdf
2023,10,Zinc and Boron NPK 9-24-24(40Kg),44556.5,https://fert.gov.in/sites/default/files/2025-05/Monthly%20Bulletin%20month%20of%20October%2C%202023.pdf
2023,10,Zincated 10-26-26,30000.0,https://fert.gov.in/sites/default/files/2025-05/Monthly%20Bulletin%20month%20of%20October%2C%202023.pdf
2023,10,Zincated 20-20-0-13,26402.8,https://fert.gov.in/sites/default/files/2025-05/Monthly%20Bulletin%20month%20of%20October%2C%202023.pdf
2023,10,Zincated NPK 14-35-14,32000.0,https://fert.gov.in/sites/default/files/2025-05/Monthly%20Bulletin%20month%20of%20October%2C%202023.pdf
2023,11,10-26-26,29400.0,https://fert.gov.in/sites/default/files/2025-05/Monthly%20Bulletin%20month%20of%20November%2C%202023.pdf
2023,11,12-32-16,29520.4,https://fert.gov.in/sites/default/files/2025-05/Monthly%20Bulletin%20month%20of%20November%2C%202023.pdf
2023,11,14-28-0-0,30964.29,https://fert.gov.in/sites/default/files/2025-05/Monthly%20Bulletin%20month%20of%20November%2C%202023.pdf
2023,11,14-35-14,31546.67,https://fert.gov.in/sites/default/files/2025-05/Monthly%20Bulletin%20month%20of%20November%2C%202023.pdf
2023,11,15-15-15,29367.44,https://fert.gov.in/sites/default/files/2025-05/Monthly%20Bulletin%20month%20of%20November%2C%202023.pdf
2023,11,15-15-15-9,29002.34,https://fert.gov.in/sites/default/files/2025-05/Monthly%20Bulletin%20month%20of%20November%2C%202023.pdf
2023,11,16-20-0-13,25611.07,https://fert.gov.in/sites/default/files/2025-05/Monthly%20Bulletin%20month%20of%20November%2C%202023.pdf
2023,11,17-17-17,25000.0,https://fert.gov.in/sites/default/files/2025-05/Monthly%20Bulletin%20month%20of%20November%2C%202023.pdf
2023,11,19-19-19,31000.0,https://fert.gov.in/sites/default/files/2025-05/Monthly%20Bulletin%20month%20of%20November%2C%202023.pdf
2023,11,20-20-0,23656.34,https://fert.gov.in/sites/default/files/2025-05/Monthly%20Bulletin%20month%20of%20November%2C%202023.pdf
2023,11,20-20-0-13,26379.8,https://fert.gov.in/sites/default/files/2025-05/Monthly%20Bulletin%20month%20of%20November%2C%202023.pdf
2023,11,24-24-0,34000.0,https://fert.gov.in/sites/default/files/2025-05/Monthly%20Bulletin%20month%20of%20November%2C%202023.pdf
2023,11,24-24-0-8,31523.81,https://fert.gov.in/sites/default/files/2025-05/Monthly%20Bulletin%20month%20of%20November%2C%202023.pdf
2023,11,28-28-0,31866.67,https://fert.gov.in/sites/default/files/2025-05/Monthly%20Bulletin%20month%20of%20November%2C%202023.pdf
2023,11,Amm Sulphate,20000.0,https://fert.gov.in/sites/default/files/2025-05/Monthly%20Bulletin%20month%20of%20November%2C%202023.pdf
2023,11,DAP,26999.78,https://fert.gov.in/sites/default/files/2025-05/Monthly%20Bulletin%20month%20of%20November%2C%202023.pdf
2023,11,FOM,9441.69,https://fert.gov.in/sites/default/files/2025-05/Monthly%20Bulletin%20month%20of%20November%2C%202023.pdf
2023,11,Imported 10-26-26,29738.66,https://fert.gov.in/sites/default/files/2025-05/Monthly%20Bulletin%20month%20of%20November%2C%202023.pdf
2023,11,Imported 12-32-16,31793.21,https://fert.gov.in/sites/default/files/2025-05/Monthly%20Bulletin%20month%20of%20November%2C%202023.pdf
2023,11,Imported 15-15-15,29257.78,https://fert.gov.in/sites/default/files/2025-05/Monthly%20Bulletin%20month%20of%20November%2C%202023.pdf
2023,11,Imported 15-15-15-9,29048.0,https://fert.gov.in/sites/default/files/2025-05/Monthly%20Bulletin%20month%20of%20November%2C%202023.pdf
2023,11,Imported 16-16-16,26390.24,https://fert.gov.in/sites/default/files/2025-05/Monthly%20Bulletin%20month%20of%20November%2C%202023.pdf
2023,11,Imported 16-20-0-13,28982.97,https://fert.gov.in/sites/default/files/2025-05/Monthly%20Bulletin%20month%20of%20November%2C%202023.pdf
2023,11,Imported 20-20-0-13,26176.29,https://fert.gov.in/sites/default/files/2025-05/Monthly%20Bulletin%20month%20of%20November%2C%202023.pdf
2023,11,Imported DAP,27000.0,https://fert.gov.in/sites/default/files/2025-05/Monthly%20Bulletin%20month%20of%20November%2C%202023.pdf
2023,11,Imported MAP,34000.0,https://fert.gov.in/sites/default/files/2025-05/Monthly%20Bulletin%20month%20of%20November%2C%202023.pdf
2023,11,LFOM,8027.0,https://fert.gov.in/sites/default/files/2025-05/Monthly%20Bulletin%20month%20of%20November%2C%202023.pdf
2023,11,MOP,33624.02,https://fert.gov.in/sites/default/files/2025-05/Monthly%20Bulletin%20month%20of%20November%2C%202023.pdf
2023,11,PROM,17600.0,https://fert.gov.in/sites/default/files/2025-05/Monthly%20Bulletin%20month%20of%20November%2C%202023.pdf
2023,11,SSP-Boronated,12994.15,https://fert.gov.in/sites/default/files/2025-05/Monthly%20Bulletin%20month%20of%20November%2C%202023.pdf
2023,11,SSP-Granular,11986.5,https://fert.gov.in/sites/default/files/2025-05/Monthly%20Bulletin%20month%20of%20November%2C%202023.pdf
2023,11,SSP-Powdered,11528.82,https://fert.gov.in/sites/default/files/2025-05/Monthly%20Bulletin%20month%20of%20November%2C%202023.pdf
2023,11,SSP-Zincated(Granular),12811.51,https://fert.gov.in/sites/default/files/2025-05/Monthly%20Bulletin%20month%20of%20November%2C%202023.pdf
2023,11,SSP-Zincated(Powder),12051.09,https://fert.gov.in/sites/default/files/2025-05/Monthly%20Bulletin%20month%20of%20November%2C%202023.pdf
2023,11,SSP-Zincated-Boronated(Granular),14926.38,https://fert.gov.in/sites/default/files/2025-05/Monthly%20Bulletin%20month%20of%20November%2C%202023.pdf
2023,11,Urea,5360.0,https://fert.gov.in/sites/default/files/2025-05/Monthly%20Bulletin%20month%20of%20November%2C%202023.pdf
2023,11,Zinc and Boron NPK 8-21-21(40 Kg),45000.0,https://fert.gov.in/sites/default/files/2025-05/Monthly%20Bulletin%20month%20of%20November%2C%202023.pdf
2023,11,Zinc and Boron NPK 9-24-24(40Kg),47500.0,https://fert.gov.in/sites/default/files/2025-05/Monthly%20Bulletin%20month%20of%20November%2C%202023.pdf
2023,11,Zincated 10-26-26,30000.0,https://fert.gov.in/sites/default/files/2025-05/Monthly%20Bulletin%20month%20of%20November%2C%202023.pdf
2023,11,Zincated 20-20-0-13,27956.14,https://fert.gov.in/sites/default/files/2025-05/Monthly%20Bulletin%20month%20of%20November%2C%202023.pdf
2023,11,Zincated NPK 14-35-14,32000.0,https://fert.gov.in/sites/default/files/2025-05/Monthly%20Bulletin%20month%20of%20November%2C%202023.pdf
2023,12,10-26-26,29400.0,https://fert.gov.in/sites/default/files/2025-05/Monthly%20Bulletin%20month%20of%20December%2C%202023.pdf
2023,12,12-32-16,29508.18,https://fert.gov.in/sites/default/files/2025-05/Monthly%20Bulletin%20month%20of%20December%2C%202023.pdf
2023,12,14-28-0-0,30917.91,https://fert.gov.in/sites/default/files/2025-05/Monthly%20Bulletin%20month%20of%20December%2C%202023.pdf
2023,12,14-28-14,33000.0,https://fert.gov.in/sites/default/files/2025-05/Monthly%20Bulletin%20month%20of%20December%2C%202023.pdf
2023,12,14-35-14,32270.97,https://fert.gov.in/sites/default/files/2025-05/Monthly%20Bulletin%20month%20of%20December%2C%202023.pdf
2023,12,15-15-15,29400.0,https://fert.gov.in/sites/default/files/2025-05/Monthly%20Bulletin%20month%20of%20December%2C%202023.pdf
2023,12,15-15-15-9,29009.91,https://fert.gov.in/sites/default/files/2025-05/Monthly%20Bulletin%20month%20of%20December%2C%202023.pdf
2023,12,16-20-0-13,26380.37,https://fert.gov.in/sites/default/files/2025-05/Monthly%20Bulletin%20month%20of%20December%2C%202023.pdf
2023,12,17-17-17,25000.0,https://fert.gov.in/sites/default/files/2025-05/Monthly%20Bulletin%20month%20of%20December%2C%202023.pdf
2023,12,20-20-0,24454.5,https://fert.gov.in/sites/default/files/2025-05/Monthly%20Bulletin%20month%20of%20December%2C%202023.pdf
2023,12,20-20-0-13,26879.33,https://fert.gov.in/sites/default/files/2025-05/Monthly%20Bulletin%20month%20of%20December%2C%202023.pdf
2023,12,24-24-0,34000.0,https://fert.gov.in/sites/default/files/2025-05/Monthly%20Bulletin%20month%20of%20December%2C%202023.pdf
2023,12,24-24-0-8,32774.19,https://fert.gov.in/sites/default/files/2025-05/Monthly%20Bulletin%20month%20of%20December%2C%202023.pdf
2023,12,28-28-0,32914.44,https://fert.gov.in/sites/default/files/2025-05/Monthly%20Bulletin%20month%20of%20December%2C%202023.pdf
2023,12,Amm Sulphate,20000.0,https://fert.gov.in/sites/default/files/2025-05/Monthly%20Bulletin%20month%20of%20December%2C%202023.pdf
2023,12,Boronated 12-32-16,28500.0,https://fert.gov.in/sites/default/files/2025-05/Monthly%20Bulletin%20month%20of%20December%2C%202023.pdf
2023,12,DAP,27000.0,https://fert.gov.in/sites/default/files/2025-05/Monthly%20Bulletin%20month%20of%20December%2C%202023.pdf
2023,12,FOM,8422.64,https://fert.gov.in/sites/default/files/2025-05/Monthly%20Bulletin%20month%20of%20December%2C%202023.pdf
2023,12,Imported 10-26-26,31112.46,https://fert.gov.in/sites/default/files/2025-05/Monthly%20Bulletin%20month%20of%20December%2C%202023.pdf
2023,12,Imported 12-32-16,31617.07,https://fert.gov.in/sites/default/files/2025-05/Monthly%20Bulletin%20month%20of%20December%2C%202023.pdf
2023,12,Imported 15-15-15,29381.29,https://fert.gov.in/sites/default/files/2025-05/Monthly%20Bulletin%20month%20of%20December%2C%202023.pdf
2023,12,Imported 15-15-15-9,29046.63,https://fert.gov.in/sites/default/files/2025-05/Monthly%20Bulletin%20month%20of%20December%2C%202023.pdf
2023,12,Imported 16-16-16,26542.93,https://fert.gov.in/sites/default/files/2025-05/Monthly%20Bulletin%20month%20of%20December%2C%202023.pdf
2023,12,Imported 16-20-0-13,28985.55,https://fert.gov.in/sites/default/files/2025-05/Monthly%20Bulletin%20month%20of%20December%2C%202023.pdf
2023,12,Imported 20-20-0-13,26260.23,https://fert.gov.in/sites/default/files/2025-05/Monthly%20Bulletin%20month%20of%20December%2C%202023.pdf
2023,12,Imported DAP,27000.0,https://fert.gov.in/sites/default/files/2025-05/Monthly%20Bulletin%20month%20of%20December%2C%202023.pdf
2023,12,Imported MAP,34000.0,https://fert.gov.in/sites/default/files/2025-05/Monthly%20Bulletin%20month%20of%20December%2C%202023.pdf
2023,12,LFOM,11763.04,https://fert.gov.in/sites/default/files/2025-05/Monthly%20Bulletin%20month%20of%20December%2C%202023.pdf
2023,12,MOP,33342.52,https://fert.gov.in/sites/default/files/2025-05/Monthly%20Bulletin%20month%20of%20December%2C%202023.pdf
2023,12,PROM,17600.0,https://fert.gov.in/sites/default/files/2025-05/Monthly%20Bulletin%20month%20of%20December%2C%202023.pdf
2023,12,SSP-Boronated,13224.52,https://fert.gov.in/sites/default/files/2025-05/Monthly%20Bulletin%20month%20of%20December%2C%202023.pdf
2023,12,SSP-Granular,12131.8,https://fert.gov.in/sites/default/files/2025-05/Monthly%20Bulletin%20month%20of%20December%2C%202023.pdf
2023,12,SSP-Powdered,11570.21,https://fert.gov.in/sites/default/files/2025-05/Monthly%20Bulletin%20month%20of%20December%2C%202023.pdf
2023,12,SSP-Zincated(Granular),12968.82,https://fert.gov.in/sites/default/files/2025-05/Monthly%20Bulletin%20month%20of%20December%2C%202023.pdf
2023,12,SSP-Zincated(Powder),12103.3,https://fert.gov.in/sites/default/files/2025-05/Monthly%20Bulletin%20month%20of%20December%2C%202023.pdf
2023,12,SSP-Zincated-Boronated(Granular),15147.05,https://fert.gov.in/sites/default/files/2025-05/Monthly%20Bulletin%20month%20of%20December%2C%202023.pdf
2023,12,Urea,5360.0,https://fert.gov.in/sites/default/files/2025-05/Monthly%20Bulletin%20month%20of%20December%2C%202023.pdf
2023,12,Zinc and Boron NPK 8-21-21(40 Kg),45000.0,https://fert.gov.in/sites/default/files/2025-05/Monthly%20Bulletin%20month%20of%20December%2C%202023.pdf
2023,12,Zinc and Boron NPK 9-24-24(40Kg),47500.0,https://fert.gov.in/sites/default/files/2025-05/Monthly%20Bulletin%20month%20of%20December%2C%202023.pdf
2023,12,Zincated 10-26-26,30000.0,https://fert.gov.in/sites/default/files/2025-05/Monthly%20Bulletin%20month%20of%20December%2C%202023.pdf
2023,12,Zincated 12-32-16,28500.0,https://fert.gov.in/sites/default/files/2025-05/Monthly%20Bulletin%20month%20of%20December%2C%202023.pdf
2023,12,Zincated 20-20-0-13,27725.49,https://fert.gov.in/sites/default/files/2025-05/Monthly%20Bulletin%20month%20of%20December%2C%202023.pdf
2023,12,Zincated NPK 14-35-14,32000.0,https://fert.gov.in/sites/default/files/2025-05/Monthly%20Bulletin%20month%20of%20December%2C%202023.pdf
2024,1,10-26-26,29400.0,https://fert.gov.in/sites/default/files/2025-05/Monthly%20Bulletin%20month%20of%20January%2C%202024.pdf
2024,1,12-32-16,29520.4,https://fert.gov.in/sites/default/files/2025-05/Monthly%20Bulletin%20month%20of%20January%2C%202024.pdf
2024,1,14-28-0-0,30964.29,https://fert.gov.in/sites/default/files/2025-05/Monthly%20Bulletin%20month%20of%20January%2C%202024.pdf
2024,1,14-35-14,31546.67,https://fert.gov.in/sites/default/files/2025-05/Monthly%20Bulletin%20month%20of%20January%2C%202024.pdf
2024,1,15-15-15,29367.44,https://fert.gov.in/sites/default/files/2025-05/Monthly%20Bulletin%20month%20of%20January%2C%202024.pdf
2024,1,15-15-15-9,29002.34,https://fert.gov.in/sites/default/files/2025-05/Monthly%20Bulletin%20month%20of%20January%2C%202024.pdf
2024,1,16-20-0-13,25611.07,https://fert.gov.in/sites/default/files/2025-05/Monthly%20Bulletin%20month%20of%20January%2C%202024.pdf
2024,1,17-17-17,25000.0,https://fert.gov.in/sites/default/files/2025-05/Monthly%20Bulletin%20month%20of%20January%2C%202024.pdf
2024,1,19-19-19,31000.0,https://fert.gov.in/sites/default/files/2025-05/Monthly%20Bulletin%20month%20of%20January%2C%202024.pdf
2024,1,20-20-0,23656.34,https://fert.gov.in/sites/default/files/2025-05/Monthly%20Bulletin%20month%20of%20January%2C%202024.pdf
2024,1,20-20-0-13,26379.8,https://fert.gov.in/sites/default/files/2025-05/Monthly%20Bulletin%20month%20of%20January%2C%202024.pdf
2024,1,24-24-0,34000.0,https://fert.gov.in/sites/default/files/2025-05/Monthly%20Bulletin%20month%20of%20January%2C%202024.pdf
2024,1,24-24-0-8,31523.81,https://fert.gov.in/sites/default/files/2025-05/Monthly%20Bulletin%20month%20of%20January%2C%202024.pdf
2024,1,28-28-0,31866.67,https://fert.gov.in/sites/default/files/2025-05/Monthly%20Bulletin%20month%20of%20January%2C%202024.pdf
2024,1,Amm Sulphate,20000.0,https://fert.gov.in/sites/default/files/2025-05/Monthly%20Bulletin%20month%20of%20January%2C%202024.pdf
2024,1,DAP,26999.78,https://fert.gov.in/sites/default/files/2025-05/Monthly%20Bulletin%20month%20of%20January%2C%202024.pdf
2024,1,FOM,9441.69,https://fert.gov.in/sites/default/files/2025-05/Monthly%20Bulletin%20month%20of%20January%2C%202024.pdf
2024,1,Imported 10-26-26,29738.66,https://fert.gov.in/sites/default/files/2025-05/Monthly%20Bulletin%20month%20of%20January%2C%202024.pdf
2024,1,Imported 12-32-16,31793.21,https://fert.gov.in/sites/default/files/2025-05/Monthly%20Bulletin%20month%20of%20January%2C%202024.pdf
2024,1,Imported 15-15-15,29257.78,https://fert.gov.in/sites/default/files/2025-05/Monthly%20Bulletin%20month%20of%20January%2C%202024.pdf
2024,1,Imported 15-15-15-9,29048.0,https://fert.gov.in/sites/default/files/2025-05/Monthly%20Bulletin%20month%20of%20January%2C%202024.pdf
2024,1,Imported 16-16-16,26390.24,https://fert.gov.in/sites/default/files/2025-05/Monthly%20Bulletin%20month%20of%20January%2C%202024.pdf
2024,1,Imported 16-20-0-13,28982.97,https://fert.gov.in/sites/default/files/2025-05/Monthly%20Bulletin%20month%20of%20January%2C%202024.pdf
2024,1,Imported 20-20-0-13,26176.29,https://fert.gov.in/sites/default/files/2025-05/Monthly%20Bulletin%20month%20of%20January%2C%202024.pdf
2024,1,Imported DAP,27000.0,https://fert.gov.in/sites/default/files/2025-05/Monthly%20Bulletin%20month%20of%20January%2C%202024.pdf
2024,1,Imported MAP,34000.0,https://fert.gov.in/sites/default/files/2025-05/Monthly%20Bulletin%20month%20of%20January%2C%202024.pdf
2024,1,LFOM,8027.0,https://fert.gov.in/sites/default/files/2025-05/Monthly%20Bulletin%20month%20of%20January%2C%202024.pdf
2024,1,MOP,33624.02,https://fert.gov.in/sites/default/files/2025-05/Monthly%20Bulletin%20month%20of%20January%2C%202024.pdf
2024,1,PROM,17600.0,https://fert.gov.in/sites/default/files/2025-05/Monthly%20Bulletin%20month%20of%20January%2C%202024.pdf
2024,1,SSP-Boronated,12994.15,https://fert.gov.in/sites/default/files/2025-05/Monthly%20Bulletin%20month%20of%20January%2C%202024.pdf
2024,1,SSP-Granular,11986.5,https://fert.gov.in/sites/default/files/2025-05/Monthly%20Bulletin%20month%20of%20January%2C%202024.pdf
2024,1,SSP-Powdered,11528.82,https://fert.gov.in/sites/default/files/2025-05/Monthly%20Bulletin%20month%20of%20January%2C%202024.pdf
2024,1,SSP-Zincated(Granular),12811.51,https://fert.gov.in/sites/default/files/2025-05/Monthly%20Bulletin%20month%20of%20January%2C%202024.pdf
2024,1,SSP-Zincated(Powder),12051.09,https://fert.gov.in/sites/default/files/2025-05/Monthly%20Bulletin%20month%20of%20January%2C%202024.pdf
2024,1,SSP-Zincated-Boronated(Granular),14926.38,https://fert.gov.in/sites/default/files/2025-05/Monthly%20Bulletin%20month%20of%20January%2C%202024.pdf
2024,1,Urea,5360.0,https://fert.gov.in/sites/default/files/2025-05/Monthly%20Bulletin%20month%20of%20January%2C%202024.pdf
2024,1,Zinc and Boron NPK 8-21-21(40 Kg),45000.0,https://fert.gov.in/sites/default/files/2025-05/Monthly%20Bulletin%20month%20of%20January%2C%202024.pdf
2024,1,Zinc and Boron NPK 9-24-24(40Kg),47500.0,https://fert.gov.in/sites/default/files/2025-05/Monthly%20Bulletin%20month%20of%20January%2C%202024.pdf
2024,1,Zincated 10-26-26,30000.0,https://fert.gov.in/sites/default/files/2025-05/Monthly%20Bulletin%20month%20of%20January%2C%202024.pdf
2024,1,Zincated 20-20-0-13,27956.14,https://fert.gov.in/sites/default/files/2025-05/Monthly%20Bulletin%20month%20of%20January%2C%202024.pdf
2024,1,Zincated NPK 14-35-14,32000.0,https://fert.gov.in/sites/default/files/2025-05/Monthly%20Bulletin%20month%20of%20January%2C%202024.pdf
2024,2,10-26-26,29400.0,https://fert.gov.in/sites/default/files/2025-05/Monthly%20Bulletin%20month%20of%20February%202024.pdf
2024,2,12-32-16,29400.0,https://fert.gov.in/sites/default/files/2025-05/Monthly%20Bulletin%20month%20of%20February%202024.pdf
2024,2,14-28-0-0,28000.0,https://fert.gov.in/sites/default/files/2025-05/Monthly%20Bulletin%20month%20of%20February%202024.pdf
2024,2,14-28-14,34000.0,https://fert.gov.in/sites/default/files/2025-05/Monthly%20Bulletin%20month%20of%20February%202024.pdf
2024,2,14-35-14,33200.0,https://fert.gov.in/sites/default/files/2025-05/Monthly%20Bulletin%20month%20of%20February%202024.pdf
2024,2,15-15-15,29400.0,https://fert.gov.in/sites/default/files/2025-05/Monthly%20Bulletin%20month%20of%20February%202024.pdf
2024,2,15-15-15-9,29027.43,https://fert.gov.in/sites/default/files/2025-05/Monthly%20Bulletin%20month%20of%20February%202024.pdf
2024,2,16-20-0-13,24750.0,https://fert.gov.in/sites/default/files/2025-05/Monthly%20Bulletin%20month%20of%20February%202024.pdf
2024,2,17-17-17,25000.0,https://fert.gov.in/sites/default/files/2025-05/Monthly%20Bulletin%20month%20of%20February%202024.pdf
2024,2,19-19-19,33000.0,https://fert.gov.in/sites/default/files/2025-05/Monthly%20Bulletin%20month%20of%20February%202024.pdf
2024,2,20-20-0,24385.51,https://fert.gov.in/sites/default/files/2025-05/Monthly%20Bulletin%20month%20of%20February%202024.pdf
2024,2,20-20-0-13,26005.62,https://fert.gov.in/sites/default/files/2025-05/Monthly%20Bulletin%20month%20of%20February%202024.pdf
2024,2,24-24-0,33983.05,https://fert.gov.in/sites/default/files/2025-05/Monthly%20Bulletin%20month%20of%20February%202024.pdf
2024,2,24-24-0-8,34000.0,https://fert.gov.in/sites/default/files/2025-05/Monthly%20Bulletin%20month%20of%20February%202024.pdf
2024,2,28-28-0,34036.71,https://fert.gov.in/sites/default/files/2025-05/Monthly%20Bulletin%20month%20of%20February%202024.pdf
2024,2,Amm Sulphate,20000.0,https://fert.gov.in/sites/default/files/2025-05/Monthly%20Bulletin%20month%20of%20February%202024.pdf
2024,2,DAP,27000.0,https://fert.gov.in/sites/default/files/2025-05/Monthly%20Bulletin%20month%20of%20February%202024.pdf
2024,2,FOM,13302.69,https://fert.gov.in/sites/default/files/2025-05/Monthly%20Bulletin%20month%20of%20February%202024.pdf
2024,2,Imported 10-26-26,29358.65,https://fert.gov.in/sites/default/files/2025-05/Monthly%20Bulletin%20month%20of%20February%202024.pdf
2024,2,Imported 12-32-16,27655.41,https://fert.gov.in/sites/default/files/2025-05/Monthly%20Bulletin%20month%20of%20February%202024.pdf
2024,2,Imported 15-15-15,29400.0,https://fert.gov.in/sites/default/files/2025-05/Monthly%20Bulletin%20month%20of%20February%202024.pdf
2024,2,Imported 15-15-15-9,29048.0,https://fert.gov.in/sites/default/files/2025-05/Monthly%20Bulletin%20month%20of%20February%202024.pdf
2024,2,Imported 16-16-16,28000.0,https://fert.gov.in/sites/default/files/2025-05/Monthly%20Bulletin%20month%20of%20February%202024.pdf
2024,2,Imported 16-20-0-13,28990.24,https://fert.gov.in/sites/default/files/2025-05/Monthly%20Bulletin%20month%20of%20February%202024.pdf
2024,2,Imported 20-20-0-13,25717.6,https://fert.gov.in/sites/default/files/2025-05/Monthly%20Bulletin%20month%20of%20February%202024.pdf
2024,2,Imported DAP,27000.85,https://fert.gov.in/sites/default/files/2025-05/Monthly%20Bulletin%20month%20of%20February%202024.pdf
2024,2,Imported MAP,34000.0,https://fert.gov.in/sites/default/files/2025-05/Monthly%20Bulletin%20month%20of%20February%202024.pdf
2024,2,LFOM,11470.7,https://fert.gov.in/sites/default/files/2025-05/Monthly%20Bulletin%20month%20of%20February%202024.pdf
2024,2,MOP,32888.06,https://fert.gov.in/sites/default/files/2025-05/Monthly%20Bulletin%20month%20of%20February%202024.pdf
2024,2,PROM,16341.67,https://fert.gov.in/sites/default/files/2025-05/Monthly%20Bulletin%20month%20of%20February%202024.pdf
2024,2,SSP-Boronated,12914.02,https://fert.gov.in/sites/default/files/2025-05/Monthly%20Bulletin%20month%20of%20February%202024.pdf
2024,2,SSP-Granular,11680.78,https://fert.gov.in/sites/default/files/2025-05/Monthly%20Bulletin%20month%20of%20February%202024.pdf
2024,2,SSP-Powdered,11163.2,https://fert.gov.in/sites/default/files/2025-05/Monthly%20Bulletin%20month%20of%20February%202024.pdf
2024,2,SSP-Zincated(Granular),12342.33,https://fert.gov.in/sites/default/files/2025-05/Monthly%20Bulletin%20month%20of%20February%202024.pdf
2024,2,SSP-Zincated(Powder),11583.95,https://fert.gov.in/sites/default/files/2025-05/Monthly%20Bulletin%20month%20of%20February%202024.pdf
2024,2,SSP-Zincated-Boronated(Granular),14152.16,https://fert.gov.in/sites/default/files/2025-05/Monthly%20Bulletin%20month%20of%20February%202024.pdf
2024,2,Urea,5360.0,https://fert.gov.in/sites/default/files/2025-05/Monthly%20Bulletin%20month%20of%20February%202024.pdf
2024,2,Zinc and Boron NPK 8-21-21(40 Kg),45000.0,https://fert.gov.in/sites/default/files/2025-05/Monthly%20Bulletin%20month%20of%20February%202024.pdf
2024,2,Zinc and Boron NPK 9-24-24(40Kg),47500.0,https://fert.gov.in/sites/default/files/2025-05/Monthly%20Bulletin%20month%20of%20February%202024.pdf
2024,2,Zincated 10-26-26,30000.0,https://fert.gov.in/sites/default/files/2025-05/Monthly%20Bulletin%20month%20of%20February%202024.pdf
2024,2,Zincated 20-20-0-13,24695.05,https://fert.gov.in/sites/default/files/2025-05/Monthly%20Bulletin%20month%20of%20February%202024.pdf
2024,2,Zincated NPK 14-35-14,32000.0,https://fert.gov.in/sites/default/files/2025-05/Monthly%20Bulletin%20month%20of%20February%202024.pdf
2024,3,10-26-26,29400.0,https://fert.gov.in/sites/default/files/2025-05/Monthly%20Bulletin%20for%20the%20month%20of%20March%2C%202024.pdf
2024,3,12-32-16,29400.0,https://fert.gov.in/sites/default/files/2025-05/Monthly%20Bulletin%20for%20the%20month%20of%20March%2C%202024.pdf
2024,3,14-28-0-0,27000.0,https://fert.gov.in/sites/default/files/2025-05/Monthly%20Bulletin%20for%20the%20month%20of%20March%2C%202024.pdf
2024,3,14-28-14,33000.0,https://fert.gov.in/sites/default/files/2025-05/Monthly%20Bulletin%20for%20the%20month%20of%20March%2C%202024.pdf
2024,3,14-35-14,33212.42,https://fert.gov.in/sites/default/files/2025-05/Monthly%20Bulletin%20for%20the%20month%20of%20March%2C%202024.pdf
2024,3,15-15-15,29400.0,https://fert.gov.in/sites/default/files/2025-05/Monthly%20Bulletin%20for%20the%20month%20of%20March%2C%202024.pdf
2024,3,15-15-15-9,29008.26,https://fert.gov.in/sites/default/files/2025-05/Monthly%20Bulletin%20for%20the%20month%20of%20March%2C%202024.pdf
2024,3,16-20-0-13,24775.54,https://fert.gov.in/sites/default/files/2025-05/Monthly%20Bulletin%20for%20the%20month%20of%20March%2C%202024.pdf
2024,3,17-17-17,25000.0,https://fert.gov.in/sites/default/files/2025-05/Monthly%20Bulletin%20for%20the%20month%20of%20March%2C%202024.pdf
2024,3,19-19-19,33000.0,https://fert.gov.in/sites/default/files/2025-05/Monthly%20Bulletin%20for%20the%20month%20of%20March%2C%202024.pdf
2024,3,20-20-0,24385.51,https://fert.gov.in/sites/default/files/2025-05/Monthly%20Bulletin%20for%20the%20month%20of%20March%2C%202024.pdf
2024,3,20-20-0-13,25939.76,https://fert.gov.in/sites/default/files/2025-05/Monthly%20Bulletin%20for%20the%20month%20of%20March%2C%202024.pdf
2024,3,24-24-0,34000.0,https://fert.gov.in/sites/default/files/2025-05/Monthly%20Bulletin%20for%20the%20month%20of%20March%2C%202024.pdf
2024,3,24-24-0-8,34000.0,https://fert.gov.in/sites/default/files/2025-05/Monthly%20Bulletin%20for%20the%20month%20of%20March%2C%202024.pdf
2024,3,28-28-0,34002.29,https://fert.gov.in/sites/default/files/2025-05/Monthly%20Bulletin%20for%20the%20month%20of%20March%2C%202024.pdf
2024,3,Amm Sulphate,20000.0,https://fert.gov.in/sites/default/files/2025-05/Monthly%20Bulletin%20for%20the%20month%20of%20March%2C%202024.pdf
2024,3,DAP,27000.0,https://fert.gov.in/sites/default/files/2025-05/Monthly%20Bulletin%20for%20the%20month%20of%20March%2C%202024.pdf
2024,3,FOM,7741.83,https://fert.gov.in/sites/default/files/2025-05/Monthly%20Bulletin%20for%20the%20month%20of%20March%2C%202024.pdf
2024,3,Imported 10-26-26,29372.39,https://fert.gov.in/sites/default/files/2025-05/Monthly%20Bulletin%20for%20the%20month%20of%20March%2C%202024.pdf
2024,3,Imported 12-32-16,28297.35,https://fert.gov.in/sites/default/files/2025-05/Monthly%20Bulletin%20for%20the%20month%20of%20March%2C%202024.pdf
2024,3,Imported 15-15-15,29400.0,https://fert.gov.in/sites/default/files/2025-05/Monthly%20Bulletin%20for%20the%20month%20of%20March%2C%202024.pdf
2024,3,Imported 15-15-15-9,29049.4,https://fert.gov.in/sites/default/files/2025-05/Monthly%20Bulletin%20for%20the%20month%20of%20March%2C%202024.pdf
2024,3,Imported 16-16-16,28000.0,https://fert.gov.in/sites/default/files/2025-05/Monthly%20Bulletin%20for%20the%20month%20of%20March%2C%202024.pdf
2024,3,Imported 16-20-0-13,28990.24,https://fert.gov.in/sites/default/files/2025-05/Monthly%20Bulletin%20for%20the%20month%20of%20March%2C%202024.pdf
2024,3,Imported 20-20-0-13,25700.38,https://fert.gov.in/sites/default/files/2025-05/Monthly%20Bulletin%20for%20the%20month%20of%20March%2C%202024.pdf
2024,3,Imported DAP,27000.0,https://fert.gov.in/sites/default/files/2025-05/Monthly%20Bulletin%20for%20the%20month%20of%20March%2C%202024.pdf
2024,3,Imported MAP,34000.0,https://fert.gov.in/sites/default/files/2025-05/Monthly%20Bulletin%20for%20the%20month%20of%20March%2C%202024.pdf
2024,3,LFOM,4982.48,https://fert.gov.in/sites/default/files/2025-05/Monthly%20Bulletin%20for%20the%20month%20of%20March%2C%202024.pdf
2024,3,MOP,32889.98,https://fert.gov.in/sites/default/files/2025-05/Monthly%20Bulletin%20for%20the%20month%20of%20March%2C%202024.pdf
2024,3,PROM,17600.0,https://fert.gov.in/sites/default/files/2025-05/Monthly%20Bulletin%20for%20the%20month%20of%20March%2C%202024.pdf
2024,3,SSP-Boronated,12793.52,https://fert.gov.in/sites/default/files/2025-05/Monthly%20Bulletin%20for%20the%20month%20of%20March%2C%202024.pdf
2024,3,SSP-Granular,11633.37,https://fert.gov.in/sites/default/files/2025-05/Monthly%20Bulletin%20for%20the%20month%20of%20March%2C%202024.pdf
2024,3,SSP-Powdered,11016.27,https://fert.gov.in/sites/default/files/2025-05/Monthly%20Bulletin%20for%20the%20month%20of%20March%2C%202024.pdf
2024,3,SSP-Zincated(Granular),12184.68,https://fert.gov.in/sites/default/files/2025-05/Monthly%20Bulletin%20for%20the%20month%20of%20March%2C%202024.pdf
2024,3,SSP-Zincated(Powder),11409.69,https://fert.gov.in/sites/default/files/2025-05/Monthly%20Bulletin%20for%20the%20month%20of%20March%2C%202024.pdf
2024,3,SSP-Zincated-Boronated(Granular),13934.34,https://fert.gov.in/sites/default/files/2025-05/Monthly%20Bulletin%20for%20the%20month%20of%20March%2C%202024.pdf
2024,3,Urea,5360.0,https://fert.gov.in/sites/default/files/2025-05/Monthly%20Bulletin%20for%20the%20month%20of%20March%2C%202024.pdf
2024,3,Zinc and Boron NPK 8-21-21(40 Kg),45000.0,https://fert.gov.in/sites/default/files/2025-05/Monthly%20Bulletin%20for%20the%20month%20of%20March%2C%202024.pdf
2024,3,Zinc and Boron NPK 9-24-24(40Kg),47500.0,https://fert.gov.in/sites/default/files/2025-05/Monthly%20Bulletin%20for%20the%20month%20of%20March%2C%202024.pdf
2024,3,Zincated 10-26-26,30000.0,https://fert.gov.in/sites/default/files/2025-05/Monthly%20Bulletin%20for%20the%20month%20of%20March%2C%202024.pdf
2024,3,Zincated 20-20-0-13,24418.78,https://fert.gov.in/sites/default/files/2025-05/Monthly%20Bulletin%20for%20the%20month%20of%20March%2C%202024.pdf
2024,3,Zincated NPK 14-35-14,32000.0,https://fert.gov.in/sites/default/files/2025-05/Monthly%20Bulletin%20for%20the%20month%20of%20March%2C%202024.pdf
2024,4,10-26-26,29400.0,https://fert.gov.in/sites/default/files/2025-05/Monthly%20Bulletin%20month%20of%20April%2C%202024.pdf
2024,4,12-32-16,29400.0,https://fert.gov.in/sites/default/files/2025-05/Monthly%20Bulletin%20month%20of%20April%2C%202024.pdf
2024,4,14-28-0-0,27000.0,https://fert.gov.in/sites/default/files/2025-05/Monthly%20Bulletin%20month%20of%20April%2C%202024.pdf
2024,4,14-28-14,32733.33,https://fert.gov.in/sites/default/files/2025-05/Monthly%20Bulletin%20month%20of%20April%2C%202024.pdf
2024,4,14-35-14,33211.1,https://fert.gov.in/sites/default/files/2025-05/Monthly%20Bulletin%20month%20of%20April%2C%202024.pdf
2024,4,15-15-15,29400.0,https://fert.gov.in/sites/default/files/2025-05/Monthly%20Bulletin%20month%20of%20April%2C%202024.pdf
2024,4,15-15-15-9,29000.35,https://fert.gov.in/sites/default/files/2025-05/Monthly%20Bulletin%20month%20of%20April%2C%202024.pdf
2024,4,16-20-0-13,24750.0,https://fert.gov.in/sites/default/files/2025-05/Monthly%20Bulletin%20month%20of%20April%2C%202024.pdf
2024,4,17-17-17,25000.0,https://fert.gov.in/sites/default/files/2025-05/Monthly%20Bulletin%20month%20of%20April%2C%202024.pdf
2024,4,19-19-19,33000.0,https://fert.gov.in/sites/default/files/2025-05/Monthly%20Bulletin%20month%20of%20April%2C%202024.pdf
2024,4,20-20-0,24408.38,https://fert.gov.in/sites/default/files/2025-05/Monthly%20Bulletin%20month%20of%20April%2C%202024.pdf
2024,4,20-20-0-13,25929.27,https://fert.gov.in/sites/default/files/2025-05/Monthly%20Bulletin%20month%20of%20April%2C%202024.pdf
2024,4,24-24-0,34000.0,https://fert.gov.in/sites/default/files/2025-05/Monthly%20Bulletin%20month%20of%20April%2C%202024.pdf
2024,4,24-24-0-8,34000.0,https://fert.gov.in/sites/default/files/2025-05/Monthly%20Bulletin%20month%20of%20April%2C%202024.pdf
2024,4,28-28-0,34000.0,https://fert.gov.in/sites/default/files/2025-05/Monthly%20Bulletin%20month%20of%20April%2C%202024.pdf
2024,4,Amm Sulphate,20000.0,https://fert.gov.in/sites/default/files/2025-05/Monthly%20Bulletin%20month%20of%20April%2C%202024.pdf
2024,4,DAP,27000.0,https://fert.gov.in/sites/default/files/2025-05/Monthly%20Bulletin%20month%20of%20April%2C%202024.pdf
2024,4,FOM,7637.5,https://fert.gov.in/sites/default/files/2025-05/Monthly%20Bulletin%20month%20of%20April%2C%202024.pdf
2024,4,Imported 10-26-26,29369.03,https://fert.gov.in/sites/default/files/2025-05/Monthly%20Bulletin%20month%20of%20April%2C%202024.pdf
2024,4,Imported 12-32-16,28220.69,https://fert.gov.in/sites/default/files/2025-05/Monthly%20Bulletin%20month%20of%20April%2C%202024.pdf
2024,4,Imported 15-15-15,29400.0,https://fert.gov.in/sites/default/files/2025-05/Monthly%20Bulletin%20month%20of%20April%2C%202024.pdf
2024,4,Imported 15-15-15-9,29048.0,https://fert.gov.in/sites/default/files/2025-05/Monthly%20Bulletin%20month%20of%20April%2C%202024.pdf
2024,4,Imported 16-16-16,27500.0,https://fert.gov.in/sites/default/files/2025-05/Monthly%20Bulletin%20month%20of%20April%2C%202024.pdf
2024,4,Imported 16-20-0-13,29041.03,https://fert.gov.in/sites/default/files/2025-05/Monthly%20Bulletin%20month%20of%20April%2C%202024.pdf
2024,4,Imported 20-20-0-13,25741.1,https://fert.gov.in/sites/default/files/2025-05/Monthly%20Bulletin%20month%20of%20April%2C%202024.pdf
2024,4,Imported DAP,27000.0,https://fert.gov.in/sites/default/files/2025-05/Monthly%20Bulletin%20month%20of%20April%2C%202024.pdf
2024,4,Imported MAP,34000.0,https://fert.gov.in/sites/default/files/2025-05/Monthly%20Bulletin%20month%20of%20April%2C%202024.pdf
2024,4,LFOM,2214.19,https://fert.gov.in/sites/default/files/2025-05/Monthly%20Bulletin%20month%20of%20April%2C%202024.pdf
2024,4,MOP,32934.77,https://fert.gov.in/sites/default/files/2025-05/Monthly%20Bulletin%20month%20of%20April%2C%202024.pdf
2024,4,"NPK 11-30-14 (Mg , Zn , B, S) (40kg)",45000.0,https://fert.gov.in/sites/default/files/2025-05/Monthly%20Bulletin%20month%20of%20April%2C%202024.pdf
2024,4,PROM,15000.0,https://fert.gov.in/sites/default/files/2025-05/Monthly%20Bulletin%20month%20of%20April%2C%202024.pdf
2024,4,SSP-Boronated,12090.8,https://fert.gov.in/sites/default/files/2025-05/Monthly%20Bulletin%20month%20of%20April%2C%202024.pdf
2024,4,"SSP-G (Mg,Zn, Bo)",14209.09,https://fert.gov.in/sites/default/files/2025-05/Monthly%20Bulletin%20month%20of%20April%2C%202024.pdf
2024,4,SSP-Granular,11207.36,https://fert.gov.in/sites/default/files/2025-05/Monthly%20Bulletin%20month%20of%20April%2C%202024.pdf
2024,4,SSP-Powdered,10519.84,https://fert.gov.in/sites/default/files/2025-05/Monthly%20Bulletin%20month%20of%20April%2C%202024.pdf
2024,4,SSP-Zincated(Granular),11692.13,https://fert.gov.in/sites/default/files/2025-05/Monthly%20Bulletin%20month%20of%20April%2C%202024.pdf
2024,4,SSP-Zincated(Powder),10974.94,https://fert.gov.in/sites/default/files/2025-05/Monthly%20Bulletin%20month%20of%20April%2C%202024.pdf
2024,4,SSP-Zincated-Boronated(Granular),13481.48,https://fert.gov.in/sites/default/files/2025-05/Monthly%20Bulletin%20month%20of%20April%2C%202024.pdf
2024,4,TSP,25000.0,https://fert.gov.in/sites/default/files/2025-05/Monthly%20Bulletin%20month%20of%20April%2C%202024.pdf
2024,4,Urea,5360.0,https://fert.gov.in/sites/default/files/2025-05/Monthly%20Bulletin%20month%20of%20April%2C%202024.pdf
2024,4,Zinc and Boron NPK 8-21-21(40 Kg),45000.0,https://fert.gov.in/sites/default/files/2025-05/Monthly%20Bulletin%20month%20of%20April%2C%202024.pdf
2024,4,Zinc and Boron NPK 9-24-24(40Kg),47500.0,https://fert.gov.in/sites/default/files/2025-05/Monthly%20Bulletin%20month%20of%20April%2C%202024.pdf
2024,4,Zincated 10-26-26,30000.0,https://fert.gov.in/sites/default/files/2025-05/Monthly%20Bulletin%20month%20of%20April%2C%202024.pdf
2024,4,Zincated 20-20-0-13,24652.63,https://fert.gov.in/sites/default/files/2025-05/Monthly%20Bulletin%20month%20of%20April%2C%202024.pdf
2024,4,Zincated NPK 14-35-14,32000.0,https://fert.gov.in/sites/default/files/2025-05/Monthly%20Bulletin%20month%20of%20April%2C%202024.pdf
2024,5,10-26-26,29400.0,https://fert.gov.in/sites/default/files/2025-05/Monthly%20Bulletin%20month%20of%20May%2C%202024.pdf
2024,5,12-32-16,29400.0,https://fert.gov.in/sites/default/files/2025-05/Monthly%20Bulletin%20month%20of%20May%2C%202024.pdf
2024,5,14-28-0-0,26661.29,https://fert.gov.in/sites/default/files/2025-05/Monthly%20Bulletin%20month%20of%20May%2C%202024.pdf
2024,5,14-28-14,31400.0,https://fert.gov.in/sites/default/files/2025-05/Monthly%20Bulletin%20month%20of%20May%2C%202024.pdf
2024,5,14-35-14,33204.56,https://fert.gov.in/sites/default/files/2025-05/Monthly%20Bulletin%20month%20of%20May%2C%202024.pdf
2024,5,15-15-15,29400.0,https://fert.gov.in/sites/default/files/2025-05/Monthly%20Bulletin%20month%20of%20May%2C%202024.pdf
2024,5,15-15-15-9,29000.0,https://fert.gov.in/sites/default/files/2025-05/Monthly%20Bulletin%20month%20of%20May%2C%202024.pdf
2024,5,16-20-0-13,24721.4,https://fert.gov.in/sites/default/files/2025-05/Monthly%20Bulletin%20month%20of%20May%2C%202024.pdf
2024,5,17-17-17,25000.0,https://fert.gov.in/sites/default/files/2025-05/Monthly%20Bulletin%20month%20of%20May%2C%202024.pdf
2024,5,19-19-19,33000.0,https://fert.gov.in/sites/default/files/2025-05/Monthly%20Bulletin%20month%20of%20May%2C%202024.pdf
2024,5,20-20-0,24385.51,https://fert.gov.in/sites/default/files/2025-05/Monthly%20Bulletin%20month%20of%20May%2C%202024.pdf
2024,5,20-20-0-13,25524.17,https://fert.gov.in/sites/default/files/2025-05/Monthly%20Bulletin%20month%20of%20May%2C%202024.pdf
2024,5,24-24-0,34000.0,https://fert.gov.in/sites/default/files/2025-05/Monthly%20Bulletin%20month%20of%20May%2C%202024.pdf
2024,5,24-24-0-8,34000.0,https://fert.gov.in/sites/default/files/2025-05/Monthly%20Bulletin%20month%20of%20May%2C%202024.pdf
2024,5,28-28-0,34000.0,https://fert.gov.in/sites/default/files/2025-05/Monthly%20Bulletin%20month%20of%20May%2C%202024.pdf
2024,5,Amm Sulphate,19771.36,https://fert.gov.in/sites/default/files/2025-05/Monthly%20Bulletin%20month%20of%20May%2C%202024.pdf
2024,5,DAP,27000.0,https://fert.gov.in/sites/default/files/2025-05/Monthly%20Bulletin%20month%20of%20May%2C%202024.pdf
2024,5,FOM,8618.99,https://fert.gov.in/sites/default/files/2025-05/Monthly%20Bulletin%20month%20of%20May%2C%202024.pdf
2024,5,Imported 10-26-26,29369.04,https://fert.gov.in/sites/default/files/2025-05/Monthly%20Bulletin%20month%20of%20May%2C%202024.pdf
2024,5,Imported 12-32-16,28282.35,https://fert.gov.in/sites/default/files/2025-05/Monthly%20Bulletin%20month%20of%20May%2C%202024.pdf
2024,5,Imported 15-15-15,29299.14,https://fert.gov.in/sites/default/files/2025-05/Monthly%20Bulletin%20month%20of%20May%2C%202024.pdf
2024,5,Imported 15-15-15-9,29048.0,https://fert.gov.in/sites/default/files/2025-05/Monthly%20Bulletin%20month%20of%20May%2C%202024.pdf
2024,5,Imported 16-16-16,27500.0,https://fert.gov.in/sites/default/files/2025-05/Monthly%20Bulletin%20month%20of%20May%2C%202024.pdf
2024,5,Imported 16-20-0-13,29034.32,https://fert.gov.in/sites/default/files/2025-05/Monthly%20Bulletin%20month%20of%20May%2C%202024.pdf
2024,5,Imported 20-20-0-13,25703.69,https://fert.gov.in/sites/default/files/2025-05/Monthly%20Bulletin%20month%20of%20May%2C%202024.pdf
2024,5,Imported DAP,27001.0,https://fert.gov.in/sites/default/files/2025-05/Monthly%20Bulletin%20month%20of%20May%2C%202024.pdf
2024,5,Imported MAP,34000.0,https://fert.gov.in/sites/default/files/2025-05/Monthly%20Bulletin%20month%20of%20May%2C%202024.pdf
2024,5,LFOM,2023.81,https://fert.gov.in/sites/default/files/2025-05/Monthly%20Bulletin%20month%20of%20May%2C%202024.pdf
2024,5,MOP,32802.82,https://fert.gov.in/sites/default/files/2025-05/Monthly%20Bulletin%20month%20of%20May%2C%202024.pdf
2024,5,NPK 11-30-14 (Mg-Zn-B-S) (40kg),45000.0,https://fert.gov.in/sites/default/files/2025-05/Monthly%20Bulletin%20month%20of%20May%2C%202024.pdf
2024,5,"NPK 9-24-24 (Mg, Zn, S,B) (40 Kg)",47500.0,https://fert.gov.in/sites/default/files/2025-05/Monthly%20Bulletin%20month%20of%20May%2C%202024.pdf
2024,5,PROM,14820.0,https://fert.gov.in/sites/default/files/2025-05/Monthly%20Bulletin%20month%20of%20May%2C%202024.pdf
2024,5,SSP-Boronated,11850.26,https://fert.gov.in/sites/default/files/2025-05/Monthly%20Bulletin%20month%20of%20May%2C%202024.pdf
2024,5,"SSP-G (Mg,Zn, Bo)",14233.16,https://fert.gov.in/sites/default/files/2025-05/Monthly%20Bulletin%20month%20of%20May%2C%202024.pdf
2024,5,SSP-Granular,11031.98,https://fert.gov.in/sites/default/files/2025-05/Monthly%20Bulletin%20month%20of%20May%2C%202024.pdf
2024,5,SSP-Powdered,10293.11,https://fert.gov.in/sites/default/files/2025-05/Monthly%20Bulletin%20month%20of%20May%2C%202024.pdf
2024,5,SSP-Zincated(Granular),11402.62,https://fert.gov.in/sites/default/files/2025-05/Monthly%20Bulletin%20month%20of%20May%2C%202024.pdf
2024,5,SSP-Zincated(Powder),10695.42,https://fert.gov.in/sites/default/files/2025-05/Monthly%20Bulletin%20month%20of%20May%2C%202024.pdf
2024,5,SSP-Zincated-Boronated(Granular),13308.31,https://fert.gov.in/sites/default/files/2025-05/Monthly%20Bulletin%20month%20of%20May%2C%202024.pdf
2024,5,TSP,24058.82,https://fert.gov.in/sites/default/files/2025-05/Monthly%20Bulletin%20month%20of%20May%2C%202024.pdf
2024,5,Urea,5360.0,https://fert.gov.in/sites/default/files/2025-05/Monthly%20Bulletin%20month%20of%20May%2C%202024.pdf
2024,5,Zinc and Boron NPK 8-21-21(40 Kg),45000.0,https://fert.gov.in/sites/default/files/2025-05/Monthly%20Bulletin%20month%20of%20May%2C%202024.pdf
2024,5,Zinc and Boron NPK 9-24-24(40Kg),47500.0,https://fert.gov.in/sites/default/files/2025-05/Monthly%20Bulletin%20month%20of%20May%2C%202024.pdf
2024,5,Zincated 10-26-26,30000.0,https://fert.gov.in/sites/default/files/2025-05/Monthly%20Bulletin%20month%20of%20May%2C%202024.pdf
2024,5,Zincated 20-20-0-13,24645.74,https://fert.gov.in/sites/default/files/2025-05/Monthly%20Bulletin%20month%20of%20May%2C%202024.pdf
2024,5,Zincated NPK 14-35-14,32000.0,https://fert.gov.in/sites/default/files/2025-05/Monthly%20Bulletin%20month%20of%20May%2C%202024.pdf
2024,6,10-26-26,29930.12,https://fert.gov.in/sites/default/files/2025-05/Monthly%20Bulletin%20month%20of%20June%2C%202024.pdf
2024,6,12-32-16,29400.0,https://fert.gov.in/sites/default/files/2025-05/Monthly%20Bulletin%20month%20of%20June%2C%202024.pdf
2024,6,14-28-0-0,26500.0,https://fert.gov.in/sites/default/files/2025-05/Monthly%20Bulletin%20month%20of%20June%2C%202024.pdf
2024,6,14-28-14,30400.0,https://fert.gov.in/sites/default/files/2025-05/Monthly%20Bulletin%20month%20of%20June%2C%202024.pdf
2024,6,14-35-14,33202.95,https://fert.gov.in/sites/default/files/2025-05/Monthly%20Bulletin%20month%20of%20June%2C%202024.pdf
2024,6,15-15-15,29400.0,https://fert.gov.in/sites/default/files/2025-05/Monthly%20Bulletin%20month%20of%20June%2C%202024.pdf
2024,6,15-15-15-9,29000.0,https://fert.gov.in/sites/default/files/2025-05/Monthly%20Bulletin%20month%20of%20June%2C%202024.pdf
2024,6,16-20-0-13,24626.09,https://fert.gov.in/sites/default/files/2025-05/Monthly%20Bulletin%20month%20of%20June%2C%202024.pdf
2024,6,17-17-17,25000.0,https://fert.gov.in/sites/default/files/2025-05/Monthly%20Bulletin%20month%20of%20June%2C%202024.pdf
2024,6,19-19-19,33000.0,https://fert.gov.in/sites/default/files/2025-05/Monthly%20Bulletin%20month%20of%20June%2C%202024.pdf
2024,6,20-20-0,24385.51,https://fert.gov.in/sites/default/files/2025-05/Monthly%20Bulletin%20month%20of%20June%2C%202024.pdf
2024,6,20-20-0-13,25100.35,https://fert.gov.in/sites/default/files/2025-05/Monthly%20Bulletin%20month%20of%20June%2C%202024.pdf
2024,6,24-24-0,34000.0,https://fert.gov.in/sites/default/files/2025-05/Monthly%20Bulletin%20month%20of%20June%2C%202024.pdf
2024,6,24-24-0-8,34000.0,https://fert.gov.in/sites/default/files/2025-05/Monthly%20Bulletin%20month%20of%20June%2C%202024.pdf
2024,6,28-28-0,34000.0,https://fert.gov.in/sites/default/files/2025-05/Monthly%20Bulletin%20month%20of%20June%2C%202024.pdf
2024,6,Amm Sulphate,19158.54,https://fert.gov.in/sites/default/files/2025-05/Monthly%20Bulletin%20month%20of%20June%2C%202024.pdf
2024,6,DAP,27000.0,https://fert.gov.in/sites/default/files/2025-05/Monthly%20Bulletin%20month%20of%20June%2C%202024.pdf
2024,6,FOM,8067.82,https://fert.gov.in/sites/default/files/2025-05/Monthly%20Bulletin%20month%20of%20June%2C%202024.pdf
2024,6,Imported 10-26-26,29943.86,https://fert.gov.in/sites/default/files/2025-05/Monthly%20Bulletin%20month%20of%20June%2C%202024.pdf
2024,6,Imported 12-32-16,29643.22,https://fert.gov.in/sites/default/files/2025-05/Monthly%20Bulletin%20month%20of%20June%2C%202024.pdf
2024,6,Imported 15-15-15,29239.42,https://fert.gov.in/sites/default/files/2025-05/Monthly%20Bulletin%20month%20of%20June%2C%202024.pdf
2024,6,Imported 15-15-15-9,29048.0,https://fert.gov.in/sites/default/files/2025-05/Monthly%20Bulletin%20month%20of%20June%2C%202024.pdf
2024,6,Imported 16-16-16,27500.0,https://fert.gov.in/sites/default/files/2025-05/Monthly%20Bulletin%20month%20of%20June%2C%202024.pdf
2024,6,Imported 16-20-0-13,28990.24,https://fert.gov.in/sites/default/files/2025-05/Monthly%20Bulletin%20month%20of%20June%2C%202024.pdf
2024,6,Imported 20-20-0-13,24554.36,https://fert.gov.in/sites/default/files/2025-05/Monthly%20Bulletin%20month%20of%20June%2C%202024.pdf
2024,6,Imported DAP,27000.0,https://fert.gov.in/sites/default/files/2025-05/Monthly%20Bulletin%20month%20of%20June%2C%202024.pdf
2024,6,Imported MAP,34000.0,https://fert.gov.in/sites/default/files/2025-05/Monthly%20Bulletin%20month%20of%20June%2C%202024.pdf
2024,6,Imported TSP,23000.0,https://fert.gov.in/sites/default/files/2025-05/Monthly%20Bulletin%20month%20of%20June%2C%202024.pdf
2024,6,LFOM,1984.13,https://fert.gov.in/sites/default/files/2025-05/Monthly%20Bulletin%20month%20of%20June%2C%202024.pdf
2024,6,MOP,31692.46,https://fert.gov.in/sites/default/files/2025-05/Monthly%20Bulletin%20month%20of%20June%2C%202024.pdf
2024,6,NPK 11-30-14 (Mg-Zn-B-S) (40kg),45000.0,https://fert.gov.in/sites/default/files/2025-05/Monthly%20Bulletin%20month%20of%20June%2C%202024.pdf
2024,6,"NPK 9-24-24 (Mg, Zn, S, B) (40 Kg)",47500.0,https://fert.gov.in/sites/default/files/2025-05/Monthly%20Bulletin%20month%20of%20June%2C%202024.pdf
2024,6,PROM,24416.67,https://fert.gov.in/sites/default/files/2025-05/Monthly%20Bulletin%20month%20of%20June%2C%202024.pdf
2024,6,SSP-Boronated,11751.16,https://fert.gov.in/sites/default/files/2025-05/Monthly%20Bulletin%20month%20of%20June%2C%202024.pdf
2024,6,"SSP-G (Mg,Zn, Bo)",14612.29,https://fert.gov.in/sites/default/files/2025-05/Monthly%20Bulletin%20month%20of%20June%2C%202024.pdf
2024,6,SSP-Granular,10949.82,https://fert.gov.in/sites/default/files/2025-05/Monthly%20Bulletin%20month%20of%20June%2C%202024.pdf
2024,6,SSP-Powdered,10242.65,https://fert.gov.in/sites/default/files/2025-05/Monthly%20Bulletin%20month%20of%20June%2C%202024.pdf
2024,6,SSP-Zincated (Powder),10446.72,https://fert.gov.in/sites/default/files/2025-05/Monthly%20Bulletin%20month%20of%20June%2C%202024.pdf
2024,6,SSP-Zincated-Boronated (Granular),13370.36,https://fert.gov.in/sites/default/files/2025-05/Monthly%20Bulletin%20month%20of%20June%2C%202024.pdf
2024,6,TSP,23000.0,https://fert.gov.in/sites/default/files/2025-05/Monthly%20Bulletin%20month%20of%20June%2C%202024.pdf
2024,6,Urea,5360.0,https://fert.gov.in/sites/default/files/2025-05/Monthly%20Bulletin%20month%20of%20June%2C%202024.pdf
2024,6,Urea-SSP Complex,14203.12,https://fert.gov.in/sites/default/files/2025-05/Monthly%20Bulletin%20month%20of%20June%2C%202024.pdf
2024,6,Zinc and Boron NPK 8-21-21(40 Kg),45000.0,https://fert.gov.in/sites/default/files/2025-05/Monthly%20Bulletin%20month%20of%20June%2C%202024.pdf
2024,6,Zinc and Boron NPK 9-24-24(40Kg),47500.0,https://fert.gov.in/sites/default/files/2025-05/Monthly%20Bulletin%20month%20of%20June%2C%202024.pdf
2024,6,Zincated 10-26-26,30000.0,https://fert.gov.in/sites/default/files/2025-05/Monthly%20Bulletin%20month%20of%20June%2C%202024.pdf
2024,6,Zincated 20-20-0-13,24650.94,https://fert.gov.in/sites/default/files/2025-05/Monthly%20Bulletin%20month%20of%20June%2C%202024.pdf
2024,6,Zincated NPK 14-35-14,32000.0,https://fert.gov.in/sites/default/files/2025-05/Monthly%20Bulletin%20month%20of%20June%2C%202024.pdf
2024,7,10-26-26,30099.3,https://fert.gov.in/sites/default/files/2025-05/Monthly%20Bulletin%20month%20of%20July%2C%202024.pdf
2024,7,12-32-16,29400.0,https://fert.gov.in/sites/default/files/2025-05/Monthly%20Bulletin%20month%20of%20July%2C%202024.pdf
2024,7,14-28-0-0,26500.0,https://fert.gov.in/sites/default/files/2025-05/Monthly%20Bulletin%20month%20of%20July%2C%202024.pdf
2024,7,14-28-14,30400.0,https://fert.gov.in/sites/default/files/2025-05/Monthly%20Bulletin%20month%20of%20July%2C%202024.pdf
2024,7,14-35-14,33200.0,https://fert.gov.in/sites/default/files/2025-05/Monthly%20Bulletin%20month%20of%20July%2C%202024.pdf
2024,7,15-15-15,29400.0,https://fert.gov.in/sites/default/files/2025-05/Monthly%20Bulletin%20month%20of%20July%2C%202024.pdf
2024,7,15-15-15-9,29000.0,https://fert.gov.in/sites/default/files/2025-05/Monthly%20Bulletin%20month%20of%20July%2C%202024.pdf
2024,7,16-20-0-13,24183.36,https://fert.gov.in/sites/default/files/2025-05/Monthly%20Bulletin%20month%20of%20July%2C%202024.pdf
2024,7,17-17-17,25000.0,https://fert.gov.in/sites/default/files/2025-05/Monthly%20Bulletin%20month%20of%20July%2C%202024.pdf
2024,7,19-19-19,33000.0,https://fert.gov.in/sites/default/files/2025-05/Monthly%20Bulletin%20month%20of%20July%2C%202024.pdf
2024,7,20-20-0,24385.51,https://fert.gov.in/sites/default/files/2025-05/Monthly%20Bulletin%20month%20of%20July%2C%202024.pdf
2024,7,20-20-0-13,24855.82,https://fert.gov.in/sites/default/files/2025-05/Monthly%20Bulletin%20month%20of%20July%2C%202024.pdf
2024,7,24-24-0,34000.0,https://fert.gov.in/sites/default/files/2025-05/Monthly%20Bulletin%20month%20of%20July%2C%202024.pdf
2024,7,24-24-0-8,34000.0,https://fert.gov.in/sites/default/files/2025-05/Monthly%20Bulletin%20month%20of%20July%2C%202024.pdf
2024,7,28-28-0,34000.0,https://fert.gov.in/sites/default/files/2025-05/Monthly%20Bulletin%20month%20of%20July%2C%202024.pdf
2024,7,Amm Sulphate,18825.18,https://fert.gov.in/sites/default/files/2025-05/Monthly%20Bulletin%20month%20of%20July%2C%202024.pdf
2024,7,DAP,27000.0,https://fert.gov.in/sites/default/files/2025-05/Monthly%20Bulletin%20month%20of%20July%2C%202024.pdf
2024,7,FOM,9644.97,https://fert.gov.in/sites/default/files/2025-05/Monthly%20Bulletin%20month%20of%20July%2C%202024.pdf
2024,7,Imported 10-26-26,29920.94,https://fert.gov.in/sites/default/files/2025-05/Monthly%20Bulletin%20month%20of%20July%2C%202024.pdf
2024,7,Imported 12-32-16,29993.04,https://fert.gov.in/sites/default/files/2025-05/Monthly%20Bulletin%20month%20of%20July%2C%202024.pdf
2024,7,Imported 15-15-15,28872.0,https://fert.gov.in/sites/default/files/2025-05/Monthly%20Bulletin%20month%20of%20July%2C%202024.pdf
2024,7,Imported 15-15-15-9,29048.0,https://fert.gov.in/sites/default/files/2025-05/Monthly%20Bulletin%20month%20of%20July%2C%202024.pdf
2024,7,Imported 16-16-16,27500.0,https://fert.gov.in/sites/default/files/2025-05/Monthly%20Bulletin%20month%20of%20July%2C%202024.pdf
2024,7,Imported 16-20-0-13,28990.24,https://fert.gov.in/sites/default/files/2025-05/Monthly%20Bulletin%20month%20of%20July%2C%202024.pdf
2024,7,Imported 20-20-0-13,24539.2,https://fert.gov.in/sites/default/files/2025-05/Monthly%20Bulletin%20month%20of%20July%2C%202024.pdf
2024,7,Imported DAP,26990.28,https://fert.gov.in/sites/default/files/2025-05/Monthly%20Bulletin%20month%20of%20July%2C%202024.pdf
2024,7,Imported MAP,34000.0,https://fert.gov.in/sites/default/files/2025-05/Monthly%20Bulletin%20month%20of%20July%2C%202024.pdf
2024,7,LFOM,2558.6,https://fert.gov.in/sites/default/files/2025-05/Monthly%20Bulletin%20month%20of%20July%2C%202024.pdf
2024,7,MOP,31342.72,https://fert.gov.in/sites/default/files/2025-05/Monthly%20Bulletin%20month%20of%20July%2C%202024.pdf
2024,7,NPK 11-30-14 (Mg-Zn-B-S) (40kg),45000.0,https://fert.gov.in/sites/default/files/2025-05/Monthly%20Bulletin%20month%20of%20July%2C%202024.pdf
2024,7,"NPK 9-24-24 (Mg, Zn, S,B) (40 Kg)",47500.0,https://fert.gov.in/sites/default/files/2025-05/Monthly%20Bulletin%20month%20of%20July%2C%202024.pdf
2024,7,PROM,24875.0,https://fert.gov.in/sites/default/files/2025-05/Monthly%20Bulletin%20month%20of%20July%2C%202024.pdf
2024,7,SSP-Boronated,11608.88,https://fert.gov.in/sites/default/files/2025-05/Monthly%20Bulletin%20month%20of%20July%2C%202024.pdf
2024,7,"SSP-G (Mg,Zn, Bo)",14672.64,https://fert.gov.in/sites/default/files/2025-05/Monthly%20Bulletin%20month%20of%20July%2C%202024.pdf
2024,7,SSP-Granular,10961.2,https://fert.gov.in/sites/default/files/2025-05/Monthly%20Bulletin%20month%20of%20July%2C%202024.pdf
2024,7,SSP-Powdered,10284.3,https://fert.gov.in/sites/default/files/2025-05/Monthly%20Bulletin%20month%20of%20July%2C%202024.pdf
2024,7,SSP-Zincated(Granular),11122.26,https://fert.gov.in/sites/default/files/2025-05/Monthly%20Bulletin%20month%20of%20July%2C%202024.pdf
2024,7,SSP-Zincated(Powder),10473.9,https://fert.gov.in/sites/default/files/2025-05/Monthly%20Bulletin%20month%20of%20July%2C%202024.pdf
2024,7,SSP-Zincated-Boronated(Granular),13273.48,https://fert.gov.in/sites/default/files/2025-05/Monthly%20Bulletin%20month%20of%20July%2C%202024.pdf
2024,7,Urea,5360.0,https://fert.gov.in/sites/default/files/2025-05/Monthly%20Bulletin%20month%20of%20July%2C%202024.pdf
2024,7,Urea-SSP Complex,14208.18,https://fert.gov.in/sites/default/files/2025-05/Monthly%20Bulletin%20month%20of%20July%2C%202024.pdf
2024,7,Zinc and Boron NPK 8-21-21(40 Kg),45000.0,https://fert.gov.in/sites/default/files/2025-05/Monthly%20Bulletin%20month%20of%20July%2C%202024.pdf
2024,7,Zincated 10-26-26,30000.0,https://fert.gov.in/sites/default/files/2025-05/Monthly%20Bulletin%20month%20of%20July%2C%202024.pdf
2024,7,Zincated 20-20-0-13,24665.94,https://fert.gov.in/sites/default/files/2025-05/Monthly%20Bulletin%20month%20of%20July%2C%202024.pdf
2024,7,Zincated NPK 14-35-14,32000.0,https://fert.gov.in/sites/default/files/2025-05/Monthly%20Bulletin%20month%20of%20July%2C%202024.pdf
2024,8,10-26-26,30114.49,https://fert.gov.in/sites/default/files/2024-11/Monthly_Bulletin_August_2024_1.pdf
2024,8,12-32-16,29400.0,https://fert.gov.in/sites/default/files/2024-11/Monthly_Bulletin_August_2024_1.pdf
2024,8,14-28-0-0,26500.0,https://fert.gov.in/sites/default/files/2024-11/Monthly_Bulletin_August_2024_1.pdf
2024,8,14-28-14,30400.0,https://fert.gov.in/sites/default/files/2024-11/Monthly_Bulletin_August_2024_1.pdf
2024,8,14-35-14,33200.0,https://fert.gov.in/sites/default/files/2024-11/Monthly_Bulletin_August_2024_1.pdf
2024,8,15-15-15,29400.0,https://fert.gov.in/sites/default/files/2024-11/Monthly_Bulletin_August_2024_1.pdf
2024,8,15-15-15-9,29000.0,https://fert.gov.in/sites/default/files/2024-11/Monthly_Bulletin_August_2024_1.pdf
2024,8,16-20-0-13,24000.0,https://fert.gov.in/sites/default/files/2024-11/Monthly_Bulletin_August_2024_1.pdf
2024,8,17-17-17,25000.0,https://fert.gov.in/sites/default/files/2024-11/Monthly_Bulletin_August_2024_1.pdf
2024,8,19-19-19,33000.0,https://fert.gov.in/sites/default/files/2024-11/Monthly_Bulletin_August_2024_1.pdf
2024,8,20-20-0,24385.51,https://fert.gov.in/sites/default/files/2024-11/Monthly_Bulletin_August_2024_1.pdf
2024,8,20-20-0-13,24749.34,https://fert.gov.in/sites/default/files/2024-11/Monthly_Bulletin_August_2024_1.pdf
2024,8,24-24-0,34000.0,https://fert.gov.in/sites/default/files/2024-11/Monthly_Bulletin_August_2024_1.pdf
2024,8,24-24-0-8,34000.0,https://fert.gov.in/sites/default/files/2024-11/Monthly_Bulletin_August_2024_1.pdf
2024,8,28-28-0,34000.0,https://fert.gov.in/sites/default/files/2024-11/Monthly_Bulletin_August_2024_1.pdf
2024,8,Amm Sulphate,18821.43,https://fert.gov.in/sites/default/files/2024-11/Monthly_Bulletin_August_2024_1.pdf
2024,8,DAP,27000.0,https://fert.gov.in/sites/default/files/2024-11/Monthly_Bulletin_August_2024_1.pdf
2024,8,FOM,10106.87,https://fert.gov.in/sites/default/files/2024-11/Monthly_Bulletin_August_2024_1.pdf
2024,8,Imported 10-26-26,29868.42,https://fert.gov.in/sites/default/files/2024-11/Monthly_Bulletin_August_2024_1.pdf
2024,8,Imported 12-32-16,30049.9,https://fert.gov.in/sites/default/files/2024-11/Monthly_Bulletin_August_2024_1.pdf
2024,8,Imported 15-15-15,25580.22,https://fert.gov.in/sites/default/files/2024-11/Monthly_Bulletin_August_2024_1.pdf
2024,8,Imported 15-15-15-9,29046.63,https://fert.gov.in/sites/default/files/2024-11/Monthly_Bulletin_August_2024_1.pdf
2024,8,Imported 16-16-16,27500.0,https://fert.gov.in/sites/default/files/2024-11/Monthly_Bulletin_August_2024_1.pdf
2024,8,Imported 16-20-0-13,29039.31,https://fert.gov.in/sites/default/files/2024-11/Monthly_Bulletin_August_2024_1.pdf
2024,8,Imported 20-20-0-13,24789.08,https://fert.gov.in/sites/default/files/2024-11/Monthly_Bulletin_August_2024_1.pdf
2024,8,Imported DAP,27000.53,https://fert.gov.in/sites/default/files/2024-11/Monthly_Bulletin_August_2024_1.pdf
2024,8,Imported MAP,34000.0,https://fert.gov.in/sites/default/files/2024-11/Monthly_Bulletin_August_2024_1.pdf
2024,8,LFOM,7027.42,https://fert.gov.in/sites/default/files/2024-11/Monthly_Bulletin_August_2024_1.pdf
2024,8,MOP,30850.72,https://fert.gov.in/sites/default/files/2024-11/Monthly_Bulletin_August_2024_1.pdf
2024,8,NPK 11-30-14 (Mg-Zn-B-S) (40kg),45000.0,https://fert.gov.in/sites/default/files/2024-11/Monthly_Bulletin_August_2024_1.pdf
2024,8,"NPK 9-24-24 (Mg, Zn, S,B) (40 Kg)",47500.0,https://fert.gov.in/sites/default/files/2024-11/Monthly_Bulletin_August_2024_1.pdf
2024,8,PROM,25000.0,https://fert.gov.in/sites/default/files/2024-11/Monthly_Bulletin_August_2024_1.pdf
2024,8,SSP-Boronated,11574.41,https://fert.gov.in/sites/default/files/2024-11/Monthly_Bulletin_August_2024_1.pdf
2024,8,"SSP-G (Mg,Zn, Bo)",14807.71,https://fert.gov.in/sites/default/files/2024-11/Monthly_Bulletin_August_2024_1.pdf
2024,8,SSP-Granular,10910.67,https://fert.gov.in/sites/default/files/2024-11/Monthly_Bulletin_August_2024_1.pdf
2024,8,SSP-Powdered,10228.44,https://fert.gov.in/sites/default/files/2024-11/Monthly_Bulletin_August_2024_1.pdf
2024,8,SSP-Zincated(Granular),11063.26,https://fert.gov.in/sites/default/files/2024-11/Monthly_Bulletin_August_2024_1.pdf
2024,8,SSP-Zincated(Powder),10417.19,https://fert.gov.in/sites/default/files/2024-11/Monthly_Bulletin_August_2024_1.pdf
2024,8,SSP-Zincated-Boronated(Granular),13274.1,https://fert.gov.in/sites/default/files/2024-11/Monthly_Bulletin_August_2024_1.pdf
2024,8,Urea,5360.0,https://fert.gov.in/sites/default/files/2024-11/Monthly_Bulletin_August_2024_1.pdf
2024,8,Urea-SSP Complex,14136.63,https://fert.gov.in/sites/default/files/2024-11/Monthly_Bulletin_August_2024_1.pdf
2024,8,Zinc and Boron NPK 8-21-21(40 Kg),45000.0,https://fert.gov.in/sites/default/files/2024-11/Monthly_Bulletin_August_2024_1.pdf
2024,8,Zincated 10-26-26,30000.0,https://fert.gov.in/sites/default/files/2024-11/Monthly_Bulletin_August_2024_1.pdf
2024,8,Zincated 20-20-0-13,24631.92,https://fert.gov.in/sites/default/files/2024-11/Monthly_Bulletin_August_2024_1.pdf
2024,8,Zincated NPK 14-35-14,32000.0,https://fert.gov.in/sites/default/files/2024-11/Monthly_Bulletin_August_2024_1.pdf
2024,9,10-26-26,30131.13,https://fert.gov.in/sites/default/files/2024-11/Monthly_Bulletin_month_of_September_2024_0.pdf
2024,9,12-32-16,29400.0,https://fert.gov.in/sites/default/files/2024-11/Monthly_Bulletin_month_of_September_2024_0.pdf
2024,9,14-28-0-0,26500.0,https://fert.gov.in/sites/default/files/2024-11/Monthly_Bulletin_month_of_September_2024_0.pdf
2024,9,14-28-14,30400.0,https://fert.gov.in/sites/default/files/2024-11/Monthly_Bulletin_month_of_September_2024_0.pdf
2024,9,14-35-14,33200.0,https://fert.gov.in/sites/default/files/2024-11/Monthly_Bulletin_month_of_September_2024_0.pdf
2024,9,15-15-15,29400.0,https://fert.gov.in/sites/default/files/2024-11/Monthly_Bulletin_month_of_September_2024_0.pdf
2024,9,15-15-15-9,29000.0,https://fert.gov.in/sites/default/files/2024-11/Monthly_Bulletin_month_of_September_2024_0.pdf
2024,9,16-20-0-13,24000.0,https://fert.gov.in/sites/default/files/2024-11/Monthly_Bulletin_month_of_September_2024_0.pdf
2024,9,17-17-17,25000.0,https://fert.gov.in/sites/default/files/2024-11/Monthly_Bulletin_month_of_September_2024_0.pdf
2024,9,19-19-19,33000.0,https://fert.gov.in/sites/default/files/2024-11/Monthly_Bulletin_month_of_September_2024_0.pdf
2024,9,20-20-0,24385.51,https://fert.gov.in/sites/default/files/2024-11/Monthly_Bulletin_month_of_September_2024_0.pdf
2024,9,20-20-0-13,24847.93,https://fert.gov.in/sites/default/files/2024-11/Monthly_Bulletin_month_of_September_2024_0.pdf
2024,9,24-24-0,34000.0,https://fert.gov.in/sites/default/files/2024-11/Monthly_Bulletin_month_of_September_2024_0.pdf
2024,9,24-24-0-8,34000.0,https://fert.gov.in/sites/default/files/2024-11/Monthly_Bulletin_month_of_September_2024_0.pdf
2024,9,28-28-0,34000.0,https://fert.gov.in/sites/default/files/2024-11/Monthly_Bulletin_month_of_September_2024_0.pdf
2024,9,Amm Sulphate,18829.27,https://fert.gov.in/sites/default/files/2024-11/Monthly_Bulletin_month_of_September_2024_0.pdf
2024,9,DAP,27000.0,https://fert.gov.in/sites/default/files/2024-11/Monthly_Bulletin_month_of_September_2024_0.pdf
2024,9,FOM,10228.92,https://fert.gov.in/sites/default/files/2024-11/Monthly_Bulletin_month_of_September_2024_0.pdf
2024,9,Imported 10-26-26,29853.64,https://fert.gov.in/sites/default/files/2024-11/Monthly_Bulletin_month_of_September_2024_0.pdf
2024,9,Imported 12-32-16,30000.0,https://fert.gov.in/sites/default/files/2024-11/Monthly_Bulletin_month_of_September_2024_0.pdf
2024,9,Imported 15-15-15,25000.0,https://fert.gov.in/sites/default/files/2024-11/Monthly_Bulletin_month_of_September_2024_0.pdf
2024,9,Imported 15-15-15-9,29048.0,https://fert.gov.in/sites/default/files/2024-11/Monthly_Bulletin_month_of_September_2024_0.pdf
2024,9,Imported 16-16-16,27500.0,https://fert.gov.in/sites/default/files/2024-11/Monthly_Bulletin_month_of_September_2024_0.pdf
2024,9,Imported 16-20-0-13,28990.24,https://fert.gov.in/sites/default/files/2024-11/Monthly_Bulletin_month_of_September_2024_0.pdf
2024,9,Imported 20-20-0-13,24762.28,https://fert.gov.in/sites/default/files/2024-11/Monthly_Bulletin_month_of_September_2024_0.pdf
2024,9,Imported DAP,27000.0,https://fert.gov.in/sites/default/files/2024-11/Monthly_Bulletin_month_of_September_2024_0.pdf
2024,9,Imported MAP,34000.0,https://fert.gov.in/sites/default/files/2024-11/Monthly_Bulletin_month_of_September_2024_0.pdf
2024,9,Imported TSP,25000.0,https://fert.gov.in/sites/default/files/2024-11/Monthly_Bulletin_month_of_September_2024_0.pdf
2024,9,LFOM,8202.04,https://fert.gov.in/sites/default/files/2024-11/Monthly_Bulletin_month_of_September_2024_0.pdf
2024,9,MOP,30722.93,https://fert.gov.in/sites/default/files/2024-11/Monthly_Bulletin_month_of_September_2024_0.pdf
2024,9,NPK 11-30-14 (Mg-Zn-B-S) (40kg),45000.0,https://fert.gov.in/sites/default/files/2024-11/Monthly_Bulletin_month_of_September_2024_0.pdf
2024,9,"NPK 9-24-24 (Mg, Zn, S,B) (40 Kg)",47500.0,https://fert.gov.in/sites/default/files/2024-11/Monthly_Bulletin_month_of_September_2024_0.pdf
2024,9,PROM,24720.0,https://fert.gov.in/sites/default/files/2024-11/Monthly_Bulletin_month_of_September_2024_0.pdf
2024,9,SSP-Boronated,11481.0,https://fert.gov.in/sites/default/files/2024-11/Monthly_Bulletin_month_of_September_2024_0.pdf
2024,9,"SSP-G (Mg,Zn, Bo)",15004.37,https://fert.gov.in/sites/default/files/2024-11/Monthly_Bulletin_month_of_September_2024_0.pdf
2024,9,SSP-Granular,10754.74,https://fert.gov.in/sites/default/files/2024-11/Monthly_Bulletin_month_of_September_2024_0.pdf
2024,9,SSP-Powdered,10148.17,https://fert.gov.in/sites/default/files/2024-11/Monthly_Bulletin_month_of_September_2024_0.pdf
2024,9,SSP-Zincated(Granular),10947.49,https://fert.gov.in/sites/default/files/2024-11/Monthly_Bulletin_month_of_September_2024_0.pdf
2024,9,SSP-Zincated(Powder),10241.18,https://fert.gov.in/sites/default/files/2024-11/Monthly_Bulletin_month_of_September_2024_0.pdf
2024,9,SSP-Zincated-Boronated(Granular),13218.99,https://fert.gov.in/sites/default/files/2024-11/Monthly_Bulletin_month_of_September_2024_0.pdf
2024,9,TSP,25400.0,https://fert.gov.in/sites/default/files/2024-11/Monthly_Bulletin_month_of_September_2024_0.pdf
2024,9,Urea,5360.0,https://fert.gov.in/sites/default/files/2024-11/Monthly_Bulletin_month_of_September_2024_0.pdf
2024,9,Urea-SSP Complex,14144.44,https://fert.gov.in/sites/default/files/2024-11/Monthly_Bulletin_month_of_September_2024_0.pdf
2024,9,Zinc and Boron NPK 8-21-21(40 Kg),45000.0,https://fert.gov.in/sites/default/files/2024-11/Monthly_Bulletin_month_of_September_2024_0.pdf
2024,9,Zincated 10-26-26,30000.0,https://fert.gov.in/sites/default/files/2024-11/Monthly_Bulletin_month_of_September_2024_0.pdf
2024,9,Zincated 20-20-0-13,25000.0,https://fert.gov.in/sites/default/files/2024-11/Monthly_Bulletin_month_of_September_2024_0.pdf
2024,9,Zincated NPK 14-35-14,32100.0,https://fert.gov.in/sites/default/files/2024-11/Monthly_Bulletin_month_of_September_2024_0.pdf
2024,10,10-26-26,30192.22,https://fert.gov.in/sites/default/files/2025-05/Monthly_Bulletin_month_of_October_2024.pdf
2024,10,12-32-16,29400.0,https://fert.gov.in/sites/default/files/2025-05/Monthly_Bulletin_month_of_October_2024.pdf
2024,10,14-28-0-0,26800.0,https://fert.gov.in/sites/default/files/2025-05/Monthly_Bulletin_month_of_October_2024.pdf
2024,10,14-28-14,30400.0,https://fert.gov.in/sites/default/files/2025-05/Monthly_Bulletin_month_of_October_2024.pdf
2024,10,14-35-14,33664.12,https://fert.gov.in/sites/default/files/2025-05/Monthly_Bulletin_month_of_October_2024.pdf
2024,10,15-15-15,29400.0,https://fert.gov.in/sites/default/files/2025-05/Monthly_Bulletin_month_of_October_2024.pdf
2024,10,15-15-15-9,29000.0,https://fert.gov.in/sites/default/files/2025-05/Monthly_Bulletin_month_of_October_2024.pdf
2024,10,16-20-0-13,24603.48,https://fert.gov.in/sites/default/files/2025-05/Monthly_Bulletin_month_of_October_2024.pdf
2024,10,17-17-17,25000.0,https://fert.gov.in/sites/default/files/2025-05/Monthly_Bulletin_month_of_October_2024.pdf
2024,10,19-19-19,33241.94,https://fert.gov.in/sites/default/files/2025-05/Monthly_Bulletin_month_of_October_2024.pdf
2024,10,20-20-0,24385.51,https://fert.gov.in/sites/default/files/2025-05/Monthly_Bulletin_month_of_October_2024.pdf
2024,10,20-20-0-13,25479.32,https://fert.gov.in/sites/default/files/2025-05/Monthly_Bulletin_month_of_October_2024.pdf
2024,10,24-24-0,34000.0,https://fert.gov.in/sites/default/files/2025-05/Monthly_Bulletin_month_of_October_2024.pdf
2024,10,24-24-0-8,34000.0,https://fert.gov.in/sites/default/files/2025-05/Monthly_Bulletin_month_of_October_2024.pdf
2024,10,28-28-0,34000.0,https://fert.gov.in/sites/default/files/2025-05/Monthly_Bulletin_month_of_October_2024.pdf
2024,10,Amm Sulphate,18829.01,https://fert.gov.in/sites/default/files/2025-05/Monthly_Bulletin_month_of_October_2024.pdf
2024,10,DAP,27000.0,https://fert.gov.in/sites/default/files/2025-05/Monthly_Bulletin_month_of_October_2024.pdf
2024,10,FOM,9893.86,https://fert.gov.in/sites/default/files/2025-05/Monthly_Bulletin_month_of_October_2024.pdf
2024,10,Imported 10-26-26,29836.66,https://fert.gov.in/sites/default/files/2025-05/Monthly_Bulletin_month_of_October_2024.pdf
2024,10,Imported 12-32-16,30220.74,https://fert.gov.in/sites/default/files/2025-05/Monthly_Bulletin_month_of_October_2024.pdf
2024,10,Imported 15-15-15,25000.0,https://fert.gov.in/sites/default/files/2025-05/Monthly_Bulletin_month_of_October_2024.pdf
2024,10,Imported 15-15-15-9,29048.0,https://fert.gov.in/sites/default/files/2025-05/Monthly_Bulletin_month_of_October_2024.pdf
2024,10,Imported 16-16-16,27500.0,https://fert.gov.in/sites/default/files/2025-05/Monthly_Bulletin_month_of_October_2024.pdf
2024,10,Imported 16-20-0-13,28990.24,https://fert.gov.in/sites/default/files/2025-05/Monthly_Bulletin_month_of_October_2024.pdf
2024,10,Imported 20-20-0-13,24778.71,https://fert.gov.in/sites/default/files/2025-05/Monthly_Bulletin_month_of_October_2024.pdf
2024,10,Imported DAP,26990.22,https://fert.gov.in/sites/default/files/2025-05/Monthly_Bulletin_month_of_October_2024.pdf
2024,10,Imported MAP,34000.0,https://fert.gov.in/sites/default/files/2025-05/Monthly_Bulletin_month_of_October_2024.pdf
2024,10,Imported TSP,26000.0,https://fert.gov.in/sites/default/files/2025-05/Monthly_Bulletin_month_of_October_2024.pdf
2024,10,LFOM,1622.47,https://fert.gov.in/sites/default/files/2025-05/Monthly_Bulletin_month_of_October_2024.pdf
2024,10,MOP,30516.38,https://fert.gov.in/sites/default/files/2025-05/Monthly_Bulletin_month_of_October_2024.pdf
2024,10,NPK 11-30-14 (Mg-Zn-B-S) (40kg),45000.0,https://fert.gov.in/sites/default/files/2025-05/Monthly_Bulletin_month_of_October_2024.pdf
2024,10,"NPK 9-24-24 (Mg, Zn, S,B) (40 Kg)",47500.0,https://fert.gov.in/sites/default/files/2025-05/Monthly_Bulletin_month_of_October_2024.pdf
2024,10,PROM,25621.62,https://fert.gov.in/sites/default/files/2025-05/Monthly_Bulletin_month_of_October_2024.pdf
2024,10,SSP-Boronated,11222.19,https://fert.gov.in/sites/default/files/2025-05/Monthly_Bulletin_month_of_October_2024.pdf
2024,10,"SSP-G (Mg,Zn, Bo)",14513.82,https://fert.gov.in/sites/default/files/2025-05/Monthly_Bulletin_month_of_October_2024.pdf
2024,10,SSP-Granular,10494.81,https://fert.gov.in/sites/default/files/2025-05/Monthly_Bulletin_month_of_October_2024.pdf
2024,10,SSP-Powdered,9863.25,https://fert.gov.in/sites/default/files/2025-05/Monthly_Bulletin_month_of_October_2024.pdf
2024,10,SSP-Zincated(Granular),10749.49,https://fert.gov.in/sites/default/files/2025-05/Monthly_Bulletin_month_of_October_2024.pdf
2024,10,SSP-Zincated(Powder),10042.67,https://fert.gov.in/sites/default/files/2025-05/Monthly_Bulletin_month_of_October_2024.pdf
2024,10,SSP-Zincated-Boronated(Granular),13003.98,https://fert.gov.in/sites/default/files/2025-05/Monthly_Bulletin_month_of_October_2024.pdf
2024,10,TSP,27941.18,https://fert.gov.in/sites/default/files/2025-05/Monthly_Bulletin_month_of_October_2024.pdf
2024,10,Urea,5360.0,https://fert.gov.in/sites/default/files/2025-05/Monthly_Bulletin_month_of_October_2024.pdf
2024,10,Urea-SSP Complex,14143.93,https://fert.gov.in/sites/default/files/2025-05/Monthly_Bulletin_month_of_October_2024.pdf
2024,10,Zinc and Boron NPK 8-21-21(40 Kg),45000.0,https://fert.gov.in/sites/default/files/2025-05/Monthly_Bulletin_month_of_October_2024.pdf
2024,10,Zincated 10-26-26,30000.0,https://fert.gov.in/sites/default/files/2025-05/Monthly_Bulletin_month_of_October_2024.pdf
2024,10,Zincated 20-20-0-13,26599.29,https://fert.gov.in/sites/default/files/2025-05/Monthly_Bulletin_month_of_October_2024.pdf
2024,10,Zincated NPK 14-35-14,35800.0,https://fert.gov.in/sites/default/files/2025-05/Monthly_Bulletin_month_of_October_2024.pdf
2024,11,10-26-26,30126.63,https://fert.gov.in/sites/default/files/2025-05/nov_english_monthly_bulletin.pdf
2024,11,12-32-16,29400.0,https://fert.gov.in/sites/default/files/2025-05/nov_english_monthly_bulletin.pdf
2024,11,14-28-0-0,26800.0,https://fert.gov.in/sites/default/files/2025-05/nov_english_monthly_bulletin.pdf
2024,11,14-28-14,30400.0,https://fert.gov.in/sites/default/files/2025-05/nov_english_monthly_bulletin.pdf
2024,11,14-35-14,34800.0,https://fert.gov.in/sites/default/files/2025-05/nov_english_monthly_bulletin.pdf
2024,11,15-15-15,29400.0,https://fert.gov.in/sites/default/files/2025-05/nov_english_monthly_bulletin.pdf
2024,11,15-15-15-9,29000.0,https://fert.gov.in/sites/default/files/2025-05/nov_english_monthly_bulletin.pdf
2024,11,16-20-0-13,25263.16,https://fert.gov.in/sites/default/files/2025-05/nov_english_monthly_bulletin.pdf
2024,11,17-17-17,25000.0,https://fert.gov.in/sites/default/files/2025-05/nov_english_monthly_bulletin.pdf
2024,11,19-19-19,33410.71,https://fert.gov.in/sites/default/files/2025-05/nov_english_monthly_bulletin.pdf
2024,11,20-20-0,24385.51,https://fert.gov.in/sites/default/files/2025-05/nov_english_monthly_bulletin.pdf
2024,11,20-20-0-13,25896.84,https://fert.gov.in/sites/default/files/2025-05/nov_english_monthly_bulletin.pdf
2024,11,24-24-0,35066.67,https://fert.gov.in/sites/default/files/2025-05/nov_english_monthly_bulletin.pdf
2024,11,24-24-0-8,34000.0,https://fert.gov.in/sites/default/files/2025-05/nov_english_monthly_bulletin.pdf
2024,11,28-28-0,34000.0,https://fert.gov.in/sites/default/files/2025-05/nov_english_monthly_bulletin.pdf
2024,11,Amm Sulphate,18825.3,https://fert.gov.in/sites/default/files/2025-05/nov_english_monthly_bulletin.pdf
2024,11,DAP,27000.0,https://fert.gov.in/sites/default/files/2025-05/nov_english_monthly_bulletin.pdf
2024,11,FOM,9383.83,https://fert.gov.in/sites/default/files/2025-05/nov_english_monthly_bulletin.pdf
2024,11,FOM-Bulk,2970.97,https://fert.gov.in/sites/default/files/2025-05/nov_english_monthly_bulletin.pdf
2024,11,FOM-Packed,13837.67,https://fert.gov.in/sites/default/files/2025-05/nov_english_monthly_bulletin.pdf
2024,11,Imported 10-26-26,29869.88,https://fert.gov.in/sites/default/files/2025-05/nov_english_monthly_bulletin.pdf
2024,11,Imported 12-32-16,30250.91,https://fert.gov.in/sites/default/files/2025-05/nov_english_monthly_bulletin.pdf
2024,11,Imported 15-15-15,25000.0,https://fert.gov.in/sites/default/files/2025-05/nov_english_monthly_bulletin.pdf
2024,11,Imported 15-15-15-9,29048.0,https://fert.gov.in/sites/default/files/2025-05/nov_english_monthly_bulletin.pdf
2024,11,Imported 16-16-16,27500.0,https://fert.gov.in/sites/default/files/2025-05/nov_english_monthly_bulletin.pdf
2024,11,Imported 16-20-0-13,28990.24,https://fert.gov.in/sites/default/files/2025-05/nov_english_monthly_bulletin.pdf
2024,11,Imported 20-20-0-13,25222.06,https://fert.gov.in/sites/default/files/2025-05/nov_english_monthly_bulletin.pdf
2024,11,Imported DAP,27000.0,https://fert.gov.in/sites/default/files/2025-05/nov_english_monthly_bulletin.pdf
2024,11,Imported MAP,34000.0,https://fert.gov.in/sites/default/files/2025-05/nov_english_monthly_bulletin.pdf
2024,11,Imported TSP,26116.7,https://fert.gov.in/sites/default/files/2025-05/nov_english_monthly_bulletin.pdf
2024,11,LFOM,1986.51,https://fert.gov.in/sites/default/files/2025-05/nov_english_monthly_bulletin.pdf
2024,11,LFOM-Bulk,1234.62,https://fert.gov.in/sites/default/files/2025-05/nov_english_monthly_bulletin.pdf
2024,11,MOP,30491.14,https://fert.gov.in/sites/default/files/2025-05/nov_english_monthly_bulletin.pdf
2024,11,NPK 11-30-14 (Mg-Zn-B-S) (40kg),45000.0,https://fert.gov.in/sites/default/files/2025-05/nov_english_monthly_bulletin.pdf
2024,11,"NPK 9-24-24 (Mg, Zn, S,B) (40 Kg)",47500.0,https://fert.gov.in/sites/default/files/2025-05/nov_english_monthly_bulletin.pdf
2024,11,PROM,24850.0,https://fert.gov.in/sites/default/files/2025-05/nov_english_monthly_bulletin.pdf
2024,11,PROM-Packed,24500.0,https://fert.gov.in/sites/default/files/2025-05/nov_english_monthly_bulletin.pdf
2024,11,SSP-Boronated,11248.97,https://fert.gov.in/sites/default/files/2025-05/nov_english_monthly_bulletin.pdf
2024,11,"SSP-G (Mg,Zn, Bo)",14436.75,https://fert.gov.in/sites/default/files/2025-05/nov_english_monthly_bulletin.pdf
2024,11,SSP-Granular,10576.17,https://fert.gov.in/sites/default/files/2025-05/nov_english_monthly_bulletin.pdf
2024,11,SSP-Powdered,9921.59,https://fert.gov.in/sites/default/files/2025-05/nov_english_monthly_bulletin.pdf
2024,11,SSP-Zincated(Granular),10880.2,https://fert.gov.in/sites/default/files/2025-05/nov_english_monthly_bulletin.pdf
2024,11,SSP-Zincated(Powder),10134.41,https://fert.gov.in/sites/default/files/2025-05/nov_english_monthly_bulletin.pdf
2024,11,SSP-Zincated-Boronated(Granular),13017.11,https://fert.gov.in/sites/default/files/2025-05/nov_english_monthly_bulletin.pdf
2024,11,TSP,23000.0,https://fert.gov.in/sites/default/files/2025-05/nov_english_monthly_bulletin.pdf
2024,11,Urea,5360.0,https://fert.gov.in/sites/default/files/2025-05/nov_english_monthly_bulletin.pdf
2024,11,Urea-SSP Complex,14122.74,https://fert.gov.in/sites/default/files/2025-05/nov_english_monthly_bulletin.pdf
2024,11,Zinc and Boron NPK 8-21-21(40 Kg),45000.0,https://fert.gov.in/sites/default/files/2025-05/nov_english_monthly_bulletin.pdf
2024,11,Zincated 10-26-26,30000.0,https://fert.gov.in/sites/default/files/2025-05/nov_english_monthly_bulletin.pdf
2024,11,Zincated 20-20-0-13,27880.8,https://fert.gov.in/sites/default/files/2025-05/nov_english_monthly_bulletin.pdf
2024,11,Zincated NPK 14-35-14,37000.0,https://fert.gov.in/sites/default/files/2025-05/nov_english_monthly_bulletin.pdf
2024,12,10-26-26,30128.79,https://fert.gov.in/sites/default/files/2025-05/monthly_bulletin_eng_1.pdf
2024,12,12-32-16,29400.0,https://fert.gov.in/sites/default/files/2025-05/monthly_bulletin_eng_1.pdf
2024,12,14-28-0-0,26800.0,https://fert.gov.in/sites/default/files/2025-05/monthly_bulletin_eng_1.pdf
2024,12,14-28-14,31800.0,https://fert.gov.in/sites/default/files/2025-05/monthly_bulletin_eng_1.pdf
2024,12,14-35-14,34821.05,https://fert.gov.in/sites/default/files/2025-05/monthly_bulletin_eng_1.pdf
2024,12,15-15-15,29400.0,https://fert.gov.in/sites/default/files/2025-05/monthly_bulletin_eng_1.pdf
2024,12,15-15-15-9,29000.0,https://fert.gov.in/sites/default/files/2025-05/monthly_bulletin_eng_1.pdf
2024,12,16-20-0-13,25263.16,https://fert.gov.in/sites/default/files/2025-05/monthly_bulletin_eng_1.pdf
2024,12,17-17-17,25000.0,https://fert.gov.in/sites/default/files/2025-05/monthly_bulletin_eng_1.pdf
2024,12,19-19-19,33500.0,https://fert.gov.in/sites/default/files/2025-05/monthly_bulletin_eng_1.pdf
2024,12,20-20-0,24385.51,https://fert.gov.in/sites/default/files/2025-05/monthly_bulletin_eng_1.pdf
2024,12,20-20-0-13,26043.36,https://fert.gov.in/sites/default/files/2025-05/monthly_bulletin_eng_1.pdf
2024,12,20-20-0-13(UAP),27000.0,https://fert.gov.in/sites/default/files/2025-05/monthly_bulletin_eng_1.pdf
2024,12,24-24-0,36000.0,https://fert.gov.in/sites/default/files/2025-05/monthly_bulletin_eng_1.pdf
2024,12,24-24-0-8,34000.0,https://fert.gov.in/sites/default/files/2025-05/monthly_bulletin_eng_1.pdf
2024,12,28-28-0,34003.3,https://fert.gov.in/sites/default/files/2025-05/monthly_bulletin_eng_1.pdf
2024,12,Amm Sulphate,18821.43,https://fert.gov.in/sites/default/files/2025-05/monthly_bulletin_eng_1.pdf
2024,12,DAP,27000.0,https://fert.gov.in/sites/default/files/2025-05/monthly_bulletin_eng_1.pdf
2024,12,FOM,7960.19,https://fert.gov.in/sites/default/files/2025-05/monthly_bulletin_eng_1.pdf
2024,12,FOM-Bulk,2689.82,https://fert.gov.in/sites/default/files/2025-05/monthly_bulletin_eng_1.pdf
2024,12,FOM-Packed,10350.38,https://fert.gov.in/sites/default/files/2025-05/monthly_bulletin_eng_1.pdf
2024,12,Imported 10-26-26,29974.65,https://fert.gov.in/sites/default/files/2025-05/monthly_bulletin_eng_1.pdf
2024,12,Imported 12-32-16,30087.09,https://fert.gov.in/sites/default/files/2025-05/monthly_bulletin_eng_1.pdf
2024,12,Imported 15-15-15,25000.0,https://fert.gov.in/sites/default/files/2025-05/monthly_bulletin_eng_1.pdf
2024,12,Imported 15-15-15-9,29048.0,https://fert.gov.in/sites/default/files/2025-05/monthly_bulletin_eng_1.pdf
2024,12,Imported 16-16-16,27500.0,https://fert.gov.in/sites/default/files/2025-05/monthly_bulletin_eng_1.pdf
2024,12,Imported 16-20-0-13,28999.68,https://fert.gov.in/sites/default/files/2025-05/monthly_bulletin_eng_1.pdf
2024,12,Imported 20-20-0-13,25216.61,https://fert.gov.in/sites/default/files/2025-05/monthly_bulletin_eng_1.pdf
2024,12,Imported DAP,27000.0,https://fert.gov.in/sites/default/files/2025-05/monthly_bulletin_eng_1.pdf
2024,12,Imported MAP,34000.0,https://fert.gov.in/sites/default/files/2025-05/monthly_bulletin_eng_1.pdf
2024,12,Imported TSP,26221.99,https://fert.gov.in/sites/default/files/2025-05/monthly_bulletin_eng_1.pdf
2024,12,LFOM,1484.85,https://fert.gov.in/sites/default/files/2025-05/monthly_bulletin_eng_1.pdf
2024,12,LFOM-Bulk,1950.48,https://fert.gov.in/sites/default/files/2025-05/monthly_bulletin_eng_1.pdf
2024,12,MOP,30525.28,https://fert.gov.in/sites/default/files/2025-05/monthly_bulletin_eng_1.pdf
2024,12,NPK 11-30-14 (Mg-Zn-B-S) (40kg),45000.0,https://fert.gov.in/sites/default/files/2025-05/monthly_bulletin_eng_1.pdf
2024,12,"NPK 9-24-24 (Mg, Zn, S,B) (40 Kg)",47500.0,https://fert.gov.in/sites/default/files/2025-05/monthly_bulletin_eng_1.pdf
2024,12,PDM 0-0-14.5-0,16000.0,https://fert.gov.in/sites/default/files/2025-05/monthly_bulletin_eng_1.pdf
2024,12,PROM-Packed,17090.58,https://fert.gov.in/sites/default/files/2025-05/monthly_bulletin_eng_1.pdf
2024,12,SSP-Boronated,11279.1,https://fert.gov.in/sites/default/files/2025-05/monthly_bulletin_eng_1.pdf
2024,12,"SSP-G (Mg,Zn, Bo)",14667.21,https://fert.gov.in/sites/default/files/2025-05/monthly_bulletin_eng_1.pdf
2024,12,SSP-Granular,10677.25,https://fert.gov.in/sites/default/files/2025-05/monthly_bulletin_eng_1.pdf
2024,12,SSP-Powdered,9992.74,https://fert.gov.in/sites/default/files/2025-05/monthly_bulletin_eng_1.pdf
2024,12,SSP-Zincated(Granular),10955.96,https://fert.gov.in/sites/default/files/2025-05/monthly_bulletin_eng_1.pdf
2024,12,SSP-Zincated(Powder),10275.02,https://fert.gov.in/sites/default/files/2025-05/monthly_bulletin_eng_1.pdf
2024,12,SSP-Zincated-Boronated(Granular),13246.25,https://fert.gov.in/sites/default/files/2025-05/monthly_bulletin_eng_1.pdf
2024,12,TSP,27400.0,https://fert.gov.in/sites/default/files/2025-05/monthly_bulletin_eng_1.pdf
2024,12,Urea,5360.0,https://fert.gov.in/sites/default/files/2025-05/monthly_bulletin_eng_1.pdf
2024,12,Urea-SSP Complex,14185.46,https://fert.gov.in/sites/default/files/2025-05/monthly_bulletin_eng_1.pdf
2024,12,Zinc and Boron NPK 8-21-21(40 Kg),45000.0,https://fert.gov.in/sites/default/files/2025-05/monthly_bulletin_eng_1.pdf
2024,12,Zincated 10-26-26,30000.0,https://fert.gov.in/sites/default/files/2025-05/monthly_bulletin_eng_1.pdf
2024,12,Zincated 20-20-0-13,27711.41,https://fert.gov.in/sites/default/files/2025-05/monthly_bulletin_eng_1.pdf
2024,12,Zincated NPK 14-35-14,37000.0,https://fert.gov.in/sites/default/files/2025-05/monthly_bulletin_eng_1.pdf
2025,1,10-26-26,31946.48,https://fert.gov.in/sites/default/files/2025-05/Monthly_Bulletin_January_2025.pdf
2025,1,12-32-16,31284.96,https://fert.gov.in/sites/default/files/2025-05/Monthly_Bulletin_January_2025.pdf
2025,1,14-28-0-0,26800.0,https://fert.gov.in/sites/default/files/2025-05/Monthly_Bulletin_January_2025.pdf
2025,1,14-28-14,32206.45,https://fert.gov.in/sites/default/files/2025-05/Monthly_Bulletin_January_2025.pdf
2025,1,14-35-14,34800.0,https://fert.gov.in/sites/default/files/2025-05/Monthly_Bulletin_January_2025.pdf
2025,1,15-15-15,29611.76,https://fert.gov.in/sites/default/files/2025-05/Monthly_Bulletin_January_2025.pdf
2025,1,15-15-15-9,29000.0,https://fert.gov.in/sites/default/files/2025-05/Monthly_Bulletin_January_2025.pdf
2025,1,16-20-0-13,25263.16,https://fert.gov.in/sites/default/files/2025-05/Monthly_Bulletin_January_2025.pdf
2025,1,17-17-17,25000.0,https://fert.gov.in/sites/default/files/2025-05/Monthly_Bulletin_January_2025.pdf
2025,1,19-19-19,33500.0,https://fert.gov.in/sites/default/files/2025-05/Monthly_Bulletin_January_2025.pdf
2025,1,20-20-0,24385.51,https://fert.gov.in/sites/default/files/2025-05/Monthly_Bulletin_January_2025.pdf
2025,1,20-20-0-13,26321.16,https://fert.gov.in/sites/default/files/2025-05/Monthly_Bulletin_January_2025.pdf
2025,1,20-20-0-13(UAP),27000.0,https://fert.gov.in/sites/default/files/2025-05/Monthly_Bulletin_January_2025.pdf
2025,1,24-24-0,36000.0,https://fert.gov.in/sites/default/files/2025-05/Monthly_Bulletin_January_2025.pdf
2025,1,24-24-0-8,34000.0,https://fert.gov.in/sites/default/files/2025-05/Monthly_Bulletin_January_2025.pdf
2025,1,28-28-0,34000.56,https://fert.gov.in/sites/default/files/2025-05/Monthly_Bulletin_January_2025.pdf
2025,1,Amm Sulphate,18821.43,https://fert.gov.in/sites/default/files/2025-05/Monthly_Bulletin_January_2025.pdf
2025,1,DAP,28065.88,https://fert.gov.in/sites/default/files/2025-05/Monthly_Bulletin_January_2025.pdf
2025,1,FOM,2250.0,https://fert.gov.in/sites/default/files/2025-05/Monthly_Bulletin_January_2025.pdf
2025,1,FOM-Bulk,2156.86,https://fert.gov.in/sites/default/files/2025-05/Monthly_Bulletin_January_2025.pdf
2025,1,FOM-Packed,10193.14,https://fert.gov.in/sites/default/files/2025-05/Monthly_Bulletin_January_2025.pdf
2025,1,Imported 10-26-26,30477.73,https://fert.gov.in/sites/default/files/2025-05/Monthly_Bulletin_January_2025.pdf
2025,1,Imported 12-32-16,29400.0,https://fert.gov.in/sites/default/files/2025-05/Monthly_Bulletin_January_2025.pdf
2025,1,Imported 15-15-15,25000.0,https://fert.gov.in/sites/default/files/2025-05/Monthly_Bulletin_January_2025.pdf
2025,1,Imported 15-15-15-9,29048.0,https://fert.gov.in/sites/default/files/2025-05/Monthly_Bulletin_January_2025.pdf
2025,1,Imported 16-16-16,29000.0,https://fert.gov.in/sites/default/files/2025-05/Monthly_Bulletin_January_2025.pdf
2025,1,Imported 16-20-0-13,28990.24,https://fert.gov.in/sites/default/files/2025-05/Monthly_Bulletin_January_2025.pdf
2025,1,Imported 20-20-0-13,25222.22,https://fert.gov.in/sites/default/files/2025-05/Monthly_Bulletin_January_2025.pdf
2025,1,Imported DAP,27000.0,https://fert.gov.in/sites/default/files/2025-05/Monthly_Bulletin_January_2025.pdf
2025,1,Imported MAP,34000.0,https://fert.gov.in/sites/default/files/2025-05/Monthly_Bulletin_January_2025.pdf
2025,1,Imported TSP,26236.64,https://fert.gov.in/sites/default/files/2025-05/Monthly_Bulletin_January_2025.pdf
2025,1,LFOM,1000.0,https://fert.gov.in/sites/default/files/2025-05/Monthly_Bulletin_January_2025.pdf
2025,1,LFOM-Bulk,1541.74,https://fert.gov.in/sites/default/files/2025-05/Monthly_Bulletin_January_2025.pdf
2025,1,MOP,30534.82,https://fert.gov.in/sites/default/files/2025-05/Monthly_Bulletin_January_2025.pdf
2025,1,NPK 11-30-14 (Mg-Zn-B-S) (40kg),45000.0,https://fert.gov.in/sites/default/files/2025-05/Monthly_Bulletin_January_2025.pdf
2025,1,"NPK 9-24-24 (Mg, Zn, S,B) (40 Kg)",47500.0,https://fert.gov.in/sites/default/files/2025-05/Monthly_Bulletin_January_2025.pdf
2025,1,PDM 0-0-14.5-0,16000.0,https://fert.gov.in/sites/default/files/2025-05/Monthly_Bulletin_January_2025.pdf
2025,1,PROM-Bulk,22000.0,https://fert.gov.in/sites/default/files/2025-05/Monthly_Bulletin_January_2025.pdf
2025,1,PROM-Packed,12990.55,https://fert.gov.in/sites/default/files/2025-05/Monthly_Bulletin_January_2025.pdf
2025,1,SSP-Boronated,11383.04,https://fert.gov.in/sites/default/files/2025-05/Monthly_Bulletin_January_2025.pdf
2025,1,"SSP-G (Mg,Zn, Bo)",14935.98,https://fert.gov.in/sites/default/files/2025-05/Monthly_Bulletin_January_2025.pdf
2025,1,SSP-Granular,10810.07,https://fert.gov.in/sites/default/files/2025-05/Monthly_Bulletin_January_2025.pdf
2025,1,SSP-Powdered,10094.5,https://fert.gov.in/sites/default/files/2025-05/Monthly_Bulletin_January_2025.pdf
2025,1,SSP-Zincated(Granular),11110.52,https://fert.gov.in/sites/default/files/2025-05/Monthly_Bulletin_January_2025.pdf
2025,1,SSP-Zincated(Powder),10474.39,https://fert.gov.in/sites/default/files/2025-05/Monthly_Bulletin_January_2025.pdf
2025,1,SSP-Zincated-Boronated(Granular),13641.85,https://fert.gov.in/sites/default/files/2025-05/Monthly_Bulletin_January_2025.pdf
2025,1,TSP,27066.67,https://fert.gov.in/sites/default/files/2025-05/Monthly_Bulletin_January_2025.pdf
2025,1,Urea,5360.0,https://fert.gov.in/sites/default/files/2025-05/Monthly_Bulletin_January_2025.pdf
2025,1,Urea-SSP Complex,14035.35,https://fert.gov.in/sites/default/files/2025-05/Monthly_Bulletin_January_2025.pdf
2025,1,Zinc and Boron NPK 8-21-21(40 Kg),45000.0,https://fert.gov.in/sites/default/files/2025-05/Monthly_Bulletin_January_2025.pdf
2025,1,Zincated 10-26-26,33548.39,https://fert.gov.in/sites/default/files/2025-05/Monthly_Bulletin_January_2025.pdf
2025,1,Zincated 20-20-0-13,26815.58,https://fert.gov.in/sites/default/files/2025-05/Monthly_Bulletin_January_2025.pdf
2025,1,Zincated NPK 14-35-14,37000.0,https://fert.gov.in/sites/default/files/2025-05/Monthly_Bulletin_January_2025.pdf
2025,2,10-26-26,33000.65,https://fert.gov.in/sites/default/files/2025-07/Monthly_Bulletin_February_2025_english.pdf
2025,2,12-32-16,32032.42,https://fert.gov.in/sites/default/files/2025-07/Monthly_Bulletin_February_2025_english.pdf
2025,2,14-28-0-0,26800.0,https://fert.gov.in/sites/default/files/2025-07/Monthly_Bulletin_February_2025_english.pdf
2025,2,14-28-14,32500.0,https://fert.gov.in/sites/default/files/2025-07/Monthly_Bulletin_February_2025_english.pdf
2025,2,14-35-14,34800.0,https://fert.gov.in/sites/default/files/2025-07/Monthly_Bulletin_February_2025_english.pdf
2025,2,15-15-15,33000.0,https://fert.gov.in/sites/default/files/2025-07/Monthly_Bulletin_February_2025_english.pdf
2025,2,15-15-15-9,29000.0,https://fert.gov.in/sites/default/files/2025-07/Monthly_Bulletin_February_2025_english.pdf
2025,2,16-20-0-13,25263.16,https://fert.gov.in/sites/default/files/2025-07/Monthly_Bulletin_February_2025_english.pdf
2025,2,17-17-17,25000.0,https://fert.gov.in/sites/default/files/2025-07/Monthly_Bulletin_February_2025_english.pdf
2025,2,19-19-19,34500.0,https://fert.gov.in/sites/default/files/2025-07/Monthly_Bulletin_February_2025_english.pdf
2025,2,20-20-0,24385.51,https://fert.gov.in/sites/default/files/2025-07/Monthly_Bulletin_February_2025_english.pdf
2025,2,20-20-0-13,26584.89,https://fert.gov.in/sites/default/files/2025-07/Monthly_Bulletin_February_2025_english.pdf
2025,2,20-20-0-13(UAP),27000.0,https://fert.gov.in/sites/default/files/2025-07/Monthly_Bulletin_February_2025_english.pdf
2025,2,24-24-0,36607.14,https://fert.gov.in/sites/default/files/2025-07/Monthly_Bulletin_February_2025_english.pdf
2025,2,24-24-0-8,34000.0,https://fert.gov.in/sites/default/files/2025-07/Monthly_Bulletin_February_2025_english.pdf
2025,2,28-28-0,34019.32,https://fert.gov.in/sites/default/files/2025-07/Monthly_Bulletin_February_2025_english.pdf
2025,2,Amm Sulphate,18818.18,https://fert.gov.in/sites/default/files/2025-07/Monthly_Bulletin_February_2025_english.pdf
2025,2,DAP,27000.0,https://fert.gov.in/sites/default/files/2025-07/Monthly_Bulletin_February_2025_english.pdf
2025,2,FOM,10000.0,https://fert.gov.in/sites/default/files/2025-07/Monthly_Bulletin_February_2025_english.pdf
2025,2,FOM-Bulk,2079.99,https://fert.gov.in/sites/default/files/2025-07/Monthly_Bulletin_February_2025_english.pdf
2025,2,FOM-Packed,10027.19,https://fert.gov.in/sites/default/files/2025-07/Monthly_Bulletin_February_2025_english.pdf
2025,2,Imported 10-26-26,30866.26,https://fert.gov.in/sites/default/files/2025-07/Monthly_Bulletin_February_2025_english.pdf
2025,2,Imported 12-32-16,29434.23,https://fert.gov.in/sites/default/files/2025-07/Monthly_Bulletin_February_2025_english.pdf
2025,2,Imported 15-15-15,25000.0,https://fert.gov.in/sites/default/files/2025-07/Monthly_Bulletin_February_2025_english.pdf
2025,2,Imported 15-15-15-9,29048.0,https://fert.gov.in/sites/default/files/2025-07/Monthly_Bulletin_February_2025_english.pdf
2025,2,Imported 16-16-16,29000.0,https://fert.gov.in/sites/default/files/2025-07/Monthly_Bulletin_February_2025_english.pdf
2025,2,Imported 16-20-0-13,28991.99,https://fert.gov.in/sites/default/files/2025-07/Monthly_Bulletin_February_2025_english.pdf
2025,2,Imported 20-20-0-13,25792.29,https://fert.gov.in/sites/default/files/2025-07/Monthly_Bulletin_February_2025_english.pdf
2025,2,Imported DAP,27000.0,https://fert.gov.in/sites/default/files/2025-07/Monthly_Bulletin_February_2025_english.pdf
2025,2,Imported MAP,34000.0,https://fert.gov.in/sites/default/files/2025-07/Monthly_Bulletin_February_2025_english.pdf
2025,2,Imported TSP,26240.2,https://fert.gov.in/sites/default/files/2025-07/Monthly_Bulletin_February_2025_english.pdf
2025,2,LFOM-Bulk,1172.94,https://fert.gov.in/sites/default/files/2025-07/Monthly_Bulletin_February_2025_english.pdf
2025,2,MOP,30682.51,https://fert.gov.in/sites/default/files/2025-07/Monthly_Bulletin_February_2025_english.pdf
2025,2,NPK 11-30-14 (Mg-Zn-B-S) (40kg),45000.0,https://fert.gov.in/sites/default/files/2025-07/Monthly_Bulletin_February_2025_english.pdf
2025,2,"NPK 9-24-24 (Mg, Zn, S,B) (40 Kg)",47500.0,https://fert.gov.in/sites/default/files/2025-07/Monthly_Bulletin_February_2025_english.pdf
2025,2,PDM 0-0-14.5-0,16000.0,https://fert.gov.in/sites/default/files/2025-07/Monthly_Bulletin_February_2025_english.pdf
2025,2,PROM,9875.0,https://fert.gov.in/sites/default/files/2025-07/Monthly_Bulletin_February_2025_english.pdf
2025,2,PROM-Bulk,25600.0,https://fert.gov.in/sites/default/files/2025-07/Monthly_Bulletin_February_2025_english.pdf
2025,2,PROM-Packed,13189.34,https://fert.gov.in/sites/default/files/2025-07/Monthly_Bulletin_February_2025_english.pdf
2025,2,SSP-Boronated,11330.43,https://fert.gov.in/sites/default/files/2025-07/Monthly_Bulletin_February_2025_english.pdf
2025,2,"SSP-G (Mg,Zn, Bo)",14706.99,https://fert.gov.in/sites/default/files/2025-07/Monthly_Bulletin_February_2025_english.pdf
2025,2,SSP-Granular,10773.62,https://fert.gov.in/sites/default/files/2025-07/Monthly_Bulletin_February_2025_english.pdf
2025,2,SSP-Powdered,10066.33,https://fert.gov.in/sites/default/files/2025-07/Monthly_Bulletin_February_2025_english.pdf
2025,2,SSP-Zincated(Granular),11054.7,https://fert.gov.in/sites/default/files/2025-07/Monthly_Bulletin_February_2025_english.pdf
2025,2,SSP-Zincated(Powder),10421.29,https://fert.gov.in/sites/default/files/2025-07/Monthly_Bulletin_February_2025_english.pdf
2025,2,SSP-Zincated-Boronated(Granular),13556.28,https://fert.gov.in/sites/default/files/2025-07/Monthly_Bulletin_February_2025_english.pdf
2025,2,TSP,27090.91,https://fert.gov.in/sites/default/files/2025-07/Monthly_Bulletin_February_2025_english.pdf
2025,2,Urea,5360.0,https://fert.gov.in/sites/default/files/2025-07/Monthly_Bulletin_February_2025_english.pdf
2025,2,Urea-SSP Complex,13921.12,https://fert.gov.in/sites/default/files/2025-07/Monthly_Bulletin_February_2025_english.pdf
2025,2,Zinc and Boron NPK 8-21-21(40 Kg),45000.0,https://fert.gov.in/sites/default/files/2025-07/Monthly_Bulletin_February_2025_english.pdf
2025,2,Zincated 10-26-26,35000.0,https://fert.gov.in/sites/default/files/2025-07/Monthly_Bulletin_February_2025_english.pdf
2025,2,Zincated 20-20-0-13,26413.79,https://fert.gov.in/sites/default/files/2025-07/Monthly_Bulletin_February_2025_english.pdf
2025,2,Zincated NPK 14-35-14,37000.0,https://fert.gov.in/sites/default/files/2025-07/Monthly_Bulletin_February_2025_english.pdf
2025,3,10-26-26,32720.13,https://fert.gov.in/sites/default/files/2025-05/Monthly%20Bulletin%20March%202025%20%28Final%29.pdf
2025,3,12-32-16,31663.65,https://fert.gov.in/sites/default/files/2025-05/Monthly%20Bulletin%20March%202025%20%28Final%29.pdf
2025,3,14-28-0-0,26800.0,https://fert.gov.in/sites/default/files/2025-05/Monthly%20Bulletin%20March%202025%20%28Final%29.pdf
2025,3,14-28-14,32500.0,https://fert.gov.in/sites/default/files/2025-05/Monthly%20Bulletin%20March%202025%20%28Final%29.pdf
2025,3,14-35-14,34768.21,https://fert.gov.in/sites/default/files/2025-05/Monthly%20Bulletin%20March%202025%20%28Final%29.pdf
2025,3,15-15-15,33000.0,https://fert.gov.in/sites/default/files/2025-05/Monthly%20Bulletin%20March%202025%20%28Final%29.pdf
2025,3,15-15-15-9,29000.0,https://fert.gov.in/sites/default/files/2025-05/Monthly%20Bulletin%20March%202025%20%28Final%29.pdf
2025,3,16-20-0-13,25268.63,https://fert.gov.in/sites/default/files/2025-05/Monthly%20Bulletin%20March%202025%20%28Final%29.pdf
2025,3,17-17-17,25000.0,https://fert.gov.in/sites/default/files/2025-05/Monthly%20Bulletin%20March%202025%20%28Final%29.pdf
2025,3,19-19-19,34509.09,https://fert.gov.in/sites/default/files/2025-05/Monthly%20Bulletin%20March%202025%20%28Final%29.pdf
2025,3,20-20-0,24385.51,https://fert.gov.in/sites/default/files/2025-05/Monthly%20Bulletin%20March%202025%20%28Final%29.pdf
2025,3,20-20-0-13,26685.88,https://fert.gov.in/sites/default/files/2025-05/Monthly%20Bulletin%20March%202025%20%28Final%29.pdf
2025,3,20-20-0-13(UAP),27000.0,https://fert.gov.in/sites/default/files/2025-05/Monthly%20Bulletin%20March%202025%20%28Final%29.pdf
2025,3,24-24-0,37000.0,https://fert.gov.in/sites/default/files/2025-05/Monthly%20Bulletin%20March%202025%20%28Final%29.pdf
2025,3,24-24-0-8,34000.0,https://fert.gov.in/sites/default/files/2025-05/Monthly%20Bulletin%20March%202025%20%28Final%29.pdf
2025,3,28-28-0,34011.22,https://fert.gov.in/sites/default/files/2025-05/Monthly%20Bulletin%20March%202025%20%28Final%29.pdf
2025,3,Amm Sulphate,18821.43,https://fert.gov.in/sites/default/files/2025-05/Monthly%20Bulletin%20March%202025%20%28Final%29.pdf
2025,3,DAP,27000.0,https://fert.gov.in/sites/default/files/2025-05/Monthly%20Bulletin%20March%202025%20%28Final%29.pdf
2025,3,FOM,5500.0,https://fert.gov.in/sites/default/files/2025-05/Monthly%20Bulletin%20March%202025%20%28Final%29.pdf
2025,3,FOM-Bulk,2603.07,https://fert.gov.in/sites/default/files/2025-05/Monthly%20Bulletin%20March%202025%20%28Final%29.pdf
2025,3,FOM-Packed,9689.41,https://fert.gov.in/sites/default/files/2025-05/Monthly%20Bulletin%20March%202025%20%28Final%29.pdf
2025,3,Imported 10-26-26,32914.42,https://fert.gov.in/sites/default/files/2025-05/Monthly%20Bulletin%20March%202025%20%28Final%29.pdf
2025,3,Imported 12-32-16,30530.94,https://fert.gov.in/sites/default/files/2025-05/Monthly%20Bulletin%20March%202025%20%28Final%29.pdf
2025,3,Imported 15-15-15,25000.0,https://fert.gov.in/sites/default/files/2025-05/Monthly%20Bulletin%20March%202025%20%28Final%29.pdf
2025,3,Imported 15-15-15-9,29048.0,https://fert.gov.in/sites/default/files/2025-05/Monthly%20Bulletin%20March%202025%20%28Final%29.pdf
2025,3,Imported 16-16-16,29000.0,https://fert.gov.in/sites/default/files/2025-05/Monthly%20Bulletin%20March%202025%20%28Final%29.pdf
2025,3,Imported 16-20-0-13,29009.3,https://fert.gov.in/sites/default/files/2025-05/Monthly%20Bulletin%20March%202025%20%28Final%29.pdf
2025,3,Imported 20-20-0-13,26166.43,https://fert.gov.in/sites/default/files/2025-05/Monthly%20Bulletin%20March%202025%20%28Final%29.pdf
2025,3,Imported DAP,27000.0,https://fert.gov.in/sites/default/files/2025-05/Monthly%20Bulletin%20March%202025%20%28Final%29.pdf
2025,3,Imported MAP,34000.0,https://fert.gov.in/sites/default/files/2025-05/Monthly%20Bulletin%20March%202025%20%28Final%29.pdf
2025,3,Imported TSP,26241.38,https://fert.gov.in/sites/default/files/2025-05/Monthly%20Bulletin%20March%202025%20%28Final%29.pdf
2025,3,LFOM-Bulk,1391.71,https://fert.gov.in/sites/default/files/2025-05/Monthly%20Bulletin%20March%202025%20%28Final%29.pdf
2025,3,LFOM-Packed,9437.5,https://fert.gov.in/sites/default/files/2025-05/Monthly%20Bulletin%20March%202025%20%28Final%29.pdf
2025,3,MOP,30733.01,https://fert.gov.in/sites/default/files/2025-05/Monthly%20Bulletin%20March%202025%20%28Final%29.pdf
2025,3,NPK 11-30-14 (Mg-Zn-B-S) (40kg),45000.0,https://fert.gov.in/sites/default/files/2025-05/Monthly%20Bulletin%20March%202025%20%28Final%29.pdf
2025,3,"NPK 9-24-24 (Mg, Zn, S,B) (40 Kg)",47500.0,https://fert.gov.in/sites/default/files/2025-05/Monthly%20Bulletin%20March%202025%20%28Final%29.pdf
2025,3,PDM 0-0-14.5-0,16000.0,https://fert.gov.in/sites/default/files/2025-05/Monthly%20Bulletin%20March%202025%20%28Final%29.pdf
2025,3,PROM-Bulk,24571.43,https://fert.gov.in/sites/default/files/2025-05/Monthly%20Bulletin%20March%202025%20%28Final%29.pdf
2025,3,PROM-Packed,12630.8,https://fert.gov.in/sites/default/files/2025-05/Monthly%20Bulletin%20March%202025%20%28Final%29.pdf
2025,3,SSP-Boronated,11296.31,https://fert.gov.in/sites/default/files/2025-05/Monthly%20Bulletin%20March%202025%20%28Final%29.pdf
2025,3,"SSP-G (Mg,Zn, Bo)",14633.62,https://fert.gov.in/sites/default/files/2025-05/Monthly%20Bulletin%20March%202025%20%28Final%29.pdf
2025,3,SSP-Granular,10809.95,https://fert.gov.in/sites/default/files/2025-05/Monthly%20Bulletin%20March%202025%20%28Final%29.pdf
2025,3,SSP-Powdered,10072.16,https://fert.gov.in/sites/default/files/2025-05/Monthly%20Bulletin%20March%202025%20%28Final%29.pdf
2025,3,SSP-Zincated(Granular),10958.74,https://fert.gov.in/sites/default/files/2025-05/Monthly%20Bulletin%20March%202025%20%28Final%29.pdf
2025,3,SSP-Zincated(Powder),10329.64,https://fert.gov.in/sites/default/files/2025-05/Monthly%20Bulletin%20March%202025%20%28Final%29.pdf
2025,3,SSP-Zincated-Boronated(Granular),13496.07,https://fert.gov.in/sites/default/files/2025-05/Monthly%20Bulletin%20March%202025%20%28Final%29.pdf
2025,3,TSP,27038.46,https://fert.gov.in/sites/default/files/2025-05/Monthly%20Bulletin%20March%202025%20%28Final%29.pdf
2025,3,Urea,5360.0,https://fert.gov.in/sites/default/files/2025-05/Monthly%20Bulletin%20March%202025%20%28Final%29.pdf
2025,3,Urea-SSP Complex,13903.29,https://fert.gov.in/sites/default/files/2025-05/Monthly%20Bulletin%20March%202025%20%28Final%29.pdf
2025,3,Zinc and Boron NPK 8-21-21(40 Kg),45000.0,https://fert.gov.in/sites/default/files/2025-05/Monthly%20Bulletin%20March%202025%20%28Final%29.pdf
2025,3,Zincated 10-26-26,34333.33,https://fert.gov.in/sites/default/files/2025-05/Monthly%20Bulletin%20March%202025%20%28Final%29.pdf
2025,3,Zincated 20-20-0-13,26364.71,https://fert.gov.in/sites/default/files/2025-05/Monthly%20Bulletin%20March%202025%20%28Final%29.pdf
2025,3,Zincated NPK 14-35-14,37000.0,https://fert.gov.in/sites/default/files/2025-05/Monthly%20Bulletin%20March%202025%20%28Final%29.pdf
2025,4,10-26-26,33354.64,https://fert.gov.in/sites/default/files/2025-07/Monthly_Bulletin_April_2025.pdf
2025,4,12-32-16,32078.56,https://fert.gov.in/sites/default/files/2025-07/Monthly_Bulletin_April_2025.pdf
2025,4,14-28-0-0,26800.0,https://fert.gov.in/sites/default/files/2025-07/Monthly_Bulletin_April_2025.pdf
2025,4,14-28-14,32538.89,https://fert.gov.in/sites/default/files/2025-07/Monthly_Bulletin_April_2025.pdf
2025,4,14-35-14,34767.12,https://fert.gov.in/sites/default/files/2025-07/Monthly_Bulletin_April_2025.pdf
2025,4,15-15-15,33000.0,https://fert.gov.in/sites/default/files/2025-07/Monthly_Bulletin_April_2025.pdf
2025,4,15-15-15-9,29000.0,https://fert.gov.in/sites/default/files/2025-07/Monthly_Bulletin_April_2025.pdf
2025,4,16-20-0-13,25268.82,https://fert.gov.in/sites/default/files/2025-07/Monthly_Bulletin_April_2025.pdf
2025,4,17-17-17,25000.0,https://fert.gov.in/sites/default/files/2025-07/Monthly_Bulletin_April_2025.pdf
2025,4,19-19-19,34779.41,https://fert.gov.in/sites/default/files/2025-07/Monthly_Bulletin_April_2025.pdf
2025,4,20-20-0,24385.51,https://fert.gov.in/sites/default/files/2025-07/Monthly_Bulletin_April_2025.pdf
2025,4,20-20-0-13,27021.24,https://fert.gov.in/sites/default/files/2025-07/Monthly_Bulletin_April_2025.pdf
2025,4,20-20-0-13(UAP),27000.0,https://fert.gov.in/sites/default/files/2025-07/Monthly_Bulletin_April_2025.pdf
2025,4,24-24-0,37000.0,https://fert.gov.in/sites/default/files/2025-07/Monthly_Bulletin_April_2025.pdf
2025,4,24-24-0-8,34000.0,https://fert.gov.in/sites/default/files/2025-07/Monthly_Bulletin_April_2025.pdf
2025,4,28-28-0,34000.0,https://fert.gov.in/sites/default/files/2025-07/Monthly_Bulletin_April_2025.pdf
2025,4,Amm Sulphate,19221.52,https://fert.gov.in/sites/default/files/2025-07/Monthly_Bulletin_April_2025.pdf
2025,4,DAP,27000.0,https://fert.gov.in/sites/default/files/2025-07/Monthly_Bulletin_April_2025.pdf
2025,4,FOM,10000.0,https://fert.gov.in/sites/default/files/2025-07/Monthly_Bulletin_April_2025.pdf
2025,4,FOM-Bulk,2933.53,https://fert.gov.in/sites/default/files/2025-07/Monthly_Bulletin_April_2025.pdf
2025,4,FOM-Packed,10272.82,https://fert.gov.in/sites/default/files/2025-07/Monthly_Bulletin_April_2025.pdf
2025,4,Imported 10-26-26,33783.79,https://fert.gov.in/sites/default/files/2025-07/Monthly_Bulletin_April_2025.pdf
2025,4,Imported 12-32-16,31722.22,https://fert.gov.in/sites/default/files/2025-07/Monthly_Bulletin_April_2025.pdf
2025,4,Imported 15-15-15,25160.58,https://fert.gov.in/sites/default/files/2025-07/Monthly_Bulletin_April_2025.pdf
2025,4,Imported 15-15-15-9,29048.0,https://fert.gov.in/sites/default/files/2025-07/Monthly_Bulletin_April_2025.pdf
2025,4,Imported 16-16-16,29225.98,https://fert.gov.in/sites/default/files/2025-07/Monthly_Bulletin_April_2025.pdf
2025,4,Imported 16-20-0-13,29000.0,https://fert.gov.in/sites/default/files/2025-07/Monthly_Bulletin_April_2025.pdf
2025,4,Imported 20-20-0-13,26669.9,https://fert.gov.in/sites/default/files/2025-07/Monthly_Bulletin_April_2025.pdf
2025,4,Imported DAP,27000.0,https://fert.gov.in/sites/default/files/2025-07/Monthly_Bulletin_April_2025.pdf
2025,4,Imported MAP,34000.0,https://fert.gov.in/sites/default/files/2025-07/Monthly_Bulletin_April_2025.pdf
2025,4,Imported TSP,26241.38,https://fert.gov.in/sites/default/files/2025-07/Monthly_Bulletin_April_2025.pdf
2025,4,LFOM-Bulk,1870.46,https://fert.gov.in/sites/default/files/2025-07/Monthly_Bulletin_April_2025.pdf
2025,4,MOP,30759.33,https://fert.gov.in/sites/default/files/2025-07/Monthly_Bulletin_April_2025.pdf
2025,4,NPK 11-30-14 (Mg-Zn-B-S) (40kg),45000.0,https://fert.gov.in/sites/default/files/2025-07/Monthly_Bulletin_April_2025.pdf
2025,4,"NPK 9-24-24 (Mg, Zn, S,B) (40 Kg)",47500.0,https://fert.gov.in/sites/default/files/2025-07/Monthly_Bulletin_April_2025.pdf
2025,4,PDM 0-0-14.5-0,16000.0,https://fert.gov.in/sites/default/files/2025-07/Monthly_Bulletin_April_2025.pdf
2025,4,PROM-Bulk,25000.0,https://fert.gov.in/sites/default/files/2025-07/Monthly_Bulletin_April_2025.pdf
2025,4,PROM-Packed,14871.8,https://fert.gov.in/sites/default/files/2025-07/Monthly_Bulletin_April_2025.pdf
2025,4,SSP-Boronated,11309.99,https://fert.gov.in/sites/default/files/2025-07/Monthly_Bulletin_April_2025.pdf
2025,4,"SSP-G (Mg,Zn, Bo)",14632.84,https://fert.gov.in/sites/default/files/2025-07/Monthly_Bulletin_April_2025.pdf
2025,4,SSP-Granular,10880.96,https://fert.gov.in/sites/default/files/2025-07/Monthly_Bulletin_April_2025.pdf
2025,4,SSP-Powdered,10115.95,https://fert.gov.in/sites/default/files/2025-07/Monthly_Bulletin_April_2025.pdf
2025,4,SSP-Zincated(Granular),11034.55,https://fert.gov.in/sites/default/files/2025-07/Monthly_Bulletin_April_2025.pdf
2025,4,SSP-Zincated(Powder),10415.91,https://fert.gov.in/sites/default/files/2025-07/Monthly_Bulletin_April_2025.pdf
2025,4,SSP-Zincated-Boronated(Granular),13509.1,https://fert.gov.in/sites/default/files/2025-07/Monthly_Bulletin_April_2025.pdf
2025,4,TSP,27000.0,https://fert.gov.in/sites/default/files/2025-07/Monthly_Bulletin_April_2025.pdf
2025,4,Urea,5360.0,https://fert.gov.in/sites/default/files/2025-07/Monthly_Bulletin_April_2025.pdf
2025,4,Urea-SSP Complex,13887.05,https://fert.gov.in/sites/default/files/2025-07/Monthly_Bulletin_April_2025.pdf
2025,4,Zinc and Boron NPK 8-21-21(40 Kg),45000.0,https://fert.gov.in/sites/default/files/2025-07/Monthly_Bulletin_April_2025.pdf
2025,4,Zincated 10-26-26,33620.69,https://fert.gov.in/sites/default/files/2025-07/Monthly_Bulletin_April_2025.pdf
2025,4,Zincated 20-20-0-13,27145.04,https://fert.gov.in/sites/default/files/2025-07/Monthly_Bulletin_April_2025.pdf
2025,4,Zincated NPK 14-35-14,37000.0,https://fert.gov.in/sites/default/files/2025-07/Monthly_Bulletin_April_2025.pdf
2025,5,10-26-26,34447.54,https://fert.gov.in/sites/default/files/2025-07/Monthly_Bulletin_month_of_May_2025.pdf
2025,5,12-32-16,33406.25,https://fert.gov.in/sites/default/files/2025-07/Monthly_Bulletin_month_of_May_2025.pdf
2025,5,14-28-0-0,26800.0,https://fert.gov.in/sites/default/files/2025-07/Monthly_Bulletin_month_of_May_2025.pdf
2025,5,14-28-14,32944.44,https://fert.gov.in/sites/default/files/2025-07/Monthly_Bulletin_month_of_May_2025.pdf
2025,5,14-35-14,34800.0,https://fert.gov.in/sites/default/files/2025-07/Monthly_Bulletin_month_of_May_2025.pdf
2025,5,15-15-15,33000.0,https://fert.gov.in/sites/default/files/2025-07/Monthly_Bulletin_month_of_May_2025.pdf
2025,5,15-15-15-9,29000.0,https://fert.gov.in/sites/default/files/2025-07/Monthly_Bulletin_month_of_May_2025.pdf
2025,5,16-20-0-13,25263.16,https://fert.gov.in/sites/default/files/2025-07/Monthly_Bulletin_month_of_May_2025.pdf
2025,5,17-17-17,25000.0,https://fert.gov.in/sites/default/files/2025-07/Monthly_Bulletin_month_of_May_2025.pdf
2025,5,19-19-19,36000.0,https://fert.gov.in/sites/default/files/2025-07/Monthly_Bulletin_month_of_May_2025.pdf
2025,5,20-20-0,24408.6,https://fert.gov.in/sites/default/files/2025-07/Monthly_Bulletin_month_of_May_2025.pdf
2025,5,20-20-0-13,27030.35,https://fert.gov.in/sites/default/files/2025-07/Monthly_Bulletin_month_of_May_2025.pdf
2025,5,20-20-0-13(UAP),27000.0,https://fert.gov.in/sites/default/files/2025-07/Monthly_Bulletin_month_of_May_2025.pdf
2025,5,24-24-0,37000.0,https://fert.gov.in/sites/default/files/2025-07/Monthly_Bulletin_month_of_May_2025.pdf
2025,5,24-24-0-8,34000.0,https://fert.gov.in/sites/default/files/2025-07/Monthly_Bulletin_month_of_May_2025.pdf
2025,5,28-28-0,34000.0,https://fert.gov.in/sites/default/files/2025-07/Monthly_Bulletin_month_of_May_2025.pdf
2025,5,Amm Sulphate,19239.39,https://fert.gov.in/sites/default/files/2025-07/Monthly_Bulletin_month_of_May_2025.pdf
2025,5,DAP,27000.0,https://fert.gov.in/sites/default/files/2025-07/Monthly_Bulletin_month_of_May_2025.pdf
2025,5,FOM,8970.54,https://fert.gov.in/sites/default/files/2025-07/Monthly_Bulletin_month_of_May_2025.pdf
2025,5,FOM-Bulk,2965.67,https://fert.gov.in/sites/default/files/2025-07/Monthly_Bulletin_month_of_May_2025.pdf
2025,5,FOM-Packed,9737.68,https://fert.gov.in/sites/default/files/2025-07/Monthly_Bulletin_month_of_May_2025.pdf
2025,5,Imported 10-26-26,34476.29,https://fert.gov.in/sites/default/files/2025-07/Monthly_Bulletin_month_of_May_2025.pdf
2025,5,Imported 12-32-16,32535.94,https://fert.gov.in/sites/default/files/2025-07/Monthly_Bulletin_month_of_May_2025.pdf
2025,5,Imported 15-15-15,25107.01,https://fert.gov.in/sites/default/files/2025-07/Monthly_Bulletin_month_of_May_2025.pdf
2025,5,Imported 15-15-15-9,29048.0,https://fert.gov.in/sites/default/files/2025-07/Monthly_Bulletin_month_of_May_2025.pdf
2025,5,Imported 16-16-16,29499.44,https://fert.gov.in/sites/default/files/2025-07/Monthly_Bulletin_month_of_May_2025.pdf
2025,5,Imported 16-20-0-13,28999.68,https://fert.gov.in/sites/default/files/2025-07/Monthly_Bulletin_month_of_May_2025.pdf
2025,5,Imported 20-20-0-13,26893.95,https://fert.gov.in/sites/default/files/2025-07/Monthly_Bulletin_month_of_May_2025.pdf
2025,5,Imported DAP,27000.0,https://fert.gov.in/sites/default/files/2025-07/Monthly_Bulletin_month_of_May_2025.pdf
2025,5,Imported MAP,34000.0,https://fert.gov.in/sites/default/files/2025-07/Monthly_Bulletin_month_of_May_2025.pdf
2025,5,Imported TSP,26220.65,https://fert.gov.in/sites/default/files/2025-07/Monthly_Bulletin_month_of_May_2025.pdf
2025,5,LFOM,1500.0,https://fert.gov.in/sites/default/files/2025-07/Monthly_Bulletin_month_of_May_2025.pdf
2025,5,LFOM-Bulk,1763.55,https://fert.gov.in/sites/default/files/2025-07/Monthly_Bulletin_month_of_May_2025.pdf
2025,5,LFOM-Packed,5002.5,https://fert.gov.in/sites/default/files/2025-07/Monthly_Bulletin_month_of_May_2025.pdf
2025,5,MOP,30741.52,https://fert.gov.in/sites/default/files/2025-07/Monthly_Bulletin_month_of_May_2025.pdf
2025,5,NPK 11-30-14 (Mg-Zn-B-S) (40kg),45000.0,https://fert.gov.in/sites/default/files/2025-07/Monthly_Bulletin_month_of_May_2025.pdf
2025,5,"NPK 9-24-24 (Mg, Zn, S,B) (40 Kg)",47500.0,https://fert.gov.in/sites/default/files/2025-07/Monthly_Bulletin_month_of_May_2025.pdf
2025,5,PDM 0-0-14.5-0,16000.0,https://fert.gov.in/sites/default/files/2025-07/Monthly_Bulletin_month_of_May_2025.pdf
2025,5,PROM-Bulk,25000.0,https://fert.gov.in/sites/default/files/2025-07/Monthly_Bulletin_month_of_May_2025.pdf
2025,5,PROM-Packed,14398.0,https://fert.gov.in/sites/default/files/2025-07/Monthly_Bulletin_month_of_May_2025.pdf
2025,5,SSP-Boronated,11274.22,https://fert.gov.in/sites/default/files/2025-07/Monthly_Bulletin_month_of_May_2025.pdf
2025,5,"SSP-G (Mg,Zn, Bo)",14517.63,https://fert.gov.in/sites/default/files/2025-07/Monthly_Bulletin_month_of_May_2025.pdf
2025,5,SSP-Granular,10835.34,https://fert.gov.in/sites/default/files/2025-07/Monthly_Bulletin_month_of_May_2025.pdf
2025,5,SSP-Powdered,10108.92,https://fert.gov.in/sites/default/files/2025-07/Monthly_Bulletin_month_of_May_2025.pdf
2025,5,SSP-Zincated(Granular),11042.04,https://fert.gov.in/sites/default/files/2025-07/Monthly_Bulletin_month_of_May_2025.pdf
2025,5,SSP-Zincated(Powder),10369.53,https://fert.gov.in/sites/default/files/2025-07/Monthly_Bulletin_month_of_May_2025.pdf
2025,5,SSP-Zincated-Boronated(Granular),13439.72,https://fert.gov.in/sites/default/files/2025-07/Monthly_Bulletin_month_of_May_2025.pdf
2025,5,TSP,26836.07,https://fert.gov.in/sites/default/files/2025-07/Monthly_Bulletin_month_of_May_2025.pdf
2025,5,Urea,5360.0,https://fert.gov.in/sites/default/files/2025-07/Monthly_Bulletin_month_of_May_2025.pdf
2025,5,Urea-SSP Complex,13860.5,https://fert.gov.in/sites/default/files/2025-07/Monthly_Bulletin_month_of_May_2025.pdf
2025,5,Zinc and Boron NPK 8-21-21(40 Kg),45000.0,https://fert.gov.in/sites/default/files/2025-07/Monthly_Bulletin_month_of_May_2025.pdf
2025,5,Zincated 10-26-26,35000.0,https://fert.gov.in/sites/default/files/2025-07/Monthly_Bulletin_month_of_May_2025.pdf
2025,5,Zincated 20-20-0-13,28350.1,https://fert.gov.in/sites/default/files/2025-07/Monthly_Bulletin_month_of_May_2025.pdf
2025,5,Zincated NPK 14-35-14,37000.0,https://fert.gov.in/sites/default/files/2025-07/Monthly_Bulletin_month_of_May_2025.pdf
2025,6,10-26-26,34517.95,https://fert.gov.in/sites/default/files/2025-07/Monthly_Bulletin_month_June_2025.pdf
2025,6,12-32-16,33515.62,https://fert.gov.in/sites/default/files/2025-07/Monthly_Bulletin_month_June_2025.pdf
2025,6,14-28-0-0,28000.0,https://fert.gov.in/sites/default/files/2025-07/Monthly_Bulletin_month_June_2025.pdf
2025,6,14-28-14,32944.44,https://fert.gov.in/sites/default/files/2025-07/Monthly_Bulletin_month_June_2025.pdf
2025,6,14-35-14,34800.0,https://fert.gov.in/sites/default/files/2025-07/Monthly_Bulletin_month_June_2025.pdf
2025,6,15-15-15,33000.0,https://fert.gov.in/sites/default/files/2025-07/Monthly_Bulletin_month_June_2025.pdf
2025,6,15-15-15-9,30494.46,https://fert.gov.in/sites/default/files/2025-07/Monthly_Bulletin_month_June_2025.pdf
2025,6,16-20-0-13,25621.05,https://fert.gov.in/sites/default/files/2025-07/Monthly_Bulletin_month_June_2025.pdf
2025,6,17-17-17,25000.0,https://fert.gov.in/sites/default/files/2025-07/Monthly_Bulletin_month_June_2025.pdf
2025,6,19-19-19,36681.82,https://fert.gov.in/sites/default/files/2025-07/Monthly_Bulletin_month_June_2025.pdf
2025,6,20-20-0,24802.18,https://fert.gov.in/sites/default/files/2025-07/Monthly_Bulletin_month_June_2025.pdf
2025,6,20-20-0-13,27263.97,https://fert.gov.in/sites/default/files/2025-07/Monthly_Bulletin_month_June_2025.pdf
2025,6,20-20-0-13(UAP),27000.0,https://fert.gov.in/sites/default/files/2025-07/Monthly_Bulletin_month_June_2025.pdf
2025,6,24-24-0,37000.0,https://fert.gov.in/sites/default/files/2025-07/Monthly_Bulletin_month_June_2025.pdf
2025,6,24-24-0-8,34000.0,https://fert.gov.in/sites/default/files/2025-07/Monthly_Bulletin_month_June_2025.pdf
2025,6,28-28-0,34000.0,https://fert.gov.in/sites/default/files/2025-07/Monthly_Bulletin_month_June_2025.pdf
2025,6,Amm Sulphate,19244.58,https://fert.gov.in/sites/default/files/2025-07/Monthly_Bulletin_month_June_2025.pdf
2025,6,DAP,27000.73,https://fert.gov.in/sites/default/files/2025-07/Monthly_Bulletin_month_June_2025.pdf
2025,6,FOM,9000.37,https://fert.gov.in/sites/default/files/2025-07/Monthly_Bulletin_month_June_2025.pdf
2025,6,FOM-Bulk,2558.06,https://fert.gov.in/sites/default/files/2025-07/Monthly_Bulletin_month_June_2025.pdf
2025,6,FOM-Packed,9426.38,https://fert.gov.in/sites/default/files/2025-07/Monthly_Bulletin_month_June_2025.pdf
2025,6,Imported 10-26-26,34745.32,https://fert.gov.in/sites/default/files/2025-07/Monthly_Bulletin_month_June_2025.pdf
2025,6,Imported 12-32-16,32511.72,https://fert.gov.in/sites/default/files/2025-07/Monthly_Bulletin_month_June_2025.pdf
2025,6,Imported 15-15-15,25000.0,https://fert.gov.in/sites/default/files/2025-07/Monthly_Bulletin_month_June_2025.pdf
2025,6,Imported 15-15-15-9,29048.0,https://fert.gov.in/sites/default/files/2025-07/Monthly_Bulletin_month_June_2025.pdf
2025,6,Imported 16-16-16,29500.0,https://fert.gov.in/sites/default/files/2025-07/Monthly_Bulletin_month_June_2025.pdf
2025,6,Imported 16-20-0-13,28989.1,https://fert.gov.in/sites/default/files/2025-07/Monthly_Bulletin_month_June_2025.pdf
2025,6,Imported 17-17-17,33000.0,https://fert.gov.in/sites/default/files/2025-07/Monthly_Bulletin_month_June_2025.pdf
2025,6,Imported 20-20-0-13,27036.26,https://fert.gov.in/sites/default/files/2025-07/Monthly_Bulletin_month_June_2025.pdf
2025,6,Imported DAP,27000.0,https://fert.gov.in/sites/default/files/2025-07/Monthly_Bulletin_month_June_2025.pdf
2025,6,Imported MAP,34000.0,https://fert.gov.in/sites/default/files/2025-07/Monthly_Bulletin_month_June_2025.pdf
2025,6,Imported TSP,26000.0,https://fert.gov.in/sites/default/files/2025-07/Monthly_Bulletin_month_June_2025.pdf
2025,6,LFOM,750.0,https://fert.gov.in/sites/default/files/2025-07/Monthly_Bulletin_month_June_2025.pdf
2025,6,LFOM-Bulk,1291.06,https://fert.gov.in/sites/default/files/2025-07/Monthly_Bulletin_month_June_2025.pdf
2025,6,LFOM-Packed,500.0,https://fert.gov.in/sites/default/files/2025-07/Monthly_Bulletin_month_June_2025.pdf
2025,6,MOP,31499.45,https://fert.gov.in/sites/default/files/2025-07/Monthly_Bulletin_month_June_2025.pdf
2025,6,NPK 11-30-14 (Mg-Zn-B-S) (40kg),45000.0,https://fert.gov.in/sites/default/files/2025-07/Monthly_Bulletin_month_June_2025.pdf
2025,6,"NPK 9-24-24 (Mg, Zn, S,B) (40 Kg)",47500.0,https://fert.gov.in/sites/default/files/2025-07/Monthly_Bulletin_month_June_2025.pdf
2025,6,PDM 0-0-14.5-0,16000.0,https://fert.gov.in/sites/default/files/2025-07/Monthly_Bulletin_month_June_2025.pdf
2025,6,PROM-Bulk,25000.0,https://fert.gov.in/sites/default/files/2025-07/Monthly_Bulletin_month_June_2025.pdf
2025,6,PROM-Packed,13653.63,https://fert.gov.in/sites/default/files/2025-07/Monthly_Bulletin_month_June_2025.pdf
2025,6,SSP-Boronated,11285.04,https://fert.gov.in/sites/default/files/2025-07/Monthly_Bulletin_month_June_2025.pdf
2025,6,"SSP-G (Mg,Zn, Bo)",14524.16,https://fert.gov.in/sites/default/files/2025-07/Monthly_Bulletin_month_June_2025.pdf
2025,6,SSP-Granular,10853.64,https://fert.gov.in/sites/default/files/2025-07/Monthly_Bulletin_month_June_2025.pdf
2025,6,SSP-Powdered,10159.67,https://fert.gov.in/sites/default/files/2025-07/Monthly_Bulletin_month_June_2025.pdf
2025,6,SSP-Zincated(Granular),11063.37,https://fert.gov.in/sites/default/files/2025-07/Monthly_Bulletin_month_June_2025.pdf
2025,6,SSP-Zincated(Powder),10401.82,https://fert.gov.in/sites/default/files/2025-07/Monthly_Bulletin_month_June_2025.pdf
2025,6,SSP-Zincated-Boronated(Granular),13504.32,https://fert.gov.in/sites/default/files/2025-07/Monthly_Bulletin_month_June_2025.pdf
2025,6,TSP,26920.24,https://fert.gov.in/sites/default/files/2025-07/Monthly_Bulletin_month_June_2025.pdf
2025,6,Urea,5360.0,https://fert.gov.in/sites/default/files/2025-07/Monthly_Bulletin_month_June_2025.pdf
2025,6,Urea-SSP Complex,13893.13,https://fert.gov.in/sites/default/files/2025-07/Monthly_Bulletin_month_June_2025.pdf
2025,6,Zinc and Boron NPK 8-21-21(40 Kg),45000.0,https://fert.gov.in/sites/default/files/2025-07/Monthly_Bulletin_month_June_2025.pdf
2025,6,Zincated 10-26-26,35000.0,https://fert.gov.in/sites/default/files/2025-07/Monthly_Bulletin_month_June_2025.pdf
2025,6,Zincated 20-20-0-13,28990.64,https://fert.gov.in/sites/default/files/2025-07/Monthly_Bulletin_month_June_2025.pdf
2025,6,Zincated NPK 14-35-14,37000.0,https://fert.gov.in/sites/default/files/2025-07/Monthly_Bulletin_month_June_2025.pdf
2025,7,10-26-26,35437.5,https://fert.gov.in/sites/default/files/2026-01/Monthly%20Bulletin%20month%20of%20July%2C%202025_0.pdf
2025,7,12-32-16,33451.03,https://fert.gov.in/sites/default/files/2026-01/Monthly%20Bulletin%20month%20of%20July%2C%202025_0.pdf
2025,7,14-28-0-0,28000.0,https://fert.gov.in/sites/default/files/2026-01/Monthly%20Bulletin%20month%20of%20July%2C%202025_0.pdf
2025,7,14-28-14,32944.44,https://fert.gov.in/sites/default/files/2026-01/Monthly%20Bulletin%20month%20of%20July%2C%202025_0.pdf
2025,7,14-35-14,34800.0,https://fert.gov.in/sites/default/files/2026-01/Monthly%20Bulletin%20month%20of%20July%2C%202025_0.pdf
2025,7,15-15-15,33000.0,https://fert.gov.in/sites/default/files/2026-01/Monthly%20Bulletin%20month%20of%20July%2C%202025_0.pdf
2025,7,15-15-15-9,31918.92,https://fert.gov.in/sites/default/files/2026-01/Monthly%20Bulletin%20month%20of%20July%2C%202025_0.pdf
2025,7,16-20-0-13,25894.74,https://fert.gov.in/sites/default/files/2026-01/Monthly%20Bulletin%20month%20of%20July%2C%202025_0.pdf
2025,7,17-17-17,25000.0,https://fert.gov.in/sites/default/files/2026-01/Monthly%20Bulletin%20month%20of%20July%2C%202025_0.pdf
2025,7,19-19-19,37956.52,https://fert.gov.in/sites/default/files/2026-01/Monthly%20Bulletin%20month%20of%20July%2C%202025_0.pdf
2025,7,20-20-0,24802.18,https://fert.gov.in/sites/default/files/2026-01/Monthly%20Bulletin%20month%20of%20July%2C%202025_0.pdf
2025,7,20-20-0-13,27686.25,https://fert.gov.in/sites/default/files/2026-01/Monthly%20Bulletin%20month%20of%20July%2C%202025_0.pdf
2025,7,20-20-0-13(UAP),27064.52,https://fert.gov.in/sites/default/files/2026-01/Monthly%20Bulletin%20month%20of%20July%2C%202025_0.pdf
2025,7,24-24-0,37483.87,https://fert.gov.in/sites/default/files/2026-01/Monthly%20Bulletin%20month%20of%20July%2C%202025_0.pdf
2025,7,24-24-0-8,34000.0,https://fert.gov.in/sites/default/files/2026-01/Monthly%20Bulletin%20month%20of%20July%2C%202025_0.pdf
2025,7,28-28-0,34073.08,https://fert.gov.in/sites/default/files/2026-01/Monthly%20Bulletin%20month%20of%20July%2C%202025_0.pdf
2025,7,Amm Sulphate,19250.0,https://fert.gov.in/sites/default/files/2026-01/Monthly%20Bulletin%20month%20of%20July%2C%202025_0.pdf
2025,7,DAP,27000.0,https://fert.gov.in/sites/default/files/2026-01/Monthly%20Bulletin%20month%20of%20July%2C%202025_0.pdf
2025,7,FOM,9195.65,https://fert.gov.in/sites/default/files/2026-01/Monthly%20Bulletin%20month%20of%20July%2C%202025_0.pdf
2025,7,FOM-Bulk,2378.59,https://fert.gov.in/sites/default/files/2026-01/Monthly%20Bulletin%20month%20of%20July%2C%202025_0.pdf
2025,7,FOM-Packed,9992.97,https://fert.gov.in/sites/default/files/2026-01/Monthly%20Bulletin%20month%20of%20July%2C%202025_0.pdf
2025,7,Imported 10-26-26,35764.01,https://fert.gov.in/sites/default/files/2026-01/Monthly%20Bulletin%20month%20of%20July%2C%202025_0.pdf
2025,7,Imported 12-32-16,32479.17,https://fert.gov.in/sites/default/files/2026-01/Monthly%20Bulletin%20month%20of%20July%2C%202025_0.pdf
2025,7,Imported 15-15-15,25216.83,https://fert.gov.in/sites/default/files/2026-01/Monthly%20Bulletin%20month%20of%20July%2C%202025_0.pdf
2025,7,Imported 15-15-15-9,29048.0,https://fert.gov.in/sites/default/files/2026-01/Monthly%20Bulletin%20month%20of%20July%2C%202025_0.pdf
2025,7,Imported 16-16-16,32000.0,https://fert.gov.in/sites/default/files/2026-01/Monthly%20Bulletin%20month%20of%20July%2C%202025_0.pdf
2025,7,Imported 16-20-0-13,28990.24,https://fert.gov.in/sites/default/files/2026-01/Monthly%20Bulletin%20month%20of%20July%2C%202025_0.pdf
2025,7,Imported 17-17-17,31000.0,https://fert.gov.in/sites/default/files/2026-01/Monthly%20Bulletin%20month%20of%20July%2C%202025_0.pdf
2025,7,Imported 20-20-0,33000.0,https://fert.gov.in/sites/default/files/2026-01/Monthly%20Bulletin%20month%20of%20July%2C%202025_0.pdf
2025,7,Imported 20-20-0-13,27340.73,https://fert.gov.in/sites/default/files/2026-01/Monthly%20Bulletin%20month%20of%20July%2C%202025_0.pdf
2025,7,Imported DAP,27000.0,https://fert.gov.in/sites/default/files/2026-01/Monthly%20Bulletin%20month%20of%20July%2C%202025_0.pdf
2025,7,Imported MAP,34000.0,https://fert.gov.in/sites/default/files/2026-01/Monthly%20Bulletin%20month%20of%20July%2C%202025_0.pdf
2025,7,Imported TSP,26000.0,https://fert.gov.in/sites/default/files/2026-01/Monthly%20Bulletin%20month%20of%20July%2C%202025_0.pdf
2025,7,LFOM,1.0,https://fert.gov.in/sites/default/files/2026-01/Monthly%20Bulletin%20month%20of%20July%2C%202025_0.pdf
2025,7,LFOM-Bulk,519.13,https://fert.gov.in/sites/default/files/2026-01/Monthly%20Bulletin%20month%20of%20July%2C%202025_0.pdf
2025,7,LFOM-Packed,15000.0,https://fert.gov.in/sites/default/files/2026-01/Monthly%20Bulletin%20month%20of%20July%2C%202025_0.pdf
2025,7,MOP,33179.37,https://fert.gov.in/sites/default/files/2026-01/Monthly%20Bulletin%20month%20of%20July%2C%202025_0.pdf
2025,7,NPK 11-30-14 (Mg-Zn-B-S) (40kg),45000.0,https://fert.gov.in/sites/default/files/2026-01/Monthly%20Bulletin%20month%20of%20July%2C%202025_0.pdf
2025,7,"NPK 9-24-24 (Mg, Zn, S,B) (40 Kg)",49112.9,https://fert.gov.in/sites/default/files/2026-01/Monthly%20Bulletin%20month%20of%20July%2C%202025_0.pdf
2025,7,PDM 0-0-14.5-0,16000.0,https://fert.gov.in/sites/default/files/2026-01/Monthly%20Bulletin%20month%20of%20July%2C%202025_0.pdf
2025,7,PROM-Packed,12428.78,https://fert.gov.in/sites/default/files/2026-01/Monthly%20Bulletin%20month%20of%20July%2C%202025_0.pdf
2025,7,SSP-Boronated,11273.13,https://fert.gov.in/sites/default/files/2026-01/Monthly%20Bulletin%20month%20of%20July%2C%202025_0.pdf
2025,7,"SSP-G (Mg,Zn, Bo)",14249.83,https://fert.gov.in/sites/default/files/2026-01/Monthly%20Bulletin%20month%20of%20July%2C%202025_0.pdf
2025,7,SSP-Granular,10859.31,https://fert.gov.in/sites/default/files/2026-01/Monthly%20Bulletin%20month%20of%20July%2C%202025_0.pdf
2025,7,SSP-Powdered,10187.02,https://fert.gov.in/sites/default/files/2026-01/Monthly%20Bulletin%20month%20of%20July%2C%202025_0.pdf
2025,7,SSP-Zincated(Granular),11090.16,https://fert.gov.in/sites/default/files/2026-01/Monthly%20Bulletin%20month%20of%20July%2C%202025_0.pdf
2025,7,SSP-Zincated(Powder),10421.33,https://fert.gov.in/sites/default/files/2026-01/Monthly%20Bulletin%20month%20of%20July%2C%202025_0.pdf
2025,7,SSP-Zincated-Boronated(Granular),13391.25,https://fert.gov.in/sites/default/files/2026-01/Monthly%20Bulletin%20month%20of%20July%2C%202025_0.pdf
2025,7,TSP,26927.15,https://fert.gov.in/sites/default/files/2026-01/Monthly%20Bulletin%20month%20of%20July%2C%202025_0.pdf
2025,7,Urea,5360.0,https://fert.gov.in/sites/default/files/2026-01/Monthly%20Bulletin%20month%20of%20July%2C%202025_0.pdf
2025,7,Urea-SSP Complex,13992.37,https://fert.gov.in/sites/default/files/2026-01/Monthly%20Bulletin%20month%20of%20July%2C%202025_0.pdf
2025,7,Zinc and Boron NPK 8-21-21(40 Kg),49092.74,https://fert.gov.in/sites/default/files/2026-01/Monthly%20Bulletin%20month%20of%20July%2C%202025_0.pdf
2025,7,Zincated 10-26-26,35000.0,https://fert.gov.in/sites/default/files/2026-01/Monthly%20Bulletin%20month%20of%20July%2C%202025_0.pdf
2025,7,Zincated 20-20-0-13,29167.95,https://fert.gov.in/sites/default/files/2026-01/Monthly%20Bulletin%20month%20of%20July%2C%202025_0.pdf
2025,7,Zincated NPK 14-35-14,37000.0,https://fert.gov.in/sites/default/files/2026-01/Monthly%20Bulletin%20month%20of%20July%2C%202025_0.pdf
2025,8,10-26-26,35822.69,https://fert.gov.in/sites/default/files/2025-09/Monthly%20Bulletin%20month%20of%20August%202025.pdf
2025,8,12-32-16,33558.92,https://fert.gov.in/sites/default/files/2025-09/Monthly%20Bulletin%20month%20of%20August%202025.pdf
2025,8,14-28-0-0,28225.81,https://fert.gov.in/sites/default/files/2025-09/Monthly%20Bulletin%20month%20of%20August%202025.pdf
2025,8,14-28-14,33000.0,https://fert.gov.in/sites/default/files/2025-09/Monthly%20Bulletin%20month%20of%20August%202025.pdf
2025,8,14-35-14,35108.96,https://fert.gov.in/sites/default/files/2025-09/Monthly%20Bulletin%20month%20of%20August%202025.pdf
2025,8,15-15-15,33000.0,https://fert.gov.in/sites/default/files/2025-09/Monthly%20Bulletin%20month%20of%20August%202025.pdf
2025,8,15-15-15-9,31918.92,https://fert.gov.in/sites/default/files/2025-09/Monthly%20Bulletin%20month%20of%20August%202025.pdf
2025,8,16-20-0-13,25894.74,https://fert.gov.in/sites/default/files/2025-09/Monthly%20Bulletin%20month%20of%20August%202025.pdf
2025,8,17-17-17,25000.0,https://fert.gov.in/sites/default/files/2025-09/Monthly%20Bulletin%20month%20of%20August%202025.pdf
2025,8,19-19-19,39000.0,https://fert.gov.in/sites/default/files/2025-09/Monthly%20Bulletin%20month%20of%20August%202025.pdf
2025,8,20-20-0,24802.18,https://fert.gov.in/sites/default/files/2025-09/Monthly%20Bulletin%20month%20of%20August%202025.pdf
2025,8,20-20-0-13,28004.8,https://fert.gov.in/sites/default/files/2025-09/Monthly%20Bulletin%20month%20of%20August%202025.pdf
2025,8,20-20-0-13(UAP),28000.0,https://fert.gov.in/sites/default/files/2025-09/Monthly%20Bulletin%20month%20of%20August%202025.pdf
2025,8,24-24-0,38000.0,https://fert.gov.in/sites/default/files/2025-09/Monthly%20Bulletin%20month%20of%20August%202025.pdf
2025,8,24-24-0-8,34000.0,https://fert.gov.in/sites/default/files/2025-09/Monthly%20Bulletin%20month%20of%20August%202025.pdf
2025,8,28-28-0,34653.63,https://fert.gov.in/sites/default/files/2025-09/Monthly%20Bulletin%20month%20of%20August%202025.pdf
2025,8,Amm Sulphate,19250.0,https://fert.gov.in/sites/default/files/2025-09/Monthly%20Bulletin%20month%20of%20August%202025.pdf
2025,8,DAP,27000.0,https://fert.gov.in/sites/default/files/2025-09/Monthly%20Bulletin%20month%20of%20August%202025.pdf
2025,8,FOM,9000.0,https://fert.gov.in/sites/default/files/2025-09/Monthly%20Bulletin%20month%20of%20August%202025.pdf
2025,8,FOM-Bulk,3191.52,https://fert.gov.in/sites/default/files/2025-09/Monthly%20Bulletin%20month%20of%20August%202025.pdf
2025,8,FOM-Packed,9479.52,https://fert.gov.in/sites/default/files/2025-09/Monthly%20Bulletin%20month%20of%20August%202025.pdf
2025,8,Imported 10-26-26,36077.34,https://fert.gov.in/sites/default/files/2025-09/Monthly%20Bulletin%20month%20of%20August%202025.pdf
2025,8,Imported 12-32-16,32749.27,https://fert.gov.in/sites/default/files/2025-09/Monthly%20Bulletin%20month%20of%20August%202025.pdf
2025,8,Imported 15-15-15,25023.39,https://fert.gov.in/sites/default/files/2025-09/Monthly%20Bulletin%20month%20of%20August%202025.pdf
2025,8,Imported 15-15-15-9,29041.94,https://fert.gov.in/sites/default/files/2025-09/Monthly%20Bulletin%20month%20of%20August%202025.pdf
2025,8,Imported 16-16-16,32000.0,https://fert.gov.in/sites/default/files/2025-09/Monthly%20Bulletin%20month%20of%20August%202025.pdf
2025,8,Imported 16-20-0-13,28823.63,https://fert.gov.in/sites/default/files/2025-09/Monthly%20Bulletin%20month%20of%20August%202025.pdf
2025,8,Imported 20-20-0,27000.0,https://fert.gov.in/sites/default/files/2025-09/Monthly%20Bulletin%20month%20of%20August%202025.pdf
2025,8,Imported 20-20-0-13,27643.27,https://fert.gov.in/sites/default/files/2025-09/Monthly%20Bulletin%20month%20of%20August%202025.pdf
2025,8,Imported DAP,27000.0,https://fert.gov.in/sites/default/files/2025-09/Monthly%20Bulletin%20month%20of%20August%202025.pdf
2025,8,Imported MAP,34000.0,https://fert.gov.in/sites/default/files/2025-09/Monthly%20Bulletin%20month%20of%20August%202025.pdf
2025,8,Imported TSP,26000.0,https://fert.gov.in/sites/default/files/2025-09/Monthly%20Bulletin%20month%20of%20August%202025.pdf
2025,8,LFOM-Bulk,996.06,https://fert.gov.in/sites/default/files/2025-09/Monthly%20Bulletin%20month%20of%20August%202025.pdf
2025,8,LFOM-Packed,50.0,https://fert.gov.in/sites/default/files/2025-09/Monthly%20Bulletin%20month%20of%20August%202025.pdf
2025,8,MOP,34583.36,https://fert.gov.in/sites/default/files/2025-09/Monthly%20Bulletin%20month%20of%20August%202025.pdf
2025,8,NPK 11-30-14 (Mg-Zn-B-S) (40kg),45000.0,https://fert.gov.in/sites/default/files/2025-09/Monthly%20Bulletin%20month%20of%20August%202025.pdf
2025,8,"NPK 9-24-24 (Mg, Zn, S,B) (40 Kg)",50833.33,https://fert.gov.in/sites/default/files/2025-09/Monthly%20Bulletin%20month%20of%20August%202025.pdf
2025,8,PDM 0-0-14.5-0,16000.0,https://fert.gov.in/sites/default/files/2025-09/Monthly%20Bulletin%20month%20of%20August%202025.pdf
2025,8,PROM-Bulk,25000.0,https://fert.gov.in/sites/default/files/2025-09/Monthly%20Bulletin%20month%20of%20August%202025.pdf
2025,8,PROM-Packed,12778.37,https://fert.gov.in/sites/default/files/2025-09/Monthly%20Bulletin%20month%20of%20August%202025.pdf
2025,8,SSP-Boronated,11216.98,https://fert.gov.in/sites/default/files/2025-09/Monthly%20Bulletin%20month%20of%20August%202025.pdf
2025,8,"SSP-G (Mg,Zn, Bo)",14154.89,https://fert.gov.in/sites/default/files/2025-09/Monthly%20Bulletin%20month%20of%20August%202025.pdf
2025,8,SSP-Granular,10780.13,https://fert.gov.in/sites/default/files/2025-09/Monthly%20Bulletin%20month%20of%20August%202025.pdf
2025,8,SSP-Powdered,10120.76,https://fert.gov.in/sites/default/files/2025-09/Monthly%20Bulletin%20month%20of%20August%202025.pdf
2025,8,SSP-Zincated(Granular),11012.06,https://fert.gov.in/sites/default/files/2025-09/Monthly%20Bulletin%20month%20of%20August%202025.pdf
2025,8,SSP-Zincated(Powder),10365.78,https://fert.gov.in/sites/default/files/2025-09/Monthly%20Bulletin%20month%20of%20August%202025.pdf
2025,8,SSP-Zincated-Boronated(Granular),13306.5,https://fert.gov.in/sites/default/files/2025-09/Monthly%20Bulletin%20month%20of%20August%202025.pdf
2025,8,TSP,26918.18,https://fert.gov.in/sites/default/files/2025-09/Monthly%20Bulletin%20month%20of%20August%202025.pdf
2025,8,Urea,5360.0,https://fert.gov.in/sites/default/files/2025-09/Monthly%20Bulletin%20month%20of%20August%202025.pdf
2025,8,Urea-SSP Complex,13972.72,https://fert.gov.in/sites/default/files/2025-09/Monthly%20Bulletin%20month%20of%20August%202025.pdf
2025,8,Zinc and Boron NPK 8-21-21(40 Kg),49375.0,https://fert.gov.in/sites/default/files/2025-09/Monthly%20Bulletin%20month%20of%20August%202025.pdf
2025,8,Zincated 10-26-26,35000.0,https://fert.gov.in/sites/default/files/2025-09/Monthly%20Bulletin%20month%20of%20August%202025.pdf
2025,8,Zincated 20-20-0-13,29657.51,https://fert.gov.in/sites/default/files/2025-09/Monthly%20Bulletin%20month%20of%20August%202025.pdf
2025,8,Zincated NPK 14-35-14,37000.0,https://fert.gov.in/sites/default/files/2025-09/Monthly%20Bulletin%20month%20of%20August%202025.pdf
2025,9,10-26-26,35979.86,https://fert.gov.in/sites/default/files/2025-10/monthly%20bulletin%20sep%202025.pdf
2025,9,12-32-16,33529.08,https://fert.gov.in/sites/default/files/2025-10/monthly%20bulletin%20sep%202025.pdf
2025,9,14-28-0-0,29000.0,https://fert.gov.in/sites/default/files/2025-10/monthly%20bulletin%20sep%202025.pdf
2025,9,14-28-14,33000.0,https://fert.gov.in/sites/default/files/2025-10/monthly%20bulletin%20sep%202025.pdf
2025,9,14-35-14,35637.58,https://fert.gov.in/sites/default/files/2025-10/monthly%20bulletin%20sep%202025.pdf
2025,9,15-15-15,33000.0,https://fert.gov.in/sites/default/files/2025-10/monthly%20bulletin%20sep%202025.pdf
2025,9,15-15-15-9,31921.55,https://fert.gov.in/sites/default/files/2025-10/monthly%20bulletin%20sep%202025.pdf
2025,9,16-20-0-13,26455.03,https://fert.gov.in/sites/default/files/2025-10/monthly%20bulletin%20sep%202025.pdf
2025,9,17-17-17,25000.0,https://fert.gov.in/sites/default/files/2025-10/monthly%20bulletin%20sep%202025.pdf
2025,9,19-19-19,39000.0,https://fert.gov.in/sites/default/files/2025-10/monthly%20bulletin%20sep%202025.pdf
2025,9,20-20-0,24802.18,https://fert.gov.in/sites/default/files/2025-10/monthly%20bulletin%20sep%202025.pdf
2025,9,20-20-0-13,28363.66,https://fert.gov.in/sites/default/files/2025-10/monthly%20bulletin%20sep%202025.pdf
2025,9,20-20-0-13(UAP),28000.0,https://fert.gov.in/sites/default/files/2025-10/monthly%20bulletin%20sep%202025.pdf
2025,9,24-24-0,38000.0,https://fert.gov.in/sites/default/files/2025-10/monthly%20bulletin%20sep%202025.pdf
2025,9,24-24-0-8,33984.66,https://fert.gov.in/sites/default/files/2025-10/monthly%20bulletin%20sep%202025.pdf
2025,9,28-28-0,35698.44,https://fert.gov.in/sites/default/files/2025-10/monthly%20bulletin%20sep%202025.pdf
2025,9,Amm Sulphate,19250.0,https://fert.gov.in/sites/default/files/2025-10/monthly%20bulletin%20sep%202025.pdf
2025,9,DAP,27000.0,https://fert.gov.in/sites/default/files/2025-10/monthly%20bulletin%20sep%202025.pdf
2025,9,FOM,9000.0,https://fert.gov.in/sites/default/files/2025-10/monthly%20bulletin%20sep%202025.pdf
2025,9,FOM-Bulk,2964.26,https://fert.gov.in/sites/default/files/2025-10/monthly%20bulletin%20sep%202025.pdf
2025,9,FOM-Packed,9829.42,https://fert.gov.in/sites/default/files/2025-10/monthly%20bulletin%20sep%202025.pdf
2025,9,Imported 10-26-26,36054.68,https://fert.gov.in/sites/default/files/2025-10/monthly%20bulletin%20sep%202025.pdf
2025,9,Imported 12-32-16,32522.54,https://fert.gov.in/sites/default/files/2025-10/monthly%20bulletin%20sep%202025.pdf
2025,9,Imported 15-15-15,25000.0,https://fert.gov.in/sites/default/files/2025-10/monthly%20bulletin%20sep%202025.pdf
2025,9,Imported 15-15-15-9,29041.57,https://fert.gov.in/sites/default/files/2025-10/monthly%20bulletin%20sep%202025.pdf
2025,9,Imported 16-16-16,32000.0,https://fert.gov.in/sites/default/files/2025-10/monthly%20bulletin%20sep%202025.pdf
2025,9,Imported 16-20-0-13,28506.17,https://fert.gov.in/sites/default/files/2025-10/monthly%20bulletin%20sep%202025.pdf
2025,9,Imported 20-20-0,27000.0,https://fert.gov.in/sites/default/files/2025-10/monthly%20bulletin%20sep%202025.pdf
2025,9,Imported 20-20-0-13,28106.62,https://fert.gov.in/sites/default/files/2025-10/monthly%20bulletin%20sep%202025.pdf
2025,9,Imported DAP,27005.1,https://fert.gov.in/sites/default/files/2025-10/monthly%20bulletin%20sep%202025.pdf
2025,9,Imported MAP,34000.0,https://fert.gov.in/sites/default/files/2025-10/monthly%20bulletin%20sep%202025.pdf
2025,9,Imported TSP,26000.0,https://fert.gov.in/sites/default/files/2025-10/monthly%20bulletin%20sep%202025.pdf
2025,9,LFOM-Bulk,1271.29,https://fert.gov.in/sites/default/files/2025-10/monthly%20bulletin%20sep%202025.pdf
2025,9,MOP,35794.05,https://fert.gov.in/sites/default/files/2025-10/monthly%20bulletin%20sep%202025.pdf
2025,9,NPK 11-30-14 (Mg-Zn-B-S) (40kg),48791.67,https://fert.gov.in/sites/default/files/2025-10/monthly%20bulletin%20sep%202025.pdf
2025,9,"NPK 9-24-24 (Mg, Zn, S,B) (40 Kg)",50870.79,https://fert.gov.in/sites/default/files/2025-10/monthly%20bulletin%20sep%202025.pdf
2025,9,PDM 0-0-14.5-0,16000.0,https://fert.gov.in/sites/default/files/2025-10/monthly%20bulletin%20sep%202025.pdf
2025,9,PROM-Bulk,25000.0,https://fert.gov.in/sites/default/files/2025-10/monthly%20bulletin%20sep%202025.pdf
2025,9,PROM-Packed,13824.02,https://fert.gov.in/sites/default/files/2025-10/monthly%20bulletin%20sep%202025.pdf
2025,9,SSP-Boronated,11239.55,https://fert.gov.in/sites/default/files/2025-10/monthly%20bulletin%20sep%202025.pdf
2025,9,"SSP-G (Mg,Zn, Bo)",14188.14,https://fert.gov.in/sites/default/files/2025-10/monthly%20bulletin%20sep%202025.pdf
2025,9,SSP-Granular,10735.93,https://fert.gov.in/sites/default/files/2025-10/monthly%20bulletin%20sep%202025.pdf
2025,9,SSP-Powdered,10067.26,https://fert.gov.in/sites/default/files/2025-10/monthly%20bulletin%20sep%202025.pdf
2025,9,SSP-Zincated(Granular),10965.91,https://fert.gov.in/sites/default/files/2025-10/monthly%20bulletin%20sep%202025.pdf
2025,9,SSP-Zincated(Powder),10324.53,https://fert.gov.in/sites/default/files/2025-10/monthly%20bulletin%20sep%202025.pdf
2025,9,SSP-Zincated-Boronated(Granular),13224.68,https://fert.gov.in/sites/default/files/2025-10/monthly%20bulletin%20sep%202025.pdf
2025,9,TSP,26924.66,https://fert.gov.in/sites/default/files/2025-10/monthly%20bulletin%20sep%202025.pdf
2025,9,Urea,5360.0,https://fert.gov.in/sites/default/files/2025-10/monthly%20bulletin%20sep%202025.pdf
2025,9,Urea-SSP Complex,14415.54,https://fert.gov.in/sites/default/files/2025-10/monthly%20bulletin%20sep%202025.pdf
2025,9,Zinc and Boron NPK 8-21-21(40 Kg),49375.0,https://fert.gov.in/sites/default/files/2025-10/monthly%20bulletin%20sep%202025.pdf
2025,9,Zincated 10-26-26,35000.0,https://fert.gov.in/sites/default/files/2025-10/monthly%20bulletin%20sep%202025.pdf
2025,9,Zincated 20-20-0-13,29651.84,https://fert.gov.in/sites/default/files/2025-10/monthly%20bulletin%20sep%202025.pdf
2025,9,Zincated NPK 14-35-14,37000.0,https://fert.gov.in/sites/default/files/2025-10/monthly%20bulletin%20sep%202025.pdf
2025,10,10-26-26,37208.12,https://fert.gov.in/sites/default/files/2026-01/Monthly%20Bulletin%20month%20of%20October%202025.pdf
2025,10,12-32-16,34684.48,https://fert.gov.in/sites/default/files/2026-01/Monthly%20Bulletin%20month%20of%20October%202025.pdf
2025,10,14-28-0-0,29000.0,https://fert.gov.in/sites/default/files/2026-01/Monthly%20Bulletin%20month%20of%20October%202025.pdf
2025,10,14-28-14,33000.0,https://fert.gov.in/sites/default/files/2026-01/Monthly%20Bulletin%20month%20of%20October%202025.pdf
2025,10,14-35-14,35987.1,https://fert.gov.in/sites/default/files/2026-01/Monthly%20Bulletin%20month%20of%20October%202025.pdf
2025,10,15-15-15,33000.0,https://fert.gov.in/sites/default/files/2026-01/Monthly%20Bulletin%20month%20of%20October%202025.pdf
2025,10,15-15-15-9,32452.48,https://fert.gov.in/sites/default/files/2026-01/Monthly%20Bulletin%20month%20of%20October%202025.pdf
2025,10,16-20-0-13,26852.29,https://fert.gov.in/sites/default/files/2026-01/Monthly%20Bulletin%20month%20of%20October%202025.pdf
2025,10,17-17-17,25000.0,https://fert.gov.in/sites/default/files/2026-01/Monthly%20Bulletin%20month%20of%20October%202025.pdf
2025,10,19-19-19,39000.0,https://fert.gov.in/sites/default/files/2026-01/Monthly%20Bulletin%20month%20of%20October%202025.pdf
2025,10,20-20-0,24802.18,https://fert.gov.in/sites/default/files/2026-01/Monthly%20Bulletin%20month%20of%20October%202025.pdf
2025,10,20-20-0-13,28653.36,https://fert.gov.in/sites/default/files/2026-01/Monthly%20Bulletin%20month%20of%20October%202025.pdf
2025,10,20-20-0-13(UAP),28000.0,https://fert.gov.in/sites/default/files/2026-01/Monthly%20Bulletin%20month%20of%20October%202025.pdf
2025,10,24-24-0,38000.0,https://fert.gov.in/sites/default/files/2026-01/Monthly%20Bulletin%20month%20of%20October%202025.pdf
2025,10,24-24-0-8,34000.0,https://fert.gov.in/sites/default/files/2026-01/Monthly%20Bulletin%20month%20of%20October%202025.pdf
2025,10,28-28-0,36112.04,https://fert.gov.in/sites/default/files/2026-01/Monthly%20Bulletin%20month%20of%20October%202025.pdf
2025,10,Amm Sulphate,19250.0,https://fert.gov.in/sites/default/files/2026-01/Monthly%20Bulletin%20month%20of%20October%202025.pdf
2025,10,DAP,27000.0,https://fert.gov.in/sites/default/files/2026-01/Monthly%20Bulletin%20month%20of%20October%202025.pdf
2025,10,FOM,8939.39,https://fert.gov.in/sites/default/files/2026-01/Monthly%20Bulletin%20month%20of%20October%202025.pdf
2025,10,FOM-Bulk,2812.78,https://fert.gov.in/sites/default/files/2026-01/Monthly%20Bulletin%20month%20of%20October%202025.pdf
2025,10,FOM-Packed,9545.4,https://fert.gov.in/sites/default/files/2026-01/Monthly%20Bulletin%20month%20of%20October%202025.pdf
2025,10,Imported 10-26-26,37121.5,https://fert.gov.in/sites/default/files/2026-01/Monthly%20Bulletin%20month%20of%20October%202025.pdf
2025,10,Imported 12-32-16,33104.17,https://fert.gov.in/sites/default/files/2026-01/Monthly%20Bulletin%20month%20of%20October%202025.pdf
2025,10,Imported 15-15-15,25000.0,https://fert.gov.in/sites/default/files/2026-01/Monthly%20Bulletin%20month%20of%20October%202025.pdf
2025,10,Imported 15-15-15-9,29373.17,https://fert.gov.in/sites/default/files/2026-01/Monthly%20Bulletin%20month%20of%20October%202025.pdf
2025,10,Imported 16-16-16,33500.0,https://fert.gov.in/sites/default/files/2026-01/Monthly%20Bulletin%20month%20of%20October%202025.pdf
2025,10,Imported 16-20-0-13,28561.03,https://fert.gov.in/sites/default/files/2026-01/Monthly%20Bulletin%20month%20of%20October%202025.pdf
2025,10,Imported 20-20-0,27000.0,https://fert.gov.in/sites/default/files/2026-01/Monthly%20Bulletin%20month%20of%20October%202025.pdf
2025,10,Imported 20-20-0-13,28465.36,https://fert.gov.in/sites/default/files/2026-01/Monthly%20Bulletin%20month%20of%20October%202025.pdf
2025,10,Imported DAP,26999.7,https://fert.gov.in/sites/default/files/2026-01/Monthly%20Bulletin%20month%20of%20October%202025.pdf
2025,10,Imported MAP,34000.0,https://fert.gov.in/sites/default/files/2026-01/Monthly%20Bulletin%20month%20of%20October%202025.pdf
2025,10,Imported Neem Coated Urea(45 Kg),27000.0,https://fert.gov.in/sites/default/files/2026-01/Monthly%20Bulletin%20month%20of%20October%202025.pdf
2025,10,Imported TSP,26000.0,https://fert.gov.in/sites/default/files/2026-01/Monthly%20Bulletin%20month%20of%20October%202025.pdf
2025,10,LFOM-Bulk,1247.31,https://fert.gov.in/sites/default/files/2026-01/Monthly%20Bulletin%20month%20of%20October%202025.pdf
2025,10,LFOM-Packed,4650.0,https://fert.gov.in/sites/default/files/2026-01/Monthly%20Bulletin%20month%20of%20October%202025.pdf
2025,10,MOP,35884.69,https://fert.gov.in/sites/default/files/2026-01/Monthly%20Bulletin%20month%20of%20October%202025.pdf
2025,10,NPK 11-30-14 (Mg-Zn-B-S) (40kg),49375.0,https://fert.gov.in/sites/default/files/2026-01/Monthly%20Bulletin%20month%20of%20October%202025.pdf
2025,10,"NPK 9-24-24 (Mg, Zn, S,B) (40 Kg)",50833.33,https://fert.gov.in/sites/default/files/2026-01/Monthly%20Bulletin%20month%20of%20October%202025.pdf
2025,10,PDM 0-0-14.5-0,16954.54,https://fert.gov.in/sites/default/files/2026-01/Monthly%20Bulletin%20month%20of%20October%202025.pdf
2025,10,PROM-Bulk,25000.0,https://fert.gov.in/sites/default/files/2026-01/Monthly%20Bulletin%20month%20of%20October%202025.pdf
2025,10,PROM-Packed,15707.39,https://fert.gov.in/sites/default/files/2026-01/Monthly%20Bulletin%20month%20of%20October%202025.pdf
2025,10,SSP-Boronated,11199.08,https://fert.gov.in/sites/default/files/2026-01/Monthly%20Bulletin%20month%20of%20October%202025.pdf
2025,10,"SSP-G (Mg,Zn, Bo)",14201.95,https://fert.gov.in/sites/default/files/2026-01/Monthly%20Bulletin%20month%20of%20October%202025.pdf
2025,10,SSP-Granular,10703.01,https://fert.gov.in/sites/default/files/2026-01/Monthly%20Bulletin%20month%20of%20October%202025.pdf
2025,10,SSP-Powdered,10029.88,https://fert.gov.in/sites/default/files/2026-01/Monthly%20Bulletin%20month%20of%20October%202025.pdf
2025,10,SSP-Zincated(Granular),10936.1,https://fert.gov.in/sites/default/files/2026-01/Monthly%20Bulletin%20month%20of%20October%202025.pdf
2025,10,SSP-Zincated(Powder),10282.29,https://fert.gov.in/sites/default/files/2026-01/Monthly%20Bulletin%20month%20of%20October%202025.pdf
2025,10,SSP-Zincated-Boronated(Granular),13170.19,https://fert.gov.in/sites/default/files/2026-01/Monthly%20Bulletin%20month%20of%20October%202025.pdf
2025,10,TSP,26980.39,https://fert.gov.in/sites/default/files/2026-01/Monthly%20Bulletin%20month%20of%20October%202025.pdf
2025,10,Urea,5360.0,https://fert.gov.in/sites/default/files/2026-01/Monthly%20Bulletin%20month%20of%20October%202025.pdf
2025,10,Urea-SSP Complex,14402.36,https://fert.gov.in/sites/default/files/2026-01/Monthly%20Bulletin%20month%20of%20October%202025.pdf
2025,10,Zinc and Boron NPK 8-21-21(40 Kg),49375.0,https://fert.gov.in/sites/default/files/2026-01/Monthly%20Bulletin%20month%20of%20October%202025.pdf
2025,10,Zincated 10-26-26,37064.52,https://fert.gov.in/sites/default/files/2026-01/Monthly%20Bulletin%20month%20of%20October%202025.pdf
2025,10,Zincated 20-20-0-13,29635.29,https://fert.gov.in/sites/default/files/2026-01/Monthly%20Bulletin%20month%20of%20October%202025.pdf
2025,10,Zincated NPK 14-35-14,38032.26,https://fert.gov.in/sites/default/files/2026-01/Monthly%20Bulletin%20month%20of%20October%202025.pdf
2025,11,10-26-26,37920.17,https://fert.gov.in/sites/default/files/2026-01/Monthly%20Bulletin%20month%20of%20November%202025.pdf
2025,11,12-32-16,35406.1,https://fert.gov.in/sites/default/files/2026-01/Monthly%20Bulletin%20month%20of%20November%202025.pdf
2025,11,14-28-0-0,29420.0,https://fert.gov.in/sites/default/files/2026-01/Monthly%20Bulletin%20month%20of%20November%202025.pdf
2025,11,14-28-14,33000.0,https://fert.gov.in/sites/default/files/2026-01/Monthly%20Bulletin%20month%20of%20November%202025.pdf
2025,11,14-35-14,36503.64,https://fert.gov.in/sites/default/files/2026-01/Monthly%20Bulletin%20month%20of%20November%202025.pdf
2025,11,15-15-15,33000.0,https://fert.gov.in/sites/default/files/2026-01/Monthly%20Bulletin%20month%20of%20November%202025.pdf
2025,11,15-15-15-9,32891.89,https://fert.gov.in/sites/default/files/2026-01/Monthly%20Bulletin%20month%20of%20November%202025.pdf
2025,11,16-20-0-13,27157.9,https://fert.gov.in/sites/default/files/2026-01/Monthly%20Bulletin%20month%20of%20November%202025.pdf
2025,11,17-17-17,25000.0,https://fert.gov.in/sites/default/files/2026-01/Monthly%20Bulletin%20month%20of%20November%202025.pdf
2025,11,19-19-19,41300.0,https://fert.gov.in/sites/default/files/2026-01/Monthly%20Bulletin%20month%20of%20November%202025.pdf
2025,11,20-20-0,24824.88,https://fert.gov.in/sites/default/files/2026-01/Monthly%20Bulletin%20month%20of%20November%202025.pdf
2025,11,20-20-0-13,28961.79,https://fert.gov.in/sites/default/files/2026-01/Monthly%20Bulletin%20month%20of%20November%202025.pdf
2025,11,20-20-0-13(UAP),28000.0,https://fert.gov.in/sites/default/files/2026-01/Monthly%20Bulletin%20month%20of%20November%202025.pdf
2025,11,24-24-0,38000.0,https://fert.gov.in/sites/default/files/2026-01/Monthly%20Bulletin%20month%20of%20November%202025.pdf
2025,11,24-24-0-8,34000.0,https://fert.gov.in/sites/default/files/2026-01/Monthly%20Bulletin%20month%20of%20November%202025.pdf
2025,11,28-28-0,36534.48,https://fert.gov.in/sites/default/files/2026-01/Monthly%20Bulletin%20month%20of%20November%202025.pdf
2025,11,Amm Sulphate,19244.58,https://fert.gov.in/sites/default/files/2026-01/Monthly%20Bulletin%20month%20of%20November%202025.pdf
2025,11,DAP,27000.0,https://fert.gov.in/sites/default/files/2026-01/Monthly%20Bulletin%20month%20of%20November%202025.pdf
2025,11,FOM,8898.44,https://fert.gov.in/sites/default/files/2026-01/Monthly%20Bulletin%20month%20of%20November%202025.pdf
2025,11,FOM-Bulk,2109.64,https://fert.gov.in/sites/default/files/2026-01/Monthly%20Bulletin%20month%20of%20November%202025.pdf
2025,11,FOM-Packed,9210.69,https://fert.gov.in/sites/default/files/2026-01/Monthly%20Bulletin%20month%20of%20November%202025.pdf
2025,11,Imported 10-26-26,38021.57,https://fert.gov.in/sites/default/files/2026-01/Monthly%20Bulletin%20month%20of%20November%202025.pdf
2025,11,Imported 12-32-16,34473.25,https://fert.gov.in/sites/default/files/2026-01/Monthly%20Bulletin%20month%20of%20November%202025.pdf
2025,11,Imported 15-15-15,25000.0,https://fert.gov.in/sites/default/files/2026-01/Monthly%20Bulletin%20month%20of%20November%202025.pdf
2025,11,Imported 15-15-15-9,29592.18,https://fert.gov.in/sites/default/files/2026-01/Monthly%20Bulletin%20month%20of%20November%202025.pdf
2025,11,Imported 16-16-16,33493.35,https://fert.gov.in/sites/default/files/2026-01/Monthly%20Bulletin%20month%20of%20November%202025.pdf
2025,11,Imported 16-20-0-13,28567.35,https://fert.gov.in/sites/default/files/2026-01/Monthly%20Bulletin%20month%20of%20November%202025.pdf
2025,11,Imported 20-20-0-13,28731.58,https://fert.gov.in/sites/default/files/2026-01/Monthly%20Bulletin%20month%20of%20November%202025.pdf
2025,11,Imported Amm Sulphate,19000.0,https://fert.gov.in/sites/default/files/2026-01/Monthly%20Bulletin%20month%20of%20November%202025.pdf
2025,11,Imported DAP,27000.0,https://fert.gov.in/sites/default/files/2026-01/Monthly%20Bulletin%20month%20of%20November%202025.pdf
2025,11,Imported MAP,34000.0,https://fert.gov.in/sites/default/files/2026-01/Monthly%20Bulletin%20month%20of%20November%202025.pdf
2025,11,Imported TSP,26000.76,https://fert.gov.in/sites/default/files/2026-01/Monthly%20Bulletin%20month%20of%20November%202025.pdf
2025,11,LFOM,250.5,https://fert.gov.in/sites/default/files/2026-01/Monthly%20Bulletin%20month%20of%20November%202025.pdf
2025,11,LFOM-Bulk,892.74,https://fert.gov.in/sites/default/files/2026-01/Monthly%20Bulletin%20month%20of%20November%202025.pdf
2025,11,LFOM-Packed,5000.0,https://fert.gov.in/sites/default/files/2026-01/Monthly%20Bulletin%20month%20of%20November%202025.pdf
2025,11,MOP,35897.14,https://fert.gov.in/sites/default/files/2026-01/Monthly%20Bulletin%20month%20of%20November%202025.pdf
2025,11,NPK 11-30-14 (Mg-Zn-B-S) (40kg),49375.0,https://fert.gov.in/sites/default/files/2026-01/Monthly%20Bulletin%20month%20of%20November%202025.pdf
2025,11,"NPK 9-24-24 (Mg, Zn, S,B) (40 Kg)",50833.33,https://fert.gov.in/sites/default/files/2026-01/Monthly%20Bulletin%20month%20of%20November%202025.pdf
2025,11,PDM 0-0-14.5-0,17310.34,https://fert.gov.in/sites/default/files/2026-01/Monthly%20Bulletin%20month%20of%20November%202025.pdf
2025,11,PROM-Bulk,25000.0,https://fert.gov.in/sites/default/files/2026-01/Monthly%20Bulletin%20month%20of%20November%202025.pdf
2025,11,PROM-Packed,14274.27,https://fert.gov.in/sites/default/files/2026-01/Monthly%20Bulletin%20month%20of%20November%202025.pdf
2025,11,SSP-Boronated,11208.69,https://fert.gov.in/sites/default/files/2026-01/Monthly%20Bulletin%20month%20of%20November%202025.pdf
2025,11,"SSP-G (Mg,Zn, Bo)",14197.28,https://fert.gov.in/sites/default/files/2026-01/Monthly%20Bulletin%20month%20of%20November%202025.pdf
2025,11,SSP-Granular,10700.1,https://fert.gov.in/sites/default/files/2026-01/Monthly%20Bulletin%20month%20of%20November%202025.pdf
2025,11,SSP-Powdered,10050.8,https://fert.gov.in/sites/default/files/2026-01/Monthly%20Bulletin%20month%20of%20November%202025.pdf
2025,11,SSP-Zincated(Granular),10958.37,https://fert.gov.in/sites/default/files/2026-01/Monthly%20Bulletin%20month%20of%20November%202025.pdf
2025,11,SSP-Zincated(Powder),10296.06,https://fert.gov.in/sites/default/files/2026-01/Monthly%20Bulletin%20month%20of%20November%202025.pdf
2025,11,SSP-Zincated-Boronated(Granular),13179.81,https://fert.gov.in/sites/default/files/2026-01/Monthly%20Bulletin%20month%20of%20November%202025.pdf
2025,11,TSP,26965.52,https://fert.gov.in/sites/default/files/2026-01/Monthly%20Bulletin%20month%20of%20November%202025.pdf
2025,11,Urea,5360.0,https://fert.gov.in/sites/default/files/2026-01/Monthly%20Bulletin%20month%20of%20November%202025.pdf
2025,11,Urea-SSP Complex,14497.96,https://fert.gov.in/sites/default/files/2026-01/Monthly%20Bulletin%20month%20of%20November%202025.pdf
2025,11,Zinc and Boron NPK 8-21-21(40 Kg),49375.0,https://fert.gov.in/sites/default/files/2026-01/Monthly%20Bulletin%20month%20of%20November%202025.pdf
2025,11,Zincated 10-26-26,39000.0,https://fert.gov.in/sites/default/files/2026-01/Monthly%20Bulletin%20month%20of%20November%202025.pdf
2025,11,Zincated 20-20-0-13,29639.0,https://fert.gov.in/sites/default/files/2026-01/Monthly%20Bulletin%20month%20of%20November%202025.pdf
2025,11,Zincated NPK 14-35-14,39000.0,https://fert.gov.in/sites/default/files/2026-01/Monthly%20Bulletin%20month%20of%20November%202025.pdf
2026,3,10-26-26,39000.0,https://fert.gov.in/sites/default/files/2026-04/Monthly%20Bulletin%20month%20of%20March%202026.pdf
2026,3,12-32-16,37099.01,https://fert.gov.in/sites/default/files/2026-04/Monthly%20Bulletin%20month%20of%20March%202026.pdf
2026,3,14-28-0-0,30350.0,https://fert.gov.in/sites/default/files/2026-04/Monthly%20Bulletin%20month%20of%20March%202026.pdf
2026,3,14-28-14,38200.0,https://fert.gov.in/sites/default/files/2026-04/Monthly%20Bulletin%20month%20of%20March%202026.pdf
2026,3,14-35-14,40636.36,https://fert.gov.in/sites/default/files/2026-04/Monthly%20Bulletin%20month%20of%20March%202026.pdf
2026,3,15-15-15,33000.0,https://fert.gov.in/sites/default/files/2026-04/Monthly%20Bulletin%20month%20of%20March%202026.pdf
2026,3,15-15-15-9,33023.53,https://fert.gov.in/sites/default/files/2026-04/Monthly%20Bulletin%20month%20of%20March%202026.pdf
2026,3,16-20-0-13,28020.66,https://fert.gov.in/sites/default/files/2026-04/Monthly%20Bulletin%20month%20of%20March%202026.pdf
2026,3,17-17-17,30000.0,https://fert.gov.in/sites/default/files/2026-04/Monthly%20Bulletin%20month%20of%20March%202026.pdf
2026,3,19-19-19,44875.0,https://fert.gov.in/sites/default/files/2026-04/Monthly%20Bulletin%20month%20of%20March%202026.pdf
2026,3,20-20-0,24802.18,https://fert.gov.in/sites/default/files/2026-04/Monthly%20Bulletin%20month%20of%20March%202026.pdf
2026,3,20-20-0-13,30502.83,https://fert.gov.in/sites/default/files/2026-04/Monthly%20Bulletin%20month%20of%20March%202026.pdf
2026,3,24-24-0,43428.57,https://fert.gov.in/sites/default/files/2026-04/Monthly%20Bulletin%20month%20of%20March%202026.pdf
2026,3,24-24-0-8,35500.0,https://fert.gov.in/sites/default/files/2026-04/Monthly%20Bulletin%20month%20of%20March%202026.pdf
2026,3,28-28-0,37424.0,https://fert.gov.in/sites/default/files/2026-04/Monthly%20Bulletin%20month%20of%20March%202026.pdf
2026,3,Amm Sulphate,20909.91,https://fert.gov.in/sites/default/files/2026-04/Monthly%20Bulletin%20month%20of%20March%202026.pdf
2026,3,DAP,27000.0,https://fert.gov.in/sites/default/files/2026-04/Monthly%20Bulletin%20month%20of%20March%202026.pdf
2026,3,FOM,1.0,https://fert.gov.in/sites/default/files/2026-04/Monthly%20Bulletin%20month%20of%20March%202026.pdf
2026,3,FOM-Bulk,1695.91,https://fert.gov.in/sites/default/files/2026-04/Monthly%20Bulletin%20month%20of%20March%202026.pdf
2026,3,FOM-Packed,9236.13,https://fert.gov.in/sites/default/files/2026-04/Monthly%20Bulletin%20month%20of%20March%202026.pdf
2026,3,Imported 10-26-26,38427.68,https://fert.gov.in/sites/default/files/2026-04/Monthly%20Bulletin%20month%20of%20March%202026.pdf
2026,3,Imported 12-32-16,38000.0,https://fert.gov.in/sites/default/files/2026-04/Monthly%20Bulletin%20month%20of%20March%202026.pdf
2026,3,Imported 15-15-15,25598.13,https://fert.gov.in/sites/default/files/2026-04/Monthly%20Bulletin%20month%20of%20March%202026.pdf
2026,3,Imported 15-15-15-9,29593.1,https://fert.gov.in/sites/default/files/2026-04/Monthly%20Bulletin%20month%20of%20March%202026.pdf
2026,3,Imported 16-16-16,36333.33,https://fert.gov.in/sites/default/files/2026-04/Monthly%20Bulletin%20month%20of%20March%202026.pdf
2026,3,Imported 16-20-0-13,28840.0,https://fert.gov.in/sites/default/files/2026-04/Monthly%20Bulletin%20month%20of%20March%202026.pdf
2026,3,Imported 20-20-0-13,28731.65,https://fert.gov.in/sites/default/files/2026-04/Monthly%20Bulletin%20month%20of%20March%202026.pdf
2026,3,Imported Amm Sulphate,16577.92,https://fert.gov.in/sites/default/files/2026-04/Monthly%20Bulletin%20month%20of%20March%202026.pdf
2026,3,Imported DAP,27000.0,https://fert.gov.in/sites/default/files/2026-04/Monthly%20Bulletin%20month%20of%20March%202026.pdf
2026,3,Imported MAP,34000.0,https://fert.gov.in/sites/default/files/2026-04/Monthly%20Bulletin%20month%20of%20March%202026.pdf
2026,3,Imported Neem Coated Urea (45 Kg),5922.22,https://fert.gov.in/sites/default/files/2026-04/Monthly%20Bulletin%20month%20of%20March%202026.pdf
2026,3,Imported TSP,26000.0,https://fert.gov.in/sites/default/files/2026-04/Monthly%20Bulletin%20month%20of%20March%202026.pdf
2026,3,LFOM-Bulk,807.56,https://fert.gov.in/sites/default/files/2026-04/Monthly%20Bulletin%20month%20of%20March%202026.pdf
2026,3,MOP,36483.02,https://fert.gov.in/sites/default/files/2026-04/Monthly%20Bulletin%20month%20of%20March%202026.pdf
2026,3,NPK 11-30-14 (Mg-Zn-B-S) (40kg),49375.0,https://fert.gov.in/sites/default/files/2026-04/Monthly%20Bulletin%20month%20of%20March%202026.pdf
2026,3,"NPK 9-24-24 (Mg, Zn, S,B) (40 Kg)",53214.29,https://fert.gov.in/sites/default/files/2026-04/Monthly%20Bulletin%20month%20of%20March%202026.pdf
2026,3,Neem Coated Urea (45 Kg),4763.4,https://fert.gov.in/sites/default/files/2026-04/Monthly%20Bulletin%20month%20of%20March%202026.pdf
2026,3,PDM 0-0-14.5-0,19000.0,https://fert.gov.in/sites/default/files/2026-04/Monthly%20Bulletin%20month%20of%20March%202026.pdf
2026,3,PROM-Bulk,25000.0,https://fert.gov.in/sites/default/files/2026-04/Monthly%20Bulletin%20month%20of%20March%202026.pdf
2026,3,PROM-Packed,14077.27,https://fert.gov.in/sites/default/files/2026-04/Monthly%20Bulletin%20month%20of%20March%202026.pdf
2026,3,SSP-Boronated,12616.73,https://fert.gov.in/sites/default/files/2026-04/Monthly%20Bulletin%20month%20of%20March%202026.pdf
2026,3,"SSP-G (Mg,Zn, Bo)",15032.16,https://fert.gov.in/sites/default/files/2026-04/Monthly%20Bulletin%20month%20of%20March%202026.pdf
2026,3,SSP-Granular,11631.54,https://fert.gov.in/sites/default/files/2026-04/Monthly%20Bulletin%20month%20of%20March%202026.pdf
2026,3,SSP-Powdered,10905.05,https://fert.gov.in/sites/default/files/2026-04/Monthly%20Bulletin%20month%20of%20March%202026.pdf
2026,3,SSP-Zincated(Granular),11791.9,https://fert.gov.in/sites/default/files/2026-04/Monthly%20Bulletin%20month%20of%20March%202026.pdf
2026,3,SSP-Zincated(Powder),11179.78,https://fert.gov.in/sites/default/files/2026-04/Monthly%20Bulletin%20month%20of%20March%202026.pdf
2026,3,SSP-Zincated-Boronated(Granular),14002.71,https://fert.gov.in/sites/default/files/2026-04/Monthly%20Bulletin%20month%20of%20March%202026.pdf
2026,3,TSP,26975.61,https://fert.gov.in/sites/default/files/2026-04/Monthly%20Bulletin%20month%20of%20March%202026.pdf
2026,3,Urea,5360.0,https://fert.gov.in/sites/default/files/2026-04/Monthly%20Bulletin%20month%20of%20March%202026.pdf
2026,3,Urea-SSP Complex,15274.29,https://fert.gov.in/sites/default/files/2026-04/Monthly%20Bulletin%20month%20of%20March%202026.pdf
2026,3,Zinc and Boron NPK 8-21-21(40 Kg),49375.0,https://fert.gov.in/sites/default/files/2026-04/Monthly%20Bulletin%20month%20of%20March%202026.pdf
2026,3,Zincated 10-26-26,40000.0,https://fert.gov.in/sites/default/files/2026-04/Monthly%20Bulletin%20month%20of%20March%202026.pdf
2026,3,Zincated 20-20-0-13,30692.31,https://fert.gov.in/sites/default/files/2026-04/Monthly%20Bulletin%20month%20of%20March%202026.pdf
2026,3,Zincated NPK 14-35-14,44000.0,https://fert.gov.in/sites/default/files/2026-04/Monthly%20Bulletin%20month%20of%20March%202026.pdf
2026,4,10-26-26,40000.0,https://fert.gov.in/sites/default/files/2026-06/Monthly%20Bulletin%20month%20of%20April%202026%20%281%29.pdf
2026,4,12-32-16,37332.18,https://fert.gov.in/sites/default/files/2026-06/Monthly%20Bulletin%20month%20of%20April%202026%20%281%29.pdf
2026,4,14-28-0-0,34850.0,https://fert.gov.in/sites/default/files/2026-06/Monthly%20Bulletin%20month%20of%20April%202026%20%281%29.pdf
2026,4,14-28-14,38200.0,https://fert.gov.in/sites/default/files/2026-06/Monthly%20Bulletin%20month%20of%20April%202026%20%281%29.pdf
2026,4,14-35-14,43600.0,https://fert.gov.in/sites/default/files/2026-06/Monthly%20Bulletin%20month%20of%20April%202026%20%281%29.pdf
2026,4,15-15-15,40342.1,https://fert.gov.in/sites/default/files/2026-06/Monthly%20Bulletin%20month%20of%20April%202026%20%281%29.pdf
2026,4,15-15-15-9,38710.53,https://fert.gov.in/sites/default/files/2026-06/Monthly%20Bulletin%20month%20of%20April%202026%20%281%29.pdf
2026,4,16-20-0-13,32140.35,https://fert.gov.in/sites/default/files/2026-06/Monthly%20Bulletin%20month%20of%20April%202026%20%281%29.pdf
2026,4,17-17-17,31500.0,https://fert.gov.in/sites/default/files/2026-06/Monthly%20Bulletin%20month%20of%20April%202026%20%281%29.pdf
2026,4,19-19-19,46000.0,https://fert.gov.in/sites/default/files/2026-06/Monthly%20Bulletin%20month%20of%20April%202026%20%281%29.pdf
2026,4,20-20-0,24802.18,https://fert.gov.in/sites/default/files/2026-06/Monthly%20Bulletin%20month%20of%20April%202026%20%281%29.pdf
2026,4,20-20-0-13,38067.64,https://fert.gov.in/sites/default/files/2026-06/Monthly%20Bulletin%20month%20of%20April%202026%20%281%29.pdf
2026,4,24-24-0,44000.0,https://fert.gov.in/sites/default/files/2026-06/Monthly%20Bulletin%20month%20of%20April%202026%20%281%29.pdf
2026,4,24-24-0-8,35500.0,https://fert.gov.in/sites/default/files/2026-06/Monthly%20Bulletin%20month%20of%20April%202026%20%281%29.pdf
2026,4,28-28-0,37379.31,https://fert.gov.in/sites/default/files/2026-06/Monthly%20Bulletin%20month%20of%20April%202026%20%281%29.pdf
2026,4,Amm Sulphate,26670.89,https://fert.gov.in/sites/default/files/2026-06/Monthly%20Bulletin%20month%20of%20April%202026%20%281%29.pdf
2026,4,DAP,27000.0,https://fert.gov.in/sites/default/files/2026-06/Monthly%20Bulletin%20month%20of%20April%202026%20%281%29.pdf
2026,4,FOM-Bulk,2762.95,https://fert.gov.in/sites/default/files/2026-06/Monthly%20Bulletin%20month%20of%20April%202026%20%281%29.pdf
2026,4,FOM-Packed,9277.25,https://fert.gov.in/sites/default/files/2026-06/Monthly%20Bulletin%20month%20of%20April%202026%20%281%29.pdf
2026,4,Imported 10-26-26,38529.24,https://fert.gov.in/sites/default/files/2026-06/Monthly%20Bulletin%20month%20of%20April%202026%20%281%29.pdf
2026,4,Imported 12-32-16,39400.0,https://fert.gov.in/sites/default/files/2026-06/Monthly%20Bulletin%20month%20of%20April%202026%20%281%29.pdf
2026,4,Imported 15-15-15,25000.0,https://fert.gov.in/sites/default/files/2026-06/Monthly%20Bulletin%20month%20of%20April%202026%20%281%29.pdf
2026,4,Imported 15-15-15-9,29048.0,https://fert.gov.in/sites/default/files/2026-06/Monthly%20Bulletin%20month%20of%20April%202026%20%281%29.pdf
2026,4,Imported 16-16-16,41000.0,https://fert.gov.in/sites/default/files/2026-06/Monthly%20Bulletin%20month%20of%20April%202026%20%281%29.pdf
2026,4,Imported 16-20-0-13,28796.08,https://fert.gov.in/sites/default/files/2026-06/Monthly%20Bulletin%20month%20of%20April%202026%20%281%29.pdf
2026,4,Imported 20-20-0-13,30590.91,https://fert.gov.in/sites/default/files/2026-06/Monthly%20Bulletin%20month%20of%20April%202026%20%281%29.pdf
2026,4,Imported Amm Sulphate,16467.29,https://fert.gov.in/sites/default/files/2026-06/Monthly%20Bulletin%20month%20of%20April%202026%20%281%29.pdf
2026,4,Imported DAP,27000.0,https://fert.gov.in/sites/default/files/2026-06/Monthly%20Bulletin%20month%20of%20April%202026%20%281%29.pdf
2026,4,Imported MAP,34000.0,https://fert.gov.in/sites/default/files/2026-06/Monthly%20Bulletin%20month%20of%20April%202026%20%281%29.pdf
2026,4,Imported Neem Coated Urea(45 Kg),5922.22,https://fert.gov.in/sites/default/files/2026-06/Monthly%20Bulletin%20month%20of%20April%202026%20%281%29.pdf
2026,4,Imported TSP,26000.0,https://fert.gov.in/sites/default/files/2026-06/Monthly%20Bulletin%20month%20of%20April%202026%20%281%29.pdf
2026,4,LFOM-Bulk,1200.29,https://fert.gov.in/sites/default/files/2026-06/Monthly%20Bulletin%20month%20of%20April%202026%20%281%29.pdf
2026,4,MOP,37678.06,https://fert.gov.in/sites/default/files/2026-06/Monthly%20Bulletin%20month%20of%20April%202026%20%281%29.pdf
2026,4,NPK 11-30-14 (Mg-Zn-B-S) (40kg),49375.0,https://fert.gov.in/sites/default/files/2026-06/Monthly%20Bulletin%20month%20of%20April%202026%20%281%29.pdf
2026,4,"NPK 9-24-24 (Mg, Zn, S,B) (40 Kg)",55000.0,https://fert.gov.in/sites/default/files/2026-06/Monthly%20Bulletin%20month%20of%20April%202026%20%281%29.pdf
2026,4,Neem Coated Urea(45 Kg),5922.22,https://fert.gov.in/sites/default/files/2026-06/Monthly%20Bulletin%20month%20of%20April%202026%20%281%29.pdf
2026,4,PDM 0-0-14.5-0,19000.0,https://fert.gov.in/sites/default/files/2026-06/Monthly%20Bulletin%20month%20of%20April%202026%20%281%29.pdf
2026,4,PROM-Bulk,25000.0,https://fert.gov.in/sites/default/files/2026-06/Monthly%20Bulletin%20month%20of%20April%202026%20%281%29.pdf
2026,4,PROM-Packed,14756.76,https://fert.gov.in/sites/default/files/2026-06/Monthly%20Bulletin%20month%20of%20April%202026%20%281%29.pdf
2026,4,SSP-Boronated,13934.25,https://fert.gov.in/sites/default/files/2026-06/Monthly%20Bulletin%20month%20of%20April%202026%20%281%29.pdf
2026,4,"SSP-G (Mg,Zn, Bo)",16343.23,https://fert.gov.in/sites/default/files/2026-06/Monthly%20Bulletin%20month%20of%20April%202026%20%281%29.pdf
2026,4,SSP-Granular,12896.23,https://fert.gov.in/sites/default/files/2026-06/Monthly%20Bulletin%20month%20of%20April%202026%20%281%29.pdf
2026,4,SSP-Powdered,12203.33,https://fert.gov.in/sites/default/files/2026-06/Monthly%20Bulletin%20month%20of%20April%202026%20%281%29.pdf
2026,4,SSP-Zincated(Granular),13224.18,https://fert.gov.in/sites/default/files/2026-06/Monthly%20Bulletin%20month%20of%20April%202026%20%281%29.pdf
2026,4,SSP-Zincated(Powder),12580.85,https://fert.gov.in/sites/default/files/2026-06/Monthly%20Bulletin%20month%20of%20April%202026%20%281%29.pdf
2026,4,SSP-Zincated-Boronated(Granular),15510.94,https://fert.gov.in/sites/default/files/2026-06/Monthly%20Bulletin%20month%20of%20April%202026%20%281%29.pdf
2026,4,TSP,26892.86,https://fert.gov.in/sites/default/files/2026-06/Monthly%20Bulletin%20month%20of%20April%202026%20%281%29.pdf
2026,4,Urea,5360.0,https://fert.gov.in/sites/default/files/2026-06/Monthly%20Bulletin%20month%20of%20April%202026%20%281%29.pdf
2026,4,Urea-SSP Complex,17335.47,https://fert.gov.in/sites/default/files/2026-06/Monthly%20Bulletin%20month%20of%20April%202026%20%281%29.pdf
2026,4,Zinc and Boron NPK 8-21-21(40 Kg),49375.0,https://fert.gov.in/sites/default/files/2026-06/Monthly%20Bulletin%20month%20of%20April%202026%20%281%29.pdf
2026,4,Zincated 10-26-26,40000.0,https://fert.gov.in/sites/default/files/2026-06/Monthly%20Bulletin%20month%20of%20April%202026%20%281%29.pdf
2026,4,Zincated 20-20-0-13,38301.2,https://fert.gov.in/sites/default/files/2026-06/Monthly%20Bulletin%20month%20of%20April%202026%20%281%29.pdf
2026,4,Zincated NPK 14-35-14,48000.0,https://fert.gov.in/sites/default/files/2026-06/Monthly%20Bulletin%20month%20of%20April%202026%20%281%29.pdf
2026,5,10-26-26,39900.0,https://fert.gov.in/sites/default/files/2026-06/Monthly%20Bulletin%20month%20of%20May%2C%202026.pdf
2026,5,12-32-16,37394.25,https://fert.gov.in/sites/default/files/2026-06/Monthly%20Bulletin%20month%20of%20May%2C%202026.pdf
2026,5,14-28-0-0,37350.0,https://fert.gov.in/sites/default/files/2026-06/Monthly%20Bulletin%20month%20of%20May%2C%202026.pdf
2026,5,14-28-14,38200.0,https://fert.gov.in/sites/default/files/2026-06/Monthly%20Bulletin%20month%20of%20May%2C%202026.pdf
2026,5,14-35-14,43777.78,https://fert.gov.in/sites/default/files/2026-06/Monthly%20Bulletin%20month%20of%20May%2C%202026.pdf
2026,5,15-15-15,40323.53,https://fert.gov.in/sites/default/files/2026-06/Monthly%20Bulletin%20month%20of%20May%2C%202026.pdf
2026,5,15-15-15-9,38728.28,https://fert.gov.in/sites/default/files/2026-06/Monthly%20Bulletin%20month%20of%20May%2C%202026.pdf
2026,5,16-20-0-13,31902.82,https://fert.gov.in/sites/default/files/2026-06/Monthly%20Bulletin%20month%20of%20May%2C%202026.pdf
2026,5,17-17-17,31500.0,https://fert.gov.in/sites/default/files/2026-06/Monthly%20Bulletin%20month%20of%20May%2C%202026.pdf
2026,5,19-19-19,46000.0,https://fert.gov.in/sites/default/files/2026-06/Monthly%20Bulletin%20month%20of%20May%2C%202026.pdf
2026,5,20-20-0,24802.18,https://fert.gov.in/sites/default/files/2026-06/Monthly%20Bulletin%20month%20of%20May%2C%202026.pdf
2026,5,20-20-0-13,39056.16,https://fert.gov.in/sites/default/files/2026-06/Monthly%20Bulletin%20month%20of%20May%2C%202026.pdf
2026,5,24-24-0,45161.29,https://fert.gov.in/sites/default/files/2026-06/Monthly%20Bulletin%20month%20of%20May%2C%202026.pdf
2026,5,24-24-0-8,35500.0,https://fert.gov.in/sites/default/files/2026-06/Monthly%20Bulletin%20month%20of%20May%2C%202026.pdf
2026,5,28-28-0,37413.48,https://fert.gov.in/sites/default/files/2026-06/Monthly%20Bulletin%20month%20of%20May%2C%202026.pdf
2026,5,Amm Sulphate,27265.73,https://fert.gov.in/sites/default/files/2026-06/Monthly%20Bulletin%20month%20of%20May%2C%202026.pdf
2026,5,DAP,27013.77,https://fert.gov.in/sites/default/files/2026-06/Monthly%20Bulletin%20month%20of%20May%2C%202026.pdf
2026,5,FOM,16650.0,https://fert.gov.in/sites/default/files/2026-06/Monthly%20Bulletin%20month%20of%20May%2C%202026.pdf
2026,5,FOM-Bulk,2197.34,https://fert.gov.in/sites/default/files/2026-06/Monthly%20Bulletin%20month%20of%20May%2C%202026.pdf
2026,5,FOM-Packed,9436.59,https://fert.gov.in/sites/default/files/2026-06/Monthly%20Bulletin%20month%20of%20May%2C%202026.pdf
2026,5,Imported 10-26-26,40676.76,https://fert.gov.in/sites/default/files/2026-06/Monthly%20Bulletin%20month%20of%20May%2C%202026.pdf
2026,5,Imported 12-32-16,40777.68,https://fert.gov.in/sites/default/files/2026-06/Monthly%20Bulletin%20month%20of%20May%2C%202026.pdf
2026,5,Imported 15-15-15,25084.55,https://fert.gov.in/sites/default/files/2026-06/Monthly%20Bulletin%20month%20of%20May%2C%202026.pdf
2026,5,Imported 15-15-15-9,29108.26,https://fert.gov.in/sites/default/files/2026-06/Monthly%20Bulletin%20month%20of%20May%2C%202026.pdf
2026,5,Imported 16-16-16,42677.42,https://fert.gov.in/sites/default/files/2026-06/Monthly%20Bulletin%20month%20of%20May%2C%202026.pdf
2026,5,Imported 16-20-0-13,28843.06,https://fert.gov.in/sites/default/files/2026-06/Monthly%20Bulletin%20month%20of%20May%2C%202026.pdf
2026,5,Imported 20-20-0-13,31260.01,https://fert.gov.in/sites/default/files/2026-06/Monthly%20Bulletin%20month%20of%20May%2C%202026.pdf
2026,5,Imported Amm Sulphate,17472.1,https://fert.gov.in/sites/default/files/2026-06/Monthly%20Bulletin%20month%20of%20May%2C%202026.pdf
2026,5,Imported DAP,27000.0,https://fert.gov.in/sites/default/files/2026-06/Monthly%20Bulletin%20month%20of%20May%2C%202026.pdf
2026,5,Imported MAP,34000.0,https://fert.gov.in/sites/default/files/2026-06/Monthly%20Bulletin%20month%20of%20May%2C%202026.pdf
2026,5,Imported Neem Coated Urea(45 Kg),5922.22,https://fert.gov.in/sites/default/files/2026-06/Monthly%20Bulletin%20month%20of%20May%2C%202026.pdf
2026,5,Imported TSP,26000.0,https://fert.gov.in/sites/default/files/2026-06/Monthly%20Bulletin%20month%20of%20May%2C%202026.pdf
2026,5,LFOM,500.0,https://fert.gov.in/sites/default/files/2026-06/Monthly%20Bulletin%20month%20of%20May%2C%202026.pdf
2026,5,LFOM-Bulk,1094.99,https://fert.gov.in/sites/default/files/2026-06/Monthly%20Bulletin%20month%20of%20May%2C%202026.pdf
2026,5,LFOM-Packed,500.0,https://fert.gov.in/sites/default/files/2026-06/Monthly%20Bulletin%20month%20of%20May%2C%202026.pdf
2026,5,MOP,37932.08,https://fert.gov.in/sites/default/files/2026-06/Monthly%20Bulletin%20month%20of%20May%2C%202026.pdf
2026,5,NPK 11-30-14 (Mg-Zn-B-S) (40kg),49375.0,https://fert.gov.in/sites/default/files/2026-06/Monthly%20Bulletin%20month%20of%20May%2C%202026.pdf
2026,5,"NPK 9-24-24 (Mg, Zn, S,B) (40 Kg)",57708.33,https://fert.gov.in/sites/default/files/2026-06/Monthly%20Bulletin%20month%20of%20May%2C%202026.pdf
2026,5,Neem Coated Urea(45 Kg),5922.22,https://fert.gov.in/sites/default/files/2026-06/Monthly%20Bulletin%20month%20of%20May%2C%202026.pdf
2026,5,PDM 0-0-14.5-0,20250.0,https://fert.gov.in/sites/default/files/2026-06/Monthly%20Bulletin%20month%20of%20May%2C%202026.pdf
2026,5,PROM-Bulk,25000.0,https://fert.gov.in/sites/default/files/2026-06/Monthly%20Bulletin%20month%20of%20May%2C%202026.pdf
2026,5,PROM-Packed,14586.37,https://fert.gov.in/sites/default/files/2026-06/Monthly%20Bulletin%20month%20of%20May%2C%202026.pdf
2026,5,SSP-Boronated,14008.59,https://fert.gov.in/sites/default/files/2026-06/Monthly%20Bulletin%20month%20of%20May%2C%202026.pdf
2026,5,"SSP-G (Mg,Zn, Bo)",16558.08,https://fert.gov.in/sites/default/files/2026-06/Monthly%20Bulletin%20month%20of%20May%2C%202026.pdf
2026,5,SSP-Granular,13182.13,https://fert.gov.in/sites/default/files/2026-06/Monthly%20Bulletin%20month%20of%20May%2C%202026.pdf
2026,5,SSP-Powdered,12401.2,https://fert.gov.in/sites/default/files/2026-06/Monthly%20Bulletin%20month%20of%20May%2C%202026.pdf
2026,5,SSP-Zincated(Granular),13457.06,https://fert.gov.in/sites/default/files/2026-06/Monthly%20Bulletin%20month%20of%20May%2C%202026.pdf
2026,5,SSP-Zincated(Powder),12735.26,https://fert.gov.in/sites/default/files/2026-06/Monthly%20Bulletin%20month%20of%20May%2C%202026.pdf
2026,5,SSP-Zincated-Boronated(Granular),15717.68,https://fert.gov.in/sites/default/files/2026-06/Monthly%20Bulletin%20month%20of%20May%2C%202026.pdf
2026,5,TSP,26469.14,https://fert.gov.in/sites/default/files/2026-06/Monthly%20Bulletin%20month%20of%20May%2C%202026.pdf
2026,5,Urea,5360.0,https://fert.gov.in/sites/default/files/2026-06/Monthly%20Bulletin%20month%20of%20May%2C%202026.pdf
2026,5,Urea-SSP Complex,17541.74,https://fert.gov.in/sites/default/files/2026-06/Monthly%20Bulletin%20month%20of%20May%2C%202026.pdf
2026,5,Zinc and Boron NPK 8-21-21(40 Kg),52258.06,https://fert.gov.in/sites/default/files/2026-06/Monthly%20Bulletin%20month%20of%20May%2C%202026.pdf
2026,5,Zincated 10-26-26,40000.0,https://fert.gov.in/sites/default/files/2026-06/Monthly%20Bulletin%20month%20of%20May%2C%202026.pdf
2026,5,Zincated 20-20-0-13,36947.14,https://fert.gov.in/sites/default/files/2026-06/Monthly%20Bulletin%20month%20of%20May%2C%202026.pdf
2026,5,Zincated NPK 14-35-14,48000.0,https://fert.gov.in/sites/default/files/2026-06/Monthly%20Bulletin%20month%20of%20May%2C%202026.pdf
2026,7,10-26-26,41331.06,https://fert.gov.in/sites/default/files/2026-08/Monthly%20Bulletin%20month%20of%20July%2C%202026.pdf
2026,7,12-32-16,38509.43,https://fert.gov.in/sites/default/files/2026-08/Monthly%20Bulletin%20month%20of%20July%2C%202026.pdf
2026,7,14-28-0-0,40958.33,https://fert.gov.in/sites/default/files/2026-08/Monthly%20Bulletin%20month%20of%20July%2C%202026.pdf
2026,7,14-28-14,38200.0,https://fert.gov.in/sites/default/files/2026-08/Monthly%20Bulletin%20month%20of%20July%2C%202026.pdf
2026,7,14-35-14,43600.0,https://fert.gov.in/sites/default/files/2026-08/Monthly%20Bulletin%20month%20of%20July%2C%202026.pdf
2026,7,15-15-15,40130.35,https://fert.gov.in/sites/default/files/2026-08/Monthly%20Bulletin%20month%20of%20July%2C%202026.pdf
2026,7,15-15-15-9,43447.37,https://fert.gov.in/sites/default/files/2026-08/Monthly%20Bulletin%20month%20of%20July%2C%202026.pdf
2026,7,16-20-0-13,36415.82,https://fert.gov.in/sites/default/files/2026-08/Monthly%20Bulletin%20month%20of%20July%2C%202026.pdf
2026,7,17-17-17,33000.0,https://fert.gov.in/sites/default/files/2026-08/Monthly%20Bulletin%20month%20of%20July%2C%202026.pdf
2026,7,19-19-19,50000.0,https://fert.gov.in/sites/default/files/2026-08/Monthly%20Bulletin%20month%20of%20July%2C%202026.pdf
2026,7,20-20-0,26468.84,https://fert.gov.in/sites/default/files/2026-08/Monthly%20Bulletin%20month%20of%20July%2C%202026.pdf
2026,7,20-20-0-13,43579.21,https://fert.gov.in/sites/default/files/2026-08/Monthly%20Bulletin%20month%20of%20July%2C%202026.pdf
2026,7,24-24-0,52903.23,https://fert.gov.in/sites/default/files/2026-08/Monthly%20Bulletin%20month%20of%20July%2C%202026.pdf
2026,7,24-24-0-8,35500.0,https://fert.gov.in/sites/default/files/2026-08/Monthly%20Bulletin%20month%20of%20July%2C%202026.pdf
2026,7,28-28-0,40222.47,https://fert.gov.in/sites/default/files/2026-08/Monthly%20Bulletin%20month%20of%20July%2C%202026.pdf
2026,7,Amm Sulphate,28000.0,https://fert.gov.in/sites/default/files/2026-08/Monthly%20Bulletin%20month%20of%20July%2C%202026.pdf
2026,7,DAP,27000.0,https://fert.gov.in/sites/default/files/2026-08/Monthly%20Bulletin%20month%20of%20July%2C%202026.pdf
2026,7,FOM,17766.67,https://fert.gov.in/sites/default/files/2026-08/Monthly%20Bulletin%20month%20of%20July%2C%202026.pdf
2026,7,FOM-Bulk,3432.96,https://fert.gov.in/sites/default/files/2026-08/Monthly%20Bulletin%20month%20of%20July%2C%202026.pdf
2026,7,FOM-Packed,9729.89,https://fert.gov.in/sites/default/files/2026-08/Monthly%20Bulletin%20month%20of%20July%2C%202026.pdf
2026,7,Imported 10-26-26,43893.19,https://fert.gov.in/sites/default/files/2026-08/Monthly%20Bulletin%20month%20of%20July%2C%202026.pdf
2026,7,Imported 12-32-16,41191.88,https://fert.gov.in/sites/default/files/2026-08/Monthly%20Bulletin%20month%20of%20July%2C%202026.pdf
2026,7,Imported 15-15-15,32386.08,https://fert.gov.in/sites/default/files/2026-08/Monthly%20Bulletin%20month%20of%20July%2C%202026.pdf
2026,7,Imported 15-15-15-9,29118.2,https://fert.gov.in/sites/default/files/2026-08/Monthly%20Bulletin%20month%20of%20July%2C%202026.pdf
2026,7,Imported 16-16-16,45000.0,https://fert.gov.in/sites/default/files/2026-08/Monthly%20Bulletin%20month%20of%20July%2C%202026.pdf
2026,7,Imported 16-20-0-13,28885.26,https://fert.gov.in/sites/default/files/2026-08/Monthly%20Bulletin%20month%20of%20July%2C%202026.pdf
2026,7,Imported 20-20-0-13,31546.01,https://fert.gov.in/sites/default/files/2026-08/Monthly%20Bulletin%20month%20of%20July%2C%202026.pdf
2026,7,Imported Amm Sulphate,28564.97,https://fert.gov.in/sites/default/files/2026-08/Monthly%20Bulletin%20month%20of%20July%2C%202026.pdf
2026,7,Imported DAP,27000.0,https://fert.gov.in/sites/default/files/2026-08/Monthly%20Bulletin%20month%20of%20July%2C%202026.pdf
2026,7,Imported MAP,34000.0,https://fert.gov.in/sites/default/files/2026-08/Monthly%20Bulletin%20month%20of%20July%2C%202026.pdf
2026,7,Imported Neem Coated Urea(45 Kg),5922.22,https://fert.gov.in/sites/default/files/2026-08/Monthly%20Bulletin%20month%20of%20July%2C%202026.pdf
2026,7,Imported TSP,26000.0,https://fert.gov.in/sites/default/files/2026-08/Monthly%20Bulletin%20month%20of%20July%2C%202026.pdf
2026,7,LFOM,10250.0,https://fert.gov.in/sites/default/files/2026-08/Monthly%20Bulletin%20month%20of%20July%2C%202026.pdf
2026,7,LFOM-Bulk,1518.98,https://fert.gov.in/sites/default/files/2026-08/Monthly%20Bulletin%20month%20of%20July%2C%202026.pdf
2026,7,LFOM-Packed,500.0,https://fert.gov.in/sites/default/files/2026-08/Monthly%20Bulletin%20month%20of%20July%2C%202026.pdf
2026,7,MOP,42627.96,https://fert.gov.in/sites/default/files/2026-08/Monthly%20Bulletin%20month%20of%20July%2C%202026.pdf
2026,7,NPK 11-30-14 (Mg-Zn-B-S) (40kg),49375.0,https://fert.gov.in/sites/default/files/2026-08/Monthly%20Bulletin%20month%20of%20July%2C%202026.pdf
2026,7,"NPK 9-24-24 (Mg, Zn, S,B) (40 Kg)",60858.68,https://fert.gov.in/sites/default/files/2026-08/Monthly%20Bulletin%20month%20of%20July%2C%202026.pdf
2026,7,Neem Coated Urea(45 Kg),5922.22,https://fert.gov.in/sites/default/files/2026-08/Monthly%20Bulletin%20month%20of%20July%2C%202026.pdf
2026,7,PDM 0-0-14.5-0,19000.0,https://fert.gov.in/sites/default/files/2026-08/Monthly%20Bulletin%20month%20of%20July%2C%202026.pdf
2026,7,PROM-Bulk,25000.0,https://fert.gov.in/sites/default/files/2026-08/Monthly%20Bulletin%20month%20of%20July%2C%202026.pdf
2026,7,PROM-Packed,14244.5,https://fert.gov.in/sites/default/files/2026-08/Monthly%20Bulletin%20month%20of%20July%2C%202026.pdf
2026,7,SSP-Boronated,13958.28,https://fert.gov.in/sites/default/files/2026-08/Monthly%20Bulletin%20month%20of%20July%2C%202026.pdf
2026,7,"SSP-G (Mg,Zn, Bo)",16562.16,https://fert.gov.in/sites/default/files/2026-08/Monthly%20Bulletin%20month%20of%20July%2C%202026.pdf
2026,7,SSP-Granular,13481.66,https://fert.gov.in/sites/default/files/2026-08/Monthly%20Bulletin%20month%20of%20July%2C%202026.pdf
2026,7,SSP-Powdered,12824.07,https://fert.gov.in/sites/default/files/2026-08/Monthly%20Bulletin%20month%20of%20July%2C%202026.pdf
2026,7,SSP-Zincated(Granular),13612.71,https://fert.gov.in/sites/default/files/2026-08/Monthly%20Bulletin%20month%20of%20July%2C%202026.pdf
2026,7,SSP-Zincated(Powder),12929.48,https://fert.gov.in/sites/default/files/2026-08/Monthly%20Bulletin%20month%20of%20July%2C%202026.pdf
2026,7,SSP-Zincated-Boronated(Granular),15846.1,https://fert.gov.in/sites/default/files/2026-08/Monthly%20Bulletin%20month%20of%20July%2C%202026.pdf
2026,7,TSP,26120.48,https://fert.gov.in/sites/default/files/2026-08/Monthly%20Bulletin%20month%20of%20July%2C%202026.pdf
2026,7,Urea,5360.0,https://fert.gov.in/sites/default/files/2026-08/Monthly%20Bulletin%20month%20of%20July%2C%202026.pdf
2026,7,Urea-SSP Complex,19133.38,https://fert.gov.in/sites/default/files/2026-08/Monthly%20Bulletin%20month%20of%20July%2C%202026.pdf
2026,7,Zinc and Boron NPK 8-21-21(40 Kg),57500.0,https://fert.gov.in/sites/default/files/2026-08/Monthly%20Bulletin%20month%20of%20July%2C%202026.pdf
2026,7,Zincated 10-26-26,40000.0,https://fert.gov.in/sites/default/files/2026-08/Monthly%20Bulletin%20month%20of%20July%2C%202026.pdf
2026,7,Zincated 20-20-0-13,37867.4,https://fert.gov.in/sites/default/files/2026-08/Monthly%20Bulletin%20month%20of%20July%2C%202026.pdf
2026,7,Zincated NPK 14-35-14,48000.0,https://fert.gov.in/sites/default/files/2026-08/Monthly%20Bulletin%20month%20of%20July%2C%202026.pdf
