crop,market_id,market,state,fold,horizon_weeks,week_start,y_true,y_pred_market
tomato,9.0,Shadnagar APMC,Telangana,1,1,2022-01-03,1045.4545454545453,1036.5236614249295
tomato,9.0,Shadnagar APMC,Telangana,1,1,2022-01-10,760.5279698302955,823.7585406305708
tomato,9.0,Shadnagar APMC,Telangana,1,1,2022-01-17,1117.6470588235297,623.8891113636406
tomato,9.0,Shadnagar APMC,Telangana,1,1,2022-01-24,889.8550724637684,576.123199040612
tomato,9.0,Shadnagar APMC,Telangana,1,1,2022-01-31,545.161290322581,657.4891830747753
tomato,9.0,Shadnagar APMC,Telangana,1,1,2022-02-07,431.6831683168316,616.6279051259564
tomato,9.0,Shadnagar APMC,Telangana,1,1,2022-02-14,410.8910891089111,556.1694308682519
tomato,9.0,Shadnagar APMC,Telangana,1,1,2022-02-21,374.2647058823528,538.5841821510813
tomato,9.0,Shadnagar APMC,Telangana,1,1,2022-02-28,360.22727272727275,521.3136713171046
tomato,9.0,Shadnagar APMC,Telangana,1,1,2022-03-07,389.9328859060401,504.57198553148055
tomato,9.0,Shadnagar APMC,Telangana,1,1,2022-03-14,353.8461538461537,499.7962836984132
tomato,9.0,Shadnagar APMC,Telangana,1,1,2022-03-21,440.7894736842106,570.4409840839077
tomato,9.0,Shadnagar APMC,Telangana,1,1,2022-03-28,515.0,567.2594106921899
tomato,9.0,Shadnagar APMC,Telangana,1,1,2022-04-04,600.0,581.4050417087876
tomato,9.0,Shadnagar APMC,Telangana,1,1,2022-04-11,1069.5652173913047,624.784888031471
tomato,9.0,Shadnagar APMC,Telangana,1,1,2022-04-18,1960.0,619.394404908673
tomato,9.0,Shadnagar APMC,Telangana,1,1,2022-04-25,1980.0000000000005,761.7815096263774
tomato,9.0,Shadnagar APMC,Telangana,1,1,2022-05-02,2000.0,2267.886357276923
tomato,9.0,Shadnagar APMC,Telangana,1,1,2022-05-09,2416.666666666667,2557.9885843171714
tomato,9.0,Shadnagar APMC,Telangana,1,1,2022-05-16,2833.333333333334,2819.9941117723083
tomato,9.0,Shadnagar APMC,Telangana,1,1,2022-05-23,3250.0000000000027,2536.67425169424
tomato,9.0,Shadnagar APMC,Telangana,1,1,2022-05-30,4215.999999999997,2776.479193188493
tomato,9.0,Shadnagar APMC,Telangana,1,1,2022-06-06,3422.680412371132,3305.8658150042206
tomato,9.0,Shadnagar APMC,Telangana,1,1,2022-06-13,2300.0000000000005,3088.9633141045283
tomato,9.0,Shadnagar APMC,Telangana,1,1,2022-06-20,1030.0000000000002,2942.3232416666874
tomato,9.0,Shadnagar APMC,Telangana,1,1,2022-06-27,621.276595744681,2546.3928256003155
tomato,9.0,Shadnagar APMC,Telangana,1,1,2022-07-04,750.9433962264148,1148.2845235020663
tomato,9.0,Shadnagar APMC,Telangana,1,1,2022-07-11,831.3725490196075,883.8157242069765
tomato,9.0,Shadnagar APMC,Telangana,1,1,2022-07-18,691.6666666666665,840.7365112176768
tomato,9.0,Shadnagar APMC,Telangana,1,1,2022-07-25,673.9726027397263,728.7533823560694
tomato,9.0,Shadnagar APMC,Telangana,1,1,2022-08-01,761.261261261261,610.2273486778604
tomato,9.0,Shadnagar APMC,Telangana,1,1,2022-08-08,877.7777777777776,664.4434021993331
tomato,9.0,Shadnagar APMC,Telangana,1,1,2022-08-15,856.521739130435,706.2710310154115
tomato,9.0,Shadnagar APMC,Telangana,1,1,2022-08-22,1526.666666666666,688.7579002419982
tomato,9.0,Shadnagar APMC,Telangana,1,1,2022-08-29,1853.3333333333335,691.0429138441096
tomato,9.0,Shadnagar APMC,Telangana,1,1,2022-09-05,2573.333333333332,1321.7190829752917
tomato,9.0,Shadnagar APMC,Telangana,1,1,2022-09-12,1855.2631578947373,1531.744258303639
tomato,9.0,Shadnagar APMC,Telangana,1,1,2022-09-19,2100.970873786407,1837.4048930436102
tomato,9.0,Shadnagar APMC,Telangana,1,1,2022-09-26,2547.8260869565215,1638.259529691811
tomato,9.0,Shadnagar APMC,Telangana,1,1,2022-10-03,2485.714285714286,1566.8761681385631
tomato,9.0,Shadnagar APMC,Telangana,1,1,2022-10-10,2800.000000000001,1839.627453448998
tomato,9.0,Shadnagar APMC,Telangana,1,1,2022-10-17,1854.8387096774197,1679.196509684251
tomato,9.0,Shadnagar APMC,Telangana,1,1,2022-10-24,1481.818181818182,1716.7406240977475
tomato,9.0,Shadnagar APMC,Telangana,1,1,2022-10-31,1295.6521739130435,1452.592572673243
tomato,9.0,Shadnagar APMC,Telangana,1,1,2022-11-07,780.4166666666665,973.0730876214051
tomato,9.0,Shadnagar APMC,Telangana,1,1,2022-11-14,499.1525423728812,735.5440314738153
tomato,9.0,Shadnagar APMC,Telangana,1,1,2022-11-21,639.9999999999999,550.6118152839903
tomato,9.0,Shadnagar APMC,Telangana,1,1,2022-11-28,600.0,530.6863121739974
tomato,9.0,Shadnagar APMC,Telangana,1,1,2022-12-05,590.6249999999998,468.77512080857986
tomato,9.0,Shadnagar APMC,Telangana,1,1,2022-12-12,581.25,483.1360333074816
tomato,9.0,Shadnagar APMC,Telangana,1,1,2022-12-19,535.9430604982208,483.8994206053565
tomato,9.0,Shadnagar APMC,Telangana,1,1,2022-12-26,394.82758620689674,481.4482698320523
tomato,9.0,Shadnagar APMC,Telangana,1,4,2022-01-03,889.8550724637684,934.0968926754447
tomato,9.0,Shadnagar APMC,Telangana,1,4,2022-01-10,545.161290322581,934.0968926754447
tomato,9.0,Shadnagar APMC,Telangana,1,4,2022-01-17,431.6831683168316,934.0968926754447
tomato,9.0,Shadnagar APMC,Telangana,1,4,2022-01-24,410.8910891089111,957.069015361201
tomato,9.0,Shadnagar APMC,Telangana,1,4,2022-01-31,374.2647058823528,934.0968926754447
tomato,9.0,Shadnagar APMC,Telangana,1,4,2022-02-07,360.22727272727275,934.0968926754447
tomato,9.0,Shadnagar APMC,Telangana,1,4,2022-02-14,389.9328859060401,934.0968926754447
tomato,9.0,Shadnagar APMC,Telangana,1,4,2022-02-21,353.8461538461537,934.0968926754447
tomato,9.0,Shadnagar APMC,Telangana,1,4,2022-02-28,440.7894736842106,934.0968926754447
tomato,9.0,Shadnagar APMC,Telangana,1,4,2022-03-07,515.0,934.0968926754447
tomato,9.0,Shadnagar APMC,Telangana,1,4,2022-03-14,600.0,934.0968926754447
tomato,9.0,Shadnagar APMC,Telangana,1,4,2022-03-21,1069.5652173913047,934.0968926754447
tomato,9.0,Shadnagar APMC,Telangana,1,4,2022-03-28,1960.0,934.0968926754447
tomato,9.0,Shadnagar APMC,Telangana,1,4,2022-04-04,1980.0000000000005,934.0968926754447
tomato,9.0,Shadnagar APMC,Telangana,1,4,2022-04-11,2000.0,943.0103749558934
tomato,9.0,Shadnagar APMC,Telangana,1,4,2022-04-18,2416.666666666667,943.0103749558934
tomato,9.0,Shadnagar APMC,Telangana,1,4,2022-04-25,2833.333333333334,943.0103749558934
tomato,9.0,Shadnagar APMC,Telangana,1,4,2022-05-02,3250.0000000000027,1009.9782624140092
tomato,9.0,Shadnagar APMC,Telangana,1,4,2022-05-09,4215.999999999997,1009.9782624140092
tomato,9.0,Shadnagar APMC,Telangana,1,4,2022-05-16,3422.680412371132,1009.9782624140092
tomato,9.0,Shadnagar APMC,Telangana,1,4,2022-05-23,2300.0000000000005,1009.9782624140092
tomato,9.0,Shadnagar APMC,Telangana,1,4,2022-05-30,1030.0000000000002,1009.9782624140092
tomato,9.0,Shadnagar APMC,Telangana,1,4,2022-06-06,621.276595744681,1009.9782624140092
tomato,9.0,Shadnagar APMC,Telangana,1,4,2022-06-13,750.9433962264148,1001.5198607016255
tomato,9.0,Shadnagar APMC,Telangana,1,4,2022-06-20,831.3725490196075,1001.5198607016255
tomato,9.0,Shadnagar APMC,Telangana,1,4,2022-06-27,691.6666666666665,1001.5198607016255
tomato,9.0,Shadnagar APMC,Telangana,1,4,2022-07-04,673.9726027397263,1001.5198607016255
tomato,9.0,Shadnagar APMC,Telangana,1,4,2022-07-11,761.261261261261,1001.5198607016255
tomato,9.0,Shadnagar APMC,Telangana,1,4,2022-07-18,877.7777777777776,1001.5198607016255
tomato,9.0,Shadnagar APMC,Telangana,1,4,2022-07-25,856.521739130435,1001.5198607016255
tomato,9.0,Shadnagar APMC,Telangana,1,4,2022-08-01,1526.666666666666,1001.5198607016255
tomato,9.0,Shadnagar APMC,Telangana,1,4,2022-08-08,1853.3333333333335,1001.5198607016255
tomato,9.0,Shadnagar APMC,Telangana,1,4,2022-08-15,2573.333333333332,1001.5198607016255
tomato,9.0,Shadnagar APMC,Telangana,1,4,2022-08-22,1855.2631578947373,1001.5198607016255
tomato,9.0,Shadnagar APMC,Telangana,1,4,2022-08-29,2100.970873786407,1001.5198607016255
tomato,9.0,Shadnagar APMC,Telangana,1,4,2022-09-05,2547.8260869565215,1001.5198607016255
tomato,9.0,Shadnagar APMC,Telangana,1,4,2022-09-12,2485.714285714286,1001.5198607016255
tomato,9.0,Shadnagar APMC,Telangana,1,4,2022-09-19,2800.000000000001,1001.5198607016255
tomato,9.0,Shadnagar APMC,Telangana,1,4,2022-09-26,1854.8387096774197,1001.5198607016255
tomato,9.0,Shadnagar APMC,Telangana,1,4,2022-10-03,1481.818181818182,957.069015361201
tomato,9.0,Shadnagar APMC,Telangana,1,4,2022-10-10,1295.6521739130435,957.069015361201
tomato,9.0,Shadnagar APMC,Telangana,1,4,2022-10-17,780.4166666666665,957.069015361201
tomato,9.0,Shadnagar APMC,Telangana,1,4,2022-10-24,499.1525423728812,957.069015361201
tomato,9.0,Shadnagar APMC,Telangana,1,4,2022-10-31,639.9999999999999,957.069015361201
tomato,9.0,Shadnagar APMC,Telangana,1,4,2022-11-07,600.0,957.069015361201
tomato,9.0,Shadnagar APMC,Telangana,1,4,2022-11-14,590.6249999999998,957.069015361201
tomato,9.0,Shadnagar APMC,Telangana,1,4,2022-11-21,581.25,957.069015361201
tomato,9.0,Shadnagar APMC,Telangana,1,4,2022-11-28,535.9430604982208,957.069015361201
tomato,9.0,Shadnagar APMC,Telangana,1,4,2022-12-05,394.82758620689674,957.069015361201
tomato,9.0,Shadnagar APMC,Telangana,1,4,2022-12-12,361.9047619047619,957.069015361201
tomato,9.0,Shadnagar APMC,Telangana,1,4,2022-12-19,600.0,957.069015361201
tomato,9.0,Shadnagar APMC,Telangana,1,4,2022-12-26,768.0000000000003,957.069015361201
tomato,9.0,Shadnagar APMC,Telangana,1,13,2022-01-03,515.0,905.495871489187
tomato,9.0,Shadnagar APMC,Telangana,1,13,2022-01-10,600.0,887.5352129342691
tomato,9.0,Shadnagar APMC,Telangana,1,13,2022-01-17,1069.5652173913047,887.5352129342691
tomato,9.0,Shadnagar APMC,Telangana,1,13,2022-01-24,1960.0,864.0964592494191
tomato,9.0,Shadnagar APMC,Telangana,1,13,2022-01-31,1980.0000000000005,887.5352129342691
tomato,9.0,Shadnagar APMC,Telangana,1,13,2022-02-07,2000.0,887.5352129342691
tomato,9.0,Shadnagar APMC,Telangana,1,13,2022-02-14,2416.666666666667,887.5352129342691
tomato,9.0,Shadnagar APMC,Telangana,1,13,2022-02-21,2833.333333333334,887.5352129342691
tomato,9.0,Shadnagar APMC,Telangana,1,13,2022-02-28,3250.0000000000027,887.5352129342691
tomato,9.0,Shadnagar APMC,Telangana,1,13,2022-03-07,4215.999999999997,1016.3241125251235
tomato,9.0,Shadnagar APMC,Telangana,1,13,2022-03-14,3422.680412371132,1016.3241125251235
tomato,9.0,Shadnagar APMC,Telangana,1,13,2022-03-21,2300.0000000000005,1016.3241125251235
tomato,9.0,Shadnagar APMC,Telangana,1,13,2022-03-28,1030.0000000000002,1016.3241125251235
tomato,9.0,Shadnagar APMC,Telangana,1,13,2022-04-04,621.276595744681,1016.3241125251235
tomato,9.0,Shadnagar APMC,Telangana,1,13,2022-04-11,750.9433962264148,1016.3241125251235
tomato,9.0,Shadnagar APMC,Telangana,1,13,2022-04-18,831.3725490196075,1016.3241125251235
tomato,9.0,Shadnagar APMC,Telangana,1,13,2022-04-25,691.6666666666665,1016.3241125251235
tomato,9.0,Shadnagar APMC,Telangana,1,13,2022-05-02,673.9726027397263,1016.3241125251235
tomato,9.0,Shadnagar APMC,Telangana,1,13,2022-05-09,761.261261261261,1016.3241125251235
tomato,9.0,Shadnagar APMC,Telangana,1,13,2022-05-16,877.7777777777776,1016.3241125251235
tomato,9.0,Shadnagar APMC,Telangana,1,13,2022-05-23,856.521739130435,1016.3241125251235
tomato,9.0,Shadnagar APMC,Telangana,1,13,2022-05-30,1526.666666666666,1016.3241125251235
tomato,9.0,Shadnagar APMC,Telangana,1,13,2022-06-06,1853.3333333333335,1016.3241125251235
tomato,9.0,Shadnagar APMC,Telangana,1,13,2022-06-13,2573.333333333332,1016.3241125251235
tomato,9.0,Shadnagar APMC,Telangana,1,13,2022-06-20,1855.2631578947373,1016.3241125251235
tomato,9.0,Shadnagar APMC,Telangana,1,13,2022-06-27,2100.970873786407,1016.3241125251235
tomato,9.0,Shadnagar APMC,Telangana,1,13,2022-07-04,2547.8260869565215,1052.9658040230556
tomato,9.0,Shadnagar APMC,Telangana,1,13,2022-07-11,2485.714285714286,1052.9658040230556
tomato,9.0,Shadnagar APMC,Telangana,1,13,2022-07-18,2800.000000000001,1052.9658040230556
tomato,9.0,Shadnagar APMC,Telangana,1,13,2022-07-25,1854.8387096774197,1052.9658040230556
tomato,9.0,Shadnagar APMC,Telangana,1,13,2022-08-01,1481.818181818182,1052.9658040230556
tomato,9.0,Shadnagar APMC,Telangana,1,13,2022-08-08,1295.6521739130435,1016.3241125251235
tomato,9.0,Shadnagar APMC,Telangana,1,13,2022-08-15,780.4166666666665,1016.3241125251235
tomato,9.0,Shadnagar APMC,Telangana,1,13,2022-08-22,499.1525423728812,1016.3241125251235
tomato,9.0,Shadnagar APMC,Telangana,1,13,2022-08-29,639.9999999999999,1016.3241125251235
tomato,9.0,Shadnagar APMC,Telangana,1,13,2022-09-05,600.0,1016.3241125251235
tomato,9.0,Shadnagar APMC,Telangana,1,13,2022-09-12,590.6249999999998,1016.3241125251235
tomato,9.0,Shadnagar APMC,Telangana,1,13,2022-09-19,581.25,1016.3241125251235
tomato,9.0,Shadnagar APMC,Telangana,1,13,2022-09-26,535.9430604982208,1052.9658040230556
tomato,9.0,Shadnagar APMC,Telangana,1,13,2022-10-03,394.82758620689674,1052.9658040230556
tomato,9.0,Shadnagar APMC,Telangana,1,13,2022-10-10,361.9047619047619,1016.3241125251235
tomato,9.0,Shadnagar APMC,Telangana,1,13,2022-10-17,600.0,1016.3241125251235
tomato,9.0,Shadnagar APMC,Telangana,1,13,2022-10-24,768.0000000000003,1016.3241125251235
tomato,9.0,Shadnagar APMC,Telangana,1,13,2022-10-31,715.4471544715444,1016.3241125251235
tomato,9.0,Shadnagar APMC,Telangana,1,13,2022-11-07,709.5588235294116,864.0964592494191
tomato,9.0,Shadnagar APMC,Telangana,1,13,2022-11-14,870.0000000000001,864.0964592494191
tomato,9.0,Shadnagar APMC,Telangana,1,13,2022-11-21,2648.148148148148,864.0964592494191
tomato,9.0,Shadnagar APMC,Telangana,1,13,2022-11-28,1624.9999999999993,864.0964592494191
tomato,9.0,Shadnagar APMC,Telangana,1,13,2022-12-05,999.9999999999999,1016.3241125251235
tomato,9.0,Shadnagar APMC,Telangana,1,13,2022-12-12,610.344827586207,1016.3241125251235
tomato,9.0,Shadnagar APMC,Telangana,1,13,2022-12-19,535.8974358974357,1016.3241125251235
tomato,9.0,Shadnagar APMC,Telangana,1,13,2022-12-26,507.06638115631705,1016.3241125251235
tomato,9.0,Shadnagar APMC,Telangana,1,26,2022-01-03,621.276595744681,1186.6010420474597
tomato,9.0,Shadnagar APMC,Telangana,1,26,2022-01-10,750.9433962264148,1170.5315465402196
tomato,9.0,Shadnagar APMC,Telangana,1,26,2022-01-17,831.3725490196075,1243.7714618317577
tomato,9.0,Shadnagar APMC,Telangana,1,26,2022-01-24,691.6666666666665,1209.2468238899464
tomato,9.0,Shadnagar APMC,Telangana,1,26,2022-01-31,673.9726027397263,1170.6254291966734
tomato,9.0,Shadnagar APMC,Telangana,1,26,2022-02-07,761.261261261261,1558.7533441564349
tomato,9.0,Shadnagar APMC,Telangana,1,26,2022-02-14,877.7777777777776,1253.3053077024222
tomato,9.0,Shadnagar APMC,Telangana,1,26,2022-02-21,856.521739130435,965.8262001590454
tomato,9.0,Shadnagar APMC,Telangana,1,26,2022-02-28,1526.666666666666,1143.0839880391975
tomato,9.0,Shadnagar APMC,Telangana,1,26,2022-03-07,1853.3333333333335,824.2968147572847
tomato,9.0,Shadnagar APMC,Telangana,1,26,2022-03-14,2573.333333333332,870.6943005776359
tomato,9.0,Shadnagar APMC,Telangana,1,26,2022-03-21,1855.2631578947373,802.0685970785253
tomato,9.0,Shadnagar APMC,Telangana,1,26,2022-03-28,2100.970873786407,1068.8982847974548
tomato,9.0,Shadnagar APMC,Telangana,1,26,2022-04-04,2547.8260869565215,793.6662141166696
tomato,9.0,Shadnagar APMC,Telangana,1,26,2022-04-11,2485.714285714286,902.4272702421476
tomato,9.0,Shadnagar APMC,Telangana,1,26,2022-04-18,2800.000000000001,937.3661846427398
tomato,9.0,Shadnagar APMC,Telangana,1,26,2022-04-25,1854.8387096774197,1113.0528094483518
tomato,9.0,Shadnagar APMC,Telangana,1,26,2022-05-02,1481.818181818182,922.289429418486
tomato,9.0,Shadnagar APMC,Telangana,1,26,2022-05-09,1295.6521739130435,796.246085713656
tomato,9.0,Shadnagar APMC,Telangana,1,26,2022-05-16,780.4166666666665,743.6478257299914
tomato,9.0,Shadnagar APMC,Telangana,1,26,2022-05-23,499.1525423728812,683.7380221296631
tomato,9.0,Shadnagar APMC,Telangana,1,26,2022-05-30,639.9999999999999,794.0327681748829
tomato,9.0,Shadnagar APMC,Telangana,1,26,2022-06-06,600.0,765.6371925434426
tomato,9.0,Shadnagar APMC,Telangana,1,26,2022-06-13,590.6249999999998,679.6534473946673
tomato,9.0,Shadnagar APMC,Telangana,1,26,2022-06-20,581.25,667.3012756572302
tomato,9.0,Shadnagar APMC,Telangana,1,26,2022-06-27,535.9430604982208,681.2165786410765
tomato,9.0,Shadnagar APMC,Telangana,1,26,2022-07-04,394.82758620689674,675.3945153717207
tomato,9.0,Shadnagar APMC,Telangana,1,26,2022-07-11,361.9047619047619,675.3945153717207
tomato,9.0,Shadnagar APMC,Telangana,1,26,2022-07-18,600.0,671.1927541921526
tomato,9.0,Shadnagar APMC,Telangana,1,26,2022-07-25,768.0000000000003,675.2277990692226
tomato,9.0,Shadnagar APMC,Telangana,1,26,2022-08-01,715.4471544715444,724.3742093935688
tomato,9.0,Shadnagar APMC,Telangana,1,26,2022-08-08,709.5588235294116,731.4316464005176
tomato,9.0,Shadnagar APMC,Telangana,1,26,2022-08-15,870.0000000000001,730.8911659276115
tomato,9.0,Shadnagar APMC,Telangana,1,26,2022-08-22,2648.148148148148,720.5347475071694
tomato,9.0,Shadnagar APMC,Telangana,1,26,2022-08-29,1624.9999999999993,713.6697085112908
tomato,9.0,Shadnagar APMC,Telangana,1,26,2022-09-05,999.9999999999999,681.3796278911447
tomato,9.0,Shadnagar APMC,Telangana,1,26,2022-09-12,610.344827586207,691.042510366575
tomato,9.0,Shadnagar APMC,Telangana,1,26,2022-09-19,535.8974358974357,729.4802912457607
tomato,9.0,Shadnagar APMC,Telangana,1,26,2022-09-26,507.06638115631705,731.652674748622
tomato,9.0,Shadnagar APMC,Telangana,1,26,2022-10-03,474.46808510638317,702.376510563053
tomato,9.0,Shadnagar APMC,Telangana,1,26,2022-10-10,430.30303030303025,693.2169323715434
tomato,9.0,Shadnagar APMC,Telangana,1,26,2022-10-17,344.4444444444445,681.7184322154084
tomato,9.0,Shadnagar APMC,Telangana,1,26,2022-10-24,313.5220125786162,763.256831260672
tomato,9.0,Shadnagar APMC,Telangana,1,26,2022-10-31,456.761006289308,688.2169571357064
tomato,9.0,Shadnagar APMC,Telangana,1,26,2022-11-07,600.0,1100.0204350176407
tomato,9.0,Shadnagar APMC,Telangana,1,26,2022-11-14,600.0,1038.0509566800017
tomato,9.0,Shadnagar APMC,Telangana,1,26,2022-11-21,600.0,1100.0204350176407
tomato,9.0,Shadnagar APMC,Telangana,1,26,2022-11-28,1375.0,1186.868456028166
tomato,9.0,Shadnagar APMC,Telangana,1,26,2022-12-05,2357.142857142858,1198.2559011781175
tomato,9.0,Shadnagar APMC,Telangana,1,26,2022-12-12,2193.1034482758623,948.8576562257238
tomato,9.0,Shadnagar APMC,Telangana,1,26,2022-12-19,2740.0000000000005,1164.2602102731967
tomato,9.0,Shadnagar APMC,Telangana,1,26,2022-12-26,5299.999999999997,1141.703096217238
tomato,9.0,Shadnagar APMC,Telangana,2,1,2023-01-02,361.9047619047619,549.2448145236787
tomato,9.0,Shadnagar APMC,Telangana,2,1,2023-01-09,600.0,499.740480556873
tomato,9.0,Shadnagar APMC,Telangana,2,1,2023-01-16,768.0000000000003,533.8785638130003
tomato,9.0,Shadnagar APMC,Telangana,2,1,2023-01-23,715.4471544715444,567.8246732096725
tomato,9.0,Shadnagar APMC,Telangana,2,1,2023-01-30,709.5588235294116,604.7541193128922
tomato,9.0,Shadnagar APMC,Telangana,2,1,2023-02-06,870.0000000000001,573.0038478373928
tomato,9.0,Shadnagar APMC,Telangana,2,1,2023-02-13,2648.148148148148,587.6513193491818
tomato,9.0,Shadnagar APMC,Telangana,2,1,2023-02-20,1624.9999999999993,534.8995748717888
tomato,9.0,Shadnagar APMC,Telangana,2,1,2023-02-27,999.9999999999999,1279.4925572815912
tomato,9.0,Shadnagar APMC,Telangana,2,1,2023-03-06,610.344827586207,961.5498439478619
tomato,9.0,Shadnagar APMC,Telangana,2,1,2023-03-13,535.8974358974357,780.254806448828
tomato,9.0,Shadnagar APMC,Telangana,2,1,2023-03-20,507.06638115631705,724.3106130162585
tomato,9.0,Shadnagar APMC,Telangana,2,1,2023-03-27,474.46808510638317,703.8815942227767
tomato,9.0,Shadnagar APMC,Telangana,2,1,2023-04-03,430.30303030303025,678.1672556559184
tomato,9.0,Shadnagar APMC,Telangana,2,1,2023-04-10,344.4444444444445,686.537951679049
tomato,9.0,Shadnagar APMC,Telangana,2,1,2023-04-17,313.5220125786162,575.2260448370275
tomato,9.0,Shadnagar APMC,Telangana,2,1,2023-04-24,456.761006289308,494.99344985781937
tomato,9.0,Shadnagar APMC,Telangana,2,1,2023-05-01,600.0,566.8594355110752
tomato,9.0,Shadnagar APMC,Telangana,2,1,2023-05-08,600.0,614.6676968488133
tomato,9.0,Shadnagar APMC,Telangana,2,1,2023-05-15,600.0,870.511200271403
tomato,9.0,Shadnagar APMC,Telangana,2,1,2023-05-22,1375.0,869.128575073933
tomato,9.0,Shadnagar APMC,Telangana,2,1,2023-05-29,2357.142857142858,951.3909992167771
tomato,9.0,Shadnagar APMC,Telangana,2,1,2023-06-05,2193.1034482758623,1499.17405417307
tomato,9.0,Shadnagar APMC,Telangana,2,1,2023-06-12,2740.0000000000005,2436.6724035443135
tomato,9.0,Shadnagar APMC,Telangana,2,1,2023-06-19,5299.999999999997,2460.9088444580852
tomato,9.0,Shadnagar APMC,Telangana,2,1,2023-06-26,3390.4255319148915,2486.2145908183807
tomato,9.0,Shadnagar APMC,Telangana,2,1,2023-07-03,1480.8510638297869,2835.0912832790486
tomato,9.0,Shadnagar APMC,Telangana,2,1,2023-07-10,950.0,2710.6347791537846
tomato,9.0,Shadnagar APMC,Telangana,2,1,2023-07-17,1411.1111111111115,1398.5874076870969
tomato,9.0,Shadnagar APMC,Telangana,2,1,2023-07-24,1872.2222222222224,1054.3772122601165
tomato,9.0,Shadnagar APMC,Telangana,2,1,2023-07-31,2333.3333333333326,1458.588287944977
tomato,9.0,Shadnagar APMC,Telangana,2,1,2023-08-07,2954.545454545453,1984.2896820153348
tomato,9.0,Shadnagar APMC,Telangana,2,1,2023-08-14,2889.4736842105276,2021.6961357086068
tomato,9.0,Shadnagar APMC,Telangana,2,1,2023-08-21,2722.222222222222,1819.3416882279143
tomato,9.0,Shadnagar APMC,Telangana,2,1,2023-08-28,1800.0,1934.039818903423
tomato,9.0,Shadnagar APMC,Telangana,2,1,2023-09-04,1615.3846153846152,1505.1513203760794
tomato,9.0,Shadnagar APMC,Telangana,2,1,2023-09-11,1527.7777777777771,1031.3485430192898
tomato,9.0,Shadnagar APMC,Telangana,2,1,2023-09-18,2000.0,1317.5622451381691
tomato,9.0,Shadnagar APMC,Telangana,2,1,2023-09-25,1004.3478260869559,1249.937354508962
tomato,9.0,Shadnagar APMC,Telangana,2,1,2023-10-02,1148.2758620689651,1294.0520606154264
tomato,9.0,Shadnagar APMC,Telangana,2,1,2023-10-09,1113.3333333333335,750.9051661838004
tomato,9.0,Shadnagar APMC,Telangana,2,1,2023-10-16,1167.5000000000002,781.6576780992954
tomato,9.0,Shadnagar APMC,Telangana,2,1,2023-10-23,1459.090909090909,720.1615261859238
tomato,9.0,Shadnagar APMC,Telangana,2,1,2023-10-30,1200.0,672.8814792828106
tomato,9.0,Shadnagar APMC,Telangana,2,1,2023-11-06,1333.333333333333,966.3866109402155
tomato,9.0,Shadnagar APMC,Telangana,2,1,2023-11-13,999.9999999999999,752.6874852832213
tomato,9.0,Shadnagar APMC,Telangana,2,1,2023-11-20,999.9999999999999,975.9341578256066
tomato,9.0,Shadnagar APMC,Telangana,2,1,2023-11-27,999.9999999999999,789.7275988952694
tomato,9.0,Shadnagar APMC,Telangana,2,1,2023-12-04,999.9999999999999,805.8194434801162
tomato,9.0,Shadnagar APMC,Telangana,2,1,2023-12-11,1575.0000000000005,688.0259635247099
tomato,9.0,Shadnagar APMC,Telangana,2,1,2023-12-18,1200.0,691.987825365474
tomato,9.0,Shadnagar APMC,Telangana,2,1,2023-12-25,1350.0000000000002,890.6573113893456
tomato,9.0,Shadnagar APMC,Telangana,2,4,2023-01-02,715.4471544715444,862.8994675181357
tomato,9.0,Shadnagar APMC,Telangana,2,4,2023-01-09,709.5588235294116,828.6035484927824
tomato,9.0,Shadnagar APMC,Telangana,2,4,2023-01-16,870.0000000000001,828.6035484927824
tomato,9.0,Shadnagar APMC,Telangana,2,4,2023-01-23,2648.148148148148,828.6035484927824
tomato,9.0,Shadnagar APMC,Telangana,2,4,2023-01-30,1624.9999999999993,828.6035484927824
tomato,9.0,Shadnagar APMC,Telangana,2,4,2023-02-06,999.9999999999999,1019.2527614707423
tomato,9.0,Shadnagar APMC,Telangana,2,4,2023-02-13,610.344827586207,1019.2527614707423
tomato,9.0,Shadnagar APMC,Telangana,2,4,2023-02-20,535.8974358974357,1019.2527614707423
tomato,9.0,Shadnagar APMC,Telangana,2,4,2023-02-27,507.06638115631705,1019.2527614707423
tomato,9.0,Shadnagar APMC,Telangana,2,4,2023-03-06,474.46808510638317,1019.2527614707423
tomato,9.0,Shadnagar APMC,Telangana,2,4,2023-03-13,430.30303030303025,1060.9126959698012
tomato,9.0,Shadnagar APMC,Telangana,2,4,2023-03-20,344.4444444444445,1021.9825638356751
tomato,9.0,Shadnagar APMC,Telangana,2,4,2023-03-27,313.5220125786162,1019.2527614707423
tomato,9.0,Shadnagar APMC,Telangana,2,4,2023-04-03,456.761006289308,1019.2527614707423
tomato,9.0,Shadnagar APMC,Telangana,2,4,2023-04-10,600.0,1070.749078473808
tomato,9.0,Shadnagar APMC,Telangana,2,4,2023-04-17,600.0,1070.749078473808
tomato,9.0,Shadnagar APMC,Telangana,2,4,2023-04-24,600.0,1019.2527614707423
tomato,9.0,Shadnagar APMC,Telangana,2,4,2023-05-01,1375.0,1091.691372369705
tomato,9.0,Shadnagar APMC,Telangana,2,4,2023-05-08,2357.142857142858,1091.691372369705
tomato,9.0,Shadnagar APMC,Telangana,2,4,2023-05-15,2193.1034482758623,1101.8128544258552
tomato,9.0,Shadnagar APMC,Telangana,2,4,2023-05-22,2740.0000000000005,1091.691372369705
tomato,9.0,Shadnagar APMC,Telangana,2,4,2023-05-29,5299.999999999997,1060.9126959698012
tomato,9.0,Shadnagar APMC,Telangana,2,4,2023-06-05,3390.4255319148915,1309.6375882374825
tomato,9.0,Shadnagar APMC,Telangana,2,4,2023-06-12,1480.8510638297869,1093.1217058312582
tomato,9.0,Shadnagar APMC,Telangana,2,4,2023-06-19,950.0,1060.9126959698012
tomato,9.0,Shadnagar APMC,Telangana,2,4,2023-06-26,1411.1111111111115,1021.9825638356751
tomato,9.0,Shadnagar APMC,Telangana,2,4,2023-07-03,1872.2222222222224,1149.0454566587655
tomato,9.0,Shadnagar APMC,Telangana,2,4,2023-07-10,2333.3333333333326,1149.0454566587655
tomato,9.0,Shadnagar APMC,Telangana,2,4,2023-07-17,2954.545454545453,1149.0454566587655
tomato,9.0,Shadnagar APMC,Telangana,2,4,2023-07-24,2889.4736842105276,1149.0454566587655
tomato,9.0,Shadnagar APMC,Telangana,2,4,2023-07-31,2722.222222222222,1149.0454566587655
tomato,9.0,Shadnagar APMC,Telangana,2,4,2023-08-07,1800.0,1149.0454566587655
tomato,9.0,Shadnagar APMC,Telangana,2,4,2023-08-14,1615.3846153846152,1149.0454566587655
tomato,9.0,Shadnagar APMC,Telangana,2,4,2023-08-21,1527.7777777777771,1149.0454566587655
tomato,9.0,Shadnagar APMC,Telangana,2,4,2023-08-28,2000.0,1149.0454566587655
tomato,9.0,Shadnagar APMC,Telangana,2,4,2023-09-04,1004.3478260869559,940.7289224357299
tomato,9.0,Shadnagar APMC,Telangana,2,4,2023-09-11,1148.2758620689651,1125.5217432385878
tomato,9.0,Shadnagar APMC,Telangana,2,4,2023-09-18,1113.3333333333335,1125.5217432385878
tomato,9.0,Shadnagar APMC,Telangana,2,4,2023-09-25,1167.5000000000002,1168.3921125553506
tomato,9.0,Shadnagar APMC,Telangana,2,4,2023-10-02,1459.090909090909,1168.3921125553506
tomato,9.0,Shadnagar APMC,Telangana,2,4,2023-10-09,1200.0,1168.3921125553506
tomato,9.0,Shadnagar APMC,Telangana,2,4,2023-10-16,1333.333333333333,974.9960399379222
tomato,9.0,Shadnagar APMC,Telangana,2,4,2023-10-23,999.9999999999999,974.9960399379222
tomato,9.0,Shadnagar APMC,Telangana,2,4,2023-10-30,999.9999999999999,853.6032754231898
tomato,9.0,Shadnagar APMC,Telangana,2,4,2023-11-06,999.9999999999999,822.5674176845789
tomato,9.0,Shadnagar APMC,Telangana,2,4,2023-11-13,999.9999999999999,843.5298218030664
tomato,9.0,Shadnagar APMC,Telangana,2,4,2023-11-20,1575.0000000000005,843.5298218030664
tomato,9.0,Shadnagar APMC,Telangana,2,4,2023-11-27,1200.0,853.6032754231898
tomato,9.0,Shadnagar APMC,Telangana,2,4,2023-12-04,1350.0000000000002,844.8891766095611
tomato,9.0,Shadnagar APMC,Telangana,2,4,2023-12-11,1499.9999999999998,843.5298218030664
tomato,9.0,Shadnagar APMC,Telangana,2,4,2023-12-18,1633.3333333333337,843.5298218030664
tomato,9.0,Shadnagar APMC,Telangana,2,4,2023-12-25,1200.0,843.5298218030664
tomato,9.0,Shadnagar APMC,Telangana,2,13,2023-01-02,474.46808510638317,1118.4400547380394
tomato,9.0,Shadnagar APMC,Telangana,2,13,2023-01-09,430.30303030303025,1118.4400547380394
tomato,9.0,Shadnagar APMC,Telangana,2,13,2023-01-16,344.4444444444445,1118.4400547380394
tomato,9.0,Shadnagar APMC,Telangana,2,13,2023-01-23,313.5220125786162,1118.4400547380394
tomato,9.0,Shadnagar APMC,Telangana,2,13,2023-01-30,456.761006289308,1118.4400547380394
tomato,9.0,Shadnagar APMC,Telangana,2,13,2023-02-06,600.0,1118.4400547380394
tomato,9.0,Shadnagar APMC,Telangana,2,13,2023-02-13,600.0,1118.4400547380394
tomato,9.0,Shadnagar APMC,Telangana,2,13,2023-02-20,600.0,1144.8855101026197
tomato,9.0,Shadnagar APMC,Telangana,2,13,2023-02-27,1375.0,1118.4400547380394
tomato,9.0,Shadnagar APMC,Telangana,2,13,2023-03-06,2357.142857142858,1175.458024445067
tomato,9.0,Shadnagar APMC,Telangana,2,13,2023-03-13,2193.1034482758623,1175.458024445067
tomato,9.0,Shadnagar APMC,Telangana,2,13,2023-03-20,2740.0000000000005,1175.458024445067
tomato,9.0,Shadnagar APMC,Telangana,2,13,2023-03-27,5299.999999999997,1175.458024445067
tomato,9.0,Shadnagar APMC,Telangana,2,13,2023-04-03,3390.4255319148915,1175.458024445067
tomato,9.0,Shadnagar APMC,Telangana,2,13,2023-04-10,1480.8510638297869,1175.458024445067
tomato,9.0,Shadnagar APMC,Telangana,2,13,2023-04-17,950.0,1175.458024445067
tomato,9.0,Shadnagar APMC,Telangana,2,13,2023-04-24,1411.1111111111115,1148.3069976631868
tomato,9.0,Shadnagar APMC,Telangana,2,13,2023-05-01,1872.2222222222224,1086.1549962735166
tomato,9.0,Shadnagar APMC,Telangana,2,13,2023-05-08,2333.3333333333326,1086.1549962735166
tomato,9.0,Shadnagar APMC,Telangana,2,13,2023-05-15,2954.545454545453,1086.1549962735166
tomato,9.0,Shadnagar APMC,Telangana,2,13,2023-05-22,2889.4736842105276,1086.1549962735166
tomato,9.0,Shadnagar APMC,Telangana,2,13,2023-05-29,2722.222222222222,1086.1549962735166
tomato,9.0,Shadnagar APMC,Telangana,2,13,2023-06-05,1800.0,1148.3069976631868
tomato,9.0,Shadnagar APMC,Telangana,2,13,2023-06-12,1615.3846153846152,1175.458024445067
tomato,9.0,Shadnagar APMC,Telangana,2,13,2023-06-19,1527.7777777777771,1175.458024445067
tomato,9.0,Shadnagar APMC,Telangana,2,13,2023-06-26,2000.0,1170.2759284113927
tomato,9.0,Shadnagar APMC,Telangana,2,13,2023-07-03,1004.3478260869559,1170.2759284113927
tomato,9.0,Shadnagar APMC,Telangana,2,13,2023-07-10,1148.2758620689651,1170.2759284113927
tomato,9.0,Shadnagar APMC,Telangana,2,13,2023-07-17,1113.3333333333335,1170.2759284113927
tomato,9.0,Shadnagar APMC,Telangana,2,13,2023-07-24,1167.5000000000002,1170.2759284113927
tomato,9.0,Shadnagar APMC,Telangana,2,13,2023-07-31,1459.090909090909,1170.2759284113927
tomato,9.0,Shadnagar APMC,Telangana,2,13,2023-08-07,1200.0,1170.2759284113927
tomato,9.0,Shadnagar APMC,Telangana,2,13,2023-08-14,1333.333333333333,1175.458024445067
tomato,9.0,Shadnagar APMC,Telangana,2,13,2023-08-21,999.9999999999999,1175.458024445067
tomato,9.0,Shadnagar APMC,Telangana,2,13,2023-08-28,999.9999999999999,1148.3069976631868
tomato,9.0,Shadnagar APMC,Telangana,2,13,2023-09-04,999.9999999999999,960.8019488426044
tomato,9.0,Shadnagar APMC,Telangana,2,13,2023-09-11,999.9999999999999,960.8019488426044
tomato,9.0,Shadnagar APMC,Telangana,2,13,2023-09-18,1575.0000000000005,960.8019488426044
tomato,9.0,Shadnagar APMC,Telangana,2,13,2023-09-25,1200.0,960.8019488426044
tomato,9.0,Shadnagar APMC,Telangana,2,13,2023-10-02,1350.0000000000002,960.8019488426044
tomato,9.0,Shadnagar APMC,Telangana,2,13,2023-10-09,1499.9999999999998,960.8019488426044
tomato,9.0,Shadnagar APMC,Telangana,2,13,2023-10-16,1633.3333333333337,960.8019488426044
tomato,9.0,Shadnagar APMC,Telangana,2,13,2023-10-23,1200.0,960.8019488426044
tomato,9.0,Shadnagar APMC,Telangana,2,13,2023-10-30,2153.846153846153,960.8019488426044
tomato,9.0,Shadnagar APMC,Telangana,2,13,2023-11-06,1431.0344827586212,960.8019488426044
tomato,9.0,Shadnagar APMC,Telangana,2,13,2023-11-13,1289.655172413793,960.8019488426044
tomato,9.0,Shadnagar APMC,Telangana,2,13,2023-11-20,1144.0000000000005,960.8019488426044
tomato,9.0,Shadnagar APMC,Telangana,2,13,2023-11-27,1294.1176470588239,960.8019488426044
tomato,9.0,Shadnagar APMC,Telangana,2,13,2023-12-04,1439.5604395604396,960.8019488426044
tomato,9.0,Shadnagar APMC,Telangana,2,13,2023-12-11,1866.6666666666663,944.7337625320845
tomato,9.0,Shadnagar APMC,Telangana,2,13,2023-12-18,1303.9215686274504,944.7337625320845
tomato,9.0,Shadnagar APMC,Telangana,2,13,2023-12-25,1256.2500000000002,944.7337625320845
tomato,9.0,Shadnagar APMC,Telangana,2,26,2023-01-02,3390.4255319148915,1139.157978601212
tomato,9.0,Shadnagar APMC,Telangana,2,26,2023-01-09,1480.8510638297869,1139.157978601212
tomato,9.0,Shadnagar APMC,Telangana,2,26,2023-01-16,950.0,1139.157978601212
tomato,9.0,Shadnagar APMC,Telangana,2,26,2023-01-23,1411.1111111111115,1139.157978601212
tomato,9.0,Shadnagar APMC,Telangana,2,26,2023-01-30,1872.2222222222224,1139.157978601212
tomato,9.0,Shadnagar APMC,Telangana,2,26,2023-02-06,2333.3333333333326,1139.157978601212
tomato,9.0,Shadnagar APMC,Telangana,2,26,2023-02-13,2954.545454545453,1139.157978601212
tomato,9.0,Shadnagar APMC,Telangana,2,26,2023-02-20,2889.4736842105276,1088.5200039726958
tomato,9.0,Shadnagar APMC,Telangana,2,26,2023-02-27,2722.222222222222,1088.5200039726958
tomato,9.0,Shadnagar APMC,Telangana,2,26,2023-03-06,1800.0,1088.5200039726958
tomato,9.0,Shadnagar APMC,Telangana,2,26,2023-03-13,1615.3846153846152,1088.5200039726958
tomato,9.0,Shadnagar APMC,Telangana,2,26,2023-03-20,1527.7777777777771,1088.5200039726958
tomato,9.0,Shadnagar APMC,Telangana,2,26,2023-03-27,2000.0,1088.5200039726958
tomato,9.0,Shadnagar APMC,Telangana,2,26,2023-04-03,1004.3478260869559,1088.5200039726958
tomato,9.0,Shadnagar APMC,Telangana,2,26,2023-04-10,1148.2758620689651,1088.5200039726958
tomato,9.0,Shadnagar APMC,Telangana,2,26,2023-04-17,1113.3333333333335,1088.5200039726958
tomato,9.0,Shadnagar APMC,Telangana,2,26,2023-04-24,1167.5000000000002,1088.5200039726958
tomato,9.0,Shadnagar APMC,Telangana,2,26,2023-05-01,1459.090909090909,1088.5200039726958
tomato,9.0,Shadnagar APMC,Telangana,2,26,2023-05-08,1200.0,1088.5200039726958
tomato,9.0,Shadnagar APMC,Telangana,2,26,2023-05-15,1333.333333333333,1088.5200039726958
tomato,9.0,Shadnagar APMC,Telangana,2,26,2023-05-22,999.9999999999999,1088.5200039726958
tomato,9.0,Shadnagar APMC,Telangana,2,26,2023-05-29,999.9999999999999,1088.5200039726958
tomato,9.0,Shadnagar APMC,Telangana,2,26,2023-06-05,999.9999999999999,1088.5200039726958
tomato,9.0,Shadnagar APMC,Telangana,2,26,2023-06-12,999.9999999999999,1088.5200039726958
tomato,9.0,Shadnagar APMC,Telangana,2,26,2023-06-19,1575.0000000000005,1088.5200039726958
tomato,9.0,Shadnagar APMC,Telangana,2,26,2023-06-26,1200.0,1019.4102333428519
tomato,9.0,Shadnagar APMC,Telangana,2,26,2023-07-03,1350.0000000000002,962.8676181667146
tomato,9.0,Shadnagar APMC,Telangana,2,26,2023-07-10,1499.9999999999998,962.8676181667146
tomato,9.0,Shadnagar APMC,Telangana,2,26,2023-07-17,1633.3333333333337,962.8676181667146
tomato,9.0,Shadnagar APMC,Telangana,2,26,2023-07-24,1200.0,962.8676181667146
tomato,9.0,Shadnagar APMC,Telangana,2,26,2023-07-31,2153.846153846153,962.8676181667146
tomato,9.0,Shadnagar APMC,Telangana,2,26,2023-08-07,1431.0344827586212,962.8676181667146
tomato,9.0,Shadnagar APMC,Telangana,2,26,2023-08-14,1289.655172413793,962.8676181667146
tomato,9.0,Shadnagar APMC,Telangana,2,26,2023-08-21,1144.0000000000005,962.8676181667146
tomato,9.0,Shadnagar APMC,Telangana,2,26,2023-08-28,1294.1176470588239,962.8676181667146
tomato,9.0,Shadnagar APMC,Telangana,2,26,2023-09-04,1439.5604395604396,962.8676181667146
tomato,9.0,Shadnagar APMC,Telangana,2,26,2023-09-11,1866.6666666666663,962.8676181667146
tomato,9.0,Shadnagar APMC,Telangana,2,26,2023-09-18,1303.9215686274504,962.8676181667146
tomato,9.0,Shadnagar APMC,Telangana,2,26,2023-09-25,1256.2500000000002,962.8676181667146
tomato,9.0,Shadnagar APMC,Telangana,2,26,2023-10-02,1213.8888888888887,962.8676181667146
tomato,9.0,Shadnagar APMC,Telangana,2,26,2023-10-09,727.0072992700734,962.8676181667146
tomato,9.0,Shadnagar APMC,Telangana,2,26,2023-10-16,907.317073170732,962.8676181667146
tomato,9.0,Shadnagar APMC,Telangana,2,26,2023-10-23,1135.714285714286,1088.5200039726958
tomato,9.0,Shadnagar APMC,Telangana,2,26,2023-10-30,1242.2222222222226,1088.5200039726958
tomato,9.0,Shadnagar APMC,Telangana,2,26,2023-11-06,1013.333333333333,1088.5200039726958
tomato,9.0,Shadnagar APMC,Telangana,2,26,2023-11-13,1177.4193548387093,1088.5200039726958
tomato,9.0,Shadnagar APMC,Telangana,2,26,2023-11-20,964.1025641025642,1088.5200039726958
tomato,9.0,Shadnagar APMC,Telangana,2,26,2023-11-27,1055.5555555555557,1088.5200039726958
tomato,9.0,Shadnagar APMC,Telangana,2,26,2023-12-04,937.1428571428573,1088.5200039726958
tomato,9.0,Shadnagar APMC,Telangana,2,26,2023-12-11,2406.382978723405,1088.5200039726958
tomato,9.0,Shadnagar APMC,Telangana,2,26,2023-12-18,3887.499999999998,1088.5200039726958
tomato,9.0,Shadnagar APMC,Telangana,2,26,2023-12-25,4564.102564102562,1088.5200039726958
tomato,9.0,Shadnagar APMC,Telangana,3,1,2024-01-01,1499.9999999999998,711.3307903935929
tomato,9.0,Shadnagar APMC,Telangana,3,1,2024-01-08,1633.3333333333337,770.9512677539848
tomato,9.0,Shadnagar APMC,Telangana,3,1,2024-01-15,1200.0,878.0963411197893
tomato,9.0,Shadnagar APMC,Telangana,3,1,2024-01-22,2153.846153846153,900.9219522116933
tomato,9.0,Shadnagar APMC,Telangana,3,1,2024-01-29,1431.0344827586212,761.5815137746171
tomato,9.0,Shadnagar APMC,Telangana,3,1,2024-02-05,1289.655172413793,1091.3982047431527
tomato,9.0,Shadnagar APMC,Telangana,3,1,2024-02-12,1144.0000000000005,837.1543366619055
tomato,9.0,Shadnagar APMC,Telangana,3,1,2024-02-19,1294.1176470588239,792.616504642192
tomato,9.0,Shadnagar APMC,Telangana,3,1,2024-02-26,1439.5604395604396,785.0904659650473
tomato,9.0,Shadnagar APMC,Telangana,3,1,2024-03-04,1866.6666666666663,767.5800450319236
tomato,9.0,Shadnagar APMC,Telangana,3,1,2024-03-11,1303.9215686274504,826.4500836307682
tomato,9.0,Shadnagar APMC,Telangana,3,1,2024-03-18,1256.2500000000002,1257.5839361163075
tomato,9.0,Shadnagar APMC,Telangana,3,1,2024-03-25,1213.8888888888887,1031.7119348127267
tomato,9.0,Shadnagar APMC,Telangana,3,1,2024-04-01,727.0072992700734,966.7081356757182
tomato,9.0,Shadnagar APMC,Telangana,3,1,2024-04-08,907.317073170732,853.5159551459692
tomato,9.0,Shadnagar APMC,Telangana,3,1,2024-04-15,1135.714285714286,979.9769215358333
tomato,9.0,Shadnagar APMC,Telangana,3,1,2024-04-22,1242.2222222222226,942.6331259491418
tomato,9.0,Shadnagar APMC,Telangana,3,1,2024-04-29,1013.333333333333,952.9609602762108
tomato,9.0,Shadnagar APMC,Telangana,3,1,2024-05-06,1177.4193548387093,995.5802629237437
tomato,9.0,Shadnagar APMC,Telangana,3,1,2024-05-13,964.1025641025642,943.3757924356886
tomato,9.0,Shadnagar APMC,Telangana,3,1,2024-05-20,1055.5555555555557,983.5073906574644
tomato,9.0,Shadnagar APMC,Telangana,3,1,2024-05-27,937.1428571428573,1064.1544993084642
tomato,9.0,Shadnagar APMC,Telangana,3,1,2024-06-03,2406.382978723405,1286.3424920830198
tomato,9.0,Shadnagar APMC,Telangana,3,1,2024-06-10,3887.499999999998,1296.2289785581481
tomato,9.0,Shadnagar APMC,Telangana,3,1,2024-06-17,4564.102564102562,2298.058140513446
tomato,9.0,Shadnagar APMC,Telangana,3,1,2024-06-24,2200.0,2020.371911381947
tomato,9.0,Shadnagar APMC,Telangana,3,1,2024-07-01,1205.5555555555557,1506.433277695153
tomato,9.0,Shadnagar APMC,Telangana,3,1,2024-07-08,1918.918918918919,1525.3723759345198
tomato,9.0,Shadnagar APMC,Telangana,3,1,2024-07-15,1705.555555555556,1064.4520573026887
tomato,9.0,Shadnagar APMC,Telangana,3,1,2024-07-22,1482.352941176471,1414.5111173553114
tomato,9.0,Shadnagar APMC,Telangana,3,1,2024-07-29,923.9999999999998,1356.8711534698514
tomato,9.0,Shadnagar APMC,Telangana,3,1,2024-08-05,707.8947368421053,1132.3878668826435
tomato,9.0,Shadnagar APMC,Telangana,3,1,2024-08-12,868.6868686868687,967.5914994609948
tomato,9.0,Shadnagar APMC,Telangana,3,1,2024-08-19,961.1111111111111,981.8458232815408
tomato,9.0,Shadnagar APMC,Telangana,3,1,2024-08-26,422.8571428571427,1030.0450990517193
tomato,9.0,Shadnagar APMC,Telangana,3,1,2024-09-02,356.4102564102564,1068.7254043786115
tomato,9.0,Shadnagar APMC,Telangana,3,1,2024-09-09,450.0000000000001,691.954900556518
tomato,9.0,Shadnagar APMC,Telangana,3,1,2024-09-16,436.3636363636364,706.0639530510214
tomato,9.0,Shadnagar APMC,Telangana,3,1,2024-09-23,520.0,774.9351579171348
tomato,9.0,Shadnagar APMC,Telangana,3,1,2024-09-30,550.0000000000002,847.9380712541005
tomato,9.0,Shadnagar APMC,Telangana,3,1,2024-10-07,5000.000000000003,960.5391076931679
tomato,9.0,Shadnagar APMC,Telangana,3,1,2024-10-14,1499.9999999999998,880.8414973727647
tomato,9.0,Shadnagar APMC,Telangana,3,1,2024-10-21,1666.6666666666665,1908.06945210574
tomato,9.0,Shadnagar APMC,Telangana,3,1,2024-10-28,1765.6250000000005,1463.3410489860348
tomato,9.0,Shadnagar APMC,Telangana,3,1,2024-11-04,1775.0000000000002,1443.6216722168826
tomato,9.0,Shadnagar APMC,Telangana,3,1,2024-11-11,2079.999999999999,1431.267357505292
tomato,9.0,Shadnagar APMC,Telangana,3,1,2024-11-18,1734.3749999999993,1283.8552476795905
tomato,9.0,Shadnagar APMC,Telangana,3,1,2024-11-25,2103.030303030303,1774.8274921728632
tomato,9.0,Shadnagar APMC,Telangana,3,1,2024-12-02,1142.8571428571427,1345.6803202683652
tomato,9.0,Shadnagar APMC,Telangana,3,1,2024-12-09,899.9999999999998,1616.557970358731
tomato,9.0,Shadnagar APMC,Telangana,3,1,2024-12-16,1222.2222222222226,778.6451059316896
tomato,9.0,Shadnagar APMC,Telangana,3,1,2024-12-23,1089.2857142857138,746.9248430104709
tomato,9.0,Shadnagar APMC,Telangana,3,1,2024-12-30,800.0000000000003,704.367341384124
tomato,9.0,Shadnagar APMC,Telangana,3,4,2024-01-01,2153.846153846153,748.9437832584168
tomato,9.0,Shadnagar APMC,Telangana,3,4,2024-01-08,1431.0344827586212,778.376938602593
tomato,9.0,Shadnagar APMC,Telangana,3,4,2024-01-15,1289.655172413793,763.3887199819701
tomato,9.0,Shadnagar APMC,Telangana,3,4,2024-01-22,1144.0000000000005,778.376938602593
tomato,9.0,Shadnagar APMC,Telangana,3,4,2024-01-29,1294.1176470588239,734.521594430495
tomato,9.0,Shadnagar APMC,Telangana,3,4,2024-02-05,1439.5604395604396,851.3355104664635
tomato,9.0,Shadnagar APMC,Telangana,3,4,2024-02-12,1866.6666666666663,726.9262558765346
tomato,9.0,Shadnagar APMC,Telangana,3,4,2024-02-19,1303.9215686274504,726.9262558765346
tomato,9.0,Shadnagar APMC,Telangana,3,4,2024-02-26,1256.2500000000002,726.9262558765346
tomato,9.0,Shadnagar APMC,Telangana,3,4,2024-03-04,1213.8888888888887,726.9262558765346
tomato,9.0,Shadnagar APMC,Telangana,3,4,2024-03-11,727.0072992700734,726.9262558765346
tomato,9.0,Shadnagar APMC,Telangana,3,4,2024-03-18,907.317073170732,726.9262558765346
tomato,9.0,Shadnagar APMC,Telangana,3,4,2024-03-25,1135.714285714286,821.7786874313485
tomato,9.0,Shadnagar APMC,Telangana,3,4,2024-04-01,1242.2222222222226,882.8591809018038
tomato,9.0,Shadnagar APMC,Telangana,3,4,2024-04-08,1013.333333333333,864.2667717168661
tomato,9.0,Shadnagar APMC,Telangana,3,4,2024-04-15,1177.4193548387093,1046.3579490470222
tomato,9.0,Shadnagar APMC,Telangana,3,4,2024-04-22,964.1025641025642,1120.6393904842623
tomato,9.0,Shadnagar APMC,Telangana,3,4,2024-04-29,1055.5555555555557,1120.6393904842623
tomato,9.0,Shadnagar APMC,Telangana,3,4,2024-05-06,937.1428571428573,1070.0607941090984
tomato,9.0,Shadnagar APMC,Telangana,3,4,2024-05-13,2406.382978723405,1120.6393904842623
tomato,9.0,Shadnagar APMC,Telangana,3,4,2024-05-20,3887.499999999998,1140.2690932562082
tomato,9.0,Shadnagar APMC,Telangana,3,4,2024-05-27,4564.102564102562,1070.0607941090984
tomato,9.0,Shadnagar APMC,Telangana,3,4,2024-06-03,2200.0,1049.3841142815813
tomato,9.0,Shadnagar APMC,Telangana,3,4,2024-06-10,1205.5555555555557,1049.3841142815813
tomato,9.0,Shadnagar APMC,Telangana,3,4,2024-06-17,1918.918918918919,1049.3841142815813
tomato,9.0,Shadnagar APMC,Telangana,3,4,2024-06-24,1705.555555555556,939.4103794230379
tomato,9.0,Shadnagar APMC,Telangana,3,4,2024-07-01,1482.352941176471,854.6677686111296
tomato,9.0,Shadnagar APMC,Telangana,3,4,2024-07-08,923.9999999999998,854.6677686111296
tomato,9.0,Shadnagar APMC,Telangana,3,4,2024-07-15,707.8947368421053,920.7630840823515
tomato,9.0,Shadnagar APMC,Telangana,3,4,2024-07-22,868.6868686868687,920.7630840823515
tomato,9.0,Shadnagar APMC,Telangana,3,4,2024-07-29,961.1111111111111,854.6677686111296
tomato,9.0,Shadnagar APMC,Telangana,3,4,2024-08-05,422.8571428571427,889.7258012637963
tomato,9.0,Shadnagar APMC,Telangana,3,4,2024-08-12,356.4102564102564,955.7906293274489
tomato,9.0,Shadnagar APMC,Telangana,3,4,2024-08-19,450.0000000000001,909.6055429836489
tomato,9.0,Shadnagar APMC,Telangana,3,4,2024-08-26,436.3636363636364,946.9144612702848
tomato,9.0,Shadnagar APMC,Telangana,3,4,2024-09-02,520.0,968.497315055082
tomato,9.0,Shadnagar APMC,Telangana,3,4,2024-09-09,550.0000000000002,920.6246938474744
tomato,9.0,Shadnagar APMC,Telangana,3,4,2024-09-16,5000.000000000003,920.6246938474744
tomato,9.0,Shadnagar APMC,Telangana,3,4,2024-09-23,1499.9999999999998,958.3850837974815
tomato,9.0,Shadnagar APMC,Telangana,3,4,2024-09-30,1666.6666666666665,1020.2087142891504
tomato,9.0,Shadnagar APMC,Telangana,3,4,2024-10-07,1765.6250000000005,1130.0775455939975
tomato,9.0,Shadnagar APMC,Telangana,3,4,2024-10-14,1775.0000000000002,1125.9731057702734
tomato,9.0,Shadnagar APMC,Telangana,3,4,2024-10-21,2079.999999999999,1052.2942162637485
tomato,9.0,Shadnagar APMC,Telangana,3,4,2024-10-28,1734.3749999999993,746.5489916077705
tomato,9.0,Shadnagar APMC,Telangana,3,4,2024-11-04,2103.030303030303,699.5980349581906
tomato,9.0,Shadnagar APMC,Telangana,3,4,2024-11-11,1142.8571428571427,677.7366936102895
tomato,9.0,Shadnagar APMC,Telangana,3,4,2024-11-18,899.9999999999998,687.8544900462413
tomato,9.0,Shadnagar APMC,Telangana,3,4,2024-11-25,1222.2222222222226,858.0962996544217
tomato,9.0,Shadnagar APMC,Telangana,3,4,2024-12-02,1089.2857142857138,966.2985617352721
tomato,9.0,Shadnagar APMC,Telangana,3,4,2024-12-09,800.0000000000003,917.8974768094063
tomato,9.0,Shadnagar APMC,Telangana,3,4,2024-12-16,723.076923076923,695.5550569736769
tomato,9.0,Shadnagar APMC,Telangana,3,4,2024-12-23,800.0000000000003,695.5550569736769
tomato,9.0,Shadnagar APMC,Telangana,3,4,2024-12-30,866.6666666666664,695.5550569736769
tomato,9.0,Shadnagar APMC,Telangana,3,13,2024-01-01,1213.8888888888887,940.6171214679339
tomato,9.0,Shadnagar APMC,Telangana,3,13,2024-01-08,727.0072992700734,940.6171214679339
tomato,9.0,Shadnagar APMC,Telangana,3,13,2024-01-15,907.317073170732,940.6171214679339
tomato,9.0,Shadnagar APMC,Telangana,3,13,2024-01-22,1135.714285714286,965.5847132594151
tomato,9.0,Shadnagar APMC,Telangana,3,13,2024-01-29,1242.2222222222226,983.1095253389999
tomato,9.0,Shadnagar APMC,Telangana,3,13,2024-02-05,1013.333333333333,1009.2038309188176
tomato,9.0,Shadnagar APMC,Telangana,3,13,2024-02-12,1177.4193548387093,1080.1620507482278
tomato,9.0,Shadnagar APMC,Telangana,3,13,2024-02-19,964.1025641025642,1080.1620507482278
tomato,9.0,Shadnagar APMC,Telangana,3,13,2024-02-26,1055.5555555555557,1080.1620507482278
tomato,9.0,Shadnagar APMC,Telangana,3,13,2024-03-04,937.1428571428573,1080.1620507482278
tomato,9.0,Shadnagar APMC,Telangana,3,13,2024-03-11,2406.382978723405,1075.201287604781
tomato,9.0,Shadnagar APMC,Telangana,3,13,2024-03-18,3887.499999999998,1053.1485334293193
tomato,9.0,Shadnagar APMC,Telangana,3,13,2024-03-25,4564.102564102562,1155.4912020539207
tomato,9.0,Shadnagar APMC,Telangana,3,13,2024-04-01,2200.0,1179.684961639215
tomato,9.0,Shadnagar APMC,Telangana,3,13,2024-04-08,1205.5555555555557,1179.684961639215
tomato,9.0,Shadnagar APMC,Telangana,3,13,2024-04-15,1918.918918918919,1179.684961639215
tomato,9.0,Shadnagar APMC,Telangana,3,13,2024-04-22,1705.555555555556,1179.684961639215
tomato,9.0,Shadnagar APMC,Telangana,3,13,2024-04-29,1482.352941176471,1179.684961639215
tomato,9.0,Shadnagar APMC,Telangana,3,13,2024-05-06,923.9999999999998,1155.4912020539207
tomato,9.0,Shadnagar APMC,Telangana,3,13,2024-05-13,707.8947368421053,1155.4912020539207
tomato,9.0,Shadnagar APMC,Telangana,3,13,2024-05-20,868.6868686868687,1155.4912020539207
tomato,9.0,Shadnagar APMC,Telangana,3,13,2024-05-27,961.1111111111111,1053.1485334293193
tomato,9.0,Shadnagar APMC,Telangana,3,13,2024-06-03,422.8571428571427,856.5513089880004
tomato,9.0,Shadnagar APMC,Telangana,3,13,2024-06-10,356.4102564102564,917.0662811051739
tomato,9.0,Shadnagar APMC,Telangana,3,13,2024-06-17,450.0000000000001,917.0662811051739
tomato,9.0,Shadnagar APMC,Telangana,3,13,2024-06-24,436.3636363636364,917.0662811051739
tomato,9.0,Shadnagar APMC,Telangana,3,13,2024-07-01,520.0,917.0662811051739
tomato,9.0,Shadnagar APMC,Telangana,3,13,2024-07-08,550.0000000000002,917.0662811051739
tomato,9.0,Shadnagar APMC,Telangana,3,13,2024-07-15,5000.000000000003,917.0662811051739
tomato,9.0,Shadnagar APMC,Telangana,3,13,2024-07-22,1499.9999999999998,917.0662811051739
tomato,9.0,Shadnagar APMC,Telangana,3,13,2024-07-29,1666.6666666666665,952.8893198391908
tomato,9.0,Shadnagar APMC,Telangana,3,13,2024-08-05,1765.6250000000005,952.8893198391908
tomato,9.0,Shadnagar APMC,Telangana,3,13,2024-08-12,1775.0000000000002,952.8893198391908
tomato,9.0,Shadnagar APMC,Telangana,3,13,2024-08-19,2079.999999999999,952.8893198391908
tomato,9.0,Shadnagar APMC,Telangana,3,13,2024-08-26,1734.3749999999993,952.8893198391908
tomato,9.0,Shadnagar APMC,Telangana,3,13,2024-09-02,2103.030303030303,952.8893198391908
tomato,9.0,Shadnagar APMC,Telangana,3,13,2024-09-09,1142.8571428571427,952.8893198391908
tomato,9.0,Shadnagar APMC,Telangana,3,13,2024-09-16,899.9999999999998,952.8893198391908
tomato,9.0,Shadnagar APMC,Telangana,3,13,2024-09-23,1222.2222222222226,952.8893198391908
tomato,9.0,Shadnagar APMC,Telangana,3,13,2024-09-30,1089.2857142857138,917.0662811051739
tomato,9.0,Shadnagar APMC,Telangana,3,13,2024-10-07,800.0000000000003,917.0662811051739
tomato,9.0,Shadnagar APMC,Telangana,3,13,2024-10-14,723.076923076923,856.5513089880004
tomato,9.0,Shadnagar APMC,Telangana,3,13,2024-10-21,800.0000000000003,849.9451047861181
tomato,9.0,Shadnagar APMC,Telangana,3,13,2024-10-28,866.6666666666664,856.5513089880004
tomato,9.0,Shadnagar APMC,Telangana,3,13,2024-11-04,663.6363636363635,849.9451047861181
tomato,9.0,Shadnagar APMC,Telangana,3,13,2024-11-11,700.0,849.9451047861181
tomato,9.0,Shadnagar APMC,Telangana,3,13,2024-11-18,890.9090909090908,909.9938957443484
tomato,9.0,Shadnagar APMC,Telangana,3,13,2024-11-25,855.5555555555557,879.9830739320015
tomato,9.0,Shadnagar APMC,Telangana,3,13,2024-12-02,791.44385026738,849.9451047861181
tomato,9.0,Shadnagar APMC,Telangana,3,13,2024-12-09,733.3333333333336,838.4425259799051
tomato,9.0,Shadnagar APMC,Telangana,3,13,2024-12-16,960.0,838.4425259799051
tomato,9.0,Shadnagar APMC,Telangana,3,13,2024-12-23,1166.6666666666665,838.4425259799051
tomato,9.0,Shadnagar APMC,Telangana,3,13,2024-12-30,994.1176470588239,838.4425259799051
tomato,9.0,Shadnagar APMC,Telangana,3,26,2024-01-01,2200.0,1221.9305912133152
tomato,9.0,Shadnagar APMC,Telangana,3,26,2024-01-08,1205.5555555555557,1310.9283523841232
tomato,9.0,Shadnagar APMC,Telangana,3,26,2024-01-15,1918.918918918919,1310.9283523841232
tomato,9.0,Shadnagar APMC,Telangana,3,26,2024-01-22,1705.555555555556,1290.1441486541999
tomato,9.0,Shadnagar APMC,Telangana,3,26,2024-01-29,1482.352941176471,1108.4290934468052
tomato,9.0,Shadnagar APMC,Telangana,3,26,2024-02-05,923.9999999999998,1187.2645062589324
tomato,9.0,Shadnagar APMC,Telangana,3,26,2024-02-12,707.8947368421053,1048.0884807889747
tomato,9.0,Shadnagar APMC,Telangana,3,26,2024-02-19,868.6868686868687,1053.8766702212474
tomato,9.0,Shadnagar APMC,Telangana,3,26,2024-02-26,961.1111111111111,1024.3962666944617
tomato,9.0,Shadnagar APMC,Telangana,3,26,2024-03-04,422.8571428571427,1062.6347817820515
tomato,9.0,Shadnagar APMC,Telangana,3,26,2024-03-11,356.4102564102564,1062.6347817820515
tomato,9.0,Shadnagar APMC,Telangana,3,26,2024-03-18,450.0000000000001,963.8728227305055
tomato,9.0,Shadnagar APMC,Telangana,3,26,2024-03-25,436.3636363636364,1173.6010123564206
tomato,9.0,Shadnagar APMC,Telangana,3,26,2024-04-01,520.0,1058.799829824261
tomato,9.0,Shadnagar APMC,Telangana,3,26,2024-04-08,550.0000000000002,1035.9938527844013
tomato,9.0,Shadnagar APMC,Telangana,3,26,2024-04-15,5000.000000000003,1049.3885685291878
tomato,9.0,Shadnagar APMC,Telangana,3,26,2024-04-22,1499.9999999999998,1176.0907736032436
tomato,9.0,Shadnagar APMC,Telangana,3,26,2024-04-29,1666.6666666666665,1147.026665611255
tomato,9.0,Shadnagar APMC,Telangana,3,26,2024-05-06,1765.6250000000005,1231.3847253183487
tomato,9.0,Shadnagar APMC,Telangana,3,26,2024-05-13,1775.0000000000002,1152.580694564422
tomato,9.0,Shadnagar APMC,Telangana,3,26,2024-05-20,2079.999999999999,1179.9664696355208
tomato,9.0,Shadnagar APMC,Telangana,3,26,2024-05-27,1734.3749999999993,1006.7571185407065
tomato,9.0,Shadnagar APMC,Telangana,3,26,2024-06-03,2103.030303030303,1032.814885375113
tomato,9.0,Shadnagar APMC,Telangana,3,26,2024-06-10,1142.8571428571427,1089.833102461754
tomato,9.0,Shadnagar APMC,Telangana,3,26,2024-06-17,899.9999999999998,1051.985568403801
tomato,9.0,Shadnagar APMC,Telangana,3,26,2024-06-24,1222.2222222222226,724.8124175435606
tomato,9.0,Shadnagar APMC,Telangana,3,26,2024-07-01,1089.2857142857138,708.8744723261307
tomato,9.0,Shadnagar APMC,Telangana,3,26,2024-07-08,800.0000000000003,631.4549556375338
tomato,9.0,Shadnagar APMC,Telangana,3,26,2024-07-15,723.076923076923,631.4549556375338
tomato,9.0,Shadnagar APMC,Telangana,3,26,2024-07-22,800.0000000000003,668.2623020903509
tomato,9.0,Shadnagar APMC,Telangana,3,26,2024-07-29,866.6666666666664,655.1903318064308
tomato,9.0,Shadnagar APMC,Telangana,3,26,2024-08-05,663.6363636363635,682.6422841940508
tomato,9.0,Shadnagar APMC,Telangana,3,26,2024-08-12,700.0,635.5512220387707
tomato,9.0,Shadnagar APMC,Telangana,3,26,2024-08-19,890.9090909090908,628.4794640152421
tomato,9.0,Shadnagar APMC,Telangana,3,26,2024-08-26,855.5555555555557,647.5381967901438
tomato,9.0,Shadnagar APMC,Telangana,3,26,2024-09-02,791.44385026738,628.2742687206279
tomato,9.0,Shadnagar APMC,Telangana,3,26,2024-09-09,733.3333333333336,648.9529189730115
tomato,9.0,Shadnagar APMC,Telangana,3,26,2024-09-16,960.0,595.2438862099624
tomato,9.0,Shadnagar APMC,Telangana,3,26,2024-09-23,1166.6666666666665,595.2438862099624
tomato,9.0,Shadnagar APMC,Telangana,3,26,2024-09-30,994.1176470588239,602.7757609346465
tomato,9.0,Shadnagar APMC,Telangana,3,26,2024-10-07,704.9999999999999,669.8581604270979
tomato,9.0,Shadnagar APMC,Telangana,3,26,2024-10-14,659.9999999999998,620.2857647008356
tomato,9.0,Shadnagar APMC,Telangana,3,26,2024-10-21,656.4853556485357,652.6956084912289
tomato,9.0,Shadnagar APMC,Telangana,3,26,2024-10-28,712.5,652.2674358831491
tomato,9.0,Shadnagar APMC,Telangana,3,26,2024-11-04,1896.0048923679062,743.8875145407783
tomato,9.0,Shadnagar APMC,Telangana,3,26,2024-11-11,753.8461538461535,1255.8491141949025
tomato,9.0,Shadnagar APMC,Telangana,3,26,2024-11-18,804.0816326530615,1308.9701269342781
tomato,9.0,Shadnagar APMC,Telangana,3,26,2024-11-25,822.8571428571425,1437.9099113428824
tomato,9.0,Shadnagar APMC,Telangana,3,26,2024-12-02,2060.6901168534723,1350.595114304249
tomato,9.0,Shadnagar APMC,Telangana,3,26,2024-12-09,1111.7647058823534,1388.0807505142648
tomato,9.0,Shadnagar APMC,Telangana,3,26,2024-12-16,1344.4682237914178,1373.6277627628558
tomato,9.0,Shadnagar APMC,Telangana,3,26,2024-12-23,1302.0833333333335,1360.0739901139602
tomato,9.0,Shadnagar APMC,Telangana,3,26,2024-12-30,1217.142857142857,1327.1861298554068
tomato,9.0,Shadnagar APMC,Telangana,4,1,2025-01-06,723.076923076923,871.9031529372905
tomato,9.0,Shadnagar APMC,Telangana,4,1,2025-01-13,800.0000000000003,758.4886437108678
tomato,9.0,Shadnagar APMC,Telangana,4,1,2025-01-20,866.6666666666664,833.3710375925248
tomato,9.0,Shadnagar APMC,Telangana,4,1,2025-01-27,663.6363636363635,783.107837166456
tomato,9.0,Shadnagar APMC,Telangana,4,1,2025-02-03,700.0,763.8328196545727
tomato,9.0,Shadnagar APMC,Telangana,4,1,2025-02-10,890.9090909090908,752.7186669755628
tomato,9.0,Shadnagar APMC,Telangana,4,1,2025-02-17,855.5555555555557,703.652651207405
tomato,9.0,Shadnagar APMC,Telangana,4,1,2025-02-24,791.44385026738,757.8923100641007
tomato,9.0,Shadnagar APMC,Telangana,4,1,2025-03-03,733.3333333333336,754.958490509509
tomato,9.0,Shadnagar APMC,Telangana,4,1,2025-03-10,960.0,821.4720528110464
tomato,9.0,Shadnagar APMC,Telangana,4,1,2025-03-17,1166.6666666666665,814.536483162497
tomato,9.0,Shadnagar APMC,Telangana,4,1,2025-03-24,994.1176470588239,942.3323202725771
tomato,9.0,Shadnagar APMC,Telangana,4,1,2025-03-31,704.9999999999999,939.9675053467232
tomato,9.0,Shadnagar APMC,Telangana,4,1,2025-04-07,659.9999999999998,940.5658037148537
tomato,9.0,Shadnagar APMC,Telangana,4,1,2025-04-14,656.4853556485357,776.3466150140898
tomato,9.0,Shadnagar APMC,Telangana,4,1,2025-04-21,712.5,749.4062177012482
tomato,9.0,Shadnagar APMC,Telangana,4,1,2025-04-28,1896.0048923679062,752.1480277412281
tomato,9.0,Shadnagar APMC,Telangana,4,1,2025-05-05,753.8461538461535,821.3520195864127
tomato,9.0,Shadnagar APMC,Telangana,4,1,2025-05-12,804.0816326530615,1149.0489157484503
tomato,9.0,Shadnagar APMC,Telangana,4,1,2025-05-19,822.8571428571425,705.2448955261423
tomato,9.0,Shadnagar APMC,Telangana,4,1,2025-05-26,2060.6901168534723,794.7689681653421
tomato,9.0,Shadnagar APMC,Telangana,4,1,2025-06-02,1111.7647058823534,944.4995282456308
tomato,9.0,Shadnagar APMC,Telangana,4,1,2025-06-09,1344.4682237914178,1337.0088050957972
tomato,9.0,Shadnagar APMC,Telangana,4,1,2025-06-16,1302.0833333333335,1067.5292727761116
tomato,9.0,Shadnagar APMC,Telangana,4,1,2025-06-23,1217.142857142857,1194.3691490026329
tomato,9.0,Shadnagar APMC,Telangana,4,1,2025-06-30,1927.906976744186,1059.077996139446
tomato,9.0,Shadnagar APMC,Telangana,4,1,2025-07-07,2345.454545454544,1241.491362028132
tomato,9.0,Shadnagar APMC,Telangana,4,1,2025-07-14,1820.93023255814,1719.1281251025248
tomato,9.0,Shadnagar APMC,Telangana,4,1,2025-07-21,1594.4444444444446,1694.4596521262326
tomato,9.0,Shadnagar APMC,Telangana,4,1,2025-07-28,1375.555555555556,1630.1707259784373
tomato,9.0,Shadnagar APMC,Telangana,4,1,2025-08-04,1079.591836734694,1597.7940209330359
tomato,9.0,Shadnagar APMC,Telangana,4,1,2025-08-11,1438.2352941176475,1487.6227435403855
tomato,9.0,Shadnagar APMC,Telangana,4,1,2025-08-18,1867.2727272727273,1267.4265607642724
tomato,9.0,Shadnagar APMC,Telangana,4,1,2025-08-25,1775.0000000000002,1556.9771920772296
tomato,9.0,Shadnagar APMC,Telangana,4,1,2025-09-01,2116.666666666666,1543.4943552028847
tomato,9.0,Shadnagar APMC,Telangana,4,1,2025-09-08,2016.6666666666674,1318.8999468731088
tomato,9.0,Shadnagar APMC,Telangana,4,1,2025-09-15,2239.534883720931,1511.4058607837997
tomato,9.0,Shadnagar APMC,Telangana,4,1,2025-09-22,2351.612903225807,1519.0322931394135
tomato,9.0,Shadnagar APMC,Telangana,4,1,2025-09-29,2331.111111111111,1519.0322931394135
tomato,9.0,Shadnagar APMC,Telangana,4,1,2025-10-06,2155.31914893617,1300.7027080482949
tomato,9.0,Shadnagar APMC,Telangana,4,1,2025-10-13,2593.333333333332,1300.7027080482949
tomato,9.0,Shadnagar APMC,Telangana,4,1,2025-10-20,3397.1962616822443,1300.7027080482949
tomato,9.0,Shadnagar APMC,Telangana,4,1,2025-10-27,2695.209580838323,1296.432964894493
tomato,9.0,Shadnagar APMC,Telangana,4,1,2025-11-03,1779.6610169491516,1705.388909762817
tomato,9.0,Shadnagar APMC,Telangana,4,1,2025-11-10,1595.864661654135,1692.5792882489857
tomato,9.0,Shadnagar APMC,Telangana,4,1,2025-11-17,1929.3103448275854,1427.6456306025743
tomato,9.0,Shadnagar APMC,Telangana,4,1,2025-11-24,1879.2682926829268,1405.9012379087226
tomato,9.0,Shadnagar APMC,Telangana,4,1,2025-12-01,1525.4237288135594,1977.4679108189143
tomato,9.0,Shadnagar APMC,Telangana,4,1,2025-12-08,1632.4675324675331,2005.3766762664357
tomato,9.0,Shadnagar APMC,Telangana,4,1,2025-12-15,1405.4054054054054,1597.1002313641175
tomato,9.0,Shadnagar APMC,Telangana,4,1,2025-12-22,1350.0000000000002,1652.3024422883077
tomato,9.0,Shadnagar APMC,Telangana,4,1,2025-12-29,1499.9999999999998,1496.1563197415335
tomato,9.0,Shadnagar APMC,Telangana,4,4,2025-01-06,663.6363636363635,1026.6946367228602
tomato,9.0,Shadnagar APMC,Telangana,4,4,2025-01-13,700.0,1026.6946367228602
tomato,9.0,Shadnagar APMC,Telangana,4,4,2025-01-20,890.9090909090908,1026.6946367228602
tomato,9.0,Shadnagar APMC,Telangana,4,4,2025-01-27,855.5555555555557,1026.6946367228602
tomato,9.0,Shadnagar APMC,Telangana,4,4,2025-02-03,791.44385026738,1083.7769679653163
tomato,9.0,Shadnagar APMC,Telangana,4,4,2025-02-10,733.3333333333336,1083.7769679653163
tomato,9.0,Shadnagar APMC,Telangana,4,4,2025-02-17,960.0,1083.7769679653163
tomato,9.0,Shadnagar APMC,Telangana,4,4,2025-02-24,1166.6666666666665,1083.7769679653163
tomato,9.0,Shadnagar APMC,Telangana,4,4,2025-03-03,994.1176470588239,1083.7769679653163
tomato,9.0,Shadnagar APMC,Telangana,4,4,2025-03-10,704.9999999999999,1083.7769679653163
tomato,9.0,Shadnagar APMC,Telangana,4,4,2025-03-17,659.9999999999998,1083.7769679653163
tomato,9.0,Shadnagar APMC,Telangana,4,4,2025-03-24,656.4853556485357,1083.7769679653163
tomato,9.0,Shadnagar APMC,Telangana,4,4,2025-03-31,712.5,1083.7769679653163
tomato,9.0,Shadnagar APMC,Telangana,4,4,2025-04-07,1896.0048923679062,1032.6567338400114
tomato,9.0,Shadnagar APMC,Telangana,4,4,2025-04-14,753.8461538461535,1032.6567338400114
tomato,9.0,Shadnagar APMC,Telangana,4,4,2025-04-21,804.0816326530615,1032.6567338400114
tomato,9.0,Shadnagar APMC,Telangana,4,4,2025-04-28,822.8571428571425,1032.6567338400114
tomato,9.0,Shadnagar APMC,Telangana,4,4,2025-05-05,2060.6901168534723,1032.6567338400114
tomato,9.0,Shadnagar APMC,Telangana,4,4,2025-05-12,1111.7647058823534,1032.6567338400114
tomato,9.0,Shadnagar APMC,Telangana,4,4,2025-05-19,1344.4682237914178,1032.6567338400114
tomato,9.0,Shadnagar APMC,Telangana,4,4,2025-05-26,1302.0833333333335,1032.6567338400114
tomato,9.0,Shadnagar APMC,Telangana,4,4,2025-06-02,1217.142857142857,1032.6567338400114
tomato,9.0,Shadnagar APMC,Telangana,4,4,2025-06-09,1927.906976744186,1032.6567338400114
tomato,9.0,Shadnagar APMC,Telangana,4,4,2025-06-16,2345.454545454544,1032.6567338400114
tomato,9.0,Shadnagar APMC,Telangana,4,4,2025-06-23,1820.93023255814,1032.6567338400114
tomato,9.0,Shadnagar APMC,Telangana,4,4,2025-06-30,1594.4444444444446,1032.6567338400114
tomato,9.0,Shadnagar APMC,Telangana,4,4,2025-07-07,1375.555555555556,1032.6567338400114
tomato,9.0,Shadnagar APMC,Telangana,4,4,2025-07-14,1079.591836734694,1032.6567338400114
tomato,9.0,Shadnagar APMC,Telangana,4,4,2025-07-21,1438.2352941176475,1032.6567338400114
tomato,9.0,Shadnagar APMC,Telangana,4,4,2025-07-28,1867.2727272727273,1032.6567338400114
tomato,9.0,Shadnagar APMC,Telangana,4,4,2025-08-04,1775.0000000000002,1032.6567338400114
tomato,9.0,Shadnagar APMC,Telangana,4,4,2025-08-11,2116.666666666666,1032.6567338400114
tomato,9.0,Shadnagar APMC,Telangana,4,4,2025-08-18,2016.6666666666674,1032.6567338400114
tomato,9.0,Shadnagar APMC,Telangana,4,4,2025-08-25,2239.534883720931,1032.6567338400114
tomato,9.0,Shadnagar APMC,Telangana,4,4,2025-09-01,2351.612903225807,1003.612105741975
tomato,9.0,Shadnagar APMC,Telangana,4,4,2025-09-08,2331.111111111111,1003.612105741975
tomato,9.0,Shadnagar APMC,Telangana,4,4,2025-09-15,2155.31914893617,1003.612105741975
tomato,9.0,Shadnagar APMC,Telangana,4,4,2025-09-22,2593.333333333332,1003.612105741975
tomato,9.0,Shadnagar APMC,Telangana,4,4,2025-09-29,3397.1962616822443,1003.612105741975
tomato,9.0,Shadnagar APMC,Telangana,4,4,2025-10-06,2695.209580838323,1003.612105741975
tomato,9.0,Shadnagar APMC,Telangana,4,4,2025-10-13,1779.6610169491516,1032.6567338400114
tomato,9.0,Shadnagar APMC,Telangana,4,4,2025-10-20,1595.864661654135,1032.6567338400114
tomato,9.0,Shadnagar APMC,Telangana,4,4,2025-10-27,1929.3103448275854,1032.6567338400114
tomato,9.0,Shadnagar APMC,Telangana,4,4,2025-11-03,1879.2682926829268,1032.6567338400114
tomato,9.0,Shadnagar APMC,Telangana,4,4,2025-11-10,1525.4237288135594,1032.6567338400114
tomato,9.0,Shadnagar APMC,Telangana,4,4,2025-11-17,1632.4675324675331,1032.6567338400114
tomato,9.0,Shadnagar APMC,Telangana,4,4,2025-11-24,1405.4054054054054,1032.6567338400114
tomato,9.0,Shadnagar APMC,Telangana,4,4,2025-12-01,1350.0000000000002,1032.6567338400114
tomato,9.0,Shadnagar APMC,Telangana,4,4,2025-12-08,1499.9999999999998,1032.6567338400114
tomato,9.0,Shadnagar APMC,Telangana,4,4,2025-12-15,1175.6756756756758,1032.6567338400114
tomato,9.0,Shadnagar APMC,Telangana,4,4,2025-12-22,1370.588235294118,1032.6567338400114
tomato,9.0,Shadnagar APMC,Telangana,4,4,2025-12-29,1285.2941176470595,1032.6567338400114
tomato,9.0,Shadnagar APMC,Telangana,4,13,2025-01-06,704.9999999999999,1109.0682388278728
tomato,9.0,Shadnagar APMC,Telangana,4,13,2025-01-13,659.9999999999998,1109.0682388278728
tomato,9.0,Shadnagar APMC,Telangana,4,13,2025-01-20,656.4853556485357,1109.0682388278728
tomato,9.0,Shadnagar APMC,Telangana,4,13,2025-01-27,712.5,1109.0682388278728
tomato,9.0,Shadnagar APMC,Telangana,4,13,2025-02-03,1896.0048923679062,1109.0682388278728
tomato,9.0,Shadnagar APMC,Telangana,4,13,2025-02-10,753.8461538461535,1109.0682388278728
tomato,9.0,Shadnagar APMC,Telangana,4,13,2025-02-17,804.0816326530615,1109.0682388278728
tomato,9.0,Shadnagar APMC,Telangana,4,13,2025-02-24,822.8571428571425,1109.0682388278728
tomato,9.0,Shadnagar APMC,Telangana,4,13,2025-03-03,2060.6901168534723,1109.0682388278728
tomato,9.0,Shadnagar APMC,Telangana,4,13,2025-03-10,1111.7647058823534,1109.0682388278728
tomato,9.0,Shadnagar APMC,Telangana,4,13,2025-03-17,1344.4682237914178,1109.0682388278728
tomato,9.0,Shadnagar APMC,Telangana,4,13,2025-03-24,1302.0833333333335,1109.0682388278728
tomato,9.0,Shadnagar APMC,Telangana,4,13,2025-03-31,1217.142857142857,1109.0682388278728
tomato,9.0,Shadnagar APMC,Telangana,4,13,2025-04-07,1927.906976744186,1073.6139416852147
tomato,9.0,Shadnagar APMC,Telangana,4,13,2025-04-14,2345.454545454544,1073.6139416852147
tomato,9.0,Shadnagar APMC,Telangana,4,13,2025-04-21,1820.93023255814,1073.6139416852147
tomato,9.0,Shadnagar APMC,Telangana,4,13,2025-04-28,1594.4444444444446,1073.6139416852147
tomato,9.0,Shadnagar APMC,Telangana,4,13,2025-05-05,1375.555555555556,1073.6139416852147
tomato,9.0,Shadnagar APMC,Telangana,4,13,2025-05-12,1079.591836734694,1073.6139416852147
tomato,9.0,Shadnagar APMC,Telangana,4,13,2025-05-19,1438.2352941176475,1073.6139416852147
tomato,9.0,Shadnagar APMC,Telangana,4,13,2025-05-26,1867.2727272727273,1073.6139416852147
tomato,9.0,Shadnagar APMC,Telangana,4,13,2025-06-02,1775.0000000000002,1073.6139416852147
tomato,9.0,Shadnagar APMC,Telangana,4,13,2025-06-09,2116.666666666666,1073.6139416852147
tomato,9.0,Shadnagar APMC,Telangana,4,13,2025-06-16,2016.6666666666674,1073.6139416852147
tomato,9.0,Shadnagar APMC,Telangana,4,13,2025-06-23,2239.534883720931,1073.6139416852147
tomato,9.0,Shadnagar APMC,Telangana,4,13,2025-06-30,2351.612903225807,1073.6139416852147
tomato,9.0,Shadnagar APMC,Telangana,4,13,2025-07-07,2331.111111111111,1073.6139416852147
tomato,9.0,Shadnagar APMC,Telangana,4,13,2025-07-14,2155.31914893617,1073.6139416852147
tomato,9.0,Shadnagar APMC,Telangana,4,13,2025-07-21,2593.333333333332,1073.6139416852147
tomato,9.0,Shadnagar APMC,Telangana,4,13,2025-07-28,3397.1962616822443,1073.6139416852147
tomato,9.0,Shadnagar APMC,Telangana,4,13,2025-08-04,2695.209580838323,1073.6139416852147
tomato,9.0,Shadnagar APMC,Telangana,4,13,2025-08-11,1779.6610169491516,1073.6139416852147
tomato,9.0,Shadnagar APMC,Telangana,4,13,2025-08-18,1595.864661654135,1073.6139416852147
tomato,9.0,Shadnagar APMC,Telangana,4,13,2025-08-25,1929.3103448275854,1073.6139416852147
tomato,9.0,Shadnagar APMC,Telangana,4,13,2025-09-01,1879.2682926829268,1073.6139416852147
tomato,9.0,Shadnagar APMC,Telangana,4,13,2025-09-08,1525.4237288135594,1073.6139416852147
tomato,9.0,Shadnagar APMC,Telangana,4,13,2025-09-15,1632.4675324675331,1073.6139416852147
tomato,9.0,Shadnagar APMC,Telangana,4,13,2025-09-22,1405.4054054054054,1073.6139416852147
tomato,9.0,Shadnagar APMC,Telangana,4,13,2025-09-29,1350.0000000000002,1073.6139416852147
tomato,9.0,Shadnagar APMC,Telangana,4,13,2025-10-06,1499.9999999999998,1073.6139416852147
tomato,9.0,Shadnagar APMC,Telangana,4,13,2025-10-13,1175.6756756756758,1073.6139416852147
tomato,9.0,Shadnagar APMC,Telangana,4,13,2025-10-20,1370.588235294118,1073.6139416852147
tomato,9.0,Shadnagar APMC,Telangana,4,13,2025-10-27,1285.2941176470595,1073.6139416852147
tomato,9.0,Shadnagar APMC,Telangana,4,13,2025-11-03,1200.0,1073.6139416852147
tomato,9.0,Shadnagar APMC,Telangana,4,13,2025-11-10,799.9999999999997,1073.6139416852147
tomato,9.0,Shadnagar APMC,Telangana,4,13,2025-11-17,800.0000000000003,1073.6139416852147
tomato,9.0,Shadnagar APMC,Telangana,4,13,2025-11-24,999.9999999999999,1073.6139416852147
tomato,9.0,Shadnagar APMC,Telangana,4,13,2025-12-01,899.9999999999998,1073.6139416852147
tomato,9.0,Shadnagar APMC,Telangana,4,13,2025-12-08,800.0000000000003,1073.6139416852147
tomato,9.0,Shadnagar APMC,Telangana,4,13,2025-12-15,857.142857142857,1073.6139416852147
tomato,9.0,Shadnagar APMC,Telangana,4,13,2025-12-22,646.1538461538463,1073.6139416852147
tomato,9.0,Shadnagar APMC,Telangana,4,13,2025-12-29,600.0,1058.8344394817307
tomato,9.0,Shadnagar APMC,Telangana,4,26,2025-01-06,1927.906976744186,1051.7107967633071
tomato,9.0,Shadnagar APMC,Telangana,4,26,2025-01-13,2345.454545454544,1051.7107967633071
tomato,9.0,Shadnagar APMC,Telangana,4,26,2025-01-20,1820.93023255814,1051.7107967633071
tomato,9.0,Shadnagar APMC,Telangana,4,26,2025-01-27,1594.4444444444446,1051.7107967633071
tomato,9.0,Shadnagar APMC,Telangana,4,26,2025-02-03,1375.555555555556,1051.7107967633071
tomato,9.0,Shadnagar APMC,Telangana,4,26,2025-02-10,1079.591836734694,1016.2854134181065
tomato,9.0,Shadnagar APMC,Telangana,4,26,2025-02-17,1438.2352941176475,1016.2854134181065
tomato,9.0,Shadnagar APMC,Telangana,4,26,2025-02-24,1867.2727272727273,1016.2854134181065
tomato,9.0,Shadnagar APMC,Telangana,4,26,2025-03-03,1775.0000000000002,1016.2854134181065
tomato,9.0,Shadnagar APMC,Telangana,4,26,2025-03-10,2116.666666666666,1016.2854134181065
tomato,9.0,Shadnagar APMC,Telangana,4,26,2025-03-17,2016.6666666666674,1016.2854134181065
tomato,9.0,Shadnagar APMC,Telangana,4,26,2025-03-24,2239.534883720931,1016.2854134181065
tomato,9.0,Shadnagar APMC,Telangana,4,26,2025-03-31,2351.612903225807,1016.2854134181065
tomato,9.0,Shadnagar APMC,Telangana,4,26,2025-04-07,2331.111111111111,1016.2854134181065
tomato,9.0,Shadnagar APMC,Telangana,4,26,2025-04-14,2155.31914893617,1016.2854134181065
tomato,9.0,Shadnagar APMC,Telangana,4,26,2025-04-21,2593.333333333332,1016.2854134181065
tomato,9.0,Shadnagar APMC,Telangana,4,26,2025-04-28,3397.1962616822443,1016.2854134181065
tomato,9.0,Shadnagar APMC,Telangana,4,26,2025-05-05,2695.209580838323,1016.2854134181065
tomato,9.0,Shadnagar APMC,Telangana,4,26,2025-05-12,1779.6610169491516,1016.2854134181065
tomato,9.0,Shadnagar APMC,Telangana,4,26,2025-05-19,1595.864661654135,1016.2854134181065
tomato,9.0,Shadnagar APMC,Telangana,4,26,2025-05-26,1929.3103448275854,1016.2854134181065
tomato,9.0,Shadnagar APMC,Telangana,4,26,2025-06-02,1879.2682926829268,1016.2854134181065
tomato,9.0,Shadnagar APMC,Telangana,4,26,2025-06-09,1525.4237288135594,1016.2854134181065
tomato,9.0,Shadnagar APMC,Telangana,4,26,2025-06-16,1632.4675324675331,1016.2854134181065
tomato,9.0,Shadnagar APMC,Telangana,4,26,2025-06-23,1405.4054054054054,1016.2854134181065
tomato,9.0,Shadnagar APMC,Telangana,4,26,2025-06-30,1350.0000000000002,1016.2854134181065
tomato,9.0,Shadnagar APMC,Telangana,4,26,2025-07-07,1499.9999999999998,1016.2854134181065
tomato,9.0,Shadnagar APMC,Telangana,4,26,2025-07-14,1175.6756756756758,1016.2854134181065
tomato,9.0,Shadnagar APMC,Telangana,4,26,2025-07-21,1370.588235294118,1016.2854134181065
tomato,9.0,Shadnagar APMC,Telangana,4,26,2025-07-28,1285.2941176470595,1016.2854134181065
tomato,9.0,Shadnagar APMC,Telangana,4,26,2025-08-04,1200.0,1016.2854134181065
tomato,9.0,Shadnagar APMC,Telangana,4,26,2025-08-11,799.9999999999997,1016.2854134181065
tomato,9.0,Shadnagar APMC,Telangana,4,26,2025-08-18,800.0000000000003,1016.2854134181065
tomato,9.0,Shadnagar APMC,Telangana,4,26,2025-08-25,999.9999999999999,1016.2854134181065
tomato,9.0,Shadnagar APMC,Telangana,4,26,2025-09-01,899.9999999999998,1016.2854134181065
tomato,9.0,Shadnagar APMC,Telangana,4,26,2025-09-08,800.0000000000003,1016.2854134181065
tomato,9.0,Shadnagar APMC,Telangana,4,26,2025-09-15,857.142857142857,1016.2854134181065
tomato,9.0,Shadnagar APMC,Telangana,4,26,2025-09-22,646.1538461538463,1016.2854134181065
tomato,9.0,Shadnagar APMC,Telangana,4,26,2025-09-29,600.0,1016.2854134181065
tomato,9.0,Shadnagar APMC,Telangana,4,26,2025-10-06,688.888888888889,1016.2854134181065
tomato,9.0,Shadnagar APMC,Telangana,4,26,2025-10-13,624.9999999999999,1016.2854134181065
tomato,9.0,Shadnagar APMC,Telangana,4,26,2025-10-20,581.7073170731708,1016.2854134181065
tomato,9.0,Shadnagar APMC,Telangana,4,26,2025-10-27,600.0,1016.2854134181065
tomato,9.0,Shadnagar APMC,Telangana,4,26,2025-11-03,636.363636363636,1016.2854134181065
tomato,9.0,Shadnagar APMC,Telangana,4,26,2025-11-10,657.1428571428572,1016.2854134181065
tomato,9.0,Shadnagar APMC,Telangana,4,26,2025-11-17,727.272727272727,1016.2854134181065
tomato,9.0,Shadnagar APMC,Telangana,4,26,2025-11-24,921.4285714285709,1016.2854134181065
tomato,9.0,Shadnagar APMC,Telangana,4,26,2025-12-01,1575.0000000000005,1016.2854134181065
tomato,9.0,Shadnagar APMC,Telangana,4,26,2025-12-08,1328.301886792453,1016.2854134181065
tomato,9.0,Shadnagar APMC,Telangana,4,26,2025-12-15,2415.0812064965207,1016.2854134181065
tomato,9.0,Shadnagar APMC,Telangana,4,26,2025-12-22,2118.7301587301586,1016.2854134181065
tomato,9.0,Shadnagar APMC,Telangana,4,26,2025-12-29,1928.6784741144418,1016.2854134181065
tomato,9.0,Shadnagar APMC,Telangana,5,1,2026-01-05,1175.6756756756758,1243.2278951450933
tomato,9.0,Shadnagar APMC,Telangana,5,1,2026-01-12,1370.588235294118,1289.611599533631
tomato,9.0,Shadnagar APMC,Telangana,5,1,2026-01-19,1285.2941176470595,1252.2964735411863
tomato,9.0,Shadnagar APMC,Telangana,5,1,2026-01-26,1200.0,1260.0794731181797
tomato,9.0,Shadnagar APMC,Telangana,5,1,2026-02-02,799.9999999999997,1097.7053650783694
tomato,9.0,Shadnagar APMC,Telangana,5,1,2026-02-09,800.0000000000003,1098.371455958454
tomato,9.0,Shadnagar APMC,Telangana,5,1,2026-02-16,999.9999999999999,1044.075477170601
tomato,9.0,Shadnagar APMC,Telangana,5,1,2026-02-23,899.9999999999998,987.6000188179735
tomato,9.0,Shadnagar APMC,Telangana,5,1,2026-03-02,800.0000000000003,1011.1746823984653
tomato,9.0,Shadnagar APMC,Telangana,5,1,2026-03-09,857.142857142857,1047.8646334768803
tomato,9.0,Shadnagar APMC,Telangana,5,1,2026-03-16,646.1538461538463,865.5210711119013
tomato,9.0,Shadnagar APMC,Telangana,5,1,2026-03-23,600.0,913.7642276623118
tomato,9.0,Shadnagar APMC,Telangana,5,1,2026-03-30,688.888888888889,827.0071818258564
tomato,9.0,Shadnagar APMC,Telangana,5,1,2026-04-06,624.9999999999999,893.0915628790715
tomato,9.0,Shadnagar APMC,Telangana,5,1,2026-04-13,581.7073170731708,890.8979368414344
tomato,9.0,Shadnagar APMC,Telangana,5,1,2026-04-20,600.0,879.723449150674
tomato,9.0,Shadnagar APMC,Telangana,5,1,2026-04-27,636.363636363636,810.7648711185809
tomato,9.0,Shadnagar APMC,Telangana,5,1,2026-05-04,657.1428571428572,932.061108806103
tomato,9.0,Shadnagar APMC,Telangana,5,1,2026-05-11,727.272727272727,943.947086848885
tomato,9.0,Shadnagar APMC,Telangana,5,1,2026-05-18,921.4285714285709,1025.0950047373133
tomato,9.0,Shadnagar APMC,Telangana,5,1,2026-05-25,1575.0000000000005,1102.3515200854238
tomato,9.0,Shadnagar APMC,Telangana,5,1,2026-06-01,1328.301886792453,1153.7187693164176
tomato,9.0,Shadnagar APMC,Telangana,5,1,2026-06-08,2415.0812064965207,1759.3372646973883
tomato,9.0,Shadnagar APMC,Telangana,5,1,2026-06-15,2118.7301587301586,1483.0282381115276
tomato,9.0,Shadnagar APMC,Telangana,5,1,2026-06-22,1928.6784741144418,1740.8932581325673
tomato,9.0,Shadnagar APMC,Telangana,5,1,2026-06-29,1782.527301092044,1128.0433716959747
tomato,9.0,Shadnagar APMC,Telangana,5,1,2026-07-06,1567.9012345679016,1131.0042351800973
tomato,9.0,Shadnagar APMC,Telangana,5,1,2026-07-13,1405.2139037433149,1096.4088084578627
tomato,9.0,Shadnagar APMC,Telangana,5,1,2026-07-20,1299.9999999999995,999.8253361119105
tomato,9.0,Shadnagar APMC,Telangana,5,1,2026-07-27,1344.603288062902,921.8614000696654
tomato,9.0,Shadnagar APMC,Telangana,5,1,2026-08-03,1312.2438255386232,938.7301354059279
tomato,9.0,Shadnagar APMC,Telangana,5,1,2026-08-10,1280.6925498426021,1037.5478179020154
tomato,9.0,Shadnagar APMC,Telangana,5,1,2026-08-17,1255.0684931506844,1062.9410716228406
tomato,9.0,Shadnagar APMC,Telangana,5,1,2026-08-24,1154.7231270358307,933.5775134407066
tomato,9.0,Shadnagar APMC,Telangana,5,1,2026-08-31,1072.727272727273,982.5059288902696
tomato,9.0,Shadnagar APMC,Telangana,5,1,2026-09-07,966.6666666666667,1014.5362354454866
tomato,9.0,Shadnagar APMC,Telangana,5,1,2026-09-14,932.1428571428572,1002.5985626091424
tomato,9.0,Shadnagar APMC,Telangana,5,1,2026-09-21,1105.429864253394,991.1707688904233
tomato,9.0,Shadnagar APMC,Telangana,5,1,2026-09-28,1499.9999999999998,989.8307463972955
tomato,9.0,Shadnagar APMC,Telangana,5,4,2026-01-05,1200.0,1113.6098930273695
tomato,9.0,Shadnagar APMC,Telangana,5,4,2026-01-12,799.9999999999997,1128.8725118770092
tomato,9.0,Shadnagar APMC,Telangana,5,4,2026-01-19,800.0000000000003,1091.9417885466598
tomato,9.0,Shadnagar APMC,Telangana,5,4,2026-01-26,999.9999999999999,1091.9417885466598
tomato,9.0,Shadnagar APMC,Telangana,5,4,2026-02-02,899.9999999999998,1130.1822064262656
tomato,9.0,Shadnagar APMC,Telangana,5,4,2026-02-09,800.0000000000003,1165.4596002597348
tomato,9.0,Shadnagar APMC,Telangana,5,4,2026-02-16,857.142857142857,1183.0985328297509
tomato,9.0,Shadnagar APMC,Telangana,5,4,2026-02-23,646.1538461538463,1183.0985328297509
tomato,9.0,Shadnagar APMC,Telangana,5,4,2026-03-02,600.0,1317.7178544760072
tomato,9.0,Shadnagar APMC,Telangana,5,4,2026-03-09,688.888888888889,1309.0415482298174
tomato,9.0,Shadnagar APMC,Telangana,5,4,2026-03-16,624.9999999999999,1309.0415482298174
tomato,9.0,Shadnagar APMC,Telangana,5,4,2026-03-23,581.7073170731708,1308.3487227296775
tomato,9.0,Shadnagar APMC,Telangana,5,4,2026-03-30,600.0,1331.393482184807
tomato,9.0,Shadnagar APMC,Telangana,5,4,2026-04-06,636.363636363636,1190.3951276348923
tomato,9.0,Shadnagar APMC,Telangana,5,4,2026-04-13,657.1428571428572,1256.792732765712
tomato,9.0,Shadnagar APMC,Telangana,5,4,2026-04-20,727.272727272727,1246.6586641600118
tomato,9.0,Shadnagar APMC,Telangana,5,4,2026-04-27,921.4285714285709,1195.481897512707
tomato,9.0,Shadnagar APMC,Telangana,5,4,2026-05-04,1575.0000000000005,1055.5166171620085
tomato,9.0,Shadnagar APMC,Telangana,5,4,2026-05-11,1328.301886792453,1168.4649249984766
tomato,9.0,Shadnagar APMC,Telangana,5,4,2026-05-18,2415.0812064965207,1221.4091967510672
tomato,9.0,Shadnagar APMC,Telangana,5,4,2026-05-25,2118.7301587301586,1234.3771933095709
tomato,9.0,Shadnagar APMC,Telangana,5,4,2026-06-01,1928.6784741144418,1210.869492632391
tomato,9.0,Shadnagar APMC,Telangana,5,4,2026-06-08,1782.527301092044,1488.7422078148159
tomato,9.0,Shadnagar APMC,Telangana,5,4,2026-06-15,1567.9012345679016,1399.495178522351
tomato,9.0,Shadnagar APMC,Telangana,5,4,2026-06-22,1405.2139037433149,1029.7722875765137
tomato,9.0,Shadnagar APMC,Telangana,5,4,2026-06-29,1299.9999999999995,1096.293641341529
tomato,9.0,Shadnagar APMC,Telangana,5,4,2026-07-06,1344.603288062902,1019.2289890973444
tomato,9.0,Shadnagar APMC,Telangana,5,4,2026-07-13,1312.2438255386232,854.8158449407014
tomato,9.0,Shadnagar APMC,Telangana,5,4,2026-07-20,1280.6925498426021,990.1605121978841
tomato,9.0,Shadnagar APMC,Telangana,5,4,2026-07-27,1255.0684931506844,1008.7577184138826
tomato,9.0,Shadnagar APMC,Telangana,5,4,2026-08-03,1154.7231270358307,807.0234437655528
tomato,9.0,Shadnagar APMC,Telangana,5,4,2026-08-10,1072.727272727273,922.060616738191
tomato,9.0,Shadnagar APMC,Telangana,5,4,2026-08-17,966.6666666666667,979.8610001678859
tomato,9.0,Shadnagar APMC,Telangana,5,4,2026-08-24,932.1428571428572,872.2975633274965
tomato,9.0,Shadnagar APMC,Telangana,5,4,2026-08-31,1105.429864253394,922.7542252830676
tomato,9.0,Shadnagar APMC,Telangana,5,4,2026-09-07,1499.9999999999998,1008.7664258055327
tomato,9.0,Shadnagar APMC,Telangana,5,13,2026-01-05,688.888888888889,848.836604550479
tomato,9.0,Shadnagar APMC,Telangana,5,13,2026-01-12,624.9999999999999,879.335977896036
tomato,9.0,Shadnagar APMC,Telangana,5,13,2026-01-19,581.7073170731708,892.799625376818
tomato,9.0,Shadnagar APMC,Telangana,5,13,2026-01-26,600.0,924.8469812569657
tomato,9.0,Shadnagar APMC,Telangana,5,13,2026-02-02,636.363636363636,872.1767503593926
tomato,9.0,Shadnagar APMC,Telangana,5,13,2026-02-09,657.1428571428572,874.6982908995315
tomato,9.0,Shadnagar APMC,Telangana,5,13,2026-02-16,727.272727272727,888.9266857678983
tomato,9.0,Shadnagar APMC,Telangana,5,13,2026-02-23,921.4285714285709,890.7841523431788
tomato,9.0,Shadnagar APMC,Telangana,5,13,2026-03-02,1575.0000000000005,1031.8914037653808
tomato,9.0,Shadnagar APMC,Telangana,5,13,2026-03-09,1328.301886792453,1333.9870347597378
tomato,9.0,Shadnagar APMC,Telangana,5,13,2026-03-16,2415.0812064965207,1374.6485483142244
tomato,9.0,Shadnagar APMC,Telangana,5,13,2026-03-23,2118.7301587301586,1500.005492586544
tomato,9.0,Shadnagar APMC,Telangana,5,13,2026-03-30,1928.6784741144418,1328.6305770260904
tomato,9.0,Shadnagar APMC,Telangana,5,13,2026-04-06,1782.527301092044,1131.871780910687
tomato,9.0,Shadnagar APMC,Telangana,5,13,2026-04-13,1567.9012345679016,1152.821440247539
tomato,9.0,Shadnagar APMC,Telangana,5,13,2026-04-20,1405.2139037433149,1193.3590791211043
tomato,9.0,Shadnagar APMC,Telangana,5,13,2026-04-27,1299.9999999999995,1087.616062035166
tomato,9.0,Shadnagar APMC,Telangana,5,13,2026-05-04,1344.603288062902,1547.8108560642854
tomato,9.0,Shadnagar APMC,Telangana,5,13,2026-05-11,1312.2438255386232,1377.5044782158648
tomato,9.0,Shadnagar APMC,Telangana,5,13,2026-05-18,1280.6925498426021,1300.2588446844918
tomato,9.0,Shadnagar APMC,Telangana,5,13,2026-05-25,1255.0684931506844,1325.095218157392
tomato,9.0,Shadnagar APMC,Telangana,5,13,2026-06-01,1154.7231270358307,1473.937065628211
tomato,9.0,Shadnagar APMC,Telangana,5,13,2026-06-08,1072.727272727273,1396.4113199893557
tomato,9.0,Shadnagar APMC,Telangana,5,13,2026-06-15,966.6666666666667,1494.960363549378
tomato,9.0,Shadnagar APMC,Telangana,5,13,2026-06-22,932.1428571428572,1724.2622673189449
tomato,9.0,Shadnagar APMC,Telangana,5,13,2026-06-29,1105.429864253394,1819.9215388720302
tomato,9.0,Shadnagar APMC,Telangana,5,13,2026-07-06,1499.9999999999998,1471.7971183069062
tomato,9.0,Shadnagar APMC,Telangana,5,26,2026-01-05,1782.527301092044,1060.005156639096
tomato,9.0,Shadnagar APMC,Telangana,5,26,2026-01-12,1567.9012345679016,1124.4311389048198
tomato,9.0,Shadnagar APMC,Telangana,5,26,2026-01-19,1405.2139037433149,1005.4135262201131
tomato,9.0,Shadnagar APMC,Telangana,5,26,2026-01-26,1299.9999999999995,902.3944596834244
tomato,9.0,Shadnagar APMC,Telangana,5,26,2026-02-02,1344.603288062902,1004.1457566234675
tomato,9.0,Shadnagar APMC,Telangana,5,26,2026-02-09,1312.2438255386232,1070.6673488920794
tomato,9.0,Shadnagar APMC,Telangana,5,26,2026-02-16,1280.6925498426021,1279.0199270015207
tomato,9.0,Shadnagar APMC,Telangana,5,26,2026-02-23,1255.0684931506844,1376.0789323071865
tomato,9.0,Shadnagar APMC,Telangana,5,26,2026-03-02,1154.7231270358307,1662.2095279088862
tomato,9.0,Shadnagar APMC,Telangana,5,26,2026-03-09,1072.727272727273,1779.8894572833344
tomato,9.0,Shadnagar APMC,Telangana,5,26,2026-03-16,966.6666666666667,1819.2608736176915
tomato,9.0,Shadnagar APMC,Telangana,5,26,2026-03-23,932.1428571428572,1659.2386999976852
tomato,9.0,Shadnagar APMC,Telangana,5,26,2026-03-30,1105.429864253394,1743.914255397518
tomato,9.0,Shadnagar APMC,Telangana,5,26,2026-04-06,1499.9999999999998,2307.8517892671152
tomato,112.0,Kolar APMC,Karnataka,1,1,2022-01-03,1506.7686136876416,1343.6185052651463
tomato,112.0,Kolar APMC,Karnataka,1,1,2022-01-10,1110.0700607192903,1302.3066441090339
tomato,112.0,Kolar APMC,Karnataka,1,1,2022-01-17,990.6588404408241,1028.924033992929
tomato,112.0,Kolar APMC,Karnataka,1,1,2022-01-24,883.6271466997728,1046.3891382336533
tomato,112.0,Kolar APMC,Karnataka,1,1,2022-01-31,705.96588990206,1026.0356215979787
tomato,112.0,Kolar APMC,Karnataka,1,1,2022-02-07,501.3189282627484,837.1592536533528
tomato,112.0,Kolar APMC,Karnataka,1,1,2022-02-14,464.39277478862437,680.5887502766678
tomato,112.0,Kolar APMC,Karnataka,1,1,2022-02-21,433.7896592244417,636.1603854499913
tomato,112.0,Kolar APMC,Karnataka,1,1,2022-02-28,373.0688497061294,572.6652503149395
tomato,112.0,Kolar APMC,Karnataka,1,1,2022-03-07,398.5221024851549,574.6497070171658
tomato,112.0,Kolar APMC,Karnataka,1,1,2022-03-14,414.90485074626883,562.889051272464
tomato,112.0,Kolar APMC,Karnataka,1,1,2022-03-21,558.4294068504597,548.8547248967288
tomato,112.0,Kolar APMC,Karnataka,1,1,2022-03-28,699.5420207743153,525.026815498311
tomato,112.0,Kolar APMC,Karnataka,1,1,2022-04-04,1013.9049986191657,510.78141710483874
tomato,112.0,Kolar APMC,Karnataka,1,1,2022-04-11,1579.7996613995485,530.5262510933358
tomato,112.0,Kolar APMC,Karnataka,1,1,2022-04-18,2173.0573793890944,927.4353715100971
tomato,112.0,Kolar APMC,Karnataka,1,1,2022-04-25,2537.4532163742697,1188.8858143094928
tomato,112.0,Kolar APMC,Karnataka,1,1,2022-05-02,3081.7570900123305,1440.2701014371692
tomato,112.0,Kolar APMC,Karnataka,1,1,2022-05-09,4437.764562366576,1427.523865065858
tomato,112.0,Kolar APMC,Karnataka,1,1,2022-05-16,4014.1477547078694,1427.523865065858
tomato,112.0,Kolar APMC,Karnataka,1,1,2022-05-23,3281.2834224598914,1418.874004311876
tomato,112.0,Kolar APMC,Karnataka,1,1,2022-05-30,3334.8274456521754,1418.874004311876
tomato,112.0,Kolar APMC,Karnataka,1,1,2022-06-06,2712.2041513163813,1406.9092868421103
tomato,112.0,Kolar APMC,Karnataka,1,1,2022-06-13,2552.075138525238,1427.9106544205192
tomato,112.0,Kolar APMC,Karnataka,1,1,2022-06-20,1338.1515817643126,1420.2723780304923
tomato,112.0,Kolar APMC,Karnataka,1,1,2022-06-27,991.427475384681,1409.7889029718006
tomato,112.0,Kolar APMC,Karnataka,1,1,2022-07-04,829.1174089068827,989.9379856723036
tomato,112.0,Kolar APMC,Karnataka,1,1,2022-07-11,725.3622905355259,979.8525316847599
tomato,112.0,Kolar APMC,Karnataka,1,1,2022-07-18,634.6227004822288,958.7068402357846
tomato,112.0,Kolar APMC,Karnataka,1,1,2022-07-25,677.650821010614,782.569169626793
tomato,112.0,Kolar APMC,Karnataka,1,1,2022-08-01,859.6477987421382,769.4120422712201
tomato,112.0,Kolar APMC,Karnataka,1,1,2022-08-08,890.6166362082176,718.6725402939413
tomato,112.0,Kolar APMC,Karnataka,1,1,2022-08-15,808.9104915627291,824.6744376924245
tomato,112.0,Kolar APMC,Karnataka,1,1,2022-08-22,1260.1900180396872,823.6972641843284
tomato,112.0,Kolar APMC,Karnataka,1,1,2022-08-29,1422.84500393391,818.5294756261903
tomato,112.0,Kolar APMC,Karnataka,1,1,2022-09-05,1562.194042553192,1072.921355209562
tomato,112.0,Kolar APMC,Karnataka,1,1,2022-09-12,1533.7685170112318,1102.9678829161353
tomato,112.0,Kolar APMC,Karnataka,1,1,2022-09-19,1479.2156862745103,1178.1386226876466
tomato,112.0,Kolar APMC,Karnataka,1,1,2022-09-26,1704.146841673503,1186.1760726625055
tomato,112.0,Kolar APMC,Karnataka,1,1,2022-10-03,1868.7664587664585,1183.8888559199654
tomato,112.0,Kolar APMC,Karnataka,1,1,2022-10-10,1503.6842105263154,1180.5938784994164
tomato,112.0,Kolar APMC,Karnataka,1,1,2022-10-17,1242.0944533267736,1154.1284807156026
tomato,112.0,Kolar APMC,Karnataka,1,1,2022-10-24,878.6476368741226,953.6397850789562
tomato,112.0,Kolar APMC,Karnataka,1,1,2022-10-31,784.6479813146482,923.7879019146438
tomato,112.0,Kolar APMC,Karnataka,1,1,2022-11-07,658.9794591783668,758.0267483754343
tomato,112.0,Kolar APMC,Karnataka,1,1,2022-11-14,611.1538461538462,656.0641394745578
tomato,112.0,Kolar APMC,Karnataka,1,1,2022-11-21,710.4764434998226,637.3749521265336
tomato,112.0,Kolar APMC,Karnataka,1,1,2022-11-28,652.6080508474574,666.6277382140976
tomato,112.0,Kolar APMC,Karnataka,1,1,2022-12-05,918.9777973180924,641.5368480166748
tomato,112.0,Kolar APMC,Karnataka,1,1,2022-12-12,654.6365230949131,669.6436916390093
tomato,112.0,Kolar APMC,Karnataka,1,1,2022-12-19,660.6193853427898,848.6647461544158
tomato,112.0,Kolar APMC,Karnataka,1,1,2022-12-26,755.6769943888754,728.4079905635124
tomato,112.0,Kolar APMC,Karnataka,1,4,2022-01-03,883.6271466997728,853.5867740411435
tomato,112.0,Kolar APMC,Karnataka,1,4,2022-01-10,705.96588990206,845.2450081406441
tomato,112.0,Kolar APMC,Karnataka,1,4,2022-01-17,501.3189282627484,845.2450081406441
tomato,112.0,Kolar APMC,Karnataka,1,4,2022-01-24,464.39277478862437,901.5841219771289
tomato,112.0,Kolar APMC,Karnataka,1,4,2022-01-31,433.7896592244417,811.0655444858414
tomato,112.0,Kolar APMC,Karnataka,1,4,2022-02-07,373.0688497061294,811.0655444858414
tomato,112.0,Kolar APMC,Karnataka,1,4,2022-02-14,398.5221024851549,811.0655444858414
tomato,112.0,Kolar APMC,Karnataka,1,4,2022-02-21,414.90485074626883,742.4050288126742
tomato,112.0,Kolar APMC,Karnataka,1,4,2022-02-28,558.4294068504597,732.7827471224009
tomato,112.0,Kolar APMC,Karnataka,1,4,2022-03-07,699.5420207743153,711.2326779949813
tomato,112.0,Kolar APMC,Karnataka,1,4,2022-03-14,1013.9049986191657,705.1339338769766
tomato,112.0,Kolar APMC,Karnataka,1,4,2022-03-21,1579.7996613995485,705.1339338769766
tomato,112.0,Kolar APMC,Karnataka,1,4,2022-03-28,2173.0573793890944,591.5504440876974
tomato,112.0,Kolar APMC,Karnataka,1,4,2022-04-04,2537.4532163742697,623.2518215282179
tomato,112.0,Kolar APMC,Karnataka,1,4,2022-04-11,3081.7570900123305,667.1366210188025
tomato,112.0,Kolar APMC,Karnataka,1,4,2022-04-18,4437.764562366576,680.731086367085
tomato,112.0,Kolar APMC,Karnataka,1,4,2022-04-25,4014.1477547078694,691.2099019677474
tomato,112.0,Kolar APMC,Karnataka,1,4,2022-05-02,3281.2834224598914,691.2099019677474
tomato,112.0,Kolar APMC,Karnataka,1,4,2022-05-09,3334.8274456521754,712.6715912506155
tomato,112.0,Kolar APMC,Karnataka,1,4,2022-05-16,2712.2041513163813,725.66623847081
tomato,112.0,Kolar APMC,Karnataka,1,4,2022-05-23,2552.075138525238,725.66623847081
tomato,112.0,Kolar APMC,Karnataka,1,4,2022-05-30,1338.1515817643126,725.66623847081
tomato,112.0,Kolar APMC,Karnataka,1,4,2022-06-06,991.427475384681,762.8344006708152
tomato,112.0,Kolar APMC,Karnataka,1,4,2022-06-13,829.1174089068827,788.8277505907845
tomato,112.0,Kolar APMC,Karnataka,1,4,2022-06-20,725.3622905355259,801.1355937652609
tomato,112.0,Kolar APMC,Karnataka,1,4,2022-06-27,634.6227004822288,801.1355937652609
tomato,112.0,Kolar APMC,Karnataka,1,4,2022-07-04,677.650821010614,813.272002962037
tomato,112.0,Kolar APMC,Karnataka,1,4,2022-07-11,859.6477987421382,965.0402293116745
tomato,112.0,Kolar APMC,Karnataka,1,4,2022-07-18,890.6166362082176,974.9646368323677
tomato,112.0,Kolar APMC,Karnataka,1,4,2022-07-25,808.9104915627291,974.9646368323677
tomato,112.0,Kolar APMC,Karnataka,1,4,2022-08-01,1260.1900180396872,1092.6128501619994
tomato,112.0,Kolar APMC,Karnataka,1,4,2022-08-08,1422.84500393391,1092.6128501619994
tomato,112.0,Kolar APMC,Karnataka,1,4,2022-08-15,1562.194042553192,1092.6128501619994
tomato,112.0,Kolar APMC,Karnataka,1,4,2022-08-22,1533.7685170112318,1092.6128501619994
tomato,112.0,Kolar APMC,Karnataka,1,4,2022-08-29,1479.2156862745103,1092.6128501619994
tomato,112.0,Kolar APMC,Karnataka,1,4,2022-09-05,1704.146841673503,1092.6128501619994
tomato,112.0,Kolar APMC,Karnataka,1,4,2022-09-12,1868.7664587664585,1092.6128501619994
tomato,112.0,Kolar APMC,Karnataka,1,4,2022-09-19,1503.6842105263154,1092.6128501619994
tomato,112.0,Kolar APMC,Karnataka,1,4,2022-09-26,1242.0944533267736,1092.6128501619994
tomato,112.0,Kolar APMC,Karnataka,1,4,2022-10-03,878.6476368741226,1092.6128501619994
tomato,112.0,Kolar APMC,Karnataka,1,4,2022-10-10,784.6479813146482,945.4238702238713
tomato,112.0,Kolar APMC,Karnataka,1,4,2022-10-17,658.9794591783668,889.1082173539644
tomato,112.0,Kolar APMC,Karnataka,1,4,2022-10-24,611.1538461538462,926.1608166476738
tomato,112.0,Kolar APMC,Karnataka,1,4,2022-10-31,710.4764434998226,926.1608166476738
tomato,112.0,Kolar APMC,Karnataka,1,4,2022-11-07,652.6080508474574,942.8454940246808
tomato,112.0,Kolar APMC,Karnataka,1,4,2022-11-14,918.9777973180924,905.1261164826948
tomato,112.0,Kolar APMC,Karnataka,1,4,2022-11-21,654.6365230949131,905.1261164826948
tomato,112.0,Kolar APMC,Karnataka,1,4,2022-11-28,660.6193853427898,888.3978889752589
tomato,112.0,Kolar APMC,Karnataka,1,4,2022-12-05,755.6769943888754,845.4347963626907
tomato,112.0,Kolar APMC,Karnataka,1,4,2022-12-12,1070.3742653881843,777.9219984830366
tomato,112.0,Kolar APMC,Karnataka,1,4,2022-12-19,1359.4870365207696,784.8298933013117
tomato,112.0,Kolar APMC,Karnataka,1,4,2022-12-26,922.6112613720186,895.8405234251954
tomato,112.0,Kolar APMC,Karnataka,1,13,2022-01-03,699.5420207743153,890.446425842205
tomato,112.0,Kolar APMC,Karnataka,1,13,2022-01-10,1013.9049986191657,890.446425842205
tomato,112.0,Kolar APMC,Karnataka,1,13,2022-01-17,1579.7996613995485,890.446425842205
tomato,112.0,Kolar APMC,Karnataka,1,13,2022-01-24,2173.0573793890944,890.446425842205
tomato,112.0,Kolar APMC,Karnataka,1,13,2022-01-31,2537.4532163742697,890.446425842205
tomato,112.0,Kolar APMC,Karnataka,1,13,2022-02-07,3081.7570900123305,890.446425842205
tomato,112.0,Kolar APMC,Karnataka,1,13,2022-02-14,4437.764562366576,890.446425842205
tomato,112.0,Kolar APMC,Karnataka,1,13,2022-02-21,4014.1477547078694,890.446425842205
tomato,112.0,Kolar APMC,Karnataka,1,13,2022-02-28,3281.2834224598914,890.446425842205
tomato,112.0,Kolar APMC,Karnataka,1,13,2022-03-07,3334.8274456521754,976.8167579590399
tomato,112.0,Kolar APMC,Karnataka,1,13,2022-03-14,2712.2041513163813,976.8167579590399
tomato,112.0,Kolar APMC,Karnataka,1,13,2022-03-21,2552.075138525238,976.8167579590399
tomato,112.0,Kolar APMC,Karnataka,1,13,2022-03-28,1338.1515817643126,976.8167579590399
tomato,112.0,Kolar APMC,Karnataka,1,13,2022-04-04,991.427475384681,976.8167579590399
tomato,112.0,Kolar APMC,Karnataka,1,13,2022-04-11,829.1174089068827,976.8167579590399
tomato,112.0,Kolar APMC,Karnataka,1,13,2022-04-18,725.3622905355259,976.8167579590399
tomato,112.0,Kolar APMC,Karnataka,1,13,2022-04-25,634.6227004822288,976.8167579590399
tomato,112.0,Kolar APMC,Karnataka,1,13,2022-05-02,677.650821010614,976.8167579590399
tomato,112.0,Kolar APMC,Karnataka,1,13,2022-05-09,859.6477987421382,976.8167579590399
tomato,112.0,Kolar APMC,Karnataka,1,13,2022-05-16,890.6166362082176,976.8167579590399
tomato,112.0,Kolar APMC,Karnataka,1,13,2022-05-23,808.9104915627291,976.8167579590399
tomato,112.0,Kolar APMC,Karnataka,1,13,2022-05-30,1260.1900180396872,976.8167579590399
tomato,112.0,Kolar APMC,Karnataka,1,13,2022-06-06,1422.84500393391,976.8167579590399
tomato,112.0,Kolar APMC,Karnataka,1,13,2022-06-13,1562.194042553192,976.8167579590399
tomato,112.0,Kolar APMC,Karnataka,1,13,2022-06-20,1533.7685170112318,976.8167579590399
tomato,112.0,Kolar APMC,Karnataka,1,13,2022-06-27,1479.2156862745103,976.8167579590399
tomato,112.0,Kolar APMC,Karnataka,1,13,2022-07-04,1704.146841673503,976.8167579590399
tomato,112.0,Kolar APMC,Karnataka,1,13,2022-07-11,1868.7664587664585,976.8167579590399
tomato,112.0,Kolar APMC,Karnataka,1,13,2022-07-18,1503.6842105263154,976.8167579590399
tomato,112.0,Kolar APMC,Karnataka,1,13,2022-07-25,1242.0944533267736,976.8167579590399
tomato,112.0,Kolar APMC,Karnataka,1,13,2022-08-01,878.6476368741226,976.8167579590399
tomato,112.0,Kolar APMC,Karnataka,1,13,2022-08-08,784.6479813146482,976.8167579590399
tomato,112.0,Kolar APMC,Karnataka,1,13,2022-08-15,658.9794591783668,976.8167579590399
tomato,112.0,Kolar APMC,Karnataka,1,13,2022-08-22,611.1538461538462,976.8167579590399
tomato,112.0,Kolar APMC,Karnataka,1,13,2022-08-29,710.4764434998226,976.8167579590399
tomato,112.0,Kolar APMC,Karnataka,1,13,2022-09-05,652.6080508474574,976.8167579590399
tomato,112.0,Kolar APMC,Karnataka,1,13,2022-09-12,918.9777973180924,976.8167579590399
tomato,112.0,Kolar APMC,Karnataka,1,13,2022-09-19,654.6365230949131,976.8167579590399
tomato,112.0,Kolar APMC,Karnataka,1,13,2022-09-26,660.6193853427898,976.8167579590399
tomato,112.0,Kolar APMC,Karnataka,1,13,2022-10-03,755.6769943888754,976.8167579590399
tomato,112.0,Kolar APMC,Karnataka,1,13,2022-10-10,1070.3742653881843,976.8167579590399
tomato,112.0,Kolar APMC,Karnataka,1,13,2022-10-17,1359.4870365207696,976.8167579590399
tomato,112.0,Kolar APMC,Karnataka,1,13,2022-10-24,922.6112613720186,976.8167579590399
tomato,112.0,Kolar APMC,Karnataka,1,13,2022-10-31,934.6664873587949,976.8167579590399
tomato,112.0,Kolar APMC,Karnataka,1,13,2022-11-07,1028.0481036077708,890.446425842205
tomato,112.0,Kolar APMC,Karnataka,1,13,2022-11-14,1237.7383120825746,929.9825320118878
tomato,112.0,Kolar APMC,Karnataka,1,13,2022-11-21,1204.3007084754663,929.9825320118878
tomato,112.0,Kolar APMC,Karnataka,1,13,2022-11-28,1110.0615496017379,890.446425842205
tomato,112.0,Kolar APMC,Karnataka,1,13,2022-12-05,1118.728179551122,976.8167579590399
tomato,112.0,Kolar APMC,Karnataka,1,13,2022-12-12,796.0111022997619,976.8167579590399
tomato,112.0,Kolar APMC,Karnataka,1,13,2022-12-19,615.5172413793102,976.8167579590399
tomato,112.0,Kolar APMC,Karnataka,1,13,2022-12-26,527.2471533824515,976.8167579590399
tomato,112.0,Kolar APMC,Karnataka,1,26,2022-01-03,991.427475384681,789.7065076852405
tomato,112.0,Kolar APMC,Karnataka,1,26,2022-01-10,829.1174089068827,789.7065076852405
tomato,112.0,Kolar APMC,Karnataka,1,26,2022-01-17,725.3622905355259,789.7065076852405
tomato,112.0,Kolar APMC,Karnataka,1,26,2022-01-24,634.6227004822288,789.7065076852405
tomato,112.0,Kolar APMC,Karnataka,1,26,2022-01-31,677.650821010614,789.7065076852405
tomato,112.0,Kolar APMC,Karnataka,1,26,2022-02-07,859.6477987421382,936.6437870263563
tomato,112.0,Kolar APMC,Karnataka,1,26,2022-02-14,890.6166362082176,936.6437870263563
tomato,112.0,Kolar APMC,Karnataka,1,26,2022-02-21,808.9104915627291,936.6437870263563
tomato,112.0,Kolar APMC,Karnataka,1,26,2022-02-28,1260.1900180396872,936.6437870263563
tomato,112.0,Kolar APMC,Karnataka,1,26,2022-03-07,1422.84500393391,936.6437870263563
tomato,112.0,Kolar APMC,Karnataka,1,26,2022-03-14,1562.194042553192,936.6437870263563
tomato,112.0,Kolar APMC,Karnataka,1,26,2022-03-21,1533.7685170112318,936.6437870263563
tomato,112.0,Kolar APMC,Karnataka,1,26,2022-03-28,1479.2156862745103,936.6437870263563
tomato,112.0,Kolar APMC,Karnataka,1,26,2022-04-04,1704.146841673503,936.6437870263563
tomato,112.0,Kolar APMC,Karnataka,1,26,2022-04-11,1868.7664587664585,936.6437870263563
tomato,112.0,Kolar APMC,Karnataka,1,26,2022-04-18,1503.6842105263154,936.6437870263563
tomato,112.0,Kolar APMC,Karnataka,1,26,2022-04-25,1242.0944533267736,936.6437870263563
tomato,112.0,Kolar APMC,Karnataka,1,26,2022-05-02,878.6476368741226,869.2500216999362
tomato,112.0,Kolar APMC,Karnataka,1,26,2022-05-09,784.6479813146482,869.2500216999362
tomato,112.0,Kolar APMC,Karnataka,1,26,2022-05-16,658.9794591783668,869.2500216999362
tomato,112.0,Kolar APMC,Karnataka,1,26,2022-05-23,611.1538461538462,869.2500216999362
tomato,112.0,Kolar APMC,Karnataka,1,26,2022-05-30,710.4764434998226,869.2500216999362
tomato,112.0,Kolar APMC,Karnataka,1,26,2022-06-06,652.6080508474574,869.2500216999362
tomato,112.0,Kolar APMC,Karnataka,1,26,2022-06-13,918.9777973180924,869.2500216999362
tomato,112.0,Kolar APMC,Karnataka,1,26,2022-06-20,654.6365230949131,869.2500216999362
tomato,112.0,Kolar APMC,Karnataka,1,26,2022-06-27,660.6193853427898,869.2500216999362
tomato,112.0,Kolar APMC,Karnataka,1,26,2022-07-04,755.6769943888754,869.2500216999362
tomato,112.0,Kolar APMC,Karnataka,1,26,2022-07-11,1070.3742653881843,869.2500216999362
tomato,112.0,Kolar APMC,Karnataka,1,26,2022-07-18,1359.4870365207696,869.2500216999362
tomato,112.0,Kolar APMC,Karnataka,1,26,2022-07-25,922.6112613720186,869.2500216999362
tomato,112.0,Kolar APMC,Karnataka,1,26,2022-08-01,934.6664873587949,869.2500216999362
tomato,112.0,Kolar APMC,Karnataka,1,26,2022-08-08,1028.0481036077708,869.2500216999362
tomato,112.0,Kolar APMC,Karnataka,1,26,2022-08-15,1237.7383120825746,869.2500216999362
tomato,112.0,Kolar APMC,Karnataka,1,26,2022-08-22,1204.3007084754663,869.2500216999362
tomato,112.0,Kolar APMC,Karnataka,1,26,2022-08-29,1110.0615496017379,869.2500216999362
tomato,112.0,Kolar APMC,Karnataka,1,26,2022-09-05,1118.728179551122,869.2500216999362
tomato,112.0,Kolar APMC,Karnataka,1,26,2022-09-12,796.0111022997619,869.2500216999362
tomato,112.0,Kolar APMC,Karnataka,1,26,2022-09-19,615.5172413793102,869.2500216999362
tomato,112.0,Kolar APMC,Karnataka,1,26,2022-09-26,527.2471533824515,869.2500216999362
tomato,112.0,Kolar APMC,Karnataka,1,26,2022-10-03,467.73765867418905,789.7065076852405
tomato,112.0,Kolar APMC,Karnataka,1,26,2022-10-10,454.8874598070741,789.7065076852405
tomato,112.0,Kolar APMC,Karnataka,1,26,2022-10-17,479.3947764942238,789.7065076852405
tomato,112.0,Kolar APMC,Karnataka,1,26,2022-10-24,424.65374564459944,789.7065076852405
tomato,112.0,Kolar APMC,Karnataka,1,26,2022-10-31,492.85359801488846,789.7065076852405
tomato,112.0,Kolar APMC,Karnataka,1,26,2022-11-07,731.7648202137995,789.7065076852405
tomato,112.0,Kolar APMC,Karnataka,1,26,2022-11-14,718.0515953835712,789.7065076852405
tomato,112.0,Kolar APMC,Karnataka,1,26,2022-11-21,734.3216812317934,789.7065076852405
tomato,112.0,Kolar APMC,Karnataka,1,26,2022-11-28,1023.2340272792535,789.7065076852405
tomato,112.0,Kolar APMC,Karnataka,1,26,2022-12-05,1364.4173333333335,979.3535926462797
tomato,112.0,Kolar APMC,Karnataka,1,26,2022-12-12,1863.3074074074077,979.3535926462797
tomato,112.0,Kolar APMC,Karnataka,1,26,2022-12-19,2747.4465148378185,979.3535926462797
tomato,112.0,Kolar APMC,Karnataka,1,26,2022-12-26,3992.9732678668815,979.3535926462797
tomato,112.0,Kolar APMC,Karnataka,2,1,2023-01-02,1070.3742653881843,788.4903597036458
tomato,112.0,Kolar APMC,Karnataka,2,1,2023-01-09,1359.4870365207696,804.1957709445443
tomato,112.0,Kolar APMC,Karnataka,2,1,2023-01-16,922.6112613720186,995.988256846111
tomato,112.0,Kolar APMC,Karnataka,2,1,2023-01-23,934.6664873587949,1000.4989137303564
tomato,112.0,Kolar APMC,Karnataka,2,1,2023-01-30,1028.0481036077708,914.6347292411117
tomato,112.0,Kolar APMC,Karnataka,2,1,2023-02-06,1237.7383120825746,901.4661282522655
tomato,112.0,Kolar APMC,Karnataka,2,1,2023-02-13,1204.3007084754663,1040.5140306898445
tomato,112.0,Kolar APMC,Karnataka,2,1,2023-02-20,1110.0615496017379,1054.2974461467386
tomato,112.0,Kolar APMC,Karnataka,2,1,2023-02-27,1118.728179551122,1030.9685612716735
tomato,112.0,Kolar APMC,Karnataka,2,1,2023-03-06,796.0111022997619,1002.3175059919305
tomato,112.0,Kolar APMC,Karnataka,2,1,2023-03-13,615.5172413793102,1091.1164175681402
tomato,112.0,Kolar APMC,Karnataka,2,1,2023-03-20,527.2471533824515,854.5364195696482
tomato,112.0,Kolar APMC,Karnataka,2,1,2023-03-27,467.73765867418905,787.5643406599
tomato,112.0,Kolar APMC,Karnataka,2,1,2023-04-03,454.8874598070741,684.820777415825
tomato,112.0,Kolar APMC,Karnataka,2,1,2023-04-10,479.3947764942238,660.6808930045618
tomato,112.0,Kolar APMC,Karnataka,2,1,2023-04-17,424.65374564459944,678.4121470515105
tomato,112.0,Kolar APMC,Karnataka,2,1,2023-04-24,492.85359801488846,685.5822092393677
tomato,112.0,Kolar APMC,Karnataka,2,1,2023-05-01,731.7648202137995,678.4121470515105
tomato,112.0,Kolar APMC,Karnataka,2,1,2023-05-08,718.0515953835712,685.5822092393677
tomato,112.0,Kolar APMC,Karnataka,2,1,2023-05-15,734.3216812317934,813.4545556262439
tomato,112.0,Kolar APMC,Karnataka,2,1,2023-05-22,1023.2340272792535,829.2608324081997
tomato,112.0,Kolar APMC,Karnataka,2,1,2023-05-29,1364.4173333333335,837.6502828945096
tomato,112.0,Kolar APMC,Karnataka,2,1,2023-06-05,1863.3074074074077,1261.0515368596261
tomato,112.0,Kolar APMC,Karnataka,2,1,2023-06-12,2747.4465148378185,1313.713728498393
tomato,112.0,Kolar APMC,Karnataka,2,1,2023-06-19,3992.9732678668815,1682.419271138374
tomato,112.0,Kolar APMC,Karnataka,2,1,2023-06-26,4537.037333028888,1954.1876104930268
tomato,112.0,Kolar APMC,Karnataka,2,1,2023-07-03,6772.098067569342,2056.085730804826
tomato,112.0,Kolar APMC,Karnataka,2,1,2023-07-10,6181.935260755288,2015.7256048119154
tomato,112.0,Kolar APMC,Karnataka,2,1,2023-07-17,7427.222024233786,1992.6189132108407
tomato,112.0,Kolar APMC,Karnataka,2,1,2023-07-24,7570.552772211094,1992.6189132108407
tomato,112.0,Kolar APMC,Karnataka,2,1,2023-07-31,4430.619655746811,1954.603332909509
tomato,112.0,Kolar APMC,Karnataka,2,1,2023-08-07,2324.8951652688693,1931.6598014924439
tomato,112.0,Kolar APMC,Karnataka,2,1,2023-08-14,1750.3599476439786,1911.4436772946046
tomato,112.0,Kolar APMC,Karnataka,2,1,2023-08-21,1225.1161410018549,1911.4436772946046
tomato,112.0,Kolar APMC,Karnataka,2,1,2023-08-28,925.7184579439248,1541.961284253817
tomato,112.0,Kolar APMC,Karnataka,2,1,2023-09-04,653.9359026369168,1325.1392393662475
tomato,112.0,Kolar APMC,Karnataka,2,1,2023-09-11,621.068388330942,1171.3783008200237
tomato,112.0,Kolar APMC,Karnataka,2,1,2023-09-18,675.0960566228516,839.4067207742833
tomato,112.0,Kolar APMC,Karnataka,2,1,2023-09-25,661.1236052244614,751.1510392497943
tomato,112.0,Kolar APMC,Karnataka,2,1,2023-10-02,711.8582952667898,751.1510392497943
tomato,112.0,Kolar APMC,Karnataka,2,1,2023-10-09,667.1092503987239,720.9976411177535
tomato,112.0,Kolar APMC,Karnataka,2,1,2023-10-16,1123.399303356555,744.3649629966038
tomato,112.0,Kolar APMC,Karnataka,2,1,2023-10-23,1060.8325872873772,714.4534166978304
tomato,112.0,Kolar APMC,Karnataka,2,1,2023-10-30,1331.1959709294913,1219.103980817491
tomato,112.0,Kolar APMC,Karnataka,2,1,2023-11-06,1383.0590019299693,1368.6510518136704
tomato,112.0,Kolar APMC,Karnataka,2,1,2023-11-13,1610.8972862562011,1304.5661420622548
tomato,112.0,Kolar APMC,Karnataka,2,1,2023-11-20,1369.3301502597944,1246.0068122265936
tomato,112.0,Kolar APMC,Karnataka,2,1,2023-11-27,1285.2702231520225,1373.7339536782365
tomato,112.0,Kolar APMC,Karnataka,2,1,2023-12-04,1033.0317613089508,1276.1604128443919
tomato,112.0,Kolar APMC,Karnataka,2,1,2023-12-11,1167.7810341218333,1053.029611099702
tomato,112.0,Kolar APMC,Karnataka,2,1,2023-12-18,1131.598895582329,1053.029611099702
tomato,112.0,Kolar APMC,Karnataka,2,1,2023-12-25,1190.8273999508958,1053.029611099702
tomato,112.0,Kolar APMC,Karnataka,2,4,2023-01-02,934.6664873587949,997.180666963922
tomato,112.0,Kolar APMC,Karnataka,2,4,2023-01-09,1028.0481036077708,997.180666963922
tomato,112.0,Kolar APMC,Karnataka,2,4,2023-01-16,1237.7383120825746,993.2779268435812
tomato,112.0,Kolar APMC,Karnataka,2,4,2023-01-23,1204.3007084754663,993.2779268435812
tomato,112.0,Kolar APMC,Karnataka,2,4,2023-01-30,1110.0615496017379,993.2779268435812
tomato,112.0,Kolar APMC,Karnataka,2,4,2023-02-06,1118.728179551122,993.2779268435812
tomato,112.0,Kolar APMC,Karnataka,2,4,2023-02-13,796.0111022997619,993.2779268435812
tomato,112.0,Kolar APMC,Karnataka,2,4,2023-02-20,615.5172413793102,1015.1127867965108
tomato,112.0,Kolar APMC,Karnataka,2,4,2023-02-27,527.2471533824515,1015.1127867965108
tomato,112.0,Kolar APMC,Karnataka,2,4,2023-03-06,467.73765867418905,1015.1127867965108
tomato,112.0,Kolar APMC,Karnataka,2,4,2023-03-13,454.8874598070741,1015.1127867965108
tomato,112.0,Kolar APMC,Karnataka,2,4,2023-03-20,479.3947764942238,1008.1585144821266
tomato,112.0,Kolar APMC,Karnataka,2,4,2023-03-27,424.65374564459944,1008.1585144821266
tomato,112.0,Kolar APMC,Karnataka,2,4,2023-04-03,492.85359801488846,1008.1585144821266
tomato,112.0,Kolar APMC,Karnataka,2,4,2023-04-10,731.7648202137995,1008.1585144821266
tomato,112.0,Kolar APMC,Karnataka,2,4,2023-04-17,718.0515953835712,1008.1585144821266
tomato,112.0,Kolar APMC,Karnataka,2,4,2023-04-24,734.3216812317934,1008.1585144821266
tomato,112.0,Kolar APMC,Karnataka,2,4,2023-05-01,1023.2340272792535,1008.1585144821266
tomato,112.0,Kolar APMC,Karnataka,2,4,2023-05-08,1364.4173333333335,1008.1585144821266
tomato,112.0,Kolar APMC,Karnataka,2,4,2023-05-15,1863.3074074074077,1008.1585144821266
tomato,112.0,Kolar APMC,Karnataka,2,4,2023-05-22,2747.4465148378185,1008.1585144821266
tomato,112.0,Kolar APMC,Karnataka,2,4,2023-05-29,3992.9732678668815,1008.1585144821266
tomato,112.0,Kolar APMC,Karnataka,2,4,2023-06-05,4537.037333028888,1037.6299805529918
tomato,112.0,Kolar APMC,Karnataka,2,4,2023-06-12,6772.098067569342,1037.6299805529918
tomato,112.0,Kolar APMC,Karnataka,2,4,2023-06-19,6181.935260755288,1037.6299805529918
tomato,112.0,Kolar APMC,Karnataka,2,4,2023-06-26,7427.222024233786,1037.6299805529918
tomato,112.0,Kolar APMC,Karnataka,2,4,2023-07-03,7570.552772211094,1037.6299805529918
tomato,112.0,Kolar APMC,Karnataka,2,4,2023-07-10,4430.619655746811,1037.6299805529918
tomato,112.0,Kolar APMC,Karnataka,2,4,2023-07-17,2324.8951652688693,1037.6299805529918
tomato,112.0,Kolar APMC,Karnataka,2,4,2023-07-24,1750.3599476439786,1037.6299805529918
tomato,112.0,Kolar APMC,Karnataka,2,4,2023-07-31,1225.1161410018549,1037.6299805529918
tomato,112.0,Kolar APMC,Karnataka,2,4,2023-08-07,925.7184579439248,1037.6299805529918
tomato,112.0,Kolar APMC,Karnataka,2,4,2023-08-14,653.9359026369168,1037.6299805529918
tomato,112.0,Kolar APMC,Karnataka,2,4,2023-08-21,621.068388330942,1037.6299805529918
tomato,112.0,Kolar APMC,Karnataka,2,4,2023-08-28,675.0960566228516,1037.6299805529918
tomato,112.0,Kolar APMC,Karnataka,2,4,2023-09-04,661.1236052244614,1037.6299805529918
tomato,112.0,Kolar APMC,Karnataka,2,4,2023-09-11,711.8582952667898,1037.6299805529918
tomato,112.0,Kolar APMC,Karnataka,2,4,2023-09-18,667.1092503987239,978.9927261332413
tomato,112.0,Kolar APMC,Karnataka,2,4,2023-09-25,1123.399303356555,997.180666963922
tomato,112.0,Kolar APMC,Karnataka,2,4,2023-10-02,1060.8325872873772,997.180666963922
tomato,112.0,Kolar APMC,Karnataka,2,4,2023-10-09,1331.1959709294913,997.180666963922
tomato,112.0,Kolar APMC,Karnataka,2,4,2023-10-16,1383.0590019299693,997.180666963922
tomato,112.0,Kolar APMC,Karnataka,2,4,2023-10-23,1610.8972862562011,997.180666963922
tomato,112.0,Kolar APMC,Karnataka,2,4,2023-10-30,1369.3301502597944,1015.1127867965108
tomato,112.0,Kolar APMC,Karnataka,2,4,2023-11-06,1285.2702231520225,1015.1127867965108
tomato,112.0,Kolar APMC,Karnataka,2,4,2023-11-13,1033.0317613089508,993.2779268435812
tomato,112.0,Kolar APMC,Karnataka,2,4,2023-11-20,1167.7810341218333,1037.6299805529918
tomato,112.0,Kolar APMC,Karnataka,2,4,2023-11-27,1131.598895582329,1037.6299805529918
tomato,112.0,Kolar APMC,Karnataka,2,4,2023-12-04,1190.8273999508958,1037.6299805529918
tomato,112.0,Kolar APMC,Karnataka,2,4,2023-12-11,1048.8038277511957,993.2779268435812
tomato,112.0,Kolar APMC,Karnataka,2,4,2023-12-18,1150.2829354553496,993.2779268435812
tomato,112.0,Kolar APMC,Karnataka,2,4,2023-12-25,1218.3973735408558,993.2779268435812
tomato,112.0,Kolar APMC,Karnataka,2,13,2023-01-02,467.73765867418905,1029.8234318015482
tomato,112.0,Kolar APMC,Karnataka,2,13,2023-01-09,454.8874598070741,1029.8234318015482
tomato,112.0,Kolar APMC,Karnataka,2,13,2023-01-16,479.3947764942238,1029.8234318015482
tomato,112.0,Kolar APMC,Karnataka,2,13,2023-01-23,424.65374564459944,1029.8234318015482
tomato,112.0,Kolar APMC,Karnataka,2,13,2023-01-30,492.85359801488846,1029.8234318015482
tomato,112.0,Kolar APMC,Karnataka,2,13,2023-02-06,731.7648202137995,1029.8234318015482
tomato,112.0,Kolar APMC,Karnataka,2,13,2023-02-13,718.0515953835712,1029.8234318015482
tomato,112.0,Kolar APMC,Karnataka,2,13,2023-02-20,734.3216812317934,1029.8234318015482
tomato,112.0,Kolar APMC,Karnataka,2,13,2023-02-27,1023.2340272792535,1029.8234318015482
tomato,112.0,Kolar APMC,Karnataka,2,13,2023-03-06,1364.4173333333335,1029.8234318015482
tomato,112.0,Kolar APMC,Karnataka,2,13,2023-03-13,1863.3074074074077,1029.8234318015482
tomato,112.0,Kolar APMC,Karnataka,2,13,2023-03-20,2747.4465148378185,1029.8234318015482
tomato,112.0,Kolar APMC,Karnataka,2,13,2023-03-27,3992.9732678668815,1029.8234318015482
tomato,112.0,Kolar APMC,Karnataka,2,13,2023-04-03,4537.037333028888,1029.8234318015482
tomato,112.0,Kolar APMC,Karnataka,2,13,2023-04-10,6772.098067569342,1029.8234318015482
tomato,112.0,Kolar APMC,Karnataka,2,13,2023-04-17,6181.935260755288,1029.8234318015482
tomato,112.0,Kolar APMC,Karnataka,2,13,2023-04-24,7427.222024233786,1029.8234318015482
tomato,112.0,Kolar APMC,Karnataka,2,13,2023-05-01,7570.552772211094,1029.8234318015482
tomato,112.0,Kolar APMC,Karnataka,2,13,2023-05-08,4430.619655746811,1029.8234318015482
tomato,112.0,Kolar APMC,Karnataka,2,13,2023-05-15,2324.8951652688693,1029.8234318015482
tomato,112.0,Kolar APMC,Karnataka,2,13,2023-05-22,1750.3599476439786,1029.8234318015482
tomato,112.0,Kolar APMC,Karnataka,2,13,2023-05-29,1225.1161410018549,1029.8234318015482
tomato,112.0,Kolar APMC,Karnataka,2,13,2023-06-05,925.7184579439248,1029.8234318015482
tomato,112.0,Kolar APMC,Karnataka,2,13,2023-06-12,653.9359026369168,1029.8234318015482
tomato,112.0,Kolar APMC,Karnataka,2,13,2023-06-19,621.068388330942,1029.8234318015482
tomato,112.0,Kolar APMC,Karnataka,2,13,2023-06-26,675.0960566228516,1029.8234318015482
tomato,112.0,Kolar APMC,Karnataka,2,13,2023-07-03,661.1236052244614,1029.8234318015482
tomato,112.0,Kolar APMC,Karnataka,2,13,2023-07-10,711.8582952667898,1029.8234318015482
tomato,112.0,Kolar APMC,Karnataka,2,13,2023-07-17,667.1092503987239,1029.8234318015482
tomato,112.0,Kolar APMC,Karnataka,2,13,2023-07-24,1123.399303356555,1029.8234318015482
tomato,112.0,Kolar APMC,Karnataka,2,13,2023-07-31,1060.8325872873772,1029.8234318015482
tomato,112.0,Kolar APMC,Karnataka,2,13,2023-08-07,1331.1959709294913,1029.8234318015482
tomato,112.0,Kolar APMC,Karnataka,2,13,2023-08-14,1383.0590019299693,1029.8234318015482
tomato,112.0,Kolar APMC,Karnataka,2,13,2023-08-21,1610.8972862562011,1029.8234318015482
tomato,112.0,Kolar APMC,Karnataka,2,13,2023-08-28,1369.3301502597944,1029.8234318015482
tomato,112.0,Kolar APMC,Karnataka,2,13,2023-09-04,1285.2702231520225,983.8474495295758
tomato,112.0,Kolar APMC,Karnataka,2,13,2023-09-11,1033.0317613089508,983.8474495295758
tomato,112.0,Kolar APMC,Karnataka,2,13,2023-09-18,1167.7810341218333,983.8474495295758
tomato,112.0,Kolar APMC,Karnataka,2,13,2023-09-25,1131.598895582329,983.8474495295758
tomato,112.0,Kolar APMC,Karnataka,2,13,2023-10-02,1190.8273999508958,983.8474495295758
tomato,112.0,Kolar APMC,Karnataka,2,13,2023-10-09,1048.8038277511957,983.8474495295758
tomato,112.0,Kolar APMC,Karnataka,2,13,2023-10-16,1150.2829354553496,983.8474495295758
tomato,112.0,Kolar APMC,Karnataka,2,13,2023-10-23,1218.3973735408558,956.2746094325652
tomato,112.0,Kolar APMC,Karnataka,2,13,2023-10-30,1334.3157894736842,956.2746094325652
tomato,112.0,Kolar APMC,Karnataka,2,13,2023-11-06,1157.5594693504115,983.8474495295758
tomato,112.0,Kolar APMC,Karnataka,2,13,2023-11-13,809.351316634554,983.8474495295758
tomato,112.0,Kolar APMC,Karnataka,2,13,2023-11-20,730.8553791887125,956.2746094325652
tomato,112.0,Kolar APMC,Karnataka,2,13,2023-11-27,771.3987566607457,956.2746094325652
tomato,112.0,Kolar APMC,Karnataka,2,13,2023-12-04,978.7054026503564,956.2746094325652
tomato,112.0,Kolar APMC,Karnataka,2,13,2023-12-11,908.9498327759193,956.2746094325652
tomato,112.0,Kolar APMC,Karnataka,2,13,2023-12-18,884.8828541001068,956.2746094325652
tomato,112.0,Kolar APMC,Karnataka,2,13,2023-12-25,949.8299845440498,956.2746094325652
tomato,112.0,Kolar APMC,Karnataka,2,26,2023-01-02,4537.037333028888,992.1667360251664
tomato,112.0,Kolar APMC,Karnataka,2,26,2023-01-09,6772.098067569342,992.1667360251664
tomato,112.0,Kolar APMC,Karnataka,2,26,2023-01-16,6181.935260755288,992.1667360251664
tomato,112.0,Kolar APMC,Karnataka,2,26,2023-01-23,7427.222024233786,992.1667360251664
tomato,112.0,Kolar APMC,Karnataka,2,26,2023-01-30,7570.552772211094,992.1667360251664
tomato,112.0,Kolar APMC,Karnataka,2,26,2023-02-06,4430.619655746811,992.1667360251664
tomato,112.0,Kolar APMC,Karnataka,2,26,2023-02-13,2324.8951652688693,973.4256808655107
tomato,112.0,Kolar APMC,Karnataka,2,26,2023-02-20,1750.3599476439786,973.4256808655107
tomato,112.0,Kolar APMC,Karnataka,2,26,2023-02-27,1225.1161410018549,973.4256808655107
tomato,112.0,Kolar APMC,Karnataka,2,26,2023-03-06,925.7184579439248,973.4256808655107
tomato,112.0,Kolar APMC,Karnataka,2,26,2023-03-13,653.9359026369168,973.4256808655107
tomato,112.0,Kolar APMC,Karnataka,2,26,2023-03-20,621.068388330942,973.4256808655107
tomato,112.0,Kolar APMC,Karnataka,2,26,2023-03-27,675.0960566228516,973.4256808655107
tomato,112.0,Kolar APMC,Karnataka,2,26,2023-04-03,661.1236052244614,973.4256808655107
tomato,112.0,Kolar APMC,Karnataka,2,26,2023-04-10,711.8582952667898,973.4256808655107
tomato,112.0,Kolar APMC,Karnataka,2,26,2023-04-17,667.1092503987239,973.4256808655107
tomato,112.0,Kolar APMC,Karnataka,2,26,2023-04-24,1123.399303356555,973.4256808655107
tomato,112.0,Kolar APMC,Karnataka,2,26,2023-05-01,1060.8325872873772,973.4256808655107
tomato,112.0,Kolar APMC,Karnataka,2,26,2023-05-08,1331.1959709294913,973.4256808655107
tomato,112.0,Kolar APMC,Karnataka,2,26,2023-05-15,1383.0590019299693,973.4256808655107
tomato,112.0,Kolar APMC,Karnataka,2,26,2023-05-22,1610.8972862562011,973.4256808655107
tomato,112.0,Kolar APMC,Karnataka,2,26,2023-05-29,1369.3301502597944,973.4256808655107
tomato,112.0,Kolar APMC,Karnataka,2,26,2023-06-05,1285.2702231520225,1008.0833754285901
tomato,112.0,Kolar APMC,Karnataka,2,26,2023-06-12,1033.0317613089508,1008.0833754285901
tomato,112.0,Kolar APMC,Karnataka,2,26,2023-06-19,1167.7810341218333,1008.0833754285901
tomato,112.0,Kolar APMC,Karnataka,2,26,2023-06-26,1131.598895582329,1008.0833754285901
tomato,112.0,Kolar APMC,Karnataka,2,26,2023-07-03,1190.8273999508958,1008.0833754285901
tomato,112.0,Kolar APMC,Karnataka,2,26,2023-07-10,1048.8038277511957,1008.0833754285901
tomato,112.0,Kolar APMC,Karnataka,2,26,2023-07-17,1150.2829354553496,1008.0833754285901
tomato,112.0,Kolar APMC,Karnataka,2,26,2023-07-24,1218.3973735408558,1008.0833754285901
tomato,112.0,Kolar APMC,Karnataka,2,26,2023-07-31,1334.3157894736842,1008.0833754285901
tomato,112.0,Kolar APMC,Karnataka,2,26,2023-08-07,1157.5594693504115,1008.0833754285901
tomato,112.0,Kolar APMC,Karnataka,2,26,2023-08-14,809.351316634554,1008.0833754285901
tomato,112.0,Kolar APMC,Karnataka,2,26,2023-08-21,730.8553791887125,1008.0833754285901
tomato,112.0,Kolar APMC,Karnataka,2,26,2023-08-28,771.3987566607457,1008.0833754285901
tomato,112.0,Kolar APMC,Karnataka,2,26,2023-09-04,978.7054026503564,1008.0833754285901
tomato,112.0,Kolar APMC,Karnataka,2,26,2023-09-11,908.9498327759193,1008.0833754285901
tomato,112.0,Kolar APMC,Karnataka,2,26,2023-09-18,884.8828541001068,1008.0833754285901
tomato,112.0,Kolar APMC,Karnataka,2,26,2023-09-25,949.8299845440498,1008.0833754285901
tomato,112.0,Kolar APMC,Karnataka,2,26,2023-10-02,1202.1769662921347,992.1667360251664
tomato,112.0,Kolar APMC,Karnataka,2,26,2023-10-09,868.4125636672326,992.1667360251664
tomato,112.0,Kolar APMC,Karnataka,2,26,2023-10-16,798.1298229686792,992.1667360251664
tomato,112.0,Kolar APMC,Karnataka,2,26,2023-10-23,1152.8279014308423,992.1667360251664
tomato,112.0,Kolar APMC,Karnataka,2,26,2023-10-30,1049.2509810612519,992.1667360251664
tomato,112.0,Kolar APMC,Karnataka,2,26,2023-11-06,844.111487981124,1008.0833754285901
tomato,112.0,Kolar APMC,Karnataka,2,26,2023-11-13,919.5014126641186,1008.0833754285901
tomato,112.0,Kolar APMC,Karnataka,2,26,2023-11-20,1791.571562207671,1008.0833754285901
tomato,112.0,Kolar APMC,Karnataka,2,26,2023-11-27,1533.9246394789893,1008.0833754285901
tomato,112.0,Kolar APMC,Karnataka,2,26,2023-12-04,2052.9599876409707,1008.0833754285901
tomato,112.0,Kolar APMC,Karnataka,2,26,2023-12-11,2512.5605595359953,1008.0833754285901
tomato,112.0,Kolar APMC,Karnataka,2,26,2023-12-18,4449.299622557726,1008.0833754285901
tomato,112.0,Kolar APMC,Karnataka,2,26,2023-12-25,3019.643902439027,1008.0833754285901
tomato,112.0,Kolar APMC,Karnataka,3,1,2024-01-01,1048.8038277511957,756.5671711230148
tomato,112.0,Kolar APMC,Karnataka,3,1,2024-01-08,1150.2829354553496,747.0393828132464
tomato,112.0,Kolar APMC,Karnataka,3,1,2024-01-15,1218.3973735408558,762.6016546144034
tomato,112.0,Kolar APMC,Karnataka,3,1,2024-01-22,1334.3157894736842,738.2914602287657
tomato,112.0,Kolar APMC,Karnataka,3,1,2024-01-29,1157.5594693504115,744.8483280842245
tomato,112.0,Kolar APMC,Karnataka,3,1,2024-02-05,809.351316634554,777.4564082966635
tomato,112.0,Kolar APMC,Karnataka,3,1,2024-02-12,730.8553791887125,755.6496754638789
tomato,112.0,Kolar APMC,Karnataka,3,1,2024-02-19,771.3987566607457,600.2229508406665
tomato,112.0,Kolar APMC,Karnataka,3,1,2024-02-26,978.7054026503564,627.9900672794374
tomato,112.0,Kolar APMC,Karnataka,3,1,2024-03-04,908.9498327759193,711.3433797268835
tomato,112.0,Kolar APMC,Karnataka,3,1,2024-03-11,884.8828541001068,959.8778221275006
tomato,112.0,Kolar APMC,Karnataka,3,1,2024-03-18,949.8299845440498,872.880645343785
tomato,112.0,Kolar APMC,Karnataka,3,1,2024-03-25,1202.1769662921347,804.4822131941683
tomato,112.0,Kolar APMC,Karnataka,3,1,2024-04-01,868.4125636672326,1100.6021518610983
tomato,112.0,Kolar APMC,Karnataka,3,1,2024-04-08,798.1298229686792,1407.2328044682192
tomato,112.0,Kolar APMC,Karnataka,3,1,2024-04-15,1152.8279014308423,882.8940106561683
tomato,112.0,Kolar APMC,Karnataka,3,1,2024-04-22,1049.2509810612519,812.1725721808393
tomato,112.0,Kolar APMC,Karnataka,3,1,2024-04-29,844.111487981124,1301.0320544091562
tomato,112.0,Kolar APMC,Karnataka,3,1,2024-05-06,919.5014126641186,1496.8205137144691
tomato,112.0,Kolar APMC,Karnataka,3,1,2024-05-13,1791.571562207671,871.5391738284774
tomato,112.0,Kolar APMC,Karnataka,3,1,2024-05-20,1533.9246394789893,881.2187986811132
tomato,112.0,Kolar APMC,Karnataka,3,1,2024-05-27,2052.9599876409707,1670.6229643853274
tomato,112.0,Kolar APMC,Karnataka,3,1,2024-06-03,2512.5605595359953,2073.6267406290035
tomato,112.0,Kolar APMC,Karnataka,3,1,2024-06-10,4449.299622557726,2780.237845402952
tomato,112.0,Kolar APMC,Karnataka,3,1,2024-06-17,3019.643902439027,2707.7594037973518
tomato,112.0,Kolar APMC,Karnataka,3,1,2024-06-24,3169.722788661719,2212.61760825649
tomato,112.0,Kolar APMC,Karnataka,3,1,2024-07-01,3489.237332103534,2141.543886773146
tomato,112.0,Kolar APMC,Karnataka,3,1,2024-07-08,3804.9182645956057,1930.9075631490266
tomato,112.0,Kolar APMC,Karnataka,3,1,2024-07-15,2221.974078212291,1805.1871498415333
tomato,112.0,Kolar APMC,Karnataka,3,1,2024-07-22,1393.6475786342357,1748.6876363004903
tomato,112.0,Kolar APMC,Karnataka,3,1,2024-07-29,1378.3301793277465,1526.549520535351
tomato,112.0,Kolar APMC,Karnataka,3,1,2024-08-05,1256.0097311879756,1079.9425922026242
tomato,112.0,Kolar APMC,Karnataka,3,1,2024-08-12,1189.056643393354,1234.2366735790115
tomato,112.0,Kolar APMC,Karnataka,3,1,2024-08-19,1245.1964919327843,1191.785855961529
tomato,112.0,Kolar APMC,Karnataka,3,1,2024-08-26,1328.8947004076613,1251.8554632175592
tomato,112.0,Kolar APMC,Karnataka,3,1,2024-09-02,1318.3860589812332,1093.008139538428
tomato,112.0,Kolar APMC,Karnataka,3,1,2024-09-09,1825.8645276292334,1150.3593537788179
tomato,112.0,Kolar APMC,Karnataka,3,1,2024-09-16,1953.9348264515452,1186.544558593562
tomato,112.0,Kolar APMC,Karnataka,3,1,2024-09-23,2708.721494420185,1419.8308418342808
tomato,112.0,Kolar APMC,Karnataka,3,1,2024-09-30,2244.9999999999995,1507.218241563447
tomato,112.0,Kolar APMC,Karnataka,3,1,2024-10-07,2067.3406893131664,1997.1852103150495
tomato,112.0,Kolar APMC,Karnataka,3,1,2024-10-14,1957.4588684852986,2003.2303642398647
tomato,112.0,Kolar APMC,Karnataka,3,1,2024-10-21,1385.1542231190551,1583.5573645138768
tomato,112.0,Kolar APMC,Karnataka,3,1,2024-10-28,1304.4167228590695,1372.0635452092945
tomato,112.0,Kolar APMC,Karnataka,3,1,2024-11-04,1505.0305182554653,1125.7469154113548
tomato,112.0,Kolar APMC,Karnataka,3,1,2024-11-11,1482.8505747126433,1132.28008834235
tomato,112.0,Kolar APMC,Karnataka,3,1,2024-11-18,1867.8094084393292,929.169010023395
tomato,112.0,Kolar APMC,Karnataka,3,1,2024-11-25,1960.706401766005,994.045187812369
tomato,112.0,Kolar APMC,Karnataka,3,1,2024-12-02,1148.7579865980993,1204.0169341030603
tomato,112.0,Kolar APMC,Karnataka,3,1,2024-12-09,990.5645161290321,1154.7491841235485
tomato,112.0,Kolar APMC,Karnataka,3,1,2024-12-16,937.5382215288613,841.9815072000058
tomato,112.0,Kolar APMC,Karnataka,3,1,2024-12-23,603.0124173520398,844.2849824355803
tomato,112.0,Kolar APMC,Karnataka,3,1,2024-12-30,641.5189309576839,832.2993290330822
tomato,112.0,Kolar APMC,Karnataka,3,4,2024-01-01,1334.3157894736842,698.2309412217171
tomato,112.0,Kolar APMC,Karnataka,3,4,2024-01-08,1157.5594693504115,722.0487706164547
tomato,112.0,Kolar APMC,Karnataka,3,4,2024-01-15,809.351316634554,697.6053593238282
tomato,112.0,Kolar APMC,Karnataka,3,4,2024-01-22,730.8553791887125,669.335418279666
tomato,112.0,Kolar APMC,Karnataka,3,4,2024-01-29,771.3987566607457,662.9174751237858
tomato,112.0,Kolar APMC,Karnataka,3,4,2024-02-05,978.7054026503564,618.8981130154658
tomato,112.0,Kolar APMC,Karnataka,3,4,2024-02-12,908.9498327759193,620.8304648098982
tomato,112.0,Kolar APMC,Karnataka,3,4,2024-02-19,884.8828541001068,587.6741717280737
tomato,112.0,Kolar APMC,Karnataka,3,4,2024-02-26,949.8299845440498,600.2842951785085
tomato,112.0,Kolar APMC,Karnataka,3,4,2024-03-04,1202.1769662921347,652.1179267378612
tomato,112.0,Kolar APMC,Karnataka,3,4,2024-03-11,868.4125636672326,825.2656719519235
tomato,112.0,Kolar APMC,Karnataka,3,4,2024-03-18,798.1298229686792,835.3479838583245
tomato,112.0,Kolar APMC,Karnataka,3,4,2024-03-25,1152.8279014308423,843.1061088010705
tomato,112.0,Kolar APMC,Karnataka,3,4,2024-04-01,1049.2509810612519,956.3267184943968
tomato,112.0,Kolar APMC,Karnataka,3,4,2024-04-08,844.111487981124,1140.6161094274044
tomato,112.0,Kolar APMC,Karnataka,3,4,2024-04-15,919.5014126641186,1397.2945150841233
tomato,112.0,Kolar APMC,Karnataka,3,4,2024-04-22,1791.571562207671,1621.709593472564
tomato,112.0,Kolar APMC,Karnataka,3,4,2024-04-29,1533.9246394789893,1628.2003786170937
tomato,112.0,Kolar APMC,Karnataka,3,4,2024-05-06,2052.9599876409707,1710.1333386201713
tomato,112.0,Kolar APMC,Karnataka,3,4,2024-05-13,2512.5605595359953,1725.5338400171088
tomato,112.0,Kolar APMC,Karnataka,3,4,2024-05-20,4449.299622557726,1705.895583833289
tomato,112.0,Kolar APMC,Karnataka,3,4,2024-05-27,3019.643902439027,1533.7875258369872
tomato,112.0,Kolar APMC,Karnataka,3,4,2024-06-03,3169.722788661719,1336.8612042471393
tomato,112.0,Kolar APMC,Karnataka,3,4,2024-06-10,3489.237332103534,1553.7758814900255
tomato,112.0,Kolar APMC,Karnataka,3,4,2024-06-17,3804.9182645956057,1456.6150330194343
tomato,112.0,Kolar APMC,Karnataka,3,4,2024-06-24,2221.974078212291,1181.1950472461242
tomato,112.0,Kolar APMC,Karnataka,3,4,2024-07-01,1393.6475786342357,1045.3451817136117
tomato,112.0,Kolar APMC,Karnataka,3,4,2024-07-08,1378.3301793277465,1017.5382074350351
tomato,112.0,Kolar APMC,Karnataka,3,4,2024-07-15,1256.0097311879756,925.7240800834279
tomato,112.0,Kolar APMC,Karnataka,3,4,2024-07-22,1189.056643393354,978.6978404625645
tomato,112.0,Kolar APMC,Karnataka,3,4,2024-07-29,1245.1964919327843,857.0941707071546
tomato,112.0,Kolar APMC,Karnataka,3,4,2024-08-05,1328.8947004076613,966.3610354830038
tomato,112.0,Kolar APMC,Karnataka,3,4,2024-08-12,1318.3860589812332,1164.489351222458
tomato,112.0,Kolar APMC,Karnataka,3,4,2024-08-19,1825.8645276292334,1057.2779273284953
tomato,112.0,Kolar APMC,Karnataka,3,4,2024-08-26,1953.9348264515452,1100.2808999594845
tomato,112.0,Kolar APMC,Karnataka,3,4,2024-09-02,2708.721494420185,941.5853106486004
tomato,112.0,Kolar APMC,Karnataka,3,4,2024-09-09,2244.9999999999995,1007.5350849019954
tomato,112.0,Kolar APMC,Karnataka,3,4,2024-09-16,2067.3406893131664,1018.121999000037
tomato,112.0,Kolar APMC,Karnataka,3,4,2024-09-23,1957.4588684852986,940.006366723642
tomato,112.0,Kolar APMC,Karnataka,3,4,2024-09-30,1385.1542231190551,1009.9872220244529
tomato,112.0,Kolar APMC,Karnataka,3,4,2024-10-07,1304.4167228590695,1358.9976264853467
tomato,112.0,Kolar APMC,Karnataka,3,4,2024-10-14,1505.0305182554653,1241.2793014802812
tomato,112.0,Kolar APMC,Karnataka,3,4,2024-10-21,1482.8505747126433,904.4730013189215
tomato,112.0,Kolar APMC,Karnataka,3,4,2024-10-28,1867.8094084393292,847.5946423845643
tomato,112.0,Kolar APMC,Karnataka,3,4,2024-11-04,1960.706401766005,950.12708471771
tomato,112.0,Kolar APMC,Karnataka,3,4,2024-11-11,1148.7579865980993,888.2370696927056
tomato,112.0,Kolar APMC,Karnataka,3,4,2024-11-18,990.5645161290321,822.8191112213487
tomato,112.0,Kolar APMC,Karnataka,3,4,2024-11-25,937.5382215288613,809.727154019492
tomato,112.0,Kolar APMC,Karnataka,3,4,2024-12-02,603.0124173520398,863.353125459573
tomato,112.0,Kolar APMC,Karnataka,3,4,2024-12-09,641.5189309576839,825.9594335140217
tomato,112.0,Kolar APMC,Karnataka,3,4,2024-12-16,597.3052150425929,750.8413782115816
tomato,112.0,Kolar APMC,Karnataka,3,4,2024-12-23,651.8072289156627,817.9852770894996
tomato,112.0,Kolar APMC,Karnataka,3,4,2024-12-30,798.7204968944097,803.5477288401532
tomato,112.0,Kolar APMC,Karnataka,3,13,2024-01-01,1202.1769662921347,664.2048859360037
tomato,112.0,Kolar APMC,Karnataka,3,13,2024-01-08,868.4125636672326,622.5374470611656
tomato,112.0,Kolar APMC,Karnataka,3,13,2024-01-15,798.1298229686792,695.4655807522873
tomato,112.0,Kolar APMC,Karnataka,3,13,2024-01-22,1152.8279014308423,780.9813727142728
tomato,112.0,Kolar APMC,Karnataka,3,13,2024-01-29,1049.2509810612519,933.8370410507674
tomato,112.0,Kolar APMC,Karnataka,3,13,2024-02-05,844.111487981124,1109.4226020672313
tomato,112.0,Kolar APMC,Karnataka,3,13,2024-02-12,919.5014126641186,1415.2833917301396
tomato,112.0,Kolar APMC,Karnataka,3,13,2024-02-19,1791.571562207671,1539.3908502481238
tomato,112.0,Kolar APMC,Karnataka,3,13,2024-02-26,1533.9246394789893,1732.630853168425
tomato,112.0,Kolar APMC,Karnataka,3,13,2024-03-04,2052.9599876409707,1445.6124146356851
tomato,112.0,Kolar APMC,Karnataka,3,13,2024-03-11,2512.5605595359953,1479.2006475803478
tomato,112.0,Kolar APMC,Karnataka,3,13,2024-03-18,4449.299622557726,1049.8893126201965
tomato,112.0,Kolar APMC,Karnataka,3,13,2024-03-25,3019.643902439027,931.9374185093869
tomato,112.0,Kolar APMC,Karnataka,3,13,2024-04-01,3169.722788661719,999.9719971379011
tomato,112.0,Kolar APMC,Karnataka,3,13,2024-04-08,3489.237332103534,815.9744220133366
tomato,112.0,Kolar APMC,Karnataka,3,13,2024-04-15,3804.9182645956057,856.3318676805151
tomato,112.0,Kolar APMC,Karnataka,3,13,2024-04-22,2221.974078212291,921.0171777269757
tomato,112.0,Kolar APMC,Karnataka,3,13,2024-04-29,1393.6475786342357,895.1238822338166
tomato,112.0,Kolar APMC,Karnataka,3,13,2024-05-06,1378.3301793277465,693.9920493937459
tomato,112.0,Kolar APMC,Karnataka,3,13,2024-05-13,1256.0097311879756,759.6123975966989
tomato,112.0,Kolar APMC,Karnataka,3,13,2024-05-20,1189.056643393354,752.7443828660532
tomato,112.0,Kolar APMC,Karnataka,3,13,2024-05-27,1245.1964919327843,886.7505732730851
tomato,112.0,Kolar APMC,Karnataka,3,13,2024-06-03,1328.8947004076613,678.3686441128289
tomato,112.0,Kolar APMC,Karnataka,3,13,2024-06-10,1318.3860589812332,654.8851258950997
tomato,112.0,Kolar APMC,Karnataka,3,13,2024-06-17,1825.8645276292334,848.1459632603214
tomato,112.0,Kolar APMC,Karnataka,3,13,2024-06-24,1953.9348264515452,948.1384120171365
tomato,112.0,Kolar APMC,Karnataka,3,13,2024-07-01,2708.721494420185,922.5123430566026
tomato,112.0,Kolar APMC,Karnataka,3,13,2024-07-08,2244.9999999999995,999.8965591031775
tomato,112.0,Kolar APMC,Karnataka,3,13,2024-07-15,2067.3406893131664,1220.7488274463385
tomato,112.0,Kolar APMC,Karnataka,3,13,2024-07-22,1957.4588684852986,999.4382564855566
tomato,112.0,Kolar APMC,Karnataka,3,13,2024-07-29,1385.1542231190551,1037.8853244177133
tomato,112.0,Kolar APMC,Karnataka,3,13,2024-08-05,1304.4167228590695,1002.6436755795041
tomato,112.0,Kolar APMC,Karnataka,3,13,2024-08-12,1505.0305182554653,1124.3460199014794
tomato,112.0,Kolar APMC,Karnataka,3,13,2024-08-19,1482.8505747126433,1103.464414485981
tomato,112.0,Kolar APMC,Karnataka,3,13,2024-08-26,1867.8094084393292,977.4004188858073
tomato,112.0,Kolar APMC,Karnataka,3,13,2024-09-02,1960.706401766005,888.6735634355924
tomato,112.0,Kolar APMC,Karnataka,3,13,2024-09-09,1148.7579865980993,870.2342493054547
tomato,112.0,Kolar APMC,Karnataka,3,13,2024-09-16,990.5645161290321,792.2319089294293
tomato,112.0,Kolar APMC,Karnataka,3,13,2024-09-23,937.5382215288613,758.5687980008472
tomato,112.0,Kolar APMC,Karnataka,3,13,2024-09-30,603.0124173520398,791.5244251141864
tomato,112.0,Kolar APMC,Karnataka,3,13,2024-10-07,641.5189309576839,887.1757946086936
tomato,112.0,Kolar APMC,Karnataka,3,13,2024-10-14,597.3052150425929,758.2325456594787
tomato,112.0,Kolar APMC,Karnataka,3,13,2024-10-21,651.8072289156627,744.6346904265819
tomato,112.0,Kolar APMC,Karnataka,3,13,2024-10-28,798.7204968944097,674.3326454675713
tomato,112.0,Kolar APMC,Karnataka,3,13,2024-11-04,808.6895640686926,698.4130001390305
tomato,112.0,Kolar APMC,Karnataka,3,13,2024-11-11,682.1969696969697,705.3086375400551
tomato,112.0,Kolar APMC,Karnataka,3,13,2024-11-18,610.1419158641662,557.5828441264617
tomato,112.0,Kolar APMC,Karnataka,3,13,2024-11-25,622.767295597484,596.4010770038101
tomato,112.0,Kolar APMC,Karnataka,3,13,2024-12-02,591.6271320237079,538.0346406462492
tomato,112.0,Kolar APMC,Karnataka,3,13,2024-12-09,560.4869684499312,598.895714350392
tomato,112.0,Kolar APMC,Karnataka,3,13,2024-12-16,528.9233954451347,635.3036041153177
tomato,112.0,Kolar APMC,Karnataka,3,13,2024-12-23,533.4538586076635,500.85469834611655
tomato,112.0,Kolar APMC,Karnataka,3,13,2024-12-30,579.1190552186401,485.06963119280505
tomato,112.0,Kolar APMC,Karnataka,3,26,2024-01-01,3169.722788661719,1091.987828602768
tomato,112.0,Kolar APMC,Karnataka,3,26,2024-01-08,3489.237332103534,962.6426416738195
tomato,112.0,Kolar APMC,Karnataka,3,26,2024-01-15,3804.9182645956057,957.9286255442352
tomato,112.0,Kolar APMC,Karnataka,3,26,2024-01-22,2221.974078212291,912.9439418682638
tomato,112.0,Kolar APMC,Karnataka,3,26,2024-01-29,1393.6475786342357,958.6989965438818
tomato,112.0,Kolar APMC,Karnataka,3,26,2024-02-05,1378.3301793277465,977.6884730354074
tomato,112.0,Kolar APMC,Karnataka,3,26,2024-02-12,1256.0097311879756,985.243134875589
tomato,112.0,Kolar APMC,Karnataka,3,26,2024-02-19,1189.056643393354,1031.5021426112874
tomato,112.0,Kolar APMC,Karnataka,3,26,2024-02-26,1245.1964919327843,1060.8824923408467
tomato,112.0,Kolar APMC,Karnataka,3,26,2024-03-04,1328.8947004076613,1124.794286624261
tomato,112.0,Kolar APMC,Karnataka,3,26,2024-03-11,1318.3860589812332,1214.8739763040908
tomato,112.0,Kolar APMC,Karnataka,3,26,2024-03-18,1825.8645276292334,1248.9137462253666
tomato,112.0,Kolar APMC,Karnataka,3,26,2024-03-25,1953.9348264515452,1225.2254142645054
tomato,112.0,Kolar APMC,Karnataka,3,26,2024-04-01,2708.721494420185,1138.6881490783562
tomato,112.0,Kolar APMC,Karnataka,3,26,2024-04-08,2244.9999999999995,1236.4703965737456
tomato,112.0,Kolar APMC,Karnataka,3,26,2024-04-15,2067.3406893131664,1167.1978669194327
tomato,112.0,Kolar APMC,Karnataka,3,26,2024-04-22,1957.4588684852986,1144.485877891599
tomato,112.0,Kolar APMC,Karnataka,3,26,2024-04-29,1385.1542231190551,1148.2655367959858
tomato,112.0,Kolar APMC,Karnataka,3,26,2024-05-06,1304.4167228590695,1116.9172221837782
tomato,112.0,Kolar APMC,Karnataka,3,26,2024-05-13,1505.0305182554653,1226.3904144857843
tomato,112.0,Kolar APMC,Karnataka,3,26,2024-05-20,1482.8505747126433,1195.4600843940705
tomato,112.0,Kolar APMC,Karnataka,3,26,2024-05-27,1867.8094084393292,1179.1117475904318
tomato,112.0,Kolar APMC,Karnataka,3,26,2024-06-03,1960.706401766005,1090.9781069904889
tomato,112.0,Kolar APMC,Karnataka,3,26,2024-06-10,1148.7579865980993,1069.631658973246
tomato,112.0,Kolar APMC,Karnataka,3,26,2024-06-17,990.5645161290321,1071.7670857810992
tomato,112.0,Kolar APMC,Karnataka,3,26,2024-06-24,937.5382215288613,991.3493620257423
tomato,112.0,Kolar APMC,Karnataka,3,26,2024-07-01,603.0124173520398,781.2577082593837
tomato,112.0,Kolar APMC,Karnataka,3,26,2024-07-08,641.5189309576839,809.4241994772337
tomato,112.0,Kolar APMC,Karnataka,3,26,2024-07-15,597.3052150425929,810.8656766877498
tomato,112.0,Kolar APMC,Karnataka,3,26,2024-07-22,651.8072289156627,823.2310247200945
tomato,112.0,Kolar APMC,Karnataka,3,26,2024-07-29,798.7204968944097,784.8673520098034
tomato,112.0,Kolar APMC,Karnataka,3,26,2024-08-05,808.6895640686926,972.9703664228321
tomato,112.0,Kolar APMC,Karnataka,3,26,2024-08-12,682.1969696969697,1056.8411163181813
tomato,112.0,Kolar APMC,Karnataka,3,26,2024-08-19,610.1419158641662,1019.6797751972791
tomato,112.0,Kolar APMC,Karnataka,3,26,2024-08-26,622.767295597484,1093.6607877459696
tomato,112.0,Kolar APMC,Karnataka,3,26,2024-09-02,591.6271320237079,966.7028824490415
tomato,112.0,Kolar APMC,Karnataka,3,26,2024-09-09,560.4869684499312,963.9264694247199
tomato,112.0,Kolar APMC,Karnataka,3,26,2024-09-16,528.9233954451347,920.9633009531913
tomato,112.0,Kolar APMC,Karnataka,3,26,2024-09-23,533.4538586076635,894.5541016452795
tomato,112.0,Kolar APMC,Karnataka,3,26,2024-09-30,579.1190552186401,823.0239215995558
tomato,112.0,Kolar APMC,Karnataka,3,26,2024-10-07,658.6842105263155,1000.0067286474113
tomato,112.0,Kolar APMC,Karnataka,3,26,2024-10-14,541.4911706998038,1051.4866191520293
tomato,112.0,Kolar APMC,Karnataka,3,26,2024-10-21,489.5231416549791,957.4376876817839
tomato,112.0,Kolar APMC,Karnataka,3,26,2024-10-28,530.0,989.1717043352643
tomato,112.0,Kolar APMC,Karnataka,3,26,2024-11-04,529.1302743264853,963.3822028106679
tomato,112.0,Kolar APMC,Karnataka,3,26,2024-11-11,535.6234161175875,916.7579253405518
tomato,112.0,Kolar APMC,Karnataka,3,26,2024-11-18,644.8562482208936,1043.731473896488
tomato,112.0,Kolar APMC,Karnataka,3,26,2024-11-25,543.7095510021273,1050.7430664681738
tomato,112.0,Kolar APMC,Karnataka,3,26,2024-12-02,1151.0668321682886,1071.857202955945
tomato,112.0,Kolar APMC,Karnataka,3,26,2024-12-09,1215.4317578332448,1071.857202955945
tomato,112.0,Kolar APMC,Karnataka,3,26,2024-12-16,1292.57484514797,1197.5373647935721
tomato,112.0,Kolar APMC,Karnataka,3,26,2024-12-23,1495.6349140436835,1236.2491926279404
tomato,112.0,Kolar APMC,Karnataka,3,26,2024-12-30,1663.1703508916094,1357.3644760311831
tomato,112.0,Kolar APMC,Karnataka,4,1,2025-01-06,597.3052150425929,657.1557003039633
tomato,112.0,Kolar APMC,Karnataka,4,1,2025-01-13,651.8072289156627,645.1398959515631
tomato,112.0,Kolar APMC,Karnataka,4,1,2025-01-20,798.7204968944097,671.1227886412545
tomato,112.0,Kolar APMC,Karnataka,4,1,2025-01-27,808.6895640686926,635.3450587971591
tomato,112.0,Kolar APMC,Karnataka,4,1,2025-02-03,682.1969696969697,961.7811559587727
tomato,112.0,Kolar APMC,Karnataka,4,1,2025-02-10,610.1419158641662,1074.236083923231
tomato,112.0,Kolar APMC,Karnataka,4,1,2025-02-17,622.767295597484,953.5715653804842
tomato,112.0,Kolar APMC,Karnataka,4,1,2025-02-24,591.6271320237079,804.9315967444336
tomato,112.0,Kolar APMC,Karnataka,4,1,2025-03-03,560.4869684499312,719.7512676853842
tomato,112.0,Kolar APMC,Karnataka,4,1,2025-03-10,528.9233954451347,783.3292148840053
tomato,112.0,Kolar APMC,Karnataka,4,1,2025-03-17,533.4538586076635,680.0807704523645
tomato,112.0,Kolar APMC,Karnataka,4,1,2025-03-24,579.1190552186401,652.103015960422
tomato,112.0,Kolar APMC,Karnataka,4,1,2025-03-31,658.6842105263155,636.3076726975053
tomato,112.0,Kolar APMC,Karnataka,4,1,2025-04-07,541.4911706998038,657.1472165277966
tomato,112.0,Kolar APMC,Karnataka,4,1,2025-04-14,489.5231416549791,802.6362014717688
tomato,112.0,Kolar APMC,Karnataka,4,1,2025-04-21,530.0,618.5891267031137
tomato,112.0,Kolar APMC,Karnataka,4,1,2025-04-28,529.1302743264853,650.4763015990148
tomato,112.0,Kolar APMC,Karnataka,4,1,2025-05-05,535.6234161175875,673.0337274581534
tomato,112.0,Kolar APMC,Karnataka,4,1,2025-05-12,644.8562482208936,664.2528601746933
tomato,112.0,Kolar APMC,Karnataka,4,1,2025-05-19,543.7095510021273,710.1641054915871
tomato,112.0,Kolar APMC,Karnataka,4,1,2025-05-26,1151.0668321682886,785.8276567722932
tomato,112.0,Kolar APMC,Karnataka,4,1,2025-06-02,1215.4317578332448,755.691265356297
tomato,112.0,Kolar APMC,Karnataka,4,1,2025-06-09,1292.57484514797,1063.309615704711
tomato,112.0,Kolar APMC,Karnataka,4,1,2025-06-16,1495.6349140436835,1141.4223360213564
tomato,112.0,Kolar APMC,Karnataka,4,1,2025-06-23,1663.1703508916094,1231.5970595069325
tomato,112.0,Kolar APMC,Karnataka,4,1,2025-06-30,1585.502910937693,1499.0994620722288
tomato,112.0,Kolar APMC,Karnataka,4,1,2025-07-07,1565.237352737353,1728.8512868633807
tomato,112.0,Kolar APMC,Karnataka,4,1,2025-07-14,2221.4461538461537,1626.6883481796863
tomato,112.0,Kolar APMC,Karnataka,4,1,2025-07-21,2068.7140556705767,1583.6144231174055
tomato,112.0,Kolar APMC,Karnataka,4,1,2025-07-28,2146.9867416633183,2052.7063019175894
tomato,112.0,Kolar APMC,Karnataka,4,1,2025-08-04,2148.6368409997895,2106.034198840141
tomato,112.0,Kolar APMC,Karnataka,4,1,2025-08-11,1929.6266559614598,2025.3139221462336
tomato,112.0,Kolar APMC,Karnataka,4,1,2025-08-18,1464.6287015945331,1974.0224407683727
tomato,112.0,Kolar APMC,Karnataka,4,1,2025-08-25,1335.1085058618105,1752.819875812986
tomato,112.0,Kolar APMC,Karnataka,4,1,2025-09-01,1026.77487575341,1264.3587713837755
tomato,112.0,Kolar APMC,Karnataka,4,1,2025-09-08,1073.3854827807909,1110.982789672464
tomato,112.0,Kolar APMC,Karnataka,4,1,2025-09-15,1246.8096590242421,1131.3331668360192
tomato,112.0,Kolar APMC,Karnataka,4,1,2025-09-22,1180.0478640660524,1173.6130889231476
tomato,112.0,Kolar APMC,Karnataka,4,1,2025-09-29,1399.9999999999993,1124.0093999857681
tomato,112.0,Kolar APMC,Karnataka,4,1,2025-10-06,1246.0894893125105,968.4285184811247
tomato,112.0,Kolar APMC,Karnataka,4,1,2025-10-13,1357.7880385781807,1106.1820298243065
tomato,112.0,Kolar APMC,Karnataka,4,1,2025-10-20,1339.0066269948604,1062.852235239454
tomato,112.0,Kolar APMC,Karnataka,4,1,2025-10-27,1302.4937207250023,1179.3693540302245
tomato,112.0,Kolar APMC,Karnataka,4,1,2025-11-03,1930.0000000000002,1370.2174267716932
tomato,112.0,Kolar APMC,Karnataka,4,1,2025-11-10,1952.6064650768453,1374.0000428382673
tomato,112.0,Kolar APMC,Karnataka,4,1,2025-11-17,1841.3032325384236,1817.507695441563
tomato,112.0,Kolar APMC,Karnataka,4,1,2025-11-24,1729.9999999999993,2074.387947609058
tomato,112.0,Kolar APMC,Karnataka,4,1,2025-12-01,1894.8955995892438,1546.5797732305928
tomato,112.0,Kolar APMC,Karnataka,4,1,2025-12-08,2059.7911991784895,1278.5200838065011
tomato,112.0,Kolar APMC,Karnataka,4,1,2025-12-15,2330.0000000000005,1496.7998442362828
tomato,112.0,Kolar APMC,Karnataka,4,1,2025-12-22,2157.519698526892,1661.1205982354422
tomato,112.0,Kolar APMC,Karnataka,4,1,2025-12-29,1399.9999999999993,1514.8339707439657
tomato,112.0,Kolar APMC,Karnataka,4,4,2025-01-06,808.6895640686926,962.7759863278642
tomato,112.0,Kolar APMC,Karnataka,4,4,2025-01-13,682.1969696969697,901.831546201266
tomato,112.0,Kolar APMC,Karnataka,4,4,2025-01-20,610.1419158641662,967.9841033930568
tomato,112.0,Kolar APMC,Karnataka,4,4,2025-01-27,622.767295597484,977.0092698505223
tomato,112.0,Kolar APMC,Karnataka,4,4,2025-02-03,591.6271320237079,1082.8669752873345
tomato,112.0,Kolar APMC,Karnataka,4,4,2025-02-10,560.4869684499312,1112.7941585105002
tomato,112.0,Kolar APMC,Karnataka,4,4,2025-02-17,528.9233954451347,1046.1257184105787
tomato,112.0,Kolar APMC,Karnataka,4,4,2025-02-24,533.4538586076635,1188.4689924408958
tomato,112.0,Kolar APMC,Karnataka,4,4,2025-03-03,579.1190552186401,1046.6875311302874
tomato,112.0,Kolar APMC,Karnataka,4,4,2025-03-10,658.6842105263155,1023.6740236807989
tomato,112.0,Kolar APMC,Karnataka,4,4,2025-03-17,541.4911706998038,1004.7797075294527
tomato,112.0,Kolar APMC,Karnataka,4,4,2025-03-24,489.5231416549791,1007.9458725339988
tomato,112.0,Kolar APMC,Karnataka,4,4,2025-03-31,530.0,1007.9458725339988
tomato,112.0,Kolar APMC,Karnataka,4,4,2025-04-07,529.1302743264853,880.8133532192955
tomato,112.0,Kolar APMC,Karnataka,4,4,2025-04-14,535.6234161175875,920.3770826300963
tomato,112.0,Kolar APMC,Karnataka,4,4,2025-04-21,644.8562482208936,884.671505144132
tomato,112.0,Kolar APMC,Karnataka,4,4,2025-04-28,543.7095510021273,895.9019191535422
tomato,112.0,Kolar APMC,Karnataka,4,4,2025-05-05,1151.0668321682886,1079.3260559363175
tomato,112.0,Kolar APMC,Karnataka,4,4,2025-05-12,1215.4317578332448,1103.949905873306
tomato,112.0,Kolar APMC,Karnataka,4,4,2025-05-19,1292.57484514797,1120.3437362002412
tomato,112.0,Kolar APMC,Karnataka,4,4,2025-05-26,1495.6349140436835,1159.5808390763282
tomato,112.0,Kolar APMC,Karnataka,4,4,2025-06-02,1663.1703508916094,1135.6429217682796
tomato,112.0,Kolar APMC,Karnataka,4,4,2025-06-09,1585.502910937693,1254.6337974481403
tomato,112.0,Kolar APMC,Karnataka,4,4,2025-06-16,1565.237352737353,1318.2669855127815
tomato,112.0,Kolar APMC,Karnataka,4,4,2025-06-23,2221.4461538461537,1418.9868592511102
tomato,112.0,Kolar APMC,Karnataka,4,4,2025-06-30,2068.7140556705767,1452.946355189476
tomato,112.0,Kolar APMC,Karnataka,4,4,2025-07-07,2146.9867416633183,1559.0385576380581
tomato,112.0,Kolar APMC,Karnataka,4,4,2025-07-14,2148.6368409997895,1542.2287148224311
tomato,112.0,Kolar APMC,Karnataka,4,4,2025-07-21,1929.6266559614598,1592.7883042720646
tomato,112.0,Kolar APMC,Karnataka,4,4,2025-07-28,1464.6287015945331,1237.7457730846118
tomato,112.0,Kolar APMC,Karnataka,4,4,2025-08-04,1335.1085058618105,1255.5536997086044
tomato,112.0,Kolar APMC,Karnataka,4,4,2025-08-11,1026.77487575341,1173.9358213932712
tomato,112.0,Kolar APMC,Karnataka,4,4,2025-08-18,1073.3854827807909,1084.9918037738144
tomato,112.0,Kolar APMC,Karnataka,4,4,2025-08-25,1246.8096590242421,1042.5550044831618
tomato,112.0,Kolar APMC,Karnataka,4,4,2025-09-01,1180.0478640660524,937.5349791633231
tomato,112.0,Kolar APMC,Karnataka,4,4,2025-09-08,1399.9999999999993,977.3709783972087
tomato,112.0,Kolar APMC,Karnataka,4,4,2025-09-15,1246.0894893125105,975.0595191591666
tomato,112.0,Kolar APMC,Karnataka,4,4,2025-09-22,1357.7880385781807,958.8117896952475
tomato,112.0,Kolar APMC,Karnataka,4,4,2025-09-29,1339.0066269948604,914.7487005486771
tomato,112.0,Kolar APMC,Karnataka,4,4,2025-10-06,1302.4937207250023,927.4149010245953
tomato,112.0,Kolar APMC,Karnataka,4,4,2025-10-13,1930.0000000000002,909.6724944648336
tomato,112.0,Kolar APMC,Karnataka,4,4,2025-10-20,1952.6064650768453,897.3113048105329
tomato,112.0,Kolar APMC,Karnataka,4,4,2025-10-27,1841.3032325384236,905.1444092199666
tomato,112.0,Kolar APMC,Karnataka,4,4,2025-11-03,1729.9999999999993,993.7965616208277
tomato,112.0,Kolar APMC,Karnataka,4,4,2025-11-10,1894.8955995892438,1018.865423067724
tomato,112.0,Kolar APMC,Karnataka,4,4,2025-11-17,2059.7911991784895,1003.8001319150193
tomato,112.0,Kolar APMC,Karnataka,4,4,2025-11-24,2330.0000000000005,1079.0846929524175
tomato,112.0,Kolar APMC,Karnataka,4,4,2025-12-01,2157.519698526892,960.4874881903522
tomato,112.0,Kolar APMC,Karnataka,4,4,2025-12-08,1399.9999999999993,952.6051154555565
tomato,112.0,Kolar APMC,Karnataka,4,4,2025-12-15,1330.0000000000005,980.757912581594
tomato,112.0,Kolar APMC,Karnataka,4,4,2025-12-22,1200.0,953.3701294804958
tomato,112.0,Kolar APMC,Karnataka,4,4,2025-12-29,860.6891659371508,853.6009440596116
tomato,112.0,Kolar APMC,Karnataka,4,13,2025-01-06,658.6842105263155,601.3692258928495
tomato,112.0,Kolar APMC,Karnataka,4,13,2025-01-13,541.4911706998038,618.4171540751795
tomato,112.0,Kolar APMC,Karnataka,4,13,2025-01-20,489.5231416549791,726.8868771974822
tomato,112.0,Kolar APMC,Karnataka,4,13,2025-01-27,530.0,688.8730216961918
tomato,112.0,Kolar APMC,Karnataka,4,13,2025-02-03,529.1302743264853,540.7289390617024
tomato,112.0,Kolar APMC,Karnataka,4,13,2025-02-10,535.6234161175875,540.6771965043994
tomato,112.0,Kolar APMC,Karnataka,4,13,2025-02-17,644.8562482208936,542.1545985330076
tomato,112.0,Kolar APMC,Karnataka,4,13,2025-02-24,543.7095510021273,599.7494744446028
tomato,112.0,Kolar APMC,Karnataka,4,13,2025-03-03,1151.0668321682886,637.8328229694794
tomato,112.0,Kolar APMC,Karnataka,4,13,2025-03-10,1215.4317578332448,694.6625648172736
tomato,112.0,Kolar APMC,Karnataka,4,13,2025-03-17,1292.57484514797,719.8005677149847
tomato,112.0,Kolar APMC,Karnataka,4,13,2025-03-24,1495.6349140436835,726.0393851292012
tomato,112.0,Kolar APMC,Karnataka,4,13,2025-03-31,1663.1703508916094,722.7172478838521
tomato,112.0,Kolar APMC,Karnataka,4,13,2025-04-07,1585.502910937693,997.2248956534024
tomato,112.0,Kolar APMC,Karnataka,4,13,2025-04-14,1565.237352737353,941.2039104734321
tomato,112.0,Kolar APMC,Karnataka,4,13,2025-04-21,2221.4461538461537,913.4161784590007
tomato,112.0,Kolar APMC,Karnataka,4,13,2025-04-28,2068.7140556705767,918.9213715122922
tomato,112.0,Kolar APMC,Karnataka,4,13,2025-05-05,2146.9867416633183,1022.4484518792007
tomato,112.0,Kolar APMC,Karnataka,4,13,2025-05-12,2148.6368409997895,994.4739550289801
tomato,112.0,Kolar APMC,Karnataka,4,13,2025-05-19,1929.6266559614598,1002.4142896348048
tomato,112.0,Kolar APMC,Karnataka,4,13,2025-05-26,1464.6287015945331,991.672242623794
tomato,112.0,Kolar APMC,Karnataka,4,13,2025-06-02,1335.1085058618105,991.7561142277151
tomato,112.0,Kolar APMC,Karnataka,4,13,2025-06-09,1026.77487575341,865.6687743073305
tomato,112.0,Kolar APMC,Karnataka,4,13,2025-06-16,1073.3854827807909,803.6759633157121
tomato,112.0,Kolar APMC,Karnataka,4,13,2025-06-23,1246.8096590242421,832.9157193671015
tomato,112.0,Kolar APMC,Karnataka,4,13,2025-06-30,1180.0478640660524,834.150519245021
tomato,112.0,Kolar APMC,Karnataka,4,13,2025-07-07,1399.9999999999993,855.1773002508043
tomato,112.0,Kolar APMC,Karnataka,4,13,2025-07-14,1246.0894893125105,843.4321876477893
tomato,112.0,Kolar APMC,Karnataka,4,13,2025-07-21,1357.7880385781807,845.0516022051781
tomato,112.0,Kolar APMC,Karnataka,4,13,2025-07-28,1339.0066269948604,813.7199556892513
tomato,112.0,Kolar APMC,Karnataka,4,13,2025-08-04,1302.4937207250023,829.2130068919655
tomato,112.0,Kolar APMC,Karnataka,4,13,2025-08-11,1930.0000000000002,838.1018665144816
tomato,112.0,Kolar APMC,Karnataka,4,13,2025-08-18,1952.6064650768453,864.3503914448816
tomato,112.0,Kolar APMC,Karnataka,4,13,2025-08-25,1841.3032325384236,900.7916969726621
tomato,112.0,Kolar APMC,Karnataka,4,13,2025-09-01,1729.9999999999993,919.7397545518662
tomato,112.0,Kolar APMC,Karnataka,4,13,2025-09-08,1894.8955995892438,908.1746810579903
tomato,112.0,Kolar APMC,Karnataka,4,13,2025-09-15,2059.7911991784895,1024.2555643975716
tomato,112.0,Kolar APMC,Karnataka,4,13,2025-09-22,2330.0000000000005,985.4293568425738
tomato,112.0,Kolar APMC,Karnataka,4,13,2025-09-29,2157.519698526892,950.6450195570001
tomato,112.0,Kolar APMC,Karnataka,4,13,2025-10-06,1399.9999999999993,946.2381994587834
tomato,112.0,Kolar APMC,Karnataka,4,13,2025-10-13,1330.0000000000005,830.1551315152093
tomato,112.0,Kolar APMC,Karnataka,4,13,2025-10-20,1200.0,739.3438031100894
tomato,112.0,Kolar APMC,Karnataka,4,13,2025-10-27,860.6891659371508,692.863419717216
tomato,112.0,Kolar APMC,Karnataka,4,13,2025-11-03,775.1357530723062,682.0973817630357
tomato,112.0,Kolar APMC,Karnataka,4,13,2025-11-10,631.7974835230679,694.3957424203298
tomato,112.0,Kolar APMC,Karnataka,4,13,2025-11-17,592.7742504841518,712.6287409873042
tomato,112.0,Kolar APMC,Karnataka,4,13,2025-11-24,559.5760894836092,692.405147505955
tomato,112.0,Kolar APMC,Karnataka,4,13,2025-12-01,566.9110753984197,703.3351038578984
tomato,112.0,Kolar APMC,Karnataka,4,13,2025-12-08,651.049573973664,694.3179180012158
tomato,112.0,Kolar APMC,Karnataka,4,13,2025-12-15,652.7969801411458,722.8820864401579
tomato,112.0,Kolar APMC,Karnataka,4,13,2025-12-22,618.4427071978071,736.1685116597547
tomato,112.0,Kolar APMC,Karnataka,4,13,2025-12-29,676.0364879634561,835.6854352455604
tomato,112.0,Kolar APMC,Karnataka,4,26,2025-01-06,1585.502910937693,2169.9661659870308
tomato,112.0,Kolar APMC,Karnataka,4,26,2025-01-13,1565.237352737353,2328.1200310323634
tomato,112.0,Kolar APMC,Karnataka,4,26,2025-01-20,2221.4461538461537,2363.8652096675273
tomato,112.0,Kolar APMC,Karnataka,4,26,2025-01-27,2068.7140556705767,2629.6652189743927
tomato,112.0,Kolar APMC,Karnataka,4,26,2025-02-03,2146.9867416633183,3815.153995866099
tomato,112.0,Kolar APMC,Karnataka,4,26,2025-02-10,2148.6368409997895,4019.3454538879582
tomato,112.0,Kolar APMC,Karnataka,4,26,2025-02-17,1929.6266559614598,3772.208161515424
tomato,112.0,Kolar APMC,Karnataka,4,26,2025-02-24,1464.6287015945331,3783.5574267351635
tomato,112.0,Kolar APMC,Karnataka,4,26,2025-03-03,1335.1085058618105,3380.615763516243
tomato,112.0,Kolar APMC,Karnataka,4,26,2025-03-10,1026.77487575341,3352.187357758145
tomato,112.0,Kolar APMC,Karnataka,4,26,2025-03-17,1073.3854827807909,3210.416912157883
tomato,112.0,Kolar APMC,Karnataka,4,26,2025-03-24,1246.8096590242421,3314.2861114888283
tomato,112.0,Kolar APMC,Karnataka,4,26,2025-03-31,1180.0478640660524,3242.9317450908243
tomato,112.0,Kolar APMC,Karnataka,4,26,2025-04-07,1399.9999999999993,2719.789494598657
tomato,112.0,Kolar APMC,Karnataka,4,26,2025-04-14,1246.0894893125105,2713.6172339298832
tomato,112.0,Kolar APMC,Karnataka,4,26,2025-04-21,1357.7880385781807,2584.094096369358
tomato,112.0,Kolar APMC,Karnataka,4,26,2025-04-28,1339.0066269948604,2842.872660927176
tomato,112.0,Kolar APMC,Karnataka,4,26,2025-05-05,1302.4937207250023,2483.5284872368825
tomato,112.0,Kolar APMC,Karnataka,4,26,2025-05-12,1930.0000000000002,2572.3378896934532
tomato,112.0,Kolar APMC,Karnataka,4,26,2025-05-19,1952.6064650768453,2657.569217482762
tomato,112.0,Kolar APMC,Karnataka,4,26,2025-05-26,1841.3032325384236,2515.805885931031
tomato,112.0,Kolar APMC,Karnataka,4,26,2025-06-02,1729.9999999999993,2483.341484225603
tomato,112.0,Kolar APMC,Karnataka,4,26,2025-06-09,1894.8955995892438,2603.408370409185
tomato,112.0,Kolar APMC,Karnataka,4,26,2025-06-16,2059.7911991784895,2511.1535875164927
tomato,112.0,Kolar APMC,Karnataka,4,26,2025-06-23,2330.0000000000005,2648.144179952941
tomato,112.0,Kolar APMC,Karnataka,4,26,2025-06-30,2157.519698526892,2660.7624911375206
tomato,112.0,Kolar APMC,Karnataka,4,26,2025-07-07,1399.9999999999993,2905.158012243698
tomato,112.0,Kolar APMC,Karnataka,4,26,2025-07-14,1330.0000000000005,2794.0943605690472
tomato,112.0,Kolar APMC,Karnataka,4,26,2025-07-21,1200.0,2649.331468891214
tomato,112.0,Kolar APMC,Karnataka,4,26,2025-07-28,860.6891659371508,2695.0998913411086
tomato,112.0,Kolar APMC,Karnataka,4,26,2025-08-04,775.1357530723062,2061.355814125727
tomato,112.0,Kolar APMC,Karnataka,4,26,2025-08-11,631.7974835230679,2034.1648145709285
tomato,112.0,Kolar APMC,Karnataka,4,26,2025-08-18,592.7742504841518,1695.9882593413674
tomato,112.0,Kolar APMC,Karnataka,4,26,2025-08-25,559.5760894836092,1627.8941634058197
tomato,112.0,Kolar APMC,Karnataka,4,26,2025-09-01,566.9110753984197,1674.721696564243
tomato,112.0,Kolar APMC,Karnataka,4,26,2025-09-08,651.049573973664,1881.6321794379287
tomato,112.0,Kolar APMC,Karnataka,4,26,2025-09-15,652.7969801411458,2028.8696280962902
tomato,112.0,Kolar APMC,Karnataka,4,26,2025-09-22,618.4427071978071,1954.2098815834843
tomato,112.0,Kolar APMC,Karnataka,4,26,2025-09-29,676.0364879634561,1818.9823127861582
tomato,112.0,Kolar APMC,Karnataka,4,26,2025-10-06,867.1536735838472,1874.5446990497544
tomato,112.0,Kolar APMC,Karnataka,4,26,2025-10-13,1089.496281350445,2026.8849298290706
tomato,112.0,Kolar APMC,Karnataka,4,26,2025-10-20,1529.6318566695302,1987.6059972304897
tomato,112.0,Kolar APMC,Karnataka,4,26,2025-10-27,1856.4954736537732,2241.9109905534415
tomato,112.0,Kolar APMC,Karnataka,4,26,2025-11-03,1728.7618086103705,2312.6699866907456
tomato,112.0,Kolar APMC,Karnataka,4,26,2025-11-10,1789.7018389256984,2557.64431244613
tomato,112.0,Kolar APMC,Karnataka,4,26,2025-11-17,2046.7181431190381,2340.8666865331584
tomato,112.0,Kolar APMC,Karnataka,4,26,2025-11-24,2001.6563055655831,2576.191911891179
tomato,112.0,Kolar APMC,Karnataka,4,26,2025-12-01,2142.3146849644386,1898.110738121798
tomato,112.0,Kolar APMC,Karnataka,4,26,2025-12-08,2269.516835058627,1847.837948884928
tomato,112.0,Kolar APMC,Karnataka,4,26,2025-12-15,1685.2988384818323,1829.6640185736874
tomato,112.0,Kolar APMC,Karnataka,4,26,2025-12-22,1452.0815634835053,1853.1301705861026
tomato,112.0,Kolar APMC,Karnataka,4,26,2025-12-29,1099.1547489094557,1825.9971729233273
tomato,112.0,Kolar APMC,Karnataka,5,1,2026-01-05,1330.0000000000005,1337.9570469481819
tomato,112.0,Kolar APMC,Karnataka,5,1,2026-01-12,1200.0,974.4815917320119
tomato,112.0,Kolar APMC,Karnataka,5,1,2026-01-19,860.6891659371508,948.4029912326725
tomato,112.0,Kolar APMC,Karnataka,5,1,2026-01-26,775.1357530723062,986.7392169940978
tomato,112.0,Kolar APMC,Karnataka,5,1,2026-02-02,631.7974835230679,774.2364105958932
tomato,112.0,Kolar APMC,Karnataka,5,1,2026-02-09,592.7742504841518,751.5536882689398
tomato,112.0,Kolar APMC,Karnataka,5,1,2026-02-16,559.5760894836092,700.1068615307088
tomato,112.0,Kolar APMC,Karnataka,5,1,2026-02-23,566.9110753984197,641.4372166807386
tomato,112.0,Kolar APMC,Karnataka,5,1,2026-03-02,651.049573973664,694.5731561761226
tomato,112.0,Kolar APMC,Karnataka,5,1,2026-03-09,652.7969801411458,719.0589933573197
tomato,112.0,Kolar APMC,Karnataka,5,1,2026-03-16,618.4427071978071,832.6653688718831
tomato,112.0,Kolar APMC,Karnataka,5,1,2026-03-23,676.0364879634561,881.0974323788581
tomato,112.0,Kolar APMC,Karnataka,5,1,2026-03-30,867.1536735838472,712.452744923236
tomato,112.0,Kolar APMC,Karnataka,5,1,2026-04-06,1089.496281350445,826.9041053029583
tomato,112.0,Kolar APMC,Karnataka,5,1,2026-04-13,1529.6318566695302,999.4380095629755
tomato,112.0,Kolar APMC,Karnataka,5,1,2026-04-20,1856.4954736537732,1040.8866636135726
tomato,112.0,Kolar APMC,Karnataka,5,1,2026-04-27,1728.7618086103705,1468.129958905802
tomato,112.0,Kolar APMC,Karnataka,5,1,2026-05-04,1789.7018389256984,1747.180655321352
tomato,112.0,Kolar APMC,Karnataka,5,1,2026-05-11,2046.7181431190381,1418.0869727135773
tomato,112.0,Kolar APMC,Karnataka,5,1,2026-05-18,2001.6563055655831,1374.988331119272
tomato,112.0,Kolar APMC,Karnataka,5,1,2026-05-25,2142.3146849644386,1649.53028115017
tomato,112.0,Kolar APMC,Karnataka,5,1,2026-06-01,2269.516835058627,1597.90817401148
tomato,112.0,Kolar APMC,Karnataka,5,1,2026-06-08,1685.2988384818323,1564.5137629606904
tomato,112.0,Kolar APMC,Karnataka,5,1,2026-06-15,1452.0815634835053,1545.6675230443236
tomato,112.0,Kolar APMC,Karnataka,5,1,2026-06-22,1099.1547489094557,1098.7773177792656
tomato,112.0,Kolar APMC,Karnataka,5,1,2026-06-29,1187.9454931887399,930.6308166021312
tomato,112.0,Kolar APMC,Karnataka,5,1,2026-07-06,1251.371097778008,1077.8347453503563
tomato,112.0,Kolar APMC,Karnataka,5,1,2026-07-13,912.096802128066,1052.1772640174925
tomato,112.0,Kolar APMC,Karnataka,5,1,2026-07-20,1045.1411755277943,1099.4817304628682
tomato,112.0,Kolar APMC,Karnataka,5,1,2026-07-27,797.9878051631671,1008.7641884153696
tomato,112.0,Kolar APMC,Karnataka,5,1,2026-08-03,1300.4874520504213,1103.4471554785205
tomato,112.0,Kolar APMC,Karnataka,5,1,2026-08-10,867.1799035923331,849.6087727238792
tomato,112.0,Kolar APMC,Karnataka,5,1,2026-08-17,995.9821633593325,1189.681929463664
tomato,112.0,Kolar APMC,Karnataka,5,1,2026-08-24,1117.8016164474273,926.1802777247034
tomato,112.0,Kolar APMC,Karnataka,5,1,2026-08-31,965.279117849759,1092.8350458729162
tomato,112.0,Kolar APMC,Karnataka,5,1,2026-09-07,1104.3624813638428,1204.4797428157517
tomato,112.0,Kolar APMC,Karnataka,5,1,2026-09-14,1282.353768920666,1064.3516846091438
tomato,112.0,Kolar APMC,Karnataka,5,1,2026-09-21,1424.7220034421402,1200.5115806673136
tomato,112.0,Kolar APMC,Karnataka,5,1,2026-09-28,1330.0000000000005,1240.5189524573257
tomato,112.0,Kolar APMC,Karnataka,5,4,2026-01-05,775.1357530723062,1016.5315372311981
tomato,112.0,Kolar APMC,Karnataka,5,4,2026-01-12,631.7974835230679,1044.1125795687742
tomato,112.0,Kolar APMC,Karnataka,5,4,2026-01-19,592.7742504841518,1044.1125795687742
tomato,112.0,Kolar APMC,Karnataka,5,4,2026-01-26,559.5760894836092,1044.1125795687742
tomato,112.0,Kolar APMC,Karnataka,5,4,2026-02-02,566.9110753984197,1044.1125795687742
tomato,112.0,Kolar APMC,Karnataka,5,4,2026-02-09,651.049573973664,1044.1125795687742
tomato,112.0,Kolar APMC,Karnataka,5,4,2026-02-16,652.7969801411458,1030.5161266908306
tomato,112.0,Kolar APMC,Karnataka,5,4,2026-02-23,618.4427071978071,1030.5161266908306
tomato,112.0,Kolar APMC,Karnataka,5,4,2026-03-02,676.0364879634561,1030.5161266908306
tomato,112.0,Kolar APMC,Karnataka,5,4,2026-03-09,867.1536735838472,1030.5161266908306
tomato,112.0,Kolar APMC,Karnataka,5,4,2026-03-16,1089.496281350445,1030.5161266908306
tomato,112.0,Kolar APMC,Karnataka,5,4,2026-03-23,1529.6318566695302,1030.5161266908306
tomato,112.0,Kolar APMC,Karnataka,5,4,2026-03-30,1856.4954736537732,1030.5161266908306
tomato,112.0,Kolar APMC,Karnataka,5,4,2026-04-06,1728.7618086103705,1030.5161266908306
tomato,112.0,Kolar APMC,Karnataka,5,4,2026-04-13,1789.7018389256984,1044.1125795687742
tomato,112.0,Kolar APMC,Karnataka,5,4,2026-04-20,2046.7181431190381,1044.1125795687742
tomato,112.0,Kolar APMC,Karnataka,5,4,2026-04-27,2001.6563055655831,1097.652690685723
tomato,112.0,Kolar APMC,Karnataka,5,4,2026-05-04,2142.3146849644386,1097.652690685723
tomato,112.0,Kolar APMC,Karnataka,5,4,2026-05-11,2269.516835058627,1097.652690685723
tomato,112.0,Kolar APMC,Karnataka,5,4,2026-05-18,1685.2988384818323,1097.652690685723
tomato,112.0,Kolar APMC,Karnataka,5,4,2026-05-25,1452.0815634835053,1097.652690685723
tomato,112.0,Kolar APMC,Karnataka,5,4,2026-06-01,1099.1547489094557,1097.652690685723
tomato,112.0,Kolar APMC,Karnataka,5,4,2026-06-08,1187.9454931887399,1097.652690685723
tomato,112.0,Kolar APMC,Karnataka,5,4,2026-06-15,1251.371097778008,1097.652690685723
tomato,112.0,Kolar APMC,Karnataka,5,4,2026-06-22,912.096802128066,1097.652690685723
tomato,112.0,Kolar APMC,Karnataka,5,4,2026-06-29,1045.1411755277943,1016.5315372311981
tomato,112.0,Kolar APMC,Karnataka,5,4,2026-07-06,797.9878051631671,1016.5315372311981
tomato,112.0,Kolar APMC,Karnataka,5,4,2026-07-13,1300.4874520504213,1016.5315372311981
tomato,112.0,Kolar APMC,Karnataka,5,4,2026-07-20,867.1799035923331,1016.5315372311981
tomato,112.0,Kolar APMC,Karnataka,5,4,2026-07-27,995.9821633593325,1044.1125795687742
tomato,112.0,Kolar APMC,Karnataka,5,4,2026-08-03,1117.8016164474273,1044.1125795687742
tomato,112.0,Kolar APMC,Karnataka,5,4,2026-08-10,965.279117849759,1044.1125795687742
tomato,112.0,Kolar APMC,Karnataka,5,4,2026-08-17,1104.3624813638428,1044.1125795687742
tomato,112.0,Kolar APMC,Karnataka,5,4,2026-08-24,1282.353768920666,1034.5442712269853
tomato,112.0,Kolar APMC,Karnataka,5,4,2026-08-31,1424.7220034421402,1034.5442712269853
tomato,112.0,Kolar APMC,Karnataka,5,4,2026-09-07,1330.0000000000005,1044.1125795687742
tomato,112.0,Kolar APMC,Karnataka,5,13,2026-01-05,867.1536735838472,947.6337656647364
tomato,112.0,Kolar APMC,Karnataka,5,13,2026-01-12,1089.496281350445,1008.0178085677549
tomato,112.0,Kolar APMC,Karnataka,5,13,2026-01-19,1529.6318566695302,949.012673604958
tomato,112.0,Kolar APMC,Karnataka,5,13,2026-01-26,1856.4954736537732,980.6922729270132
tomato,112.0,Kolar APMC,Karnataka,5,13,2026-02-02,1728.7618086103705,1081.2978290808599
tomato,112.0,Kolar APMC,Karnataka,5,13,2026-02-09,1789.7018389256984,1030.0817412964236
tomato,112.0,Kolar APMC,Karnataka,5,13,2026-02-16,2046.7181431190381,1089.7806586651286
tomato,112.0,Kolar APMC,Karnataka,5,13,2026-02-23,2001.6563055655831,1066.2800530405837
tomato,112.0,Kolar APMC,Karnataka,5,13,2026-03-02,2142.3146849644386,1665.88499484126
tomato,112.0,Kolar APMC,Karnataka,5,13,2026-03-09,2269.516835058627,1778.1368090963445
tomato,112.0,Kolar APMC,Karnataka,5,13,2026-03-16,1685.2988384818323,1827.7908670841625
tomato,112.0,Kolar APMC,Karnataka,5,13,2026-03-23,1452.0815634835053,1538.9414729283199
tomato,112.0,Kolar APMC,Karnataka,5,13,2026-03-30,1099.1547489094557,1538.9414729283199
tomato,112.0,Kolar APMC,Karnataka,5,13,2026-04-06,1187.9454931887399,1106.3745829337486
tomato,112.0,Kolar APMC,Karnataka,5,13,2026-04-13,1251.371097778008,1124.9645854780097
tomato,112.0,Kolar APMC,Karnataka,5,13,2026-04-20,912.096802128066,1307.4690047622196
tomato,112.0,Kolar APMC,Karnataka,5,13,2026-04-27,1045.1411755277943,1083.2752138410021
tomato,112.0,Kolar APMC,Karnataka,5,13,2026-05-04,797.9878051631671,1638.5536471803118
tomato,112.0,Kolar APMC,Karnataka,5,13,2026-05-11,1300.4874520504213,1614.5251799156765
tomato,112.0,Kolar APMC,Karnataka,5,13,2026-05-18,867.1799035923331,1614.5251799156765
tomato,112.0,Kolar APMC,Karnataka,5,13,2026-05-25,995.9821633593325,1595.9224366797407
tomato,112.0,Kolar APMC,Karnataka,5,13,2026-06-01,1117.8016164474273,1775.465408412885
tomato,112.0,Kolar APMC,Karnataka,5,13,2026-06-08,965.279117849759,1969.0445218064644
tomato,112.0,Kolar APMC,Karnataka,5,13,2026-06-15,1104.3624813638428,2063.6936419564695
tomato,112.0,Kolar APMC,Karnataka,5,13,2026-06-22,1282.353768920666,2073.481984078314
tomato,112.0,Kolar APMC,Karnataka,5,13,2026-06-29,1424.7220034421402,1749.958736415509
tomato,112.0,Kolar APMC,Karnataka,5,13,2026-07-06,1330.0000000000005,1603.629302708022
tomato,112.0,Kolar APMC,Karnataka,5,26,2026-01-05,1187.9454931887399,1239.0039930867388
tomato,112.0,Kolar APMC,Karnataka,5,26,2026-01-12,1251.371097778008,1249.3321147306958
tomato,112.0,Kolar APMC,Karnataka,5,26,2026-01-19,912.096802128066,1238.7124203156234
tomato,112.0,Kolar APMC,Karnataka,5,26,2026-01-26,1045.1411755277943,1225.9522430252239
tomato,112.0,Kolar APMC,Karnataka,5,26,2026-02-02,797.9878051631671,1194.858273408466
tomato,112.0,Kolar APMC,Karnataka,5,26,2026-02-09,1300.4874520504213,1201.7256513597886
tomato,112.0,Kolar APMC,Karnataka,5,26,2026-02-16,867.1799035923331,1213.7952899802813
tomato,112.0,Kolar APMC,Karnataka,5,26,2026-02-23,995.9821633593325,1221.0587694685269
tomato,112.0,Kolar APMC,Karnataka,5,26,2026-03-02,1117.8016164474273,1229.7118493303026
tomato,112.0,Kolar APMC,Karnataka,5,26,2026-03-09,965.279117849759,1229.4649418980255
tomato,112.0,Kolar APMC,Karnataka,5,26,2026-03-16,1104.3624813638428,1292.6004356902204
tomato,112.0,Kolar APMC,Karnataka,5,26,2026-03-23,1282.353768920666,1292.6004356902204
tomato,112.0,Kolar APMC,Karnataka,5,26,2026-03-30,1424.7220034421402,1219.221093581267
tomato,112.0,Kolar APMC,Karnataka,5,26,2026-04-06,1330.0000000000005,1498.607190296868
tomato,2481.0,Kota (F&V) APMC,Rajasthan,1,1,2022-01-03,717.6835216048213,1157.0660776814657
tomato,2481.0,Kota (F&V) APMC,Rajasthan,1,1,2022-01-10,843.3538225124856,1192.8217105722688
tomato,2481.0,Kota (F&V) APMC,Rajasthan,1,1,2022-01-17,1024.8062015503874,1217.225107853691
tomato,2481.0,Kota (F&V) APMC,Rajasthan,1,1,2022-01-24,1227.5784753363234,1256.188238167443
tomato,2481.0,Kota (F&V) APMC,Rajasthan,1,1,2022-01-31,1121.0796139927622,1187.8163052196094
tomato,2481.0,Kota (F&V) APMC,Rajasthan,1,1,2022-02-07,1101.8179173938333,760.329282944612
tomato,2481.0,Kota (F&V) APMC,Rajasthan,1,1,2022-02-14,1114.0020718232042,683.5938453767908
tomato,2481.0,Kota (F&V) APMC,Rajasthan,1,1,2022-02-21,1166.4974113898847,718.1581034663993
tomato,2481.0,Kota (F&V) APMC,Rajasthan,1,1,2022-02-28,1264.5644283121605,712.6726435018008
tomato,2481.0,Kota (F&V) APMC,Rajasthan,1,1,2022-03-07,1601.3250883392225,767.1137742658156
tomato,2481.0,Kota (F&V) APMC,Rajasthan,1,1,2022-03-14,1273.7266553480479,878.5915580862419
tomato,2481.0,Kota (F&V) APMC,Rajasthan,1,1,2022-03-21,1860.9066767830036,858.2465119779313
tomato,2481.0,Kota (F&V) APMC,Rajasthan,1,1,2022-03-28,2171.205612829324,883.8672089534444
tomato,2481.0,Kota (F&V) APMC,Rajasthan,1,1,2022-04-04,1754.9363057324847,856.9950492755546
tomato,2481.0,Kota (F&V) APMC,Rajasthan,1,1,2022-04-11,1029.4971312858593,856.9911543177718
tomato,2481.0,Kota (F&V) APMC,Rajasthan,1,1,2022-04-18,949.361362426823,742.2656979647365
tomato,2481.0,Kota (F&V) APMC,Rajasthan,1,1,2022-04-25,1290.0836614173231,742.9131824785982
tomato,2481.0,Kota (F&V) APMC,Rajasthan,1,1,2022-05-02,1548.8425925925926,1594.428662999312
tomato,2481.0,Kota (F&V) APMC,Rajasthan,1,1,2022-05-09,2467.6470588235293,1597.839673655032
tomato,2481.0,Kota (F&V) APMC,Rajasthan,1,1,2022-05-16,2422.4983649444084,1834.8105561567784
tomato,2481.0,Kota (F&V) APMC,Rajasthan,1,1,2022-05-23,2776.323443862711,1817.3971716795697
tomato,2481.0,Kota (F&V) APMC,Rajasthan,1,1,2022-05-30,2418.8630999213215,1892.6181102561375
tomato,2481.0,Kota (F&V) APMC,Rajasthan,1,1,2022-06-06,2629.1030534351153,1788.819058884271
tomato,2481.0,Kota (F&V) APMC,Rajasthan,1,1,2022-06-13,2954.7872340425542,1602.0098469075401
tomato,2481.0,Kota (F&V) APMC,Rajasthan,1,1,2022-06-20,2458.3124287343217,1641.9238237731352
tomato,2481.0,Kota (F&V) APMC,Rajasthan,1,1,2022-06-27,1974.9516337059329,1808.0958447709243
tomato,2481.0,Kota (F&V) APMC,Rajasthan,1,1,2022-07-04,1761.554132712457,1844.228502259303
tomato,2481.0,Kota (F&V) APMC,Rajasthan,1,1,2022-07-11,1793.299026117752,1615.162879362068
tomato,2481.0,Kota (F&V) APMC,Rajasthan,1,1,2022-07-18,1562.8720988900109,1622.9956544153647
tomato,2481.0,Kota (F&V) APMC,Rajasthan,1,1,2022-07-25,1648.6040609137056,1629.3200515121107
tomato,2481.0,Kota (F&V) APMC,Rajasthan,1,1,2022-08-01,1917.7846265409719,1659.5647466492221
tomato,2481.0,Kota (F&V) APMC,Rajasthan,1,1,2022-08-08,1838.9214686384491,1538.9250307565517
tomato,2481.0,Kota (F&V) APMC,Rajasthan,1,1,2022-08-15,1685.977278948809,1532.359250482261
tomato,2481.0,Kota (F&V) APMC,Rajasthan,1,1,2022-08-22,1968.1875592042945,1656.7901311619341
tomato,2481.0,Kota (F&V) APMC,Rajasthan,1,1,2022-08-29,2297.003994673768,1670.590629646292
tomato,2481.0,Kota (F&V) APMC,Rajasthan,1,1,2022-09-05,2218.3219178082186,2130.061489805348
tomato,2481.0,Kota (F&V) APMC,Rajasthan,1,1,2022-09-12,2239.1013640010706,2229.6817047586064
tomato,2481.0,Kota (F&V) APMC,Rajasthan,1,1,2022-09-19,2351.6566265060237,2251.155047612844
tomato,2481.0,Kota (F&V) APMC,Rajasthan,1,1,2022-09-26,2552.8886702277205,2367.7089083642186
tomato,2481.0,Kota (F&V) APMC,Rajasthan,1,1,2022-10-03,2691.093694335589,2433.3000234833303
tomato,2481.0,Kota (F&V) APMC,Rajasthan,1,1,2022-10-10,2901.079136690647,2266.2533712049517
tomato,2481.0,Kota (F&V) APMC,Rajasthan,1,1,2022-10-17,2543.0790960451986,2522.2904881406134
tomato,2481.0,Kota (F&V) APMC,Rajasthan,1,1,2022-10-24,1914.135021097046,2468.6256436803483
tomato,2481.0,Kota (F&V) APMC,Rajasthan,1,1,2022-10-31,1496.5558601782045,2131.0042752870577
tomato,2481.0,Kota (F&V) APMC,Rajasthan,1,1,2022-11-07,1241.890098221396,1190.400024155706
tomato,2481.0,Kota (F&V) APMC,Rajasthan,1,1,2022-11-14,1503.1309297912715,1130.2262032924855
tomato,2481.0,Kota (F&V) APMC,Rajasthan,1,1,2022-11-21,1680.5003971405883,1136.2408798418728
tomato,2481.0,Kota (F&V) APMC,Rajasthan,1,1,2022-11-28,1020.3001200480188,1140.2450444212916
tomato,2481.0,Kota (F&V) APMC,Rajasthan,1,1,2022-12-05,845.2245740836343,751.7771848022333
tomato,2481.0,Kota (F&V) APMC,Rajasthan,1,1,2022-12-12,675.8144718792867,799.0728511671257
tomato,2481.0,Kota (F&V) APMC,Rajasthan,1,1,2022-12-19,573.3674272226592,847.7952891301976
tomato,2481.0,Kota (F&V) APMC,Rajasthan,1,1,2022-12-26,556.3825320176358,817.2572104150896
tomato,2481.0,Kota (F&V) APMC,Rajasthan,1,4,2022-01-03,1227.5784753363234,919.4320025230016
tomato,2481.0,Kota (F&V) APMC,Rajasthan,1,4,2022-01-10,1121.0796139927622,897.8290930825831
tomato,2481.0,Kota (F&V) APMC,Rajasthan,1,4,2022-01-17,1101.8179173938333,833.2980387330904
tomato,2481.0,Kota (F&V) APMC,Rajasthan,1,4,2022-01-24,1114.0020718232042,754.1027822625646
tomato,2481.0,Kota (F&V) APMC,Rajasthan,1,4,2022-01-31,1166.4974113898847,792.5985958567671
tomato,2481.0,Kota (F&V) APMC,Rajasthan,1,4,2022-02-07,1264.5644283121605,786.6372479771721
tomato,2481.0,Kota (F&V) APMC,Rajasthan,1,4,2022-02-14,1601.3250883392225,786.9008814839643
tomato,2481.0,Kota (F&V) APMC,Rajasthan,1,4,2022-02-21,1273.7266553480479,807.3379501531756
tomato,2481.0,Kota (F&V) APMC,Rajasthan,1,4,2022-02-28,1860.9066767830036,813.7955373443111
tomato,2481.0,Kota (F&V) APMC,Rajasthan,1,4,2022-03-07,2171.205612829324,749.0336372686471
tomato,2481.0,Kota (F&V) APMC,Rajasthan,1,4,2022-03-14,1754.9363057324847,762.8484511413012
tomato,2481.0,Kota (F&V) APMC,Rajasthan,1,4,2022-03-21,1029.4971312858593,792.5049441008492
tomato,2481.0,Kota (F&V) APMC,Rajasthan,1,4,2022-03-28,949.361362426823,778.1590369855596
tomato,2481.0,Kota (F&V) APMC,Rajasthan,1,4,2022-04-04,1290.0836614173231,855.9429506672587
tomato,2481.0,Kota (F&V) APMC,Rajasthan,1,4,2022-04-11,1548.8425925925926,920.6046082525576
tomato,2481.0,Kota (F&V) APMC,Rajasthan,1,4,2022-04-18,2467.6470588235293,835.4349467840785
tomato,2481.0,Kota (F&V) APMC,Rajasthan,1,4,2022-04-25,2422.4983649444084,851.1072818660555
tomato,2481.0,Kota (F&V) APMC,Rajasthan,1,4,2022-05-02,2776.323443862711,944.9346625264266
tomato,2481.0,Kota (F&V) APMC,Rajasthan,1,4,2022-05-09,2418.8630999213215,1043.5848135281512
tomato,2481.0,Kota (F&V) APMC,Rajasthan,1,4,2022-05-16,2629.1030534351153,1029.7704828487356
tomato,2481.0,Kota (F&V) APMC,Rajasthan,1,4,2022-05-23,2954.7872340425542,1061.9480987374238
tomato,2481.0,Kota (F&V) APMC,Rajasthan,1,4,2022-05-30,2458.3124287343217,943.6035991065296
tomato,2481.0,Kota (F&V) APMC,Rajasthan,1,4,2022-06-06,1974.9516337059329,1302.703823915166
tomato,2481.0,Kota (F&V) APMC,Rajasthan,1,4,2022-06-13,1761.554132712457,1267.8742243497945
tomato,2481.0,Kota (F&V) APMC,Rajasthan,1,4,2022-06-20,1793.299026117752,1320.2654420343588
tomato,2481.0,Kota (F&V) APMC,Rajasthan,1,4,2022-06-27,1562.8720988900109,1321.4741499720326
tomato,2481.0,Kota (F&V) APMC,Rajasthan,1,4,2022-07-04,1648.6040609137056,1321.4741499720326
tomato,2481.0,Kota (F&V) APMC,Rajasthan,1,4,2022-07-11,1917.7846265409719,1321.7839484863493
tomato,2481.0,Kota (F&V) APMC,Rajasthan,1,4,2022-07-18,1838.9214686384491,1292.3516473359505
tomato,2481.0,Kota (F&V) APMC,Rajasthan,1,4,2022-07-25,1685.977278948809,1292.3516473359505
tomato,2481.0,Kota (F&V) APMC,Rajasthan,1,4,2022-08-01,1968.1875592042945,1290.0632098849671
tomato,2481.0,Kota (F&V) APMC,Rajasthan,1,4,2022-08-08,2297.003994673768,1290.0632098849671
tomato,2481.0,Kota (F&V) APMC,Rajasthan,1,4,2022-08-15,2218.3219178082186,1305.6062329672552
tomato,2481.0,Kota (F&V) APMC,Rajasthan,1,4,2022-08-22,2239.1013640010706,1305.6062329672552
tomato,2481.0,Kota (F&V) APMC,Rajasthan,1,4,2022-08-29,2351.6566265060237,1323.252948685674
tomato,2481.0,Kota (F&V) APMC,Rajasthan,1,4,2022-09-05,2552.8886702277205,1254.9602167236158
tomato,2481.0,Kota (F&V) APMC,Rajasthan,1,4,2022-09-12,2691.093694335589,1254.9602167236158
tomato,2481.0,Kota (F&V) APMC,Rajasthan,1,4,2022-09-19,2901.079136690647,1266.424084746277
tomato,2481.0,Kota (F&V) APMC,Rajasthan,1,4,2022-09-26,2543.0790960451986,1265.847387850515
tomato,2481.0,Kota (F&V) APMC,Rajasthan,1,4,2022-10-03,1914.135021097046,1369.9157164102867
tomato,2481.0,Kota (F&V) APMC,Rajasthan,1,4,2022-10-10,1496.5558601782045,1340.258389514477
tomato,2481.0,Kota (F&V) APMC,Rajasthan,1,4,2022-10-17,1241.890098221396,1228.1228043632154
tomato,2481.0,Kota (F&V) APMC,Rajasthan,1,4,2022-10-24,1503.1309297912715,1160.9618233723843
tomato,2481.0,Kota (F&V) APMC,Rajasthan,1,4,2022-10-31,1680.5003971405883,1160.9618233723843
tomato,2481.0,Kota (F&V) APMC,Rajasthan,1,4,2022-11-07,1020.3001200480188,1142.1619229222665
tomato,2481.0,Kota (F&V) APMC,Rajasthan,1,4,2022-11-14,845.2245740836343,1138.7174115892196
tomato,2481.0,Kota (F&V) APMC,Rajasthan,1,4,2022-11-21,675.8144718792867,1134.1141712529536
tomato,2481.0,Kota (F&V) APMC,Rajasthan,1,4,2022-11-28,573.3674272226592,929.0802886609304
tomato,2481.0,Kota (F&V) APMC,Rajasthan,1,4,2022-12-05,556.3825320176358,1113.1729450020027
tomato,2481.0,Kota (F&V) APMC,Rajasthan,1,4,2022-12-12,707.3282163742688,1011.2520908755588
tomato,2481.0,Kota (F&V) APMC,Rajasthan,1,4,2022-12-19,841.1405174460006,830.3823864507928
tomato,2481.0,Kota (F&V) APMC,Rajasthan,1,4,2022-12-26,737.1935056328695,700.6811175356056
tomato,2481.0,Kota (F&V) APMC,Rajasthan,1,13,2022-01-03,2171.205612829324,657.6362132022673
tomato,2481.0,Kota (F&V) APMC,Rajasthan,1,13,2022-01-10,1754.9363057324847,627.7233639577263
tomato,2481.0,Kota (F&V) APMC,Rajasthan,1,13,2022-01-17,1029.4971312858593,616.5343690876006
tomato,2481.0,Kota (F&V) APMC,Rajasthan,1,13,2022-01-24,949.361362426823,616.5343690876006
tomato,2481.0,Kota (F&V) APMC,Rajasthan,1,13,2022-01-31,1290.0836614173231,665.5013653062954
tomato,2481.0,Kota (F&V) APMC,Rajasthan,1,13,2022-02-07,1548.8425925925926,651.1745793866374
tomato,2481.0,Kota (F&V) APMC,Rajasthan,1,13,2022-02-14,2467.6470588235293,691.0737176433515
tomato,2481.0,Kota (F&V) APMC,Rajasthan,1,13,2022-02-21,2422.4983649444084,698.0477652205018
tomato,2481.0,Kota (F&V) APMC,Rajasthan,1,13,2022-02-28,2776.323443862711,697.0527358246853
tomato,2481.0,Kota (F&V) APMC,Rajasthan,1,13,2022-03-07,2418.8630999213215,737.3646795517155
tomato,2481.0,Kota (F&V) APMC,Rajasthan,1,13,2022-03-14,2629.1030534351153,753.1483115258623
tomato,2481.0,Kota (F&V) APMC,Rajasthan,1,13,2022-03-21,2954.7872340425542,727.3736415175956
tomato,2481.0,Kota (F&V) APMC,Rajasthan,1,13,2022-03-28,2458.3124287343217,783.880767503378
tomato,2481.0,Kota (F&V) APMC,Rajasthan,1,13,2022-04-04,1974.9516337059329,1210.255887337695
tomato,2481.0,Kota (F&V) APMC,Rajasthan,1,13,2022-04-11,1761.554132712457,1171.2370694828594
tomato,2481.0,Kota (F&V) APMC,Rajasthan,1,13,2022-04-18,1793.299026117752,1460.3015632490897
tomato,2481.0,Kota (F&V) APMC,Rajasthan,1,13,2022-04-25,1562.8720988900109,934.2237533652681
tomato,2481.0,Kota (F&V) APMC,Rajasthan,1,13,2022-05-02,1648.6040609137056,973.9026193541112
tomato,2481.0,Kota (F&V) APMC,Rajasthan,1,13,2022-05-09,1917.7846265409719,938.5308083088738
tomato,2481.0,Kota (F&V) APMC,Rajasthan,1,13,2022-05-16,1838.9214686384491,942.8797033548219
tomato,2481.0,Kota (F&V) APMC,Rajasthan,1,13,2022-05-23,1685.977278948809,894.6884588784549
tomato,2481.0,Kota (F&V) APMC,Rajasthan,1,13,2022-05-30,1968.1875592042945,865.0191102978781
tomato,2481.0,Kota (F&V) APMC,Rajasthan,1,13,2022-06-06,2297.003994673768,873.1223348584514
tomato,2481.0,Kota (F&V) APMC,Rajasthan,1,13,2022-06-13,2218.3219178082186,873.1223348584514
tomato,2481.0,Kota (F&V) APMC,Rajasthan,1,13,2022-06-20,2239.1013640010706,904.4651727874002
tomato,2481.0,Kota (F&V) APMC,Rajasthan,1,13,2022-06-27,2351.6566265060237,932.7381279258093
tomato,2481.0,Kota (F&V) APMC,Rajasthan,1,13,2022-07-04,2552.8886702277205,960.4877985178956
tomato,2481.0,Kota (F&V) APMC,Rajasthan,1,13,2022-07-11,2691.093694335589,1062.4899540778601
tomato,2481.0,Kota (F&V) APMC,Rajasthan,1,13,2022-07-18,2901.079136690647,1100.1049484767361
tomato,2481.0,Kota (F&V) APMC,Rajasthan,1,13,2022-07-25,2543.0790960451986,1107.3216339529442
tomato,2481.0,Kota (F&V) APMC,Rajasthan,1,13,2022-08-01,1914.135021097046,1119.397923816043
tomato,2481.0,Kota (F&V) APMC,Rajasthan,1,13,2022-08-08,1496.5558601782045,982.3813114381643
tomato,2481.0,Kota (F&V) APMC,Rajasthan,1,13,2022-08-15,1241.890098221396,1039.0474925293452
tomato,2481.0,Kota (F&V) APMC,Rajasthan,1,13,2022-08-22,1503.1309297912715,954.8529552435447
tomato,2481.0,Kota (F&V) APMC,Rajasthan,1,13,2022-08-29,1680.5003971405883,929.5693749345165
tomato,2481.0,Kota (F&V) APMC,Rajasthan,1,13,2022-09-05,1020.3001200480188,863.5299112706554
tomato,2481.0,Kota (F&V) APMC,Rajasthan,1,13,2022-09-12,845.2245740836343,949.6746819593005
tomato,2481.0,Kota (F&V) APMC,Rajasthan,1,13,2022-09-19,675.8144718792867,783.7210701139686
tomato,2481.0,Kota (F&V) APMC,Rajasthan,1,13,2022-09-26,573.3674272226592,755.9573255165782
tomato,2481.0,Kota (F&V) APMC,Rajasthan,1,13,2022-10-03,556.3825320176358,761.602273114488
tomato,2481.0,Kota (F&V) APMC,Rajasthan,1,13,2022-10-10,707.3282163742688,731.7414445489167
tomato,2481.0,Kota (F&V) APMC,Rajasthan,1,13,2022-10-17,841.1405174460006,731.7414445489167
tomato,2481.0,Kota (F&V) APMC,Rajasthan,1,13,2022-10-24,737.1935056328695,728.7352591499867
tomato,2481.0,Kota (F&V) APMC,Rajasthan,1,13,2022-10-31,683.6601307189541,673.9191113536888
tomato,2481.0,Kota (F&V) APMC,Rajasthan,1,13,2022-11-07,805.4077010192525,633.2077257811111
tomato,2481.0,Kota (F&V) APMC,Rajasthan,1,13,2022-11-14,901.4663362247002,612.7285048455202
tomato,2481.0,Kota (F&V) APMC,Rajasthan,1,13,2022-11-21,865.7852564102561,657.0248477714481
tomato,2481.0,Kota (F&V) APMC,Rajasthan,1,13,2022-11-28,709.3205574912895,699.2898225803183
tomato,2481.0,Kota (F&V) APMC,Rajasthan,1,13,2022-12-05,1261.346054667354,702.2533529100571
tomato,2481.0,Kota (F&V) APMC,Rajasthan,1,13,2022-12-12,929.8036465638147,721.1152094484237
tomato,2481.0,Kota (F&V) APMC,Rajasthan,1,13,2022-12-19,948.8682661837937,694.0440027547737
tomato,2481.0,Kota (F&V) APMC,Rajasthan,1,13,2022-12-26,1332.9814459373004,699.5759837997323
tomato,2481.0,Kota (F&V) APMC,Rajasthan,1,26,2022-01-03,1974.9516337059329,1229.6240236900387
tomato,2481.0,Kota (F&V) APMC,Rajasthan,1,26,2022-01-10,1761.554132712457,1251.900158635131
tomato,2481.0,Kota (F&V) APMC,Rajasthan,1,26,2022-01-17,1793.299026117752,1497.2708628146845
tomato,2481.0,Kota (F&V) APMC,Rajasthan,1,26,2022-01-24,1562.8720988900109,1608.1669722515926
tomato,2481.0,Kota (F&V) APMC,Rajasthan,1,26,2022-01-31,1648.6040609137056,2039.9828426438157
tomato,2481.0,Kota (F&V) APMC,Rajasthan,1,26,2022-02-07,1917.7846265409719,2290.320422006702
tomato,2481.0,Kota (F&V) APMC,Rajasthan,1,26,2022-02-14,1838.9214686384491,2466.073402743751
tomato,2481.0,Kota (F&V) APMC,Rajasthan,1,26,2022-02-21,1685.977278948809,2470.7124486890293
tomato,2481.0,Kota (F&V) APMC,Rajasthan,1,26,2022-02-28,1968.1875592042945,2049.1216457640576
tomato,2481.0,Kota (F&V) APMC,Rajasthan,1,26,2022-03-07,2297.003994673768,1903.5948925950595
tomato,2481.0,Kota (F&V) APMC,Rajasthan,1,26,2022-03-14,2218.3219178082186,1544.1377729115604
tomato,2481.0,Kota (F&V) APMC,Rajasthan,1,26,2022-03-21,2239.1013640010706,1439.1853549397138
tomato,2481.0,Kota (F&V) APMC,Rajasthan,1,26,2022-03-28,2351.6566265060237,1519.2186887844266
tomato,2481.0,Kota (F&V) APMC,Rajasthan,1,26,2022-04-04,2552.8886702277205,1533.5773575129488
tomato,2481.0,Kota (F&V) APMC,Rajasthan,1,26,2022-04-11,2691.093694335589,1433.246760183422
tomato,2481.0,Kota (F&V) APMC,Rajasthan,1,26,2022-04-18,2901.079136690647,1423.4593022608713
tomato,2481.0,Kota (F&V) APMC,Rajasthan,1,26,2022-04-25,2543.0790960451986,1459.5207972815324
tomato,2481.0,Kota (F&V) APMC,Rajasthan,1,26,2022-05-02,1914.135021097046,1604.253076913521
tomato,2481.0,Kota (F&V) APMC,Rajasthan,1,26,2022-05-09,1496.5558601782045,1442.71542103668
tomato,2481.0,Kota (F&V) APMC,Rajasthan,1,26,2022-05-16,1241.890098221396,1325.3906204239245
tomato,2481.0,Kota (F&V) APMC,Rajasthan,1,26,2022-05-23,1503.1309297912715,1008.625056196137
tomato,2481.0,Kota (F&V) APMC,Rajasthan,1,26,2022-05-30,1680.5003971405883,964.1773845439691
tomato,2481.0,Kota (F&V) APMC,Rajasthan,1,26,2022-06-06,1020.3001200480188,805.0881621130453
tomato,2481.0,Kota (F&V) APMC,Rajasthan,1,26,2022-06-13,845.2245740836343,804.5087535175503
tomato,2481.0,Kota (F&V) APMC,Rajasthan,1,26,2022-06-20,675.8144718792867,799.6968185226576
tomato,2481.0,Kota (F&V) APMC,Rajasthan,1,26,2022-06-27,573.3674272226592,814.3153427012245
tomato,2481.0,Kota (F&V) APMC,Rajasthan,1,26,2022-07-04,556.3825320176358,803.4225104188747
tomato,2481.0,Kota (F&V) APMC,Rajasthan,1,26,2022-07-11,707.3282163742688,786.8657800651009
tomato,2481.0,Kota (F&V) APMC,Rajasthan,1,26,2022-07-18,841.1405174460006,769.7862906160666
tomato,2481.0,Kota (F&V) APMC,Rajasthan,1,26,2022-07-25,737.1935056328695,783.742021262877
tomato,2481.0,Kota (F&V) APMC,Rajasthan,1,26,2022-08-01,683.6601307189541,741.4306789861799
tomato,2481.0,Kota (F&V) APMC,Rajasthan,1,26,2022-08-08,805.4077010192525,778.7064738159465
tomato,2481.0,Kota (F&V) APMC,Rajasthan,1,26,2022-08-15,901.4663362247002,754.2448799297111
tomato,2481.0,Kota (F&V) APMC,Rajasthan,1,26,2022-08-22,865.7852564102561,732.2364473065173
tomato,2481.0,Kota (F&V) APMC,Rajasthan,1,26,2022-08-29,709.3205574912895,736.5196201114015
tomato,2481.0,Kota (F&V) APMC,Rajasthan,1,26,2022-09-05,1261.346054667354,758.3647827892809
tomato,2481.0,Kota (F&V) APMC,Rajasthan,1,26,2022-09-12,929.8036465638147,711.0090769919266
tomato,2481.0,Kota (F&V) APMC,Rajasthan,1,26,2022-09-19,948.8682661837937,725.7100969659848
tomato,2481.0,Kota (F&V) APMC,Rajasthan,1,26,2022-09-26,1332.9814459373004,890.7349220570968
tomato,2481.0,Kota (F&V) APMC,Rajasthan,1,26,2022-10-03,1332.1428571428573,873.809868232504
tomato,2481.0,Kota (F&V) APMC,Rajasthan,1,26,2022-10-10,1017.5517790759424,787.9363483552477
tomato,2481.0,Kota (F&V) APMC,Rajasthan,1,26,2022-10-17,732.3137074517018,814.6143542824617
tomato,2481.0,Kota (F&V) APMC,Rajasthan,1,26,2022-10-24,708.4817244611057,773.1781158496747
tomato,2481.0,Kota (F&V) APMC,Rajasthan,1,26,2022-10-31,982.2916666666666,770.7912636208388
tomato,2481.0,Kota (F&V) APMC,Rajasthan,1,26,2022-11-07,867.2501591343096,804.4734073089303
tomato,2481.0,Kota (F&V) APMC,Rajasthan,1,26,2022-11-14,882.1938267507464,830.8521829117053
tomato,2481.0,Kota (F&V) APMC,Rajasthan,1,26,2022-11-21,780.7927495086265,757.416214601926
tomato,2481.0,Kota (F&V) APMC,Rajasthan,1,26,2022-11-28,789.6720368239359,769.442444445804
tomato,2481.0,Kota (F&V) APMC,Rajasthan,1,26,2022-12-05,924.9380932728022,754.0842157029526
tomato,2481.0,Kota (F&V) APMC,Rajasthan,1,26,2022-12-12,1440.8508691674288,901.3551075346903
tomato,2481.0,Kota (F&V) APMC,Rajasthan,1,26,2022-12-19,3060.1061007957574,959.3414435573394
tomato,2481.0,Kota (F&V) APMC,Rajasthan,1,26,2022-12-26,4517.356881851398,967.9618451094341
tomato,2481.0,Kota (F&V) APMC,Rajasthan,2,1,2023-01-02,707.3282163742688,948.8052628680254
tomato,2481.0,Kota (F&V) APMC,Rajasthan,2,1,2023-01-09,841.1405174460006,948.6414567728131
tomato,2481.0,Kota (F&V) APMC,Rajasthan,2,1,2023-01-16,737.1935056328695,849.6166187035619
tomato,2481.0,Kota (F&V) APMC,Rajasthan,2,1,2023-01-23,683.6601307189541,810.3413108053693
tomato,2481.0,Kota (F&V) APMC,Rajasthan,2,1,2023-01-30,805.4077010192525,754.4165454227418
tomato,2481.0,Kota (F&V) APMC,Rajasthan,2,1,2023-02-06,901.4663362247002,708.6478125857051
tomato,2481.0,Kota (F&V) APMC,Rajasthan,2,1,2023-02-13,865.7852564102561,787.5278674252304
tomato,2481.0,Kota (F&V) APMC,Rajasthan,2,1,2023-02-20,709.3205574912895,659.5725181374571
tomato,2481.0,Kota (F&V) APMC,Rajasthan,2,1,2023-02-27,1261.346054667354,827.9005631506591
tomato,2481.0,Kota (F&V) APMC,Rajasthan,2,1,2023-03-06,929.8036465638147,1180.7605323643595
tomato,2481.0,Kota (F&V) APMC,Rajasthan,2,1,2023-03-13,948.8682661837937,1380.9923112820245
tomato,2481.0,Kota (F&V) APMC,Rajasthan,2,1,2023-03-20,1332.9814459373004,1353.446662800614
tomato,2481.0,Kota (F&V) APMC,Rajasthan,2,1,2023-03-27,1332.1428571428573,1331.1589253291393
tomato,2481.0,Kota (F&V) APMC,Rajasthan,2,1,2023-04-03,1017.5517790759424,1586.9363817729243
tomato,2481.0,Kota (F&V) APMC,Rajasthan,2,1,2023-04-10,732.3137074517018,1374.5114579398387
tomato,2481.0,Kota (F&V) APMC,Rajasthan,2,1,2023-04-17,708.4817244611057,1202.995186910398
tomato,2481.0,Kota (F&V) APMC,Rajasthan,2,1,2023-04-24,982.2916666666666,1284.9160632235375
tomato,2481.0,Kota (F&V) APMC,Rajasthan,2,1,2023-05-01,867.2501591343096,1150.0204952433864
tomato,2481.0,Kota (F&V) APMC,Rajasthan,2,1,2023-05-08,882.1938267507464,1308.2815404131295
tomato,2481.0,Kota (F&V) APMC,Rajasthan,2,1,2023-05-15,780.7927495086265,1258.5129115093105
tomato,2481.0,Kota (F&V) APMC,Rajasthan,2,1,2023-05-22,789.6720368239359,1214.814639008993
tomato,2481.0,Kota (F&V) APMC,Rajasthan,2,1,2023-05-29,924.9380932728022,1302.4342942372916
tomato,2481.0,Kota (F&V) APMC,Rajasthan,2,1,2023-06-05,1440.8508691674288,1670.4283425288875
tomato,2481.0,Kota (F&V) APMC,Rajasthan,2,1,2023-06-12,3060.1061007957574,1748.5997912976586
tomato,2481.0,Kota (F&V) APMC,Rajasthan,2,1,2023-06-19,4517.356881851398,1895.9538707635638
tomato,2481.0,Kota (F&V) APMC,Rajasthan,2,1,2023-06-26,7523.818454613648,2450.4573520448926
tomato,2481.0,Kota (F&V) APMC,Rajasthan,2,1,2023-07-03,8115.663524292969,3285.1757905840263
tomato,2481.0,Kota (F&V) APMC,Rajasthan,2,1,2023-07-10,7295.841209829864,3545.705467014505
tomato,2481.0,Kota (F&V) APMC,Rajasthan,2,1,2023-07-17,7129.310344827581,3135.190715405151
tomato,2481.0,Kota (F&V) APMC,Rajasthan,2,1,2023-07-24,2526.987951807228,2984.0325349903655
tomato,2481.0,Kota (F&V) APMC,Rajasthan,2,1,2023-07-31,5478.602383531963,2921.8537592816933
tomato,2481.0,Kota (F&V) APMC,Rajasthan,2,1,2023-08-07,4766.10110803324,2471.581417098784
tomato,2481.0,Kota (F&V) APMC,Rajasthan,2,1,2023-08-14,2786.595228467448,2331.0151578624323
tomato,2481.0,Kota (F&V) APMC,Rajasthan,2,1,2023-08-21,2822.645600991327,1977.1339926537933
tomato,2481.0,Kota (F&V) APMC,Rajasthan,2,1,2023-08-28,1754.7341772151901,2161.345647000027
tomato,2481.0,Kota (F&V) APMC,Rajasthan,2,1,2023-09-04,1351.6937482787116,1394.1965107104322
tomato,2481.0,Kota (F&V) APMC,Rajasthan,2,1,2023-09-11,1231.3345923827505,1089.4043259810712
tomato,2481.0,Kota (F&V) APMC,Rajasthan,2,1,2023-09-18,1007.8522920203736,1220.1202463655547
tomato,2481.0,Kota (F&V) APMC,Rajasthan,2,1,2023-09-25,1035.8473421172191,1432.8977955241892
tomato,2481.0,Kota (F&V) APMC,Rajasthan,2,1,2023-10-02,1128.7913018921206,1424.1292357163547
tomato,2481.0,Kota (F&V) APMC,Rajasthan,2,1,2023-10-09,1385.1542821158691,1485.8578715499452
tomato,2481.0,Kota (F&V) APMC,Rajasthan,2,1,2023-10-16,1743.3816577371565,1582.8254876501342
tomato,2481.0,Kota (F&V) APMC,Rajasthan,2,1,2023-10-23,1858.946608946609,1498.7251655556092
tomato,2481.0,Kota (F&V) APMC,Rajasthan,2,1,2023-10-30,2078.980891719745,1396.0481165382587
tomato,2481.0,Kota (F&V) APMC,Rajasthan,2,1,2023-11-06,2511.8608935974203,1902.5654715942953
tomato,2481.0,Kota (F&V) APMC,Rajasthan,2,1,2023-11-13,2302.818416523237,2062.071455713318
tomato,2481.0,Kota (F&V) APMC,Rajasthan,2,1,2023-11-20,2175.430432759423,2140.2863711725977
tomato,2481.0,Kota (F&V) APMC,Rajasthan,2,1,2023-11-27,1142.6163342830005,1953.716714072064
tomato,2481.0,Kota (F&V) APMC,Rajasthan,2,1,2023-12-04,801.0777170613237,1641.563375104176
tomato,2481.0,Kota (F&V) APMC,Rajasthan,2,1,2023-12-11,936.4594127806562,1373.481689435241
tomato,2481.0,Kota (F&V) APMC,Rajasthan,2,1,2023-12-18,1179.8507462686573,1369.570020737819
tomato,2481.0,Kota (F&V) APMC,Rajasthan,2,1,2023-12-25,1162.3183004099892,1393.2682060205957
tomato,2481.0,Kota (F&V) APMC,Rajasthan,2,4,2023-01-02,683.6601307189541,942.4117820520215
tomato,2481.0,Kota (F&V) APMC,Rajasthan,2,4,2023-01-09,805.4077010192525,946.3243759091414
tomato,2481.0,Kota (F&V) APMC,Rajasthan,2,4,2023-01-16,901.4663362247002,981.7442714308686
tomato,2481.0,Kota (F&V) APMC,Rajasthan,2,4,2023-01-23,865.7852564102561,986.5191948689527
tomato,2481.0,Kota (F&V) APMC,Rajasthan,2,4,2023-01-30,709.3205574912895,985.3358807405966
tomato,2481.0,Kota (F&V) APMC,Rajasthan,2,4,2023-02-06,1261.346054667354,999.4703552329228
tomato,2481.0,Kota (F&V) APMC,Rajasthan,2,4,2023-02-13,929.8036465638147,1007.4100331984878
tomato,2481.0,Kota (F&V) APMC,Rajasthan,2,4,2023-02-20,948.8682661837937,1019.6571539052509
tomato,2481.0,Kota (F&V) APMC,Rajasthan,2,4,2023-02-27,1332.9814459373004,1069.124500898555
tomato,2481.0,Kota (F&V) APMC,Rajasthan,2,4,2023-03-06,1332.1428571428573,1215.8474633885633
tomato,2481.0,Kota (F&V) APMC,Rajasthan,2,4,2023-03-13,1017.5517790759424,1463.555745052055
tomato,2481.0,Kota (F&V) APMC,Rajasthan,2,4,2023-03-20,732.3137074517018,1428.7127796888776
tomato,2481.0,Kota (F&V) APMC,Rajasthan,2,4,2023-03-27,708.4817244611057,1169.6680090449722
tomato,2481.0,Kota (F&V) APMC,Rajasthan,2,4,2023-04-03,982.2916666666666,1205.0568887678805
tomato,2481.0,Kota (F&V) APMC,Rajasthan,2,4,2023-04-10,867.2501591343096,1223.606054799237
tomato,2481.0,Kota (F&V) APMC,Rajasthan,2,4,2023-04-17,882.1938267507464,1256.515619417714
tomato,2481.0,Kota (F&V) APMC,Rajasthan,2,4,2023-04-24,780.7927495086265,1215.6705309101683
tomato,2481.0,Kota (F&V) APMC,Rajasthan,2,4,2023-05-01,789.6720368239359,1642.6360303887727
tomato,2481.0,Kota (F&V) APMC,Rajasthan,2,4,2023-05-08,924.9380932728022,1315.811109207924
tomato,2481.0,Kota (F&V) APMC,Rajasthan,2,4,2023-05-15,1440.8508691674288,1276.1716939726994
tomato,2481.0,Kota (F&V) APMC,Rajasthan,2,4,2023-05-22,3060.1061007957574,1621.8250989899154
tomato,2481.0,Kota (F&V) APMC,Rajasthan,2,4,2023-05-29,4517.356881851398,1686.7539053218777
tomato,2481.0,Kota (F&V) APMC,Rajasthan,2,4,2023-06-05,7523.818454613648,2103.6933373310267
tomato,2481.0,Kota (F&V) APMC,Rajasthan,2,4,2023-06-12,8115.663524292969,2325.245187100263
tomato,2481.0,Kota (F&V) APMC,Rajasthan,2,4,2023-06-19,7295.841209829864,2538.9246010014526
tomato,2481.0,Kota (F&V) APMC,Rajasthan,2,4,2023-06-26,7129.310344827581,2150.983238997858
tomato,2481.0,Kota (F&V) APMC,Rajasthan,2,4,2023-07-03,2526.987951807228,1922.071257532482
tomato,2481.0,Kota (F&V) APMC,Rajasthan,2,4,2023-07-10,5478.602383531963,1800.4869564455314
tomato,2481.0,Kota (F&V) APMC,Rajasthan,2,4,2023-07-17,4766.10110803324,1785.3493592572247
tomato,2481.0,Kota (F&V) APMC,Rajasthan,2,4,2023-07-24,2786.595228467448,1659.1508832005832
tomato,2481.0,Kota (F&V) APMC,Rajasthan,2,4,2023-07-31,2822.645600991327,1651.5668116853103
tomato,2481.0,Kota (F&V) APMC,Rajasthan,2,4,2023-08-07,1754.7341772151901,1601.7814396412016
tomato,2481.0,Kota (F&V) APMC,Rajasthan,2,4,2023-08-14,1351.6937482787116,1609.1523555827562
tomato,2481.0,Kota (F&V) APMC,Rajasthan,2,4,2023-08-21,1231.3345923827505,1466.656868636653
tomato,2481.0,Kota (F&V) APMC,Rajasthan,2,4,2023-08-28,1007.8522920203736,1597.736495724723
tomato,2481.0,Kota (F&V) APMC,Rajasthan,2,4,2023-09-04,1035.8473421172191,1540.2775150722512
tomato,2481.0,Kota (F&V) APMC,Rajasthan,2,4,2023-09-11,1128.7913018921206,1536.6928972958517
tomato,2481.0,Kota (F&V) APMC,Rajasthan,2,4,2023-09-18,1385.1542821158691,1573.7151991557007
tomato,2481.0,Kota (F&V) APMC,Rajasthan,2,4,2023-09-25,1743.3816577371565,1680.594398005094
tomato,2481.0,Kota (F&V) APMC,Rajasthan,2,4,2023-10-02,1858.946608946609,1509.5783764409384
tomato,2481.0,Kota (F&V) APMC,Rajasthan,2,4,2023-10-09,2078.980891719745,1440.9185696450047
tomato,2481.0,Kota (F&V) APMC,Rajasthan,2,4,2023-10-16,2511.8608935974203,1248.4291635766704
tomato,2481.0,Kota (F&V) APMC,Rajasthan,2,4,2023-10-23,2302.818416523237,1268.4470339714042
tomato,2481.0,Kota (F&V) APMC,Rajasthan,2,4,2023-10-30,2175.430432759423,1285.3096483624506
tomato,2481.0,Kota (F&V) APMC,Rajasthan,2,4,2023-11-06,1142.6163342830005,1474.8591100055623
tomato,2481.0,Kota (F&V) APMC,Rajasthan,2,4,2023-11-13,801.0777170613237,1287.340641460743
tomato,2481.0,Kota (F&V) APMC,Rajasthan,2,4,2023-11-20,936.4594127806562,1145.814153327149
tomato,2481.0,Kota (F&V) APMC,Rajasthan,2,4,2023-11-27,1179.8507462686573,1341.3458783084225
tomato,2481.0,Kota (F&V) APMC,Rajasthan,2,4,2023-12-04,1162.3183004099892,1115.247241528593
tomato,2481.0,Kota (F&V) APMC,Rajasthan,2,4,2023-12-11,1072.3883831816217,967.1748174486106
tomato,2481.0,Kota (F&V) APMC,Rajasthan,2,4,2023-12-18,1321.4434710054236,946.3689120953084
tomato,2481.0,Kota (F&V) APMC,Rajasthan,2,4,2023-12-25,1951.8546272011981,961.0865765146164
tomato,2481.0,Kota (F&V) APMC,Rajasthan,2,13,2023-01-02,1332.1428571428573,1453.5026844847514
tomato,2481.0,Kota (F&V) APMC,Rajasthan,2,13,2023-01-09,1017.5517790759424,1455.833249402945
tomato,2481.0,Kota (F&V) APMC,Rajasthan,2,13,2023-01-16,732.3137074517018,1469.6766342467438
tomato,2481.0,Kota (F&V) APMC,Rajasthan,2,13,2023-01-23,708.4817244611057,1496.05587806565
tomato,2481.0,Kota (F&V) APMC,Rajasthan,2,13,2023-01-30,982.2916666666666,1571.8372791703362
tomato,2481.0,Kota (F&V) APMC,Rajasthan,2,13,2023-02-06,867.2501591343096,1558.5038547397307
tomato,2481.0,Kota (F&V) APMC,Rajasthan,2,13,2023-02-13,882.1938267507464,1551.2682686861506
tomato,2481.0,Kota (F&V) APMC,Rajasthan,2,13,2023-02-20,780.7927495086265,1558.3402067116274
tomato,2481.0,Kota (F&V) APMC,Rajasthan,2,13,2023-02-27,789.6720368239359,1581.9870390880933
tomato,2481.0,Kota (F&V) APMC,Rajasthan,2,13,2023-03-06,924.9380932728022,1673.4056554279373
tomato,2481.0,Kota (F&V) APMC,Rajasthan,2,13,2023-03-13,1440.8508691674288,1579.4431646790817
tomato,2481.0,Kota (F&V) APMC,Rajasthan,2,13,2023-03-20,3060.1061007957574,1606.463447604316
tomato,2481.0,Kota (F&V) APMC,Rajasthan,2,13,2023-03-27,4517.356881851398,1660.4004726475766
tomato,2481.0,Kota (F&V) APMC,Rajasthan,2,13,2023-04-03,7523.818454613648,1592.6841252560332
tomato,2481.0,Kota (F&V) APMC,Rajasthan,2,13,2023-04-10,8115.663524292969,2024.4204703847356
tomato,2481.0,Kota (F&V) APMC,Rajasthan,2,13,2023-04-17,7295.841209829864,2037.3332735182228
tomato,2481.0,Kota (F&V) APMC,Rajasthan,2,13,2023-04-24,7129.310344827581,1680.9227927904294
tomato,2481.0,Kota (F&V) APMC,Rajasthan,2,13,2023-05-01,2526.987951807228,1572.6670221631807
tomato,2481.0,Kota (F&V) APMC,Rajasthan,2,13,2023-05-08,5478.602383531963,1821.1035476565135
tomato,2481.0,Kota (F&V) APMC,Rajasthan,2,13,2023-05-15,4766.10110803324,1858.6025905750846
tomato,2481.0,Kota (F&V) APMC,Rajasthan,2,13,2023-05-22,2786.595228467448,1685.9631309617735
tomato,2481.0,Kota (F&V) APMC,Rajasthan,2,13,2023-05-29,2822.645600991327,1638.9490388507593
tomato,2481.0,Kota (F&V) APMC,Rajasthan,2,13,2023-06-05,1754.7341772151901,1805.6243780352481
tomato,2481.0,Kota (F&V) APMC,Rajasthan,2,13,2023-06-12,1351.6937482787116,1702.540748848504
tomato,2481.0,Kota (F&V) APMC,Rajasthan,2,13,2023-06-19,1231.3345923827505,1747.664415134311
tomato,2481.0,Kota (F&V) APMC,Rajasthan,2,13,2023-06-26,1007.8522920203736,1634.0292820144532
tomato,2481.0,Kota (F&V) APMC,Rajasthan,2,13,2023-07-03,1035.8473421172191,1449.278000900796
tomato,2481.0,Kota (F&V) APMC,Rajasthan,2,13,2023-07-10,1128.7913018921206,1512.7794041080156
tomato,2481.0,Kota (F&V) APMC,Rajasthan,2,13,2023-07-17,1385.1542821158691,1545.9716269506055
tomato,2481.0,Kota (F&V) APMC,Rajasthan,2,13,2023-07-24,1743.3816577371565,1589.916996890851
tomato,2481.0,Kota (F&V) APMC,Rajasthan,2,13,2023-07-31,1858.946608946609,1610.2007931204937
tomato,2481.0,Kota (F&V) APMC,Rajasthan,2,13,2023-08-07,2078.980891719745,1574.4623499148097
tomato,2481.0,Kota (F&V) APMC,Rajasthan,2,13,2023-08-14,2511.8608935974203,1568.7261057099279
tomato,2481.0,Kota (F&V) APMC,Rajasthan,2,13,2023-08-21,2302.818416523237,1598.4420955479516
tomato,2481.0,Kota (F&V) APMC,Rajasthan,2,13,2023-08-28,2175.430432759423,1523.2573322623966
tomato,2481.0,Kota (F&V) APMC,Rajasthan,2,13,2023-09-04,1142.6163342830005,1532.8265029078457
tomato,2481.0,Kota (F&V) APMC,Rajasthan,2,13,2023-09-11,801.0777170613237,1575.6944685786937
tomato,2481.0,Kota (F&V) APMC,Rajasthan,2,13,2023-09-18,936.4594127806562,1423.5851847522345
tomato,2481.0,Kota (F&V) APMC,Rajasthan,2,13,2023-09-25,1179.8507462686573,1422.4449152088596
tomato,2481.0,Kota (F&V) APMC,Rajasthan,2,13,2023-10-02,1162.3183004099892,1307.1192587310513
tomato,2481.0,Kota (F&V) APMC,Rajasthan,2,13,2023-10-09,1072.3883831816217,1301.383720405799
tomato,2481.0,Kota (F&V) APMC,Rajasthan,2,13,2023-10-16,1321.4434710054236,1306.7808345506828
tomato,2481.0,Kota (F&V) APMC,Rajasthan,2,13,2023-10-23,1951.8546272011981,1321.5577521587074
tomato,2481.0,Kota (F&V) APMC,Rajasthan,2,13,2023-10-30,1757.641365257259,1286.6190305949442
tomato,2481.0,Kota (F&V) APMC,Rajasthan,2,13,2023-11-06,1179.1983122362865,1234.364674073664
tomato,2481.0,Kota (F&V) APMC,Rajasthan,2,13,2023-11-13,1599.2937266306599,1263.9302206102325
tomato,2481.0,Kota (F&V) APMC,Rajasthan,2,13,2023-11-20,1789.7189123128626,1246.1962354086784
tomato,2481.0,Kota (F&V) APMC,Rajasthan,2,13,2023-11-27,1615.7038512616202,1246.1962354086784
tomato,2481.0,Kota (F&V) APMC,Rajasthan,2,13,2023-12-04,1960.387811634349,1283.0614554580052
tomato,2481.0,Kota (F&V) APMC,Rajasthan,2,13,2023-12-11,2299.51874366768,1289.903980183375
tomato,2481.0,Kota (F&V) APMC,Rajasthan,2,13,2023-12-18,1982.2388059701495,1298.654618830796
tomato,2481.0,Kota (F&V) APMC,Rajasthan,2,13,2023-12-25,1879.4781931464174,1301.96328100412
tomato,2481.0,Kota (F&V) APMC,Rajasthan,2,26,2023-01-02,7523.818454613648,1895.141348170462
tomato,2481.0,Kota (F&V) APMC,Rajasthan,2,26,2023-01-09,8115.663524292969,2031.9090840153929
tomato,2481.0,Kota (F&V) APMC,Rajasthan,2,26,2023-01-16,7295.841209829864,2104.59978946874
tomato,2481.0,Kota (F&V) APMC,Rajasthan,2,26,2023-01-23,7129.310344827581,2231.3954574145973
tomato,2481.0,Kota (F&V) APMC,Rajasthan,2,26,2023-01-30,2526.987951807228,2438.606425915485
tomato,2481.0,Kota (F&V) APMC,Rajasthan,2,26,2023-02-06,5478.602383531963,2730.242195314429
tomato,2481.0,Kota (F&V) APMC,Rajasthan,2,26,2023-02-13,4766.10110803324,2400.295419873063
tomato,2481.0,Kota (F&V) APMC,Rajasthan,2,26,2023-02-20,2786.595228467448,1851.6981470172025
tomato,2481.0,Kota (F&V) APMC,Rajasthan,2,26,2023-02-27,2822.645600991327,1831.1072450312583
tomato,2481.0,Kota (F&V) APMC,Rajasthan,2,26,2023-03-06,1754.7341772151901,2183.124986691002
tomato,2481.0,Kota (F&V) APMC,Rajasthan,2,26,2023-03-13,1351.6937482787116,2129.277082038607
tomato,2481.0,Kota (F&V) APMC,Rajasthan,2,26,2023-03-20,1231.3345923827505,2125.28221882502
tomato,2481.0,Kota (F&V) APMC,Rajasthan,2,26,2023-03-27,1007.8522920203736,2189.1990552368993
tomato,2481.0,Kota (F&V) APMC,Rajasthan,2,26,2023-04-03,1035.8473421172191,2024.7841196843885
tomato,2481.0,Kota (F&V) APMC,Rajasthan,2,26,2023-04-10,1128.7913018921206,2002.4102433848566
tomato,2481.0,Kota (F&V) APMC,Rajasthan,2,26,2023-04-17,1385.1542821158691,1934.5295653049616
tomato,2481.0,Kota (F&V) APMC,Rajasthan,2,26,2023-04-24,1743.3816577371565,1678.1959806988136
tomato,2481.0,Kota (F&V) APMC,Rajasthan,2,26,2023-05-01,1858.946608946609,1941.287771735973
tomato,2481.0,Kota (F&V) APMC,Rajasthan,2,26,2023-05-08,2078.980891719745,1796.941906925114
tomato,2481.0,Kota (F&V) APMC,Rajasthan,2,26,2023-05-15,2511.8608935974203,1660.5863381808226
tomato,2481.0,Kota (F&V) APMC,Rajasthan,2,26,2023-05-22,2302.818416523237,1720.513752329473
tomato,2481.0,Kota (F&V) APMC,Rajasthan,2,26,2023-05-29,2175.430432759423,1683.0946666112131
tomato,2481.0,Kota (F&V) APMC,Rajasthan,2,26,2023-06-05,1142.6163342830005,1549.5902838879701
tomato,2481.0,Kota (F&V) APMC,Rajasthan,2,26,2023-06-12,801.0777170613237,1515.7300581275836
tomato,2481.0,Kota (F&V) APMC,Rajasthan,2,26,2023-06-19,936.4594127806562,1388.7453725048963
tomato,2481.0,Kota (F&V) APMC,Rajasthan,2,26,2023-06-26,1179.8507462686573,1242.5169312859775
tomato,2481.0,Kota (F&V) APMC,Rajasthan,2,26,2023-07-03,1162.3183004099892,1304.3314074232228
tomato,2481.0,Kota (F&V) APMC,Rajasthan,2,26,2023-07-10,1072.3883831816217,1337.9394072380987
tomato,2481.0,Kota (F&V) APMC,Rajasthan,2,26,2023-07-17,1321.4434710054236,1457.415828111986
tomato,2481.0,Kota (F&V) APMC,Rajasthan,2,26,2023-07-24,1951.8546272011981,1335.9620677649816
tomato,2481.0,Kota (F&V) APMC,Rajasthan,2,26,2023-07-31,1757.641365257259,1305.2118258186672
tomato,2481.0,Kota (F&V) APMC,Rajasthan,2,26,2023-08-07,1179.1983122362865,1448.4288569880628
tomato,2481.0,Kota (F&V) APMC,Rajasthan,2,26,2023-08-14,1599.2937266306599,1406.563288437673
tomato,2481.0,Kota (F&V) APMC,Rajasthan,2,26,2023-08-21,1789.7189123128626,1434.0727243381755
tomato,2481.0,Kota (F&V) APMC,Rajasthan,2,26,2023-08-28,1615.7038512616202,1449.348904985144
tomato,2481.0,Kota (F&V) APMC,Rajasthan,2,26,2023-09-04,1960.387811634349,1205.320051135808
tomato,2481.0,Kota (F&V) APMC,Rajasthan,2,26,2023-09-11,2299.51874366768,1226.6171568225666
tomato,2481.0,Kota (F&V) APMC,Rajasthan,2,26,2023-09-18,1982.2388059701495,1132.3991272479325
tomato,2481.0,Kota (F&V) APMC,Rajasthan,2,26,2023-09-25,1879.4781931464174,1140.9563700432552
tomato,2481.0,Kota (F&V) APMC,Rajasthan,2,26,2023-10-02,1621.9441770933593,1186.8235171514634
tomato,2481.0,Kota (F&V) APMC,Rajasthan,2,26,2023-10-09,1150.0000000000002,1193.4173208452648
tomato,2481.0,Kota (F&V) APMC,Rajasthan,2,26,2023-10-16,1490.389294403893,1206.007590476015
tomato,2481.0,Kota (F&V) APMC,Rajasthan,2,26,2023-10-23,1538.9407372841808,1131.1387040032105
tomato,2481.0,Kota (F&V) APMC,Rajasthan,2,26,2023-10-30,1450.1325381047052,1285.3335295862091
tomato,2481.0,Kota (F&V) APMC,Rajasthan,2,26,2023-11-06,1572.358900144718,1222.2382698926447
tomato,2481.0,Kota (F&V) APMC,Rajasthan,2,26,2023-11-13,1030.4619462324881,1366.9692644054364
tomato,2481.0,Kota (F&V) APMC,Rajasthan,2,26,2023-11-20,1104.8312236286924,1484.6884534894443
tomato,2481.0,Kota (F&V) APMC,Rajasthan,2,26,2023-11-27,1010.4651162790703,1471.4324638751423
tomato,2481.0,Kota (F&V) APMC,Rajasthan,2,26,2023-12-04,746.179930795848,1815.8672650075978
tomato,2481.0,Kota (F&V) APMC,Rajasthan,2,26,2023-12-11,749.6879063719116,1663.1951337122835
tomato,2481.0,Kota (F&V) APMC,Rajasthan,2,26,2023-12-18,1720.5017301038058,1699.0436616854042
tomato,2481.0,Kota (F&V) APMC,Rajasthan,2,26,2023-12-25,2052.180395080134,1753.4591142240445
tomato,2481.0,Kota (F&V) APMC,Rajasthan,3,1,2024-01-01,1072.3883831816217,1191.835385939691
tomato,2481.0,Kota (F&V) APMC,Rajasthan,3,1,2024-01-08,1321.4434710054236,1219.261160250734
tomato,2481.0,Kota (F&V) APMC,Rajasthan,3,1,2024-01-15,1951.8546272011981,1213.2670715391655
tomato,2481.0,Kota (F&V) APMC,Rajasthan,3,1,2024-01-22,1757.641365257259,1308.8123558014534
tomato,2481.0,Kota (F&V) APMC,Rajasthan,3,1,2024-01-29,1179.1983122362865,1225.8733088670501
tomato,2481.0,Kota (F&V) APMC,Rajasthan,3,1,2024-02-05,1599.2937266306599,1195.2102637412697
tomato,2481.0,Kota (F&V) APMC,Rajasthan,3,1,2024-02-12,1789.7189123128626,1293.1069515310994
tomato,2481.0,Kota (F&V) APMC,Rajasthan,3,1,2024-02-19,1615.7038512616202,1094.2875411903287
tomato,2481.0,Kota (F&V) APMC,Rajasthan,3,1,2024-02-26,1960.387811634349,1470.4152434201683
tomato,2481.0,Kota (F&V) APMC,Rajasthan,3,1,2024-03-04,2299.51874366768,1672.4331148721599
tomato,2481.0,Kota (F&V) APMC,Rajasthan,3,1,2024-03-11,1982.2388059701495,1844.6954007750553
tomato,2481.0,Kota (F&V) APMC,Rajasthan,3,1,2024-03-18,1879.4781931464174,2157.475263999869
tomato,2481.0,Kota (F&V) APMC,Rajasthan,3,1,2024-03-25,1621.9441770933593,1812.9969463799816
tomato,2481.0,Kota (F&V) APMC,Rajasthan,3,1,2024-04-01,1150.0000000000002,1705.467698759875
tomato,2481.0,Kota (F&V) APMC,Rajasthan,3,1,2024-04-08,1490.389294403893,1555.8866980277362
tomato,2481.0,Kota (F&V) APMC,Rajasthan,3,1,2024-04-15,1538.9407372841808,1517.1495036523245
tomato,2481.0,Kota (F&V) APMC,Rajasthan,3,1,2024-04-22,1450.1325381047052,1571.1407455328983
tomato,2481.0,Kota (F&V) APMC,Rajasthan,3,1,2024-04-29,1572.358900144718,1585.6077747169256
tomato,2481.0,Kota (F&V) APMC,Rajasthan,3,1,2024-05-06,1030.4619462324881,1441.7686032072902
tomato,2481.0,Kota (F&V) APMC,Rajasthan,3,1,2024-05-13,1104.8312236286924,1441.7402522210082
tomato,2481.0,Kota (F&V) APMC,Rajasthan,3,1,2024-05-20,1010.4651162790703,1749.5496310393157
tomato,2481.0,Kota (F&V) APMC,Rajasthan,3,1,2024-05-27,746.179930795848,1623.025717357401
tomato,2481.0,Kota (F&V) APMC,Rajasthan,3,1,2024-06-03,749.6879063719116,1713.009479903371
tomato,2481.0,Kota (F&V) APMC,Rajasthan,3,1,2024-06-10,1720.5017301038058,1727.2888241239307
tomato,2481.0,Kota (F&V) APMC,Rajasthan,3,1,2024-06-17,2052.180395080134,2168.262545991566
tomato,2481.0,Kota (F&V) APMC,Rajasthan,3,1,2024-06-24,3889.573552425664,2544.6178336458916
tomato,2481.0,Kota (F&V) APMC,Rajasthan,3,1,2024-07-01,4075.9785244198097,2400.611115150664
tomato,2481.0,Kota (F&V) APMC,Rajasthan,3,1,2024-07-08,4687.7094972067025,2666.6121992223043
tomato,2481.0,Kota (F&V) APMC,Rajasthan,3,1,2024-07-15,3531.174698795177,2660.7538580806263
tomato,2481.0,Kota (F&V) APMC,Rajasthan,3,1,2024-07-22,3897.368421052628,2650.330998314568
tomato,2481.0,Kota (F&V) APMC,Rajasthan,3,1,2024-07-29,2747.3159509202465,2671.211847702136
tomato,2481.0,Kota (F&V) APMC,Rajasthan,3,1,2024-08-05,2897.2542072630645,2449.863590271314
tomato,2481.0,Kota (F&V) APMC,Rajasthan,3,1,2024-08-12,2500.0000000000005,2383.7790988540423
tomato,2481.0,Kota (F&V) APMC,Rajasthan,3,1,2024-08-19,2238.8627308946043,2088.184355026987
tomato,2481.0,Kota (F&V) APMC,Rajasthan,3,1,2024-08-26,2363.2559908710527,2182.3954411450786
tomato,2481.0,Kota (F&V) APMC,Rajasthan,3,1,2024-09-02,2621.097234611953,2097.7571406623674
tomato,2481.0,Kota (F&V) APMC,Rajasthan,3,1,2024-09-09,3276.4834727200346,2247.0891524689378
tomato,2481.0,Kota (F&V) APMC,Rajasthan,3,1,2024-09-16,3568.307086614173,2626.143230410981
tomato,2481.0,Kota (F&V) APMC,Rajasthan,3,1,2024-09-23,5000.000000000003,2937.4713086240904
tomato,2481.0,Kota (F&V) APMC,Rajasthan,3,1,2024-09-30,4616.27906976744,2613.0241946156375
tomato,2481.0,Kota (F&V) APMC,Rajasthan,3,1,2024-10-07,4632.7307326355885,2568.682137327032
tomato,2481.0,Kota (F&V) APMC,Rajasthan,3,1,2024-10-14,3722.2589167767487,2398.188007618289
tomato,2481.0,Kota (F&V) APMC,Rajasthan,3,1,2024-10-21,3075.495750708214,2583.627576559617
tomato,2481.0,Kota (F&V) APMC,Rajasthan,3,1,2024-10-28,2731.4877822455915,2411.689573455857
tomato,2481.0,Kota (F&V) APMC,Rajasthan,3,1,2024-11-04,2654.7443097842147,2337.5890273720515
tomato,2481.0,Kota (F&V) APMC,Rajasthan,3,1,2024-11-11,3216.806220095695,2038.7663142995598
tomato,2481.0,Kota (F&V) APMC,Rajasthan,3,1,2024-11-18,3133.1659493065504,1662.9255627524647
tomato,2481.0,Kota (F&V) APMC,Rajasthan,3,1,2024-11-25,2674.9102187397984,1516.0803774300293
tomato,2481.0,Kota (F&V) APMC,Rajasthan,3,1,2024-12-02,1568.7538367096372,1764.9514260466956
tomato,2481.0,Kota (F&V) APMC,Rajasthan,3,1,2024-12-09,1998.3766233766241,1701.8146450404047
tomato,2481.0,Kota (F&V) APMC,Rajasthan,3,1,2024-12-16,1618.9496994621957,1214.5062674322521
tomato,2481.0,Kota (F&V) APMC,Rajasthan,3,1,2024-12-23,971.58836689038,1109.825101034079
tomato,2481.0,Kota (F&V) APMC,Rajasthan,3,1,2024-12-30,623.0402419167249,1135.3184593732412
tomato,2481.0,Kota (F&V) APMC,Rajasthan,3,4,2024-01-01,1757.641365257259,885.3408301463653
tomato,2481.0,Kota (F&V) APMC,Rajasthan,3,4,2024-01-08,1179.1983122362865,866.2405275288155
tomato,2481.0,Kota (F&V) APMC,Rajasthan,3,4,2024-01-15,1599.2937266306599,859.7845950228963
tomato,2481.0,Kota (F&V) APMC,Rajasthan,3,4,2024-01-22,1789.7189123128626,831.7436354367254
tomato,2481.0,Kota (F&V) APMC,Rajasthan,3,4,2024-01-29,1615.7038512616202,1021.5253356121539
tomato,2481.0,Kota (F&V) APMC,Rajasthan,3,4,2024-02-05,1960.387811634349,1085.9494840177576
tomato,2481.0,Kota (F&V) APMC,Rajasthan,3,4,2024-02-12,2299.51874366768,1107.991906493912
tomato,2481.0,Kota (F&V) APMC,Rajasthan,3,4,2024-02-19,1982.2388059701495,1153.4805325829273
tomato,2481.0,Kota (F&V) APMC,Rajasthan,3,4,2024-02-26,1879.4781931464174,1529.2070812816132
tomato,2481.0,Kota (F&V) APMC,Rajasthan,3,4,2024-03-04,1621.9441770933593,1310.4562644651405
tomato,2481.0,Kota (F&V) APMC,Rajasthan,3,4,2024-03-11,1150.0000000000002,1455.899241489482
tomato,2481.0,Kota (F&V) APMC,Rajasthan,3,4,2024-03-18,1490.389294403893,1371.0532644557334
tomato,2481.0,Kota (F&V) APMC,Rajasthan,3,4,2024-03-25,1538.9407372841808,1259.6602515742213
tomato,2481.0,Kota (F&V) APMC,Rajasthan,3,4,2024-04-01,1450.1325381047052,1121.2347134372399
tomato,2481.0,Kota (F&V) APMC,Rajasthan,3,4,2024-04-08,1572.358900144718,1128.6403006866333
tomato,2481.0,Kota (F&V) APMC,Rajasthan,3,4,2024-04-15,1030.4619462324881,1372.380104815135
tomato,2481.0,Kota (F&V) APMC,Rajasthan,3,4,2024-04-22,1104.8312236286924,1367.8334814749892
tomato,2481.0,Kota (F&V) APMC,Rajasthan,3,4,2024-04-29,1010.4651162790703,1413.2140635639787
tomato,2481.0,Kota (F&V) APMC,Rajasthan,3,4,2024-05-06,746.179930795848,1524.0105603237444
tomato,2481.0,Kota (F&V) APMC,Rajasthan,3,4,2024-05-13,749.6879063719116,1463.968673630107
tomato,2481.0,Kota (F&V) APMC,Rajasthan,3,4,2024-05-20,1720.5017301038058,1471.6601635165111
tomato,2481.0,Kota (F&V) APMC,Rajasthan,3,4,2024-05-27,2052.180395080134,1534.9820040384127
tomato,2481.0,Kota (F&V) APMC,Rajasthan,3,4,2024-06-03,3889.573552425664,1716.1977447399593
tomato,2481.0,Kota (F&V) APMC,Rajasthan,3,4,2024-06-10,4075.9785244198097,2487.926856562216
tomato,2481.0,Kota (F&V) APMC,Rajasthan,3,4,2024-06-17,4687.7094972067025,2431.6832951913066
tomato,2481.0,Kota (F&V) APMC,Rajasthan,3,4,2024-06-24,3531.174698795177,2250.224608812795
tomato,2481.0,Kota (F&V) APMC,Rajasthan,3,4,2024-07-01,3897.368421052628,2153.880119199866
tomato,2481.0,Kota (F&V) APMC,Rajasthan,3,4,2024-07-08,2747.3159509202465,1623.9599740042952
tomato,2481.0,Kota (F&V) APMC,Rajasthan,3,4,2024-07-15,2897.2542072630645,1648.6074219532684
tomato,2481.0,Kota (F&V) APMC,Rajasthan,3,4,2024-07-22,2500.0000000000005,1591.5278853197221
tomato,2481.0,Kota (F&V) APMC,Rajasthan,3,4,2024-07-29,2238.8627308946043,1289.1362563728087
tomato,2481.0,Kota (F&V) APMC,Rajasthan,3,4,2024-08-05,2363.2559908710527,1286.1118278672623
tomato,2481.0,Kota (F&V) APMC,Rajasthan,3,4,2024-08-12,2621.097234611953,1436.7216376431884
tomato,2481.0,Kota (F&V) APMC,Rajasthan,3,4,2024-08-19,3276.4834727200346,1474.8796646878554
tomato,2481.0,Kota (F&V) APMC,Rajasthan,3,4,2024-08-26,3568.307086614173,1463.9435734628057
tomato,2481.0,Kota (F&V) APMC,Rajasthan,3,4,2024-09-02,5000.000000000003,1593.125217255939
tomato,2481.0,Kota (F&V) APMC,Rajasthan,3,4,2024-09-09,4616.27906976744,1447.305186304511
tomato,2481.0,Kota (F&V) APMC,Rajasthan,3,4,2024-09-16,4632.7307326355885,1911.991775032101
tomato,2481.0,Kota (F&V) APMC,Rajasthan,3,4,2024-09-23,3722.2589167767487,1990.8900300472083
tomato,2481.0,Kota (F&V) APMC,Rajasthan,3,4,2024-09-30,3075.495750708214,1959.5433630240982
tomato,2481.0,Kota (F&V) APMC,Rajasthan,3,4,2024-10-07,2731.4877822455915,1755.0676080845035
tomato,2481.0,Kota (F&V) APMC,Rajasthan,3,4,2024-10-14,2654.7443097842147,1535.5418177970678
tomato,2481.0,Kota (F&V) APMC,Rajasthan,3,4,2024-10-21,3216.806220095695,1521.8546823830895
tomato,2481.0,Kota (F&V) APMC,Rajasthan,3,4,2024-10-28,3133.1659493065504,1203.8776746303965
tomato,2481.0,Kota (F&V) APMC,Rajasthan,3,4,2024-11-04,2674.9102187397984,1059.8333201340265
tomato,2481.0,Kota (F&V) APMC,Rajasthan,3,4,2024-11-11,1568.7538367096372,1175.7027493900553
tomato,2481.0,Kota (F&V) APMC,Rajasthan,3,4,2024-11-18,1998.3766233766241,758.171773842164
tomato,2481.0,Kota (F&V) APMC,Rajasthan,3,4,2024-11-25,1618.9496994621957,891.6968408359032
tomato,2481.0,Kota (F&V) APMC,Rajasthan,3,4,2024-12-02,971.58836689038,1049.721963421764
tomato,2481.0,Kota (F&V) APMC,Rajasthan,3,4,2024-12-09,623.0402419167249,947.7958908272091
tomato,2481.0,Kota (F&V) APMC,Rajasthan,3,4,2024-12-16,861.3066432028154,796.5618276511291
tomato,2481.0,Kota (F&V) APMC,Rajasthan,3,4,2024-12-23,709.4990149169718,801.6476523750869
tomato,2481.0,Kota (F&V) APMC,Rajasthan,3,4,2024-12-30,650.0130208333336,856.7600439415653
tomato,2481.0,Kota (F&V) APMC,Rajasthan,3,13,2024-01-01,1621.9441770933593,1269.8136784804503
tomato,2481.0,Kota (F&V) APMC,Rajasthan,3,13,2024-01-08,1150.0000000000002,1264.698291684252
tomato,2481.0,Kota (F&V) APMC,Rajasthan,3,13,2024-01-15,1490.389294403893,1314.0343704402321
tomato,2481.0,Kota (F&V) APMC,Rajasthan,3,13,2024-01-22,1538.9407372841808,1253.8230756306855
tomato,2481.0,Kota (F&V) APMC,Rajasthan,3,13,2024-01-29,1450.1325381047052,1398.3817822915078
tomato,2481.0,Kota (F&V) APMC,Rajasthan,3,13,2024-02-05,1572.358900144718,1297.5117763032115
tomato,2481.0,Kota (F&V) APMC,Rajasthan,3,13,2024-02-12,1030.4619462324881,1261.4303692802368
tomato,2481.0,Kota (F&V) APMC,Rajasthan,3,13,2024-02-19,1104.8312236286924,1285.487617966425
tomato,2481.0,Kota (F&V) APMC,Rajasthan,3,13,2024-02-26,1010.4651162790703,1377.4398812742756
tomato,2481.0,Kota (F&V) APMC,Rajasthan,3,13,2024-03-04,746.179930795848,1394.1571679189958
tomato,2481.0,Kota (F&V) APMC,Rajasthan,3,13,2024-03-11,749.6879063719116,1440.7303659547858
tomato,2481.0,Kota (F&V) APMC,Rajasthan,3,13,2024-03-18,1720.5017301038058,1641.7841152626418
tomato,2481.0,Kota (F&V) APMC,Rajasthan,3,13,2024-03-25,2052.180395080134,1868.8442147916576
tomato,2481.0,Kota (F&V) APMC,Rajasthan,3,13,2024-04-01,3889.573552425664,1575.288498435143
tomato,2481.0,Kota (F&V) APMC,Rajasthan,3,13,2024-04-08,4075.9785244198097,1473.7419545283415
tomato,2481.0,Kota (F&V) APMC,Rajasthan,3,13,2024-04-15,4687.7094972067025,1532.359578391907
tomato,2481.0,Kota (F&V) APMC,Rajasthan,3,13,2024-04-22,3531.174698795177,1812.9120231113982
tomato,2481.0,Kota (F&V) APMC,Rajasthan,3,13,2024-04-29,3897.368421052628,1971.6051850183733
tomato,2481.0,Kota (F&V) APMC,Rajasthan,3,13,2024-05-06,2747.3159509202465,1888.0198748011583
tomato,2481.0,Kota (F&V) APMC,Rajasthan,3,13,2024-05-13,2897.2542072630645,1876.7078624512908
tomato,2481.0,Kota (F&V) APMC,Rajasthan,3,13,2024-05-20,2500.0000000000005,1890.6860747996452
tomato,2481.0,Kota (F&V) APMC,Rajasthan,3,13,2024-05-27,2238.8627308946043,1656.1870512328478
tomato,2481.0,Kota (F&V) APMC,Rajasthan,3,13,2024-06-03,2363.2559908710527,1480.8385444462017
tomato,2481.0,Kota (F&V) APMC,Rajasthan,3,13,2024-06-10,2621.097234611953,1576.5976185496793
tomato,2481.0,Kota (F&V) APMC,Rajasthan,3,13,2024-06-17,3276.4834727200346,1557.9221347016844
tomato,2481.0,Kota (F&V) APMC,Rajasthan,3,13,2024-06-24,3568.307086614173,1793.0764641971036
tomato,2481.0,Kota (F&V) APMC,Rajasthan,3,13,2024-07-01,5000.000000000003,1730.4198956087082
tomato,2481.0,Kota (F&V) APMC,Rajasthan,3,13,2024-07-08,4616.27906976744,1984.9127505376503
tomato,2481.0,Kota (F&V) APMC,Rajasthan,3,13,2024-07-15,4632.7307326355885,1866.633631560637
tomato,2481.0,Kota (F&V) APMC,Rajasthan,3,13,2024-07-22,3722.2589167767487,2113.813374700237
tomato,2481.0,Kota (F&V) APMC,Rajasthan,3,13,2024-07-29,3075.495750708214,1911.6648259670965
tomato,2481.0,Kota (F&V) APMC,Rajasthan,3,13,2024-08-05,2731.4877822455915,1577.246761634996
tomato,2481.0,Kota (F&V) APMC,Rajasthan,3,13,2024-08-12,2654.7443097842147,1670.440225033022
tomato,2481.0,Kota (F&V) APMC,Rajasthan,3,13,2024-08-19,3216.806220095695,1530.5529026434872
tomato,2481.0,Kota (F&V) APMC,Rajasthan,3,13,2024-08-26,3133.1659493065504,1579.11776439446
tomato,2481.0,Kota (F&V) APMC,Rajasthan,3,13,2024-09-02,2674.9102187397984,1374.4907137109856
tomato,2481.0,Kota (F&V) APMC,Rajasthan,3,13,2024-09-09,1568.7538367096372,1437.4307463297318
tomato,2481.0,Kota (F&V) APMC,Rajasthan,3,13,2024-09-16,1998.3766233766241,1243.9750822193323
tomato,2481.0,Kota (F&V) APMC,Rajasthan,3,13,2024-09-23,1618.9496994621957,1235.9733512927432
tomato,2481.0,Kota (F&V) APMC,Rajasthan,3,13,2024-09-30,971.58836689038,1002.1919086184582
tomato,2481.0,Kota (F&V) APMC,Rajasthan,3,13,2024-10-07,623.0402419167249,1031.1008454564846
tomato,2481.0,Kota (F&V) APMC,Rajasthan,3,13,2024-10-14,861.3066432028154,981.9385480678648
tomato,2481.0,Kota (F&V) APMC,Rajasthan,3,13,2024-10-21,709.4990149169718,1031.0441774843296
tomato,2481.0,Kota (F&V) APMC,Rajasthan,3,13,2024-10-28,650.0130208333336,1114.7817068694185
tomato,2481.0,Kota (F&V) APMC,Rajasthan,3,13,2024-11-04,636.0782153676676,1172.5636280908554
tomato,2481.0,Kota (F&V) APMC,Rajasthan,3,13,2024-11-11,665.3426153426151,1011.7843459931623
tomato,2481.0,Kota (F&V) APMC,Rajasthan,3,13,2024-11-18,578.3909415971395,1036.9074650071068
tomato,2481.0,Kota (F&V) APMC,Rajasthan,3,13,2024-11-25,696.5396341463412,1109.0261171113182
tomato,2481.0,Kota (F&V) APMC,Rajasthan,3,13,2024-12-02,540.0428682774748,1020.5228226333938
tomato,2481.0,Kota (F&V) APMC,Rajasthan,3,13,2024-12-09,535.9314538419018,1024.7505849638205
tomato,2481.0,Kota (F&V) APMC,Rajasthan,3,13,2024-12-16,517.0672239637756,1114.30226131031
tomato,2481.0,Kota (F&V) APMC,Rajasthan,3,13,2024-12-23,520.6022187004753,1196.4594334374128
tomato,2481.0,Kota (F&V) APMC,Rajasthan,3,13,2024-12-30,639.1513761467888,1225.318203668634
tomato,2481.0,Kota (F&V) APMC,Rajasthan,3,26,2024-01-01,3889.573552425664,2245.5535520577773
tomato,2481.0,Kota (F&V) APMC,Rajasthan,3,26,2024-01-08,4075.9785244198097,2258.098758099444
tomato,2481.0,Kota (F&V) APMC,Rajasthan,3,26,2024-01-15,4687.7094972067025,2296.0320110260736
tomato,2481.0,Kota (F&V) APMC,Rajasthan,3,26,2024-01-22,3531.174698795177,2411.787124617922
tomato,2481.0,Kota (F&V) APMC,Rajasthan,3,26,2024-01-29,3897.368421052628,2331.3992763336764
tomato,2481.0,Kota (F&V) APMC,Rajasthan,3,26,2024-02-05,2747.3159509202465,2382.0644665390005
tomato,2481.0,Kota (F&V) APMC,Rajasthan,3,26,2024-02-12,2897.2542072630645,2167.948178985043
tomato,2481.0,Kota (F&V) APMC,Rajasthan,3,26,2024-02-19,2500.0000000000005,2093.909004423506
tomato,2481.0,Kota (F&V) APMC,Rajasthan,3,26,2024-02-26,2238.8627308946043,2156.727729719626
tomato,2481.0,Kota (F&V) APMC,Rajasthan,3,26,2024-03-04,2363.2559908710527,2422.070768207559
tomato,2481.0,Kota (F&V) APMC,Rajasthan,3,26,2024-03-11,2621.097234611953,2082.3231121583326
tomato,2481.0,Kota (F&V) APMC,Rajasthan,3,26,2024-03-18,3276.4834727200346,2136.286248875524
tomato,2481.0,Kota (F&V) APMC,Rajasthan,3,26,2024-03-25,3568.307086614173,2260.611139975152
tomato,2481.0,Kota (F&V) APMC,Rajasthan,3,26,2024-04-01,5000.000000000003,2040.4599227894032
tomato,2481.0,Kota (F&V) APMC,Rajasthan,3,26,2024-04-08,4616.27906976744,2072.512334172407
tomato,2481.0,Kota (F&V) APMC,Rajasthan,3,26,2024-04-15,4632.7307326355885,1778.390991374141
tomato,2481.0,Kota (F&V) APMC,Rajasthan,3,26,2024-04-22,3722.2589167767487,1650.295406151009
tomato,2481.0,Kota (F&V) APMC,Rajasthan,3,26,2024-04-29,3075.495750708214,1672.0610013074909
tomato,2481.0,Kota (F&V) APMC,Rajasthan,3,26,2024-05-06,2731.4877822455915,1409.6029494404534
tomato,2481.0,Kota (F&V) APMC,Rajasthan,3,26,2024-05-13,2654.7443097842147,1679.9156655499412
tomato,2481.0,Kota (F&V) APMC,Rajasthan,3,26,2024-05-20,3216.806220095695,1745.447566528267
tomato,2481.0,Kota (F&V) APMC,Rajasthan,3,26,2024-05-27,3133.1659493065504,1453.392688694841
tomato,2481.0,Kota (F&V) APMC,Rajasthan,3,26,2024-06-03,2674.9102187397984,1357.625536515628
tomato,2481.0,Kota (F&V) APMC,Rajasthan,3,26,2024-06-10,1568.7538367096372,1311.894036587703
tomato,2481.0,Kota (F&V) APMC,Rajasthan,3,26,2024-06-17,1998.3766233766241,1380.1585078684623
tomato,2481.0,Kota (F&V) APMC,Rajasthan,3,26,2024-06-24,1618.9496994621957,1087.947803322666
tomato,2481.0,Kota (F&V) APMC,Rajasthan,3,26,2024-07-01,971.58836689038,1110.653006203429
tomato,2481.0,Kota (F&V) APMC,Rajasthan,3,26,2024-07-08,623.0402419167249,997.0616433573259
tomato,2481.0,Kota (F&V) APMC,Rajasthan,3,26,2024-07-15,861.3066432028154,1010.6219984212349
tomato,2481.0,Kota (F&V) APMC,Rajasthan,3,26,2024-07-22,709.4990149169718,1086.9127765362005
tomato,2481.0,Kota (F&V) APMC,Rajasthan,3,26,2024-07-29,650.0130208333336,1030.4619955571336
tomato,2481.0,Kota (F&V) APMC,Rajasthan,3,26,2024-08-05,636.0782153676676,991.1370061031637
tomato,2481.0,Kota (F&V) APMC,Rajasthan,3,26,2024-08-12,665.3426153426151,1104.7748211423673
tomato,2481.0,Kota (F&V) APMC,Rajasthan,3,26,2024-08-19,578.3909415971395,1014.3467802101768
tomato,2481.0,Kota (F&V) APMC,Rajasthan,3,26,2024-08-26,696.5396341463412,1099.4468001777714
tomato,2481.0,Kota (F&V) APMC,Rajasthan,3,26,2024-09-02,540.0428682774748,1044.146477462272
tomato,2481.0,Kota (F&V) APMC,Rajasthan,3,26,2024-09-09,535.9314538419018,1130.1644124578447
tomato,2481.0,Kota (F&V) APMC,Rajasthan,3,26,2024-09-16,517.0672239637756,969.7575898971161
tomato,2481.0,Kota (F&V) APMC,Rajasthan,3,26,2024-09-23,520.6022187004753,960.3885311898119
tomato,2481.0,Kota (F&V) APMC,Rajasthan,3,26,2024-09-30,639.1513761467888,1020.5806793313847
tomato,2481.0,Kota (F&V) APMC,Rajasthan,3,26,2024-10-07,692.8571428571431,1018.6488939640145
tomato,2481.0,Kota (F&V) APMC,Rajasthan,3,26,2024-10-14,627.6976744186046,958.1708486140319
tomato,2481.0,Kota (F&V) APMC,Rajasthan,3,26,2024-10-21,528.6004056795131,1012.8956902494588
tomato,2481.0,Kota (F&V) APMC,Rajasthan,3,26,2024-10-28,731.8903891977759,1121.4010767604652
tomato,2481.0,Kota (F&V) APMC,Rajasthan,3,26,2024-11-04,585.3674258702193,1102.9219103743114
tomato,2481.0,Kota (F&V) APMC,Rajasthan,3,26,2024-11-11,775.1570351758793,1012.015889790461
tomato,2481.0,Kota (F&V) APMC,Rajasthan,3,26,2024-11-18,1406.1433447098973,1168.2085224657058
tomato,2481.0,Kota (F&V) APMC,Rajasthan,3,26,2024-11-25,1451.1978704525295,1080.8740709834442
tomato,2481.0,Kota (F&V) APMC,Rajasthan,3,26,2024-12-02,1443.9296187683292,1076.2543761845138
tomato,2481.0,Kota (F&V) APMC,Rajasthan,3,26,2024-12-09,1960.94782034346,1184.2502231039593
tomato,2481.0,Kota (F&V) APMC,Rajasthan,3,26,2024-12-16,1579.995023637721,1518.0847494518557
tomato,2481.0,Kota (F&V) APMC,Rajasthan,3,26,2024-12-23,2310.997732426304,1383.8174948362314
tomato,2481.0,Kota (F&V) APMC,Rajasthan,3,26,2024-12-30,2770.218228498075,1845.2720333298591
tomato,2481.0,Kota (F&V) APMC,Rajasthan,4,1,2025-01-06,861.3066432028154,923.8042623530832
tomato,2481.0,Kota (F&V) APMC,Rajasthan,4,1,2025-01-13,709.4990149169718,960.1405488403343
tomato,2481.0,Kota (F&V) APMC,Rajasthan,4,1,2025-01-20,650.0130208333336,1096.8805884952928
tomato,2481.0,Kota (F&V) APMC,Rajasthan,4,1,2025-01-27,636.0782153676676,1068.9262813901007
tomato,2481.0,Kota (F&V) APMC,Rajasthan,4,1,2025-02-03,665.3426153426151,985.8972438896966
tomato,2481.0,Kota (F&V) APMC,Rajasthan,4,1,2025-02-10,578.3909415971395,983.3742699968519
tomato,2481.0,Kota (F&V) APMC,Rajasthan,4,1,2025-02-17,696.5396341463412,951.657416560348
tomato,2481.0,Kota (F&V) APMC,Rajasthan,4,1,2025-02-24,540.0428682774748,1046.4209828713842
tomato,2481.0,Kota (F&V) APMC,Rajasthan,4,1,2025-03-03,535.9314538419018,1051.114871225119
tomato,2481.0,Kota (F&V) APMC,Rajasthan,4,1,2025-03-10,517.0672239637756,1006.6618053136725
tomato,2481.0,Kota (F&V) APMC,Rajasthan,4,1,2025-03-17,520.6022187004753,956.9850819834409
tomato,2481.0,Kota (F&V) APMC,Rajasthan,4,1,2025-03-24,639.1513761467888,1008.6574664025952
tomato,2481.0,Kota (F&V) APMC,Rajasthan,4,1,2025-03-31,692.8571428571431,963.5522243717115
tomato,2481.0,Kota (F&V) APMC,Rajasthan,4,1,2025-04-07,627.6976744186046,1083.869928259864
tomato,2481.0,Kota (F&V) APMC,Rajasthan,4,1,2025-04-14,528.6004056795131,1004.6055078733298
tomato,2481.0,Kota (F&V) APMC,Rajasthan,4,1,2025-04-21,731.8903891977759,1030.380092619604
tomato,2481.0,Kota (F&V) APMC,Rajasthan,4,1,2025-04-28,585.3674258702193,984.9981491881535
tomato,2481.0,Kota (F&V) APMC,Rajasthan,4,1,2025-05-05,775.1570351758793,1014.9063018620623
tomato,2481.0,Kota (F&V) APMC,Rajasthan,4,1,2025-05-12,1406.1433447098973,1033.1932030219875
tomato,2481.0,Kota (F&V) APMC,Rajasthan,4,1,2025-05-19,1451.1978704525295,1034.259283081583
tomato,2481.0,Kota (F&V) APMC,Rajasthan,4,1,2025-05-26,1443.9296187683292,1207.3854488228565
tomato,2481.0,Kota (F&V) APMC,Rajasthan,4,1,2025-06-02,1960.94782034346,1506.6170372315885
tomato,2481.0,Kota (F&V) APMC,Rajasthan,4,1,2025-06-09,1579.995023637721,1417.9713537755001
tomato,2481.0,Kota (F&V) APMC,Rajasthan,4,1,2025-06-16,2310.997732426304,1398.276825193894
tomato,2481.0,Kota (F&V) APMC,Rajasthan,4,1,2025-06-23,2770.218228498075,1433.380328251745
tomato,2481.0,Kota (F&V) APMC,Rajasthan,4,1,2025-06-30,2853.8376790304806,1961.3835650105498
tomato,2481.0,Kota (F&V) APMC,Rajasthan,4,1,2025-07-07,2815.201005025126,2077.081844667486
tomato,2481.0,Kota (F&V) APMC,Rajasthan,4,1,2025-07-14,3317.0777279521653,1783.6047047246657
tomato,2481.0,Kota (F&V) APMC,Rajasthan,4,1,2025-07-21,3633.087535680306,1758.8427494053626
tomato,2481.0,Kota (F&V) APMC,Rajasthan,4,1,2025-07-28,3639.606197546803,1971.8471794018387
tomato,2481.0,Kota (F&V) APMC,Rajasthan,4,1,2025-08-04,3570.159200296188,1925.3086266083114
tomato,2481.0,Kota (F&V) APMC,Rajasthan,4,1,2025-08-11,3230.3117309269896,2009.8778572125914
tomato,2481.0,Kota (F&V) APMC,Rajasthan,4,1,2025-08-18,2307.45382585752,2067.048700328063
tomato,2481.0,Kota (F&V) APMC,Rajasthan,4,1,2025-08-25,2228.294249022892,1869.5488381288737
tomato,2481.0,Kota (F&V) APMC,Rajasthan,4,1,2025-09-01,1488.3432963279242,1813.6355013259235
tomato,2481.0,Kota (F&V) APMC,Rajasthan,4,1,2025-09-08,1499.9999999999998,1631.3945220511457
tomato,2481.0,Kota (F&V) APMC,Rajasthan,4,1,2025-09-15,1917.025089605735,1586.6548806158078
tomato,2481.0,Kota (F&V) APMC,Rajasthan,4,1,2025-09-22,1787.7928257686674,1496.5078656392186
tomato,2481.0,Kota (F&V) APMC,Rajasthan,4,1,2025-09-29,2014.172335600906,1546.9929644740807
tomato,2481.0,Kota (F&V) APMC,Rajasthan,4,1,2025-10-06,1646.697819314641,1461.0561346915267
tomato,2481.0,Kota (F&V) APMC,Rajasthan,4,1,2025-10-13,1715.036051344462,1487.647989587694
tomato,2481.0,Kota (F&V) APMC,Rajasthan,4,1,2025-10-20,1783.374283374284,1465.3017349386998
tomato,2481.0,Kota (F&V) APMC,Rajasthan,4,1,2025-10-27,1499.9999999999998,1482.3815491134856
tomato,2481.0,Kota (F&V) APMC,Rajasthan,4,1,2025-11-03,1479.1666666666672,1609.5495001004567
tomato,2481.0,Kota (F&V) APMC,Rajasthan,4,1,2025-11-10,1458.333333333333,1611.1607355205426
tomato,2481.0,Kota (F&V) APMC,Rajasthan,4,4,2025-01-06,636.0782153676676,1015.1894845011684
tomato,2481.0,Kota (F&V) APMC,Rajasthan,4,4,2025-01-13,665.3426153426151,974.880965538338
tomato,2481.0,Kota (F&V) APMC,Rajasthan,4,4,2025-01-20,578.3909415971395,1179.5090719706172
tomato,2481.0,Kota (F&V) APMC,Rajasthan,4,4,2025-01-27,696.5396341463412,1114.20663861455
tomato,2481.0,Kota (F&V) APMC,Rajasthan,4,4,2025-02-03,540.0428682774748,1265.1367507233801
tomato,2481.0,Kota (F&V) APMC,Rajasthan,4,4,2025-02-10,535.9314538419018,1361.0696514094564
tomato,2481.0,Kota (F&V) APMC,Rajasthan,4,4,2025-02-17,517.0672239637756,1375.627788839484
tomato,2481.0,Kota (F&V) APMC,Rajasthan,4,4,2025-02-24,520.6022187004753,1424.6749641716087
tomato,2481.0,Kota (F&V) APMC,Rajasthan,4,4,2025-03-03,639.1513761467888,1334.817759016635
tomato,2481.0,Kota (F&V) APMC,Rajasthan,4,4,2025-03-10,692.8571428571431,1342.4879919221235
tomato,2481.0,Kota (F&V) APMC,Rajasthan,4,4,2025-03-17,627.6976744186046,1248.4855805640298
tomato,2481.0,Kota (F&V) APMC,Rajasthan,4,4,2025-03-24,528.6004056795131,1234.945759153933
tomato,2481.0,Kota (F&V) APMC,Rajasthan,4,4,2025-03-31,731.8903891977759,1199.162905409397
tomato,2481.0,Kota (F&V) APMC,Rajasthan,4,4,2025-04-07,585.3674258702193,1148.4860922620326
tomato,2481.0,Kota (F&V) APMC,Rajasthan,4,4,2025-04-14,775.1570351758793,1109.086603158098
tomato,2481.0,Kota (F&V) APMC,Rajasthan,4,4,2025-04-21,1406.1433447098973,1102.927176146776
tomato,2481.0,Kota (F&V) APMC,Rajasthan,4,4,2025-04-28,1451.1978704525295,1199.599014797512
tomato,2481.0,Kota (F&V) APMC,Rajasthan,4,4,2025-05-05,1443.9296187683292,1032.3008974830736
tomato,2481.0,Kota (F&V) APMC,Rajasthan,4,4,2025-05-12,1960.94782034346,1139.6798999591251
tomato,2481.0,Kota (F&V) APMC,Rajasthan,4,4,2025-05-19,1579.995023637721,1159.5193405392456
tomato,2481.0,Kota (F&V) APMC,Rajasthan,4,4,2025-05-26,2310.997732426304,1173.8688141951313
tomato,2481.0,Kota (F&V) APMC,Rajasthan,4,4,2025-06-02,2770.218228498075,1390.0052717483313
tomato,2481.0,Kota (F&V) APMC,Rajasthan,4,4,2025-06-09,2853.8376790304806,1401.621578503512
tomato,2481.0,Kota (F&V) APMC,Rajasthan,4,4,2025-06-16,2815.201005025126,1363.6650657856164
tomato,2481.0,Kota (F&V) APMC,Rajasthan,4,4,2025-06-23,3317.0777279521653,1397.1204473932498
tomato,2481.0,Kota (F&V) APMC,Rajasthan,4,4,2025-06-30,3633.087535680306,1388.9242356218335
tomato,2481.0,Kota (F&V) APMC,Rajasthan,4,4,2025-07-07,3639.606197546803,1477.2731924088268
tomato,2481.0,Kota (F&V) APMC,Rajasthan,4,4,2025-07-14,3570.159200296188,1372.5485533374192
tomato,2481.0,Kota (F&V) APMC,Rajasthan,4,4,2025-07-21,3230.3117309269896,1353.1406480838364
tomato,2481.0,Kota (F&V) APMC,Rajasthan,4,4,2025-07-28,2307.45382585752,1214.873046125132
tomato,2481.0,Kota (F&V) APMC,Rajasthan,4,4,2025-08-04,2228.294249022892,1001.9662686367406
tomato,2481.0,Kota (F&V) APMC,Rajasthan,4,4,2025-08-11,1488.3432963279242,1018.0754145708582
tomato,2481.0,Kota (F&V) APMC,Rajasthan,4,4,2025-08-18,1499.9999999999998,986.6647024522808
tomato,2481.0,Kota (F&V) APMC,Rajasthan,4,4,2025-08-25,1917.025089605735,1033.8180030967876
tomato,2481.0,Kota (F&V) APMC,Rajasthan,4,4,2025-09-01,1787.7928257686674,1134.4344769651525
tomato,2481.0,Kota (F&V) APMC,Rajasthan,4,4,2025-09-08,2014.172335600906,1126.0563163756026
tomato,2481.0,Kota (F&V) APMC,Rajasthan,4,4,2025-09-15,1646.697819314641,1129.0290785540476
tomato,2481.0,Kota (F&V) APMC,Rajasthan,4,4,2025-09-22,1715.036051344462,1106.9024813806184
tomato,2481.0,Kota (F&V) APMC,Rajasthan,4,4,2025-09-29,1783.374283374284,1136.5557043034958
tomato,2481.0,Kota (F&V) APMC,Rajasthan,4,4,2025-10-06,1499.9999999999998,1140.41019485839
tomato,2481.0,Kota (F&V) APMC,Rajasthan,4,4,2025-10-13,1479.1666666666672,1114.9632573356025
tomato,2481.0,Kota (F&V) APMC,Rajasthan,4,4,2025-10-20,1458.333333333333,1156.8340566240329
tomato,2481.0,Kota (F&V) APMC,Rajasthan,4,13,2025-01-06,692.8571428571431,1292.8918926526603
tomato,2481.0,Kota (F&V) APMC,Rajasthan,4,13,2025-01-13,627.6976744186046,1177.4321442683772
tomato,2481.0,Kota (F&V) APMC,Rajasthan,4,13,2025-01-20,528.6004056795131,1220.1529621315728
tomato,2481.0,Kota (F&V) APMC,Rajasthan,4,13,2025-01-27,731.8903891977759,1196.110723299384
tomato,2481.0,Kota (F&V) APMC,Rajasthan,4,13,2025-02-03,585.3674258702193,1267.6994238227217
tomato,2481.0,Kota (F&V) APMC,Rajasthan,4,13,2025-02-10,775.1570351758793,1088.7474429926317
tomato,2481.0,Kota (F&V) APMC,Rajasthan,4,13,2025-02-17,1406.1433447098973,1067.9986321110764
tomato,2481.0,Kota (F&V) APMC,Rajasthan,4,13,2025-02-24,1451.1978704525295,1089.1010266507797
tomato,2481.0,Kota (F&V) APMC,Rajasthan,4,13,2025-03-03,1443.9296187683292,1176.269796022032
tomato,2481.0,Kota (F&V) APMC,Rajasthan,4,13,2025-03-10,1960.94782034346,1134.2584942558606
tomato,2481.0,Kota (F&V) APMC,Rajasthan,4,13,2025-03-17,1579.995023637721,1276.226782103028
tomato,2481.0,Kota (F&V) APMC,Rajasthan,4,13,2025-03-24,2310.997732426304,1276.1623597949256
tomato,2481.0,Kota (F&V) APMC,Rajasthan,4,13,2025-03-31,2770.218228498075,1334.7411209526747
tomato,2481.0,Kota (F&V) APMC,Rajasthan,4,13,2025-04-07,2853.8376790304806,1502.2738737281102
tomato,2481.0,Kota (F&V) APMC,Rajasthan,4,13,2025-04-14,2815.201005025126,1345.8617297185237
tomato,2481.0,Kota (F&V) APMC,Rajasthan,4,13,2025-04-21,3317.0777279521653,1493.5023629542752
tomato,2481.0,Kota (F&V) APMC,Rajasthan,4,13,2025-04-28,3633.087535680306,1542.7559911190133
tomato,2481.0,Kota (F&V) APMC,Rajasthan,4,13,2025-05-05,3639.606197546803,1560.0889616433813
tomato,2481.0,Kota (F&V) APMC,Rajasthan,4,13,2025-05-12,3570.159200296188,1575.3652219344488
tomato,2481.0,Kota (F&V) APMC,Rajasthan,4,13,2025-05-19,3230.3117309269896,1441.377881531168
tomato,2481.0,Kota (F&V) APMC,Rajasthan,4,13,2025-05-26,2307.45382585752,1469.7114691955487
tomato,2481.0,Kota (F&V) APMC,Rajasthan,4,13,2025-06-02,2228.294249022892,1490.151100726696
tomato,2481.0,Kota (F&V) APMC,Rajasthan,4,13,2025-06-09,1488.3432963279242,1331.7721971923975
tomato,2481.0,Kota (F&V) APMC,Rajasthan,4,13,2025-06-16,1499.9999999999998,1371.5105108778957
tomato,2481.0,Kota (F&V) APMC,Rajasthan,4,13,2025-06-23,1917.025089605735,1358.9406986358197
tomato,2481.0,Kota (F&V) APMC,Rajasthan,4,13,2025-06-30,1787.7928257686674,1466.4263982455943
tomato,2481.0,Kota (F&V) APMC,Rajasthan,4,13,2025-07-07,2014.172335600906,1464.0522473747699
tomato,2481.0,Kota (F&V) APMC,Rajasthan,4,13,2025-07-14,1646.697819314641,1515.8253910176606
tomato,2481.0,Kota (F&V) APMC,Rajasthan,4,13,2025-07-21,1715.036051344462,1579.7594230593068
tomato,2481.0,Kota (F&V) APMC,Rajasthan,4,13,2025-07-28,1783.374283374284,1653.9059311939936
tomato,2481.0,Kota (F&V) APMC,Rajasthan,4,13,2025-08-04,1499.9999999999998,1688.6054334745354
tomato,2481.0,Kota (F&V) APMC,Rajasthan,4,13,2025-08-11,1479.1666666666672,1677.7074179031586
tomato,2481.0,Kota (F&V) APMC,Rajasthan,4,13,2025-08-18,1458.333333333333,1429.5763262121611
tomato,2481.0,Kota (F&V) APMC,Rajasthan,4,13,2025-10-27,1250.0000000000005,1061.002223693667
tomato,2481.0,Kota (F&V) APMC,Rajasthan,4,13,2025-11-03,872.9842931937171,1084.262178334101
tomato,2481.0,Kota (F&V) APMC,Rajasthan,4,13,2025-11-10,776.5402124430958,1042.5457220953365
tomato,2481.0,Kota (F&V) APMC,Rajasthan,4,13,2025-11-17,903.9107379584618,1019.0254861124959
tomato,2481.0,Kota (F&V) APMC,Rajasthan,4,13,2025-11-24,708.852963818322,1032.457653273508
tomato,2481.0,Kota (F&V) APMC,Rajasthan,4,26,2025-01-06,2853.8376790304806,2608.2375960705067
tomato,2481.0,Kota (F&V) APMC,Rajasthan,4,26,2025-01-13,2815.201005025126,3071.623680358622
tomato,2481.0,Kota (F&V) APMC,Rajasthan,4,26,2025-01-20,3317.0777279521653,3232.769813849422
tomato,2481.0,Kota (F&V) APMC,Rajasthan,4,26,2025-01-27,3633.087535680306,3217.229512295766
tomato,2481.0,Kota (F&V) APMC,Rajasthan,4,26,2025-02-03,3639.606197546803,4358.372268015764
tomato,2481.0,Kota (F&V) APMC,Rajasthan,4,26,2025-02-10,3570.159200296188,4663.339494259248
tomato,2481.0,Kota (F&V) APMC,Rajasthan,4,26,2025-02-17,3230.3117309269896,4563.39650249946
tomato,2481.0,Kota (F&V) APMC,Rajasthan,4,26,2025-02-24,2307.45382585752,4376.019318415018
tomato,2481.0,Kota (F&V) APMC,Rajasthan,4,26,2025-03-03,2228.294249022892,4210.766212904109
tomato,2481.0,Kota (F&V) APMC,Rajasthan,4,26,2025-03-10,1488.3432963279242,4161.42313821156
tomato,2481.0,Kota (F&V) APMC,Rajasthan,4,26,2025-03-17,1499.9999999999998,3879.267712107677
tomato,2481.0,Kota (F&V) APMC,Rajasthan,4,26,2025-03-24,1917.025089605735,3927.499669091267
tomato,2481.0,Kota (F&V) APMC,Rajasthan,4,26,2025-03-31,1787.7928257686674,3917.843620216964
tomato,2481.0,Kota (F&V) APMC,Rajasthan,4,26,2025-04-07,2014.172335600906,2779.5684809029162
tomato,2481.0,Kota (F&V) APMC,Rajasthan,4,26,2025-04-14,1646.697819314641,2933.5535547545815
tomato,2481.0,Kota (F&V) APMC,Rajasthan,4,26,2025-04-21,1715.036051344462,2909.1148622364
tomato,2481.0,Kota (F&V) APMC,Rajasthan,4,26,2025-04-28,1783.374283374284,2981.9299058019337
tomato,2481.0,Kota (F&V) APMC,Rajasthan,4,26,2025-05-05,1499.9999999999998,2918.0478050031597
tomato,2481.0,Kota (F&V) APMC,Rajasthan,4,26,2025-05-12,1479.1666666666672,3014.9526893284897
tomato,2481.0,Kota (F&V) APMC,Rajasthan,4,26,2025-05-19,1458.333333333333,3009.8629405429338
tomato,2481.0,Kota (F&V) APMC,Rajasthan,4,26,2025-07-28,1250.0000000000005,2003.0457739294682
tomato,2481.0,Kota (F&V) APMC,Rajasthan,4,26,2025-08-04,872.9842931937171,2157.1559531565754
tomato,2481.0,Kota (F&V) APMC,Rajasthan,4,26,2025-08-11,776.5402124430958,2173.8937291719067
tomato,2481.0,Kota (F&V) APMC,Rajasthan,4,26,2025-08-18,903.9107379584618,2170.769706327766
tomato,2481.0,Kota (F&V) APMC,Rajasthan,4,26,2025-08-25,708.852963818322,2183.1592622100225
tomato,2481.0,Kota (F&V) APMC,Rajasthan,4,26,2025-09-01,1266.9104204753203,2625.1008016441215
tomato,2481.0,Kota (F&V) APMC,Rajasthan,4,26,2025-09-08,1337.1478110099702,2541.150822250736
tomato,2481.0,Kota (F&V) APMC,Rajasthan,4,26,2025-09-15,1501.533219761499,2717.042594066048
tomato,2481.0,Kota (F&V) APMC,Rajasthan,4,26,2025-09-22,1599.9999999999995,2152.847131958756
tomato,2481.0,Kota (F&V) APMC,Rajasthan,4,26,2025-09-29,1512.5874125874122,2194.4687023082465
tomato,2481.0,Kota (F&V) APMC,Rajasthan,4,26,2025-10-06,1078.5531370038416,2014.5079305811203
tomato,2481.0,Kota (F&V) APMC,Rajasthan,4,26,2025-10-13,992.1982758620686,2092.35741052037
tomato,2481.0,Kota (F&V) APMC,Rajasthan,4,26,2025-10-20,1001.025056947608,2170.1168151645243
tomato,2481.0,Kota (F&V) APMC,Rajasthan,4,26,2025-10-27,1059.1587516960647,2353.027181784303
tomato,2481.0,Kota (F&V) APMC,Rajasthan,4,26,2025-11-03,1074.892774661828,2379.126165506728
tomato,2481.0,Kota (F&V) APMC,Rajasthan,4,26,2025-11-10,1445.5772113943024,2354.4550733018677
tomato,2481.0,Kota (F&V) APMC,Rajasthan,4,26,2025-11-17,1373.5096265367658,2344.1489294974785
tomato,2481.0,Kota (F&V) APMC,Rajasthan,4,26,2025-11-24,1330.6691449814125,2367.499938260366
tomato,2481.0,Kota (F&V) APMC,Rajasthan,5,1,2026-02-02,776.5402124430958,1098.207410289147
tomato,2481.0,Kota (F&V) APMC,Rajasthan,5,1,2026-02-09,903.9107379584618,897.5875301752914
tomato,2481.0,Kota (F&V) APMC,Rajasthan,5,1,2026-02-16,708.852963818322,1061.6712875012322
tomato,2481.0,Kota (F&V) APMC,Rajasthan,5,1,2026-02-23,1266.9104204753203,1167.9351143378583
tomato,2481.0,Kota (F&V) APMC,Rajasthan,5,1,2026-03-02,1337.1478110099702,985.8382737001532
tomato,2481.0,Kota (F&V) APMC,Rajasthan,5,1,2026-03-09,1501.533219761499,1211.7365915943938
tomato,2481.0,Kota (F&V) APMC,Rajasthan,5,1,2026-03-16,1599.9999999999995,1452.5335726898384
tomato,2481.0,Kota (F&V) APMC,Rajasthan,5,1,2026-03-23,1512.5874125874122,1560.5238880281577
tomato,2481.0,Kota (F&V) APMC,Rajasthan,5,1,2026-03-30,1078.5531370038416,1459.3884106860094
tomato,2481.0,Kota (F&V) APMC,Rajasthan,5,1,2026-04-06,992.1982758620686,1179.2219653018153
tomato,2481.0,Kota (F&V) APMC,Rajasthan,5,1,2026-04-13,1001.025056947608,1039.884402682132
tomato,2481.0,Kota (F&V) APMC,Rajasthan,5,1,2026-04-20,1059.1587516960647,1080.02446089834
tomato,2481.0,Kota (F&V) APMC,Rajasthan,5,1,2026-04-27,1074.892774661828,931.2004906808374
tomato,2481.0,Kota (F&V) APMC,Rajasthan,5,1,2026-05-04,1445.5772113943024,1014.6578995953091
tomato,2481.0,Kota (F&V) APMC,Rajasthan,5,1,2026-05-11,1373.5096265367658,1069.7255707554925
tomato,2481.0,Kota (F&V) APMC,Rajasthan,5,1,2026-05-18,1330.6691449814125,1234.3744852489458
tomato,2481.0,Kota (F&V) APMC,Rajasthan,5,1,2026-05-25,1574.0650406504071,1101.1272880664455
tomato,2481.0,Kota (F&V) APMC,Rajasthan,5,1,2026-06-01,3533.128979014384,890.9557386902138
tomato,2481.0,Kota (F&V) APMC,Rajasthan,5,1,2026-06-08,3631.9821826280604,1121.8582261551649
tomato,2481.0,Kota (F&V) APMC,Rajasthan,5,1,2026-06-15,3071.0012538062006,1257.392340350435
tomato,2481.0,Kota (F&V) APMC,Rajasthan,5,1,2026-06-22,2890.0023747328437,1223.3138131258459
tomato,2481.0,Kota (F&V) APMC,Rajasthan,5,1,2026-06-29,2430.4668304668307,1118.2418762350817
tomato,2481.0,Kota (F&V) APMC,Rajasthan,5,1,2026-07-06,2434.5051379123856,1034.3840311169047
tomato,2481.0,Kota (F&V) APMC,Rajasthan,5,1,2026-07-13,2274.470734744707,1118.5681264716939
tomato,2481.0,Kota (F&V) APMC,Rajasthan,5,1,2026-07-20,2269.298067141404,1039.9944026270346
tomato,2481.0,Kota (F&V) APMC,Rajasthan,5,1,2026-07-27,2074.4399018806216,963.4827794494427
tomato,2481.0,Kota (F&V) APMC,Rajasthan,5,1,2026-08-03,2277.4819494584835,970.0814755676955
tomato,2481.0,Kota (F&V) APMC,Rajasthan,5,1,2026-08-10,2197.779582994854,956.0519952945162
tomato,2481.0,Kota (F&V) APMC,Rajasthan,5,1,2026-08-17,2133.4474885844756,939.5720739132112
tomato,2481.0,Kota (F&V) APMC,Rajasthan,5,1,2026-08-24,2559.055876685934,971.4991094020622
tomato,2481.0,Kota (F&V) APMC,Rajasthan,5,1,2026-08-31,1997.5284552845533,962.8193203750182
tomato,2481.0,Kota (F&V) APMC,Rajasthan,5,1,2026-09-07,2049.31854199683,933.1290533675475
tomato,2481.0,Kota (F&V) APMC,Rajasthan,5,1,2026-09-14,2230.9630924630937,962.5629245552666
tomato,2481.0,Kota (F&V) APMC,Rajasthan,5,1,2026-09-21,2380.621761658031,934.225014784553
tomato,2481.0,Kota (F&V) APMC,Rajasthan,5,1,2026-09-28,2999.9999999999995,1009.087595312049
tomato,2481.0,Kota (F&V) APMC,Rajasthan,5,4,2026-02-02,1266.9104204753203,1296.3677869284095
tomato,2481.0,Kota (F&V) APMC,Rajasthan,5,4,2026-02-09,1337.1478110099702,1443.1695778570804
tomato,2481.0,Kota (F&V) APMC,Rajasthan,5,4,2026-02-16,1501.533219761499,1383.4651662695949
tomato,2481.0,Kota (F&V) APMC,Rajasthan,5,4,2026-02-23,1599.9999999999995,1529.5697070712663
tomato,2481.0,Kota (F&V) APMC,Rajasthan,5,4,2026-03-02,1512.5874125874122,1402.7419405268479
tomato,2481.0,Kota (F&V) APMC,Rajasthan,5,4,2026-03-09,1078.5531370038416,1357.1273018282786
tomato,2481.0,Kota (F&V) APMC,Rajasthan,5,4,2026-03-16,992.1982758620686,1273.609522456887
tomato,2481.0,Kota (F&V) APMC,Rajasthan,5,4,2026-03-23,1001.025056947608,1249.1306318850532
tomato,2481.0,Kota (F&V) APMC,Rajasthan,5,4,2026-03-30,1059.1587516960647,1229.291681856723
tomato,2481.0,Kota (F&V) APMC,Rajasthan,5,4,2026-04-06,1074.892774661828,1252.9155714949168
tomato,2481.0,Kota (F&V) APMC,Rajasthan,5,4,2026-04-13,1445.5772113943024,1359.034763896726
tomato,2481.0,Kota (F&V) APMC,Rajasthan,5,4,2026-04-20,1373.5096265367658,1341.8152865244726
tomato,2481.0,Kota (F&V) APMC,Rajasthan,5,4,2026-04-27,1330.6691449814125,1379.3028963366696
tomato,2481.0,Kota (F&V) APMC,Rajasthan,5,4,2026-05-04,1574.0650406504071,950.1581021204023
tomato,2481.0,Kota (F&V) APMC,Rajasthan,5,4,2026-05-11,3533.128979014384,1068.5149650474232
tomato,2481.0,Kota (F&V) APMC,Rajasthan,5,4,2026-05-18,3631.9821826280604,1120.5170310742371
tomato,2481.0,Kota (F&V) APMC,Rajasthan,5,4,2026-05-25,3071.0012538062006,1165.564925778683
tomato,2481.0,Kota (F&V) APMC,Rajasthan,5,4,2026-06-01,2890.0023747328437,1028.2343208450636
tomato,2481.0,Kota (F&V) APMC,Rajasthan,5,4,2026-06-08,2430.4668304668307,1020.6359703550643
tomato,2481.0,Kota (F&V) APMC,Rajasthan,5,4,2026-06-15,2434.5051379123856,1046.1317031699941
tomato,2481.0,Kota (F&V) APMC,Rajasthan,5,4,2026-06-22,2274.470734744707,1043.964287103529
tomato,2481.0,Kota (F&V) APMC,Rajasthan,5,4,2026-06-29,2269.298067141404,1506.900334922203
tomato,2481.0,Kota (F&V) APMC,Rajasthan,5,4,2026-07-06,2074.4399018806216,1679.8219359706736
tomato,2481.0,Kota (F&V) APMC,Rajasthan,5,4,2026-07-13,2277.4819494584835,1011.383801892206
tomato,2481.0,Kota (F&V) APMC,Rajasthan,5,4,2026-07-20,2197.779582994854,1372.5511510621561
tomato,2481.0,Kota (F&V) APMC,Rajasthan,5,4,2026-07-27,2133.4474885844756,1735.3564139182101
tomato,2481.0,Kota (F&V) APMC,Rajasthan,5,4,2026-08-03,2559.055876685934,1156.7683146193099
tomato,2481.0,Kota (F&V) APMC,Rajasthan,5,4,2026-08-10,1997.5284552845533,779.1537506188648
tomato,2481.0,Kota (F&V) APMC,Rajasthan,5,4,2026-08-17,2049.31854199683,749.1389115123326
tomato,2481.0,Kota (F&V) APMC,Rajasthan,5,4,2026-08-24,2230.9630924630937,734.3794976061778
tomato,2481.0,Kota (F&V) APMC,Rajasthan,5,4,2026-08-31,2380.621761658031,661.6517028834211
tomato,2481.0,Kota (F&V) APMC,Rajasthan,5,4,2026-09-07,2999.9999999999995,614.0823888241749
tomato,2481.0,Kota (F&V) APMC,Rajasthan,5,13,2026-02-02,1074.892774661828,986.5563963181661
tomato,2481.0,Kota (F&V) APMC,Rajasthan,5,13,2026-02-09,1445.5772113943024,1013.7371968018757
tomato,2481.0,Kota (F&V) APMC,Rajasthan,5,13,2026-02-16,1373.5096265367658,982.6759910740473
tomato,2481.0,Kota (F&V) APMC,Rajasthan,5,13,2026-02-23,1330.6691449814125,1134.892927003559
tomato,2481.0,Kota (F&V) APMC,Rajasthan,5,13,2026-03-02,1574.0650406504071,1303.4976788948352
tomato,2481.0,Kota (F&V) APMC,Rajasthan,5,13,2026-03-09,3533.128979014384,1316.141529658109
tomato,2481.0,Kota (F&V) APMC,Rajasthan,5,13,2026-03-16,3631.9821826280604,1693.6601116062852
tomato,2481.0,Kota (F&V) APMC,Rajasthan,5,13,2026-03-23,3071.0012538062006,1959.9322407998332
tomato,2481.0,Kota (F&V) APMC,Rajasthan,5,13,2026-03-30,2890.0023747328437,2185.885928657805
tomato,2481.0,Kota (F&V) APMC,Rajasthan,5,13,2026-04-06,2430.4668304668307,1959.93465175722
tomato,2481.0,Kota (F&V) APMC,Rajasthan,5,13,2026-04-13,2434.5051379123856,2400.443477199112
tomato,2481.0,Kota (F&V) APMC,Rajasthan,5,13,2026-04-20,2274.470734744707,2317.400433617376
tomato,2481.0,Kota (F&V) APMC,Rajasthan,5,13,2026-04-27,2269.298067141404,2317.400433617376
tomato,2481.0,Kota (F&V) APMC,Rajasthan,5,13,2026-05-04,2074.4399018806216,1908.902921173713
tomato,2481.0,Kota (F&V) APMC,Rajasthan,5,13,2026-05-11,2277.4819494584835,2253.025496468189
tomato,2481.0,Kota (F&V) APMC,Rajasthan,5,13,2026-05-18,2197.779582994854,1899.0476268617901
tomato,2481.0,Kota (F&V) APMC,Rajasthan,5,13,2026-05-25,2133.4474885844756,1679.260757047018
tomato,2481.0,Kota (F&V) APMC,Rajasthan,5,13,2026-06-01,2559.055876685934,1466.581168599526
tomato,2481.0,Kota (F&V) APMC,Rajasthan,5,13,2026-06-08,1997.5284552845533,1466.581168599526
tomato,2481.0,Kota (F&V) APMC,Rajasthan,5,13,2026-06-15,2049.31854199683,1389.936224088509
tomato,2481.0,Kota (F&V) APMC,Rajasthan,5,13,2026-06-22,2230.9630924630937,1328.8346174759588
tomato,2481.0,Kota (F&V) APMC,Rajasthan,5,13,2026-06-29,2380.621761658031,1177.313684127544
tomato,2481.0,Kota (F&V) APMC,Rajasthan,5,13,2026-07-06,2999.9999999999995,1158.761480103924
tomato,2481.0,Kota (F&V) APMC,Rajasthan,5,26,2026-02-02,2074.4399018806216,1877.7758805433039
tomato,2481.0,Kota (F&V) APMC,Rajasthan,5,26,2026-02-09,2277.4819494584835,2137.3558332347384
tomato,2481.0,Kota (F&V) APMC,Rajasthan,5,26,2026-02-16,2197.779582994854,2252.2748460076764
tomato,2481.0,Kota (F&V) APMC,Rajasthan,5,26,2026-02-23,2133.4474885844756,2179.012043705104
tomato,2481.0,Kota (F&V) APMC,Rajasthan,5,26,2026-03-02,2559.055876685934,2350.678280553779
tomato,2481.0,Kota (F&V) APMC,Rajasthan,5,26,2026-03-09,1997.5284552845533,2352.6735910855846
tomato,2481.0,Kota (F&V) APMC,Rajasthan,5,26,2026-03-16,2049.31854199683,2352.6735910855846
tomato,2481.0,Kota (F&V) APMC,Rajasthan,5,26,2026-03-23,2230.9630924630937,2352.6735910855846
tomato,2481.0,Kota (F&V) APMC,Rajasthan,5,26,2026-03-30,2380.621761658031,2165.938861691368
tomato,2481.0,Kota (F&V) APMC,Rajasthan,5,26,2026-04-06,2999.9999999999995,1790.069865223549
onion,54.0,Bharuch APMC,Gujarat,4,1,2025-01-06,1793.8461538461531,1990.186477839692
onion,54.0,Bharuch APMC,Gujarat,4,1,2025-01-13,1763.7263556116013,2017.1746056388147
onion,54.0,Bharuch APMC,Gujarat,4,1,2025-01-20,1733.6065573770493,2008.699239355201
onion,54.0,Bharuch APMC,Gujarat,4,1,2025-01-27,1499.9999999999998,1993.6799909093684
onion,54.0,Bharuch APMC,Gujarat,4,1,2025-02-03,1499.9999999999998,1883.740576077506
onion,54.0,Bharuch APMC,Gujarat,4,1,2025-02-10,1552.6717557251914,1814.5060452392568
onion,54.0,Bharuch APMC,Gujarat,4,1,2025-02-17,1988.636363636363,1801.9941418190258
onion,54.0,Bharuch APMC,Gujarat,4,1,2025-02-24,2245.454545454544,1808.1862926417155
onion,54.0,Bharuch APMC,Gujarat,4,1,2025-03-03,1717.2413793103444,1808.1201012348615
onion,54.0,Bharuch APMC,Gujarat,4,1,2025-03-10,1499.9999999999998,1808.1201012348615
onion,54.0,Bharuch APMC,Gujarat,4,1,2025-03-17,1487.7783813145024,1672.698497231948
onion,54.0,Bharuch APMC,Gujarat,4,1,2025-03-24,1254.5923823626194,1678.5907223946065
onion,54.0,Bharuch APMC,Gujarat,4,1,2025-03-31,1200.0,1688.6763168670254
onion,54.0,Bharuch APMC,Gujarat,4,1,2025-04-07,1050.8527131782944,1272.2555004421467
onion,54.0,Bharuch APMC,Gujarat,4,1,2025-04-14,1200.0,1265.2499858834572
onion,54.0,Bharuch APMC,Gujarat,4,1,2025-04-21,958.7615496839037,1219.0052893720642
onion,54.0,Bharuch APMC,Gujarat,4,1,2025-04-28,1111.1209526621394,1249.5311697379425
onion,54.0,Bharuch APMC,Gujarat,4,1,2025-05-05,1180.3506941657977,1168.747055289553
onion,54.0,Bharuch APMC,Gujarat,4,1,2025-05-12,1200.0,1229.987455088148
onion,54.0,Bharuch APMC,Gujarat,4,1,2025-05-19,1082.2784810126586,1244.3559929235123
onion,54.0,Bharuch APMC,Gujarat,4,1,2025-05-26,1242.6636568848753,1274.2415285660009
onion,54.0,Bharuch APMC,Gujarat,4,1,2025-06-02,1410.5364353009033,1229.96800631951
onion,54.0,Bharuch APMC,Gujarat,4,1,2025-06-09,1442.3113658070681,1259.921648640071
onion,54.0,Bharuch APMC,Gujarat,4,1,2025-06-16,1499.9999999999998,1565.920785087423
onion,54.0,Bharuch APMC,Gujarat,4,1,2025-06-23,1499.9999999999998,1608.7197501205258
onion,54.0,Bharuch APMC,Gujarat,4,1,2025-06-30,1435.729386892178,1613.12143646531
onion,54.0,Bharuch APMC,Gujarat,4,1,2025-07-07,1499.9999999999998,1729.0766288318775
onion,54.0,Bharuch APMC,Gujarat,4,1,2025-07-14,1430.4812834224597,1649.5005349790872
onion,54.0,Bharuch APMC,Gujarat,4,1,2025-07-21,1376.1194029850744,1748.1072115885493
onion,54.0,Bharuch APMC,Gujarat,4,1,2025-07-28,1345.7386363636367,1661.8049968550474
onion,54.0,Bharuch APMC,Gujarat,4,1,2025-08-04,1369.318181818182,1487.6022121754277
onion,54.0,Bharuch APMC,Gujarat,4,1,2025-08-11,1499.9999999999998,1380.897589542473
onion,54.0,Bharuch APMC,Gujarat,4,1,2025-08-18,1465.868263473054,1487.9379340666774
onion,54.0,Bharuch APMC,Gujarat,4,1,2025-08-25,1405.151515151515,1733.7337200459394
onion,54.0,Bharuch APMC,Gujarat,4,1,2025-09-01,1433.1269349845197,1673.2530886729899
onion,54.0,Bharuch APMC,Gujarat,4,1,2025-09-08,1499.9999999999998,1470.4275566824017
onion,54.0,Bharuch APMC,Gujarat,4,1,2025-09-15,1404.736842105263,1644.9466293089095
onion,54.0,Bharuch APMC,Gujarat,4,1,2025-09-22,1352.059925093633,1717.4046340604468
onion,54.0,Bharuch APMC,Gujarat,4,1,2025-09-29,1419.5294117647056,1510.9211989524244
onion,54.0,Bharuch APMC,Gujarat,4,1,2025-10-06,1274.9116607773847,1241.4498258625217
onion,54.0,Bharuch APMC,Gujarat,4,1,2025-10-13,1273.0769230769235,1560.281442777563
onion,54.0,Bharuch APMC,Gujarat,4,1,2025-10-20,1393.3884297520656,1247.8697423147566
onion,54.0,Bharuch APMC,Gujarat,4,1,2025-10-27,1228.8235294117646,1251.9496515923831
onion,54.0,Bharuch APMC,Gujarat,4,1,2025-11-03,1399.9999999999993,1523.0903727630146
onion,54.0,Bharuch APMC,Gujarat,4,1,2025-11-10,1309.609120521173,1381.7515749015683
onion,54.0,Bharuch APMC,Gujarat,4,1,2025-11-17,1219.2182410423454,1523.0903727630146
onion,54.0,Bharuch APMC,Gujarat,4,1,2025-11-24,1234.3749999999998,1386.2688602420214
onion,54.0,Bharuch APMC,Gujarat,4,1,2025-12-01,1126.5536723163837,1386.2688602420214
onion,54.0,Bharuch APMC,Gujarat,4,1,2025-12-08,1233.1428571428567,1376.9098165800563
onion,54.0,Bharuch APMC,Gujarat,4,1,2025-12-15,1224.0998376623381,1318.6931661872893
onion,54.0,Bharuch APMC,Gujarat,4,1,2025-12-22,1215.0568181818178,1352.489960404207
onion,54.0,Bharuch APMC,Gujarat,4,1,2025-12-29,1200.0,1288.940116213609
onion,54.0,Bharuch APMC,Gujarat,4,4,2025-01-06,1499.9999999999998,2032.4284305229319
onion,54.0,Bharuch APMC,Gujarat,4,4,2025-01-13,1499.9999999999998,2028.505271947923
onion,54.0,Bharuch APMC,Gujarat,4,4,2025-01-20,1552.6717557251914,1893.6755006712633
onion,54.0,Bharuch APMC,Gujarat,4,4,2025-01-27,1988.636363636363,1872.6792168248721
onion,54.0,Bharuch APMC,Gujarat,4,4,2025-02-03,2245.454545454544,1864.26185332981
onion,54.0,Bharuch APMC,Gujarat,4,4,2025-02-10,1717.2413793103444,1782.0532443757477
onion,54.0,Bharuch APMC,Gujarat,4,4,2025-02-17,1499.9999999999998,1758.7078414994942
onion,54.0,Bharuch APMC,Gujarat,4,4,2025-02-24,1487.7783813145024,1803.2057254317137
onion,54.0,Bharuch APMC,Gujarat,4,4,2025-03-03,1254.5923823626194,1704.6689201587278
onion,54.0,Bharuch APMC,Gujarat,4,4,2025-03-10,1200.0,1718.3199562762045
onion,54.0,Bharuch APMC,Gujarat,4,4,2025-03-17,1050.8527131782944,1726.9563413339497
onion,54.0,Bharuch APMC,Gujarat,4,4,2025-03-24,1200.0,1737.7026363784687
onion,54.0,Bharuch APMC,Gujarat,4,4,2025-03-31,958.7615496839037,1737.429888041238
onion,54.0,Bharuch APMC,Gujarat,4,4,2025-04-07,1111.1209526621394,1511.6193213362076
onion,54.0,Bharuch APMC,Gujarat,4,4,2025-04-14,1180.3506941657977,1498.965790038977
onion,54.0,Bharuch APMC,Gujarat,4,4,2025-04-21,1200.0,1505.269595151313
onion,54.0,Bharuch APMC,Gujarat,4,4,2025-04-28,1082.2784810126586,1483.5635648645289
onion,54.0,Bharuch APMC,Gujarat,4,4,2025-05-05,1242.6636568848753,1414.57236960951
onion,54.0,Bharuch APMC,Gujarat,4,4,2025-05-12,1410.5364353009033,1402.8689199357327
onion,54.0,Bharuch APMC,Gujarat,4,4,2025-05-19,1442.3113658070681,1381.5535529448339
onion,54.0,Bharuch APMC,Gujarat,4,4,2025-05-26,1499.9999999999998,1374.4147380615386
onion,54.0,Bharuch APMC,Gujarat,4,4,2025-06-02,1499.9999999999998,1493.143387545211
onion,54.0,Bharuch APMC,Gujarat,4,4,2025-06-09,1435.729386892178,1446.7058571785517
onion,54.0,Bharuch APMC,Gujarat,4,4,2025-06-16,1499.9999999999998,1525.8948795248748
onion,54.0,Bharuch APMC,Gujarat,4,4,2025-06-23,1430.4812834224597,1535.5211763268885
onion,54.0,Bharuch APMC,Gujarat,4,4,2025-06-30,1376.1194029850744,1582.1268214856227
onion,54.0,Bharuch APMC,Gujarat,4,4,2025-07-07,1345.7386363636367,1692.7272095556518
onion,54.0,Bharuch APMC,Gujarat,4,4,2025-07-14,1369.318181818182,1639.7225107672516
onion,54.0,Bharuch APMC,Gujarat,4,4,2025-07-21,1499.9999999999998,1647.2008084145482
onion,54.0,Bharuch APMC,Gujarat,4,4,2025-07-28,1465.868263473054,1670.5408605725088
onion,54.0,Bharuch APMC,Gujarat,4,4,2025-08-04,1405.151515151515,1616.741575945039
onion,54.0,Bharuch APMC,Gujarat,4,4,2025-08-11,1433.1269349845197,1493.5345124392898
onion,54.0,Bharuch APMC,Gujarat,4,4,2025-08-18,1499.9999999999998,1600.5133989533442
onion,54.0,Bharuch APMC,Gujarat,4,4,2025-08-25,1404.736842105263,1654.4362190262634
onion,54.0,Bharuch APMC,Gujarat,4,4,2025-09-01,1352.059925093633,1757.6352976611836
onion,54.0,Bharuch APMC,Gujarat,4,4,2025-09-08,1419.5294117647056,1686.306671579518
onion,54.0,Bharuch APMC,Gujarat,4,4,2025-09-15,1274.9116607773847,1731.6409262005486
onion,54.0,Bharuch APMC,Gujarat,4,4,2025-09-22,1273.0769230769235,1747.0836040096667
onion,54.0,Bharuch APMC,Gujarat,4,4,2025-09-29,1393.3884297520656,1712.423931505923
onion,54.0,Bharuch APMC,Gujarat,4,4,2025-10-06,1228.8235294117646,1511.6873346015423
onion,54.0,Bharuch APMC,Gujarat,4,4,2025-10-13,1399.9999999999993,1748.7671049487562
onion,54.0,Bharuch APMC,Gujarat,4,4,2025-10-20,1309.609120521173,1531.888679843118
onion,54.0,Bharuch APMC,Gujarat,4,4,2025-10-27,1219.2182410423454,1523.1775407468158
onion,54.0,Bharuch APMC,Gujarat,4,4,2025-11-03,1234.3749999999998,1640.2264839042302
onion,54.0,Bharuch APMC,Gujarat,4,4,2025-11-10,1126.5536723163837,1514.2331186857255
onion,54.0,Bharuch APMC,Gujarat,4,4,2025-11-17,1233.1428571428567,1625.0049217114758
onion,54.0,Bharuch APMC,Gujarat,4,4,2025-11-24,1224.0998376623381,1521.503007237034
onion,54.0,Bharuch APMC,Gujarat,4,4,2025-12-01,1215.0568181818178,1582.375768091838
onion,54.0,Bharuch APMC,Gujarat,4,4,2025-12-08,1200.0,1519.1643984263858
onion,54.0,Bharuch APMC,Gujarat,4,4,2025-12-15,1134.5238095238092,1507.9560134486162
onion,54.0,Bharuch APMC,Gujarat,4,4,2025-12-22,1061.8453865336655,1526.1562288629016
onion,54.0,Bharuch APMC,Gujarat,4,4,2025-12-29,1090.3846153846155,1409.8450435903953
onion,54.0,Bharuch APMC,Gujarat,4,13,2025-01-06,1200.0,1648.038338582859
onion,54.0,Bharuch APMC,Gujarat,4,13,2025-01-13,1050.8527131782944,1533.7593852001417
onion,54.0,Bharuch APMC,Gujarat,4,13,2025-01-20,1200.0,1471.3596700363964
onion,54.0,Bharuch APMC,Gujarat,4,13,2025-01-27,958.7615496839037,1530.306444778664
onion,54.0,Bharuch APMC,Gujarat,4,13,2025-02-03,1111.1209526621394,1587.513060823698
onion,54.0,Bharuch APMC,Gujarat,4,13,2025-02-10,1180.3506941657977,1621.0302993262328
onion,54.0,Bharuch APMC,Gujarat,4,13,2025-02-17,1200.0,1634.7733746739577
onion,54.0,Bharuch APMC,Gujarat,4,13,2025-02-24,1082.2784810126586,1725.5588255950113
onion,54.0,Bharuch APMC,Gujarat,4,13,2025-03-03,1242.6636568848753,1633.6994283676459
onion,54.0,Bharuch APMC,Gujarat,4,13,2025-03-10,1410.5364353009033,1465.9316833204034
onion,54.0,Bharuch APMC,Gujarat,4,13,2025-03-17,1442.3113658070681,1458.8968590113477
onion,54.0,Bharuch APMC,Gujarat,4,13,2025-03-24,1499.9999999999998,1568.6854484863056
onion,54.0,Bharuch APMC,Gujarat,4,13,2025-03-31,1499.9999999999998,1581.3784647183036
onion,54.0,Bharuch APMC,Gujarat,4,13,2025-04-07,1435.729386892178,1674.0067799064936
onion,54.0,Bharuch APMC,Gujarat,4,13,2025-04-14,1499.9999999999998,1660.7120818331969
onion,54.0,Bharuch APMC,Gujarat,4,13,2025-04-21,1430.4812834224597,1655.3633637271291
onion,54.0,Bharuch APMC,Gujarat,4,13,2025-04-28,1376.1194029850744,1685.0548134234825
onion,54.0,Bharuch APMC,Gujarat,4,13,2025-05-05,1345.7386363636367,1742.9582183182483
onion,54.0,Bharuch APMC,Gujarat,4,13,2025-05-12,1369.318181818182,1757.0246080849797
onion,54.0,Bharuch APMC,Gujarat,4,13,2025-05-19,1499.9999999999998,1756.4840330631823
onion,54.0,Bharuch APMC,Gujarat,4,13,2025-05-26,1465.868263473054,1773.2598119704462
onion,54.0,Bharuch APMC,Gujarat,4,13,2025-06-02,1405.151515151515,1755.2439319893947
onion,54.0,Bharuch APMC,Gujarat,4,13,2025-06-09,1433.1269349845197,1749.0482054063646
onion,54.0,Bharuch APMC,Gujarat,4,13,2025-06-16,1499.9999999999998,1740.354676195543
onion,54.0,Bharuch APMC,Gujarat,4,13,2025-06-23,1404.736842105263,1753.0412809103134
onion,54.0,Bharuch APMC,Gujarat,4,13,2025-06-30,1352.059925093633,1754.793926042718
onion,54.0,Bharuch APMC,Gujarat,4,13,2025-07-07,1419.5294117647056,1778.7166770393746
onion,54.0,Bharuch APMC,Gujarat,4,13,2025-07-14,1274.9116607773847,1735.0478998320928
onion,54.0,Bharuch APMC,Gujarat,4,13,2025-07-21,1273.0769230769235,1750.715446159462
onion,54.0,Bharuch APMC,Gujarat,4,13,2025-07-28,1393.3884297520656,1726.8045338522757
onion,54.0,Bharuch APMC,Gujarat,4,13,2025-08-04,1228.8235294117646,1675.5126410960995
onion,54.0,Bharuch APMC,Gujarat,4,13,2025-08-11,1399.9999999999993,1682.981528905342
onion,54.0,Bharuch APMC,Gujarat,4,13,2025-08-18,1309.609120521173,1669.4444225252103
onion,54.0,Bharuch APMC,Gujarat,4,13,2025-08-25,1219.2182410423454,1678.1338253895988
onion,54.0,Bharuch APMC,Gujarat,4,13,2025-09-01,1234.3749999999998,1697.48754590823
onion,54.0,Bharuch APMC,Gujarat,4,13,2025-09-08,1126.5536723163837,1665.134709382798
onion,54.0,Bharuch APMC,Gujarat,4,13,2025-09-15,1233.1428571428567,1683.9405607770873
onion,54.0,Bharuch APMC,Gujarat,4,13,2025-09-22,1224.0998376623381,1664.8225507903567
onion,54.0,Bharuch APMC,Gujarat,4,13,2025-09-29,1215.0568181818178,1696.540785801208
onion,54.0,Bharuch APMC,Gujarat,4,13,2025-10-06,1200.0,1743.0142149403052
onion,54.0,Bharuch APMC,Gujarat,4,13,2025-10-13,1134.5238095238092,1660.8972672087605
onion,54.0,Bharuch APMC,Gujarat,4,13,2025-10-20,1061.8453865336655,1729.0279928023251
onion,54.0,Bharuch APMC,Gujarat,4,13,2025-10-27,1090.3846153846155,1736.2909597420862
onion,54.0,Bharuch APMC,Gujarat,4,13,2025-11-03,999.9999999999999,1718.234861353966
onion,54.0,Bharuch APMC,Gujarat,4,13,2025-11-10,1066.1252900232014,1717.9292782527227
onion,54.0,Bharuch APMC,Gujarat,4,13,2025-11-17,1056.989247311828,1695.9173453686476
onion,54.0,Bharuch APMC,Gujarat,4,13,2025-11-24,1145.37037037037,1729.7377550746019
onion,54.0,Bharuch APMC,Gujarat,4,13,2025-12-01,1101.2121212121208,1686.9536638325458
onion,54.0,Bharuch APMC,Gujarat,4,13,2025-12-08,1029.1525423728813,1667.977538025927
onion,54.0,Bharuch APMC,Gujarat,4,13,2025-12-15,999.9999999999999,1686.867712880553
onion,54.0,Bharuch APMC,Gujarat,4,13,2025-12-22,999.9999999999999,1658.3389469124493
onion,54.0,Bharuch APMC,Gujarat,4,13,2025-12-29,970.6329113924049,1914.5921647448433
onion,54.0,Bharuch APMC,Gujarat,4,26,2025-01-06,1435.729386892178,1440.3597674500822
onion,54.0,Bharuch APMC,Gujarat,4,26,2025-01-13,1499.9999999999998,1520.8986025240586
onion,54.0,Bharuch APMC,Gujarat,4,26,2025-01-20,1430.4812834224597,1593.4726997459343
onion,54.0,Bharuch APMC,Gujarat,4,26,2025-01-27,1376.1194029850744,1615.3112087862698
onion,54.0,Bharuch APMC,Gujarat,4,26,2025-02-03,1345.7386363636367,1636.1899284584163
onion,54.0,Bharuch APMC,Gujarat,4,26,2025-02-10,1369.318181818182,1687.9102360529707
onion,54.0,Bharuch APMC,Gujarat,4,26,2025-02-17,1499.9999999999998,1698.290217047498
onion,54.0,Bharuch APMC,Gujarat,4,26,2025-02-24,1465.868263473054,1687.9102360529707
onion,54.0,Bharuch APMC,Gujarat,4,26,2025-03-03,1405.151515151515,1687.956130566694
onion,54.0,Bharuch APMC,Gujarat,4,26,2025-03-10,1433.1269349845197,1707.658883352155
onion,54.0,Bharuch APMC,Gujarat,4,26,2025-03-17,1499.9999999999998,1835.7884832795714
onion,54.0,Bharuch APMC,Gujarat,4,26,2025-03-24,1404.736842105263,1835.7884832795714
onion,54.0,Bharuch APMC,Gujarat,4,26,2025-03-31,1352.059925093633,1836.0995901972979
onion,54.0,Bharuch APMC,Gujarat,4,26,2025-04-07,1419.5294117647056,2133.119378262633
onion,54.0,Bharuch APMC,Gujarat,4,26,2025-04-14,1274.9116607773847,2074.223425481291
onion,54.0,Bharuch APMC,Gujarat,4,26,2025-04-21,1273.0769230769235,2122.2415458103173
onion,54.0,Bharuch APMC,Gujarat,4,26,2025-04-28,1393.3884297520656,2090.9521516938203
onion,54.0,Bharuch APMC,Gujarat,4,26,2025-05-05,1228.8235294117646,2065.6251106867985
onion,54.0,Bharuch APMC,Gujarat,4,26,2025-05-12,1399.9999999999993,2067.8357623481393
onion,54.0,Bharuch APMC,Gujarat,4,26,2025-05-19,1309.609120521173,2004.787066582468
onion,54.0,Bharuch APMC,Gujarat,4,26,2025-05-26,1219.2182410423454,2110.132259955113
onion,54.0,Bharuch APMC,Gujarat,4,26,2025-06-02,1234.3749999999998,2145.580084619925
onion,54.0,Bharuch APMC,Gujarat,4,26,2025-06-09,1126.5536723163837,2154.544812632333
onion,54.0,Bharuch APMC,Gujarat,4,26,2025-06-16,1233.1428571428567,2151.3604456988132
onion,54.0,Bharuch APMC,Gujarat,4,26,2025-06-23,1224.0998376623381,2145.5899310717045
onion,54.0,Bharuch APMC,Gujarat,4,26,2025-06-30,1215.0568181818178,2145.531601136861
onion,54.0,Bharuch APMC,Gujarat,4,26,2025-07-07,1200.0,2145.531601136861
onion,54.0,Bharuch APMC,Gujarat,4,26,2025-07-14,1134.5238095238092,2172.08623875335
onion,54.0,Bharuch APMC,Gujarat,4,26,2025-07-21,1061.8453865336655,2145.531601136861
onion,54.0,Bharuch APMC,Gujarat,4,26,2025-07-28,1090.3846153846155,2160.213906569464
onion,54.0,Bharuch APMC,Gujarat,4,26,2025-08-04,999.9999999999999,2160.213906569464
onion,54.0,Bharuch APMC,Gujarat,4,26,2025-08-11,1066.1252900232014,2159.434084823261
onion,54.0,Bharuch APMC,Gujarat,4,26,2025-08-18,1056.989247311828,2146.026105189072
onion,54.0,Bharuch APMC,Gujarat,4,26,2025-08-25,1145.37037037037,2159.434084823261
onion,54.0,Bharuch APMC,Gujarat,4,26,2025-09-01,1101.2121212121208,2117.9023602575153
onion,54.0,Bharuch APMC,Gujarat,4,26,2025-09-08,1029.1525423728813,2128.568797380495
onion,54.0,Bharuch APMC,Gujarat,4,26,2025-09-15,999.9999999999999,2128.568797380495
onion,54.0,Bharuch APMC,Gujarat,4,26,2025-09-22,999.9999999999999,2049.6469400968845
onion,54.0,Bharuch APMC,Gujarat,4,26,2025-09-29,970.6329113924049,1972.1657324228886
onion,54.0,Bharuch APMC,Gujarat,4,26,2025-10-06,999.9999999999999,1927.391584617296
onion,54.0,Bharuch APMC,Gujarat,4,26,2025-10-13,1061.460957178841,1871.8923547208253
onion,54.0,Bharuch APMC,Gujarat,4,26,2025-10-20,999.9999999999999,1860.3937938760198
onion,54.0,Bharuch APMC,Gujarat,4,26,2025-10-27,999.9999999999999,1871.7260047497327
onion,54.0,Bharuch APMC,Gujarat,4,26,2025-11-03,1033.928571428571,1883.2357107851985
onion,54.0,Bharuch APMC,Gujarat,4,26,2025-11-10,1137.3493975903616,1883.2357107851985
onion,54.0,Bharuch APMC,Gujarat,4,26,2025-11-17,1062.3955431754875,1883.2357107851985
onion,54.0,Bharuch APMC,Gujarat,4,26,2025-11-24,999.9999999999999,1883.2357107851985
onion,54.0,Bharuch APMC,Gujarat,4,26,2025-12-01,1111.9113573407205,1896.691581988918
onion,54.0,Bharuch APMC,Gujarat,4,26,2025-12-08,1316.9811320754716,1908.4143685330469
onion,54.0,Bharuch APMC,Gujarat,4,26,2025-12-15,1499.9999999999998,1908.4143685330469
onion,54.0,Bharuch APMC,Gujarat,4,26,2025-12-22,1499.9999999999998,1908.4143685330469
onion,54.0,Bharuch APMC,Gujarat,4,26,2025-12-29,1551.8072289156626,1762.9720464058764
onion,54.0,Bharuch APMC,Gujarat,5,1,2026-01-05,1134.5238095238092,1289.521236535329
onion,54.0,Bharuch APMC,Gujarat,5,1,2026-01-12,1061.8453865336655,1265.9823916326006
onion,54.0,Bharuch APMC,Gujarat,5,1,2026-01-19,1090.3846153846155,1289.521236535329
onion,54.0,Bharuch APMC,Gujarat,5,1,2026-01-26,999.9999999999999,1289.521236535329
onion,54.0,Bharuch APMC,Gujarat,5,1,2026-02-02,1066.1252900232014,1145.078805496172
onion,54.0,Bharuch APMC,Gujarat,5,1,2026-02-09,1056.989247311828,1118.54691854259
onion,54.0,Bharuch APMC,Gujarat,5,1,2026-02-16,1145.37037037037,1139.2770370425494
onion,54.0,Bharuch APMC,Gujarat,5,1,2026-02-23,1101.2121212121208,1118.54691854259
onion,54.0,Bharuch APMC,Gujarat,5,1,2026-03-02,1029.1525423728813,1138.7083887213491
onion,54.0,Bharuch APMC,Gujarat,5,1,2026-03-09,999.9999999999999,1138.7083887213491
onion,54.0,Bharuch APMC,Gujarat,5,1,2026-03-16,999.9999999999999,1112.323977819943
onion,54.0,Bharuch APMC,Gujarat,5,1,2026-03-23,970.6329113924049,1106.6880233792874
onion,54.0,Bharuch APMC,Gujarat,5,1,2026-03-30,999.9999999999999,1130.4666628652938
onion,54.0,Bharuch APMC,Gujarat,5,1,2026-04-06,1061.460957178841,1081.5122263903193
onion,54.0,Bharuch APMC,Gujarat,5,1,2026-04-13,999.9999999999999,1097.5329928440044
onion,54.0,Bharuch APMC,Gujarat,5,1,2026-04-20,999.9999999999999,1123.566875567615
onion,54.0,Bharuch APMC,Gujarat,5,1,2026-04-27,1033.928571428571,1087.0200855172743
onion,54.0,Bharuch APMC,Gujarat,5,1,2026-05-04,1137.3493975903616,937.5602022207022
onion,54.0,Bharuch APMC,Gujarat,5,1,2026-05-11,1062.3955431754875,956.6153649990925
onion,54.0,Bharuch APMC,Gujarat,5,1,2026-05-18,999.9999999999999,956.6153649990925
onion,54.0,Bharuch APMC,Gujarat,5,1,2026-05-25,1111.9113573407205,961.4877446356813
onion,54.0,Bharuch APMC,Gujarat,5,1,2026-06-01,1316.9811320754716,961.4877446356813
onion,54.0,Bharuch APMC,Gujarat,5,1,2026-06-08,1499.9999999999998,956.6153649990925
onion,54.0,Bharuch APMC,Gujarat,5,1,2026-06-15,1499.9999999999998,961.4877446356813
onion,54.0,Bharuch APMC,Gujarat,5,1,2026-06-22,1551.8072289156626,1438.8215079537197
onion,54.0,Bharuch APMC,Gujarat,5,1,2026-06-29,1595.3237410071952,1487.9782022501504
onion,54.0,Bharuch APMC,Gujarat,5,1,2026-07-06,1543.5810810810806,1487.3143930915394
onion,54.0,Bharuch APMC,Gujarat,5,1,2026-07-13,1499.9999999999998,1456.1133926312507
onion,54.0,Bharuch APMC,Gujarat,5,1,2026-07-20,1537.7777777777785,1450.5910425856391
onion,54.0,Bharuch APMC,Gujarat,5,1,2026-07-27,1499.9999999999998,1462.2674349843248
onion,54.0,Bharuch APMC,Gujarat,5,1,2026-08-03,1513.1914893617027,1462.2674349843248
onion,54.0,Bharuch APMC,Gujarat,5,1,2026-08-10,1705.0000000000005,1462.2674349843248
onion,54.0,Bharuch APMC,Gujarat,5,1,2026-08-17,2028.0130293159611,1484.236608949151
onion,54.0,Bharuch APMC,Gujarat,5,1,2026-08-24,2268.370607028753,1501.7275066886716
onion,54.0,Bharuch APMC,Gujarat,5,1,2026-08-31,1962.015503875969,1668.839500154044
onion,54.0,Bharuch APMC,Gujarat,5,1,2026-09-07,2079.032258064516,1668.839500154044
onion,54.0,Bharuch APMC,Gujarat,5,1,2026-09-14,2000.0,1592.0315462730948
onion,54.0,Bharuch APMC,Gujarat,5,1,2026-09-21,2192.1397379912673,1665.1052995739733
onion,54.0,Bharuch APMC,Gujarat,5,1,2026-09-28,2500.0000000000005,1694.7780666539402
onion,54.0,Bharuch APMC,Gujarat,5,4,2026-01-05,999.9999999999999,1525.2019771831253
onion,54.0,Bharuch APMC,Gujarat,5,4,2026-01-12,1066.1252900232014,1525.2019771831253
onion,54.0,Bharuch APMC,Gujarat,5,4,2026-01-19,1056.989247311828,1525.2019771831253
onion,54.0,Bharuch APMC,Gujarat,5,4,2026-01-26,1145.37037037037,1525.2019771831253
onion,54.0,Bharuch APMC,Gujarat,5,4,2026-02-02,1101.2121212121208,1491.9705395620272
onion,54.0,Bharuch APMC,Gujarat,5,4,2026-02-09,1029.1525423728813,1491.9705395620272
onion,54.0,Bharuch APMC,Gujarat,5,4,2026-02-16,999.9999999999999,1491.9705395620272
onion,54.0,Bharuch APMC,Gujarat,5,4,2026-02-23,999.9999999999999,1491.9705395620272
onion,54.0,Bharuch APMC,Gujarat,5,4,2026-03-02,970.6329113924049,1491.9705395620272
onion,54.0,Bharuch APMC,Gujarat,5,4,2026-03-09,999.9999999999999,1491.9705395620272
onion,54.0,Bharuch APMC,Gujarat,5,4,2026-03-16,1061.460957178841,1491.9705395620272
onion,54.0,Bharuch APMC,Gujarat,5,4,2026-03-23,999.9999999999999,1491.9705395620272
onion,54.0,Bharuch APMC,Gujarat,5,4,2026-03-30,999.9999999999999,1491.9705395620272
onion,54.0,Bharuch APMC,Gujarat,5,4,2026-04-06,1033.928571428571,1491.9705395620272
onion,54.0,Bharuch APMC,Gujarat,5,4,2026-04-13,1137.3493975903616,1491.9705395620272
onion,54.0,Bharuch APMC,Gujarat,5,4,2026-04-20,1062.3955431754875,1491.9705395620272
onion,54.0,Bharuch APMC,Gujarat,5,4,2026-04-27,999.9999999999999,1491.9705395620272
onion,54.0,Bharuch APMC,Gujarat,5,4,2026-05-04,1111.9113573407205,1312.586192703702
onion,54.0,Bharuch APMC,Gujarat,5,4,2026-05-11,1316.9811320754716,1312.586192703702
onion,54.0,Bharuch APMC,Gujarat,5,4,2026-05-18,1499.9999999999998,1312.586192703702
onion,54.0,Bharuch APMC,Gujarat,5,4,2026-05-25,1499.9999999999998,1312.586192703702
onion,54.0,Bharuch APMC,Gujarat,5,4,2026-06-01,1551.8072289156626,1312.586192703702
onion,54.0,Bharuch APMC,Gujarat,5,4,2026-06-08,1595.3237410071952,1312.586192703702
onion,54.0,Bharuch APMC,Gujarat,5,4,2026-06-15,1543.5810810810806,1312.586192703702
onion,54.0,Bharuch APMC,Gujarat,5,4,2026-06-22,1499.9999999999998,1452.2547086785353
onion,54.0,Bharuch APMC,Gujarat,5,4,2026-06-29,1537.7777777777785,1473.1860927828754
onion,54.0,Bharuch APMC,Gujarat,5,4,2026-07-06,1499.9999999999998,1473.1860927828754
onion,54.0,Bharuch APMC,Gujarat,5,4,2026-07-13,1513.1914893617027,1473.1860927828754
onion,54.0,Bharuch APMC,Gujarat,5,4,2026-07-20,1705.0000000000005,1473.1860927828754
onion,54.0,Bharuch APMC,Gujarat,5,4,2026-07-27,2028.0130293159611,1528.9420203989052
onion,54.0,Bharuch APMC,Gujarat,5,4,2026-08-03,2268.370607028753,1528.9420203989052
onion,54.0,Bharuch APMC,Gujarat,5,4,2026-08-10,1962.015503875969,1528.9420203989052
onion,54.0,Bharuch APMC,Gujarat,5,4,2026-08-17,2079.032258064516,1528.9420203989052
onion,54.0,Bharuch APMC,Gujarat,5,4,2026-08-24,2000.0,1528.9420203989052
onion,54.0,Bharuch APMC,Gujarat,5,4,2026-08-31,2192.1397379912673,1528.9420203989052
onion,54.0,Bharuch APMC,Gujarat,5,4,2026-09-07,2500.0000000000005,1528.9420203989052
onion,54.0,Bharuch APMC,Gujarat,5,13,2026-01-05,999.9999999999999,1489.7727128945608
onion,54.0,Bharuch APMC,Gujarat,5,13,2026-01-12,1061.460957178841,1489.7727128945608
onion,54.0,Bharuch APMC,Gujarat,5,13,2026-01-19,999.9999999999999,1489.7727128945608
onion,54.0,Bharuch APMC,Gujarat,5,13,2026-01-26,999.9999999999999,1543.1429754371782
onion,54.0,Bharuch APMC,Gujarat,5,13,2026-02-02,1033.928571428571,1561.2317642516025
onion,54.0,Bharuch APMC,Gujarat,5,13,2026-02-09,1137.3493975903616,1561.2317642516025
onion,54.0,Bharuch APMC,Gujarat,5,13,2026-02-16,1062.3955431754875,1561.2317642516025
onion,54.0,Bharuch APMC,Gujarat,5,13,2026-02-23,999.9999999999999,1561.2317642516025
onion,54.0,Bharuch APMC,Gujarat,5,13,2026-03-02,1111.9113573407205,1474.4460761123541
onion,54.0,Bharuch APMC,Gujarat,5,13,2026-03-09,1316.9811320754716,1497.69977388948
onion,54.0,Bharuch APMC,Gujarat,5,13,2026-03-16,1499.9999999999998,1497.69977388948
onion,54.0,Bharuch APMC,Gujarat,5,13,2026-03-23,1499.9999999999998,1497.69977388948
onion,54.0,Bharuch APMC,Gujarat,5,13,2026-03-30,1551.8072289156626,1497.69977388948
onion,54.0,Bharuch APMC,Gujarat,5,13,2026-04-06,1595.3237410071952,1497.69977388948
onion,54.0,Bharuch APMC,Gujarat,5,13,2026-04-13,1543.5810810810806,1497.69977388948
onion,54.0,Bharuch APMC,Gujarat,5,13,2026-04-20,1499.9999999999998,1497.69977388948
onion,54.0,Bharuch APMC,Gujarat,5,13,2026-04-27,1537.7777777777785,1487.625883196015
onion,54.0,Bharuch APMC,Gujarat,5,13,2026-05-04,1499.9999999999998,1203.1896011166837
onion,54.0,Bharuch APMC,Gujarat,5,13,2026-05-11,1513.1914893617027,1203.1896011166837
onion,54.0,Bharuch APMC,Gujarat,5,13,2026-05-18,1705.0000000000005,1203.1896011166837
onion,54.0,Bharuch APMC,Gujarat,5,13,2026-05-25,2028.0130293159611,1203.1896011166837
onion,54.0,Bharuch APMC,Gujarat,5,13,2026-06-01,2268.370607028753,1203.1896011166837
onion,54.0,Bharuch APMC,Gujarat,5,13,2026-06-08,1962.015503875969,1203.1896011166837
onion,54.0,Bharuch APMC,Gujarat,5,13,2026-06-15,2079.032258064516,1203.1896011166837
onion,54.0,Bharuch APMC,Gujarat,5,13,2026-06-22,2000.0,1203.1896011166837
onion,54.0,Bharuch APMC,Gujarat,5,13,2026-06-29,2192.1397379912673,1221.945723310735
onion,54.0,Bharuch APMC,Gujarat,5,13,2026-07-06,2500.0000000000005,1341.7406620263885
onion,54.0,Bharuch APMC,Gujarat,5,26,2026-01-05,1595.3237410071952,1531.9444612729878
onion,54.0,Bharuch APMC,Gujarat,5,26,2026-01-12,1543.5810810810806,1531.9444612729878
onion,54.0,Bharuch APMC,Gujarat,5,26,2026-01-19,1499.9999999999998,1531.9444612729878
onion,54.0,Bharuch APMC,Gujarat,5,26,2026-01-26,1537.7777777777785,1531.9444612729878
onion,54.0,Bharuch APMC,Gujarat,5,26,2026-02-02,1499.9999999999998,1531.9444612729878
onion,54.0,Bharuch APMC,Gujarat,5,26,2026-02-09,1513.1914893617027,1531.9444612729878
onion,54.0,Bharuch APMC,Gujarat,5,26,2026-02-16,1705.0000000000005,1531.9444612729878
onion,54.0,Bharuch APMC,Gujarat,5,26,2026-02-23,2028.0130293159611,1531.9444612729878
onion,54.0,Bharuch APMC,Gujarat,5,26,2026-03-02,2268.370607028753,1531.9444612729878
onion,54.0,Bharuch APMC,Gujarat,5,26,2026-03-09,1962.015503875969,1531.9444612729878
onion,54.0,Bharuch APMC,Gujarat,5,26,2026-03-16,2079.032258064516,1544.3163185846747
onion,54.0,Bharuch APMC,Gujarat,5,26,2026-03-23,2000.0,1544.3163185846747
onion,54.0,Bharuch APMC,Gujarat,5,26,2026-03-30,2192.1397379912673,1544.3163185846747
onion,54.0,Bharuch APMC,Gujarat,5,26,2026-04-06,2500.0000000000005,1544.3163185846747
onion,162.0,Pimpalgaon APMC,Maharashtra,1,1,2022-01-03,1915.4586878945925,2158.898626073607
onion,162.0,Pimpalgaon APMC,Maharashtra,1,1,2022-01-10,1973.6075108575321,2412.980761824438
onion,162.0,Pimpalgaon APMC,Maharashtra,1,1,2022-01-17,1996.2005271249725,2345.8375655774626
onion,162.0,Pimpalgaon APMC,Maharashtra,1,1,2022-01-24,1962.7730310262527,2327.987018966923
onion,162.0,Pimpalgaon APMC,Maharashtra,1,1,2022-01-31,2163.9781336618416,2047.7187230033178
onion,162.0,Pimpalgaon APMC,Maharashtra,1,1,2022-02-07,2111.16192830655,1770.4752276617871
onion,162.0,Pimpalgaon APMC,Maharashtra,1,1,2022-02-14,2101.0060636685203,1672.0722709037386
onion,162.0,Pimpalgaon APMC,Maharashtra,1,1,2022-02-21,1627.819989300998,1546.9229433662797
onion,162.0,Pimpalgaon APMC,Maharashtra,1,1,2022-02-28,1352.8328475663075,1555.0168049382999
onion,162.0,Pimpalgaon APMC,Maharashtra,1,1,2022-03-07,1086.2517814726837,1488.6056232390372
onion,162.0,Pimpalgaon APMC,Maharashtra,1,1,2022-03-14,894.9397342192692,1365.4918599236987
onion,162.0,Pimpalgaon APMC,Maharashtra,1,1,2022-03-21,857.7213419243373,1214.69495794973
onion,162.0,Pimpalgaon APMC,Maharashtra,1,1,2022-03-28,820.5029496294057,1110.2627960421635
onion,162.0,Pimpalgaon APMC,Maharashtra,1,1,2022-04-04,784.2928585717145,991.4835338695956
onion,162.0,Pimpalgaon APMC,Maharashtra,1,1,2022-04-11,851.4111910566687,989.17711693743
onion,162.0,Pimpalgaon APMC,Maharashtra,1,1,2022-04-18,899.5372204100656,988.4404429080224
onion,162.0,Pimpalgaon APMC,Maharashtra,1,1,2022-04-25,857.3583583583583,972.3856954761635
onion,162.0,Pimpalgaon APMC,Maharashtra,1,1,2022-05-02,878.7900019681167,1072.7037426474767
onion,162.0,Pimpalgaon APMC,Maharashtra,1,1,2022-05-09,867.2284938553873,981.888595038696
onion,162.0,Pimpalgaon APMC,Maharashtra,1,1,2022-05-16,895.7797412432948,1039.0943597702747
onion,162.0,Pimpalgaon APMC,Maharashtra,1,1,2022-05-23,1082.8488372093027,1007.3712300927358
onion,162.0,Pimpalgaon APMC,Maharashtra,1,1,2022-05-30,1180.0844320028891,1072.7037426474767
onion,162.0,Pimpalgaon APMC,Maharashtra,1,1,2022-06-06,1376.8688603146718,1162.032251755818
onion,162.0,Pimpalgaon APMC,Maharashtra,1,1,2022-06-13,1435.6891132488809,1162.032251755818
onion,162.0,Pimpalgaon APMC,Maharashtra,1,1,2022-06-20,1428.8610229976205,1623.2426455183104
onion,162.0,Pimpalgaon APMC,Maharashtra,1,1,2022-06-27,1405.750555509835,1761.8472647928036
onion,162.0,Pimpalgaon APMC,Maharashtra,1,1,2022-07-04,1352.4040270982307,1780.8429161015213
onion,162.0,Pimpalgaon APMC,Maharashtra,1,1,2022-07-11,1291.8171277124397,1731.3207765925754
onion,162.0,Pimpalgaon APMC,Maharashtra,1,1,2022-07-18,1284.0760307798319,1749.4061879400979
onion,162.0,Pimpalgaon APMC,Maharashtra,1,1,2022-07-25,1253.9593698175788,1406.7400888872578
onion,162.0,Pimpalgaon APMC,Maharashtra,1,1,2022-08-01,1255.2385685884688,1434.7257593187624
onion,162.0,Pimpalgaon APMC,Maharashtra,1,1,2022-08-08,1283.4593894794227,1229.147289243639
onion,162.0,Pimpalgaon APMC,Maharashtra,1,1,2022-08-15,1242.363764327368,1207.1040694866062
onion,162.0,Pimpalgaon APMC,Maharashtra,1,1,2022-08-22,1176.6334101714456,1396.7440480642115
onion,162.0,Pimpalgaon APMC,Maharashtra,1,1,2022-08-29,1246.0566305338866,1239.9325834024676
onion,162.0,Pimpalgaon APMC,Maharashtra,1,1,2022-09-05,1251.1517615176151,1196.604097176938
onion,162.0,Pimpalgaon APMC,Maharashtra,1,1,2022-09-12,1155.7842722756582,1217.3858870402446
onion,162.0,Pimpalgaon APMC,Maharashtra,1,1,2022-09-19,1474.2526315789473,1212.1181505626562
onion,162.0,Pimpalgaon APMC,Maharashtra,1,1,2022-09-26,1648.7221116581125,1217.3858870402446
onion,162.0,Pimpalgaon APMC,Maharashtra,1,1,2022-10-03,2217.2365339578455,1859.4760508956092
onion,162.0,Pimpalgaon APMC,Maharashtra,1,1,2022-10-10,2127.304743223967,2049.524106147579
onion,162.0,Pimpalgaon APMC,Maharashtra,1,1,2022-10-17,2343.8736528577156,2107.317974923472
onion,162.0,Pimpalgaon APMC,Maharashtra,1,1,2022-10-24,2560.4425624914625,2186.878418836292
onion,162.0,Pimpalgaon APMC,Maharashtra,1,1,2022-10-31,2137.9565590475167,2264.9101477388617
onion,162.0,Pimpalgaon APMC,Maharashtra,1,1,2022-11-07,1696.686333404849,2410.424658121941
onion,162.0,Pimpalgaon APMC,Maharashtra,1,1,2022-11-14,1889.8758029978585,2326.2444181807123
onion,162.0,Pimpalgaon APMC,Maharashtra,1,1,2022-11-21,1925.6916111395865,2262.4492695771687
onion,162.0,Pimpalgaon APMC,Maharashtra,1,1,2022-11-28,1672.2587064676625,1930.3696218967862
onion,162.0,Pimpalgaon APMC,Maharashtra,1,1,2022-12-05,1449.2959749679994,1698.344442645007
onion,162.0,Pimpalgaon APMC,Maharashtra,1,1,2022-12-12,1623.5718071012188,1812.6737951370158
onion,162.0,Pimpalgaon APMC,Maharashtra,1,1,2022-12-19,1447.4663784822287,1743.7091192679595
onion,162.0,Pimpalgaon APMC,Maharashtra,1,1,2022-12-26,1410.2095207937518,1743.7091192679595
onion,162.0,Pimpalgaon APMC,Maharashtra,1,4,2022-01-03,1962.7730310262527,2057.512057364315
onion,162.0,Pimpalgaon APMC,Maharashtra,1,4,2022-01-10,2163.9781336618416,1909.0048807301293
onion,162.0,Pimpalgaon APMC,Maharashtra,1,4,2022-01-17,2111.16192830655,1879.6350693679037
onion,162.0,Pimpalgaon APMC,Maharashtra,1,4,2022-01-24,2101.0060636685203,1879.6350693679037
onion,162.0,Pimpalgaon APMC,Maharashtra,1,4,2022-01-31,1627.819989300998,1562.7433795219813
onion,162.0,Pimpalgaon APMC,Maharashtra,1,4,2022-02-07,1352.8328475663075,1598.504993609724
onion,162.0,Pimpalgaon APMC,Maharashtra,1,4,2022-02-14,1086.2517814726837,1500.8723115537694
onion,162.0,Pimpalgaon APMC,Maharashtra,1,4,2022-02-21,894.9397342192692,1478.0910921315137
onion,162.0,Pimpalgaon APMC,Maharashtra,1,4,2022-02-28,857.7213419243373,1478.0910921315137
onion,162.0,Pimpalgaon APMC,Maharashtra,1,4,2022-03-07,820.5029496294057,1450.552266919107
onion,162.0,Pimpalgaon APMC,Maharashtra,1,4,2022-03-14,784.2928585717145,1450.552266919107
onion,162.0,Pimpalgaon APMC,Maharashtra,1,4,2022-03-21,851.4111910566687,1404.0733884393699
onion,162.0,Pimpalgaon APMC,Maharashtra,1,4,2022-03-28,899.5372204100656,1372.6588617682603
onion,162.0,Pimpalgaon APMC,Maharashtra,1,4,2022-04-04,857.3583583583583,1372.6588617682603
onion,162.0,Pimpalgaon APMC,Maharashtra,1,4,2022-04-11,878.7900019681167,1372.6588617682603
onion,162.0,Pimpalgaon APMC,Maharashtra,1,4,2022-04-18,867.2284938553873,1372.6588617682603
onion,162.0,Pimpalgaon APMC,Maharashtra,1,4,2022-04-25,895.7797412432948,1359.4913657277777
onion,162.0,Pimpalgaon APMC,Maharashtra,1,4,2022-05-02,1082.8488372093027,1362.3406978740986
onion,162.0,Pimpalgaon APMC,Maharashtra,1,4,2022-05-09,1180.0844320028891,1362.3406978740986
onion,162.0,Pimpalgaon APMC,Maharashtra,1,4,2022-05-16,1376.8688603146718,1362.3406978740986
onion,162.0,Pimpalgaon APMC,Maharashtra,1,4,2022-05-23,1435.6891132488809,1357.771109492815
onion,162.0,Pimpalgaon APMC,Maharashtra,1,4,2022-05-30,1428.8610229976205,1357.771109492815
onion,162.0,Pimpalgaon APMC,Maharashtra,1,4,2022-06-06,1405.750555509835,1357.771109492815
onion,162.0,Pimpalgaon APMC,Maharashtra,1,4,2022-06-13,1352.4040270982307,1357.771109492815
onion,162.0,Pimpalgaon APMC,Maharashtra,1,4,2022-06-20,1291.8171277124397,1510.09504599584
onion,162.0,Pimpalgaon APMC,Maharashtra,1,4,2022-06-27,1284.0760307798319,1510.09504599584
onion,162.0,Pimpalgaon APMC,Maharashtra,1,4,2022-07-04,1253.9593698175788,1510.09504599584
onion,162.0,Pimpalgaon APMC,Maharashtra,1,4,2022-07-11,1255.2385685884688,1619.7089405717472
onion,162.0,Pimpalgaon APMC,Maharashtra,1,4,2022-07-18,1283.4593894794227,1682.306627648612
onion,162.0,Pimpalgaon APMC,Maharashtra,1,4,2022-07-25,1242.363764327368,1672.9681280996322
onion,162.0,Pimpalgaon APMC,Maharashtra,1,4,2022-08-01,1176.6334101714456,1711.2504978133761
onion,162.0,Pimpalgaon APMC,Maharashtra,1,4,2022-08-08,1246.0566305338866,1538.649352175767
onion,162.0,Pimpalgaon APMC,Maharashtra,1,4,2022-08-15,1251.1517615176151,1538.649352175767
onion,162.0,Pimpalgaon APMC,Maharashtra,1,4,2022-08-22,1155.7842722756582,1845.832641884397
onion,162.0,Pimpalgaon APMC,Maharashtra,1,4,2022-08-29,1474.2526315789473,1659.665121304168
onion,162.0,Pimpalgaon APMC,Maharashtra,1,4,2022-09-05,1648.7221116581125,1727.114196409916
onion,162.0,Pimpalgaon APMC,Maharashtra,1,4,2022-09-12,2217.2365339578455,1959.9860049424099
onion,162.0,Pimpalgaon APMC,Maharashtra,1,4,2022-09-19,2127.304743223967,1916.1424251971844
onion,162.0,Pimpalgaon APMC,Maharashtra,1,4,2022-09-26,2343.8736528577156,2016.4930755317394
onion,162.0,Pimpalgaon APMC,Maharashtra,1,4,2022-10-03,2560.4425624914625,2219.009332366937
onion,162.0,Pimpalgaon APMC,Maharashtra,1,4,2022-10-10,2137.9565590475167,2463.639765771479
onion,162.0,Pimpalgaon APMC,Maharashtra,1,4,2022-10-17,1696.686333404849,2412.2247803599403
onion,162.0,Pimpalgaon APMC,Maharashtra,1,4,2022-10-24,1889.8758029978585,2643.038004755618
onion,162.0,Pimpalgaon APMC,Maharashtra,1,4,2022-10-31,1925.6916111395865,2598.3432052399635
onion,162.0,Pimpalgaon APMC,Maharashtra,1,4,2022-11-07,1672.2587064676625,2598.3432052399635
onion,162.0,Pimpalgaon APMC,Maharashtra,1,4,2022-11-14,1449.2959749679994,2263.719222326582
onion,162.0,Pimpalgaon APMC,Maharashtra,1,4,2022-11-21,1623.5718071012188,2196.189109022268
onion,162.0,Pimpalgaon APMC,Maharashtra,1,4,2022-11-28,1447.4663784822287,2005.8536126386723
onion,162.0,Pimpalgaon APMC,Maharashtra,1,4,2022-12-05,1410.2095207937518,1888.356219998838
onion,162.0,Pimpalgaon APMC,Maharashtra,1,4,2022-12-12,1393.4447445419767,2181.482310495633
onion,162.0,Pimpalgaon APMC,Maharashtra,1,4,2022-12-19,1287.3659942363108,2137.5341940510975
onion,162.0,Pimpalgaon APMC,Maharashtra,1,4,2022-12-26,1250.0050464271296,1967.0771925593642
onion,162.0,Pimpalgaon APMC,Maharashtra,1,13,2022-01-03,820.5029496294057,1387.4066266732736
onion,162.0,Pimpalgaon APMC,Maharashtra,1,13,2022-01-10,784.2928585717145,1394.1382187379843
onion,162.0,Pimpalgaon APMC,Maharashtra,1,13,2022-01-17,851.4111910566687,1385.0674756229005
onion,162.0,Pimpalgaon APMC,Maharashtra,1,13,2022-01-24,899.5372204100656,1375.383624229271
onion,162.0,Pimpalgaon APMC,Maharashtra,1,13,2022-01-31,857.3583583583583,1375.383624229271
onion,162.0,Pimpalgaon APMC,Maharashtra,1,13,2022-02-07,878.7900019681167,1276.361335707205
onion,162.0,Pimpalgaon APMC,Maharashtra,1,13,2022-02-14,867.2284938553873,1323.6127390226325
onion,162.0,Pimpalgaon APMC,Maharashtra,1,13,2022-02-21,895.7797412432948,1327.8004788473756
onion,162.0,Pimpalgaon APMC,Maharashtra,1,13,2022-02-28,1082.8488372093027,1318.6751389480744
onion,162.0,Pimpalgaon APMC,Maharashtra,1,13,2022-03-07,1180.0844320028891,1287.8013434975849
onion,162.0,Pimpalgaon APMC,Maharashtra,1,13,2022-03-14,1376.8688603146718,1428.5286437537454
onion,162.0,Pimpalgaon APMC,Maharashtra,1,13,2022-03-21,1435.6891132488809,1445.723584551431
onion,162.0,Pimpalgaon APMC,Maharashtra,1,13,2022-03-28,1428.8610229976205,1445.4113224467242
onion,162.0,Pimpalgaon APMC,Maharashtra,1,13,2022-04-04,1405.750555509835,1500.9627658706552
onion,162.0,Pimpalgaon APMC,Maharashtra,1,13,2022-04-11,1352.4040270982307,1511.31218297033
onion,162.0,Pimpalgaon APMC,Maharashtra,1,13,2022-04-18,1291.8171277124397,1511.31218297033
onion,162.0,Pimpalgaon APMC,Maharashtra,1,13,2022-04-25,1284.0760307798319,1575.3122318167918
onion,162.0,Pimpalgaon APMC,Maharashtra,1,13,2022-05-02,1253.9593698175788,1678.0003262787043
onion,162.0,Pimpalgaon APMC,Maharashtra,1,13,2022-05-09,1255.2385685884688,1757.8525056437513
onion,162.0,Pimpalgaon APMC,Maharashtra,1,13,2022-05-16,1283.4593894794227,2027.4478027428322
onion,162.0,Pimpalgaon APMC,Maharashtra,1,13,2022-05-23,1242.363764327368,1838.3524017850996
onion,162.0,Pimpalgaon APMC,Maharashtra,1,13,2022-05-30,1176.6334101714456,1791.5859278385108
onion,162.0,Pimpalgaon APMC,Maharashtra,1,13,2022-06-06,1246.0566305338866,2018.6095894163948
onion,162.0,Pimpalgaon APMC,Maharashtra,1,13,2022-06-13,1251.1517615176151,2001.7662731361775
onion,162.0,Pimpalgaon APMC,Maharashtra,1,13,2022-06-20,1155.7842722756582,1984.5949914973426
onion,162.0,Pimpalgaon APMC,Maharashtra,1,13,2022-06-27,1474.2526315789473,2046.1763210979748
onion,162.0,Pimpalgaon APMC,Maharashtra,1,13,2022-07-04,1648.7221116581125,2349.213851216042
onion,162.0,Pimpalgaon APMC,Maharashtra,1,13,2022-07-11,2217.2365339578455,2293.652305771044
onion,162.0,Pimpalgaon APMC,Maharashtra,1,13,2022-07-18,2127.304743223967,2254.1721278953446
onion,162.0,Pimpalgaon APMC,Maharashtra,1,13,2022-07-25,2343.8736528577156,2254.1721278953446
onion,162.0,Pimpalgaon APMC,Maharashtra,1,13,2022-08-01,2560.4425624914625,2207.5488542946887
onion,162.0,Pimpalgaon APMC,Maharashtra,1,13,2022-08-08,2137.9565590475167,2305.2313493738175
onion,162.0,Pimpalgaon APMC,Maharashtra,1,13,2022-08-15,1696.686333404849,2207.5488542946887
onion,162.0,Pimpalgaon APMC,Maharashtra,1,13,2022-08-22,1889.8758029978585,2037.9363472516445
onion,162.0,Pimpalgaon APMC,Maharashtra,1,13,2022-08-29,1925.6916111395865,2056.461622481809
onion,162.0,Pimpalgaon APMC,Maharashtra,1,13,2022-09-05,1672.2587064676625,2067.974904582705
onion,162.0,Pimpalgaon APMC,Maharashtra,1,13,2022-09-12,1449.2959749679994,2119.38372426806
onion,162.0,Pimpalgaon APMC,Maharashtra,1,13,2022-09-19,1623.5718071012188,1817.8882640860015
onion,162.0,Pimpalgaon APMC,Maharashtra,1,13,2022-09-26,1447.4663784822287,2022.6199664738258
onion,162.0,Pimpalgaon APMC,Maharashtra,1,13,2022-10-03,1410.2095207937518,2130.958785403871
onion,162.0,Pimpalgaon APMC,Maharashtra,1,13,2022-10-10,1393.4447445419767,2061.194253857368
onion,162.0,Pimpalgaon APMC,Maharashtra,1,13,2022-10-17,1287.3659942363108,1998.008064033316
onion,162.0,Pimpalgaon APMC,Maharashtra,1,13,2022-10-24,1250.0050464271296,1842.7962888675468
onion,162.0,Pimpalgaon APMC,Maharashtra,1,13,2022-10-31,1115.5148166750382,1709.3794322379133
onion,162.0,Pimpalgaon APMC,Maharashtra,1,13,2022-11-07,1036.6652259629966,1375.2042186995116
onion,162.0,Pimpalgaon APMC,Maharashtra,1,13,2022-11-14,723.9479563850424,1361.1244602509628
onion,162.0,Pimpalgaon APMC,Maharashtra,1,13,2022-11-21,636.5604342414605,1326.9834779855373
onion,162.0,Pimpalgaon APMC,Maharashtra,1,13,2022-11-28,739.1754467858094,1358.2862434266583
onion,162.0,Pimpalgaon APMC,Maharashtra,1,13,2022-12-05,961.1281826163298,1228.790794944086
onion,162.0,Pimpalgaon APMC,Maharashtra,1,13,2022-12-12,1008.3335260593045,1156.168383531594
onion,162.0,Pimpalgaon APMC,Maharashtra,1,13,2022-12-19,950.0286060890666,1091.180222542926
onion,162.0,Pimpalgaon APMC,Maharashtra,1,13,2022-12-26,798.3896010828886,1104.3947063896194
onion,162.0,Pimpalgaon APMC,Maharashtra,1,26,2022-01-03,1405.750555509835,1215.3365808650578
onion,162.0,Pimpalgaon APMC,Maharashtra,1,26,2022-01-10,1352.4040270982307,1227.7606319921479
onion,162.0,Pimpalgaon APMC,Maharashtra,1,26,2022-01-17,1291.8171277124397,1227.7606319921479
onion,162.0,Pimpalgaon APMC,Maharashtra,1,26,2022-01-24,1284.0760307798319,1227.7606319921479
onion,162.0,Pimpalgaon APMC,Maharashtra,1,26,2022-01-31,1253.9593698175788,1217.4839637961666
onion,162.0,Pimpalgaon APMC,Maharashtra,1,26,2022-02-07,1255.2385685884688,1206.5626163506913
onion,162.0,Pimpalgaon APMC,Maharashtra,1,26,2022-02-14,1283.4593894794227,1206.5626163506913
onion,162.0,Pimpalgaon APMC,Maharashtra,1,26,2022-02-21,1242.363764327368,1745.160526731505
onion,162.0,Pimpalgaon APMC,Maharashtra,1,26,2022-02-28,1176.6334101714456,1837.624292310514
onion,162.0,Pimpalgaon APMC,Maharashtra,1,26,2022-03-07,1246.0566305338866,1820.954608572078
onion,162.0,Pimpalgaon APMC,Maharashtra,1,26,2022-03-14,1251.1517615176151,1968.302738992208
onion,162.0,Pimpalgaon APMC,Maharashtra,1,26,2022-03-21,1155.7842722756582,1953.4885008789715
onion,162.0,Pimpalgaon APMC,Maharashtra,1,26,2022-03-28,1474.2526315789473,1945.2056699917055
onion,162.0,Pimpalgaon APMC,Maharashtra,1,26,2022-04-04,1648.7221116581125,1723.4139784453357
onion,162.0,Pimpalgaon APMC,Maharashtra,1,26,2022-04-11,2217.2365339578455,1723.4139784453357
onion,162.0,Pimpalgaon APMC,Maharashtra,1,26,2022-04-18,2127.304743223967,1760.0347585034483
onion,162.0,Pimpalgaon APMC,Maharashtra,1,26,2022-04-25,2343.8736528577156,2432.9626760469655
onion,162.0,Pimpalgaon APMC,Maharashtra,1,26,2022-05-02,2560.4425624914625,1985.6046179305472
onion,162.0,Pimpalgaon APMC,Maharashtra,1,26,2022-05-09,2137.9565590475167,2641.2552790319437
onion,162.0,Pimpalgaon APMC,Maharashtra,1,26,2022-05-16,1696.686333404849,1407.320076444266
onion,162.0,Pimpalgaon APMC,Maharashtra,1,26,2022-05-23,1889.8758029978585,1970.382593701288
onion,162.0,Pimpalgaon APMC,Maharashtra,1,26,2022-05-30,1925.6916111395865,2071.989395790086
onion,162.0,Pimpalgaon APMC,Maharashtra,1,26,2022-06-06,1672.2587064676625,1958.43010799759
onion,162.0,Pimpalgaon APMC,Maharashtra,1,26,2022-06-13,1449.2959749679994,1326.9746629976644
onion,162.0,Pimpalgaon APMC,Maharashtra,1,26,2022-06-20,1623.5718071012188,1326.9746629976644
onion,162.0,Pimpalgaon APMC,Maharashtra,1,26,2022-06-27,1447.4663784822287,1280.6253050419416
onion,162.0,Pimpalgaon APMC,Maharashtra,1,26,2022-07-04,1410.2095207937518,1280.6253050419416
onion,162.0,Pimpalgaon APMC,Maharashtra,1,26,2022-07-11,1393.4447445419767,1240.398186166346
onion,162.0,Pimpalgaon APMC,Maharashtra,1,26,2022-07-18,1287.3659942363108,1240.398186166346
onion,162.0,Pimpalgaon APMC,Maharashtra,1,26,2022-07-25,1250.0050464271296,1188.931271833049
onion,162.0,Pimpalgaon APMC,Maharashtra,1,26,2022-08-01,1115.5148166750382,1147.1448640575188
onion,162.0,Pimpalgaon APMC,Maharashtra,1,26,2022-08-08,1036.6652259629966,1196.8044324371572
onion,162.0,Pimpalgaon APMC,Maharashtra,1,26,2022-08-15,723.9479563850424,1176.7193782816043
onion,162.0,Pimpalgaon APMC,Maharashtra,1,26,2022-08-22,636.5604342414605,1113.6158854274702
onion,162.0,Pimpalgaon APMC,Maharashtra,1,26,2022-08-29,739.1754467858094,1113.6158854274702
onion,162.0,Pimpalgaon APMC,Maharashtra,1,26,2022-09-05,961.1281826163298,1154.1820155035646
onion,162.0,Pimpalgaon APMC,Maharashtra,1,26,2022-09-12,1008.3335260593045,1245.7682351680978
onion,162.0,Pimpalgaon APMC,Maharashtra,1,26,2022-09-19,950.0286060890666,1245.7682351680978
onion,162.0,Pimpalgaon APMC,Maharashtra,1,26,2022-09-26,798.3896010828886,1245.7682351680978
onion,162.0,Pimpalgaon APMC,Maharashtra,1,26,2022-10-03,667.0627610463838,1156.8575229751336
onion,162.0,Pimpalgaon APMC,Maharashtra,1,26,2022-10-10,673.6916880587767,1126.0001643153475
onion,162.0,Pimpalgaon APMC,Maharashtra,1,26,2022-10-17,822.813822284908,1126.0001643153475
onion,162.0,Pimpalgaon APMC,Maharashtra,1,26,2022-10-24,812.162689128061,1090.1662207152133
onion,162.0,Pimpalgaon APMC,Maharashtra,1,26,2022-10-31,823.3883262550365,1090.1662207152133
onion,162.0,Pimpalgaon APMC,Maharashtra,1,26,2022-11-07,824.747540415204,1051.0765964462407
onion,162.0,Pimpalgaon APMC,Maharashtra,1,26,2022-11-14,817.2178739148999,1084.2594348626596
onion,162.0,Pimpalgaon APMC,Maharashtra,1,26,2022-11-21,816.2069077698853,1084.2594348626596
onion,162.0,Pimpalgaon APMC,Maharashtra,1,26,2022-11-28,731.3362527180478,1119.8993993722756
onion,162.0,Pimpalgaon APMC,Maharashtra,1,26,2022-12-05,972.9831065929133,1172.672859938156
onion,162.0,Pimpalgaon APMC,Maharashtra,1,26,2022-12-12,1002.9690990320179,1172.672859938156
onion,162.0,Pimpalgaon APMC,Maharashtra,1,26,2022-12-19,974.5041973616585,1211.216324966303
onion,162.0,Pimpalgaon APMC,Maharashtra,1,26,2022-12-26,1294.662043739999,1211.216324966303
onion,162.0,Pimpalgaon APMC,Maharashtra,2,1,2023-01-02,1393.4447445419767,1616.3957176363135
onion,162.0,Pimpalgaon APMC,Maharashtra,2,1,2023-01-09,1287.3659942363108,1752.4786360613336
onion,162.0,Pimpalgaon APMC,Maharashtra,2,1,2023-01-16,1250.0050464271296,1660.0228263780812
onion,162.0,Pimpalgaon APMC,Maharashtra,2,1,2023-01-23,1115.5148166750382,1255.188831823951
onion,162.0,Pimpalgaon APMC,Maharashtra,2,1,2023-01-30,1036.6652259629966,1186.373334383587
onion,162.0,Pimpalgaon APMC,Maharashtra,2,1,2023-02-06,723.9479563850424,1072.8125556411326
onion,162.0,Pimpalgaon APMC,Maharashtra,2,1,2023-02-13,636.5604342414605,1038.2649696404444
onion,162.0,Pimpalgaon APMC,Maharashtra,2,1,2023-02-20,739.1754467858094,816.028661016757
onion,162.0,Pimpalgaon APMC,Maharashtra,2,1,2023-02-27,961.1281826163298,811.7910845805659
onion,162.0,Pimpalgaon APMC,Maharashtra,2,1,2023-03-06,1008.3335260593045,822.4969459901592
onion,162.0,Pimpalgaon APMC,Maharashtra,2,1,2023-03-13,950.0286060890666,936.0746908365758
onion,162.0,Pimpalgaon APMC,Maharashtra,2,1,2023-03-20,798.3896010828886,925.7731820282098
onion,162.0,Pimpalgaon APMC,Maharashtra,2,1,2023-03-27,667.0627610463838,941.6476111717286
onion,162.0,Pimpalgaon APMC,Maharashtra,2,1,2023-04-03,673.6916880587767,830.5675169667672
onion,162.0,Pimpalgaon APMC,Maharashtra,2,1,2023-04-10,822.813822284908,859.9422749951528
onion,162.0,Pimpalgaon APMC,Maharashtra,2,1,2023-04-17,812.162689128061,862.5681900412588
onion,162.0,Pimpalgaon APMC,Maharashtra,2,1,2023-04-24,823.3883262550365,843.566646848826
onion,162.0,Pimpalgaon APMC,Maharashtra,2,1,2023-05-01,824.747540415204,852.7648316916138
onion,162.0,Pimpalgaon APMC,Maharashtra,2,1,2023-05-08,817.2178739148999,860.567200091306
onion,162.0,Pimpalgaon APMC,Maharashtra,2,1,2023-05-15,816.2069077698853,869.4356964549897
onion,162.0,Pimpalgaon APMC,Maharashtra,2,1,2023-05-22,731.3362527180478,871.1357640531771
onion,162.0,Pimpalgaon APMC,Maharashtra,2,1,2023-05-29,972.9831065929133,891.9139253217411
onion,162.0,Pimpalgaon APMC,Maharashtra,2,1,2023-06-05,1002.9690990320179,919.0487594403068
onion,162.0,Pimpalgaon APMC,Maharashtra,2,1,2023-06-12,974.5041973616585,1059.1456984696993
onion,162.0,Pimpalgaon APMC,Maharashtra,2,1,2023-06-19,1294.662043739999,1094.6338345934373
onion,162.0,Pimpalgaon APMC,Maharashtra,2,1,2023-06-26,1371.4651115203596,1061.8982260519276
onion,162.0,Pimpalgaon APMC,Maharashtra,2,1,2023-07-03,1299.9999999999995,1240.0759322468025
onion,162.0,Pimpalgaon APMC,Maharashtra,2,1,2023-07-10,1369.667848479194,1387.3991478821083
onion,162.0,Pimpalgaon APMC,Maharashtra,2,1,2023-07-17,1342.3021828103688,1250.539160033702
onion,162.0,Pimpalgaon APMC,Maharashtra,2,1,2023-07-24,1471.7944651494736,1408.2381244213443
onion,162.0,Pimpalgaon APMC,Maharashtra,2,1,2023-07-31,2045.9982150101414,1281.1060723744145
onion,162.0,Pimpalgaon APMC,Maharashtra,2,1,2023-08-07,2301.3686856595646,1694.5979776025667
onion,162.0,Pimpalgaon APMC,Maharashtra,2,1,2023-08-14,2118.3207848505585,1881.719060659099
onion,162.0,Pimpalgaon APMC,Maharashtra,2,1,2023-08-21,2226.9257983719476,2015.0818000643794
onion,162.0,Pimpalgaon APMC,Maharashtra,2,1,2023-08-28,2191.3477002251525,1822.4436616688795
onion,162.0,Pimpalgaon APMC,Maharashtra,2,1,2023-09-04,2103.0957430219864,1873.3940851259902
onion,162.0,Pimpalgaon APMC,Maharashtra,2,1,2023-09-11,2101.000000000001,1847.1513453005098
onion,162.0,Pimpalgaon APMC,Maharashtra,2,1,2023-09-18,2213.935297645823,1809.7711429052501
onion,162.0,Pimpalgaon APMC,Maharashtra,2,1,2023-09-25,2326.8705952916484,2022.0972561915078
onion,162.0,Pimpalgaon APMC,Maharashtra,2,1,2023-10-02,2441.264550790965,2352.754517046232
onion,162.0,Pimpalgaon APMC,Maharashtra,2,1,2023-10-09,3162.1879978028005,2668.206628221718
onion,162.0,Pimpalgaon APMC,Maharashtra,2,1,2023-10-16,4408.642871965138,2790.2714141388665
onion,162.0,Pimpalgaon APMC,Maharashtra,2,1,2023-10-23,4169.200255713599,2948.812630672812
onion,162.0,Pimpalgaon APMC,Maharashtra,2,1,2023-10-30,3492.4726989079545,2698.1930561345985
onion,162.0,Pimpalgaon APMC,Maharashtra,2,1,2023-11-06,3556.520648122987,3158.158203804183
onion,162.0,Pimpalgaon APMC,Maharashtra,2,1,2023-11-13,3620.5685973380123,3033.8546487844496
onion,162.0,Pimpalgaon APMC,Maharashtra,2,1,2023-11-20,3908.5898004434566,2811.635986289523
onion,162.0,Pimpalgaon APMC,Maharashtra,2,1,2023-11-27,3647.1750114836937,2496.9621390349407
onion,162.0,Pimpalgaon APMC,Maharashtra,2,1,2023-12-04,2267.1559615197743,2433.234166326288
onion,162.0,Pimpalgaon APMC,Maharashtra,2,1,2023-12-11,1843.4317326411426,2425.1392692110185
onion,162.0,Pimpalgaon APMC,Maharashtra,2,1,2023-12-18,1538.7681999275628,2275.210312909701
onion,162.0,Pimpalgaon APMC,Maharashtra,2,1,2023-12-25,1836.5680078188623,2070.2158746261744
onion,162.0,Pimpalgaon APMC,Maharashtra,2,4,2023-01-02,1115.5148166750382,1524.8198747153294
onion,162.0,Pimpalgaon APMC,Maharashtra,2,4,2023-01-09,1036.6652259629966,1511.44560366902
onion,162.0,Pimpalgaon APMC,Maharashtra,2,4,2023-01-16,723.9479563850424,1422.5798797632478
onion,162.0,Pimpalgaon APMC,Maharashtra,2,4,2023-01-23,636.5604342414605,1422.5798797632478
onion,162.0,Pimpalgaon APMC,Maharashtra,2,4,2023-01-30,739.1754467858094,1171.34365649121
onion,162.0,Pimpalgaon APMC,Maharashtra,2,4,2023-02-06,961.1281826163298,1135.4377404843035
onion,162.0,Pimpalgaon APMC,Maharashtra,2,4,2023-02-13,1008.3335260593045,1100.4445540831996
onion,162.0,Pimpalgaon APMC,Maharashtra,2,4,2023-02-20,950.0286060890666,1100.4445540831996
onion,162.0,Pimpalgaon APMC,Maharashtra,2,4,2023-02-27,798.3896010828886,1116.748383231578
onion,162.0,Pimpalgaon APMC,Maharashtra,2,4,2023-03-06,667.0627610463838,1116.748383231578
onion,162.0,Pimpalgaon APMC,Maharashtra,2,4,2023-03-13,673.6916880587767,1116.748383231578
onion,162.0,Pimpalgaon APMC,Maharashtra,2,4,2023-03-20,822.813822284908,1178.457105097637
onion,162.0,Pimpalgaon APMC,Maharashtra,2,4,2023-03-27,812.162689128061,1191.3549557461847
onion,162.0,Pimpalgaon APMC,Maharashtra,2,4,2023-04-03,823.3883262550365,1191.3549557461847
onion,162.0,Pimpalgaon APMC,Maharashtra,2,4,2023-04-10,824.747540415204,1124.108249679261
onion,162.0,Pimpalgaon APMC,Maharashtra,2,4,2023-04-17,817.2178739148999,1112.4893052613656
onion,162.0,Pimpalgaon APMC,Maharashtra,2,4,2023-04-24,816.2069077698853,1100.4445540831996
onion,162.0,Pimpalgaon APMC,Maharashtra,2,4,2023-05-01,731.3362527180478,1117.4913717633929
onion,162.0,Pimpalgaon APMC,Maharashtra,2,4,2023-05-08,972.9831065929133,1117.4913717633929
onion,162.0,Pimpalgaon APMC,Maharashtra,2,4,2023-05-15,1002.9690990320179,1214.4400972403312
onion,162.0,Pimpalgaon APMC,Maharashtra,2,4,2023-05-22,974.5041973616585,1220.0581893633412
onion,162.0,Pimpalgaon APMC,Maharashtra,2,4,2023-05-29,1294.662043739999,1220.0581893633412
onion,162.0,Pimpalgaon APMC,Maharashtra,2,4,2023-06-05,1371.4651115203596,1211.9399050630243
onion,162.0,Pimpalgaon APMC,Maharashtra,2,4,2023-06-12,1299.9999999999995,1211.9399050630243
onion,162.0,Pimpalgaon APMC,Maharashtra,2,4,2023-06-19,1369.667848479194,1211.9399050630243
onion,162.0,Pimpalgaon APMC,Maharashtra,2,4,2023-06-26,1342.3021828103688,1231.033063472226
onion,162.0,Pimpalgaon APMC,Maharashtra,2,4,2023-07-03,1471.7944651494736,1295.0268447061922
onion,162.0,Pimpalgaon APMC,Maharashtra,2,4,2023-07-10,2045.9982150101414,1527.492770116244
onion,162.0,Pimpalgaon APMC,Maharashtra,2,4,2023-07-17,2301.3686856595646,1502.0789107617607
onion,162.0,Pimpalgaon APMC,Maharashtra,2,4,2023-07-24,2118.3207848505585,1546.0961076677534
onion,162.0,Pimpalgaon APMC,Maharashtra,2,4,2023-07-31,2226.9257983719476,1546.0961076677534
onion,162.0,Pimpalgaon APMC,Maharashtra,2,4,2023-08-07,2191.3477002251525,1546.0961076677534
onion,162.0,Pimpalgaon APMC,Maharashtra,2,4,2023-08-14,2103.0957430219864,1591.1088171593985
onion,162.0,Pimpalgaon APMC,Maharashtra,2,4,2023-08-21,2101.000000000001,1591.1088171593985
onion,162.0,Pimpalgaon APMC,Maharashtra,2,4,2023-08-28,2213.935297645823,1569.1807751276986
onion,162.0,Pimpalgaon APMC,Maharashtra,2,4,2023-09-04,2326.8705952916484,1567.0501852424195
onion,162.0,Pimpalgaon APMC,Maharashtra,2,4,2023-09-11,2441.264550790965,1543.8449053223069
onion,162.0,Pimpalgaon APMC,Maharashtra,2,4,2023-09-18,3162.1879978028005,1585.867472960259
onion,162.0,Pimpalgaon APMC,Maharashtra,2,4,2023-09-25,4408.642871965138,1741.2597059182253
onion,162.0,Pimpalgaon APMC,Maharashtra,2,4,2023-10-02,4169.200255713599,1685.9624363746395
onion,162.0,Pimpalgaon APMC,Maharashtra,2,4,2023-10-09,3492.4726989079545,1742.9251129182417
onion,162.0,Pimpalgaon APMC,Maharashtra,2,4,2023-10-16,3556.520648122987,1766.8981861589186
onion,162.0,Pimpalgaon APMC,Maharashtra,2,4,2023-10-23,3620.5685973380123,1818.3351247369246
onion,162.0,Pimpalgaon APMC,Maharashtra,2,4,2023-10-30,3908.5898004434566,1804.2906743917297
onion,162.0,Pimpalgaon APMC,Maharashtra,2,4,2023-11-06,3647.1750114836937,1804.2906743917297
onion,162.0,Pimpalgaon APMC,Maharashtra,2,4,2023-11-13,2267.1559615197743,1748.2692026106113
onion,162.0,Pimpalgaon APMC,Maharashtra,2,4,2023-11-20,1843.4317326411426,1712.6880699638796
onion,162.0,Pimpalgaon APMC,Maharashtra,2,4,2023-11-27,1538.7681999275628,1638.8909532023008
onion,162.0,Pimpalgaon APMC,Maharashtra,2,4,2023-12-04,1836.5680078188623,1653.830314053555
onion,162.0,Pimpalgaon APMC,Maharashtra,2,4,2023-12-11,1773.9572612921665,1653.830314053555
onion,162.0,Pimpalgaon APMC,Maharashtra,2,4,2023-12-18,1512.358071416817,1718.847395622859
onion,162.0,Pimpalgaon APMC,Maharashtra,2,4,2023-12-25,1180.4082763716985,1768.9529006618561
onion,162.0,Pimpalgaon APMC,Maharashtra,2,13,2023-01-02,667.0627610463838,1171.3686007923386
onion,162.0,Pimpalgaon APMC,Maharashtra,2,13,2023-01-09,673.6916880587767,1155.278118291646
onion,162.0,Pimpalgaon APMC,Maharashtra,2,13,2023-01-16,822.813822284908,1155.278118291646
onion,162.0,Pimpalgaon APMC,Maharashtra,2,13,2023-01-23,812.162689128061,1155.278118291646
onion,162.0,Pimpalgaon APMC,Maharashtra,2,13,2023-01-30,823.3883262550365,1155.278118291646
onion,162.0,Pimpalgaon APMC,Maharashtra,2,13,2023-02-06,824.747540415204,1175.6089334191254
onion,162.0,Pimpalgaon APMC,Maharashtra,2,13,2023-02-13,817.2178739148999,1175.6089334191254
onion,162.0,Pimpalgaon APMC,Maharashtra,2,13,2023-02-20,816.2069077698853,1210.2725595535119
onion,162.0,Pimpalgaon APMC,Maharashtra,2,13,2023-02-27,731.3362527180478,1210.2725595535119
onion,162.0,Pimpalgaon APMC,Maharashtra,2,13,2023-03-06,972.9831065929133,1210.2725595535119
onion,162.0,Pimpalgaon APMC,Maharashtra,2,13,2023-03-13,1002.9690990320179,1356.0581806747384
onion,162.0,Pimpalgaon APMC,Maharashtra,2,13,2023-03-20,974.5041973616585,1259.4311420762804
onion,162.0,Pimpalgaon APMC,Maharashtra,2,13,2023-03-27,1294.662043739999,1235.0116412966736
onion,162.0,Pimpalgaon APMC,Maharashtra,2,13,2023-04-03,1371.4651115203596,1383.7747940803238
onion,162.0,Pimpalgaon APMC,Maharashtra,2,13,2023-04-10,1299.9999999999995,1383.7747940803238
onion,162.0,Pimpalgaon APMC,Maharashtra,2,13,2023-04-17,1369.667848479194,1392.8211253985342
onion,162.0,Pimpalgaon APMC,Maharashtra,2,13,2023-04-24,1342.3021828103688,1437.8423683794288
onion,162.0,Pimpalgaon APMC,Maharashtra,2,13,2023-05-01,1471.7944651494736,1412.980379524644
onion,162.0,Pimpalgaon APMC,Maharashtra,2,13,2023-05-08,2045.9982150101414,1412.980379524644
onion,162.0,Pimpalgaon APMC,Maharashtra,2,13,2023-05-15,2301.3686856595646,1412.980379524644
onion,162.0,Pimpalgaon APMC,Maharashtra,2,13,2023-05-22,2118.3207848505585,1412.980379524644
onion,162.0,Pimpalgaon APMC,Maharashtra,2,13,2023-05-29,2226.9257983719476,1457.420245076216
onion,162.0,Pimpalgaon APMC,Maharashtra,2,13,2023-06-05,2191.3477002251525,1534.0256581017825
onion,162.0,Pimpalgaon APMC,Maharashtra,2,13,2023-06-12,2103.0957430219864,1534.0256581017825
onion,162.0,Pimpalgaon APMC,Maharashtra,2,13,2023-06-19,2101.000000000001,1534.0256581017825
onion,162.0,Pimpalgaon APMC,Maharashtra,2,13,2023-06-26,2213.935297645823,1682.0361707200655
onion,162.0,Pimpalgaon APMC,Maharashtra,2,13,2023-07-03,2326.8705952916484,1693.262242288729
onion,162.0,Pimpalgaon APMC,Maharashtra,2,13,2023-07-10,2441.264550790965,1795.925941647114
onion,162.0,Pimpalgaon APMC,Maharashtra,2,13,2023-07-17,3162.1879978028005,1757.8921372383572
onion,162.0,Pimpalgaon APMC,Maharashtra,2,13,2023-07-24,4408.642871965138,1795.925941647114
onion,162.0,Pimpalgaon APMC,Maharashtra,2,13,2023-07-31,4169.200255713599,1795.925941647114
onion,162.0,Pimpalgaon APMC,Maharashtra,2,13,2023-08-07,3492.4726989079545,1746.1052663631478
onion,162.0,Pimpalgaon APMC,Maharashtra,2,13,2023-08-14,3556.520648122987,1709.1259683062362
onion,162.0,Pimpalgaon APMC,Maharashtra,2,13,2023-08-21,3620.5685973380123,1710.7289002785158
onion,162.0,Pimpalgaon APMC,Maharashtra,2,13,2023-08-28,3908.5898004434566,1663.2703558062894
onion,162.0,Pimpalgaon APMC,Maharashtra,2,13,2023-09-04,3647.1750114836937,1677.6219554329239
onion,162.0,Pimpalgaon APMC,Maharashtra,2,13,2023-09-11,2267.1559615197743,1756.3571662764068
onion,162.0,Pimpalgaon APMC,Maharashtra,2,13,2023-09-18,1843.4317326411426,1756.3571662764068
onion,162.0,Pimpalgaon APMC,Maharashtra,2,13,2023-09-25,1538.7681999275628,1677.1520500778736
onion,162.0,Pimpalgaon APMC,Maharashtra,2,13,2023-10-02,1836.5680078188623,1677.1520500778736
onion,162.0,Pimpalgaon APMC,Maharashtra,2,13,2023-10-09,1773.9572612921665,1644.6396549718063
onion,162.0,Pimpalgaon APMC,Maharashtra,2,13,2023-10-16,1512.358071416817,1677.1520500778736
onion,162.0,Pimpalgaon APMC,Maharashtra,2,13,2023-10-23,1180.4082763716985,1657.2243489055713
onion,162.0,Pimpalgaon APMC,Maharashtra,2,13,2023-10-30,1168.1730446458548,1577.3578308404951
onion,162.0,Pimpalgaon APMC,Maharashtra,2,13,2023-11-06,1093.2068965517246,1552.7194922749527
onion,162.0,Pimpalgaon APMC,Maharashtra,2,13,2023-11-13,1169.5631950257082,1545.0640592919628
onion,162.0,Pimpalgaon APMC,Maharashtra,2,13,2023-11-20,1550.7098765432104,1609.3894409486252
onion,162.0,Pimpalgaon APMC,Maharashtra,2,13,2023-11-27,1612.676214579687,1483.61258892354
onion,162.0,Pimpalgaon APMC,Maharashtra,2,13,2023-12-04,1768.4230814284278,1424.3112367372405
onion,162.0,Pimpalgaon APMC,Maharashtra,2,13,2023-12-11,1602.376805814057,1251.027121913148
onion,162.0,Pimpalgaon APMC,Maharashtra,2,13,2023-12-18,1286.5125998444905,1251.027121913148
onion,162.0,Pimpalgaon APMC,Maharashtra,2,13,2023-12-25,1504.6281366837666,1202.3407804627652
onion,162.0,Pimpalgaon APMC,Maharashtra,2,26,2023-01-02,1371.4651115203596,1493.5525297196327
onion,162.0,Pimpalgaon APMC,Maharashtra,2,26,2023-01-09,1299.9999999999995,1493.5525297196327
onion,162.0,Pimpalgaon APMC,Maharashtra,2,26,2023-01-16,1369.667848479194,1493.5525297196327
onion,162.0,Pimpalgaon APMC,Maharashtra,2,26,2023-01-23,1342.3021828103688,1493.5525297196327
onion,162.0,Pimpalgaon APMC,Maharashtra,2,26,2023-01-30,1471.7944651494736,1493.5525297196327
onion,162.0,Pimpalgaon APMC,Maharashtra,2,26,2023-02-06,2045.9982150101414,1493.5525297196327
onion,162.0,Pimpalgaon APMC,Maharashtra,2,26,2023-02-13,2301.3686856595646,1633.0219699702236
onion,162.0,Pimpalgaon APMC,Maharashtra,2,26,2023-02-20,2118.3207848505585,1522.8260461165473
onion,162.0,Pimpalgaon APMC,Maharashtra,2,26,2023-02-27,2226.9257983719476,1502.0782223511596
onion,162.0,Pimpalgaon APMC,Maharashtra,2,26,2023-03-06,2191.3477002251525,1502.0782223511596
onion,162.0,Pimpalgaon APMC,Maharashtra,2,26,2023-03-13,2103.0957430219864,1502.0782223511596
onion,162.0,Pimpalgaon APMC,Maharashtra,2,26,2023-03-20,2101.000000000001,1708.8697801480662
onion,162.0,Pimpalgaon APMC,Maharashtra,2,26,2023-03-27,2213.935297645823,1708.8697801480662
onion,162.0,Pimpalgaon APMC,Maharashtra,2,26,2023-04-03,2326.8705952916484,1721.1392557503566
onion,162.0,Pimpalgaon APMC,Maharashtra,2,26,2023-04-10,2441.264550790965,1813.906285693167
onion,162.0,Pimpalgaon APMC,Maharashtra,2,26,2023-04-17,3162.1879978028005,1970.9733353891304
onion,162.0,Pimpalgaon APMC,Maharashtra,2,26,2023-04-24,4408.642871965138,1970.9733353891304
onion,162.0,Pimpalgaon APMC,Maharashtra,2,26,2023-05-01,4169.200255713599,1907.3168125256739
onion,162.0,Pimpalgaon APMC,Maharashtra,2,26,2023-05-08,3492.4726989079545,1970.9733353891304
onion,162.0,Pimpalgaon APMC,Maharashtra,2,26,2023-05-15,3556.520648122987,1970.9733353891304
onion,162.0,Pimpalgaon APMC,Maharashtra,2,26,2023-05-22,3620.5685973380123,1922.8088286818638
onion,162.0,Pimpalgaon APMC,Maharashtra,2,26,2023-05-29,3908.5898004434566,1922.8088286818638
onion,162.0,Pimpalgaon APMC,Maharashtra,2,26,2023-06-05,3647.1750114836937,1922.8088286818638
onion,162.0,Pimpalgaon APMC,Maharashtra,2,26,2023-06-12,2267.1559615197743,1815.9694992816485
onion,162.0,Pimpalgaon APMC,Maharashtra,2,26,2023-06-19,1843.4317326411426,1724.5009714350545
onion,162.0,Pimpalgaon APMC,Maharashtra,2,26,2023-06-26,1538.7681999275628,1568.9257948829597
onion,162.0,Pimpalgaon APMC,Maharashtra,2,26,2023-07-03,1836.5680078188623,1379.3304887120948
onion,162.0,Pimpalgaon APMC,Maharashtra,2,26,2023-07-10,1773.9572612921665,1379.3304887120948
onion,162.0,Pimpalgaon APMC,Maharashtra,2,26,2023-07-17,1512.358071416817,1379.3304887120948
onion,162.0,Pimpalgaon APMC,Maharashtra,2,26,2023-07-24,1180.4082763716985,1379.3304887120948
onion,162.0,Pimpalgaon APMC,Maharashtra,2,26,2023-07-31,1168.1730446458548,1379.3304887120948
onion,162.0,Pimpalgaon APMC,Maharashtra,2,26,2023-08-07,1093.2068965517246,1423.286917883714
onion,162.0,Pimpalgaon APMC,Maharashtra,2,26,2023-08-14,1169.5631950257082,1379.3304887120948
onion,162.0,Pimpalgaon APMC,Maharashtra,2,26,2023-08-21,1550.7098765432104,1357.4035314660152
onion,162.0,Pimpalgaon APMC,Maharashtra,2,26,2023-08-28,1612.676214579687,1357.4035314660152
onion,162.0,Pimpalgaon APMC,Maharashtra,2,26,2023-09-04,1768.4230814284278,1330.1341795159835
onion,162.0,Pimpalgaon APMC,Maharashtra,2,26,2023-09-11,1602.376805814057,1284.9366268610481
onion,162.0,Pimpalgaon APMC,Maharashtra,2,26,2023-09-18,1286.5125998444905,1284.9366268610481
onion,162.0,Pimpalgaon APMC,Maharashtra,2,26,2023-09-25,1504.6281366837666,1325.8870968535996
onion,162.0,Pimpalgaon APMC,Maharashtra,2,26,2023-10-02,1466.221102512825,1325.8870968535996
onion,162.0,Pimpalgaon APMC,Maharashtra,2,26,2023-10-09,1427.8140683418833,1303.3181320100648
onion,162.0,Pimpalgaon APMC,Maharashtra,2,26,2023-10-16,841.1906998590891,1324.3720583680195
onion,162.0,Pimpalgaon APMC,Maharashtra,2,26,2023-10-23,1351.0000000000005,1324.3720583680195
onion,162.0,Pimpalgaon APMC,Maharashtra,2,26,2023-10-30,1694.6909542657388,1283.4683455850213
onion,162.0,Pimpalgaon APMC,Maharashtra,2,26,2023-11-06,1566.921184263891,1283.4683455850213
onion,162.0,Pimpalgaon APMC,Maharashtra,2,26,2023-11-13,1587.2277406195146,1283.4683455850213
onion,162.0,Pimpalgaon APMC,Maharashtra,2,26,2023-11-20,1713.0496205867282,1283.4683455850213
onion,162.0,Pimpalgaon APMC,Maharashtra,2,26,2023-11-27,2033.0107602638818,1283.4683455850213
onion,162.0,Pimpalgaon APMC,Maharashtra,2,26,2023-12-04,2274.1626017421104,1363.6185383296458
onion,162.0,Pimpalgaon APMC,Maharashtra,2,26,2023-12-11,2554.7920637300035,1407.0746226637193
onion,162.0,Pimpalgaon APMC,Maharashtra,2,26,2023-12-18,3011.5009746588694,1337.3212040420951
onion,162.0,Pimpalgaon APMC,Maharashtra,2,26,2023-12-25,3054.785540363366,1319.0991421776773
onion,162.0,Pimpalgaon APMC,Maharashtra,3,1,2024-01-01,1773.9572612921665,1497.5965468988247
onion,162.0,Pimpalgaon APMC,Maharashtra,3,1,2024-01-08,1512.358071416817,1612.8056474169148
onion,162.0,Pimpalgaon APMC,Maharashtra,3,1,2024-01-15,1180.4082763716985,1558.138538617221
onion,162.0,Pimpalgaon APMC,Maharashtra,3,1,2024-01-22,1168.1730446458548,1466.0820046212543
onion,162.0,Pimpalgaon APMC,Maharashtra,3,1,2024-01-29,1093.2068965517246,1232.386502145554
onion,162.0,Pimpalgaon APMC,Maharashtra,3,1,2024-02-05,1169.5631950257082,1083.597794151598
onion,162.0,Pimpalgaon APMC,Maharashtra,3,1,2024-02-12,1550.7098765432104,1057.8488345084904
onion,162.0,Pimpalgaon APMC,Maharashtra,3,1,2024-02-19,1612.676214579687,1066.0177862074904
onion,162.0,Pimpalgaon APMC,Maharashtra,3,1,2024-02-26,1768.4230814284278,1255.9602620655285
onion,162.0,Pimpalgaon APMC,Maharashtra,3,1,2024-03-04,1602.376805814057,1182.1554744308976
onion,162.0,Pimpalgaon APMC,Maharashtra,3,1,2024-03-11,1286.5125998444905,1283.658454984629
onion,162.0,Pimpalgaon APMC,Maharashtra,3,1,2024-03-18,1504.6281366837666,1205.3778068128836
onion,162.0,Pimpalgaon APMC,Maharashtra,3,1,2024-03-25,1466.221102512825,1143.7310103538578
onion,162.0,Pimpalgaon APMC,Maharashtra,3,1,2024-04-01,1427.8140683418833,1181.4028939473792
onion,162.0,Pimpalgaon APMC,Maharashtra,3,1,2024-04-08,841.1906998590891,1241.6135553755357
onion,162.0,Pimpalgaon APMC,Maharashtra,3,1,2024-04-15,1351.0000000000005,1253.503811373176
onion,162.0,Pimpalgaon APMC,Maharashtra,3,1,2024-04-22,1694.6909542657388,911.8982281341174
onion,162.0,Pimpalgaon APMC,Maharashtra,3,1,2024-04-29,1566.921184263891,1074.106913963176
onion,162.0,Pimpalgaon APMC,Maharashtra,3,1,2024-05-06,1587.2277406195146,1334.0325116378772
onion,162.0,Pimpalgaon APMC,Maharashtra,3,1,2024-05-13,1713.0496205867282,1441.9217979555315
onion,162.0,Pimpalgaon APMC,Maharashtra,3,1,2024-05-20,2033.0107602638818,1442.806414830688
onion,162.0,Pimpalgaon APMC,Maharashtra,3,1,2024-05-27,2274.1626017421104,1494.5869416517303
onion,162.0,Pimpalgaon APMC,Maharashtra,3,1,2024-06-03,2554.7920637300035,1642.2738924282312
onion,162.0,Pimpalgaon APMC,Maharashtra,3,1,2024-06-10,3011.5009746588694,1714.3383482723511
onion,162.0,Pimpalgaon APMC,Maharashtra,3,1,2024-06-17,3054.785540363366,1740.4579602907281
onion,162.0,Pimpalgaon APMC,Maharashtra,3,1,2024-06-24,2947.047322514362,1792.9920763918888
onion,162.0,Pimpalgaon APMC,Maharashtra,3,1,2024-07-01,2847.5442184898207,2172.588115888734
onion,162.0,Pimpalgaon APMC,Maharashtra,3,1,2024-07-08,2752.1252701614617,2290.0993025886896
onion,162.0,Pimpalgaon APMC,Maharashtra,3,1,2024-07-15,2723.206051873199,2340.698616305685
onion,162.0,Pimpalgaon APMC,Maharashtra,3,1,2024-07-22,2721.707234721753,2335.286306551923
onion,162.0,Pimpalgaon APMC,Maharashtra,3,1,2024-07-29,3065.542754439438,2419.50837560307
onion,162.0,Pimpalgaon APMC,Maharashtra,3,1,2024-08-05,3332.5982346818796,2672.156046892887
onion,162.0,Pimpalgaon APMC,Maharashtra,3,1,2024-08-12,3738.203470568223,2937.873109070166
onion,162.0,Pimpalgaon APMC,Maharashtra,3,1,2024-08-19,3691.384639838925,3115.644776013882
onion,162.0,Pimpalgaon APMC,Maharashtra,3,1,2024-08-26,3926.812421916832,3461.2391283030247
onion,162.0,Pimpalgaon APMC,Maharashtra,3,1,2024-09-02,3968.15937536263,3410.6053336160794
onion,162.0,Pimpalgaon APMC,Maharashtra,3,1,2024-09-09,4688.369282213599,3725.165958837971
onion,162.0,Pimpalgaon APMC,Maharashtra,3,1,2024-09-16,4628.07074479982,3793.4606489795565
onion,162.0,Pimpalgaon APMC,Maharashtra,3,1,2024-09-23,4332.821113040854,3643.5812318105573
onion,162.0,Pimpalgaon APMC,Maharashtra,3,1,2024-09-30,4259.327986331925,3761.888154921283
onion,162.0,Pimpalgaon APMC,Maharashtra,3,1,2024-10-07,4229.201738544885,3688.9114858324588
onion,162.0,Pimpalgaon APMC,Maharashtra,3,1,2024-10-14,4484.350832411582,3840.491769399202
onion,162.0,Pimpalgaon APMC,Maharashtra,3,1,2024-10-21,4499.999999999999,3856.9687743853574
onion,162.0,Pimpalgaon APMC,Maharashtra,3,1,2024-10-28,4868.7626953718855,3835.0068856790463
onion,162.0,Pimpalgaon APMC,Maharashtra,3,1,2024-11-04,4703.969005488808,3671.43346986833
onion,162.0,Pimpalgaon APMC,Maharashtra,3,1,2024-11-11,4816.404705166556,3617.0600686524162
onion,162.0,Pimpalgaon APMC,Maharashtra,3,1,2024-11-18,4953.997143301331,3884.970449533484
onion,162.0,Pimpalgaon APMC,Maharashtra,3,1,2024-11-25,4390.469677473493,3884.970449533484
onion,162.0,Pimpalgaon APMC,Maharashtra,3,1,2024-12-02,3510.7533724680115,3701.465001158715
onion,162.0,Pimpalgaon APMC,Maharashtra,3,1,2024-12-09,2023.499464303868,3636.1755364089927
onion,162.0,Pimpalgaon APMC,Maharashtra,3,1,2024-12-16,1933.9193628720564,3229.0943314855153
onion,162.0,Pimpalgaon APMC,Maharashtra,3,1,2024-12-23,2383.9191587779683,2689.0985563510067
onion,162.0,Pimpalgaon APMC,Maharashtra,3,1,2024-12-30,2223.0389918153037,2704.703013748967
onion,162.0,Pimpalgaon APMC,Maharashtra,3,4,2024-01-01,1168.1730446458548,1131.4447346739676
onion,162.0,Pimpalgaon APMC,Maharashtra,3,4,2024-01-08,1093.2068965517246,1138.2964868462361
onion,162.0,Pimpalgaon APMC,Maharashtra,3,4,2024-01-15,1169.5631950257082,1222.1294497465992
onion,162.0,Pimpalgaon APMC,Maharashtra,3,4,2024-01-22,1550.7098765432104,1161.781321801787
onion,162.0,Pimpalgaon APMC,Maharashtra,3,4,2024-01-29,1612.676214579687,1119.4436723094013
onion,162.0,Pimpalgaon APMC,Maharashtra,3,4,2024-02-05,1768.4230814284278,1057.1408597681109
onion,162.0,Pimpalgaon APMC,Maharashtra,3,4,2024-02-12,1602.376805814057,1032.2287652334107
onion,162.0,Pimpalgaon APMC,Maharashtra,3,4,2024-02-19,1286.5125998444905,1028.2019033949405
onion,162.0,Pimpalgaon APMC,Maharashtra,3,4,2024-02-26,1504.6281366837666,1038.6486803783446
onion,162.0,Pimpalgaon APMC,Maharashtra,3,4,2024-03-04,1466.221102512825,991.6322334825032
onion,162.0,Pimpalgaon APMC,Maharashtra,3,4,2024-03-11,1427.8140683418833,1013.2966317289537
onion,162.0,Pimpalgaon APMC,Maharashtra,3,4,2024-03-18,841.1906998590891,986.2027150574451
onion,162.0,Pimpalgaon APMC,Maharashtra,3,4,2024-03-25,1351.0000000000005,1046.0316183966936
onion,162.0,Pimpalgaon APMC,Maharashtra,3,4,2024-04-01,1694.6909542657388,1077.9689642217145
onion,162.0,Pimpalgaon APMC,Maharashtra,3,4,2024-04-08,1566.921184263891,1121.8884850163952
onion,162.0,Pimpalgaon APMC,Maharashtra,3,4,2024-04-15,1587.2277406195146,1135.4037223419878
onion,162.0,Pimpalgaon APMC,Maharashtra,3,4,2024-04-22,1713.0496205867282,1043.2796160374303
onion,162.0,Pimpalgaon APMC,Maharashtra,3,4,2024-04-29,2033.0107602638818,1017.8264511896331
onion,162.0,Pimpalgaon APMC,Maharashtra,3,4,2024-05-06,2274.1626017421104,1143.2461120625799
onion,162.0,Pimpalgaon APMC,Maharashtra,3,4,2024-05-13,2554.7920637300035,1239.4177449087517
onion,162.0,Pimpalgaon APMC,Maharashtra,3,4,2024-05-20,3011.5009746588694,1275.8410916113826
onion,162.0,Pimpalgaon APMC,Maharashtra,3,4,2024-05-27,3054.785540363366,1349.2444525805536
onion,162.0,Pimpalgaon APMC,Maharashtra,3,4,2024-06-03,2947.047322514362,1372.6241862439103
onion,162.0,Pimpalgaon APMC,Maharashtra,3,4,2024-06-10,2847.5442184898207,1348.1559683323271
onion,162.0,Pimpalgaon APMC,Maharashtra,3,4,2024-06-17,2752.1252701614617,1303.3433905393267
onion,162.0,Pimpalgaon APMC,Maharashtra,3,4,2024-06-24,2723.206051873199,1748.933892356403
onion,162.0,Pimpalgaon APMC,Maharashtra,3,4,2024-07-01,2721.707234721753,1848.9509019355
onion,162.0,Pimpalgaon APMC,Maharashtra,3,4,2024-07-08,3065.542754439438,1861.8242186264315
onion,162.0,Pimpalgaon APMC,Maharashtra,3,4,2024-07-15,3332.5982346818796,1666.1374309038965
onion,162.0,Pimpalgaon APMC,Maharashtra,3,4,2024-07-22,3738.203470568223,1897.5024817887195
onion,162.0,Pimpalgaon APMC,Maharashtra,3,4,2024-07-29,3691.384639838925,2002.6961105056052
onion,162.0,Pimpalgaon APMC,Maharashtra,3,4,2024-08-05,3926.812421916832,2024.3899312055503
onion,162.0,Pimpalgaon APMC,Maharashtra,3,4,2024-08-12,3968.15937536263,2333.1260947741666
onion,162.0,Pimpalgaon APMC,Maharashtra,3,4,2024-08-19,4688.369282213599,2267.352364904423
onion,162.0,Pimpalgaon APMC,Maharashtra,3,4,2024-08-26,4628.07074479982,2417.0527088009117
onion,162.0,Pimpalgaon APMC,Maharashtra,3,4,2024-09-02,4332.821113040854,2557.357113072132
onion,162.0,Pimpalgaon APMC,Maharashtra,3,4,2024-09-09,4259.327986331925,2571.4460604818787
onion,162.0,Pimpalgaon APMC,Maharashtra,3,4,2024-09-16,4229.201738544885,2517.327831840625
onion,162.0,Pimpalgaon APMC,Maharashtra,3,4,2024-09-23,4484.350832411582,2565.4070682574834
onion,162.0,Pimpalgaon APMC,Maharashtra,3,4,2024-09-30,4499.999999999999,2523.364401152605
onion,162.0,Pimpalgaon APMC,Maharashtra,3,4,2024-10-07,4868.7626953718855,2470.711754007715
onion,162.0,Pimpalgaon APMC,Maharashtra,3,4,2024-10-14,4703.969005488808,2696.159726434941
onion,162.0,Pimpalgaon APMC,Maharashtra,3,4,2024-10-21,4816.404705166556,2681.7623269309133
onion,162.0,Pimpalgaon APMC,Maharashtra,3,4,2024-10-28,4953.997143301331,2694.953155742266
onion,162.0,Pimpalgaon APMC,Maharashtra,3,4,2024-11-04,4390.469677473493,2555.9511333283344
onion,162.0,Pimpalgaon APMC,Maharashtra,3,4,2024-11-11,3510.7533724680115,2378.3720917319843
onion,162.0,Pimpalgaon APMC,Maharashtra,3,4,2024-11-18,2023.499464303868,2307.043445732746
onion,162.0,Pimpalgaon APMC,Maharashtra,3,4,2024-11-25,1933.9193628720564,2289.9229666978717
onion,162.0,Pimpalgaon APMC,Maharashtra,3,4,2024-12-02,2383.9191587779683,2220.378645832907
onion,162.0,Pimpalgaon APMC,Maharashtra,3,4,2024-12-09,2223.0389918153037,2118.645239402534
onion,162.0,Pimpalgaon APMC,Maharashtra,3,4,2024-12-16,1991.2631152002914,2030.8664046531867
onion,162.0,Pimpalgaon APMC,Maharashtra,3,4,2024-12-23,2290.9044164391757,2077.7118203354416
onion,162.0,Pimpalgaon APMC,Maharashtra,3,4,2024-12-30,2159.190780106098,2033.622224634918
onion,162.0,Pimpalgaon APMC,Maharashtra,3,13,2024-01-01,1466.221102512825,874.3619427990435
onion,162.0,Pimpalgaon APMC,Maharashtra,3,13,2024-01-08,1427.8140683418833,922.9018521212209
onion,162.0,Pimpalgaon APMC,Maharashtra,3,13,2024-01-15,841.1906998590891,938.1910829929176
onion,162.0,Pimpalgaon APMC,Maharashtra,3,13,2024-01-22,1351.0000000000005,928.9652102187866
onion,162.0,Pimpalgaon APMC,Maharashtra,3,13,2024-01-29,1694.6909542657388,953.4707942815018
onion,162.0,Pimpalgaon APMC,Maharashtra,3,13,2024-02-05,1566.921184263891,979.0641766528227
onion,162.0,Pimpalgaon APMC,Maharashtra,3,13,2024-02-12,1587.2277406195146,976.6379519069989
onion,162.0,Pimpalgaon APMC,Maharashtra,3,13,2024-02-19,1713.0496205867282,933.2668502480051
onion,162.0,Pimpalgaon APMC,Maharashtra,3,13,2024-02-26,2033.0107602638818,1011.0826418174962
onion,162.0,Pimpalgaon APMC,Maharashtra,3,13,2024-03-04,2274.1626017421104,998.4409337458321
onion,162.0,Pimpalgaon APMC,Maharashtra,3,13,2024-03-11,2554.7920637300035,1110.766313758027
onion,162.0,Pimpalgaon APMC,Maharashtra,3,13,2024-03-18,3011.5009746588694,1154.5350027044126
onion,162.0,Pimpalgaon APMC,Maharashtra,3,13,2024-03-25,3054.785540363366,1117.3722065335046
onion,162.0,Pimpalgaon APMC,Maharashtra,3,13,2024-04-01,2947.047322514362,1091.0958931233674
onion,162.0,Pimpalgaon APMC,Maharashtra,3,13,2024-04-08,2847.5442184898207,1220.837775443272
onion,162.0,Pimpalgaon APMC,Maharashtra,3,13,2024-04-15,2752.1252701614617,1231.4577342143664
onion,162.0,Pimpalgaon APMC,Maharashtra,3,13,2024-04-22,2723.206051873199,1139.4286669805203
onion,162.0,Pimpalgaon APMC,Maharashtra,3,13,2024-04-29,2721.707234721753,1168.2457608549837
onion,162.0,Pimpalgaon APMC,Maharashtra,3,13,2024-05-06,3065.542754439438,1382.6917562005244
onion,162.0,Pimpalgaon APMC,Maharashtra,3,13,2024-05-13,3332.5982346818796,1304.0824919849313
onion,162.0,Pimpalgaon APMC,Maharashtra,3,13,2024-05-20,3738.203470568223,1320.0323066766152
onion,162.0,Pimpalgaon APMC,Maharashtra,3,13,2024-05-27,3691.384639838925,1496.0573236888574
onion,162.0,Pimpalgaon APMC,Maharashtra,3,13,2024-06-03,3926.812421916832,1578.8072211027227
onion,162.0,Pimpalgaon APMC,Maharashtra,3,13,2024-06-10,3968.15937536263,1520.0331628479298
onion,162.0,Pimpalgaon APMC,Maharashtra,3,13,2024-06-17,4688.369282213599,1545.4371360817115
onion,162.0,Pimpalgaon APMC,Maharashtra,3,13,2024-06-24,4628.07074479982,1590.4815837982985
onion,162.0,Pimpalgaon APMC,Maharashtra,3,13,2024-07-01,4332.821113040854,1696.2695017139201
onion,162.0,Pimpalgaon APMC,Maharashtra,3,13,2024-07-08,4259.327986331925,1859.8682368043198
onion,162.0,Pimpalgaon APMC,Maharashtra,3,13,2024-07-15,4229.201738544885,2033.0198727554007
onion,162.0,Pimpalgaon APMC,Maharashtra,3,13,2024-07-22,4484.350832411582,2028.0188947067354
onion,162.0,Pimpalgaon APMC,Maharashtra,3,13,2024-07-29,4499.999999999999,1936.3518387137347
onion,162.0,Pimpalgaon APMC,Maharashtra,3,13,2024-08-05,4868.7626953718855,1861.5626038604166
onion,162.0,Pimpalgaon APMC,Maharashtra,3,13,2024-08-12,4703.969005488808,1901.2542231519863
onion,162.0,Pimpalgaon APMC,Maharashtra,3,13,2024-08-19,4816.404705166556,1857.6225269597815
onion,162.0,Pimpalgaon APMC,Maharashtra,3,13,2024-08-26,4953.997143301331,1778.043806742558
onion,162.0,Pimpalgaon APMC,Maharashtra,3,13,2024-09-02,4390.469677473493,1743.1510582722094
onion,162.0,Pimpalgaon APMC,Maharashtra,3,13,2024-09-09,3510.7533724680115,1736.3002852483762
onion,162.0,Pimpalgaon APMC,Maharashtra,3,13,2024-09-16,2023.499464303868,1715.5966106744474
onion,162.0,Pimpalgaon APMC,Maharashtra,3,13,2024-09-23,1933.9193628720564,1756.4263745514363
onion,162.0,Pimpalgaon APMC,Maharashtra,3,13,2024-09-30,2383.9191587779683,1738.1487913056858
onion,162.0,Pimpalgaon APMC,Maharashtra,3,13,2024-10-07,2223.0389918153037,1708.3369283347413
onion,162.0,Pimpalgaon APMC,Maharashtra,3,13,2024-10-14,1991.2631152002914,1731.1561825192484
onion,162.0,Pimpalgaon APMC,Maharashtra,3,13,2024-10-21,2290.9044164391757,1702.9664147606993
onion,162.0,Pimpalgaon APMC,Maharashtra,3,13,2024-10-28,2159.190780106098,1575.9292330646658
onion,162.0,Pimpalgaon APMC,Maharashtra,3,13,2024-11-04,2138.5811026706115,1539.4889299959182
onion,162.0,Pimpalgaon APMC,Maharashtra,3,13,2024-11-11,2831.4724286272976,1340.6635008222804
onion,162.0,Pimpalgaon APMC,Maharashtra,3,13,2024-11-18,2327.474542734424,1290.8522316770623
onion,162.0,Pimpalgaon APMC,Maharashtra,3,13,2024-11-25,2211.694656916833,1181.5399513771722
onion,162.0,Pimpalgaon APMC,Maharashtra,3,13,2024-12-02,2073.8367338652374,1268.288149088464
onion,162.0,Pimpalgaon APMC,Maharashtra,3,13,2024-12-09,1534.503571033108,1057.6145453275851
onion,162.0,Pimpalgaon APMC,Maharashtra,3,13,2024-12-16,1386.7717281182051,1133.487663288423
onion,162.0,Pimpalgaon APMC,Maharashtra,3,13,2024-12-23,1410.2874299086052,1067.6330369165426
onion,162.0,Pimpalgaon APMC,Maharashtra,3,13,2024-12-30,1198.2760272018977,978.4463585139739
onion,162.0,Pimpalgaon APMC,Maharashtra,3,26,2024-01-01,2947.047322514362,1232.4560201146378
onion,162.0,Pimpalgaon APMC,Maharashtra,3,26,2024-01-08,2847.5442184898207,1227.8598185529115
onion,162.0,Pimpalgaon APMC,Maharashtra,3,26,2024-01-15,2752.1252701614617,1250.7710451667697
onion,162.0,Pimpalgaon APMC,Maharashtra,3,26,2024-01-22,2723.206051873199,1245.6384062337052
onion,162.0,Pimpalgaon APMC,Maharashtra,3,26,2024-01-29,2721.707234721753,1249.8785456044684
onion,162.0,Pimpalgaon APMC,Maharashtra,3,26,2024-02-05,3065.542754439438,1238.5174543469952
onion,162.0,Pimpalgaon APMC,Maharashtra,3,26,2024-02-12,3332.5982346818796,1275.7207541447367
onion,162.0,Pimpalgaon APMC,Maharashtra,3,26,2024-02-19,3738.203470568223,1321.598911053646
onion,162.0,Pimpalgaon APMC,Maharashtra,3,26,2024-02-26,3691.384639838925,1343.6105553491698
onion,162.0,Pimpalgaon APMC,Maharashtra,3,26,2024-03-04,3926.812421916832,1301.1905513362642
onion,162.0,Pimpalgaon APMC,Maharashtra,3,26,2024-03-11,3968.15937536263,1295.7380032540377
onion,162.0,Pimpalgaon APMC,Maharashtra,3,26,2024-03-18,4688.369282213599,1250.3251915232204
onion,162.0,Pimpalgaon APMC,Maharashtra,3,26,2024-03-25,4628.07074479982,1679.845191608607
onion,162.0,Pimpalgaon APMC,Maharashtra,3,26,2024-04-01,4332.821113040854,1788.6562436579836
onion,162.0,Pimpalgaon APMC,Maharashtra,3,26,2024-04-08,4259.327986331925,2176.586099300649
onion,162.0,Pimpalgaon APMC,Maharashtra,3,26,2024-04-15,4229.201738544885,2177.0301554365633
onion,162.0,Pimpalgaon APMC,Maharashtra,3,26,2024-04-22,4484.350832411582,2121.080212111633
onion,162.0,Pimpalgaon APMC,Maharashtra,3,26,2024-04-29,4499.999999999999,2121.080212111633
onion,162.0,Pimpalgaon APMC,Maharashtra,3,26,2024-05-06,4868.7626953718855,2223.7037782850653
onion,162.0,Pimpalgaon APMC,Maharashtra,3,26,2024-05-13,4703.969005488808,2003.6681051335306
onion,162.0,Pimpalgaon APMC,Maharashtra,3,26,2024-05-20,4816.404705166556,2003.6681051335306
onion,162.0,Pimpalgaon APMC,Maharashtra,3,26,2024-05-27,4953.997143301331,2003.6681051335306
onion,162.0,Pimpalgaon APMC,Maharashtra,3,26,2024-06-03,4390.469677473493,1677.5295133168704
onion,162.0,Pimpalgaon APMC,Maharashtra,3,26,2024-06-10,3510.7533724680115,1272.7307510043934
onion,162.0,Pimpalgaon APMC,Maharashtra,3,26,2024-06-17,2023.499464303868,1263.3727416506342
onion,162.0,Pimpalgaon APMC,Maharashtra,3,26,2024-06-24,1933.9193628720564,1195.0139909492748
onion,162.0,Pimpalgaon APMC,Maharashtra,3,26,2024-07-01,2383.9191587779683,1159.4407649291995
onion,162.0,Pimpalgaon APMC,Maharashtra,3,26,2024-07-08,2223.0389918153037,1172.745580445088
onion,162.0,Pimpalgaon APMC,Maharashtra,3,26,2024-07-15,1991.2631152002914,1156.5482341523002
onion,162.0,Pimpalgaon APMC,Maharashtra,3,26,2024-07-22,2290.9044164391757,1108.8545664881417
onion,162.0,Pimpalgaon APMC,Maharashtra,3,26,2024-07-29,2159.190780106098,1112.2928501221202
onion,162.0,Pimpalgaon APMC,Maharashtra,3,26,2024-08-05,2138.5811026706115,1112.2928501221202
onion,162.0,Pimpalgaon APMC,Maharashtra,3,26,2024-08-12,2831.4724286272976,1070.3159988760788
onion,162.0,Pimpalgaon APMC,Maharashtra,3,26,2024-08-19,2327.474542734424,973.1252514591398
onion,162.0,Pimpalgaon APMC,Maharashtra,3,26,2024-08-26,2211.694656916833,940.0060469299625
onion,162.0,Pimpalgaon APMC,Maharashtra,3,26,2024-09-02,2073.8367338652374,885.7157464327953
onion,162.0,Pimpalgaon APMC,Maharashtra,3,26,2024-09-09,1534.503571033108,880.8179455174653
onion,162.0,Pimpalgaon APMC,Maharashtra,3,26,2024-09-16,1386.7717281182051,867.2674467723027
onion,162.0,Pimpalgaon APMC,Maharashtra,3,26,2024-09-23,1410.2874299086052,893.4288366085335
onion,162.0,Pimpalgaon APMC,Maharashtra,3,26,2024-09-30,1198.2760272018977,855.1777127842829
onion,162.0,Pimpalgaon APMC,Maharashtra,3,26,2024-10-07,1156.50965261959,853.1857903163313
onion,162.0,Pimpalgaon APMC,Maharashtra,3,26,2024-10-14,1125.5527042380052,855.5605377082562
onion,162.0,Pimpalgaon APMC,Maharashtra,3,26,2024-10-21,1253.2693903120391,831.0827146847874
onion,162.0,Pimpalgaon APMC,Maharashtra,3,26,2024-10-28,1185.3160516844362,861.2372280129468
onion,162.0,Pimpalgaon APMC,Maharashtra,3,26,2024-11-04,1130.7652321571934,888.6341898007058
onion,162.0,Pimpalgaon APMC,Maharashtra,3,26,2024-11-11,1112.2964675287149,871.3352992568675
onion,162.0,Pimpalgaon APMC,Maharashtra,3,26,2024-11-18,1196.7213835126847,953.54889855547
onion,162.0,Pimpalgaon APMC,Maharashtra,3,26,2024-11-25,1476.3384814028905,916.0712202817087
onion,162.0,Pimpalgaon APMC,Maharashtra,3,26,2024-12-02,1516.0700019104859,951.2178981830641
onion,162.0,Pimpalgaon APMC,Maharashtra,3,26,2024-12-09,1610.4420442437472,1017.3160266813438
onion,162.0,Pimpalgaon APMC,Maharashtra,3,26,2024-12-16,1595.4327623841916,1016.5486836576835
onion,162.0,Pimpalgaon APMC,Maharashtra,3,26,2024-12-23,1553.997471238575,1012.2854734966816
onion,162.0,Pimpalgaon APMC,Maharashtra,3,26,2024-12-30,1490.3940326297986,1016.0428245669232
onion,162.0,Pimpalgaon APMC,Maharashtra,4,1,2025-01-06,1991.2631152002914,2206.067282739525
onion,162.0,Pimpalgaon APMC,Maharashtra,4,1,2025-01-13,2290.9044164391757,2058.045019261646
onion,162.0,Pimpalgaon APMC,Maharashtra,4,1,2025-01-20,2159.190780106098,2019.8215793549143
onion,162.0,Pimpalgaon APMC,Maharashtra,4,1,2025-01-27,2138.5811026706115,2062.065393081498
onion,162.0,Pimpalgaon APMC,Maharashtra,4,1,2025-02-03,2831.4724286272976,2089.1299031115723
onion,162.0,Pimpalgaon APMC,Maharashtra,4,1,2025-02-10,2327.474542734424,2055.943276843771
onion,162.0,Pimpalgaon APMC,Maharashtra,4,1,2025-02-17,2211.694656916833,1973.4775912747652
onion,162.0,Pimpalgaon APMC,Maharashtra,4,1,2025-02-24,2073.8367338652374,1957.2544090994074
onion,162.0,Pimpalgaon APMC,Maharashtra,4,1,2025-03-03,1534.503571033108,1891.9112138975256
onion,162.0,Pimpalgaon APMC,Maharashtra,4,1,2025-03-10,1386.7717281182051,1881.1812342053584
onion,162.0,Pimpalgaon APMC,Maharashtra,4,1,2025-03-17,1410.2874299086052,1818.4258106952195
onion,162.0,Pimpalgaon APMC,Maharashtra,4,1,2025-03-24,1198.2760272018977,1537.164880811989
onion,162.0,Pimpalgaon APMC,Maharashtra,4,1,2025-03-31,1156.50965261959,1566.9227949506162
onion,162.0,Pimpalgaon APMC,Maharashtra,4,1,2025-04-07,1125.5527042380052,1043.582184572519
onion,162.0,Pimpalgaon APMC,Maharashtra,4,1,2025-04-14,1253.2693903120391,1064.7930911539765
onion,162.0,Pimpalgaon APMC,Maharashtra,4,1,2025-04-21,1185.3160516844362,1070.699862452534
onion,162.0,Pimpalgaon APMC,Maharashtra,4,1,2025-04-28,1130.7652321571934,1165.3466273124975
onion,162.0,Pimpalgaon APMC,Maharashtra,4,1,2025-05-05,1112.2964675287149,1103.5516450439898
onion,162.0,Pimpalgaon APMC,Maharashtra,4,1,2025-05-12,1196.7213835126847,1123.1335339128264
onion,162.0,Pimpalgaon APMC,Maharashtra,4,1,2025-05-19,1476.3384814028905,1174.764483805614
onion,162.0,Pimpalgaon APMC,Maharashtra,4,1,2025-05-26,1516.0700019104859,1119.5827224680224
onion,162.0,Pimpalgaon APMC,Maharashtra,4,1,2025-06-02,1610.4420442437472,1644.5848503825664
onion,162.0,Pimpalgaon APMC,Maharashtra,4,1,2025-06-09,1595.4327623841916,1622.6436812418647
onion,162.0,Pimpalgaon APMC,Maharashtra,4,1,2025-06-16,1553.997471238575,1608.4930729401133
onion,162.0,Pimpalgaon APMC,Maharashtra,4,1,2025-06-23,1490.3940326297986,1655.9499296411343
onion,162.0,Pimpalgaon APMC,Maharashtra,4,1,2025-06-30,1400.9428167327387,1620.661645259604
onion,162.0,Pimpalgaon APMC,Maharashtra,4,1,2025-07-07,1414.3552492890244,1789.4486754923605
onion,162.0,Pimpalgaon APMC,Maharashtra,4,1,2025-07-14,1344.507798281383,1579.6311823645572
onion,162.0,Pimpalgaon APMC,Maharashtra,4,1,2025-07-21,1338.1595850631695,1567.2380811466207
onion,162.0,Pimpalgaon APMC,Maharashtra,4,1,2025-07-28,1364.6337735684272,1406.5841094884438
onion,162.0,Pimpalgaon APMC,Maharashtra,4,1,2025-08-04,1554.341995553085,1436.280272531036
onion,162.0,Pimpalgaon APMC,Maharashtra,4,1,2025-08-11,1550.1999025779382,1584.7950821684988
onion,162.0,Pimpalgaon APMC,Maharashtra,4,1,2025-08-18,1354.064111371695,1699.977182147409
onion,162.0,Pimpalgaon APMC,Maharashtra,4,1,2025-08-25,1288.0738591886545,1714.4875991609747
onion,162.0,Pimpalgaon APMC,Maharashtra,4,1,2025-09-01,1219.564229520303,1437.42628458621
onion,162.0,Pimpalgaon APMC,Maharashtra,4,1,2025-09-08,1162.6360649727874,1376.087994549767
onion,162.0,Pimpalgaon APMC,Maharashtra,4,1,2025-09-15,1184.5032309076535,1291.031800742479
onion,162.0,Pimpalgaon APMC,Maharashtra,4,1,2025-09-22,1278.8236552240407,1283.1760225550827
onion,162.0,Pimpalgaon APMC,Maharashtra,4,1,2025-09-29,1156.3417391731796,1271.0620804705518
onion,162.0,Pimpalgaon APMC,Maharashtra,4,1,2025-10-06,1121.4736003091639,1399.6453598514693
onion,162.0,Pimpalgaon APMC,Maharashtra,4,1,2025-10-13,1221.6438356164383,1246.958703701866
onion,162.0,Pimpalgaon APMC,Maharashtra,4,1,2025-10-20,1643.48300413413,1218.0522100219769
onion,162.0,Pimpalgaon APMC,Maharashtra,4,1,2025-10-27,1741.62937360554,1186.606292833496
onion,162.0,Pimpalgaon APMC,Maharashtra,4,1,2025-11-03,1475.0,1725.187269470158
onion,162.0,Pimpalgaon APMC,Maharashtra,4,1,2025-11-10,1275.0,1740.617731160106
onion,162.0,Pimpalgaon APMC,Maharashtra,4,1,2025-11-17,1198.3895705521475,1687.4880396788205
onion,162.0,Pimpalgaon APMC,Maharashtra,4,1,2025-11-24,1508.577298407807,1346.8584241129126
onion,162.0,Pimpalgaon APMC,Maharashtra,4,1,2025-12-01,1979.8325571419812,1231.9511748807217
onion,162.0,Pimpalgaon APMC,Maharashtra,4,1,2025-12-08,2118.4750733137835,1708.596051134521
onion,162.0,Pimpalgaon APMC,Maharashtra,4,1,2025-12-15,1703.0365887560683,1722.9930321419515
onion,162.0,Pimpalgaon APMC,Maharashtra,4,1,2025-12-22,1753.0268817728713,1751.0400873642404
onion,162.0,Pimpalgaon APMC,Maharashtra,4,1,2025-12-29,1458.200029172947,1662.8699324620275
onion,162.0,Pimpalgaon APMC,Maharashtra,4,4,2025-01-06,2138.5811026706115,1953.579029992839
onion,162.0,Pimpalgaon APMC,Maharashtra,4,4,2025-01-13,2831.4724286272976,1702.619141909957
onion,162.0,Pimpalgaon APMC,Maharashtra,4,4,2025-01-20,2327.474542734424,1691.5801250043971
onion,162.0,Pimpalgaon APMC,Maharashtra,4,4,2025-01-27,2211.694656916833,1599.7337484240775
onion,162.0,Pimpalgaon APMC,Maharashtra,4,4,2025-02-03,2073.8367338652374,1476.878555066011
onion,162.0,Pimpalgaon APMC,Maharashtra,4,4,2025-02-10,1534.503571033108,1493.5938116495581
onion,162.0,Pimpalgaon APMC,Maharashtra,4,4,2025-02-17,1386.7717281182051,1407.0674009431239
onion,162.0,Pimpalgaon APMC,Maharashtra,4,4,2025-02-24,1410.2874299086052,1418.50705235778
onion,162.0,Pimpalgaon APMC,Maharashtra,4,4,2025-03-03,1198.2760272018977,1374.1418902436076
onion,162.0,Pimpalgaon APMC,Maharashtra,4,4,2025-03-10,1156.50965261959,1423.8722687995717
onion,162.0,Pimpalgaon APMC,Maharashtra,4,4,2025-03-17,1125.5527042380052,1424.5758962727186
onion,162.0,Pimpalgaon APMC,Maharashtra,4,4,2025-03-24,1253.2693903120391,1415.528375958838
onion,162.0,Pimpalgaon APMC,Maharashtra,4,4,2025-03-31,1185.3160516844362,1324.62826874516
onion,162.0,Pimpalgaon APMC,Maharashtra,4,4,2025-04-07,1130.7652321571934,1051.1492949417038
onion,162.0,Pimpalgaon APMC,Maharashtra,4,4,2025-04-14,1112.2964675287149,1142.9045037545893
onion,162.0,Pimpalgaon APMC,Maharashtra,4,4,2025-04-21,1196.7213835126847,1129.958544544125
onion,162.0,Pimpalgaon APMC,Maharashtra,4,4,2025-04-28,1476.3384814028905,1155.545121886374
onion,162.0,Pimpalgaon APMC,Maharashtra,4,4,2025-05-05,1516.0700019104859,1169.2535265149988
onion,162.0,Pimpalgaon APMC,Maharashtra,4,4,2025-05-12,1610.4420442437472,1224.6037622396573
onion,162.0,Pimpalgaon APMC,Maharashtra,4,4,2025-05-19,1595.4327623841916,1202.3843153242422
onion,162.0,Pimpalgaon APMC,Maharashtra,4,4,2025-05-26,1553.997471238575,1158.5234594469143
onion,162.0,Pimpalgaon APMC,Maharashtra,4,4,2025-06-02,1490.3940326297986,1605.6364576266062
onion,162.0,Pimpalgaon APMC,Maharashtra,4,4,2025-06-09,1400.9428167327387,1562.4681267322196
onion,162.0,Pimpalgaon APMC,Maharashtra,4,4,2025-06-16,1414.3552492890244,1546.4269815844052
onion,162.0,Pimpalgaon APMC,Maharashtra,4,4,2025-06-23,1344.507798281383,1541.8705623993783
onion,162.0,Pimpalgaon APMC,Maharashtra,4,4,2025-06-30,1338.1595850631695,1562.8018582266302
onion,162.0,Pimpalgaon APMC,Maharashtra,4,4,2025-07-07,1364.6337735684272,1618.83301017532
onion,162.0,Pimpalgaon APMC,Maharashtra,4,4,2025-07-14,1554.341995553085,1637.159262581675
onion,162.0,Pimpalgaon APMC,Maharashtra,4,4,2025-07-21,1550.1999025779382,1649.8788273664782
onion,162.0,Pimpalgaon APMC,Maharashtra,4,4,2025-07-28,1354.064111371695,1538.8489204650448
onion,162.0,Pimpalgaon APMC,Maharashtra,4,4,2025-08-04,1288.0738591886545,1567.497136187743
onion,162.0,Pimpalgaon APMC,Maharashtra,4,4,2025-08-11,1219.564229520303,1653.0203665935906
onion,162.0,Pimpalgaon APMC,Maharashtra,4,4,2025-08-18,1162.6360649727874,1613.6389150369384
onion,162.0,Pimpalgaon APMC,Maharashtra,4,4,2025-08-25,1184.5032309076535,1706.3770701930925
onion,162.0,Pimpalgaon APMC,Maharashtra,4,4,2025-09-01,1278.8236552240407,1616.0041163050676
onion,162.0,Pimpalgaon APMC,Maharashtra,4,4,2025-09-08,1156.3417391731796,1613.3079614796193
onion,162.0,Pimpalgaon APMC,Maharashtra,4,4,2025-09-15,1121.4736003091639,1631.4895748459332
onion,162.0,Pimpalgaon APMC,Maharashtra,4,4,2025-09-22,1221.6438356164383,1475.4665389783543
onion,162.0,Pimpalgaon APMC,Maharashtra,4,4,2025-09-29,1643.48300413413,1528.2518359827109
onion,162.0,Pimpalgaon APMC,Maharashtra,4,4,2025-10-06,1741.62937360554,1520.4337184504134
onion,162.0,Pimpalgaon APMC,Maharashtra,4,4,2025-10-13,1475.0,1553.088942579137
onion,162.0,Pimpalgaon APMC,Maharashtra,4,4,2025-10-20,1275.0,1563.9382919266327
onion,162.0,Pimpalgaon APMC,Maharashtra,4,4,2025-10-27,1198.3895705521475,1621.9575946430564
onion,162.0,Pimpalgaon APMC,Maharashtra,4,4,2025-11-03,1508.577298407807,1779.189529664657
onion,162.0,Pimpalgaon APMC,Maharashtra,4,4,2025-11-10,1979.8325571419812,1761.9388368284792
onion,162.0,Pimpalgaon APMC,Maharashtra,4,4,2025-11-17,2118.4750733137835,1810.1242400034662
onion,162.0,Pimpalgaon APMC,Maharashtra,4,4,2025-11-24,1703.0365887560683,1579.8496085901497
onion,162.0,Pimpalgaon APMC,Maharashtra,4,4,2025-12-01,1753.0268817728713,1695.6923989285488
onion,162.0,Pimpalgaon APMC,Maharashtra,4,4,2025-12-08,1458.200029172947,1752.4039044738502
onion,162.0,Pimpalgaon APMC,Maharashtra,4,4,2025-12-15,1394.4691495275154,1710.7804334452846
onion,162.0,Pimpalgaon APMC,Maharashtra,4,4,2025-12-22,1380.7316682676915,1708.1837313848446
onion,162.0,Pimpalgaon APMC,Maharashtra,4,4,2025-12-29,1160.6977184122647,1913.311816083177
onion,162.0,Pimpalgaon APMC,Maharashtra,4,13,2025-01-06,1156.50965261959,1075.0352418423502
onion,162.0,Pimpalgaon APMC,Maharashtra,4,13,2025-01-13,1125.5527042380052,1262.2447008808836
onion,162.0,Pimpalgaon APMC,Maharashtra,4,13,2025-01-20,1253.2693903120391,1312.5207192121818
onion,162.0,Pimpalgaon APMC,Maharashtra,4,13,2025-01-27,1185.3160516844362,1300.6745113462378
onion,162.0,Pimpalgaon APMC,Maharashtra,4,13,2025-02-03,1130.7652321571934,1485.7000494308093
onion,162.0,Pimpalgaon APMC,Maharashtra,4,13,2025-02-10,1112.2964675287149,1507.8019258666964
onion,162.0,Pimpalgaon APMC,Maharashtra,4,13,2025-02-17,1196.7213835126847,1474.2973433591787
onion,162.0,Pimpalgaon APMC,Maharashtra,4,13,2025-02-24,1476.3384814028905,1523.5311598604899
onion,162.0,Pimpalgaon APMC,Maharashtra,4,13,2025-03-03,1516.0700019104859,1496.022291671151
onion,162.0,Pimpalgaon APMC,Maharashtra,4,13,2025-03-10,1610.4420442437472,1562.3002052924355
onion,162.0,Pimpalgaon APMC,Maharashtra,4,13,2025-03-17,1595.4327623841916,1600.503517280441
onion,162.0,Pimpalgaon APMC,Maharashtra,4,13,2025-03-24,1553.997471238575,1592.3372216151408
onion,162.0,Pimpalgaon APMC,Maharashtra,4,13,2025-03-31,1490.3940326297986,1616.354886415762
onion,162.0,Pimpalgaon APMC,Maharashtra,4,13,2025-04-07,1400.9428167327387,1674.267577925758
onion,162.0,Pimpalgaon APMC,Maharashtra,4,13,2025-04-14,1414.3552492890244,1655.8273211415276
onion,162.0,Pimpalgaon APMC,Maharashtra,4,13,2025-04-21,1344.507798281383,1562.6969102794303
onion,162.0,Pimpalgaon APMC,Maharashtra,4,13,2025-04-28,1338.1595850631695,1507.3383028415446
onion,162.0,Pimpalgaon APMC,Maharashtra,4,13,2025-05-05,1364.6337735684272,1560.9213005895788
onion,162.0,Pimpalgaon APMC,Maharashtra,4,13,2025-05-12,1554.341995553085,1609.8349056258373
onion,162.0,Pimpalgaon APMC,Maharashtra,4,13,2025-05-19,1550.1999025779382,1537.6771211964476
onion,162.0,Pimpalgaon APMC,Maharashtra,4,13,2025-05-26,1354.064111371695,1479.8152130055441
onion,162.0,Pimpalgaon APMC,Maharashtra,4,13,2025-06-02,1288.0738591886545,1360.4453265632872
onion,162.0,Pimpalgaon APMC,Maharashtra,4,13,2025-06-09,1219.564229520303,1354.0507361487898
onion,162.0,Pimpalgaon APMC,Maharashtra,4,13,2025-06-16,1162.6360649727874,1347.0357412452481
onion,162.0,Pimpalgaon APMC,Maharashtra,4,13,2025-06-23,1184.5032309076535,1435.7770732904835
onion,162.0,Pimpalgaon APMC,Maharashtra,4,13,2025-06-30,1278.8236552240407,1448.0290972534806
onion,162.0,Pimpalgaon APMC,Maharashtra,4,13,2025-07-07,1156.3417391731796,1551.3121464827168
onion,162.0,Pimpalgaon APMC,Maharashtra,4,13,2025-07-14,1121.4736003091639,1540.4413489275257
onion,162.0,Pimpalgaon APMC,Maharashtra,4,13,2025-07-21,1221.6438356164383,1408.5385240678854
onion,162.0,Pimpalgaon APMC,Maharashtra,4,13,2025-07-28,1643.48300413413,1425.8328903916074
onion,162.0,Pimpalgaon APMC,Maharashtra,4,13,2025-08-04,1741.62937360554,1519.393206329753
onion,162.0,Pimpalgaon APMC,Maharashtra,4,13,2025-08-11,1475.0,1526.0780445022292
onion,162.0,Pimpalgaon APMC,Maharashtra,4,13,2025-08-18,1275.0,1428.1044925515623
onion,162.0,Pimpalgaon APMC,Maharashtra,4,13,2025-08-25,1198.3895705521475,1414.3092325526038
onion,162.0,Pimpalgaon APMC,Maharashtra,4,13,2025-09-01,1508.577298407807,1420.3105289011148
onion,162.0,Pimpalgaon APMC,Maharashtra,4,13,2025-09-08,1979.8325571419812,1407.722136321947
onion,162.0,Pimpalgaon APMC,Maharashtra,4,13,2025-09-15,2118.4750733137835,1374.0717517127243
onion,162.0,Pimpalgaon APMC,Maharashtra,4,13,2025-09-22,1703.0365887560683,1390.393903049595
onion,162.0,Pimpalgaon APMC,Maharashtra,4,13,2025-09-29,1753.0268817728713,1437.6275380784734
onion,162.0,Pimpalgaon APMC,Maharashtra,4,13,2025-10-06,1458.200029172947,1469.4900073927186
onion,162.0,Pimpalgaon APMC,Maharashtra,4,13,2025-10-13,1394.4691495275154,1434.5330159303105
onion,162.0,Pimpalgaon APMC,Maharashtra,4,13,2025-10-20,1380.7316682676915,1317.4851311123361
onion,162.0,Pimpalgaon APMC,Maharashtra,4,13,2025-10-27,1160.6977184122647,1480.2058715706783
onion,162.0,Pimpalgaon APMC,Maharashtra,4,13,2025-11-03,1023.8063913549997,1447.874416320949
onion,162.0,Pimpalgaon APMC,Maharashtra,4,13,2025-11-10,1095.4306033923704,1503.9057311195577
onion,162.0,Pimpalgaon APMC,Maharashtra,4,13,2025-11-17,1062.4525683187137,1479.7287421851363
onion,162.0,Pimpalgaon APMC,Maharashtra,4,13,2025-11-24,961.5648537987985,1492.0672772007342
onion,162.0,Pimpalgaon APMC,Maharashtra,4,13,2025-12-01,892.956978472535,1465.3744330565687
onion,162.0,Pimpalgaon APMC,Maharashtra,4,13,2025-12-08,917.7935790513294,1501.8920697505807
onion,162.0,Pimpalgaon APMC,Maharashtra,4,13,2025-12-15,954.5629598753127,1560.6476624326606
onion,162.0,Pimpalgaon APMC,Maharashtra,4,13,2025-12-22,1070.4043968889084,1396.6651512602825
onion,162.0,Pimpalgaon APMC,Maharashtra,4,13,2025-12-29,1205.3713255431808,1046.7698094784114
onion,162.0,Pimpalgaon APMC,Maharashtra,4,26,2025-01-06,1400.9428167327387,1540.8873373672002
onion,162.0,Pimpalgaon APMC,Maharashtra,4,26,2025-01-13,1414.3552492890244,1462.6276443069169
onion,162.0,Pimpalgaon APMC,Maharashtra,4,26,2025-01-20,1344.507798281383,1443.079742501308
onion,162.0,Pimpalgaon APMC,Maharashtra,4,26,2025-01-27,1338.1595850631695,1489.3289695829612
onion,162.0,Pimpalgaon APMC,Maharashtra,4,26,2025-02-03,1364.6337735684272,1627.1071104778216
onion,162.0,Pimpalgaon APMC,Maharashtra,4,26,2025-02-10,1554.341995553085,1614.2084911280306
onion,162.0,Pimpalgaon APMC,Maharashtra,4,26,2025-02-17,1550.1999025779382,1589.0180065259162
onion,162.0,Pimpalgaon APMC,Maharashtra,4,26,2025-02-24,1354.064111371695,1608.332526069951
onion,162.0,Pimpalgaon APMC,Maharashtra,4,26,2025-03-03,1288.0738591886545,1550.1648851053715
onion,162.0,Pimpalgaon APMC,Maharashtra,4,26,2025-03-10,1219.564229520303,1588.992014971983
onion,162.0,Pimpalgaon APMC,Maharashtra,4,26,2025-03-17,1162.6360649727874,1635.6328863667406
onion,162.0,Pimpalgaon APMC,Maharashtra,4,26,2025-03-24,1184.5032309076535,1679.6601464044663
onion,162.0,Pimpalgaon APMC,Maharashtra,4,26,2025-03-31,1278.8236552240407,1634.0368042959744
onion,162.0,Pimpalgaon APMC,Maharashtra,4,26,2025-04-07,1156.3417391731796,1680.9832729143957
onion,162.0,Pimpalgaon APMC,Maharashtra,4,26,2025-04-14,1121.4736003091639,1687.9135599400436
onion,162.0,Pimpalgaon APMC,Maharashtra,4,26,2025-04-21,1221.6438356164383,1673.3778327872196
onion,162.0,Pimpalgaon APMC,Maharashtra,4,26,2025-04-28,1643.48300413413,1617.3468688160797
onion,162.0,Pimpalgaon APMC,Maharashtra,4,26,2025-05-05,1741.62937360554,1477.111640945473
onion,162.0,Pimpalgaon APMC,Maharashtra,4,26,2025-05-12,1475.0,1382.858306429849
onion,162.0,Pimpalgaon APMC,Maharashtra,4,26,2025-05-19,1275.0,1467.5842261367177
onion,162.0,Pimpalgaon APMC,Maharashtra,4,26,2025-05-26,1198.3895705521475,1615.3384834089572
onion,162.0,Pimpalgaon APMC,Maharashtra,4,26,2025-06-02,1508.577298407807,1463.5754213583136
onion,162.0,Pimpalgaon APMC,Maharashtra,4,26,2025-06-09,1979.8325571419812,1600.6855481769574
onion,162.0,Pimpalgaon APMC,Maharashtra,4,26,2025-06-16,2118.4750733137835,1584.430363891516
onion,162.0,Pimpalgaon APMC,Maharashtra,4,26,2025-06-23,1703.0365887560683,1569.966543572897
onion,162.0,Pimpalgaon APMC,Maharashtra,4,26,2025-06-30,1753.0268817728713,1511.482435789146
onion,162.0,Pimpalgaon APMC,Maharashtra,4,26,2025-07-07,1458.200029172947,1532.027761855258
onion,162.0,Pimpalgaon APMC,Maharashtra,4,26,2025-07-14,1394.4691495275154,1534.867926994796
onion,162.0,Pimpalgaon APMC,Maharashtra,4,26,2025-07-21,1380.7316682676915,1494.2018478065595
onion,162.0,Pimpalgaon APMC,Maharashtra,4,26,2025-07-28,1160.6977184122647,1319.0810216626703
onion,162.0,Pimpalgaon APMC,Maharashtra,4,26,2025-08-04,1023.8063913549997,1273.7031865176525
onion,162.0,Pimpalgaon APMC,Maharashtra,4,26,2025-08-11,1095.4306033923704,1216.3145093588626
onion,162.0,Pimpalgaon APMC,Maharashtra,4,26,2025-08-18,1062.4525683187137,1262.4961902867444
onion,162.0,Pimpalgaon APMC,Maharashtra,4,26,2025-08-25,961.5648537987985,1257.1364543710931
onion,162.0,Pimpalgaon APMC,Maharashtra,4,26,2025-09-01,892.956978472535,1297.4291488712506
onion,162.0,Pimpalgaon APMC,Maharashtra,4,26,2025-09-08,917.7935790513294,1334.746724740344
onion,162.0,Pimpalgaon APMC,Maharashtra,4,26,2025-09-15,954.5629598753127,1317.8287004752685
onion,162.0,Pimpalgaon APMC,Maharashtra,4,26,2025-09-22,1070.4043968889084,1316.6747224749959
onion,162.0,Pimpalgaon APMC,Maharashtra,4,26,2025-09-29,1205.3713255431808,1315.1027770957144
onion,162.0,Pimpalgaon APMC,Maharashtra,4,26,2025-10-06,1208.8063498812944,1265.7933421788246
onion,162.0,Pimpalgaon APMC,Maharashtra,4,26,2025-10-13,1209.4016268925252,1265.0764509874753
onion,162.0,Pimpalgaon APMC,Maharashtra,4,26,2025-10-20,1142.6484445942006,1265.7232886398922
onion,162.0,Pimpalgaon APMC,Maharashtra,4,26,2025-10-27,1219.0523954474886,1266.1521065962033
onion,162.0,Pimpalgaon APMC,Maharashtra,4,26,2025-11-03,1185.1444922491364,1274.8275020055594
onion,162.0,Pimpalgaon APMC,Maharashtra,4,26,2025-11-10,1137.582002498975,1328.137599790765
onion,162.0,Pimpalgaon APMC,Maharashtra,4,26,2025-11-17,1157.003970602477,1276.4004993508045
onion,162.0,Pimpalgaon APMC,Maharashtra,4,26,2025-11-24,1404.8081028656482,1384.41081664449
onion,162.0,Pimpalgaon APMC,Maharashtra,4,26,2025-12-01,1658.7285603696455,1450.7224329717953
onion,162.0,Pimpalgaon APMC,Maharashtra,4,26,2025-12-08,1578.022814079311,1420.579642142553
onion,162.0,Pimpalgaon APMC,Maharashtra,4,26,2025-12-15,1725.7841148536022,1481.6020517362401
onion,162.0,Pimpalgaon APMC,Maharashtra,4,26,2025-12-22,2206.4388155334,1532.3212192408025
onion,162.0,Pimpalgaon APMC,Maharashtra,4,26,2025-12-29,2309.6146337654227,1404.5247895009124
onion,162.0,Pimpalgaon APMC,Maharashtra,5,1,2026-01-05,1394.4691495275154,1509.3203819186167
onion,162.0,Pimpalgaon APMC,Maharashtra,5,1,2026-01-12,1380.7316682676915,1445.8636893975856
onion,162.0,Pimpalgaon APMC,Maharashtra,5,1,2026-01-19,1160.6977184122647,1448.6845511881586
onion,162.0,Pimpalgaon APMC,Maharashtra,5,1,2026-01-26,1023.8063913549997,1433.6040641723932
onion,162.0,Pimpalgaon APMC,Maharashtra,5,1,2026-02-02,1095.4306033923704,1325.2137697847634
onion,162.0,Pimpalgaon APMC,Maharashtra,5,1,2026-02-09,1062.4525683187137,1302.029974044808
onion,162.0,Pimpalgaon APMC,Maharashtra,5,1,2026-02-16,961.5648537987985,1360.254253074719
onion,162.0,Pimpalgaon APMC,Maharashtra,5,1,2026-02-23,892.956978472535,1360.254253074719
onion,162.0,Pimpalgaon APMC,Maharashtra,5,1,2026-03-02,917.7935790513294,1279.5617267746802
onion,162.0,Pimpalgaon APMC,Maharashtra,5,1,2026-03-09,954.5629598753127,1253.6538805196537
onion,162.0,Pimpalgaon APMC,Maharashtra,5,1,2026-03-16,1070.4043968889084,1253.6538805196537
onion,162.0,Pimpalgaon APMC,Maharashtra,5,1,2026-03-23,1205.3713255431808,1249.5838818997852
onion,162.0,Pimpalgaon APMC,Maharashtra,5,1,2026-03-30,1208.8063498812944,1290.7581887649578
onion,162.0,Pimpalgaon APMC,Maharashtra,5,1,2026-04-06,1209.4016268925252,1342.75439675218
onion,162.0,Pimpalgaon APMC,Maharashtra,5,1,2026-04-13,1142.6484445942006,1342.75439675218
onion,162.0,Pimpalgaon APMC,Maharashtra,5,1,2026-04-20,1219.0523954474886,1342.75439675218
onion,162.0,Pimpalgaon APMC,Maharashtra,5,1,2026-04-27,1185.1444922491364,1342.75439675218
onion,162.0,Pimpalgaon APMC,Maharashtra,5,1,2026-05-04,1137.582002498975,1021.2112082190033
onion,162.0,Pimpalgaon APMC,Maharashtra,5,1,2026-05-11,1157.003970602477,1021.2112082190033
onion,162.0,Pimpalgaon APMC,Maharashtra,5,1,2026-05-18,1404.8081028656482,1021.2112082190033
onion,162.0,Pimpalgaon APMC,Maharashtra,5,1,2026-05-25,1658.7285603696455,1021.2112082190033
onion,162.0,Pimpalgaon APMC,Maharashtra,5,1,2026-06-01,1578.022814079311,1162.059147667492
onion,162.0,Pimpalgaon APMC,Maharashtra,5,1,2026-06-08,1725.7841148536022,1349.7479121663637
onion,162.0,Pimpalgaon APMC,Maharashtra,5,1,2026-06-15,2206.4388155334,1349.7479121663637
onion,162.0,Pimpalgaon APMC,Maharashtra,5,1,2026-06-22,2309.6146337654227,1349.7479121663637
onion,162.0,Pimpalgaon APMC,Maharashtra,5,1,2026-06-29,2373.333939793651,1393.4783116131523
onion,162.0,Pimpalgaon APMC,Maharashtra,5,1,2026-07-06,2341.8660630883082,1501.2884909011543
onion,162.0,Pimpalgaon APMC,Maharashtra,5,1,2026-07-13,2293.881418019256,1513.1013187766107
onion,162.0,Pimpalgaon APMC,Maharashtra,5,1,2026-07-20,2262.3689178592426,1563.6017823332306
onion,162.0,Pimpalgaon APMC,Maharashtra,5,1,2026-07-27,2315.5147854797397,1563.6017823332306
onion,162.0,Pimpalgaon APMC,Maharashtra,5,1,2026-08-03,2795.7386292444553,1565.7694811145604
onion,162.0,Pimpalgaon APMC,Maharashtra,5,1,2026-08-10,3804.426104298386,1516.053269667694
onion,162.0,Pimpalgaon APMC,Maharashtra,5,1,2026-08-17,4266.136193513324,1536.6129526167235
onion,162.0,Pimpalgaon APMC,Maharashtra,5,1,2026-08-24,4525.698221821109,1632.7995874907788
onion,162.0,Pimpalgaon APMC,Maharashtra,5,1,2026-08-31,4665.612793640314,1682.861737090696
onion,162.0,Pimpalgaon APMC,Maharashtra,5,1,2026-09-07,4464.539372525924,1708.8049100394578
onion,162.0,Pimpalgaon APMC,Maharashtra,5,1,2026-09-14,4301.305916073558,1728.2775539078166
onion,162.0,Pimpalgaon APMC,Maharashtra,5,1,2026-09-21,4243.897749503457,1728.2775539078166
onion,162.0,Pimpalgaon APMC,Maharashtra,5,1,2026-09-28,4000.0000000000014,1689.8886282037167
onion,162.0,Pimpalgaon APMC,Maharashtra,5,4,2026-01-05,1023.8063913549997,1471.4834893803215
onion,162.0,Pimpalgaon APMC,Maharashtra,5,4,2026-01-12,1095.4306033923704,1471.4834893803215
onion,162.0,Pimpalgaon APMC,Maharashtra,5,4,2026-01-19,1062.4525683187137,1440.331258876746
onion,162.0,Pimpalgaon APMC,Maharashtra,5,4,2026-01-26,961.5648537987985,1440.331258876746
onion,162.0,Pimpalgaon APMC,Maharashtra,5,4,2026-02-02,892.956978472535,1440.331258876746
onion,162.0,Pimpalgaon APMC,Maharashtra,5,4,2026-02-09,917.7935790513294,1440.331258876746
onion,162.0,Pimpalgaon APMC,Maharashtra,5,4,2026-02-16,954.5629598753127,1440.331258876746
onion,162.0,Pimpalgaon APMC,Maharashtra,5,4,2026-02-23,1070.4043968889084,1440.331258876746
onion,162.0,Pimpalgaon APMC,Maharashtra,5,4,2026-03-02,1205.3713255431808,1343.513775918059
onion,162.0,Pimpalgaon APMC,Maharashtra,5,4,2026-03-09,1208.8063498812944,1343.513775918059
onion,162.0,Pimpalgaon APMC,Maharashtra,5,4,2026-03-16,1209.4016268925252,1343.513775918059
onion,162.0,Pimpalgaon APMC,Maharashtra,5,4,2026-03-23,1142.6484445942006,1343.513775918059
onion,162.0,Pimpalgaon APMC,Maharashtra,5,4,2026-03-30,1219.0523954474886,1343.513775918059
onion,162.0,Pimpalgaon APMC,Maharashtra,5,4,2026-04-06,1185.1444922491364,1440.331258876746
onion,162.0,Pimpalgaon APMC,Maharashtra,5,4,2026-04-13,1137.582002498975,1440.331258876746
onion,162.0,Pimpalgaon APMC,Maharashtra,5,4,2026-04-20,1157.003970602477,1440.331258876746
onion,162.0,Pimpalgaon APMC,Maharashtra,5,4,2026-04-27,1404.8081028656482,1440.331258876746
onion,162.0,Pimpalgaon APMC,Maharashtra,5,4,2026-05-04,1658.7285603696455,1270.1884933677086
onion,162.0,Pimpalgaon APMC,Maharashtra,5,4,2026-05-11,1578.022814079311,1270.1884933677086
onion,162.0,Pimpalgaon APMC,Maharashtra,5,4,2026-05-18,1725.7841148536022,1270.1884933677086
onion,162.0,Pimpalgaon APMC,Maharashtra,5,4,2026-05-25,2206.4388155334,1270.1884933677086
onion,162.0,Pimpalgaon APMC,Maharashtra,5,4,2026-06-01,2309.6146337654227,1270.1884933677086
onion,162.0,Pimpalgaon APMC,Maharashtra,5,4,2026-06-08,2373.333939793651,1270.1884933677086
onion,162.0,Pimpalgaon APMC,Maharashtra,5,4,2026-06-15,2341.8660630883082,1270.1884933677086
onion,162.0,Pimpalgaon APMC,Maharashtra,5,4,2026-06-22,2293.881418019256,1270.1884933677086
onion,162.0,Pimpalgaon APMC,Maharashtra,5,4,2026-06-29,2262.3689178592426,1270.1884933677086
onion,162.0,Pimpalgaon APMC,Maharashtra,5,4,2026-07-06,2315.5147854797397,1270.1884933677086
onion,162.0,Pimpalgaon APMC,Maharashtra,5,4,2026-07-13,2795.7386292444553,1270.1884933677086
onion,162.0,Pimpalgaon APMC,Maharashtra,5,4,2026-07-20,3804.426104298386,1493.0522352974942
onion,162.0,Pimpalgaon APMC,Maharashtra,5,4,2026-07-27,4266.136193513324,1607.8886694551484
onion,162.0,Pimpalgaon APMC,Maharashtra,5,4,2026-08-03,4525.698221821109,1607.8886694551484
onion,162.0,Pimpalgaon APMC,Maharashtra,5,4,2026-08-10,4665.612793640314,1607.8886694551484
onion,162.0,Pimpalgaon APMC,Maharashtra,5,4,2026-08-17,4464.539372525924,1607.8886694551484
onion,162.0,Pimpalgaon APMC,Maharashtra,5,4,2026-08-24,4301.305916073558,1607.8886694551484
onion,162.0,Pimpalgaon APMC,Maharashtra,5,4,2026-08-31,4243.897749503457,1607.8886694551484
onion,162.0,Pimpalgaon APMC,Maharashtra,5,4,2026-09-07,4000.0000000000014,1607.8886694551484
onion,162.0,Pimpalgaon APMC,Maharashtra,5,13,2026-01-05,1208.8063498812944,1435.3264328701468
onion,162.0,Pimpalgaon APMC,Maharashtra,5,13,2026-01-12,1209.4016268925252,1435.3264328701468
onion,162.0,Pimpalgaon APMC,Maharashtra,5,13,2026-01-19,1142.6484445942006,1435.3264328701468
onion,162.0,Pimpalgaon APMC,Maharashtra,5,13,2026-01-26,1219.0523954474886,1435.3264328701468
onion,162.0,Pimpalgaon APMC,Maharashtra,5,13,2026-02-02,1185.1444922491364,1591.9224412078975
onion,162.0,Pimpalgaon APMC,Maharashtra,5,13,2026-02-09,1137.582002498975,1591.9224412078975
onion,162.0,Pimpalgaon APMC,Maharashtra,5,13,2026-02-16,1157.003970602477,1652.6172966072988
onion,162.0,Pimpalgaon APMC,Maharashtra,5,13,2026-02-23,1404.8081028656482,1652.6172966072988
onion,162.0,Pimpalgaon APMC,Maharashtra,5,13,2026-03-02,1658.7285603696455,1388.1380303717576
onion,162.0,Pimpalgaon APMC,Maharashtra,5,13,2026-03-09,1578.022814079311,1472.8651214788015
onion,162.0,Pimpalgaon APMC,Maharashtra,5,13,2026-03-16,1725.7841148536022,1427.956522426672
onion,162.0,Pimpalgaon APMC,Maharashtra,5,13,2026-03-23,2206.4388155334,1492.8905342249343
onion,162.0,Pimpalgaon APMC,Maharashtra,5,13,2026-03-30,2309.6146337654227,1471.716684558992
onion,162.0,Pimpalgaon APMC,Maharashtra,5,13,2026-04-06,2373.333939793651,1481.979717947524
onion,162.0,Pimpalgaon APMC,Maharashtra,5,13,2026-04-13,2341.8660630883082,1498.7655452903236
onion,162.0,Pimpalgaon APMC,Maharashtra,5,13,2026-04-20,2293.881418019256,1498.7655452903236
onion,162.0,Pimpalgaon APMC,Maharashtra,5,13,2026-04-27,2262.3689178592426,1498.7655452903236
onion,162.0,Pimpalgaon APMC,Maharashtra,5,13,2026-05-04,2315.5147854797397,1465.7395032654008
onion,162.0,Pimpalgaon APMC,Maharashtra,5,13,2026-05-11,2795.7386292444553,1465.7395032654008
onion,162.0,Pimpalgaon APMC,Maharashtra,5,13,2026-05-18,3804.426104298386,1465.7395032654008
onion,162.0,Pimpalgaon APMC,Maharashtra,5,13,2026-05-25,4266.136193513324,1465.7395032654008
onion,162.0,Pimpalgaon APMC,Maharashtra,5,13,2026-06-01,4525.698221821109,1465.7395032654008
onion,162.0,Pimpalgaon APMC,Maharashtra,5,13,2026-06-08,4665.612793640314,1465.7395032654008
onion,162.0,Pimpalgaon APMC,Maharashtra,5,13,2026-06-15,4464.539372525924,1465.7395032654008
onion,162.0,Pimpalgaon APMC,Maharashtra,5,13,2026-06-22,4301.305916073558,1465.7395032654008
onion,162.0,Pimpalgaon APMC,Maharashtra,5,13,2026-06-29,4243.897749503457,1439.286280174929
onion,162.0,Pimpalgaon APMC,Maharashtra,5,13,2026-07-06,4000.0000000000014,1361.3912320150644
onion,162.0,Pimpalgaon APMC,Maharashtra,5,26,2026-01-05,2373.333939793651,1550.6132714021962
onion,162.0,Pimpalgaon APMC,Maharashtra,5,26,2026-01-12,2341.8660630883082,1550.6132714021962
onion,162.0,Pimpalgaon APMC,Maharashtra,5,26,2026-01-19,2293.881418019256,1550.6132714021962
onion,162.0,Pimpalgaon APMC,Maharashtra,5,26,2026-01-26,2262.3689178592426,1550.6132714021962
onion,162.0,Pimpalgaon APMC,Maharashtra,5,26,2026-02-02,2315.5147854797397,1550.6132714021962
onion,162.0,Pimpalgaon APMC,Maharashtra,5,26,2026-02-09,2795.7386292444553,1550.6132714021962
onion,162.0,Pimpalgaon APMC,Maharashtra,5,26,2026-02-16,3804.426104298386,1550.6132714021962
onion,162.0,Pimpalgaon APMC,Maharashtra,5,26,2026-02-23,4266.136193513324,1550.6132714021962
onion,162.0,Pimpalgaon APMC,Maharashtra,5,26,2026-03-02,4525.698221821109,1550.6132714021962
onion,162.0,Pimpalgaon APMC,Maharashtra,5,26,2026-03-09,4665.612793640314,1550.6132714021962
onion,162.0,Pimpalgaon APMC,Maharashtra,5,26,2026-03-16,4464.539372525924,1589.1523084526493
onion,162.0,Pimpalgaon APMC,Maharashtra,5,26,2026-03-23,4301.305916073558,1589.1523084526493
onion,162.0,Pimpalgaon APMC,Maharashtra,5,26,2026-03-30,4243.897749503457,1589.1523084526493
onion,162.0,Pimpalgaon APMC,Maharashtra,5,26,2026-04-06,4000.0000000000014,1589.1523084526493
onion,550.0,Chandvad APMC,Maharashtra,1,1,2022-01-03,1927.840158520477,2110.6938852813455
onion,550.0,Chandvad APMC,Maharashtra,1,1,2022-01-10,2062.896074555211,2227.2560839425037
onion,550.0,Chandvad APMC,Maharashtra,1,1,2022-01-17,1923.1530008453087,2149.7806215400246
onion,550.0,Chandvad APMC,Maharashtra,1,1,2022-01-24,1837.3703857320606,1990.5114200388377
onion,550.0,Chandvad APMC,Maharashtra,1,1,2022-01-31,2361.6568791946306,2117.9320740716353
onion,550.0,Chandvad APMC,Maharashtra,1,1,2022-02-07,2176.4727908137797,1827.7610663738324
onion,550.0,Chandvad APMC,Maharashtra,1,1,2022-02-14,1998.1592039800994,1545.2576529802063
onion,550.0,Chandvad APMC,Maharashtra,1,1,2022-02-21,1508.7230960264899,1520.1345381727547
onion,550.0,Chandvad APMC,Maharashtra,1,1,2022-02-28,1147.6378809869375,1504.3506042608217
onion,550.0,Chandvad APMC,Maharashtra,1,1,2022-03-07,845.1199137698737,1379.9455033835334
onion,550.0,Chandvad APMC,Maharashtra,1,1,2022-03-14,700.6840060800542,1075.3892323147973
onion,550.0,Chandvad APMC,Maharashtra,1,1,2022-03-21,736.7516486435042,1004.0411646674713
onion,550.0,Chandvad APMC,Maharashtra,1,1,2022-03-28,772.8192912069543,967.7896368811791
onion,550.0,Chandvad APMC,Maharashtra,1,1,2022-04-04,735.5,951.5069220532665
onion,550.0,Chandvad APMC,Maharashtra,1,1,2022-04-11,825.885125184094,938.3419962114001
onion,550.0,Chandvad APMC,Maharashtra,1,1,2022-04-18,708.9172335600906,942.6316184474698
onion,550.0,Chandvad APMC,Maharashtra,1,1,2022-04-25,742.5694034258712,929.5893612299348
onion,550.0,Chandvad APMC,Maharashtra,1,1,2022-05-02,728.3245406585412,974.1918934719147
onion,550.0,Chandvad APMC,Maharashtra,1,1,2022-05-09,746.747311827957,979.9227725594352
onion,550.0,Chandvad APMC,Maharashtra,1,1,2022-05-16,865.8543417366949,998.6748780302107
onion,550.0,Chandvad APMC,Maharashtra,1,1,2022-05-23,927.0131771595899,946.2423505423942
onion,550.0,Chandvad APMC,Maharashtra,1,1,2022-05-30,816.8010365678092,1018.3028268384919
onion,550.0,Chandvad APMC,Maharashtra,1,1,2022-06-06,967.9734305808807,1057.1153669059374
onion,550.0,Chandvad APMC,Maharashtra,1,1,2022-06-13,1018.0603015075378,998.0064096786878
onion,550.0,Chandvad APMC,Maharashtra,1,1,2022-06-20,1097.9209370424594,1052.3053169696345
onion,550.0,Chandvad APMC,Maharashtra,1,1,2022-06-27,1089.193636862315,1067.0674445468924
onion,550.0,Chandvad APMC,Maharashtra,1,1,2022-07-04,1107.677111716621,1094.080413761696
onion,550.0,Chandvad APMC,Maharashtra,1,1,2022-07-11,969.2870201096893,1106.406054484681
onion,550.0,Chandvad APMC,Maharashtra,1,1,2022-07-18,987.6565295169949,1106.406054484681
onion,550.0,Chandvad APMC,Maharashtra,1,1,2022-07-25,1016.5156320797469,1076.8256062684043
onion,550.0,Chandvad APMC,Maharashtra,1,1,2022-08-01,1001.9906185869248,1072.3545129788772
onion,550.0,Chandvad APMC,Maharashtra,1,1,2022-08-08,1164.1278065630395,1079.0890417044745
onion,550.0,Chandvad APMC,Maharashtra,1,1,2022-08-15,1041.5152324959913,1076.8256062684043
onion,550.0,Chandvad APMC,Maharashtra,1,1,2022-08-22,989.8482409749371,1179.2194713857523
onion,550.0,Chandvad APMC,Maharashtra,1,1,2022-08-29,902.6389206494398,1114.618174748619
onion,550.0,Chandvad APMC,Maharashtra,1,1,2022-09-05,952.622873345936,1064.1607594973486
onion,550.0,Chandvad APMC,Maharashtra,1,1,2022-09-12,868.2951827810044,1064.1607594973486
onion,550.0,Chandvad APMC,Maharashtra,1,1,2022-09-19,1298.549717759444,1058.4053547005892
onion,550.0,Chandvad APMC,Maharashtra,1,1,2022-09-26,1437.2012578616348,1100.3387660933392
onion,550.0,Chandvad APMC,Maharashtra,1,1,2022-10-03,1720.3195040534101,1209.9898832287267
onion,550.0,Chandvad APMC,Maharashtra,1,1,2022-10-10,1705.907449950771,1863.1415428015346
onion,550.0,Chandvad APMC,Maharashtra,1,1,2022-10-17,1962.985508845072,1863.1415428015346
onion,550.0,Chandvad APMC,Maharashtra,1,1,2022-10-24,2220.063567739372,2012.0423832584718
onion,550.0,Chandvad APMC,Maharashtra,1,1,2022-10-31,1782.6991150442473,2012.0423832584718
onion,550.0,Chandvad APMC,Maharashtra,1,1,2022-11-07,1220.3475513428123,2070.585815539862
onion,550.0,Chandvad APMC,Maharashtra,1,1,2022-11-14,1062.141318397243,2070.585815539862
onion,550.0,Chandvad APMC,Maharashtra,1,1,2022-11-21,1216.4570230607972,1391.783621560546
onion,550.0,Chandvad APMC,Maharashtra,1,1,2022-11-28,1360.655328798186,1203.7274458750132
onion,550.0,Chandvad APMC,Maharashtra,1,1,2022-12-05,1147.3757649938802,1191.7857588228014
onion,550.0,Chandvad APMC,Maharashtra,1,1,2022-12-12,1497.188053657302,1353.5191838595642
onion,550.0,Chandvad APMC,Maharashtra,1,1,2022-12-19,1363.8024838380402,1044.8207261724156
onion,550.0,Chandvad APMC,Maharashtra,1,1,2022-12-26,1376.1225144323287,1537.6705370229024
onion,550.0,Chandvad APMC,Maharashtra,1,4,2022-01-03,1837.3703857320606,1780.9141102442686
onion,550.0,Chandvad APMC,Maharashtra,1,4,2022-01-10,2361.6568791946306,1807.5153008916182
onion,550.0,Chandvad APMC,Maharashtra,1,4,2022-01-17,2176.4727908137797,1780.542149222682
onion,550.0,Chandvad APMC,Maharashtra,1,4,2022-01-24,1998.1592039800994,1780.542149222682
onion,550.0,Chandvad APMC,Maharashtra,1,4,2022-01-31,1508.7230960264899,1552.1104679184034
onion,550.0,Chandvad APMC,Maharashtra,1,4,2022-02-07,1147.6378809869375,1528.5356669627101
onion,550.0,Chandvad APMC,Maharashtra,1,4,2022-02-14,845.1199137698737,1472.720757534614
onion,550.0,Chandvad APMC,Maharashtra,1,4,2022-02-21,700.6840060800542,1472.720757534614
onion,550.0,Chandvad APMC,Maharashtra,1,4,2022-02-28,736.7516486435042,1472.720757534614
onion,550.0,Chandvad APMC,Maharashtra,1,4,2022-03-07,772.8192912069543,1390.394426688583
onion,550.0,Chandvad APMC,Maharashtra,1,4,2022-03-14,735.5,1335.2306509832688
onion,550.0,Chandvad APMC,Maharashtra,1,4,2022-03-21,825.885125184094,1326.6308346836859
onion,550.0,Chandvad APMC,Maharashtra,1,4,2022-03-28,708.9172335600906,1313.2408881769118
onion,550.0,Chandvad APMC,Maharashtra,1,4,2022-04-04,742.5694034258712,1288.33691459806
onion,550.0,Chandvad APMC,Maharashtra,1,4,2022-04-11,728.3245406585412,1288.33691459806
onion,550.0,Chandvad APMC,Maharashtra,1,4,2022-04-18,746.747311827957,1288.33691459806
onion,550.0,Chandvad APMC,Maharashtra,1,4,2022-04-25,865.8543417366949,1288.33691459806
onion,550.0,Chandvad APMC,Maharashtra,1,4,2022-05-02,927.0131771595899,1307.3884045219463
onion,550.0,Chandvad APMC,Maharashtra,1,4,2022-05-09,816.8010365678092,1325.993753273734
onion,550.0,Chandvad APMC,Maharashtra,1,4,2022-05-16,967.9734305808807,1313.119133220077
onion,550.0,Chandvad APMC,Maharashtra,1,4,2022-05-23,1018.0603015075378,1288.33691459806
onion,550.0,Chandvad APMC,Maharashtra,1,4,2022-05-30,1097.9209370424594,1317.168603200259
onion,550.0,Chandvad APMC,Maharashtra,1,4,2022-06-06,1089.193636862315,1339.0024141198314
onion,550.0,Chandvad APMC,Maharashtra,1,4,2022-06-13,1107.677111716621,1352.1306165153799
onion,550.0,Chandvad APMC,Maharashtra,1,4,2022-06-20,969.2870201096893,1339.0024141198314
onion,550.0,Chandvad APMC,Maharashtra,1,4,2022-06-27,987.6565295169949,1351.3144496693576
onion,550.0,Chandvad APMC,Maharashtra,1,4,2022-07-04,1016.5156320797469,1351.3144496693576
onion,550.0,Chandvad APMC,Maharashtra,1,4,2022-07-11,1001.9906185869248,1360.876518490325
onion,550.0,Chandvad APMC,Maharashtra,1,4,2022-07-18,1164.1278065630395,1360.876518490325
onion,550.0,Chandvad APMC,Maharashtra,1,4,2022-07-25,1041.5152324959913,1344.628059193236
onion,550.0,Chandvad APMC,Maharashtra,1,4,2022-08-01,989.8482409749371,1344.628059193236
onion,550.0,Chandvad APMC,Maharashtra,1,4,2022-08-08,902.6389206494398,1360.876518490325
onion,550.0,Chandvad APMC,Maharashtra,1,4,2022-08-15,952.622873345936,1344.628059193236
onion,550.0,Chandvad APMC,Maharashtra,1,4,2022-08-22,868.2951827810044,1506.2389127954052
onion,550.0,Chandvad APMC,Maharashtra,1,4,2022-08-29,1298.549717759444,1506.2389127954052
onion,550.0,Chandvad APMC,Maharashtra,1,4,2022-09-05,1437.2012578616348,1559.5691888462643
onion,550.0,Chandvad APMC,Maharashtra,1,4,2022-09-12,1720.3195040534101,1688.8961960452807
onion,550.0,Chandvad APMC,Maharashtra,1,4,2022-09-19,1705.907449950771,1673.1391090951429
onion,550.0,Chandvad APMC,Maharashtra,1,4,2022-09-26,1962.985508845072,1803.7253052049662
onion,550.0,Chandvad APMC,Maharashtra,1,4,2022-10-03,2220.063567739372,2030.1359234368103
onion,550.0,Chandvad APMC,Maharashtra,1,4,2022-10-10,1782.6991150442473,2184.575821372116
onion,550.0,Chandvad APMC,Maharashtra,1,4,2022-10-17,1220.3475513428123,2252.050417111587
onion,550.0,Chandvad APMC,Maharashtra,1,4,2022-10-24,1062.141318397243,2552.5435045251725
onion,550.0,Chandvad APMC,Maharashtra,1,4,2022-10-31,1216.4570230607972,2552.5435045251725
onion,550.0,Chandvad APMC,Maharashtra,1,4,2022-11-07,1360.655328798186,2552.5435045251725
onion,550.0,Chandvad APMC,Maharashtra,1,4,2022-11-14,1147.3757649938802,2150.351062513525
onion,550.0,Chandvad APMC,Maharashtra,1,4,2022-11-21,1497.188053657302,2150.351062513525
onion,550.0,Chandvad APMC,Maharashtra,1,4,2022-11-28,1363.8024838380402,1741.174356536034
onion,550.0,Chandvad APMC,Maharashtra,1,4,2022-12-05,1376.1225144323287,1688.999531897336
onion,550.0,Chandvad APMC,Maharashtra,1,4,2022-12-12,1260.0014534883717,2238.060725706671
onion,550.0,Chandvad APMC,Maharashtra,1,4,2022-12-19,1219.9999999999998,1856.9119548993665
onion,550.0,Chandvad APMC,Maharashtra,1,4,2022-12-26,1211.7157464212682,2063.4451632247915
onion,550.0,Chandvad APMC,Maharashtra,1,13,2022-01-03,772.8192912069543,1140.336546342553
onion,550.0,Chandvad APMC,Maharashtra,1,13,2022-01-10,735.5,1135.646725580772
onion,550.0,Chandvad APMC,Maharashtra,1,13,2022-01-17,825.885125184094,1110.541557807775
onion,550.0,Chandvad APMC,Maharashtra,1,13,2022-01-24,708.9172335600906,1121.450681529887
onion,550.0,Chandvad APMC,Maharashtra,1,13,2022-01-31,742.5694034258712,1108.7489432232876
onion,550.0,Chandvad APMC,Maharashtra,1,13,2022-02-07,728.3245406585412,985.4191836504226
onion,550.0,Chandvad APMC,Maharashtra,1,13,2022-02-14,746.747311827957,1002.3065459561707
onion,550.0,Chandvad APMC,Maharashtra,1,13,2022-02-21,865.8543417366949,1021.3794151104457
onion,550.0,Chandvad APMC,Maharashtra,1,13,2022-02-28,927.0131771595899,1198.7560525657314
onion,550.0,Chandvad APMC,Maharashtra,1,13,2022-03-07,816.8010365678092,1054.584025120427
onion,550.0,Chandvad APMC,Maharashtra,1,13,2022-03-14,967.9734305808807,1218.5274538827293
onion,550.0,Chandvad APMC,Maharashtra,1,13,2022-03-21,1018.0603015075378,1225.719990387579
onion,550.0,Chandvad APMC,Maharashtra,1,13,2022-03-28,1097.9209370424594,1272.4012468749675
onion,550.0,Chandvad APMC,Maharashtra,1,13,2022-04-04,1089.193636862315,1354.371709985
onion,550.0,Chandvad APMC,Maharashtra,1,13,2022-04-11,1107.677111716621,1412.6438797978185
onion,550.0,Chandvad APMC,Maharashtra,1,13,2022-04-18,969.2870201096893,1480.995973654037
onion,550.0,Chandvad APMC,Maharashtra,1,13,2022-04-25,987.6565295169949,1481.2070228138202
onion,550.0,Chandvad APMC,Maharashtra,1,13,2022-05-02,1016.5156320797469,1575.677278167964
onion,550.0,Chandvad APMC,Maharashtra,1,13,2022-05-09,1001.9906185869248,1606.3973919579557
onion,550.0,Chandvad APMC,Maharashtra,1,13,2022-05-16,1164.1278065630395,1728.8022834779124
onion,550.0,Chandvad APMC,Maharashtra,1,13,2022-05-23,1041.5152324959913,1593.9933704173982
onion,550.0,Chandvad APMC,Maharashtra,1,13,2022-05-30,989.8482409749371,1617.9649031605293
onion,550.0,Chandvad APMC,Maharashtra,1,13,2022-06-06,902.6389206494398,1742.4377743681207
onion,550.0,Chandvad APMC,Maharashtra,1,13,2022-06-13,952.622873345936,1705.232683779032
onion,550.0,Chandvad APMC,Maharashtra,1,13,2022-06-20,868.2951827810044,1708.488350019
onion,550.0,Chandvad APMC,Maharashtra,1,13,2022-06-27,1298.549717759444,1652.509577212324
onion,550.0,Chandvad APMC,Maharashtra,1,13,2022-07-04,1437.2012578616348,2032.4650547208448
onion,550.0,Chandvad APMC,Maharashtra,1,13,2022-07-11,1720.3195040534101,2119.704632446979
onion,550.0,Chandvad APMC,Maharashtra,1,13,2022-07-18,1705.907449950771,2040.3137583953044
onion,550.0,Chandvad APMC,Maharashtra,1,13,2022-07-25,1962.985508845072,2034.4345071558837
onion,550.0,Chandvad APMC,Maharashtra,1,13,2022-08-01,2220.063567739372,2074.0500912769753
onion,550.0,Chandvad APMC,Maharashtra,1,13,2022-08-08,1782.6991150442473,2048.913848874176
onion,550.0,Chandvad APMC,Maharashtra,1,13,2022-08-15,1220.3475513428123,1995.0694194979767
onion,550.0,Chandvad APMC,Maharashtra,1,13,2022-08-22,1062.141318397243,1826.9049982204779
onion,550.0,Chandvad APMC,Maharashtra,1,13,2022-08-29,1216.4570230607972,1854.8933449644544
onion,550.0,Chandvad APMC,Maharashtra,1,13,2022-09-05,1360.655328798186,1791.489961545981
onion,550.0,Chandvad APMC,Maharashtra,1,13,2022-09-12,1147.3757649938802,1845.9997141896374
onion,550.0,Chandvad APMC,Maharashtra,1,13,2022-09-19,1497.188053657302,1675.1753729696075
onion,550.0,Chandvad APMC,Maharashtra,1,13,2022-09-26,1363.8024838380402,1807.2809337289139
onion,550.0,Chandvad APMC,Maharashtra,1,13,2022-10-03,1376.1225144323287,1788.6468401808972
onion,550.0,Chandvad APMC,Maharashtra,1,13,2022-10-10,1260.0014534883717,1757.630646499495
onion,550.0,Chandvad APMC,Maharashtra,1,13,2022-10-17,1219.9999999999998,1663.2041860285622
onion,550.0,Chandvad APMC,Maharashtra,1,13,2022-10-24,1211.7157464212682,1514.2354495512564
onion,550.0,Chandvad APMC,Maharashtra,1,13,2022-10-31,1030.964119419337,1379.0205255888627
onion,550.0,Chandvad APMC,Maharashtra,1,13,2022-11-07,852.6061039580356,1391.9754509326106
onion,550.0,Chandvad APMC,Maharashtra,1,13,2022-11-14,601.3519011109374,1175.0673062819408
onion,550.0,Chandvad APMC,Maharashtra,1,13,2022-11-21,458.43679153621935,1085.1724822292997
onion,550.0,Chandvad APMC,Maharashtra,1,13,2022-11-28,644.7820296546214,1059.373360306546
onion,550.0,Chandvad APMC,Maharashtra,1,13,2022-12-05,761.0059090284459,977.1086096408737
onion,550.0,Chandvad APMC,Maharashtra,1,13,2022-12-12,830.8830533139304,1089.5592037128708
onion,550.0,Chandvad APMC,Maharashtra,1,13,2022-12-19,800.2935831913682,915.201297207029
onion,550.0,Chandvad APMC,Maharashtra,1,13,2022-12-26,668.2289819912291,919.3855980423136
onion,550.0,Chandvad APMC,Maharashtra,1,26,2022-01-03,1089.193636862315,1063.7264473532375
onion,550.0,Chandvad APMC,Maharashtra,1,26,2022-01-10,1107.677111716621,1068.1609445486629
onion,550.0,Chandvad APMC,Maharashtra,1,26,2022-01-17,969.2870201096893,1004.6714377380035
onion,550.0,Chandvad APMC,Maharashtra,1,26,2022-01-24,987.6565295169949,1078.5397729385763
onion,550.0,Chandvad APMC,Maharashtra,1,26,2022-01-31,1016.5156320797469,1025.7957745400715
onion,550.0,Chandvad APMC,Maharashtra,1,26,2022-02-07,1001.9906185869248,994.5405056213274
onion,550.0,Chandvad APMC,Maharashtra,1,26,2022-02-14,1164.1278065630395,957.6295375412018
onion,550.0,Chandvad APMC,Maharashtra,1,26,2022-02-21,1041.5152324959913,1300.8518396829443
onion,550.0,Chandvad APMC,Maharashtra,1,26,2022-02-28,989.8482409749371,1330.3487293007224
onion,550.0,Chandvad APMC,Maharashtra,1,26,2022-03-07,902.6389206494398,1553.7149244502
onion,550.0,Chandvad APMC,Maharashtra,1,26,2022-03-14,952.622873345936,1747.465772457098
onion,550.0,Chandvad APMC,Maharashtra,1,26,2022-03-21,868.2951827810044,1781.8544589617081
onion,550.0,Chandvad APMC,Maharashtra,1,26,2022-03-28,1298.549717759444,1793.6397008349286
onion,550.0,Chandvad APMC,Maharashtra,1,26,2022-04-04,1437.2012578616348,1624.3340405815102
onion,550.0,Chandvad APMC,Maharashtra,1,26,2022-04-11,1720.3195040534101,1638.438278185146
onion,550.0,Chandvad APMC,Maharashtra,1,26,2022-04-18,1705.907449950771,1697.2930564766787
onion,550.0,Chandvad APMC,Maharashtra,1,26,2022-04-25,1962.985508845072,1976.0909335652368
onion,550.0,Chandvad APMC,Maharashtra,1,26,2022-05-02,2220.063567739372,1898.9994642258848
onion,550.0,Chandvad APMC,Maharashtra,1,26,2022-05-09,1782.6991150442473,2076.698336590411
onion,550.0,Chandvad APMC,Maharashtra,1,26,2022-05-16,1220.3475513428123,1237.8207447370626
onion,550.0,Chandvad APMC,Maharashtra,1,26,2022-05-23,1062.141318397243,1756.7961486557415
onion,550.0,Chandvad APMC,Maharashtra,1,26,2022-05-30,1216.4570230607972,1788.5033891801515
onion,550.0,Chandvad APMC,Maharashtra,1,26,2022-06-06,1360.655328798186,1970.8923343451188
onion,550.0,Chandvad APMC,Maharashtra,1,26,2022-06-13,1147.3757649938802,1355.1918501808123
onion,550.0,Chandvad APMC,Maharashtra,1,26,2022-06-20,1497.188053657302,1236.3683874711844
onion,550.0,Chandvad APMC,Maharashtra,1,26,2022-06-27,1363.8024838380402,1157.4600941112014
onion,550.0,Chandvad APMC,Maharashtra,1,26,2022-07-04,1376.1225144323287,1165.1198051957872
onion,550.0,Chandvad APMC,Maharashtra,1,26,2022-07-11,1260.0014534883717,1108.335252578645
onion,550.0,Chandvad APMC,Maharashtra,1,26,2022-07-18,1219.9999999999998,1004.5464672537597
onion,550.0,Chandvad APMC,Maharashtra,1,26,2022-07-25,1211.7157464212682,1050.0132965493094
onion,550.0,Chandvad APMC,Maharashtra,1,26,2022-08-01,1030.964119419337,931.8687989868231
onion,550.0,Chandvad APMC,Maharashtra,1,26,2022-08-08,852.6061039580356,903.9433103706396
onion,550.0,Chandvad APMC,Maharashtra,1,26,2022-08-15,601.3519011109374,845.6221759950595
onion,550.0,Chandvad APMC,Maharashtra,1,26,2022-08-22,458.43679153621935,859.9707600050599
onion,550.0,Chandvad APMC,Maharashtra,1,26,2022-08-29,644.7820296546214,851.3444508438771
onion,550.0,Chandvad APMC,Maharashtra,1,26,2022-09-05,761.0059090284459,860.4686261678937
onion,550.0,Chandvad APMC,Maharashtra,1,26,2022-09-12,830.8830533139304,898.966176141901
onion,550.0,Chandvad APMC,Maharashtra,1,26,2022-09-19,800.2935831913682,945.6767929621187
onion,550.0,Chandvad APMC,Maharashtra,1,26,2022-09-26,668.2289819912291,934.7006913110004
onion,550.0,Chandvad APMC,Maharashtra,1,26,2022-10-03,629.990448901624,870.9915131217725
onion,550.0,Chandvad APMC,Maharashtra,1,26,2022-10-10,617.8330955777462,846.780911688531
onion,550.0,Chandvad APMC,Maharashtra,1,26,2022-10-17,479.00051921079944,819.0117585281353
onion,550.0,Chandvad APMC,Maharashtra,1,26,2022-10-24,573.2142857142857,794.988408423025
onion,550.0,Chandvad APMC,Maharashtra,1,26,2022-10-31,698.8458571208143,771.1630997966079
onion,550.0,Chandvad APMC,Maharashtra,1,26,2022-11-07,587.0183691756274,704.6767495732448
onion,550.0,Chandvad APMC,Maharashtra,1,26,2022-11-14,522.0953830542871,784.1314995426244
onion,550.0,Chandvad APMC,Maharashtra,1,26,2022-11-21,565.1157365871167,831.2581927266763
onion,550.0,Chandvad APMC,Maharashtra,1,26,2022-11-28,677.9158249158252,879.2016832686368
onion,550.0,Chandvad APMC,Maharashtra,1,26,2022-12-05,747.6883396023642,1043.9535991080638
onion,550.0,Chandvad APMC,Maharashtra,1,26,2022-12-12,703.7248038624018,1067.8248885405424
onion,550.0,Chandvad APMC,Maharashtra,1,26,2022-12-19,840.4928989139516,1037.8355591892923
onion,550.0,Chandvad APMC,Maharashtra,1,26,2022-12-26,1209.9007578491517,1059.4998130202628
onion,550.0,Chandvad APMC,Maharashtra,2,1,2023-01-02,1260.0014534883717,1468.0053829262606
onion,550.0,Chandvad APMC,Maharashtra,2,1,2023-01-09,1219.9999999999998,1477.941049933748
onion,550.0,Chandvad APMC,Maharashtra,2,1,2023-01-16,1211.7157464212682,1256.7296426524197
onion,550.0,Chandvad APMC,Maharashtra,2,1,2023-01-23,1030.964119419337,1248.2800949740993
onion,550.0,Chandvad APMC,Maharashtra,2,1,2023-01-30,852.6061039580356,1248.2800949740993
onion,550.0,Chandvad APMC,Maharashtra,2,1,2023-02-06,601.3519011109374,1090.911175678481
onion,550.0,Chandvad APMC,Maharashtra,2,1,2023-02-13,458.43679153621935,990.4293647323839
onion,550.0,Chandvad APMC,Maharashtra,2,1,2023-02-20,644.7820296546214,965.2020878716334
onion,550.0,Chandvad APMC,Maharashtra,2,1,2023-02-27,761.0059090284459,945.7001127234361
onion,550.0,Chandvad APMC,Maharashtra,2,1,2023-03-06,830.8830533139304,975.1106865708005
onion,550.0,Chandvad APMC,Maharashtra,2,1,2023-03-13,800.2935831913682,975.1106865708005
onion,550.0,Chandvad APMC,Maharashtra,2,1,2023-03-20,668.2289819912291,975.1106865708005
onion,550.0,Chandvad APMC,Maharashtra,2,1,2023-03-27,629.990448901624,975.1106865708005
onion,550.0,Chandvad APMC,Maharashtra,2,1,2023-04-03,617.8330955777462,975.1106865708005
onion,550.0,Chandvad APMC,Maharashtra,2,1,2023-04-10,479.00051921079944,965.2020878716334
onion,550.0,Chandvad APMC,Maharashtra,2,1,2023-04-17,573.2142857142857,965.2020878716334
onion,550.0,Chandvad APMC,Maharashtra,2,1,2023-04-24,698.8458571208143,953.4607208486764
onion,550.0,Chandvad APMC,Maharashtra,2,1,2023-05-01,587.0183691756274,973.1225641375438
onion,550.0,Chandvad APMC,Maharashtra,2,1,2023-05-08,522.0953830542871,987.5476163575528
onion,550.0,Chandvad APMC,Maharashtra,2,1,2023-05-15,565.1157365871167,973.1225641375438
onion,550.0,Chandvad APMC,Maharashtra,2,1,2023-05-22,677.9158249158252,960.1404611908
onion,550.0,Chandvad APMC,Maharashtra,2,1,2023-05-29,747.6883396023642,979.9399067978649
onion,550.0,Chandvad APMC,Maharashtra,2,1,2023-06-05,703.7248038624018,1001.1358016035828
onion,550.0,Chandvad APMC,Maharashtra,2,1,2023-06-12,840.4928989139516,1038.2363855274236
onion,550.0,Chandvad APMC,Maharashtra,2,1,2023-06-19,1209.9007578491517,1050.0678148136112
onion,550.0,Chandvad APMC,Maharashtra,2,1,2023-06-26,1249.476727094561,1058.9615649545435
onion,550.0,Chandvad APMC,Maharashtra,2,1,2023-07-03,1133.777089783282,1169.9680697078645
onion,550.0,Chandvad APMC,Maharashtra,2,1,2023-07-10,1197.789638485625,1231.0687648178898
onion,550.0,Chandvad APMC,Maharashtra,2,1,2023-07-17,1216.1576175776283,1158.6642605538093
onion,550.0,Chandvad APMC,Maharashtra,2,1,2023-07-24,1348.9040139616063,1156.2030084411222
onion,550.0,Chandvad APMC,Maharashtra,2,1,2023-07-31,1926.5854830956578,1228.1594017723057
onion,550.0,Chandvad APMC,Maharashtra,2,1,2023-08-07,2132.5480860788425,1507.1849695601911
onion,550.0,Chandvad APMC,Maharashtra,2,1,2023-08-14,1958.9721749006244,1572.4474528547978
onion,550.0,Chandvad APMC,Maharashtra,2,1,2023-08-21,2059.919638372677,1599.2034221167642
onion,550.0,Chandvad APMC,Maharashtra,2,1,2023-08-28,2014.0732317489194,1410.8153216953058
onion,550.0,Chandvad APMC,Maharashtra,2,1,2023-09-04,1882.7101449275353,1501.4159996839962
onion,550.0,Chandvad APMC,Maharashtra,2,1,2023-09-11,2173.580939032936,1511.8913705233435
onion,550.0,Chandvad APMC,Maharashtra,2,1,2023-09-18,2188.2661142156094,1526.2724026388225
onion,550.0,Chandvad APMC,Maharashtra,2,1,2023-09-25,2202.9512893982806,1566.9824720473443
onion,550.0,Chandvad APMC,Maharashtra,2,1,2023-10-02,2299.042727060472,1798.39495828302
onion,550.0,Chandvad APMC,Maharashtra,2,1,2023-10-09,3087.3948354852137,1829.4459070675848
onion,550.0,Chandvad APMC,Maharashtra,2,1,2023-10-16,4279.1888297872365,1936.4539128015645
onion,550.0,Chandvad APMC,Maharashtra,2,1,2023-10-23,3942.5154094511317,1960.3281946567051
onion,550.0,Chandvad APMC,Maharashtra,2,1,2023-10-30,3496.1356466876955,1960.3281946567051
onion,550.0,Chandvad APMC,Maharashtra,2,1,2023-11-06,3451.2643840752344,1984.6811984977755
onion,550.0,Chandvad APMC,Maharashtra,2,1,2023-11-13,3406.3931214627764,1984.6811984977755
onion,550.0,Chandvad APMC,Maharashtra,2,1,2023-11-20,3543.870523415979,1965.9024563171365
onion,550.0,Chandvad APMC,Maharashtra,2,1,2023-11-27,3740.1274483498814,1903.8728585440788
onion,550.0,Chandvad APMC,Maharashtra,2,1,2023-12-04,2068.85,1945.6444368138787
onion,550.0,Chandvad APMC,Maharashtra,2,1,2023-12-11,1683.9687452815942,1945.6444368138787
onion,550.0,Chandvad APMC,Maharashtra,2,1,2023-12-18,1420.423443634325,1877.0568358879452
onion,550.0,Chandvad APMC,Maharashtra,2,1,2023-12-25,1860.9377249820013,1850.7313107754262
onion,550.0,Chandvad APMC,Maharashtra,2,4,2023-01-02,1030.964119419337,1229.8611358544565
onion,550.0,Chandvad APMC,Maharashtra,2,4,2023-01-09,852.6061039580356,1229.8611358544565
onion,550.0,Chandvad APMC,Maharashtra,2,4,2023-01-16,601.3519011109374,1229.8611358544565
onion,550.0,Chandvad APMC,Maharashtra,2,4,2023-01-23,458.43679153621935,1229.8611358544565
onion,550.0,Chandvad APMC,Maharashtra,2,4,2023-01-30,644.7820296546214,1229.8611358544565
onion,550.0,Chandvad APMC,Maharashtra,2,4,2023-02-06,761.0059090284459,1229.8611358544565
onion,550.0,Chandvad APMC,Maharashtra,2,4,2023-02-13,830.8830533139304,1229.8611358544565
onion,550.0,Chandvad APMC,Maharashtra,2,4,2023-02-20,800.2935831913682,1229.8611358544565
onion,550.0,Chandvad APMC,Maharashtra,2,4,2023-02-27,668.2289819912291,1229.8611358544565
onion,550.0,Chandvad APMC,Maharashtra,2,4,2023-03-06,629.990448901624,1229.8611358544565
onion,550.0,Chandvad APMC,Maharashtra,2,4,2023-03-13,617.8330955777462,1255.981199246657
onion,550.0,Chandvad APMC,Maharashtra,2,4,2023-03-20,479.00051921079944,1255.981199246657
onion,550.0,Chandvad APMC,Maharashtra,2,4,2023-03-27,573.2142857142857,1255.981199246657
onion,550.0,Chandvad APMC,Maharashtra,2,4,2023-04-03,698.8458571208143,1255.981199246657
onion,550.0,Chandvad APMC,Maharashtra,2,4,2023-04-10,587.0183691756274,1255.981199246657
onion,550.0,Chandvad APMC,Maharashtra,2,4,2023-04-17,522.0953830542871,1255.981199246657
onion,550.0,Chandvad APMC,Maharashtra,2,4,2023-04-24,565.1157365871167,1255.981199246657
onion,550.0,Chandvad APMC,Maharashtra,2,4,2023-05-01,677.9158249158252,1281.5367166330755
onion,550.0,Chandvad APMC,Maharashtra,2,4,2023-05-08,747.6883396023642,1281.5367166330755
onion,550.0,Chandvad APMC,Maharashtra,2,4,2023-05-15,703.7248038624018,1281.5367166330755
onion,550.0,Chandvad APMC,Maharashtra,2,4,2023-05-22,840.4928989139516,1281.5367166330755
onion,550.0,Chandvad APMC,Maharashtra,2,4,2023-05-29,1209.9007578491517,1254.8856097101093
onion,550.0,Chandvad APMC,Maharashtra,2,4,2023-06-05,1249.476727094561,1281.5367166330755
onion,550.0,Chandvad APMC,Maharashtra,2,4,2023-06-12,1133.777089783282,1254.8856097101093
onion,550.0,Chandvad APMC,Maharashtra,2,4,2023-06-19,1197.789638485625,1254.8856097101093
onion,550.0,Chandvad APMC,Maharashtra,2,4,2023-06-26,1216.1576175776283,1254.8856097101093
onion,550.0,Chandvad APMC,Maharashtra,2,4,2023-07-03,1348.9040139616063,1254.8856097101093
onion,550.0,Chandvad APMC,Maharashtra,2,4,2023-07-10,1926.5854830956578,1302.2058258522075
onion,550.0,Chandvad APMC,Maharashtra,2,4,2023-07-17,2132.5480860788425,1302.2058258522075
onion,550.0,Chandvad APMC,Maharashtra,2,4,2023-07-24,1958.9721749006244,1302.2058258522075
onion,550.0,Chandvad APMC,Maharashtra,2,4,2023-07-31,2059.919638372677,1302.2058258522075
onion,550.0,Chandvad APMC,Maharashtra,2,4,2023-08-07,2014.0732317489194,1302.2058258522075
onion,550.0,Chandvad APMC,Maharashtra,2,4,2023-08-14,1882.7101449275353,1331.3136664194487
onion,550.0,Chandvad APMC,Maharashtra,2,4,2023-08-21,2173.580939032936,1331.3136664194487
onion,550.0,Chandvad APMC,Maharashtra,2,4,2023-08-28,2188.2661142156094,1331.3136664194487
onion,550.0,Chandvad APMC,Maharashtra,2,4,2023-09-04,2202.9512893982806,1331.3136664194487
onion,550.0,Chandvad APMC,Maharashtra,2,4,2023-09-11,2299.042727060472,1331.3136664194487
onion,550.0,Chandvad APMC,Maharashtra,2,4,2023-09-18,3087.3948354852137,1331.3136664194487
onion,550.0,Chandvad APMC,Maharashtra,2,4,2023-09-25,4279.1888297872365,1331.3136664194487
onion,550.0,Chandvad APMC,Maharashtra,2,4,2023-10-02,3942.5154094511317,1331.3136664194487
onion,550.0,Chandvad APMC,Maharashtra,2,4,2023-10-09,3496.1356466876955,1370.8129126343288
onion,550.0,Chandvad APMC,Maharashtra,2,4,2023-10-16,3451.2643840752344,1345.5312057675574
onion,550.0,Chandvad APMC,Maharashtra,2,4,2023-10-23,3406.3931214627764,1345.5312057675574
onion,550.0,Chandvad APMC,Maharashtra,2,4,2023-10-30,3543.870523415979,1345.5312057675574
onion,550.0,Chandvad APMC,Maharashtra,2,4,2023-11-06,3740.1274483498814,1345.5312057675574
onion,550.0,Chandvad APMC,Maharashtra,2,4,2023-11-13,2068.85,1345.5312057675574
onion,550.0,Chandvad APMC,Maharashtra,2,4,2023-11-20,1683.9687452815942,1345.5312057675574
onion,550.0,Chandvad APMC,Maharashtra,2,4,2023-11-27,1420.423443634325,1345.5312057675574
onion,550.0,Chandvad APMC,Maharashtra,2,4,2023-12-04,1860.9377249820013,1345.5312057675574
onion,550.0,Chandvad APMC,Maharashtra,2,4,2023-12-11,1785.1323580633928,1345.5312057675574
onion,550.0,Chandvad APMC,Maharashtra,2,4,2023-12-18,1392.33868974042,1331.3136664194487
onion,550.0,Chandvad APMC,Maharashtra,2,4,2023-12-25,1108.0790467887243,1331.3136664194487
onion,550.0,Chandvad APMC,Maharashtra,2,13,2023-01-02,629.990448901624,1302.7023625353015
onion,550.0,Chandvad APMC,Maharashtra,2,13,2023-01-09,617.8330955777462,1276.7094957384372
onion,550.0,Chandvad APMC,Maharashtra,2,13,2023-01-16,479.00051921079944,1276.7094957384372
onion,550.0,Chandvad APMC,Maharashtra,2,13,2023-01-23,573.2142857142857,1302.7023625353015
onion,550.0,Chandvad APMC,Maharashtra,2,13,2023-01-30,698.8458571208143,1276.7094957384372
onion,550.0,Chandvad APMC,Maharashtra,2,13,2023-02-06,587.0183691756274,1276.7094957384372
onion,550.0,Chandvad APMC,Maharashtra,2,13,2023-02-13,522.0953830542871,1276.7094957384372
onion,550.0,Chandvad APMC,Maharashtra,2,13,2023-02-20,565.1157365871167,1276.7094957384372
onion,550.0,Chandvad APMC,Maharashtra,2,13,2023-02-27,677.9158249158252,1276.7094957384372
onion,550.0,Chandvad APMC,Maharashtra,2,13,2023-03-06,747.6883396023642,1276.7094957384372
onion,550.0,Chandvad APMC,Maharashtra,2,13,2023-03-13,703.7248038624018,1276.7094957384372
onion,550.0,Chandvad APMC,Maharashtra,2,13,2023-03-20,840.4928989139516,1276.7094957384372
onion,550.0,Chandvad APMC,Maharashtra,2,13,2023-03-27,1209.9007578491517,1276.7094957384372
onion,550.0,Chandvad APMC,Maharashtra,2,13,2023-04-03,1249.476727094561,1276.7094957384372
onion,550.0,Chandvad APMC,Maharashtra,2,13,2023-04-10,1133.777089783282,1276.7094957384372
onion,550.0,Chandvad APMC,Maharashtra,2,13,2023-04-17,1197.789638485625,1276.7094957384372
onion,550.0,Chandvad APMC,Maharashtra,2,13,2023-04-24,1216.1576175776283,1325.91523955104
onion,550.0,Chandvad APMC,Maharashtra,2,13,2023-05-01,1348.9040139616063,1325.91523955104
onion,550.0,Chandvad APMC,Maharashtra,2,13,2023-05-08,1926.5854830956578,1325.91523955104
onion,550.0,Chandvad APMC,Maharashtra,2,13,2023-05-15,2132.5480860788425,1325.91523955104
onion,550.0,Chandvad APMC,Maharashtra,2,13,2023-05-22,1958.9721749006244,1325.91523955104
onion,550.0,Chandvad APMC,Maharashtra,2,13,2023-05-29,2059.919638372677,1325.91523955104
onion,550.0,Chandvad APMC,Maharashtra,2,13,2023-06-05,2014.0732317489194,1325.91523955104
onion,550.0,Chandvad APMC,Maharashtra,2,13,2023-06-12,1882.7101449275353,1325.91523955104
onion,550.0,Chandvad APMC,Maharashtra,2,13,2023-06-19,2173.580939032936,1325.91523955104
onion,550.0,Chandvad APMC,Maharashtra,2,13,2023-06-26,2188.2661142156094,1325.91523955104
onion,550.0,Chandvad APMC,Maharashtra,2,13,2023-07-03,2202.9512893982806,1325.91523955104
onion,550.0,Chandvad APMC,Maharashtra,2,13,2023-07-10,2299.042727060472,1323.671841153009
onion,550.0,Chandvad APMC,Maharashtra,2,13,2023-07-17,3087.3948354852137,1323.671841153009
onion,550.0,Chandvad APMC,Maharashtra,2,13,2023-07-24,4279.1888297872365,1323.671841153009
onion,550.0,Chandvad APMC,Maharashtra,2,13,2023-07-31,3942.5154094511317,1323.671841153009
onion,550.0,Chandvad APMC,Maharashtra,2,13,2023-08-07,3496.1356466876955,1323.671841153009
onion,550.0,Chandvad APMC,Maharashtra,2,13,2023-08-14,3451.2643840752344,1323.671841153009
onion,550.0,Chandvad APMC,Maharashtra,2,13,2023-08-21,3406.3931214627764,1323.671841153009
onion,550.0,Chandvad APMC,Maharashtra,2,13,2023-08-28,3543.870523415979,1323.671841153009
onion,550.0,Chandvad APMC,Maharashtra,2,13,2023-09-04,3740.1274483498814,1323.671841153009
onion,550.0,Chandvad APMC,Maharashtra,2,13,2023-09-11,2068.85,1323.671841153009
onion,550.0,Chandvad APMC,Maharashtra,2,13,2023-09-18,1683.9687452815942,1323.671841153009
onion,550.0,Chandvad APMC,Maharashtra,2,13,2023-09-25,1420.423443634325,1323.671841153009
onion,550.0,Chandvad APMC,Maharashtra,2,13,2023-10-02,1860.9377249820013,1323.671841153009
onion,550.0,Chandvad APMC,Maharashtra,2,13,2023-10-09,1785.1323580633928,1323.671841153009
onion,550.0,Chandvad APMC,Maharashtra,2,13,2023-10-16,1392.33868974042,1323.671841153009
onion,550.0,Chandvad APMC,Maharashtra,2,13,2023-10-23,1108.0790467887243,1323.671841153009
onion,550.0,Chandvad APMC,Maharashtra,2,13,2023-10-30,1219.5825128003148,1323.671841153009
onion,550.0,Chandvad APMC,Maharashtra,2,13,2023-11-06,1144.81634337598,1302.7023625353015
onion,550.0,Chandvad APMC,Maharashtra,2,13,2023-11-13,1250.6694695989656,1302.7023625353015
onion,550.0,Chandvad APMC,Maharashtra,2,13,2023-11-20,1598.7843721356558,1302.7023625353015
onion,550.0,Chandvad APMC,Maharashtra,2,13,2023-11-27,1641.625740551583,1302.7023625353015
onion,550.0,Chandvad APMC,Maharashtra,2,13,2023-12-04,1761.3788797716738,1302.7023625353015
onion,550.0,Chandvad APMC,Maharashtra,2,13,2023-12-11,1527.2843371388624,1302.7023625353015
onion,550.0,Chandvad APMC,Maharashtra,2,13,2023-12-18,1278.1971364566082,1302.7023625353015
onion,550.0,Chandvad APMC,Maharashtra,2,13,2023-12-25,1400.1143603986282,1302.7023625353015
onion,550.0,Chandvad APMC,Maharashtra,2,26,2023-01-02,1249.476727094561,1394.6163018411587
onion,550.0,Chandvad APMC,Maharashtra,2,26,2023-01-09,1133.777089783282,1394.6163018411587
onion,550.0,Chandvad APMC,Maharashtra,2,26,2023-01-16,1197.789638485625,1394.6163018411587
onion,550.0,Chandvad APMC,Maharashtra,2,26,2023-01-23,1216.1576175776283,1394.6163018411587
onion,550.0,Chandvad APMC,Maharashtra,2,26,2023-01-30,1348.9040139616063,1394.6163018411587
onion,550.0,Chandvad APMC,Maharashtra,2,26,2023-02-06,1926.5854830956578,1394.6163018411587
onion,550.0,Chandvad APMC,Maharashtra,2,26,2023-02-13,2132.5480860788425,1435.358812788731
onion,550.0,Chandvad APMC,Maharashtra,2,26,2023-02-20,1958.9721749006244,1394.6163018411587
onion,550.0,Chandvad APMC,Maharashtra,2,26,2023-02-27,2059.919638372677,1394.6163018411587
onion,550.0,Chandvad APMC,Maharashtra,2,26,2023-03-06,2014.0732317489194,1394.6163018411587
onion,550.0,Chandvad APMC,Maharashtra,2,26,2023-03-13,1882.7101449275353,1394.6163018411587
onion,550.0,Chandvad APMC,Maharashtra,2,26,2023-03-20,2173.580939032936,1435.358812788731
onion,550.0,Chandvad APMC,Maharashtra,2,26,2023-03-27,2188.2661142156094,1435.358812788731
onion,550.0,Chandvad APMC,Maharashtra,2,26,2023-04-03,2202.9512893982806,1435.358812788731
onion,550.0,Chandvad APMC,Maharashtra,2,26,2023-04-10,2299.042727060472,1435.358812788731
onion,550.0,Chandvad APMC,Maharashtra,2,26,2023-04-17,3087.3948354852137,1435.358812788731
onion,550.0,Chandvad APMC,Maharashtra,2,26,2023-04-24,4279.1888297872365,1435.358812788731
onion,550.0,Chandvad APMC,Maharashtra,2,26,2023-05-01,3942.5154094511317,1435.358812788731
onion,550.0,Chandvad APMC,Maharashtra,2,26,2023-05-08,3496.1356466876955,1435.358812788731
onion,550.0,Chandvad APMC,Maharashtra,2,26,2023-05-15,3451.2643840752344,1435.358812788731
onion,550.0,Chandvad APMC,Maharashtra,2,26,2023-05-22,3406.3931214627764,1435.358812788731
onion,550.0,Chandvad APMC,Maharashtra,2,26,2023-05-29,3543.870523415979,1435.358812788731
onion,550.0,Chandvad APMC,Maharashtra,2,26,2023-06-05,3740.1274483498814,1435.358812788731
onion,550.0,Chandvad APMC,Maharashtra,2,26,2023-06-12,2068.85,1435.358812788731
onion,550.0,Chandvad APMC,Maharashtra,2,26,2023-06-19,1683.9687452815942,1435.358812788731
onion,550.0,Chandvad APMC,Maharashtra,2,26,2023-06-26,1420.423443634325,1347.9745301223727
onion,550.0,Chandvad APMC,Maharashtra,2,26,2023-07-03,1860.9377249820013,1347.9745301223727
onion,550.0,Chandvad APMC,Maharashtra,2,26,2023-07-10,1785.1323580633928,1347.9745301223727
onion,550.0,Chandvad APMC,Maharashtra,2,26,2023-07-17,1392.33868974042,1347.9745301223727
onion,550.0,Chandvad APMC,Maharashtra,2,26,2023-07-24,1108.0790467887243,1347.9745301223727
onion,550.0,Chandvad APMC,Maharashtra,2,26,2023-07-31,1219.5825128003148,1347.9745301223727
onion,550.0,Chandvad APMC,Maharashtra,2,26,2023-08-07,1144.81634337598,1347.9745301223727
onion,550.0,Chandvad APMC,Maharashtra,2,26,2023-08-14,1250.6694695989656,1347.9745301223727
onion,550.0,Chandvad APMC,Maharashtra,2,26,2023-08-21,1598.7843721356558,1347.9745301223727
onion,550.0,Chandvad APMC,Maharashtra,2,26,2023-08-28,1641.625740551583,1347.9745301223727
onion,550.0,Chandvad APMC,Maharashtra,2,26,2023-09-04,1761.3788797716738,1347.9745301223727
onion,550.0,Chandvad APMC,Maharashtra,2,26,2023-09-11,1527.2843371388624,1347.9745301223727
onion,550.0,Chandvad APMC,Maharashtra,2,26,2023-09-18,1278.1971364566082,1347.9745301223727
onion,550.0,Chandvad APMC,Maharashtra,2,26,2023-09-25,1400.1143603986282,1347.9745301223727
onion,550.0,Chandvad APMC,Maharashtra,2,26,2023-10-02,1386.7429069324185,1347.9745301223727
onion,550.0,Chandvad APMC,Maharashtra,2,26,2023-10-09,1373.3714534662095,1347.9745301223727
onion,550.0,Chandvad APMC,Maharashtra,2,26,2023-10-16,1359.9999999999998,1347.9745301223727
onion,550.0,Chandvad APMC,Maharashtra,2,26,2023-10-23,1272.7699530516427,1347.9745301223727
onion,550.0,Chandvad APMC,Maharashtra,2,26,2023-10-30,1600.3424657534244,1347.9745301223727
onion,550.0,Chandvad APMC,Maharashtra,2,26,2023-11-06,1613.1070487847194,1347.9745301223727
onion,550.0,Chandvad APMC,Maharashtra,2,26,2023-11-13,1492.6718923229535,1347.9745301223727
onion,550.0,Chandvad APMC,Maharashtra,2,26,2023-11-20,1493.6583285957938,1347.9745301223727
onion,550.0,Chandvad APMC,Maharashtra,2,26,2023-11-27,1900.4856145582708,1347.9745301223727
onion,550.0,Chandvad APMC,Maharashtra,2,26,2023-12-04,2125.3773893154716,1347.9745301223727
onion,550.0,Chandvad APMC,Maharashtra,2,26,2023-12-11,2373.3290886563886,1347.9745301223727
onion,550.0,Chandvad APMC,Maharashtra,2,26,2023-12-18,2771.4634146341455,1347.9745301223727
onion,550.0,Chandvad APMC,Maharashtra,2,26,2023-12-25,2793.6429285634927,1347.9745301223727
onion,550.0,Chandvad APMC,Maharashtra,3,1,2024-01-01,1785.1323580633928,1450.2223905324424
onion,550.0,Chandvad APMC,Maharashtra,3,1,2024-01-08,1392.33868974042,1461.928193316844
onion,550.0,Chandvad APMC,Maharashtra,3,1,2024-01-15,1108.0790467887243,1426.981294548317
onion,550.0,Chandvad APMC,Maharashtra,3,1,2024-01-22,1219.5825128003148,1321.5146361991137
onion,550.0,Chandvad APMC,Maharashtra,3,1,2024-01-29,1144.81634337598,1054.8576538373204
onion,550.0,Chandvad APMC,Maharashtra,3,1,2024-02-05,1250.6694695989656,1081.5926447915242
onion,550.0,Chandvad APMC,Maharashtra,3,1,2024-02-12,1598.7843721356558,990.2557612591595
onion,550.0,Chandvad APMC,Maharashtra,3,1,2024-02-19,1641.625740551583,1055.6896423542007
onion,550.0,Chandvad APMC,Maharashtra,3,1,2024-02-26,1761.3788797716738,1456.4674188736747
onion,550.0,Chandvad APMC,Maharashtra,3,1,2024-03-04,1527.2843371388624,1180.9074635928523
onion,550.0,Chandvad APMC,Maharashtra,3,1,2024-03-11,1278.1971364566082,1179.168549696426
onion,550.0,Chandvad APMC,Maharashtra,3,1,2024-03-18,1400.1143603986282,1195.044364263236
onion,550.0,Chandvad APMC,Maharashtra,3,1,2024-03-25,1386.7429069324185,1310.1713436312434
onion,550.0,Chandvad APMC,Maharashtra,3,1,2024-04-01,1373.3714534662095,1276.8488494271312
onion,550.0,Chandvad APMC,Maharashtra,3,1,2024-04-08,1359.9999999999998,1301.1686727195015
onion,550.0,Chandvad APMC,Maharashtra,3,1,2024-04-15,1272.7699530516427,1294.448634289082
onion,550.0,Chandvad APMC,Maharashtra,3,1,2024-04-22,1600.3424657534244,1243.1419800952672
onion,550.0,Chandvad APMC,Maharashtra,3,1,2024-04-29,1613.1070487847194,1243.1419800952672
onion,550.0,Chandvad APMC,Maharashtra,3,1,2024-05-06,1492.6718923229535,1405.992097388005
onion,550.0,Chandvad APMC,Maharashtra,3,1,2024-05-13,1493.6583285957938,1457.2098713435998
onion,550.0,Chandvad APMC,Maharashtra,3,1,2024-05-20,1900.4856145582708,1438.0300351123303
onion,550.0,Chandvad APMC,Maharashtra,3,1,2024-05-27,2125.3773893154716,1432.7324521068995
onion,550.0,Chandvad APMC,Maharashtra,3,1,2024-06-03,2373.3290886563886,1644.0757315908472
onion,550.0,Chandvad APMC,Maharashtra,3,1,2024-06-10,2771.4634146341455,1655.5303051681417
onion,550.0,Chandvad APMC,Maharashtra,3,1,2024-06-17,2793.6429285634927,1756.5991885983815
onion,550.0,Chandvad APMC,Maharashtra,3,1,2024-06-24,2981.9057519057524,1755.6620547671394
onion,550.0,Chandvad APMC,Maharashtra,3,1,2024-07-01,2770.6975936492177,2240.3773879954197
onion,550.0,Chandvad APMC,Maharashtra,3,1,2024-07-08,2693.8906128782005,2234.2838045227104
onion,550.0,Chandvad APMC,Maharashtra,3,1,2024-07-15,2683.3714285714286,2404.5429920608062
onion,550.0,Chandvad APMC,Maharashtra,3,1,2024-07-22,2682.1001785151734,2437.9465235500693
onion,550.0,Chandvad APMC,Maharashtra,3,1,2024-07-29,3045.3736874613955,2369.644013618753
onion,550.0,Chandvad APMC,Maharashtra,3,1,2024-08-05,3272.685185185185,2701.367947637792
onion,550.0,Chandvad APMC,Maharashtra,3,1,2024-08-12,3685.5782094504216,2962.4819958675866
onion,550.0,Chandvad APMC,Maharashtra,3,1,2024-08-19,3800.9491789030667,2985.2577970481075
onion,550.0,Chandvad APMC,Maharashtra,3,1,2024-08-26,3888.604416658265,3057.3115403561287
onion,550.0,Chandvad APMC,Maharashtra,3,1,2024-09-02,3948.948315911729,3194.092290020712
onion,550.0,Chandvad APMC,Maharashtra,3,1,2024-09-09,4502.560708503949,3527.7518411684473
onion,550.0,Chandvad APMC,Maharashtra,3,1,2024-09-16,4448.633320581488,3486.3557409893765
onion,550.0,Chandvad APMC,Maharashtra,3,1,2024-09-23,4187.281866219873,3498.199948010234
onion,550.0,Chandvad APMC,Maharashtra,3,1,2024-09-30,4139.326994780018,3564.2148603227747
onion,550.0,Chandvad APMC,Maharashtra,3,1,2024-10-07,4052.8044605301784,3470.792232594669
onion,550.0,Chandvad APMC,Maharashtra,3,1,2024-10-14,3690.331160207656,3533.3746687385155
onion,550.0,Chandvad APMC,Maharashtra,3,1,2024-10-21,3250.0000000000027,3588.806670141514
onion,550.0,Chandvad APMC,Maharashtra,3,1,2024-10-28,4446.764609859613,3570.0994169905744
onion,550.0,Chandvad APMC,Maharashtra,3,1,2024-11-04,4108.395943765846,3707.302810604209
onion,550.0,Chandvad APMC,Maharashtra,3,1,2024-11-11,3891.4239499627192,3726.229665528256
onion,550.0,Chandvad APMC,Maharashtra,3,1,2024-11-18,3853.2117035698157,3856.5884390294927
onion,550.0,Chandvad APMC,Maharashtra,3,1,2024-11-25,3260.12372086656,3856.5884390294927
onion,550.0,Chandvad APMC,Maharashtra,3,1,2024-12-02,3120.0467441311794,3531.4571969534863
onion,550.0,Chandvad APMC,Maharashtra,3,1,2024-12-09,1868.982354635508,3383.9675284977016
onion,550.0,Chandvad APMC,Maharashtra,3,1,2024-12-16,1877.7883601665392,3172.073193127269
onion,550.0,Chandvad APMC,Maharashtra,3,1,2024-12-23,2233.6930984892706,2687.7636489076344
onion,550.0,Chandvad APMC,Maharashtra,3,1,2024-12-30,1965.136857848258,2603.0185518392123
onion,550.0,Chandvad APMC,Maharashtra,3,4,2024-01-01,1219.5825128003148,956.9218504592019
onion,550.0,Chandvad APMC,Maharashtra,3,4,2024-01-08,1144.81634337598,999.4407813526421
onion,550.0,Chandvad APMC,Maharashtra,3,4,2024-01-15,1250.6694695989656,1091.1127773910803
onion,550.0,Chandvad APMC,Maharashtra,3,4,2024-01-22,1598.7843721356558,1064.0774266559536
onion,550.0,Chandvad APMC,Maharashtra,3,4,2024-01-29,1641.625740551583,931.5455090460318
onion,550.0,Chandvad APMC,Maharashtra,3,4,2024-02-05,1761.3788797716738,907.8274635625626
onion,550.0,Chandvad APMC,Maharashtra,3,4,2024-02-12,1527.2843371388624,917.758763893845
onion,550.0,Chandvad APMC,Maharashtra,3,4,2024-02-19,1278.1971364566082,894.0124422236415
onion,550.0,Chandvad APMC,Maharashtra,3,4,2024-02-26,1400.1143603986282,922.4168067394602
onion,550.0,Chandvad APMC,Maharashtra,3,4,2024-03-04,1386.7429069324185,841.953506575614
onion,550.0,Chandvad APMC,Maharashtra,3,4,2024-03-11,1373.3714534662095,867.1572217334367
onion,550.0,Chandvad APMC,Maharashtra,3,4,2024-03-18,1359.9999999999998,830.6773364341435
onion,550.0,Chandvad APMC,Maharashtra,3,4,2024-03-25,1272.7699530516427,908.8206754760007
onion,550.0,Chandvad APMC,Maharashtra,3,4,2024-04-01,1600.3424657534244,910.214328999981
onion,550.0,Chandvad APMC,Maharashtra,3,4,2024-04-08,1613.1070487847194,1006.1449652816407
onion,550.0,Chandvad APMC,Maharashtra,3,4,2024-04-15,1492.6718923229535,1087.8404560877905
onion,550.0,Chandvad APMC,Maharashtra,3,4,2024-04-22,1493.6583285957938,997.7301323594861
onion,550.0,Chandvad APMC,Maharashtra,3,4,2024-04-29,1900.4856145582708,995.3049950239455
onion,550.0,Chandvad APMC,Maharashtra,3,4,2024-05-06,2125.3773893154716,1179.60489552223
onion,550.0,Chandvad APMC,Maharashtra,3,4,2024-05-13,2373.3290886563886,1190.9373942263821
onion,550.0,Chandvad APMC,Maharashtra,3,4,2024-05-20,2771.4634146341455,1201.2130978177715
onion,550.0,Chandvad APMC,Maharashtra,3,4,2024-05-27,2793.6429285634927,1216.576264075503
onion,550.0,Chandvad APMC,Maharashtra,3,4,2024-06-03,2981.9057519057524,1230.68014472354
onion,550.0,Chandvad APMC,Maharashtra,3,4,2024-06-10,2770.6975936492177,1310.9830294865533
onion,550.0,Chandvad APMC,Maharashtra,3,4,2024-06-17,2693.8906128782005,1223.1787136069304
onion,550.0,Chandvad APMC,Maharashtra,3,4,2024-06-24,2683.3714285714286,1646.4849294148817
onion,550.0,Chandvad APMC,Maharashtra,3,4,2024-07-01,2682.1001785151734,1564.1076783127137
onion,550.0,Chandvad APMC,Maharashtra,3,4,2024-07-08,3045.3736874613955,1538.2717168492889
onion,550.0,Chandvad APMC,Maharashtra,3,4,2024-07-15,3272.685185185185,1580.5210407974876
onion,550.0,Chandvad APMC,Maharashtra,3,4,2024-07-22,3685.5782094504216,1604.0800782238616
onion,550.0,Chandvad APMC,Maharashtra,3,4,2024-07-29,3800.9491789030667,1648.611409320213
onion,550.0,Chandvad APMC,Maharashtra,3,4,2024-08-05,3888.604416658265,1647.9393826008709
onion,550.0,Chandvad APMC,Maharashtra,3,4,2024-08-12,3948.948315911729,1887.19230981357
onion,550.0,Chandvad APMC,Maharashtra,3,4,2024-08-19,4502.560708503949,1947.2465879379406
onion,550.0,Chandvad APMC,Maharashtra,3,4,2024-08-26,4448.633320581488,2074.822752990763
onion,550.0,Chandvad APMC,Maharashtra,3,4,2024-09-02,4187.281866219873,2304.224622159756
onion,550.0,Chandvad APMC,Maharashtra,3,4,2024-09-09,4139.326994780018,2303.1736108115233
onion,550.0,Chandvad APMC,Maharashtra,3,4,2024-09-16,4052.8044605301784,2052.833199197059
onion,550.0,Chandvad APMC,Maharashtra,3,4,2024-09-23,3690.331160207656,2022.7868239390352
onion,550.0,Chandvad APMC,Maharashtra,3,4,2024-09-30,3250.0000000000027,2006.0410278427282
onion,550.0,Chandvad APMC,Maharashtra,3,4,2024-10-07,4446.764609859613,1808.2790745614036
onion,550.0,Chandvad APMC,Maharashtra,3,4,2024-10-14,4108.395943765846,2056.194829678615
onion,550.0,Chandvad APMC,Maharashtra,3,4,2024-10-21,3891.4239499627192,2064.858895496286
onion,550.0,Chandvad APMC,Maharashtra,3,4,2024-10-28,3853.2117035698157,2064.858895496286
onion,550.0,Chandvad APMC,Maharashtra,3,4,2024-11-04,3260.12372086656,2038.692164603742
onion,550.0,Chandvad APMC,Maharashtra,3,4,2024-11-11,3120.0467441311794,1914.7208795960714
onion,550.0,Chandvad APMC,Maharashtra,3,4,2024-11-18,1868.982354635508,1869.001003919792
onion,550.0,Chandvad APMC,Maharashtra,3,4,2024-11-25,1877.7883601665392,1869.001003919792
onion,550.0,Chandvad APMC,Maharashtra,3,4,2024-12-02,2233.6930984892706,1810.9232684838316
onion,550.0,Chandvad APMC,Maharashtra,3,4,2024-12-09,1965.136857848258,1736.7514434862494
onion,550.0,Chandvad APMC,Maharashtra,3,4,2024-12-16,1943.0299119002236,1735.5805571377632
onion,550.0,Chandvad APMC,Maharashtra,3,4,2024-12-23,2239.859434575579,1682.52094779236
onion,550.0,Chandvad APMC,Maharashtra,3,4,2024-12-30,1886.601086704607,1875.2399005208742
onion,550.0,Chandvad APMC,Maharashtra,3,13,2024-01-01,1386.7429069324185,1221.8774751939088
onion,550.0,Chandvad APMC,Maharashtra,3,13,2024-01-08,1373.3714534662095,1221.8774751939088
onion,550.0,Chandvad APMC,Maharashtra,3,13,2024-01-15,1359.9999999999998,1221.8774751939088
onion,550.0,Chandvad APMC,Maharashtra,3,13,2024-01-22,1272.7699530516427,1221.8774751939088
onion,550.0,Chandvad APMC,Maharashtra,3,13,2024-01-29,1600.3424657534244,1221.8774751939088
onion,550.0,Chandvad APMC,Maharashtra,3,13,2024-02-05,1613.1070487847194,1221.8774751939088
onion,550.0,Chandvad APMC,Maharashtra,3,13,2024-02-12,1492.6718923229535,1221.8774751939088
onion,550.0,Chandvad APMC,Maharashtra,3,13,2024-02-19,1493.6583285957938,1221.8774751939088
onion,550.0,Chandvad APMC,Maharashtra,3,13,2024-02-26,1900.4856145582708,1221.8774751939088
onion,550.0,Chandvad APMC,Maharashtra,3,13,2024-03-04,2125.3773893154716,1221.8774751939088
onion,550.0,Chandvad APMC,Maharashtra,3,13,2024-03-11,2373.3290886563886,1221.8774751939088
onion,550.0,Chandvad APMC,Maharashtra,3,13,2024-03-18,2771.4634146341455,1221.8774751939088
onion,550.0,Chandvad APMC,Maharashtra,3,13,2024-03-25,2793.6429285634927,1221.8774751939088
onion,550.0,Chandvad APMC,Maharashtra,3,13,2024-04-01,2981.9057519057524,1238.3573224177076
onion,550.0,Chandvad APMC,Maharashtra,3,13,2024-04-08,2770.6975936492177,1238.3573224177076
onion,550.0,Chandvad APMC,Maharashtra,3,13,2024-04-15,2693.8906128782005,1238.3573224177076
onion,550.0,Chandvad APMC,Maharashtra,3,13,2024-04-22,2683.3714285714286,1238.3573224177076
onion,550.0,Chandvad APMC,Maharashtra,3,13,2024-04-29,2682.1001785151734,1238.3573224177076
onion,550.0,Chandvad APMC,Maharashtra,3,13,2024-05-06,3045.3736874613955,1263.3028805694103
onion,550.0,Chandvad APMC,Maharashtra,3,13,2024-05-13,3272.685185185185,1263.3028805694103
onion,550.0,Chandvad APMC,Maharashtra,3,13,2024-05-20,3685.5782094504216,1263.3028805694103
onion,550.0,Chandvad APMC,Maharashtra,3,13,2024-05-27,3800.9491789030667,1263.3028805694103
onion,550.0,Chandvad APMC,Maharashtra,3,13,2024-06-03,3888.604416658265,1263.3028805694103
onion,550.0,Chandvad APMC,Maharashtra,3,13,2024-06-10,3948.948315911729,1263.3028805694103
onion,550.0,Chandvad APMC,Maharashtra,3,13,2024-06-17,4502.560708503949,1263.3028805694103
onion,550.0,Chandvad APMC,Maharashtra,3,13,2024-06-24,4448.633320581488,1263.3028805694103
onion,550.0,Chandvad APMC,Maharashtra,3,13,2024-07-01,4187.281866219873,1280.5069623802106
onion,550.0,Chandvad APMC,Maharashtra,3,13,2024-07-08,4139.326994780018,1280.5069623802106
onion,550.0,Chandvad APMC,Maharashtra,3,13,2024-07-15,4052.8044605301784,1280.5069623802106
onion,550.0,Chandvad APMC,Maharashtra,3,13,2024-07-22,3690.331160207656,1280.5069623802106
onion,550.0,Chandvad APMC,Maharashtra,3,13,2024-07-29,3250.0000000000027,1280.5069623802106
onion,550.0,Chandvad APMC,Maharashtra,3,13,2024-08-05,4446.764609859613,1280.5069623802106
onion,550.0,Chandvad APMC,Maharashtra,3,13,2024-08-12,4108.395943765846,1280.5069623802106
onion,550.0,Chandvad APMC,Maharashtra,3,13,2024-08-19,3891.4239499627192,1280.5069623802106
onion,550.0,Chandvad APMC,Maharashtra,3,13,2024-08-26,3853.2117035698157,1280.5069623802106
onion,550.0,Chandvad APMC,Maharashtra,3,13,2024-09-02,3260.12372086656,1280.5069623802106
onion,550.0,Chandvad APMC,Maharashtra,3,13,2024-09-09,3120.0467441311794,1280.5069623802106
onion,550.0,Chandvad APMC,Maharashtra,3,13,2024-09-16,1868.982354635508,1280.5069623802106
onion,550.0,Chandvad APMC,Maharashtra,3,13,2024-09-23,1877.7883601665392,1280.5069623802106
onion,550.0,Chandvad APMC,Maharashtra,3,13,2024-09-30,2233.6930984892706,1280.5069623802106
onion,550.0,Chandvad APMC,Maharashtra,3,13,2024-10-07,1965.136857848258,1280.5069623802106
onion,550.0,Chandvad APMC,Maharashtra,3,13,2024-10-14,1943.0299119002236,1280.5069623802106
onion,550.0,Chandvad APMC,Maharashtra,3,13,2024-10-21,2239.859434575579,1280.5069623802106
onion,550.0,Chandvad APMC,Maharashtra,3,13,2024-10-28,1886.601086704607,1280.5069623802106
onion,550.0,Chandvad APMC,Maharashtra,3,13,2024-11-04,2101.2537380719805,1280.5069623802106
onion,550.0,Chandvad APMC,Maharashtra,3,13,2024-11-11,2862.161393614986,1280.5069623802106
onion,550.0,Chandvad APMC,Maharashtra,3,13,2024-11-18,2255.265722504284,1280.5069623802106
onion,550.0,Chandvad APMC,Maharashtra,3,13,2024-11-25,2349.999999999999,1221.8774751939088
onion,550.0,Chandvad APMC,Maharashtra,3,13,2024-12-02,1987.588038405331,1221.8774751939088
onion,550.0,Chandvad APMC,Maharashtra,3,13,2024-12-09,1466.6642316121333,1221.8774751939088
onion,550.0,Chandvad APMC,Maharashtra,3,13,2024-12-16,1344.2981766445764,1221.8774751939088
onion,550.0,Chandvad APMC,Maharashtra,3,13,2024-12-23,1437.5265002379613,1221.8774751939088
onion,550.0,Chandvad APMC,Maharashtra,3,13,2024-12-30,1234.1495193751882,1221.8774751939088
onion,550.0,Chandvad APMC,Maharashtra,3,26,2024-01-01,2981.9057519057524,1211.589085203107
onion,550.0,Chandvad APMC,Maharashtra,3,26,2024-01-08,2770.6975936492177,1211.589085203107
onion,550.0,Chandvad APMC,Maharashtra,3,26,2024-01-15,2693.8906128782005,1211.589085203107
onion,550.0,Chandvad APMC,Maharashtra,3,26,2024-01-22,2683.3714285714286,1211.589085203107
onion,550.0,Chandvad APMC,Maharashtra,3,26,2024-01-29,2682.1001785151734,1211.589085203107
onion,550.0,Chandvad APMC,Maharashtra,3,26,2024-02-05,3045.3736874613955,1211.589085203107
onion,550.0,Chandvad APMC,Maharashtra,3,26,2024-02-12,3272.685185185185,1211.589085203107
onion,550.0,Chandvad APMC,Maharashtra,3,26,2024-02-19,3685.5782094504216,1211.589085203107
onion,550.0,Chandvad APMC,Maharashtra,3,26,2024-02-26,3800.9491789030667,1236.7026499421547
onion,550.0,Chandvad APMC,Maharashtra,3,26,2024-03-04,3888.604416658265,1164.9790845993555
onion,550.0,Chandvad APMC,Maharashtra,3,26,2024-03-11,3948.948315911729,1164.9790845993555
onion,550.0,Chandvad APMC,Maharashtra,3,26,2024-03-18,4502.560708503949,1288.014048441183
onion,550.0,Chandvad APMC,Maharashtra,3,26,2024-03-25,4448.633320581488,1410.137333664022
onion,550.0,Chandvad APMC,Maharashtra,3,26,2024-04-01,4187.281866219873,1410.137333664022
onion,550.0,Chandvad APMC,Maharashtra,3,26,2024-04-08,4139.326994780018,1410.137333664022
onion,550.0,Chandvad APMC,Maharashtra,3,26,2024-04-15,4052.8044605301784,1410.137333664022
onion,550.0,Chandvad APMC,Maharashtra,3,26,2024-04-22,3690.331160207656,1410.137333664022
onion,550.0,Chandvad APMC,Maharashtra,3,26,2024-04-29,3250.0000000000027,1410.137333664022
onion,550.0,Chandvad APMC,Maharashtra,3,26,2024-05-06,4446.764609859613,1410.137333664022
onion,550.0,Chandvad APMC,Maharashtra,3,26,2024-05-13,4108.395943765846,1250.332236867054
onion,550.0,Chandvad APMC,Maharashtra,3,26,2024-05-20,3891.4239499627192,1250.332236867054
onion,550.0,Chandvad APMC,Maharashtra,3,26,2024-05-27,3853.2117035698157,1250.332236867054
onion,550.0,Chandvad APMC,Maharashtra,3,26,2024-06-03,3260.12372086656,1250.332236867054
onion,550.0,Chandvad APMC,Maharashtra,3,26,2024-06-10,3120.0467441311794,1123.737500522062
onion,550.0,Chandvad APMC,Maharashtra,3,26,2024-06-17,1868.982354635508,1123.737500522062
onion,550.0,Chandvad APMC,Maharashtra,3,26,2024-06-24,1877.7883601665392,1123.737500522062
onion,550.0,Chandvad APMC,Maharashtra,3,26,2024-07-01,2233.6930984892706,1123.737500522062
onion,550.0,Chandvad APMC,Maharashtra,3,26,2024-07-08,1965.136857848258,1123.737500522062
onion,550.0,Chandvad APMC,Maharashtra,3,26,2024-07-15,1943.0299119002236,1123.737500522062
onion,550.0,Chandvad APMC,Maharashtra,3,26,2024-07-22,2239.859434575579,1123.737500522062
onion,550.0,Chandvad APMC,Maharashtra,3,26,2024-07-29,1886.601086704607,1123.737500522062
onion,550.0,Chandvad APMC,Maharashtra,3,26,2024-08-05,2101.2537380719805,1123.737500522062
onion,550.0,Chandvad APMC,Maharashtra,3,26,2024-08-12,2862.161393614986,1105.8754655621362
onion,550.0,Chandvad APMC,Maharashtra,3,26,2024-08-19,2255.265722504284,1105.8754655621362
onion,550.0,Chandvad APMC,Maharashtra,3,26,2024-08-26,2349.999999999999,1105.8754655621362
onion,550.0,Chandvad APMC,Maharashtra,3,26,2024-09-02,1987.588038405331,1125.63057740397
onion,550.0,Chandvad APMC,Maharashtra,3,26,2024-09-09,1466.6642316121333,1125.63057740397
onion,550.0,Chandvad APMC,Maharashtra,3,26,2024-09-16,1344.2981766445764,1125.63057740397
onion,550.0,Chandvad APMC,Maharashtra,3,26,2024-09-23,1437.5265002379613,1125.63057740397
onion,550.0,Chandvad APMC,Maharashtra,3,26,2024-09-30,1234.1495193751882,1125.63057740397
onion,550.0,Chandvad APMC,Maharashtra,3,26,2024-10-07,1094.8798501121978,1125.63057740397
onion,550.0,Chandvad APMC,Maharashtra,3,26,2024-10-14,1055.1914626490895,1125.63057740397
onion,550.0,Chandvad APMC,Maharashtra,3,26,2024-10-21,1037.926940639269,1125.63057740397
onion,550.0,Chandvad APMC,Maharashtra,3,26,2024-10-28,898.4652682843472,1125.63057740397
onion,550.0,Chandvad APMC,Maharashtra,3,26,2024-11-04,963.6690672212582,1125.63057740397
onion,550.0,Chandvad APMC,Maharashtra,3,26,2024-11-11,905.9622486663931,1125.63057740397
onion,550.0,Chandvad APMC,Maharashtra,3,26,2024-11-18,886.9444604537687,1162.4394198777409
onion,550.0,Chandvad APMC,Maharashtra,3,26,2024-11-25,1170.9269415667952,1162.4394198777409
onion,550.0,Chandvad APMC,Maharashtra,3,26,2024-12-02,1324.0214024997235,1162.4394198777409
onion,550.0,Chandvad APMC,Maharashtra,3,26,2024-12-09,1487.1238006084711,1162.4394198777409
onion,550.0,Chandvad APMC,Maharashtra,3,26,2024-12-16,1429.4280382039742,1162.4394198777409
onion,550.0,Chandvad APMC,Maharashtra,3,26,2024-12-23,1497.7957193816876,1162.4394198777409
onion,550.0,Chandvad APMC,Maharashtra,3,26,2024-12-30,1425.451330236486,1162.4394198777409
onion,550.0,Chandvad APMC,Maharashtra,4,1,2025-01-06,1943.0299119002236,2216.925182873579
onion,550.0,Chandvad APMC,Maharashtra,4,1,2025-01-13,2239.859434575579,2208.2553075182223
onion,550.0,Chandvad APMC,Maharashtra,4,1,2025-01-20,1886.601086704607,2259.020574674387
onion,550.0,Chandvad APMC,Maharashtra,4,1,2025-01-27,2101.2537380719805,2211.6557679559596
onion,550.0,Chandvad APMC,Maharashtra,4,1,2025-02-03,2862.161393614986,2073.189499662998
onion,550.0,Chandvad APMC,Maharashtra,4,1,2025-02-10,2255.265722504284,1938.9882842351233
onion,550.0,Chandvad APMC,Maharashtra,4,1,2025-02-17,2349.999999999999,1971.3012044025052
onion,550.0,Chandvad APMC,Maharashtra,4,1,2025-02-24,1987.588038405331,2022.5469528299225
onion,550.0,Chandvad APMC,Maharashtra,4,1,2025-03-03,1466.6642316121333,1789.8572665442753
onion,550.0,Chandvad APMC,Maharashtra,4,1,2025-03-10,1344.2981766445764,1697.781618951273
onion,550.0,Chandvad APMC,Maharashtra,4,1,2025-03-17,1437.5265002379613,1581.16421851242
onion,550.0,Chandvad APMC,Maharashtra,4,1,2025-03-24,1234.1495193751882,1493.6277248625395
onion,550.0,Chandvad APMC,Maharashtra,4,1,2025-03-31,1094.8798501121978,1594.8647646841762
onion,550.0,Chandvad APMC,Maharashtra,4,1,2025-04-07,1055.1914626490895,1292.6587468704784
onion,550.0,Chandvad APMC,Maharashtra,4,1,2025-04-14,1037.926940639269,1009.8096031776066
onion,550.0,Chandvad APMC,Maharashtra,4,1,2025-04-21,898.4652682843472,956.0083241445777
onion,550.0,Chandvad APMC,Maharashtra,4,1,2025-04-28,963.6690672212582,962.5704171455513
onion,550.0,Chandvad APMC,Maharashtra,4,1,2025-05-05,905.9622486663931,952.7244517791543
onion,550.0,Chandvad APMC,Maharashtra,4,1,2025-05-12,886.9444604537687,952.0050347435546
onion,550.0,Chandvad APMC,Maharashtra,4,1,2025-05-19,1170.9269415667952,937.1814707468835
onion,550.0,Chandvad APMC,Maharashtra,4,1,2025-05-26,1324.0214024997235,946.0899953354893
onion,550.0,Chandvad APMC,Maharashtra,4,1,2025-06-02,1487.1238006084711,1189.3680677970262
onion,550.0,Chandvad APMC,Maharashtra,4,1,2025-06-09,1429.4280382039742,1472.1764531253648
onion,550.0,Chandvad APMC,Maharashtra,4,1,2025-06-16,1497.7957193816876,1543.106951638994
onion,550.0,Chandvad APMC,Maharashtra,4,1,2025-06-23,1425.451330236486,1508.0539408274874
onion,550.0,Chandvad APMC,Maharashtra,4,1,2025-06-30,1421.1598708016609,1540.324850570105
onion,550.0,Chandvad APMC,Maharashtra,4,1,2025-07-07,1378.5685741358714,1492.7988354698437
onion,550.0,Chandvad APMC,Maharashtra,4,1,2025-07-14,1326.770704573548,1512.439485269053
onion,550.0,Chandvad APMC,Maharashtra,4,1,2025-07-21,1286.4979258946778,1478.0521447237884
onion,550.0,Chandvad APMC,Maharashtra,4,1,2025-07-28,1299.776758334765,1473.9225735916662
onion,550.0,Chandvad APMC,Maharashtra,4,1,2025-08-04,1519.4740613356269,1498.3335129785407
onion,550.0,Chandvad APMC,Maharashtra,4,1,2025-08-11,1493.4219526814993,1518.0862138254597
onion,550.0,Chandvad APMC,Maharashtra,4,1,2025-08-18,1334.8992094416544,1557.0351183666792
onion,550.0,Chandvad APMC,Maharashtra,4,1,2025-08-25,1313.127668659265,1510.9696801014695
onion,550.0,Chandvad APMC,Maharashtra,4,1,2025-09-01,1133.9850447787155,1497.3970842656856
onion,550.0,Chandvad APMC,Maharashtra,4,1,2025-09-08,1041.6933350792197,1483.4929731269788
onion,550.0,Chandvad APMC,Maharashtra,4,1,2025-09-15,1036.6874618566485,1164.1011639219107
onion,550.0,Chandvad APMC,Maharashtra,4,1,2025-09-22,1175.5487132352935,1051.7630913149553
onion,550.0,Chandvad APMC,Maharashtra,4,1,2025-09-29,1012.5197527653872,1019.0252865993134
onion,550.0,Chandvad APMC,Maharashtra,4,1,2025-10-06,987.3889014443325,1192.811529496229
onion,550.0,Chandvad APMC,Maharashtra,4,1,2025-10-13,1197.0936095239713,985.5887001492761
onion,550.0,Chandvad APMC,Maharashtra,4,1,2025-10-20,1406.7983176036105,1007.3531723553018
onion,550.0,Chandvad APMC,Maharashtra,4,1,2025-10-27,1532.1635103145074,1214.8768243666816
onion,550.0,Chandvad APMC,Maharashtra,4,1,2025-11-03,1219.9999999999998,1443.0539692772181
onion,550.0,Chandvad APMC,Maharashtra,4,1,2025-11-10,1139.017341040463,1594.7418027467115
onion,550.0,Chandvad APMC,Maharashtra,4,1,2025-11-17,862.7927880293973,1310.949939837092
onion,550.0,Chandvad APMC,Maharashtra,4,1,2025-11-24,1454.9696201709073,1199.0685143530138
onion,550.0,Chandvad APMC,Maharashtra,4,1,2025-12-01,1890.242383569815,1005.8299567792923
onion,550.0,Chandvad APMC,Maharashtra,4,1,2025-12-08,2023.2832139081406,1476.1295783230973
onion,550.0,Chandvad APMC,Maharashtra,4,1,2025-12-15,1695.5409632406772,1651.7461353849037
onion,550.0,Chandvad APMC,Maharashtra,4,1,2025-12-22,1738.9625155445017,1638.3002184211286
onion,550.0,Chandvad APMC,Maharashtra,4,1,2025-12-29,1422.7784957760682,1381.6133618306146
onion,550.0,Chandvad APMC,Maharashtra,4,4,2025-01-06,2101.2537380719805,2370.4238351767603
onion,550.0,Chandvad APMC,Maharashtra,4,4,2025-01-13,2862.161393614986,1737.3045794346149
onion,550.0,Chandvad APMC,Maharashtra,4,4,2025-01-20,2255.265722504284,1550.5722642441078
onion,550.0,Chandvad APMC,Maharashtra,4,4,2025-01-27,2349.999999999999,1494.7760085681984
onion,550.0,Chandvad APMC,Maharashtra,4,4,2025-02-03,1987.588038405331,1365.3172692321657
onion,550.0,Chandvad APMC,Maharashtra,4,4,2025-02-10,1466.6642316121333,1363.866020132418
onion,550.0,Chandvad APMC,Maharashtra,4,4,2025-02-17,1344.2981766445764,1324.8967470534062
onion,550.0,Chandvad APMC,Maharashtra,4,4,2025-02-24,1437.5265002379613,1322.3839709925473
onion,550.0,Chandvad APMC,Maharashtra,4,4,2025-03-03,1234.1495193751882,1263.3032158329274
onion,550.0,Chandvad APMC,Maharashtra,4,4,2025-03-10,1094.8798501121978,1205.7621978926406
onion,550.0,Chandvad APMC,Maharashtra,4,4,2025-03-17,1055.1914626490895,1246.1823871091547
onion,550.0,Chandvad APMC,Maharashtra,4,4,2025-03-24,1037.926940639269,1327.9136320588566
onion,550.0,Chandvad APMC,Maharashtra,4,4,2025-03-31,898.4652682843472,1228.0734106719797
onion,550.0,Chandvad APMC,Maharashtra,4,4,2025-04-07,963.6690672212582,1145.6621016529114
onion,550.0,Chandvad APMC,Maharashtra,4,4,2025-04-14,905.9622486663931,1055.5434291642534
onion,550.0,Chandvad APMC,Maharashtra,4,4,2025-04-21,886.9444604537687,1101.2779104528324
onion,550.0,Chandvad APMC,Maharashtra,4,4,2025-04-28,1170.9269415667952,1064.5312382588745
onion,550.0,Chandvad APMC,Maharashtra,4,4,2025-05-05,1324.0214024997235,1046.1455233636955
onion,550.0,Chandvad APMC,Maharashtra,4,4,2025-05-12,1487.1238006084711,1078.385954653079
onion,550.0,Chandvad APMC,Maharashtra,4,4,2025-05-19,1429.4280382039742,1097.7843596251048
onion,550.0,Chandvad APMC,Maharashtra,4,4,2025-05-26,1497.7957193816876,1126.482056249824
onion,550.0,Chandvad APMC,Maharashtra,4,4,2025-06-02,1425.451330236486,1433.2164986365087
onion,550.0,Chandvad APMC,Maharashtra,4,4,2025-06-09,1421.1598708016609,1412.0132913375003
onion,550.0,Chandvad APMC,Maharashtra,4,4,2025-06-16,1378.5685741358714,1408.5750342831375
onion,550.0,Chandvad APMC,Maharashtra,4,4,2025-06-23,1326.770704573548,1445.0121467239244
onion,550.0,Chandvad APMC,Maharashtra,4,4,2025-06-30,1286.4979258946778,1426.3233039906838
onion,550.0,Chandvad APMC,Maharashtra,4,4,2025-07-07,1299.776758334765,1489.5176183236445
onion,550.0,Chandvad APMC,Maharashtra,4,4,2025-07-14,1519.4740613356269,1462.0720400537036
onion,550.0,Chandvad APMC,Maharashtra,4,4,2025-07-21,1493.4219526814993,1504.894452543871
onion,550.0,Chandvad APMC,Maharashtra,4,4,2025-07-28,1334.8992094416544,1553.7742062994107
onion,550.0,Chandvad APMC,Maharashtra,4,4,2025-08-04,1313.127668659265,1549.5528565660113
onion,550.0,Chandvad APMC,Maharashtra,4,4,2025-08-11,1133.9850447787155,1550.2689386182828
onion,550.0,Chandvad APMC,Maharashtra,4,4,2025-08-18,1041.6933350792197,1457.9596442875468
onion,550.0,Chandvad APMC,Maharashtra,4,4,2025-08-25,1036.6874618566485,1473.1802971569452
onion,550.0,Chandvad APMC,Maharashtra,4,4,2025-09-01,1175.5487132352935,1532.3138646770083
onion,550.0,Chandvad APMC,Maharashtra,4,4,2025-09-08,1012.5197527653872,1491.5041671939657
onion,550.0,Chandvad APMC,Maharashtra,4,4,2025-09-15,987.3889014443325,1472.5768415166012
onion,550.0,Chandvad APMC,Maharashtra,4,4,2025-09-22,1197.0936095239713,1369.1278597786463
onion,550.0,Chandvad APMC,Maharashtra,4,4,2025-09-29,1406.7983176036105,1344.8618097271428
onion,550.0,Chandvad APMC,Maharashtra,4,4,2025-10-06,1532.1635103145074,1337.7317153909291
onion,550.0,Chandvad APMC,Maharashtra,4,4,2025-10-13,1219.9999999999998,1159.374442912772
onion,550.0,Chandvad APMC,Maharashtra,4,4,2025-10-20,1139.017341040463,1223.9315279571736
onion,550.0,Chandvad APMC,Maharashtra,4,4,2025-10-27,862.7927880293973,1462.8879242837033
onion,550.0,Chandvad APMC,Maharashtra,4,4,2025-11-03,1454.9696201709073,1397.71456379769
onion,550.0,Chandvad APMC,Maharashtra,4,4,2025-11-10,1890.242383569815,1461.269084781913
onion,550.0,Chandvad APMC,Maharashtra,4,4,2025-11-17,2023.2832139081406,1569.0061671813594
onion,550.0,Chandvad APMC,Maharashtra,4,4,2025-11-24,1695.5409632406772,1507.037062741404
onion,550.0,Chandvad APMC,Maharashtra,4,4,2025-12-01,1738.9625155445017,1331.4978310234465
onion,550.0,Chandvad APMC,Maharashtra,4,4,2025-12-08,1422.7784957760682,1644.0319952711354
onion,550.0,Chandvad APMC,Maharashtra,4,4,2025-12-15,1394.8688457157316,1619.8026562752916
onion,550.0,Chandvad APMC,Maharashtra,4,4,2025-12-22,1386.148702933352,1569.282695516723
onion,550.0,Chandvad APMC,Maharashtra,4,4,2025-12-29,1141.5481817804862,1833.0443027452347
onion,550.0,Chandvad APMC,Maharashtra,4,13,2025-01-06,1094.8798501121978,1076.826241955294
onion,550.0,Chandvad APMC,Maharashtra,4,13,2025-01-13,1055.1914626490895,1165.6194312537991
onion,550.0,Chandvad APMC,Maharashtra,4,13,2025-01-20,1037.926940639269,1249.635207979836
onion,550.0,Chandvad APMC,Maharashtra,4,13,2025-01-27,898.4652682843472,1248.1874311105173
onion,550.0,Chandvad APMC,Maharashtra,4,13,2025-02-03,963.6690672212582,1423.4373011763223
onion,550.0,Chandvad APMC,Maharashtra,4,13,2025-02-10,905.9622486663931,1441.2508933420281
onion,550.0,Chandvad APMC,Maharashtra,4,13,2025-02-17,886.9444604537687,1403.6606601338983
onion,550.0,Chandvad APMC,Maharashtra,4,13,2025-02-24,1170.9269415667952,1424.2922898099616
onion,550.0,Chandvad APMC,Maharashtra,4,13,2025-03-03,1324.0214024997235,1424.4379119835426
onion,550.0,Chandvad APMC,Maharashtra,4,13,2025-03-10,1487.1238006084711,1510.8380806332123
onion,550.0,Chandvad APMC,Maharashtra,4,13,2025-03-17,1429.4280382039742,1492.2936655633398
onion,550.0,Chandvad APMC,Maharashtra,4,13,2025-03-24,1497.7957193816876,1471.9629767231022
onion,550.0,Chandvad APMC,Maharashtra,4,13,2025-03-31,1425.451330236486,1486.3896599583736
onion,550.0,Chandvad APMC,Maharashtra,4,13,2025-04-07,1421.1598708016609,1490.3011441377378
onion,550.0,Chandvad APMC,Maharashtra,4,13,2025-04-14,1378.5685741358714,1452.4486410759137
onion,550.0,Chandvad APMC,Maharashtra,4,13,2025-04-21,1326.770704573548,1485.2956477868413
onion,550.0,Chandvad APMC,Maharashtra,4,13,2025-04-28,1286.4979258946778,1424.4928592403992
onion,550.0,Chandvad APMC,Maharashtra,4,13,2025-05-05,1299.776758334765,1410.3197312761226
onion,550.0,Chandvad APMC,Maharashtra,4,13,2025-05-12,1519.4740613356269,1410.6535956456335
onion,550.0,Chandvad APMC,Maharashtra,4,13,2025-05-19,1493.4219526814993,1416.4855444324064
onion,550.0,Chandvad APMC,Maharashtra,4,13,2025-05-26,1334.8992094416544,1360.3286341082005
onion,550.0,Chandvad APMC,Maharashtra,4,13,2025-06-02,1313.127668659265,1292.3158602705457
onion,550.0,Chandvad APMC,Maharashtra,4,13,2025-06-09,1133.9850447787155,1285.4739960059785
onion,550.0,Chandvad APMC,Maharashtra,4,13,2025-06-16,1041.6933350792197,1296.9753518630005
onion,550.0,Chandvad APMC,Maharashtra,4,13,2025-06-23,1036.6874618566485,1343.7907568187188
onion,550.0,Chandvad APMC,Maharashtra,4,13,2025-06-30,1175.5487132352935,1340.9110696569091
onion,550.0,Chandvad APMC,Maharashtra,4,13,2025-07-07,1012.5197527653872,1264.4148393816213
onion,550.0,Chandvad APMC,Maharashtra,4,13,2025-07-14,987.3889014443325,1266.225564607801
onion,550.0,Chandvad APMC,Maharashtra,4,13,2025-07-21,1197.0936095239713,1270.6392499744022
onion,550.0,Chandvad APMC,Maharashtra,4,13,2025-07-28,1406.7983176036105,1263.4222281132018
onion,550.0,Chandvad APMC,Maharashtra,4,13,2025-08-04,1532.1635103145074,1253.0460778548097
onion,550.0,Chandvad APMC,Maharashtra,4,13,2025-08-11,1219.9999999999998,1259.299877911988
onion,550.0,Chandvad APMC,Maharashtra,4,13,2025-08-18,1139.017341040463,1267.8187544229656
onion,550.0,Chandvad APMC,Maharashtra,4,13,2025-08-25,862.7927880293973,1265.9001662823457
onion,550.0,Chandvad APMC,Maharashtra,4,13,2025-09-01,1454.9696201709073,1264.768844737235
onion,550.0,Chandvad APMC,Maharashtra,4,13,2025-09-08,1890.242383569815,1248.7687422132556
onion,550.0,Chandvad APMC,Maharashtra,4,13,2025-09-15,2023.2832139081406,1220.6677837812808
onion,550.0,Chandvad APMC,Maharashtra,4,13,2025-09-22,1695.5409632406772,1216.7936174796948
onion,550.0,Chandvad APMC,Maharashtra,4,13,2025-09-29,1738.9625155445017,1232.611755936292
onion,550.0,Chandvad APMC,Maharashtra,4,13,2025-10-06,1422.7784957760682,1212.1178338321326
onion,550.0,Chandvad APMC,Maharashtra,4,13,2025-10-13,1394.8688457157316,1211.0771166030672
onion,550.0,Chandvad APMC,Maharashtra,4,13,2025-10-20,1386.148702933352,1182.1004235840708
onion,550.0,Chandvad APMC,Maharashtra,4,13,2025-10-27,1141.5481817804862,1157.6122932406427
onion,550.0,Chandvad APMC,Maharashtra,4,13,2025-11-03,1039.1375887905033,1184.8626290846967
onion,550.0,Chandvad APMC,Maharashtra,4,13,2025-11-10,1052.6281988085013,1194.7015255695103
onion,550.0,Chandvad APMC,Maharashtra,4,13,2025-11-17,945.9594781406598,1199.7878281512055
onion,550.0,Chandvad APMC,Maharashtra,4,13,2025-11-24,814.5549145223513,1245.49348733896
onion,550.0,Chandvad APMC,Maharashtra,4,13,2025-12-01,699.4770223689037,1196.5986448816195
onion,550.0,Chandvad APMC,Maharashtra,4,13,2025-12-08,805.7959243118495,1237.214411781421
onion,550.0,Chandvad APMC,Maharashtra,4,13,2025-12-15,842.8563000421406,1222.7871090958422
onion,550.0,Chandvad APMC,Maharashtra,4,13,2025-12-22,917.3992505606864,1267.6197529156038
onion,550.0,Chandvad APMC,Maharashtra,4,13,2025-12-29,989.5193411949246,1194.5022236800226
onion,550.0,Chandvad APMC,Maharashtra,4,26,2025-01-06,1421.1598708016609,1015.7216608663362
onion,550.0,Chandvad APMC,Maharashtra,4,26,2025-01-13,1378.5685741358714,1025.8833520339203
onion,550.0,Chandvad APMC,Maharashtra,4,26,2025-01-20,1326.770704573548,1020.9277784945358
onion,550.0,Chandvad APMC,Maharashtra,4,26,2025-01-27,1286.4979258946778,1044.8421878305426
onion,550.0,Chandvad APMC,Maharashtra,4,26,2025-02-03,1299.776758334765,1408.588247525797
onion,550.0,Chandvad APMC,Maharashtra,4,26,2025-02-10,1519.4740613356269,1379.3419815553514
onion,550.0,Chandvad APMC,Maharashtra,4,26,2025-02-17,1493.4219526814993,1425.9394191131773
onion,550.0,Chandvad APMC,Maharashtra,4,26,2025-02-24,1334.8992094416544,1474.9507166266583
onion,550.0,Chandvad APMC,Maharashtra,4,26,2025-03-03,1313.127668659265,1494.8974054321927
onion,550.0,Chandvad APMC,Maharashtra,4,26,2025-03-10,1133.9850447787155,1498.2613055645159
onion,550.0,Chandvad APMC,Maharashtra,4,26,2025-03-17,1041.6933350792197,1499.6721535729325
onion,550.0,Chandvad APMC,Maharashtra,4,26,2025-03-24,1036.6874618566485,1517.8002844227092
onion,550.0,Chandvad APMC,Maharashtra,4,26,2025-03-31,1175.5487132352935,1519.3317259205553
onion,550.0,Chandvad APMC,Maharashtra,4,26,2025-04-07,1012.5197527653872,1363.052707382782
onion,550.0,Chandvad APMC,Maharashtra,4,26,2025-04-14,987.3889014443325,1326.469825831156
onion,550.0,Chandvad APMC,Maharashtra,4,26,2025-04-21,1197.0936095239713,1289.4757237182066
onion,550.0,Chandvad APMC,Maharashtra,4,26,2025-04-28,1406.7983176036105,1346.1613816530669
onion,550.0,Chandvad APMC,Maharashtra,4,26,2025-05-05,1532.1635103145074,1286.0283889685534
onion,550.0,Chandvad APMC,Maharashtra,4,26,2025-05-12,1219.9999999999998,1293.8425265194574
onion,550.0,Chandvad APMC,Maharashtra,4,26,2025-05-19,1139.017341040463,1281.2991388788023
onion,550.0,Chandvad APMC,Maharashtra,4,26,2025-05-26,862.7927880293973,1253.9718353813696
onion,550.0,Chandvad APMC,Maharashtra,4,26,2025-06-02,1454.9696201709073,1178.4954402959072
onion,550.0,Chandvad APMC,Maharashtra,4,26,2025-06-09,1890.242383569815,1162.1738606150652
onion,550.0,Chandvad APMC,Maharashtra,4,26,2025-06-16,2023.2832139081406,1245.155625873141
onion,550.0,Chandvad APMC,Maharashtra,4,26,2025-06-23,1695.5409632406772,1199.7590739269808
onion,550.0,Chandvad APMC,Maharashtra,4,26,2025-06-30,1738.9625155445017,1194.8043366966547
onion,550.0,Chandvad APMC,Maharashtra,4,26,2025-07-07,1422.7784957760682,1067.5158896403234
onion,550.0,Chandvad APMC,Maharashtra,4,26,2025-07-14,1394.8688457157316,1081.131537073898
onion,550.0,Chandvad APMC,Maharashtra,4,26,2025-07-21,1386.148702933352,1063.680396226103
onion,550.0,Chandvad APMC,Maharashtra,4,26,2025-07-28,1141.5481817804862,952.6162396197409
onion,550.0,Chandvad APMC,Maharashtra,4,26,2025-08-04,1039.1375887905033,1102.636282120603
onion,550.0,Chandvad APMC,Maharashtra,4,26,2025-08-11,1052.6281988085013,1115.8989789174025
onion,550.0,Chandvad APMC,Maharashtra,4,26,2025-08-18,945.9594781406598,1085.6277919094932
onion,550.0,Chandvad APMC,Maharashtra,4,26,2025-08-25,814.5549145223513,1132.5205204478789
onion,550.0,Chandvad APMC,Maharashtra,4,26,2025-09-01,699.4770223689037,1080.980894687549
onion,550.0,Chandvad APMC,Maharashtra,4,26,2025-09-08,805.7959243118495,1068.2630794274571
onion,550.0,Chandvad APMC,Maharashtra,4,26,2025-09-15,842.8563000421406,1138.6026593019608
onion,550.0,Chandvad APMC,Maharashtra,4,26,2025-09-22,917.3992505606864,1147.300736291363
onion,550.0,Chandvad APMC,Maharashtra,4,26,2025-09-29,989.5193411949246,1159.924359022367
onion,550.0,Chandvad APMC,Maharashtra,4,26,2025-10-06,1010.808196402738,957.3679216066458
onion,550.0,Chandvad APMC,Maharashtra,4,26,2025-10-13,825.000864080187,951.1607918540154
onion,550.0,Chandvad APMC,Maharashtra,4,26,2025-10-20,944.0838855229363,964.0215266836091
onion,550.0,Chandvad APMC,Maharashtra,4,26,2025-10-27,1097.4378523316484,963.1113462338145
onion,550.0,Chandvad APMC,Maharashtra,4,26,2025-11-03,1005.7776158717705,1005.710691556821
onion,550.0,Chandvad APMC,Maharashtra,4,26,2025-11-10,964.6160411042409,974.1670514551524
onion,550.0,Chandvad APMC,Maharashtra,4,26,2025-11-17,1073.9269847985738,972.3415817404347
onion,550.0,Chandvad APMC,Maharashtra,4,26,2025-11-24,1187.5506492950815,998.1839021690263
onion,550.0,Chandvad APMC,Maharashtra,4,26,2025-12-01,1525.2341187469308,1036.0356517744617
onion,550.0,Chandvad APMC,Maharashtra,4,26,2025-12-08,1323.6453713455066,1076.057062083594
onion,550.0,Chandvad APMC,Maharashtra,4,26,2025-12-15,1676.9713691172922,1093.118726214813
onion,550.0,Chandvad APMC,Maharashtra,4,26,2025-12-22,1967.2249136362711,1095.6338884713887
onion,550.0,Chandvad APMC,Maharashtra,4,26,2025-12-29,2162.9967229570148,1065.1011769305223
onion,550.0,Chandvad APMC,Maharashtra,5,1,2026-01-05,1394.8688457157316,1417.6373305835452
onion,550.0,Chandvad APMC,Maharashtra,5,1,2026-01-12,1386.148702933352,1417.6373305835452
onion,550.0,Chandvad APMC,Maharashtra,5,1,2026-01-19,1141.5481817804862,1385.7036451007127
onion,550.0,Chandvad APMC,Maharashtra,5,1,2026-01-26,1039.1375887905033,1385.7036451007127
onion,550.0,Chandvad APMC,Maharashtra,5,1,2026-02-02,1052.6281988085013,1260.519853894866
onion,550.0,Chandvad APMC,Maharashtra,5,1,2026-02-09,945.9594781406598,1260.519853894866
onion,550.0,Chandvad APMC,Maharashtra,5,1,2026-02-16,814.5549145223513,1243.9066321257624
onion,550.0,Chandvad APMC,Maharashtra,5,1,2026-02-23,699.4770223689037,1243.9066321257624
onion,550.0,Chandvad APMC,Maharashtra,5,1,2026-03-02,805.7959243118495,1161.5138000691861
onion,550.0,Chandvad APMC,Maharashtra,5,1,2026-03-09,842.8563000421406,1150.2121266504062
onion,550.0,Chandvad APMC,Maharashtra,5,1,2026-03-16,917.3992505606864,1150.2121266504062
onion,550.0,Chandvad APMC,Maharashtra,5,1,2026-03-23,989.5193411949246,1150.2121266504062
onion,550.0,Chandvad APMC,Maharashtra,5,1,2026-03-30,1010.808196402738,1239.3251788965842
onion,550.0,Chandvad APMC,Maharashtra,5,1,2026-04-06,825.000864080187,1251.5016924864517
onion,550.0,Chandvad APMC,Maharashtra,5,1,2026-04-13,944.0838855229363,1251.5016924864517
onion,550.0,Chandvad APMC,Maharashtra,5,1,2026-04-20,1097.4378523316484,1161.5138000691861
onion,550.0,Chandvad APMC,Maharashtra,5,1,2026-04-27,1005.7776158717705,1213.0003899882909
onion,550.0,Chandvad APMC,Maharashtra,5,1,2026-05-04,964.6160411042409,1208.079578614146
onion,550.0,Chandvad APMC,Maharashtra,5,1,2026-05-11,1073.9269847985738,1208.079578614146
onion,550.0,Chandvad APMC,Maharashtra,5,1,2026-05-18,1187.5506492950815,1216.2726741599004
onion,550.0,Chandvad APMC,Maharashtra,5,1,2026-05-25,1525.2341187469308,1216.2726741599004
onion,550.0,Chandvad APMC,Maharashtra,5,1,2026-06-01,1323.6453713455066,1216.2726741599004
onion,550.0,Chandvad APMC,Maharashtra,5,1,2026-06-08,1676.9713691172922,1346.664574552347
onion,550.0,Chandvad APMC,Maharashtra,5,1,2026-06-15,1967.2249136362711,1346.664574552347
onion,550.0,Chandvad APMC,Maharashtra,5,1,2026-06-22,2162.9967229570148,1346.664574552347
onion,550.0,Chandvad APMC,Maharashtra,5,1,2026-06-29,2181.780594483621,1385.5148312025146
onion,550.0,Chandvad APMC,Maharashtra,5,1,2026-07-06,2148.319988210443,1385.5148312025146
onion,550.0,Chandvad APMC,Maharashtra,5,1,2026-07-13,2093.439041333796,1398.2751616477783
onion,550.0,Chandvad APMC,Maharashtra,5,1,2026-07-20,2145.0869812734086,1447.26844596244
onion,550.0,Chandvad APMC,Maharashtra,5,1,2026-07-27,2192.0936462420764,1447.26844596244
onion,550.0,Chandvad APMC,Maharashtra,5,1,2026-08-03,2583.8793256433005,1447.26844596244
onion,550.0,Chandvad APMC,Maharashtra,5,1,2026-08-10,3527.2678398840176,1447.26844596244
onion,550.0,Chandvad APMC,Maharashtra,5,1,2026-08-17,3824.2154633314417,1465.963565666331
onion,550.0,Chandvad APMC,Maharashtra,5,1,2026-08-24,4349.150773389396,1484.360177929407
onion,550.0,Chandvad APMC,Maharashtra,5,1,2026-08-31,4410.547550432275,1454.7034417763
onion,550.0,Chandvad APMC,Maharashtra,5,1,2026-09-07,4052.967355935762,1495.4704664237336
onion,550.0,Chandvad APMC,Maharashtra,5,1,2026-09-14,3848.3972307871322,1495.4704664237336
onion,550.0,Chandvad APMC,Maharashtra,5,1,2026-09-21,3853.8908442759803,1495.4704664237336
onion,550.0,Chandvad APMC,Maharashtra,5,1,2026-09-28,3519.9999999999977,1417.0722560115992
onion,550.0,Chandvad APMC,Maharashtra,5,4,2026-01-05,1039.1375887905033,1584.8476132716794
onion,550.0,Chandvad APMC,Maharashtra,5,4,2026-01-12,1052.6281988085013,1593.6719294387249
onion,550.0,Chandvad APMC,Maharashtra,5,4,2026-01-19,945.9594781406598,1177.3471634506259
onion,550.0,Chandvad APMC,Maharashtra,5,4,2026-01-26,814.5549145223513,1234.5312209636015
onion,550.0,Chandvad APMC,Maharashtra,5,4,2026-02-02,699.4770223689037,1088.693878348676
onion,550.0,Chandvad APMC,Maharashtra,5,4,2026-02-09,805.7959243118495,1088.693878348676
onion,550.0,Chandvad APMC,Maharashtra,5,4,2026-02-16,842.8563000421406,1015.7063509547523
onion,550.0,Chandvad APMC,Maharashtra,5,4,2026-02-23,917.3992505606864,1026.0319465460868
onion,550.0,Chandvad APMC,Maharashtra,5,4,2026-03-02,989.5193411949246,919.9671988161119
onion,550.0,Chandvad APMC,Maharashtra,5,4,2026-03-09,1010.808196402738,890.2709116710715
onion,550.0,Chandvad APMC,Maharashtra,5,4,2026-03-16,825.000864080187,878.2385183754499
onion,550.0,Chandvad APMC,Maharashtra,5,4,2026-03-23,944.0838855229363,913.9594018589012
onion,550.0,Chandvad APMC,Maharashtra,5,4,2026-03-30,1097.4378523316484,932.7016115568912
onion,550.0,Chandvad APMC,Maharashtra,5,4,2026-04-06,1005.7776158717705,925.5750722922453
onion,550.0,Chandvad APMC,Maharashtra,5,4,2026-04-13,964.6160411042409,925.5750722922453
onion,550.0,Chandvad APMC,Maharashtra,5,4,2026-04-20,1073.9269847985738,937.4990858205753
onion,550.0,Chandvad APMC,Maharashtra,5,4,2026-04-27,1187.5506492950815,940.8916928987932
onion,550.0,Chandvad APMC,Maharashtra,5,4,2026-05-04,1525.2341187469308,810.3849059419487
onion,550.0,Chandvad APMC,Maharashtra,5,4,2026-05-11,1323.6453713455066,810.3849059419487
onion,550.0,Chandvad APMC,Maharashtra,5,4,2026-05-18,1676.9713691172922,811.7542911622753
onion,550.0,Chandvad APMC,Maharashtra,5,4,2026-05-25,1967.2249136362711,800.7818930329197
onion,550.0,Chandvad APMC,Maharashtra,5,4,2026-06-01,2162.9967229570148,805.4416822703794
onion,550.0,Chandvad APMC,Maharashtra,5,4,2026-06-08,2181.780594483621,927.8535739252048
onion,550.0,Chandvad APMC,Maharashtra,5,4,2026-06-15,2148.319988210443,879.0000309045587
onion,550.0,Chandvad APMC,Maharashtra,5,4,2026-06-22,2093.439041333796,927.8535739252048
onion,550.0,Chandvad APMC,Maharashtra,5,4,2026-06-29,2145.0869812734086,1056.865027245898
onion,550.0,Chandvad APMC,Maharashtra,5,4,2026-07-06,2192.0936462420764,1180.4264245323254
onion,550.0,Chandvad APMC,Maharashtra,5,4,2026-07-13,2583.8793256433005,1180.4264245323254
onion,550.0,Chandvad APMC,Maharashtra,5,4,2026-07-20,3527.2678398840176,2056.643228992971
onion,550.0,Chandvad APMC,Maharashtra,5,4,2026-07-27,3824.2154633314417,1989.1660302712644
onion,550.0,Chandvad APMC,Maharashtra,5,4,2026-08-03,4349.150773389396,2436.902141611703
onion,550.0,Chandvad APMC,Maharashtra,5,4,2026-08-10,4410.547550432275,2436.902141611703
onion,550.0,Chandvad APMC,Maharashtra,5,4,2026-08-17,4052.967355935762,2545.0316086931034
onion,550.0,Chandvad APMC,Maharashtra,5,4,2026-08-24,3848.3972307871322,2545.0316086931034
onion,550.0,Chandvad APMC,Maharashtra,5,4,2026-08-31,3853.8908442759803,2575.7593278443674
onion,550.0,Chandvad APMC,Maharashtra,5,4,2026-09-07,3519.9999999999977,2545.9620022362074
onion,550.0,Chandvad APMC,Maharashtra,5,13,2026-01-05,1010.808196402738,1429.8243589305284
onion,550.0,Chandvad APMC,Maharashtra,5,13,2026-01-12,825.000864080187,1429.8243589305284
onion,550.0,Chandvad APMC,Maharashtra,5,13,2026-01-19,944.0838855229363,1429.8243589305284
onion,550.0,Chandvad APMC,Maharashtra,5,13,2026-01-26,1097.4378523316484,1429.8243589305284
onion,550.0,Chandvad APMC,Maharashtra,5,13,2026-02-02,1005.7776158717705,1486.998839114989
onion,550.0,Chandvad APMC,Maharashtra,5,13,2026-02-09,964.6160411042409,1486.998839114989
onion,550.0,Chandvad APMC,Maharashtra,5,13,2026-02-16,1073.9269847985738,1486.998839114989
onion,550.0,Chandvad APMC,Maharashtra,5,13,2026-02-23,1187.5506492950815,1486.998839114989
onion,550.0,Chandvad APMC,Maharashtra,5,13,2026-03-02,1525.2341187469308,1409.977582551808
onion,550.0,Chandvad APMC,Maharashtra,5,13,2026-03-09,1323.6453713455066,1433.9418585439005
onion,550.0,Chandvad APMC,Maharashtra,5,13,2026-03-16,1676.9713691172922,1433.9418585439005
onion,550.0,Chandvad APMC,Maharashtra,5,13,2026-03-23,1967.2249136362711,1433.9418585439005
onion,550.0,Chandvad APMC,Maharashtra,5,13,2026-03-30,2162.9967229570148,1433.9418585439005
onion,550.0,Chandvad APMC,Maharashtra,5,13,2026-04-06,2181.780594483621,1433.9418585439005
onion,550.0,Chandvad APMC,Maharashtra,5,13,2026-04-13,2148.319988210443,1459.5814433618596
onion,550.0,Chandvad APMC,Maharashtra,5,13,2026-04-20,2093.439041333796,1459.5814433618596
onion,550.0,Chandvad APMC,Maharashtra,5,13,2026-04-27,2145.0869812734086,1459.5814433618596
onion,550.0,Chandvad APMC,Maharashtra,5,13,2026-05-04,2192.0936462420764,1459.5814433618596
onion,550.0,Chandvad APMC,Maharashtra,5,13,2026-05-11,2583.8793256433005,1459.5814433618596
onion,550.0,Chandvad APMC,Maharashtra,5,13,2026-05-18,3527.2678398840176,1459.5814433618596
onion,550.0,Chandvad APMC,Maharashtra,5,13,2026-05-25,3824.2154633314417,1459.5814433618596
onion,550.0,Chandvad APMC,Maharashtra,5,13,2026-06-01,4349.150773389396,1459.5814433618596
onion,550.0,Chandvad APMC,Maharashtra,5,13,2026-06-08,4410.547550432275,1459.5814433618596
onion,550.0,Chandvad APMC,Maharashtra,5,13,2026-06-15,4052.967355935762,1459.5814433618596
onion,550.0,Chandvad APMC,Maharashtra,5,13,2026-06-22,3848.3972307871322,1459.5814433618596
onion,550.0,Chandvad APMC,Maharashtra,5,13,2026-06-29,3853.8908442759803,1459.5814433618596
onion,550.0,Chandvad APMC,Maharashtra,5,13,2026-07-06,3519.9999999999977,1369.4302559371686
onion,550.0,Chandvad APMC,Maharashtra,5,26,2026-01-05,2181.780594483621,1487.2563230559256
onion,550.0,Chandvad APMC,Maharashtra,5,26,2026-01-12,2148.319988210443,1487.2563230559256
onion,550.0,Chandvad APMC,Maharashtra,5,26,2026-01-19,2093.439041333796,1487.2563230559256
onion,550.0,Chandvad APMC,Maharashtra,5,26,2026-01-26,2145.0869812734086,1487.2563230559256
onion,550.0,Chandvad APMC,Maharashtra,5,26,2026-02-02,2192.0936462420764,1487.2563230559256
onion,550.0,Chandvad APMC,Maharashtra,5,26,2026-02-09,2583.8793256433005,1487.2563230559256
onion,550.0,Chandvad APMC,Maharashtra,5,26,2026-02-16,3527.2678398840176,1487.2563230559256
onion,550.0,Chandvad APMC,Maharashtra,5,26,2026-02-23,3824.2154633314417,1487.2563230559256
onion,550.0,Chandvad APMC,Maharashtra,5,26,2026-03-02,4349.150773389396,1487.2563230559256
onion,550.0,Chandvad APMC,Maharashtra,5,26,2026-03-09,4410.547550432275,1487.2563230559256
onion,550.0,Chandvad APMC,Maharashtra,5,26,2026-03-16,4052.967355935762,1487.2563230559256
onion,550.0,Chandvad APMC,Maharashtra,5,26,2026-03-23,3848.3972307871322,1487.2563230559256
onion,550.0,Chandvad APMC,Maharashtra,5,26,2026-03-30,3853.8908442759803,1487.2563230559256
onion,550.0,Chandvad APMC,Maharashtra,5,26,2026-04-06,3519.9999999999977,1487.2563230559256
potato,303.0,Dehradoon APMC,Uttarakhand,1,1,2022-01-03,808.5303347280334,616.5780176776519
potato,303.0,Dehradoon APMC,Uttarakhand,1,1,2022-01-10,650.9510600356649,613.0817276412357
potato,303.0,Dehradoon APMC,Uttarakhand,1,1,2022-01-17,625.4269270685911,648.6983956468539
potato,303.0,Dehradoon APMC,Uttarakhand,1,1,2022-01-24,684.0919904837428,643.6292490037844
potato,303.0,Dehradoon APMC,Uttarakhand,1,1,2022-01-31,758.7049058210065,659.522350692061
potato,303.0,Dehradoon APMC,Uttarakhand,1,1,2022-02-07,721.575984990619,699.4568638423385
potato,303.0,Dehradoon APMC,Uttarakhand,1,1,2022-02-14,733.492318505874,692.752929603651
potato,303.0,Dehradoon APMC,Uttarakhand,1,1,2022-02-21,714.9170035262754,678.2563666277488
potato,303.0,Dehradoon APMC,Uttarakhand,1,1,2022-02-28,700.0,711.5560629498011
potato,303.0,Dehradoon APMC,Uttarakhand,1,1,2022-03-07,662.0670391061451,712.1718293378626
potato,303.0,Dehradoon APMC,Uttarakhand,1,1,2022-03-14,738.0100755667504,725.0991295558607
potato,303.0,Dehradoon APMC,Uttarakhand,1,1,2022-03-21,675.7740697778175,700.2354567808745
potato,303.0,Dehradoon APMC,Uttarakhand,1,1,2022-03-28,721.5985536495123,712.9463924914561
potato,303.0,Dehradoon APMC,Uttarakhand,1,1,2022-04-04,632.8575479723978,715.8737260254933
potato,303.0,Dehradoon APMC,Uttarakhand,1,1,2022-04-11,800.0000000000003,715.8737260254933
potato,303.0,Dehradoon APMC,Uttarakhand,1,1,2022-04-18,841.3732179846476,703.1106727487388
potato,303.0,Dehradoon APMC,Uttarakhand,1,1,2022-04-25,921.0578418894069,725.0991295558607
potato,303.0,Dehradoon APMC,Uttarakhand,1,1,2022-05-02,999.9999999999999,746.4518943878593
potato,303.0,Dehradoon APMC,Uttarakhand,1,1,2022-05-09,1053.5022180714457,772.0660642923273
potato,303.0,Dehradoon APMC,Uttarakhand,1,1,2022-05-16,1111.8833832169387,1156.2732277280759
potato,303.0,Dehradoon APMC,Uttarakhand,1,1,2022-05-23,1192.3531436438734,1156.0192594868447
potato,303.0,Dehradoon APMC,Uttarakhand,1,1,2022-05-30,1200.0,1118.5349724809669
potato,303.0,Dehradoon APMC,Uttarakhand,1,1,2022-06-06,873.0722451958161,1106.998497281219
potato,303.0,Dehradoon APMC,Uttarakhand,1,1,2022-06-13,1191.231225829661,1106.998497281219
potato,303.0,Dehradoon APMC,Uttarakhand,1,1,2022-06-20,1399.9999999999993,948.4587374316458
potato,303.0,Dehradoon APMC,Uttarakhand,1,1,2022-06-27,993.3985913811628,1106.998497281219
potato,303.0,Dehradoon APMC,Uttarakhand,1,1,2022-07-04,1202.8891213389115,1106.998497281219
potato,303.0,Dehradoon APMC,Uttarakhand,1,1,2022-07-11,1514.8424190800677,1106.998497281219
potato,303.0,Dehradoon APMC,Uttarakhand,1,1,2022-07-18,1060.1098706361865,1168.7237463479796
potato,303.0,Dehradoon APMC,Uttarakhand,1,1,2022-07-25,1003.6306331733932,1120.2638853381509
potato,303.0,Dehradoon APMC,Uttarakhand,1,1,2022-08-01,1353.7540960250751,1156.0192594868447
potato,303.0,Dehradoon APMC,Uttarakhand,1,1,2022-08-08,1312.4378866240747,1156.0192594868447
potato,303.0,Dehradoon APMC,Uttarakhand,1,1,2022-08-15,1199.0857484314313,1159.3354843998125
potato,303.0,Dehradoon APMC,Uttarakhand,1,1,2022-08-22,1118.9907636855153,1184.2904504608869
potato,303.0,Dehradoon APMC,Uttarakhand,1,1,2022-08-29,1188.7222782258066,1184.2904504608869
potato,303.0,Dehradoon APMC,Uttarakhand,1,1,2022-09-05,1069.8240258574256,1159.3354843998125
potato,303.0,Dehradoon APMC,Uttarakhand,1,1,2022-09-12,1017.686682604416,1151.4184754000576
potato,303.0,Dehradoon APMC,Uttarakhand,1,1,2022-09-19,1078.1394196106705,1155.2896425633069
potato,303.0,Dehradoon APMC,Uttarakhand,1,1,2022-09-26,1245.6760893050061,1155.2896425633069
potato,303.0,Dehradoon APMC,Uttarakhand,1,1,2022-10-03,1451.588219472835,1151.4184754000576
potato,303.0,Dehradoon APMC,Uttarakhand,1,1,2022-10-10,1197.802636835797,1151.4184754000576
potato,303.0,Dehradoon APMC,Uttarakhand,1,1,2022-10-17,1143.6638388123013,1151.4184754000576
potato,303.0,Dehradoon APMC,Uttarakhand,1,1,2022-10-24,1369.0271035598703,1184.2904504608869
potato,303.0,Dehradoon APMC,Uttarakhand,1,1,2022-10-31,1478.2710890571952,1262.6987826223303
potato,303.0,Dehradoon APMC,Uttarakhand,1,1,2022-11-07,1265.8253442565801,1227.652288448173
potato,303.0,Dehradoon APMC,Uttarakhand,1,1,2022-11-14,1697.110823630876,1224.1408149277074
potato,303.0,Dehradoon APMC,Uttarakhand,1,1,2022-11-21,1555.515367898168,1224.1408149277074
potato,303.0,Dehradoon APMC,Uttarakhand,1,1,2022-11-28,1393.467100977199,1218.4965134705094
potato,303.0,Dehradoon APMC,Uttarakhand,1,1,2022-12-05,1519.7962445065928,1176.2692207618766
potato,303.0,Dehradoon APMC,Uttarakhand,1,1,2022-12-12,1489.3369690011484,1077.6501317860584
potato,303.0,Dehradoon APMC,Uttarakhand,1,1,2022-12-19,1637.164374590701,1077.6501317860584
potato,303.0,Dehradoon APMC,Uttarakhand,1,1,2022-12-26,915.7160712425789,1077.6501317860584
potato,303.0,Dehradoon APMC,Uttarakhand,1,4,2022-01-03,684.0919904837428,751.3550852510295
potato,303.0,Dehradoon APMC,Uttarakhand,1,4,2022-01-10,758.7049058210065,761.1221610813258
potato,303.0,Dehradoon APMC,Uttarakhand,1,4,2022-01-17,721.575984990619,765.5584041881136
potato,303.0,Dehradoon APMC,Uttarakhand,1,4,2022-01-24,733.492318505874,698.6008797721074
potato,303.0,Dehradoon APMC,Uttarakhand,1,4,2022-01-31,714.9170035262754,705.9457586344413
potato,303.0,Dehradoon APMC,Uttarakhand,1,4,2022-02-07,700.0,698.9244718323672
potato,303.0,Dehradoon APMC,Uttarakhand,1,4,2022-02-14,662.0670391061451,690.7028856962762
potato,303.0,Dehradoon APMC,Uttarakhand,1,4,2022-02-21,738.0100755667504,698.9244718323672
potato,303.0,Dehradoon APMC,Uttarakhand,1,4,2022-02-28,675.7740697778175,709.4238489109168
potato,303.0,Dehradoon APMC,Uttarakhand,1,4,2022-03-07,721.5985536495123,716.9366453733074
potato,303.0,Dehradoon APMC,Uttarakhand,1,4,2022-03-14,632.8575479723978,698.0177062792998
potato,303.0,Dehradoon APMC,Uttarakhand,1,4,2022-03-21,800.0000000000003,689.2254995989802
potato,303.0,Dehradoon APMC,Uttarakhand,1,4,2022-03-28,841.3732179846476,711.7770678111314
potato,303.0,Dehradoon APMC,Uttarakhand,1,4,2022-04-04,921.0578418894069,698.0177062792998
potato,303.0,Dehradoon APMC,Uttarakhand,1,4,2022-04-11,999.9999999999999,698.0177062792998
potato,303.0,Dehradoon APMC,Uttarakhand,1,4,2022-04-18,1053.5022180714457,685.6739945872868
potato,303.0,Dehradoon APMC,Uttarakhand,1,4,2022-04-25,1111.8833832169387,695.1145282104267
potato,303.0,Dehradoon APMC,Uttarakhand,1,4,2022-05-02,1192.3531436438734,757.4231206177294
potato,303.0,Dehradoon APMC,Uttarakhand,1,4,2022-05-09,1200.0,1054.6862774124934
potato,303.0,Dehradoon APMC,Uttarakhand,1,4,2022-05-16,873.0722451958161,1099.625053489179
potato,303.0,Dehradoon APMC,Uttarakhand,1,4,2022-05-23,1191.231225829661,1106.188850883572
potato,303.0,Dehradoon APMC,Uttarakhand,1,4,2022-05-30,1399.9999999999993,1156.1348808702867
potato,303.0,Dehradoon APMC,Uttarakhand,1,4,2022-06-06,993.3985913811628,1080.8806867272808
potato,303.0,Dehradoon APMC,Uttarakhand,1,4,2022-06-13,1202.8891213389115,1193.1578969510297
potato,303.0,Dehradoon APMC,Uttarakhand,1,4,2022-06-20,1514.8424190800677,1193.1578969510297
potato,303.0,Dehradoon APMC,Uttarakhand,1,4,2022-06-27,1060.1098706361865,1198.1381880909264
potato,303.0,Dehradoon APMC,Uttarakhand,1,4,2022-07-04,1003.6306331733932,1193.1578969510297
potato,303.0,Dehradoon APMC,Uttarakhand,1,4,2022-07-11,1353.7540960250751,1217.674256029456
potato,303.0,Dehradoon APMC,Uttarakhand,1,4,2022-07-18,1312.4378866240747,1217.674256029456
potato,303.0,Dehradoon APMC,Uttarakhand,1,4,2022-07-25,1199.0857484314313,1217.674256029456
potato,303.0,Dehradoon APMC,Uttarakhand,1,4,2022-08-01,1118.9907636855153,1198.1381880909264
potato,303.0,Dehradoon APMC,Uttarakhand,1,4,2022-08-08,1188.7222782258066,1234.21022785283
potato,303.0,Dehradoon APMC,Uttarakhand,1,4,2022-08-15,1069.8240258574256,1290.8034898129115
potato,303.0,Dehradoon APMC,Uttarakhand,1,4,2022-08-22,1017.686682604416,1290.8034898129115
potato,303.0,Dehradoon APMC,Uttarakhand,1,4,2022-08-29,1078.1394196106705,1271.3930331644194
potato,303.0,Dehradoon APMC,Uttarakhand,1,4,2022-09-05,1245.6760893050061,1249.3937396474762
potato,303.0,Dehradoon APMC,Uttarakhand,1,4,2022-09-12,1451.588219472835,1228.7558397073349
potato,303.0,Dehradoon APMC,Uttarakhand,1,4,2022-09-19,1197.802636835797,1253.786415109566
potato,303.0,Dehradoon APMC,Uttarakhand,1,4,2022-09-26,1143.6638388123013,1319.1876333462433
potato,303.0,Dehradoon APMC,Uttarakhand,1,4,2022-10-03,1369.0271035598703,1233.8845937258513
potato,303.0,Dehradoon APMC,Uttarakhand,1,4,2022-10-10,1478.2710890571952,1233.8845937258513
potato,303.0,Dehradoon APMC,Uttarakhand,1,4,2022-10-17,1265.8253442565801,1219.3791571194276
potato,303.0,Dehradoon APMC,Uttarakhand,1,4,2022-10-24,1697.110823630876,1282.9870210755344
potato,303.0,Dehradoon APMC,Uttarakhand,1,4,2022-10-31,1555.515367898168,1272.0609986069926
potato,303.0,Dehradoon APMC,Uttarakhand,1,4,2022-11-07,1393.467100977199,1257.4838348273502
potato,303.0,Dehradoon APMC,Uttarakhand,1,4,2022-11-14,1519.7962445065928,1180.3380766936382
potato,303.0,Dehradoon APMC,Uttarakhand,1,4,2022-11-21,1489.3369690011484,982.9542998956208
potato,303.0,Dehradoon APMC,Uttarakhand,1,4,2022-11-28,1637.164374590701,925.4837456550271
potato,303.0,Dehradoon APMC,Uttarakhand,1,4,2022-12-05,915.7160712425789,944.5046877321162
potato,303.0,Dehradoon APMC,Uttarakhand,1,4,2022-12-12,1222.307202039516,944.5046877321162
potato,303.0,Dehradoon APMC,Uttarakhand,1,4,2022-12-19,1156.2831188493565,944.5046877321162
potato,303.0,Dehradoon APMC,Uttarakhand,1,4,2022-12-26,1145.4047619047617,944.5046877321162
potato,303.0,Dehradoon APMC,Uttarakhand,1,13,2022-01-03,721.5985536495123,741.6463784384993
potato,303.0,Dehradoon APMC,Uttarakhand,1,13,2022-01-10,632.8575479723978,741.6463784384993
potato,303.0,Dehradoon APMC,Uttarakhand,1,13,2022-01-17,800.0000000000003,704.2578162582821
potato,303.0,Dehradoon APMC,Uttarakhand,1,13,2022-01-24,841.3732179846476,704.2578162582821
potato,303.0,Dehradoon APMC,Uttarakhand,1,13,2022-01-31,921.0578418894069,704.2578162582821
potato,303.0,Dehradoon APMC,Uttarakhand,1,13,2022-02-07,999.9999999999999,704.2578162582821
potato,303.0,Dehradoon APMC,Uttarakhand,1,13,2022-02-14,1053.5022180714457,704.2578162582821
potato,303.0,Dehradoon APMC,Uttarakhand,1,13,2022-02-21,1111.8833832169387,704.2578162582821
potato,303.0,Dehradoon APMC,Uttarakhand,1,13,2022-02-28,1192.3531436438734,704.2578162582821
potato,303.0,Dehradoon APMC,Uttarakhand,1,13,2022-03-07,1200.0,741.6463784384993
potato,303.0,Dehradoon APMC,Uttarakhand,1,13,2022-03-14,873.0722451958161,741.6463784384993
potato,303.0,Dehradoon APMC,Uttarakhand,1,13,2022-03-21,1191.231225829661,741.6463784384993
potato,303.0,Dehradoon APMC,Uttarakhand,1,13,2022-03-28,1399.9999999999993,741.6463784384993
potato,303.0,Dehradoon APMC,Uttarakhand,1,13,2022-04-04,993.3985913811628,741.6463784384993
potato,303.0,Dehradoon APMC,Uttarakhand,1,13,2022-04-11,1202.8891213389115,741.6463784384993
potato,303.0,Dehradoon APMC,Uttarakhand,1,13,2022-04-18,1514.8424190800677,741.6463784384993
potato,303.0,Dehradoon APMC,Uttarakhand,1,13,2022-04-25,1060.1098706361865,741.6463784384993
potato,303.0,Dehradoon APMC,Uttarakhand,1,13,2022-05-02,1003.6306331733932,741.6463784384993
potato,303.0,Dehradoon APMC,Uttarakhand,1,13,2022-05-09,1353.7540960250751,741.6463784384993
potato,303.0,Dehradoon APMC,Uttarakhand,1,13,2022-05-16,1312.4378866240747,741.6463784384993
potato,303.0,Dehradoon APMC,Uttarakhand,1,13,2022-05-23,1199.0857484314313,741.6463784384993
potato,303.0,Dehradoon APMC,Uttarakhand,1,13,2022-05-30,1118.9907636855153,741.6463784384993
potato,303.0,Dehradoon APMC,Uttarakhand,1,13,2022-06-06,1188.7222782258066,741.6463784384993
potato,303.0,Dehradoon APMC,Uttarakhand,1,13,2022-06-13,1069.8240258574256,741.6463784384993
potato,303.0,Dehradoon APMC,Uttarakhand,1,13,2022-06-20,1017.686682604416,741.6463784384993
potato,303.0,Dehradoon APMC,Uttarakhand,1,13,2022-06-27,1078.1394196106705,741.6463784384993
potato,303.0,Dehradoon APMC,Uttarakhand,1,13,2022-07-04,1245.6760893050061,741.6463784384993
potato,303.0,Dehradoon APMC,Uttarakhand,1,13,2022-07-11,1451.588219472835,741.6463784384993
potato,303.0,Dehradoon APMC,Uttarakhand,1,13,2022-07-18,1197.802636835797,741.6463784384993
potato,303.0,Dehradoon APMC,Uttarakhand,1,13,2022-07-25,1143.6638388123013,741.6463784384993
potato,303.0,Dehradoon APMC,Uttarakhand,1,13,2022-08-01,1369.0271035598703,704.2578162582821
potato,303.0,Dehradoon APMC,Uttarakhand,1,13,2022-08-08,1478.2710890571952,704.2578162582821
potato,303.0,Dehradoon APMC,Uttarakhand,1,13,2022-08-15,1265.8253442565801,704.2578162582821
potato,303.0,Dehradoon APMC,Uttarakhand,1,13,2022-08-22,1697.110823630876,704.2578162582821
potato,303.0,Dehradoon APMC,Uttarakhand,1,13,2022-08-29,1555.515367898168,704.2578162582821
potato,303.0,Dehradoon APMC,Uttarakhand,1,13,2022-09-05,1393.467100977199,680.7085682167472
potato,303.0,Dehradoon APMC,Uttarakhand,1,13,2022-09-12,1519.7962445065928,680.7085682167472
potato,303.0,Dehradoon APMC,Uttarakhand,1,13,2022-09-19,1489.3369690011484,680.7085682167472
potato,303.0,Dehradoon APMC,Uttarakhand,1,13,2022-09-26,1637.164374590701,680.7085682167472
potato,303.0,Dehradoon APMC,Uttarakhand,1,13,2022-10-03,915.7160712425789,680.7085682167472
potato,303.0,Dehradoon APMC,Uttarakhand,1,13,2022-10-10,1222.307202039516,680.7085682167472
potato,303.0,Dehradoon APMC,Uttarakhand,1,13,2022-10-17,1156.2831188493565,680.7085682167472
potato,303.0,Dehradoon APMC,Uttarakhand,1,13,2022-10-24,1145.4047619047617,680.7085682167472
potato,303.0,Dehradoon APMC,Uttarakhand,1,13,2022-10-31,1205.9231048240842,680.7085682167472
potato,303.0,Dehradoon APMC,Uttarakhand,1,13,2022-11-07,874.4929843178867,680.7085682167472
potato,303.0,Dehradoon APMC,Uttarakhand,1,13,2022-11-14,877.737030411449,680.7085682167472
potato,303.0,Dehradoon APMC,Uttarakhand,1,13,2022-11-21,781.1408626797248,680.7085682167472
potato,303.0,Dehradoon APMC,Uttarakhand,1,13,2022-11-28,1215.0825358851675,680.7085682167472
potato,303.0,Dehradoon APMC,Uttarakhand,1,13,2022-12-05,1254.9999999999998,680.7085682167472
potato,303.0,Dehradoon APMC,Uttarakhand,1,13,2022-12-12,1260.9224039558765,680.7085682167472
potato,303.0,Dehradoon APMC,Uttarakhand,1,13,2022-12-19,843.096203848154,680.7085682167472
potato,303.0,Dehradoon APMC,Uttarakhand,1,13,2022-12-26,826.1160058737152,680.7085682167472
potato,303.0,Dehradoon APMC,Uttarakhand,1,26,2022-01-03,993.3985913811628,898.4564136675946
potato,303.0,Dehradoon APMC,Uttarakhand,1,26,2022-01-10,1202.8891213389115,855.7370037779998
potato,303.0,Dehradoon APMC,Uttarakhand,1,26,2022-01-17,1514.8424190800677,855.7370037779998
potato,303.0,Dehradoon APMC,Uttarakhand,1,26,2022-01-24,1060.1098706361865,855.7370037779998
potato,303.0,Dehradoon APMC,Uttarakhand,1,26,2022-01-31,1003.6306331733932,855.7370037779998
potato,303.0,Dehradoon APMC,Uttarakhand,1,26,2022-02-07,1353.7540960250751,837.6928880677187
potato,303.0,Dehradoon APMC,Uttarakhand,1,26,2022-02-14,1312.4378866240747,837.6928880677187
potato,303.0,Dehradoon APMC,Uttarakhand,1,26,2022-02-21,1199.0857484314313,837.6928880677187
potato,303.0,Dehradoon APMC,Uttarakhand,1,26,2022-02-28,1118.9907636855153,837.6928880677187
potato,303.0,Dehradoon APMC,Uttarakhand,1,26,2022-03-07,1188.7222782258066,808.8426370284909
potato,303.0,Dehradoon APMC,Uttarakhand,1,26,2022-03-14,1069.8240258574256,808.8426370284909
potato,303.0,Dehradoon APMC,Uttarakhand,1,26,2022-03-21,1017.686682604416,808.8426370284909
potato,303.0,Dehradoon APMC,Uttarakhand,1,26,2022-03-28,1078.1394196106705,808.8426370284909
potato,303.0,Dehradoon APMC,Uttarakhand,1,26,2022-04-04,1245.6760893050061,808.8426370284909
potato,303.0,Dehradoon APMC,Uttarakhand,1,26,2022-04-11,1451.588219472835,808.8426370284909
potato,303.0,Dehradoon APMC,Uttarakhand,1,26,2022-04-18,1197.802636835797,808.8426370284909
potato,303.0,Dehradoon APMC,Uttarakhand,1,26,2022-04-25,1143.6638388123013,808.8426370284909
potato,303.0,Dehradoon APMC,Uttarakhand,1,26,2022-05-02,1369.0271035598703,808.8426370284909
potato,303.0,Dehradoon APMC,Uttarakhand,1,26,2022-05-09,1478.2710890571952,808.8426370284909
potato,303.0,Dehradoon APMC,Uttarakhand,1,26,2022-05-16,1265.8253442565801,808.8426370284909
potato,303.0,Dehradoon APMC,Uttarakhand,1,26,2022-05-23,1697.110823630876,808.8426370284909
potato,303.0,Dehradoon APMC,Uttarakhand,1,26,2022-05-30,1555.515367898168,837.6928880677187
potato,303.0,Dehradoon APMC,Uttarakhand,1,26,2022-06-06,1393.467100977199,898.4564136675946
potato,303.0,Dehradoon APMC,Uttarakhand,1,26,2022-06-13,1519.7962445065928,898.4564136675946
potato,303.0,Dehradoon APMC,Uttarakhand,1,26,2022-06-20,1489.3369690011484,898.4564136675946
potato,303.0,Dehradoon APMC,Uttarakhand,1,26,2022-06-27,1637.164374590701,898.4564136675946
potato,303.0,Dehradoon APMC,Uttarakhand,1,26,2022-07-04,915.7160712425789,898.4564136675946
potato,303.0,Dehradoon APMC,Uttarakhand,1,26,2022-07-11,1222.307202039516,898.4564136675946
potato,303.0,Dehradoon APMC,Uttarakhand,1,26,2022-07-18,1156.2831188493565,867.5159541712235
potato,303.0,Dehradoon APMC,Uttarakhand,1,26,2022-07-25,1145.4047619047617,898.4564136675946
potato,303.0,Dehradoon APMC,Uttarakhand,1,26,2022-08-01,1205.9231048240842,867.5159541712235
potato,303.0,Dehradoon APMC,Uttarakhand,1,26,2022-08-08,874.4929843178867,867.5159541712235
potato,303.0,Dehradoon APMC,Uttarakhand,1,26,2022-08-15,877.737030411449,867.5159541712235
potato,303.0,Dehradoon APMC,Uttarakhand,1,26,2022-08-22,781.1408626797248,867.5159541712235
potato,303.0,Dehradoon APMC,Uttarakhand,1,26,2022-08-29,1215.0825358851675,867.5159541712235
potato,303.0,Dehradoon APMC,Uttarakhand,1,26,2022-09-05,1254.9999999999998,696.0750244130274
potato,303.0,Dehradoon APMC,Uttarakhand,1,26,2022-09-12,1260.9224039558765,696.0750244130274
potato,303.0,Dehradoon APMC,Uttarakhand,1,26,2022-09-19,843.096203848154,714.3814627506474
potato,303.0,Dehradoon APMC,Uttarakhand,1,26,2022-09-26,826.1160058737152,714.3814627506474
potato,303.0,Dehradoon APMC,Uttarakhand,1,26,2022-10-03,1053.4283000949663,714.3814627506474
potato,303.0,Dehradoon APMC,Uttarakhand,1,26,2022-10-10,1055.2394636015326,696.0750244130274
potato,303.0,Dehradoon APMC,Uttarakhand,1,26,2022-10-17,793.3931852346753,714.3814627506474
potato,303.0,Dehradoon APMC,Uttarakhand,1,26,2022-10-24,1062.9599227426363,714.3814627506474
potato,303.0,Dehradoon APMC,Uttarakhand,1,26,2022-10-31,1004.2840180479699,714.3814627506474
potato,303.0,Dehradoon APMC,Uttarakhand,1,26,2022-11-07,961.2605379365714,714.3814627506474
potato,303.0,Dehradoon APMC,Uttarakhand,1,26,2022-11-14,950.0,714.3814627506474
potato,303.0,Dehradoon APMC,Uttarakhand,1,26,2022-11-21,832.8767123287669,714.3814627506474
potato,303.0,Dehradoon APMC,Uttarakhand,1,26,2022-11-28,811.385668123931,714.3814627506474
potato,303.0,Dehradoon APMC,Uttarakhand,1,26,2022-12-05,940.0859315589353,714.3814627506474
potato,303.0,Dehradoon APMC,Uttarakhand,1,26,2022-12-12,1316.2644802166392,727.7112903241366
potato,303.0,Dehradoon APMC,Uttarakhand,1,26,2022-12-19,1285.082054941134,727.7112903241366
potato,303.0,Dehradoon APMC,Uttarakhand,1,26,2022-12-26,1110.4408020369194,727.7112903241366
potato,303.0,Dehradoon APMC,Uttarakhand,2,1,2023-01-02,1222.307202039516,1093.4140063481466
potato,303.0,Dehradoon APMC,Uttarakhand,2,1,2023-01-09,1156.2831188493565,946.5558408125204
potato,303.0,Dehradoon APMC,Uttarakhand,2,1,2023-01-16,1145.4047619047617,993.8573946620585
potato,303.0,Dehradoon APMC,Uttarakhand,2,1,2023-01-23,1205.9231048240842,1018.4595598091694
potato,303.0,Dehradoon APMC,Uttarakhand,2,1,2023-01-30,874.4929843178867,1002.973001097776
potato,303.0,Dehradoon APMC,Uttarakhand,2,1,2023-02-06,877.737030411449,1010.8854277299005
potato,303.0,Dehradoon APMC,Uttarakhand,2,1,2023-02-13,781.1408626797248,967.6087877598359
potato,303.0,Dehradoon APMC,Uttarakhand,2,1,2023-02-20,1215.0825358851675,1016.7165515904595
potato,303.0,Dehradoon APMC,Uttarakhand,2,1,2023-02-27,1254.9999999999998,754.2228892468802
potato,303.0,Dehradoon APMC,Uttarakhand,2,1,2023-03-06,1260.9224039558765,949.0174503569139
potato,303.0,Dehradoon APMC,Uttarakhand,2,1,2023-03-13,843.096203848154,1021.5054539825014
potato,303.0,Dehradoon APMC,Uttarakhand,2,1,2023-03-20,826.1160058737152,1005.8961572330151
potato,303.0,Dehradoon APMC,Uttarakhand,2,1,2023-03-27,1053.4283000949663,780.3775596614598
potato,303.0,Dehradoon APMC,Uttarakhand,2,1,2023-04-03,1055.2394636015326,802.0039952053402
potato,303.0,Dehradoon APMC,Uttarakhand,2,1,2023-04-10,793.3931852346753,1023.7028561407776
potato,303.0,Dehradoon APMC,Uttarakhand,2,1,2023-04-17,1062.9599227426363,1081.6160636288382
potato,303.0,Dehradoon APMC,Uttarakhand,2,1,2023-04-24,1004.2840180479699,811.1652486804102
potato,303.0,Dehradoon APMC,Uttarakhand,2,1,2023-05-01,961.2605379365714,1021.5334718341092
potato,303.0,Dehradoon APMC,Uttarakhand,2,1,2023-05-08,950.0,1115.139370797064
potato,303.0,Dehradoon APMC,Uttarakhand,2,1,2023-05-15,832.8767123287669,1151.8409853573883
potato,303.0,Dehradoon APMC,Uttarakhand,2,1,2023-05-22,811.385668123931,1122.9283876334107
potato,303.0,Dehradoon APMC,Uttarakhand,2,1,2023-05-29,940.0859315589353,936.9335755298547
potato,303.0,Dehradoon APMC,Uttarakhand,2,1,2023-06-05,1316.2644802166392,826.6443289208578
potato,303.0,Dehradoon APMC,Uttarakhand,2,1,2023-06-12,1285.082054941134,1026.4720159922274
potato,303.0,Dehradoon APMC,Uttarakhand,2,1,2023-06-19,1110.4408020369194,1146.3116166177822
potato,303.0,Dehradoon APMC,Uttarakhand,2,1,2023-06-26,1359.5793675161192,1123.9651266766061
potato,303.0,Dehradoon APMC,Uttarakhand,2,1,2023-07-03,1506.6025522470873,1115.1001855800266
potato,303.0,Dehradoon APMC,Uttarakhand,2,1,2023-07-10,1461.6763400477976,1102.6823129448849
potato,303.0,Dehradoon APMC,Uttarakhand,2,1,2023-07-17,1148.4760137821359,1172.9136476063297
potato,303.0,Dehradoon APMC,Uttarakhand,2,1,2023-07-24,1086.4114832535888,1111.5894375194548
potato,303.0,Dehradoon APMC,Uttarakhand,2,1,2023-07-31,1081.8087318087323,1129.0675984567229
potato,303.0,Dehradoon APMC,Uttarakhand,2,1,2023-08-07,999.9999999999999,1144.4138046557628
potato,303.0,Dehradoon APMC,Uttarakhand,2,1,2023-08-14,1008.2383966244729,1144.4138046557628
potato,303.0,Dehradoon APMC,Uttarakhand,2,1,2023-08-21,1016.4767932489453,1144.5104659335004
potato,303.0,Dehradoon APMC,Uttarakhand,2,1,2023-08-28,1092.40729841083,1126.7430978579182
potato,303.0,Dehradoon APMC,Uttarakhand,2,1,2023-09-04,828.2083862770012,1167.2936071670879
potato,303.0,Dehradoon APMC,Uttarakhand,2,1,2023-09-11,1006.4102564102564,1183.1589187830396
potato,303.0,Dehradoon APMC,Uttarakhand,2,1,2023-09-18,999.9999999999999,971.5616196512028
potato,303.0,Dehradoon APMC,Uttarakhand,2,1,2023-09-25,843.2750228171585,1116.3485898780866
potato,303.0,Dehradoon APMC,Uttarakhand,2,1,2023-10-02,931.0566348031658,1201.7449594112945
potato,303.0,Dehradoon APMC,Uttarakhand,2,1,2023-10-09,891.7801608579086,958.4088426764697
potato,303.0,Dehradoon APMC,Uttarakhand,2,1,2023-10-16,1007.5562462995853,1053.366768722456
potato,303.0,Dehradoon APMC,Uttarakhand,2,1,2023-10-23,991.4006384676778,1124.029995669033
potato,303.0,Dehradoon APMC,Uttarakhand,2,1,2023-10-30,1010.5913068021456,1187.949579804143
potato,303.0,Dehradoon APMC,Uttarakhand,2,1,2023-11-06,840.4971358428807,1197.5448427670342
potato,303.0,Dehradoon APMC,Uttarakhand,2,1,2023-11-13,1100.2564102564104,1187.949579804143
potato,303.0,Dehradoon APMC,Uttarakhand,2,1,2023-11-20,971.2028725314179,877.4903426230893
potato,303.0,Dehradoon APMC,Uttarakhand,2,1,2023-11-27,897.6637726913967,1003.2097621391188
potato,303.0,Dehradoon APMC,Uttarakhand,2,1,2023-12-04,804.8415300546451,1045.363142205869
potato,303.0,Dehradoon APMC,Uttarakhand,2,1,2023-12-11,578.7856996096156,1064.690563656039
potato,303.0,Dehradoon APMC,Uttarakhand,2,1,2023-12-18,600.4708716600967,800.5649904466324
potato,303.0,Dehradoon APMC,Uttarakhand,2,1,2023-12-25,653.9960005516483,670.8322448503793
potato,303.0,Dehradoon APMC,Uttarakhand,2,4,2023-01-02,1205.9231048240842,855.6395644397417
potato,303.0,Dehradoon APMC,Uttarakhand,2,4,2023-01-09,874.4929843178867,836.4276635726391
potato,303.0,Dehradoon APMC,Uttarakhand,2,4,2023-01-16,877.737030411449,799.4877520597075
potato,303.0,Dehradoon APMC,Uttarakhand,2,4,2023-01-23,781.1408626797248,794.5488930497966
potato,303.0,Dehradoon APMC,Uttarakhand,2,4,2023-01-30,1215.0825358851675,820.1710781345533
potato,303.0,Dehradoon APMC,Uttarakhand,2,4,2023-02-06,1254.9999999999998,807.5388598246063
potato,303.0,Dehradoon APMC,Uttarakhand,2,4,2023-02-13,1260.9224039558765,833.8077028292278
potato,303.0,Dehradoon APMC,Uttarakhand,2,4,2023-02-20,843.096203848154,808.7305899111299
potato,303.0,Dehradoon APMC,Uttarakhand,2,4,2023-02-27,826.1160058737152,731.5266304878827
potato,303.0,Dehradoon APMC,Uttarakhand,2,4,2023-03-06,1053.4283000949663,794.4226695546532
potato,303.0,Dehradoon APMC,Uttarakhand,2,4,2023-03-13,1055.2394636015326,809.7865706036819
potato,303.0,Dehradoon APMC,Uttarakhand,2,4,2023-03-20,793.3931852346753,838.9682060349775
potato,303.0,Dehradoon APMC,Uttarakhand,2,4,2023-03-27,1062.9599227426363,879.0078604857937
potato,303.0,Dehradoon APMC,Uttarakhand,2,4,2023-04-03,1004.2840180479699,863.6644244999985
potato,303.0,Dehradoon APMC,Uttarakhand,2,4,2023-04-10,961.2605379365714,895.3886070321101
potato,303.0,Dehradoon APMC,Uttarakhand,2,4,2023-04-17,950.0,937.2137761191506
potato,303.0,Dehradoon APMC,Uttarakhand,2,4,2023-04-24,832.8767123287669,850.1703156133718
potato,303.0,Dehradoon APMC,Uttarakhand,2,4,2023-05-01,811.385668123931,1035.7605595455723
potato,303.0,Dehradoon APMC,Uttarakhand,2,4,2023-05-08,940.0859315589353,972.7888242711277
potato,303.0,Dehradoon APMC,Uttarakhand,2,4,2023-05-15,1316.2644802166392,1003.0078698640575
potato,303.0,Dehradoon APMC,Uttarakhand,2,4,2023-05-22,1285.082054941134,1012.8970390487898
potato,303.0,Dehradoon APMC,Uttarakhand,2,4,2023-05-29,1110.4408020369194,948.9119811664528
potato,303.0,Dehradoon APMC,Uttarakhand,2,4,2023-06-05,1359.5793675161192,972.3744333331375
potato,303.0,Dehradoon APMC,Uttarakhand,2,4,2023-06-12,1506.6025522470873,1003.5755962278167
potato,303.0,Dehradoon APMC,Uttarakhand,2,4,2023-06-19,1461.6763400477976,983.1129938822376
potato,303.0,Dehradoon APMC,Uttarakhand,2,4,2023-06-26,1148.4760137821359,961.7877028012799
potato,303.0,Dehradoon APMC,Uttarakhand,2,4,2023-07-03,1086.4114832535888,1003.302969370831
potato,303.0,Dehradoon APMC,Uttarakhand,2,4,2023-07-10,1081.8087318087323,991.0446467315297
potato,303.0,Dehradoon APMC,Uttarakhand,2,4,2023-07-17,999.9999999999999,960.142625151196
potato,303.0,Dehradoon APMC,Uttarakhand,2,4,2023-07-24,1008.2383966244729,1008.86377183397
potato,303.0,Dehradoon APMC,Uttarakhand,2,4,2023-07-31,1016.4767932489453,1071.9007650649464
potato,303.0,Dehradoon APMC,Uttarakhand,2,4,2023-08-07,1092.40729841083,1087.2092073370936
potato,303.0,Dehradoon APMC,Uttarakhand,2,4,2023-08-14,828.2083862770012,1084.5803298449932
potato,303.0,Dehradoon APMC,Uttarakhand,2,4,2023-08-21,1006.4102564102564,1103.7861422301928
potato,303.0,Dehradoon APMC,Uttarakhand,2,4,2023-08-28,999.9999999999999,1141.3090533580794
potato,303.0,Dehradoon APMC,Uttarakhand,2,4,2023-09-04,843.2750228171585,1112.3215169681157
potato,303.0,Dehradoon APMC,Uttarakhand,2,4,2023-09-11,931.0566348031658,1149.1077431341228
potato,303.0,Dehradoon APMC,Uttarakhand,2,4,2023-09-18,891.7801608579086,1060.6995757787563
potato,303.0,Dehradoon APMC,Uttarakhand,2,4,2023-09-25,1007.5562462995853,1205.7013193851212
potato,303.0,Dehradoon APMC,Uttarakhand,2,4,2023-10-02,991.4006384676778,1211.156362845598
potato,303.0,Dehradoon APMC,Uttarakhand,2,4,2023-10-09,1010.5913068021456,1066.807656783598
potato,303.0,Dehradoon APMC,Uttarakhand,2,4,2023-10-16,840.4971358428807,1243.9287093249545
potato,303.0,Dehradoon APMC,Uttarakhand,2,4,2023-10-23,1100.2564102564104,1244.1207426263115
potato,303.0,Dehradoon APMC,Uttarakhand,2,4,2023-10-30,971.2028725314179,1074.3072104469502
potato,303.0,Dehradoon APMC,Uttarakhand,2,4,2023-11-06,897.6637726913967,863.3595581208809
potato,303.0,Dehradoon APMC,Uttarakhand,2,4,2023-11-13,804.8415300546451,847.4973795532903
potato,303.0,Dehradoon APMC,Uttarakhand,2,4,2023-11-20,578.7856996096156,774.8726289681204
potato,303.0,Dehradoon APMC,Uttarakhand,2,4,2023-11-27,600.4708716600967,836.9590670832538
potato,303.0,Dehradoon APMC,Uttarakhand,2,4,2023-12-04,653.9960005516483,846.5454946607683
potato,303.0,Dehradoon APMC,Uttarakhand,2,4,2023-12-11,499.9999999999999,843.1292119703302
potato,303.0,Dehradoon APMC,Uttarakhand,2,4,2023-12-18,762.282526475038,783.0920257600334
potato,303.0,Dehradoon APMC,Uttarakhand,2,4,2023-12-25,772.091375951833,743.7466444437251
potato,303.0,Dehradoon APMC,Uttarakhand,2,13,2023-01-02,1053.4283000949663,710.0559591281166
potato,303.0,Dehradoon APMC,Uttarakhand,2,13,2023-01-09,1055.2394636015326,652.7719093909094
potato,303.0,Dehradoon APMC,Uttarakhand,2,13,2023-01-16,793.3931852346753,686.526032688484
potato,303.0,Dehradoon APMC,Uttarakhand,2,13,2023-01-23,1062.9599227426363,708.2018261331613
potato,303.0,Dehradoon APMC,Uttarakhand,2,13,2023-01-30,1004.2840180479699,684.4376527241651
potato,303.0,Dehradoon APMC,Uttarakhand,2,13,2023-02-06,961.2605379365714,699.6948046486112
potato,303.0,Dehradoon APMC,Uttarakhand,2,13,2023-02-13,950.0,745.5519233068388
potato,303.0,Dehradoon APMC,Uttarakhand,2,13,2023-02-20,832.8767123287669,730.9459417589478
potato,303.0,Dehradoon APMC,Uttarakhand,2,13,2023-02-27,811.385668123931,713.285898114377
potato,303.0,Dehradoon APMC,Uttarakhand,2,13,2023-03-06,940.0859315589353,710.3242064127455
potato,303.0,Dehradoon APMC,Uttarakhand,2,13,2023-03-13,1316.2644802166392,745.423015925143
potato,303.0,Dehradoon APMC,Uttarakhand,2,13,2023-03-20,1285.082054941134,734.9992431627169
potato,303.0,Dehradoon APMC,Uttarakhand,2,13,2023-03-27,1110.4408020369194,740.9722148339498
potato,303.0,Dehradoon APMC,Uttarakhand,2,13,2023-04-03,1359.5793675161192,752.2281924072573
potato,303.0,Dehradoon APMC,Uttarakhand,2,13,2023-04-10,1506.6025522470873,803.8866627214416
potato,303.0,Dehradoon APMC,Uttarakhand,2,13,2023-04-17,1461.6763400477976,813.8716777405758
potato,303.0,Dehradoon APMC,Uttarakhand,2,13,2023-04-24,1148.4760137821359,793.3472029584473
potato,303.0,Dehradoon APMC,Uttarakhand,2,13,2023-05-01,1086.4114832535888,766.1015859279598
potato,303.0,Dehradoon APMC,Uttarakhand,2,13,2023-05-08,1081.8087318087323,770.5346629524615
potato,303.0,Dehradoon APMC,Uttarakhand,2,13,2023-05-15,999.9999999999999,806.0741668498349
potato,303.0,Dehradoon APMC,Uttarakhand,2,13,2023-05-22,1008.2383966244729,740.8336944560328
potato,303.0,Dehradoon APMC,Uttarakhand,2,13,2023-05-29,1016.4767932489453,749.4121786004317
potato,303.0,Dehradoon APMC,Uttarakhand,2,13,2023-06-05,1092.40729841083,835.9948004013661
potato,303.0,Dehradoon APMC,Uttarakhand,2,13,2023-06-12,828.2083862770012,866.3893365935149
potato,303.0,Dehradoon APMC,Uttarakhand,2,13,2023-06-19,1006.4102564102564,882.9944635686322
potato,303.0,Dehradoon APMC,Uttarakhand,2,13,2023-06-26,999.9999999999999,854.0891539947262
potato,303.0,Dehradoon APMC,Uttarakhand,2,13,2023-07-03,843.2750228171585,848.4666328391398
potato,303.0,Dehradoon APMC,Uttarakhand,2,13,2023-07-10,931.0566348031658,953.3429236296308
potato,303.0,Dehradoon APMC,Uttarakhand,2,13,2023-07-17,891.7801608579086,969.4519192926659
potato,303.0,Dehradoon APMC,Uttarakhand,2,13,2023-07-24,1007.5562462995853,958.6442258896146
potato,303.0,Dehradoon APMC,Uttarakhand,2,13,2023-07-31,991.4006384676778,895.0906055929902
potato,303.0,Dehradoon APMC,Uttarakhand,2,13,2023-08-07,1010.5913068021456,792.946279444269
potato,303.0,Dehradoon APMC,Uttarakhand,2,13,2023-08-14,840.4971358428807,870.9112093978719
potato,303.0,Dehradoon APMC,Uttarakhand,2,13,2023-08-21,1100.2564102564104,788.1505441441078
potato,303.0,Dehradoon APMC,Uttarakhand,2,13,2023-08-28,971.2028725314179,821.7395653949325
potato,303.0,Dehradoon APMC,Uttarakhand,2,13,2023-09-04,897.6637726913967,811.2352406301136
potato,303.0,Dehradoon APMC,Uttarakhand,2,13,2023-09-11,804.8415300546451,838.6492793455037
potato,303.0,Dehradoon APMC,Uttarakhand,2,13,2023-09-18,578.7856996096156,702.7686625330331
potato,303.0,Dehradoon APMC,Uttarakhand,2,13,2023-09-25,600.4708716600967,705.16957742129
potato,303.0,Dehradoon APMC,Uttarakhand,2,13,2023-10-02,653.9960005516483,619.962068838291
potato,303.0,Dehradoon APMC,Uttarakhand,2,13,2023-10-09,499.9999999999999,621.1815853259839
potato,303.0,Dehradoon APMC,Uttarakhand,2,13,2023-10-16,762.282526475038,625.3229307976325
potato,303.0,Dehradoon APMC,Uttarakhand,2,13,2023-10-23,772.091375951833,621.6821378818432
potato,303.0,Dehradoon APMC,Uttarakhand,2,13,2023-10-30,906.3864906043675,621.7434642627334
potato,303.0,Dehradoon APMC,Uttarakhand,2,13,2023-11-06,746.3354295206454,637.4641164438927
potato,303.0,Dehradoon APMC,Uttarakhand,2,13,2023-11-13,685.5553512320703,637.4641164438927
potato,303.0,Dehradoon APMC,Uttarakhand,2,13,2023-11-20,598.2405935347113,627.6245386320064
potato,303.0,Dehradoon APMC,Uttarakhand,2,13,2023-11-27,557.5751972386589,651.9064363429044
potato,303.0,Dehradoon APMC,Uttarakhand,2,13,2023-12-04,569.4651581383387,583.1434460820469
potato,303.0,Dehradoon APMC,Uttarakhand,2,13,2023-12-11,855.0069220119981,606.4395782490446
potato,303.0,Dehradoon APMC,Uttarakhand,2,13,2023-12-18,878.9126016260165,588.1572845516166
potato,303.0,Dehradoon APMC,Uttarakhand,2,13,2023-12-25,953.8654408692016,588.1572845516166
potato,303.0,Dehradoon APMC,Uttarakhand,2,26,2023-01-02,1359.5793675161192,761.3934921712829
potato,303.0,Dehradoon APMC,Uttarakhand,2,26,2023-01-09,1506.6025522470873,722.4532254781077
potato,303.0,Dehradoon APMC,Uttarakhand,2,26,2023-01-16,1461.6763400477976,676.5732383886094
potato,303.0,Dehradoon APMC,Uttarakhand,2,26,2023-01-23,1148.4760137821359,712.7841636140963
potato,303.0,Dehradoon APMC,Uttarakhand,2,26,2023-01-30,1086.4114832535888,722.1075809499006
potato,303.0,Dehradoon APMC,Uttarakhand,2,26,2023-02-06,1081.8087318087323,713.7578696660638
potato,303.0,Dehradoon APMC,Uttarakhand,2,26,2023-02-13,999.9999999999999,763.0583169264082
potato,303.0,Dehradoon APMC,Uttarakhand,2,26,2023-02-20,1008.2383966244729,759.639222591843
potato,303.0,Dehradoon APMC,Uttarakhand,2,26,2023-02-27,1016.4767932489453,761.7313411890568
potato,303.0,Dehradoon APMC,Uttarakhand,2,26,2023-03-06,1092.40729841083,797.6693418958995
potato,303.0,Dehradoon APMC,Uttarakhand,2,26,2023-03-13,828.2083862770012,764.7887808515874
potato,303.0,Dehradoon APMC,Uttarakhand,2,26,2023-03-20,1006.4102564102564,795.879397467269
potato,303.0,Dehradoon APMC,Uttarakhand,2,26,2023-03-27,999.9999999999999,837.9498614835177
potato,303.0,Dehradoon APMC,Uttarakhand,2,26,2023-04-03,843.2750228171585,784.4893565147145
potato,303.0,Dehradoon APMC,Uttarakhand,2,26,2023-04-10,931.0566348031658,766.8388102068085
potato,303.0,Dehradoon APMC,Uttarakhand,2,26,2023-04-17,891.7801608579086,764.8465594713692
potato,303.0,Dehradoon APMC,Uttarakhand,2,26,2023-04-24,1007.5562462995853,760.0732271020039
potato,303.0,Dehradoon APMC,Uttarakhand,2,26,2023-05-01,991.4006384676778,749.9284528949274
potato,303.0,Dehradoon APMC,Uttarakhand,2,26,2023-05-08,1010.5913068021456,760.3973564160614
potato,303.0,Dehradoon APMC,Uttarakhand,2,26,2023-05-15,840.4971358428807,763.2758004205473
potato,303.0,Dehradoon APMC,Uttarakhand,2,26,2023-05-22,1100.2564102564104,760.8691498904868
potato,303.0,Dehradoon APMC,Uttarakhand,2,26,2023-05-29,971.2028725314179,768.1598072188796
potato,303.0,Dehradoon APMC,Uttarakhand,2,26,2023-06-05,897.6637726913967,735.6518682722683
potato,303.0,Dehradoon APMC,Uttarakhand,2,26,2023-06-12,804.8415300546451,647.3795100046979
potato,303.0,Dehradoon APMC,Uttarakhand,2,26,2023-06-19,578.7856996096156,627.1460248806841
potato,303.0,Dehradoon APMC,Uttarakhand,2,26,2023-06-26,600.4708716600967,656.1723472481453
potato,303.0,Dehradoon APMC,Uttarakhand,2,26,2023-07-03,653.9960005516483,668.8060173764127
potato,303.0,Dehradoon APMC,Uttarakhand,2,26,2023-07-10,499.9999999999999,659.5495621123721
potato,303.0,Dehradoon APMC,Uttarakhand,2,26,2023-07-17,762.282526475038,729.079259622977
potato,303.0,Dehradoon APMC,Uttarakhand,2,26,2023-07-24,772.091375951833,734.7523976972013
potato,303.0,Dehradoon APMC,Uttarakhand,2,26,2023-07-31,906.3864906043675,659.8348618588797
potato,303.0,Dehradoon APMC,Uttarakhand,2,26,2023-08-07,746.3354295206454,684.1979634501738
potato,303.0,Dehradoon APMC,Uttarakhand,2,26,2023-08-14,685.5553512320703,697.8486549875423
potato,303.0,Dehradoon APMC,Uttarakhand,2,26,2023-08-21,598.2405935347113,676.8573384553091
potato,303.0,Dehradoon APMC,Uttarakhand,2,26,2023-08-28,557.5751972386589,637.4985193668938
potato,303.0,Dehradoon APMC,Uttarakhand,2,26,2023-09-04,569.4651581383387,666.8242015749032
potato,303.0,Dehradoon APMC,Uttarakhand,2,26,2023-09-11,855.0069220119981,618.2630287631736
potato,303.0,Dehradoon APMC,Uttarakhand,2,26,2023-09-18,878.9126016260165,585.9261474863513
potato,303.0,Dehradoon APMC,Uttarakhand,2,26,2023-09-25,953.8654408692016,591.2976754160186
potato,303.0,Dehradoon APMC,Uttarakhand,2,26,2023-10-02,848.1381011097413,577.8387053153822
potato,303.0,Dehradoon APMC,Uttarakhand,2,26,2023-10-09,1028.323029366306,581.5075221545444
potato,303.0,Dehradoon APMC,Uttarakhand,2,26,2023-10-16,842.3883442265793,667.0763355706441
potato,303.0,Dehradoon APMC,Uttarakhand,2,26,2023-10-23,827.340201168073,671.0588452673136
potato,303.0,Dehradoon APMC,Uttarakhand,2,26,2023-10-30,722.8404737025428,710.0329377795426
potato,303.0,Dehradoon APMC,Uttarakhand,2,26,2023-11-06,972.996183206107,743.1562969448705
potato,303.0,Dehradoon APMC,Uttarakhand,2,26,2023-11-13,708.8937488609439,745.7154466064303
potato,303.0,Dehradoon APMC,Uttarakhand,2,26,2023-11-20,554.011312938177,760.5669688763077
potato,303.0,Dehradoon APMC,Uttarakhand,2,26,2023-11-27,727.0286396181383,770.6056432668527
potato,303.0,Dehradoon APMC,Uttarakhand,2,26,2023-12-04,874.256669881067,723.298746923667
potato,303.0,Dehradoon APMC,Uttarakhand,2,26,2023-12-11,1291.9514203375882,686.6980200320091
potato,303.0,Dehradoon APMC,Uttarakhand,2,26,2023-12-18,1387.3893805309735,676.8809188437423
potato,303.0,Dehradoon APMC,Uttarakhand,2,26,2023-12-25,1383.6130047194554,706.5870881414853
potato,303.0,Dehradoon APMC,Uttarakhand,3,1,2024-01-01,499.9999999999999,720.0345705309052
potato,303.0,Dehradoon APMC,Uttarakhand,3,1,2024-01-08,762.282526475038,742.1497373216125
potato,303.0,Dehradoon APMC,Uttarakhand,3,1,2024-01-15,772.091375951833,702.07326252383
potato,303.0,Dehradoon APMC,Uttarakhand,3,1,2024-01-22,906.3864906043675,742.1497373216125
potato,303.0,Dehradoon APMC,Uttarakhand,3,1,2024-01-29,746.3354295206454,742.1497373216125
potato,303.0,Dehradoon APMC,Uttarakhand,3,1,2024-02-05,685.5553512320703,764.2865122531817
potato,303.0,Dehradoon APMC,Uttarakhand,3,1,2024-02-12,598.2405935347113,797.8283018014819
potato,303.0,Dehradoon APMC,Uttarakhand,3,1,2024-02-19,557.5751972386589,747.9677048739437
potato,303.0,Dehradoon APMC,Uttarakhand,3,1,2024-02-26,569.4651581383387,727.4617565645879
potato,303.0,Dehradoon APMC,Uttarakhand,3,1,2024-03-04,855.0069220119981,716.4983559821694
potato,303.0,Dehradoon APMC,Uttarakhand,3,1,2024-03-11,878.9126016260165,721.4974161965215
potato,303.0,Dehradoon APMC,Uttarakhand,3,1,2024-03-18,953.8654408692016,820.1054311886552
potato,303.0,Dehradoon APMC,Uttarakhand,3,1,2024-03-25,848.1381011097413,823.7669493419933
potato,303.0,Dehradoon APMC,Uttarakhand,3,1,2024-04-01,1028.323029366306,887.1315972371369
potato,303.0,Dehradoon APMC,Uttarakhand,3,1,2024-04-08,842.3883442265793,936.0203796638402
potato,303.0,Dehradoon APMC,Uttarakhand,3,1,2024-04-15,827.340201168073,959.2715537200843
potato,303.0,Dehradoon APMC,Uttarakhand,3,1,2024-04-22,722.8404737025428,964.0712338139015
potato,303.0,Dehradoon APMC,Uttarakhand,3,1,2024-04-29,972.996183206107,953.7857056379994
potato,303.0,Dehradoon APMC,Uttarakhand,3,1,2024-05-06,708.8937488609439,842.0791743534886
potato,303.0,Dehradoon APMC,Uttarakhand,3,1,2024-05-13,554.011312938177,885.9100717816198
potato,303.0,Dehradoon APMC,Uttarakhand,3,1,2024-05-20,727.0286396181383,817.2447637051797
potato,303.0,Dehradoon APMC,Uttarakhand,3,1,2024-05-27,874.256669881067,730.3608659307828
potato,303.0,Dehradoon APMC,Uttarakhand,3,1,2024-06-03,1291.9514203375882,770.41178375821
potato,303.0,Dehradoon APMC,Uttarakhand,3,1,2024-06-10,1387.3893805309735,835.1469707525002
potato,303.0,Dehradoon APMC,Uttarakhand,3,1,2024-06-17,1383.6130047194554,896.1642638126734
potato,303.0,Dehradoon APMC,Uttarakhand,3,1,2024-06-24,1254.219611603932,961.4755451954829
potato,303.0,Dehradoon APMC,Uttarakhand,3,1,2024-07-01,1168.5381038103806,967.5597472549431
potato,303.0,Dehradoon APMC,Uttarakhand,3,1,2024-07-08,1253.4342888047588,959.9659010364333
potato,303.0,Dehradoon APMC,Uttarakhand,3,1,2024-07-15,1623.6517218973363,960.6604563620415
potato,303.0,Dehradoon APMC,Uttarakhand,3,1,2024-07-22,1182.6905370435409,953.4944593568244
potato,303.0,Dehradoon APMC,Uttarakhand,3,1,2024-07-29,1184.4265545685282,996.9213170856162
potato,303.0,Dehradoon APMC,Uttarakhand,3,1,2024-08-05,1321.9445068523928,943.2232787096268
potato,303.0,Dehradoon APMC,Uttarakhand,3,1,2024-08-12,1245.8104395604391,943.2232787096268
potato,303.0,Dehradoon APMC,Uttarakhand,3,1,2024-08-19,1161.3830954994517,968.9838043590806
potato,303.0,Dehradoon APMC,Uttarakhand,3,1,2024-08-26,1098.6299737908028,968.9838043590806
potato,303.0,Dehradoon APMC,Uttarakhand,3,1,2024-09-02,1212.3161212848993,980.922705200976
potato,303.0,Dehradoon APMC,Uttarakhand,3,1,2024-09-09,1149.877414189933,993.9799733583232
potato,303.0,Dehradoon APMC,Uttarakhand,3,1,2024-09-16,1087.438707094967,993.9799733583232
potato,303.0,Dehradoon APMC,Uttarakhand,3,1,2024-09-23,1025.0,993.9799733583232
potato,303.0,Dehradoon APMC,Uttarakhand,3,1,2024-09-30,1305.5333333333335,1001.449920867648
potato,303.0,Dehradoon APMC,Uttarakhand,3,1,2024-10-07,1050.0167522894797,1016.7262798301671
potato,303.0,Dehradoon APMC,Uttarakhand,3,1,2024-10-14,1405.6047077922076,1024.3500542601969
potato,303.0,Dehradoon APMC,Uttarakhand,3,1,2024-10-21,1566.489841986456,952.3260636991158
potato,303.0,Dehradoon APMC,Uttarakhand,3,1,2024-10-28,1571.6062736614383,939.8154259089974
potato,303.0,Dehradoon APMC,Uttarakhand,3,1,2024-11-04,1428.838526912181,970.5514022591644
potato,303.0,Dehradoon APMC,Uttarakhand,3,1,2024-11-11,1477.6137463697974,957.8015906774029
potato,303.0,Dehradoon APMC,Uttarakhand,3,1,2024-11-18,1416.8574635241298,925.8759620368858
potato,303.0,Dehradoon APMC,Uttarakhand,3,1,2024-11-25,1744.6153846153836,925.8759620368858
potato,303.0,Dehradoon APMC,Uttarakhand,3,1,2024-12-02,1212.901701323252,997.6073359967274
potato,303.0,Dehradoon APMC,Uttarakhand,3,1,2024-12-09,1417.3913043478262,1054.3132524516313
potato,303.0,Dehradoon APMC,Uttarakhand,3,1,2024-12-16,1414.8737980769229,974.564562190933
potato,303.0,Dehradoon APMC,Uttarakhand,3,1,2024-12-23,1337.4999999999995,990.592737209734
potato,303.0,Dehradoon APMC,Uttarakhand,3,1,2024-12-30,1309.6667205953727,1017.1406725227016
potato,303.0,Dehradoon APMC,Uttarakhand,3,4,2024-01-01,906.3864906043675,817.8558065029549
potato,303.0,Dehradoon APMC,Uttarakhand,3,4,2024-01-08,746.3354295206454,809.4867671055027
potato,303.0,Dehradoon APMC,Uttarakhand,3,4,2024-01-15,685.5553512320703,762.671794074806
potato,303.0,Dehradoon APMC,Uttarakhand,3,4,2024-01-22,598.2405935347113,761.6256897523645
potato,303.0,Dehradoon APMC,Uttarakhand,3,4,2024-01-29,557.5751972386589,775.38482670671
potato,303.0,Dehradoon APMC,Uttarakhand,3,4,2024-02-05,569.4651581383387,836.08623733197
potato,303.0,Dehradoon APMC,Uttarakhand,3,4,2024-02-12,855.0069220119981,795.9370695873962
potato,303.0,Dehradoon APMC,Uttarakhand,3,4,2024-02-19,878.9126016260165,790.8019107183185
potato,303.0,Dehradoon APMC,Uttarakhand,3,4,2024-02-26,953.8654408692016,790.8019107183185
potato,303.0,Dehradoon APMC,Uttarakhand,3,4,2024-03-04,848.1381011097413,791.7408595600397
potato,303.0,Dehradoon APMC,Uttarakhand,3,4,2024-03-11,1028.323029366306,762.9209925331218
potato,303.0,Dehradoon APMC,Uttarakhand,3,4,2024-03-18,842.3883442265793,840.4319691026834
potato,303.0,Dehradoon APMC,Uttarakhand,3,4,2024-03-25,827.340201168073,823.6414415560815
potato,303.0,Dehradoon APMC,Uttarakhand,3,4,2024-04-01,722.8404737025428,840.0347353748717
potato,303.0,Dehradoon APMC,Uttarakhand,3,4,2024-04-08,972.996183206107,846.2813466879196
potato,303.0,Dehradoon APMC,Uttarakhand,3,4,2024-04-15,708.8937488609439,890.0005002992273
potato,303.0,Dehradoon APMC,Uttarakhand,3,4,2024-04-22,554.011312938177,890.0005002992273
potato,303.0,Dehradoon APMC,Uttarakhand,3,4,2024-04-29,727.0286396181383,923.9288515657771
potato,303.0,Dehradoon APMC,Uttarakhand,3,4,2024-05-06,874.256669881067,850.207707196596
potato,303.0,Dehradoon APMC,Uttarakhand,3,4,2024-05-13,1291.9514203375882,949.0852669645782
potato,303.0,Dehradoon APMC,Uttarakhand,3,4,2024-05-20,1387.3893805309735,850.207707196596
potato,303.0,Dehradoon APMC,Uttarakhand,3,4,2024-05-27,1383.6130047194554,839.6258693945537
potato,303.0,Dehradoon APMC,Uttarakhand,3,4,2024-06-03,1254.219611603932,839.6258693945537
potato,303.0,Dehradoon APMC,Uttarakhand,3,4,2024-06-10,1168.5381038103806,921.3791102627423
potato,303.0,Dehradoon APMC,Uttarakhand,3,4,2024-06-17,1253.4342888047588,911.4052994681502
potato,303.0,Dehradoon APMC,Uttarakhand,3,4,2024-06-24,1623.6517218973363,834.9050372260448
potato,303.0,Dehradoon APMC,Uttarakhand,3,4,2024-07-01,1182.6905370435409,814.1310534240606
potato,303.0,Dehradoon APMC,Uttarakhand,3,4,2024-07-08,1184.4265545685282,820.1852705042455
potato,303.0,Dehradoon APMC,Uttarakhand,3,4,2024-07-15,1321.9445068523928,820.1852705042455
potato,303.0,Dehradoon APMC,Uttarakhand,3,4,2024-07-22,1245.8104395604391,820.1852705042455
potato,303.0,Dehradoon APMC,Uttarakhand,3,4,2024-07-29,1161.3830954994517,849.0780570152525
potato,303.0,Dehradoon APMC,Uttarakhand,3,4,2024-08-05,1098.6299737908028,851.0237670097981
potato,303.0,Dehradoon APMC,Uttarakhand,3,4,2024-08-12,1212.3161212848993,858.4806160584884
potato,303.0,Dehradoon APMC,Uttarakhand,3,4,2024-08-19,1149.877414189933,864.864230330048
potato,303.0,Dehradoon APMC,Uttarakhand,3,4,2024-08-26,1087.438707094967,979.7481918803658
potato,303.0,Dehradoon APMC,Uttarakhand,3,4,2024-09-02,1025.0,984.7327140219152
potato,303.0,Dehradoon APMC,Uttarakhand,3,4,2024-09-09,1305.5333333333335,984.7327140219152
potato,303.0,Dehradoon APMC,Uttarakhand,3,4,2024-09-16,1050.0167522894797,984.7327140219152
potato,303.0,Dehradoon APMC,Uttarakhand,3,4,2024-09-23,1405.6047077922076,984.7327140219152
potato,303.0,Dehradoon APMC,Uttarakhand,3,4,2024-09-30,1566.489841986456,945.9492743678453
potato,303.0,Dehradoon APMC,Uttarakhand,3,4,2024-10-07,1571.6062736614383,945.9492743678453
potato,303.0,Dehradoon APMC,Uttarakhand,3,4,2024-10-14,1428.838526912181,929.7610550129674
potato,303.0,Dehradoon APMC,Uttarakhand,3,4,2024-10-21,1477.6137463697974,929.7610550129674
potato,303.0,Dehradoon APMC,Uttarakhand,3,4,2024-10-28,1416.8574635241298,922.8989866354254
potato,303.0,Dehradoon APMC,Uttarakhand,3,4,2024-11-04,1744.6153846153836,931.3450429861501
potato,303.0,Dehradoon APMC,Uttarakhand,3,4,2024-11-11,1212.901701323252,952.1515730118944
potato,303.0,Dehradoon APMC,Uttarakhand,3,4,2024-11-18,1417.3913043478262,959.2309089163402
potato,303.0,Dehradoon APMC,Uttarakhand,3,4,2024-11-25,1414.8737980769229,934.2563255325116
potato,303.0,Dehradoon APMC,Uttarakhand,3,4,2024-12-02,1337.4999999999995,949.0852669645782
potato,303.0,Dehradoon APMC,Uttarakhand,3,4,2024-12-09,1309.6667205953727,949.0852669645782
potato,303.0,Dehradoon APMC,Uttarakhand,3,4,2024-12-16,1124.2520977745346,965.9927850494043
potato,303.0,Dehradoon APMC,Uttarakhand,3,4,2024-12-23,750.4415584415584,982.8111631225456
potato,303.0,Dehradoon APMC,Uttarakhand,3,4,2024-12-30,864.9631875270677,982.8111631225456
potato,303.0,Dehradoon APMC,Uttarakhand,3,13,2024-01-01,848.1381011097413,970.0808711319828
potato,303.0,Dehradoon APMC,Uttarakhand,3,13,2024-01-08,1028.323029366306,949.3392048607233
potato,303.0,Dehradoon APMC,Uttarakhand,3,13,2024-01-15,842.3883442265793,904.0116912280816
potato,303.0,Dehradoon APMC,Uttarakhand,3,13,2024-01-22,827.340201168073,922.3923449920462
potato,303.0,Dehradoon APMC,Uttarakhand,3,13,2024-01-29,722.8404737025428,936.8235971874542
potato,303.0,Dehradoon APMC,Uttarakhand,3,13,2024-02-05,972.996183206107,918.9163591728195
potato,303.0,Dehradoon APMC,Uttarakhand,3,13,2024-02-12,708.8937488609439,894.6774129755108
potato,303.0,Dehradoon APMC,Uttarakhand,3,13,2024-02-19,554.011312938177,911.1443078968003
potato,303.0,Dehradoon APMC,Uttarakhand,3,13,2024-02-26,727.0286396181383,932.3049427454455
potato,303.0,Dehradoon APMC,Uttarakhand,3,13,2024-03-04,874.256669881067,909.2536825163339
potato,303.0,Dehradoon APMC,Uttarakhand,3,13,2024-03-11,1291.9514203375882,905.6340691774187
potato,303.0,Dehradoon APMC,Uttarakhand,3,13,2024-03-18,1387.3893805309735,929.236335464394
potato,303.0,Dehradoon APMC,Uttarakhand,3,13,2024-03-25,1383.6130047194554,937.4724159416305
potato,303.0,Dehradoon APMC,Uttarakhand,3,13,2024-04-01,1254.219611603932,909.2450113274355
potato,303.0,Dehradoon APMC,Uttarakhand,3,13,2024-04-08,1168.5381038103806,909.9584704602375
potato,303.0,Dehradoon APMC,Uttarakhand,3,13,2024-04-15,1253.4342888047588,981.6643536438562
potato,303.0,Dehradoon APMC,Uttarakhand,3,13,2024-04-22,1623.6517218973363,901.075312522113
potato,303.0,Dehradoon APMC,Uttarakhand,3,13,2024-04-29,1182.6905370435409,909.9584704602375
potato,303.0,Dehradoon APMC,Uttarakhand,3,13,2024-05-06,1184.4265545685282,920.0936400710237
potato,303.0,Dehradoon APMC,Uttarakhand,3,13,2024-05-13,1321.9445068523928,903.5588249851867
potato,303.0,Dehradoon APMC,Uttarakhand,3,13,2024-05-20,1245.8104395604391,890.3228303057475
potato,303.0,Dehradoon APMC,Uttarakhand,3,13,2024-05-27,1161.3830954994517,894.8382742278546
potato,303.0,Dehradoon APMC,Uttarakhand,3,13,2024-06-03,1098.6299737908028,897.6193214085031
potato,303.0,Dehradoon APMC,Uttarakhand,3,13,2024-06-10,1212.3161212848993,952.9289204201642
potato,303.0,Dehradoon APMC,Uttarakhand,3,13,2024-06-17,1149.877414189933,931.2836677493616
potato,303.0,Dehradoon APMC,Uttarakhand,3,13,2024-06-24,1087.438707094967,944.7446668407156
potato,303.0,Dehradoon APMC,Uttarakhand,3,13,2024-07-01,1025.0,944.7446668407156
potato,303.0,Dehradoon APMC,Uttarakhand,3,13,2024-07-08,1305.5333333333335,926.6456057339508
potato,303.0,Dehradoon APMC,Uttarakhand,3,13,2024-07-15,1050.0167522894797,926.6456057339508
potato,303.0,Dehradoon APMC,Uttarakhand,3,13,2024-07-22,1405.6047077922076,926.6456057339508
potato,303.0,Dehradoon APMC,Uttarakhand,3,13,2024-07-29,1566.489841986456,944.7446668407156
potato,303.0,Dehradoon APMC,Uttarakhand,3,13,2024-08-05,1571.6062736614383,918.4884731205058
potato,303.0,Dehradoon APMC,Uttarakhand,3,13,2024-08-12,1428.838526912181,926.6703574650661
potato,303.0,Dehradoon APMC,Uttarakhand,3,13,2024-08-19,1477.6137463697974,926.6703574650661
potato,303.0,Dehradoon APMC,Uttarakhand,3,13,2024-08-26,1416.8574635241298,900.8918863826007
potato,303.0,Dehradoon APMC,Uttarakhand,3,13,2024-09-02,1744.6153846153836,930.043151056315
potato,303.0,Dehradoon APMC,Uttarakhand,3,13,2024-09-09,1212.901701323252,946.2813333640028
potato,303.0,Dehradoon APMC,Uttarakhand,3,13,2024-09-16,1417.3913043478262,930.043151056315
potato,303.0,Dehradoon APMC,Uttarakhand,3,13,2024-09-23,1414.8737980769229,921.831519283846
potato,303.0,Dehradoon APMC,Uttarakhand,3,13,2024-09-30,1337.4999999999995,916.3314193563838
potato,303.0,Dehradoon APMC,Uttarakhand,3,13,2024-10-07,1309.6667205953727,916.3314193563838
potato,303.0,Dehradoon APMC,Uttarakhand,3,13,2024-10-14,1124.2520977745346,900.3330284107913
potato,303.0,Dehradoon APMC,Uttarakhand,3,13,2024-10-21,750.4415584415584,877.6050756219041
potato,303.0,Dehradoon APMC,Uttarakhand,3,13,2024-10-28,864.9631875270677,897.7347035733715
potato,303.0,Dehradoon APMC,Uttarakhand,3,13,2024-11-04,699.4021999043521,877.5674158659974
potato,303.0,Dehradoon APMC,Uttarakhand,3,13,2024-11-11,629.136316337149,904.6314954291213
potato,303.0,Dehradoon APMC,Uttarakhand,3,13,2024-11-18,803.9794921874999,872.0729617019367
potato,303.0,Dehradoon APMC,Uttarakhand,3,13,2024-11-25,847.2633612363165,887.8038738252413
potato,303.0,Dehradoon APMC,Uttarakhand,3,13,2024-12-02,936.9718309859153,883.0459944543177
potato,303.0,Dehradoon APMC,Uttarakhand,3,13,2024-12-09,800.0000000000003,935.6320868239172
potato,303.0,Dehradoon APMC,Uttarakhand,3,13,2024-12-16,867.4089852827262,942.1903228456462
potato,303.0,Dehradoon APMC,Uttarakhand,3,13,2024-12-23,923.4350237717905,975.9278921302874
potato,303.0,Dehradoon APMC,Uttarakhand,3,13,2024-12-30,871.2742980561557,966.074891075882
potato,303.0,Dehradoon APMC,Uttarakhand,3,26,2024-01-01,1254.219611603932,937.9384398785029
potato,303.0,Dehradoon APMC,Uttarakhand,3,26,2024-01-08,1168.5381038103806,937.9384398785029
potato,303.0,Dehradoon APMC,Uttarakhand,3,26,2024-01-15,1253.4342888047588,937.9384398785029
potato,303.0,Dehradoon APMC,Uttarakhand,3,26,2024-01-22,1623.6517218973363,937.9384398785029
potato,303.0,Dehradoon APMC,Uttarakhand,3,26,2024-01-29,1182.6905370435409,937.9384398785029
potato,303.0,Dehradoon APMC,Uttarakhand,3,26,2024-02-05,1184.4265545685282,1003.3216136211147
potato,303.0,Dehradoon APMC,Uttarakhand,3,26,2024-02-12,1321.9445068523928,1003.3216136211147
potato,303.0,Dehradoon APMC,Uttarakhand,3,26,2024-02-19,1245.8104395604391,1008.8940099966543
potato,303.0,Dehradoon APMC,Uttarakhand,3,26,2024-02-26,1161.3830954994517,1003.3216136211147
potato,303.0,Dehradoon APMC,Uttarakhand,3,26,2024-03-04,1098.6299737908028,1017.7890985007543
potato,303.0,Dehradoon APMC,Uttarakhand,3,26,2024-03-11,1212.3161212848993,1017.7890985007543
potato,303.0,Dehradoon APMC,Uttarakhand,3,26,2024-03-18,1149.877414189933,1017.7890985007543
potato,303.0,Dehradoon APMC,Uttarakhand,3,26,2024-03-25,1087.438707094967,1017.7890985007543
potato,303.0,Dehradoon APMC,Uttarakhand,3,26,2024-04-01,1025.0,977.1828038826163
potato,303.0,Dehradoon APMC,Uttarakhand,3,26,2024-04-08,1305.5333333333335,983.8224443098081
potato,303.0,Dehradoon APMC,Uttarakhand,3,26,2024-04-15,1050.0167522894797,983.8224443098081
potato,303.0,Dehradoon APMC,Uttarakhand,3,26,2024-04-22,1405.6047077922076,983.8224443098081
potato,303.0,Dehradoon APMC,Uttarakhand,3,26,2024-04-29,1566.489841986456,983.8224443098081
potato,303.0,Dehradoon APMC,Uttarakhand,3,26,2024-05-06,1571.6062736614383,967.9345192869127
potato,303.0,Dehradoon APMC,Uttarakhand,3,26,2024-05-13,1428.838526912181,974.7189020725175
potato,303.0,Dehradoon APMC,Uttarakhand,3,26,2024-05-20,1477.6137463697974,974.7189020725175
potato,303.0,Dehradoon APMC,Uttarakhand,3,26,2024-05-27,1416.8574635241298,974.7189020725175
potato,303.0,Dehradoon APMC,Uttarakhand,3,26,2024-06-03,1744.6153846153836,949.3390137947332
potato,303.0,Dehradoon APMC,Uttarakhand,3,26,2024-06-10,1212.901701323252,949.3390137947332
potato,303.0,Dehradoon APMC,Uttarakhand,3,26,2024-06-17,1417.3913043478262,949.3390137947332
potato,303.0,Dehradoon APMC,Uttarakhand,3,26,2024-06-24,1414.8737980769229,932.4847597618829
potato,303.0,Dehradoon APMC,Uttarakhand,3,26,2024-07-01,1337.4999999999995,924.0061470552747
potato,303.0,Dehradoon APMC,Uttarakhand,3,26,2024-07-08,1309.6667205953727,924.0061470552747
potato,303.0,Dehradoon APMC,Uttarakhand,3,26,2024-07-15,1124.2520977745346,911.9667729960356
potato,303.0,Dehradoon APMC,Uttarakhand,3,26,2024-07-22,750.4415584415584,911.9667729960356
potato,303.0,Dehradoon APMC,Uttarakhand,3,26,2024-07-29,864.9631875270677,911.9667729960356
potato,303.0,Dehradoon APMC,Uttarakhand,3,26,2024-08-05,699.4021999043521,905.6610895231396
potato,303.0,Dehradoon APMC,Uttarakhand,3,26,2024-08-12,629.136316337149,905.6610895231396
potato,303.0,Dehradoon APMC,Uttarakhand,3,26,2024-08-19,803.9794921874999,905.6610895231396
potato,303.0,Dehradoon APMC,Uttarakhand,3,26,2024-08-26,847.2633612363165,905.6610895231396
potato,303.0,Dehradoon APMC,Uttarakhand,3,26,2024-09-02,936.9718309859153,899.2887007434823
potato,303.0,Dehradoon APMC,Uttarakhand,3,26,2024-09-09,800.0000000000003,899.2887007434823
potato,303.0,Dehradoon APMC,Uttarakhand,3,26,2024-09-16,867.4089852827262,899.2887007434823
potato,303.0,Dehradoon APMC,Uttarakhand,3,26,2024-09-23,923.4350237717905,890.8409948351617
potato,303.0,Dehradoon APMC,Uttarakhand,3,26,2024-09-30,871.2742980561557,899.2887007434823
potato,303.0,Dehradoon APMC,Uttarakhand,3,26,2024-10-07,885.5509355509352,949.9102598996034
potato,303.0,Dehradoon APMC,Uttarakhand,3,26,2024-10-14,669.0821256038644,949.9102598996034
potato,303.0,Dehradoon APMC,Uttarakhand,3,26,2024-10-21,649.894403379092,949.9102598996034
potato,303.0,Dehradoon APMC,Uttarakhand,3,26,2024-10-28,677.777777777778,949.9102598996034
potato,303.0,Dehradoon APMC,Uttarakhand,3,26,2024-11-04,759.4098712446354,911.9667729960356
potato,303.0,Dehradoon APMC,Uttarakhand,3,26,2024-11-11,829.0909090909092,911.9667729960356
potato,303.0,Dehradoon APMC,Uttarakhand,3,26,2024-11-18,832.882882882883,917.5743809315168
potato,303.0,Dehradoon APMC,Uttarakhand,3,26,2024-11-25,856.3405797101445,917.5743809315168
potato,303.0,Dehradoon APMC,Uttarakhand,3,26,2024-12-02,805.7253886010361,962.4499980963508
potato,303.0,Dehradoon APMC,Uttarakhand,3,26,2024-12-09,676.5944645006019,969.1506393835523
potato,303.0,Dehradoon APMC,Uttarakhand,3,26,2024-12-16,783.5071707953066,961.0593779221348
potato,303.0,Dehradoon APMC,Uttarakhand,3,26,2024-12-23,967.0963035019455,987.4070104151018
potato,303.0,Dehradoon APMC,Uttarakhand,3,26,2024-12-30,939.0569395017789,987.4070104151018
potato,303.0,Dehradoon APMC,Uttarakhand,4,1,2025-01-06,1124.2520977745346,1150.262260556355
potato,303.0,Dehradoon APMC,Uttarakhand,4,1,2025-01-13,750.4415584415584,1105.7757896613302
potato,303.0,Dehradoon APMC,Uttarakhand,4,1,2025-01-20,864.9631875270677,1021.4493411230452
potato,303.0,Dehradoon APMC,Uttarakhand,4,1,2025-01-27,699.4021999043521,803.5018693711984
potato,303.0,Dehradoon APMC,Uttarakhand,4,1,2025-02-03,629.136316337149,922.592198619413
potato,303.0,Dehradoon APMC,Uttarakhand,4,1,2025-02-10,803.9794921874999,750.2441402102395
potato,303.0,Dehradoon APMC,Uttarakhand,4,1,2025-02-17,847.2633612363165,748.0195692127679
potato,303.0,Dehradoon APMC,Uttarakhand,4,1,2025-02-24,936.9718309859153,780.848514013599
potato,303.0,Dehradoon APMC,Uttarakhand,4,1,2025-03-03,800.0000000000003,740.2437699919323
potato,303.0,Dehradoon APMC,Uttarakhand,4,1,2025-03-10,867.4089852827262,856.2850289079919
potato,303.0,Dehradoon APMC,Uttarakhand,4,1,2025-03-17,923.4350237717905,765.1477070422275
potato,303.0,Dehradoon APMC,Uttarakhand,4,1,2025-03-24,871.2742980561557,817.0109935254579
potato,303.0,Dehradoon APMC,Uttarakhand,4,1,2025-03-31,885.5509355509352,906.2995745013944
potato,303.0,Dehradoon APMC,Uttarakhand,4,1,2025-04-07,669.0821256038644,908.9823256652992
potato,303.0,Dehradoon APMC,Uttarakhand,4,1,2025-04-14,649.894403379092,917.1866607277176
potato,303.0,Dehradoon APMC,Uttarakhand,4,1,2025-04-21,677.777777777778,865.9226004145142
potato,303.0,Dehradoon APMC,Uttarakhand,4,1,2025-04-28,759.4098712446354,830.3092199936942
potato,303.0,Dehradoon APMC,Uttarakhand,4,1,2025-05-05,829.0909090909092,790.5869159568466
potato,303.0,Dehradoon APMC,Uttarakhand,4,1,2025-05-12,832.882882882883,818.9832271504204
potato,303.0,Dehradoon APMC,Uttarakhand,4,1,2025-05-19,856.3405797101445,910.9474269901141
potato,303.0,Dehradoon APMC,Uttarakhand,4,1,2025-05-26,805.7253886010361,918.5375225463815
potato,303.0,Dehradoon APMC,Uttarakhand,4,1,2025-06-02,676.5944645006019,1088.7696529862337
potato,303.0,Dehradoon APMC,Uttarakhand,4,1,2025-06-09,783.5071707953066,892.8998757148346
potato,303.0,Dehradoon APMC,Uttarakhand,4,1,2025-06-16,967.0963035019455,834.6307491123246
potato,303.0,Dehradoon APMC,Uttarakhand,4,1,2025-06-23,939.0569395017789,815.0932537996446
potato,303.0,Dehradoon APMC,Uttarakhand,4,1,2025-06-30,849.9999999999995,1040.4515734155902
potato,303.0,Dehradoon APMC,Uttarakhand,4,1,2025-07-07,859.3085106382978,1102.7257439744856
potato,303.0,Dehradoon APMC,Uttarakhand,4,1,2025-07-14,910.9313077939235,1004.0837057230102
potato,303.0,Dehradoon APMC,Uttarakhand,4,1,2025-07-21,911.0412926391381,1056.6251917132574
potato,303.0,Dehradoon APMC,Uttarakhand,4,1,2025-07-28,834.7107438016532,1070.8145116158153
potato,303.0,Dehradoon APMC,Uttarakhand,4,1,2025-08-04,1082.1917808219173,1069.3307563443427
potato,303.0,Dehradoon APMC,Uttarakhand,4,1,2025-08-11,903.8390663390663,1017.3859545307797
potato,303.0,Dehradoon APMC,Uttarakhand,4,1,2025-08-18,828.0769230769233,1013.7672616683992
potato,303.0,Dehradoon APMC,Uttarakhand,4,1,2025-08-25,910.0750267952837,1020.7187303716028
potato,303.0,Dehradoon APMC,Uttarakhand,4,1,2025-09-01,800.0000000000003,996.6382927396666
potato,303.0,Dehradoon APMC,Uttarakhand,4,1,2025-09-08,835.9056122448978,987.0098887798298
potato,303.0,Dehradoon APMC,Uttarakhand,4,1,2025-09-15,1005.5660377358495,897.1295933209999
potato,303.0,Dehradoon APMC,Uttarakhand,4,1,2025-09-22,916.6322314049588,1025.2282407890066
potato,303.0,Dehradoon APMC,Uttarakhand,4,1,2025-09-29,925.0000000000001,1076.3703415776017
potato,303.0,Dehradoon APMC,Uttarakhand,4,1,2025-10-06,870.7317073170732,1126.547783746745
potato,303.0,Dehradoon APMC,Uttarakhand,4,1,2025-10-13,999.9999999999999,1122.9016605137406
potato,303.0,Dehradoon APMC,Uttarakhand,4,1,2025-10-20,962.4999999999999,1122.714025547007
potato,303.0,Dehradoon APMC,Uttarakhand,4,1,2025-10-27,938.6861313868611,1146.8380177577646
potato,303.0,Dehradoon APMC,Uttarakhand,4,1,2025-11-03,999.9999999999999,1116.950319338612
potato,303.0,Dehradoon APMC,Uttarakhand,4,1,2025-11-10,800.0000000000003,1094.914605621041
potato,303.0,Dehradoon APMC,Uttarakhand,4,1,2025-11-17,999.9999999999999,1083.5822572563077
potato,303.0,Dehradoon APMC,Uttarakhand,4,1,2025-11-24,987.6262626262624,821.0791036315659
potato,303.0,Dehradoon APMC,Uttarakhand,4,1,2025-12-01,975.2525252525252,1027.1515135589566
potato,303.0,Dehradoon APMC,Uttarakhand,4,1,2025-12-08,849.5370370370367,1046.8589359930456
potato,303.0,Dehradoon APMC,Uttarakhand,4,1,2025-12-15,873.177441540578,1043.4502190608696
potato,303.0,Dehradoon APMC,Uttarakhand,4,1,2025-12-22,800.0000000000003,978.90938219956
potato,303.0,Dehradoon APMC,Uttarakhand,4,1,2025-12-29,811.2195121951218,1019.5255911013983
potato,303.0,Dehradoon APMC,Uttarakhand,4,4,2025-01-06,699.4021999043521,891.2751890428236
potato,303.0,Dehradoon APMC,Uttarakhand,4,4,2025-01-13,629.136316337149,944.6582541224257
potato,303.0,Dehradoon APMC,Uttarakhand,4,4,2025-01-20,803.9794921874999,949.8011175528127
potato,303.0,Dehradoon APMC,Uttarakhand,4,4,2025-01-27,847.2633612363165,864.7066710204264
potato,303.0,Dehradoon APMC,Uttarakhand,4,4,2025-02-03,936.9718309859153,834.4703201440682
potato,303.0,Dehradoon APMC,Uttarakhand,4,4,2025-02-10,800.0000000000003,762.4083905945084
potato,303.0,Dehradoon APMC,Uttarakhand,4,4,2025-02-17,867.4089852827262,770.5333772670677
potato,303.0,Dehradoon APMC,Uttarakhand,4,4,2025-02-24,923.4350237717905,906.5689014132089
potato,303.0,Dehradoon APMC,Uttarakhand,4,4,2025-03-03,871.2742980561557,880.2318043097679
potato,303.0,Dehradoon APMC,Uttarakhand,4,4,2025-03-10,885.5509355509352,858.2572048272451
potato,303.0,Dehradoon APMC,Uttarakhand,4,4,2025-03-17,669.0821256038644,717.3117367175221
potato,303.0,Dehradoon APMC,Uttarakhand,4,4,2025-03-24,649.894403379092,822.7545129713973
potato,303.0,Dehradoon APMC,Uttarakhand,4,4,2025-03-31,677.777777777778,803.7938484126308
potato,303.0,Dehradoon APMC,Uttarakhand,4,4,2025-04-07,759.4098712446354,937.0005256152372
potato,303.0,Dehradoon APMC,Uttarakhand,4,4,2025-04-14,829.0909090909092,956.3091453033791
potato,303.0,Dehradoon APMC,Uttarakhand,4,4,2025-04-21,832.882882882883,912.438704503707
potato,303.0,Dehradoon APMC,Uttarakhand,4,4,2025-04-28,856.3405797101445,940.0549394850091
potato,303.0,Dehradoon APMC,Uttarakhand,4,4,2025-05-05,805.7253886010361,874.5618538063368
potato,303.0,Dehradoon APMC,Uttarakhand,4,4,2025-05-12,676.5944645006019,865.644181399711
potato,303.0,Dehradoon APMC,Uttarakhand,4,4,2025-05-19,783.5071707953066,916.1529199572668
potato,303.0,Dehradoon APMC,Uttarakhand,4,4,2025-05-26,967.0963035019455,908.4461446099338
potato,303.0,Dehradoon APMC,Uttarakhand,4,4,2025-06-02,939.0569395017789,938.8666975308403
potato,303.0,Dehradoon APMC,Uttarakhand,4,4,2025-06-09,849.9999999999995,949.588033340777
potato,303.0,Dehradoon APMC,Uttarakhand,4,4,2025-06-16,859.3085106382978,910.2701559096142
potato,303.0,Dehradoon APMC,Uttarakhand,4,4,2025-06-23,910.9313077939235,887.9906884877371
potato,303.0,Dehradoon APMC,Uttarakhand,4,4,2025-06-30,911.0412926391381,992.5593613099905
potato,303.0,Dehradoon APMC,Uttarakhand,4,4,2025-07-07,834.7107438016532,956.0696389798173
potato,303.0,Dehradoon APMC,Uttarakhand,4,4,2025-07-14,1082.1917808219173,938.9626074076866
potato,303.0,Dehradoon APMC,Uttarakhand,4,4,2025-07-21,903.8390663390663,939.1026125352844
potato,303.0,Dehradoon APMC,Uttarakhand,4,4,2025-07-28,828.0769230769233,994.5086628125646
potato,303.0,Dehradoon APMC,Uttarakhand,4,4,2025-08-04,910.0750267952837,977.2044531740373
potato,303.0,Dehradoon APMC,Uttarakhand,4,4,2025-08-11,800.0000000000003,973.6467206562501
potato,303.0,Dehradoon APMC,Uttarakhand,4,4,2025-08-18,835.9056122448978,962.4838465960387
potato,303.0,Dehradoon APMC,Uttarakhand,4,4,2025-08-25,1005.5660377358495,961.0821994830051
potato,303.0,Dehradoon APMC,Uttarakhand,4,4,2025-09-01,916.6322314049588,941.5985308521341
potato,303.0,Dehradoon APMC,Uttarakhand,4,4,2025-09-08,925.0000000000001,955.4931673740255
potato,303.0,Dehradoon APMC,Uttarakhand,4,4,2025-09-15,870.7317073170732,965.7745663696776
potato,303.0,Dehradoon APMC,Uttarakhand,4,4,2025-09-22,999.9999999999999,999.3586326777853
potato,303.0,Dehradoon APMC,Uttarakhand,4,4,2025-09-29,962.4999999999999,989.2956225326578
potato,303.0,Dehradoon APMC,Uttarakhand,4,4,2025-10-06,938.6861313868611,1051.821880881616
potato,303.0,Dehradoon APMC,Uttarakhand,4,4,2025-10-13,999.9999999999999,961.266350449858
potato,303.0,Dehradoon APMC,Uttarakhand,4,4,2025-10-20,800.0000000000003,1055.426107022446
potato,303.0,Dehradoon APMC,Uttarakhand,4,4,2025-10-27,999.9999999999999,1044.2914605544056
potato,303.0,Dehradoon APMC,Uttarakhand,4,4,2025-11-03,987.6262626262624,941.5128776800519
potato,303.0,Dehradoon APMC,Uttarakhand,4,4,2025-11-10,975.2525252525252,956.6007463678854
potato,303.0,Dehradoon APMC,Uttarakhand,4,4,2025-11-17,849.5370370370367,976.8236724950066
potato,303.0,Dehradoon APMC,Uttarakhand,4,4,2025-11-24,873.177441540578,922.3241755971636
potato,303.0,Dehradoon APMC,Uttarakhand,4,4,2025-12-01,800.0000000000003,901.0579810742076
potato,303.0,Dehradoon APMC,Uttarakhand,4,4,2025-12-08,811.2195121951218,920.8191167657687
potato,303.0,Dehradoon APMC,Uttarakhand,4,4,2025-12-15,800.0000000000003,907.7297475460472
potato,303.0,Dehradoon APMC,Uttarakhand,4,4,2025-12-22,646.4494163424126,913.4072657837622
potato,303.0,Dehradoon APMC,Uttarakhand,4,4,2025-12-29,466.26506024096386,851.2851676310084
potato,303.0,Dehradoon APMC,Uttarakhand,4,13,2025-01-06,885.5509355509352,1061.0575474232448
potato,303.0,Dehradoon APMC,Uttarakhand,4,13,2025-01-13,669.0821256038644,1106.5122366789208
potato,303.0,Dehradoon APMC,Uttarakhand,4,13,2025-01-20,649.894403379092,987.3730711236433
potato,303.0,Dehradoon APMC,Uttarakhand,4,13,2025-01-27,677.777777777778,834.5730332295016
potato,303.0,Dehradoon APMC,Uttarakhand,4,13,2025-02-03,759.4098712446354,892.6679884540421
potato,303.0,Dehradoon APMC,Uttarakhand,4,13,2025-02-10,829.0909090909092,848.8239061467115
potato,303.0,Dehradoon APMC,Uttarakhand,4,13,2025-02-17,832.882882882883,899.7157949369735
potato,303.0,Dehradoon APMC,Uttarakhand,4,13,2025-02-24,856.3405797101445,850.8264947969199
potato,303.0,Dehradoon APMC,Uttarakhand,4,13,2025-03-03,805.7253886010361,893.1211199124342
potato,303.0,Dehradoon APMC,Uttarakhand,4,13,2025-03-10,676.5944645006019,855.0156772817973
potato,303.0,Dehradoon APMC,Uttarakhand,4,13,2025-03-17,783.5071707953066,819.3937320866185
potato,303.0,Dehradoon APMC,Uttarakhand,4,13,2025-03-24,967.0963035019455,810.2199475845595
potato,303.0,Dehradoon APMC,Uttarakhand,4,13,2025-03-31,939.0569395017789,880.7845277038455
potato,303.0,Dehradoon APMC,Uttarakhand,4,13,2025-04-07,849.9999999999995,896.5867499386137
potato,303.0,Dehradoon APMC,Uttarakhand,4,13,2025-04-14,859.3085106382978,1068.2612804958405
potato,303.0,Dehradoon APMC,Uttarakhand,4,13,2025-04-21,910.9313077939235,1117.0912189762732
potato,303.0,Dehradoon APMC,Uttarakhand,4,13,2025-04-28,911.0412926391381,1085.815758791514
potato,303.0,Dehradoon APMC,Uttarakhand,4,13,2025-05-05,834.7107438016532,1052.2803759201015
potato,303.0,Dehradoon APMC,Uttarakhand,4,13,2025-05-12,1082.1917808219173,1117.952703650309
potato,303.0,Dehradoon APMC,Uttarakhand,4,13,2025-05-19,903.8390663390663,1059.8196256953584
potato,303.0,Dehradoon APMC,Uttarakhand,4,13,2025-05-26,828.0769230769233,1047.9784471106557
potato,303.0,Dehradoon APMC,Uttarakhand,4,13,2025-06-02,910.0750267952837,1034.9512194497445
potato,303.0,Dehradoon APMC,Uttarakhand,4,13,2025-06-09,800.0000000000003,981.0474138303622
potato,303.0,Dehradoon APMC,Uttarakhand,4,13,2025-06-16,835.9056122448978,887.030594298451
potato,303.0,Dehradoon APMC,Uttarakhand,4,13,2025-06-23,1005.5660377358495,869.7323474231175
potato,303.0,Dehradoon APMC,Uttarakhand,4,13,2025-06-30,916.6322314049588,922.7626797675456
potato,303.0,Dehradoon APMC,Uttarakhand,4,13,2025-07-07,925.0000000000001,992.7451044324619
potato,303.0,Dehradoon APMC,Uttarakhand,4,13,2025-07-14,870.7317073170732,924.8488654629665
potato,303.0,Dehradoon APMC,Uttarakhand,4,13,2025-07-21,999.9999999999999,970.9109960060456
potato,303.0,Dehradoon APMC,Uttarakhand,4,13,2025-07-28,962.4999999999999,946.3166200778118
potato,303.0,Dehradoon APMC,Uttarakhand,4,13,2025-08-04,938.6861313868611,935.2177356419065
potato,303.0,Dehradoon APMC,Uttarakhand,4,13,2025-08-11,999.9999999999999,913.565752927847
potato,303.0,Dehradoon APMC,Uttarakhand,4,13,2025-08-18,800.0000000000003,922.7127588678536
potato,303.0,Dehradoon APMC,Uttarakhand,4,13,2025-08-25,999.9999999999999,946.6749892497788
potato,303.0,Dehradoon APMC,Uttarakhand,4,13,2025-09-01,987.6262626262624,928.4015627882953
potato,303.0,Dehradoon APMC,Uttarakhand,4,13,2025-09-08,975.2525252525252,885.3127147662362
potato,303.0,Dehradoon APMC,Uttarakhand,4,13,2025-09-15,849.5370370370367,921.1935598669413
potato,303.0,Dehradoon APMC,Uttarakhand,4,13,2025-09-22,873.177441540578,917.5858848194083
potato,303.0,Dehradoon APMC,Uttarakhand,4,13,2025-09-29,800.0000000000003,919.489988048391
potato,303.0,Dehradoon APMC,Uttarakhand,4,13,2025-10-06,811.2195121951218,936.892925644074
potato,303.0,Dehradoon APMC,Uttarakhand,4,13,2025-10-13,800.0000000000003,937.1483478589525
potato,303.0,Dehradoon APMC,Uttarakhand,4,13,2025-10-20,646.4494163424126,902.0438429928399
potato,303.0,Dehradoon APMC,Uttarakhand,4,13,2025-10-27,466.26506024096386,911.9135150698002
potato,303.0,Dehradoon APMC,Uttarakhand,4,13,2025-11-03,703.4482758620692,924.5548834159825
potato,303.0,Dehradoon APMC,Uttarakhand,4,13,2025-11-10,669.8481561822125,898.1631119054304
potato,303.0,Dehradoon APMC,Uttarakhand,4,13,2025-11-17,586.802030456853,903.009764718599
potato,303.0,Dehradoon APMC,Uttarakhand,4,13,2025-11-24,663.6363636363635,913.5795311469479
potato,303.0,Dehradoon APMC,Uttarakhand,4,13,2025-12-01,575.5102040816327,906.8797771075579
potato,303.0,Dehradoon APMC,Uttarakhand,4,13,2025-12-08,551.3931034482757,922.6581917944396
potato,303.0,Dehradoon APMC,Uttarakhand,4,13,2025-12-15,600.0,897.706267393012
potato,303.0,Dehradoon APMC,Uttarakhand,4,13,2025-12-22,538.9610389610388,892.3412878154886
potato,303.0,Dehradoon APMC,Uttarakhand,4,13,2025-12-29,548.3221476510066,991.1777929501544
potato,303.0,Dehradoon APMC,Uttarakhand,4,26,2025-01-06,849.9999999999995,1133.0124588057586
potato,303.0,Dehradoon APMC,Uttarakhand,4,26,2025-01-13,859.3085106382978,1137.846234143047
potato,303.0,Dehradoon APMC,Uttarakhand,4,26,2025-01-20,910.9313077939235,1085.5270404829728
potato,303.0,Dehradoon APMC,Uttarakhand,4,26,2025-01-27,911.0412926391381,995.2746879551006
potato,303.0,Dehradoon APMC,Uttarakhand,4,26,2025-02-03,834.7107438016532,1060.8678567677368
potato,303.0,Dehradoon APMC,Uttarakhand,4,26,2025-02-10,1082.1917808219173,1119.4021111938114
potato,303.0,Dehradoon APMC,Uttarakhand,4,26,2025-02-17,903.8390663390663,1113.0351350019102
potato,303.0,Dehradoon APMC,Uttarakhand,4,26,2025-02-24,828.0769230769233,1104.6621896103811
potato,303.0,Dehradoon APMC,Uttarakhand,4,26,2025-03-03,910.0750267952837,1042.3458583163047
potato,303.0,Dehradoon APMC,Uttarakhand,4,26,2025-03-10,800.0000000000003,1042.3799600770278
potato,303.0,Dehradoon APMC,Uttarakhand,4,26,2025-03-17,835.9056122448978,975.4459436243228
potato,303.0,Dehradoon APMC,Uttarakhand,4,26,2025-03-24,1005.5660377358495,974.7044327263272
potato,303.0,Dehradoon APMC,Uttarakhand,4,26,2025-03-31,916.6322314049588,1009.3731669932474
potato,303.0,Dehradoon APMC,Uttarakhand,4,26,2025-04-07,925.0000000000001,1002.5166218477893
potato,303.0,Dehradoon APMC,Uttarakhand,4,26,2025-04-14,870.7317073170732,1021.8917934864725
potato,303.0,Dehradoon APMC,Uttarakhand,4,26,2025-04-21,999.9999999999999,1019.5915497280558
potato,303.0,Dehradoon APMC,Uttarakhand,4,26,2025-04-28,962.4999999999999,1041.866886278396
potato,303.0,Dehradoon APMC,Uttarakhand,4,26,2025-05-05,938.6861313868611,1019.6132213181007
potato,303.0,Dehradoon APMC,Uttarakhand,4,26,2025-05-12,999.9999999999999,1071.267383721825
potato,303.0,Dehradoon APMC,Uttarakhand,4,26,2025-05-19,800.0000000000003,1032.9829466833348
potato,303.0,Dehradoon APMC,Uttarakhand,4,26,2025-05-26,999.9999999999999,1013.0381063304721
potato,303.0,Dehradoon APMC,Uttarakhand,4,26,2025-06-02,987.6262626262624,871.8177105059187
potato,303.0,Dehradoon APMC,Uttarakhand,4,26,2025-06-09,975.2525252525252,874.618916901397
potato,303.0,Dehradoon APMC,Uttarakhand,4,26,2025-06-16,849.5370370370367,862.7600626863263
potato,303.0,Dehradoon APMC,Uttarakhand,4,26,2025-06-23,873.177441540578,850.7455410837722
potato,303.0,Dehradoon APMC,Uttarakhand,4,26,2025-06-30,800.0000000000003,850.7455410837722
potato,303.0,Dehradoon APMC,Uttarakhand,4,26,2025-07-07,811.2195121951218,931.5537843967911
potato,303.0,Dehradoon APMC,Uttarakhand,4,26,2025-07-14,800.0000000000003,951.8296842305934
potato,303.0,Dehradoon APMC,Uttarakhand,4,26,2025-07-21,646.4494163424126,951.8296842305934
potato,303.0,Dehradoon APMC,Uttarakhand,4,26,2025-07-28,466.26506024096386,942.0150438951594
potato,303.0,Dehradoon APMC,Uttarakhand,4,26,2025-08-04,703.4482758620692,869.9245009580733
potato,303.0,Dehradoon APMC,Uttarakhand,4,26,2025-08-11,669.8481561822125,869.9245009580733
potato,303.0,Dehradoon APMC,Uttarakhand,4,26,2025-08-18,586.802030456853,884.9522088113345
potato,303.0,Dehradoon APMC,Uttarakhand,4,26,2025-08-25,663.6363636363635,857.5084200029013
potato,303.0,Dehradoon APMC,Uttarakhand,4,26,2025-09-01,575.5102040816327,907.8195549015475
potato,303.0,Dehradoon APMC,Uttarakhand,4,26,2025-09-08,551.3931034482757,914.3705074024351
potato,303.0,Dehradoon APMC,Uttarakhand,4,26,2025-09-15,600.0,902.5148212159627
potato,303.0,Dehradoon APMC,Uttarakhand,4,26,2025-09-22,538.9610389610388,902.4472739238362
potato,303.0,Dehradoon APMC,Uttarakhand,4,26,2025-09-29,548.3221476510066,943.9550773125361
potato,303.0,Dehradoon APMC,Uttarakhand,4,26,2025-10-06,486.1572535991138,913.7662315848617
potato,303.0,Dehradoon APMC,Uttarakhand,4,26,2025-10-13,537.5342465753422,951.6140834066105
potato,303.0,Dehradoon APMC,Uttarakhand,4,26,2025-10-20,506.40060240963857,961.5286278962576
potato,303.0,Dehradoon APMC,Uttarakhand,4,26,2025-10-27,550.0000000000002,923.2868660775218
potato,303.0,Dehradoon APMC,Uttarakhand,4,26,2025-11-03,541.1042944785275,998.9149705977627
potato,303.0,Dehradoon APMC,Uttarakhand,4,26,2025-11-10,575.3593429158112,989.6568291563783
potato,303.0,Dehradoon APMC,Uttarakhand,4,26,2025-11-17,600.0,989.6568291563783
potato,303.0,Dehradoon APMC,Uttarakhand,4,26,2025-11-24,538.095238095238,1016.201258616995
potato,303.0,Dehradoon APMC,Uttarakhand,4,26,2025-12-01,587.513007284079,1035.7469029442939
potato,303.0,Dehradoon APMC,Uttarakhand,4,26,2025-12-08,554.2253521126761,1059.1814520417772
potato,303.0,Dehradoon APMC,Uttarakhand,4,26,2025-12-15,551.7783857729141,1051.4972962922939
potato,303.0,Dehradoon APMC,Uttarakhand,4,26,2025-12-22,599.9307479224377,1054.129016515171
potato,303.0,Dehradoon APMC,Uttarakhand,4,26,2025-12-29,547.1698113207548,1043.440338302578
potato,303.0,Dehradoon APMC,Uttarakhand,5,1,2026-01-05,800.0000000000003,782.4838569760703
potato,303.0,Dehradoon APMC,Uttarakhand,5,1,2026-01-12,646.4494163424126,823.0186710644278
potato,303.0,Dehradoon APMC,Uttarakhand,5,1,2026-01-19,466.26506024096386,782.4838569760703
potato,303.0,Dehradoon APMC,Uttarakhand,5,1,2026-01-26,703.4482758620692,783.5457368302455
potato,303.0,Dehradoon APMC,Uttarakhand,5,1,2026-02-02,669.8481561822125,783.5457368302455
potato,303.0,Dehradoon APMC,Uttarakhand,5,1,2026-02-09,586.802030456853,783.5457368302455
potato,303.0,Dehradoon APMC,Uttarakhand,5,1,2026-02-16,663.6363636363635,783.5457368302455
potato,303.0,Dehradoon APMC,Uttarakhand,5,1,2026-02-23,575.5102040816327,783.5457368302455
potato,303.0,Dehradoon APMC,Uttarakhand,5,1,2026-03-02,551.3931034482757,803.9308932612013
potato,303.0,Dehradoon APMC,Uttarakhand,5,1,2026-03-09,600.0,801.1627297310444
potato,303.0,Dehradoon APMC,Uttarakhand,5,1,2026-03-16,538.9610389610388,801.1627297310444
potato,303.0,Dehradoon APMC,Uttarakhand,5,1,2026-03-23,548.3221476510066,801.1627297310444
potato,303.0,Dehradoon APMC,Uttarakhand,5,1,2026-03-30,486.1572535991138,803.9308932612013
potato,303.0,Dehradoon APMC,Uttarakhand,5,1,2026-04-06,537.5342465753422,803.9308932612013
potato,303.0,Dehradoon APMC,Uttarakhand,5,1,2026-04-13,506.40060240963857,777.3828243725914
potato,303.0,Dehradoon APMC,Uttarakhand,5,1,2026-04-20,550.0000000000002,777.3828243725914
potato,303.0,Dehradoon APMC,Uttarakhand,5,1,2026-04-27,541.1042944785275,749.7079728867863
potato,303.0,Dehradoon APMC,Uttarakhand,5,1,2026-05-04,575.3593429158112,715.7360427832067
potato,303.0,Dehradoon APMC,Uttarakhand,5,1,2026-05-11,600.0,712.11583865787
potato,303.0,Dehradoon APMC,Uttarakhand,5,1,2026-05-18,538.095238095238,712.11583865787
potato,303.0,Dehradoon APMC,Uttarakhand,5,1,2026-05-25,587.513007284079,751.1914673244298
potato,303.0,Dehradoon APMC,Uttarakhand,5,1,2026-06-01,554.2253521126761,743.6134253651384
potato,303.0,Dehradoon APMC,Uttarakhand,5,1,2026-06-08,551.7783857729141,767.1639400031861
potato,303.0,Dehradoon APMC,Uttarakhand,5,1,2026-06-15,599.9307479224377,767.1639400031861
potato,303.0,Dehradoon APMC,Uttarakhand,5,1,2026-06-22,547.1698113207548,767.1639400031861
potato,303.0,Dehradoon APMC,Uttarakhand,5,1,2026-06-29,550.0000000000002,767.1639400031861
potato,303.0,Dehradoon APMC,Uttarakhand,5,1,2026-07-06,745.5095862764887,767.1639400031861
potato,303.0,Dehradoon APMC,Uttarakhand,5,1,2026-07-13,735.064935064935,767.1639400031861
potato,303.0,Dehradoon APMC,Uttarakhand,5,1,2026-07-20,602.9147982062782,767.1639400031861
potato,303.0,Dehradoon APMC,Uttarakhand,5,1,2026-07-27,698.9690721649487,767.1639400031861
potato,303.0,Dehradoon APMC,Uttarakhand,5,1,2026-08-03,600.0,767.1639400031861
potato,303.0,Dehradoon APMC,Uttarakhand,5,1,2026-08-10,600.0,767.1639400031861
potato,303.0,Dehradoon APMC,Uttarakhand,5,1,2026-08-17,600.0,767.1639400031861
potato,303.0,Dehradoon APMC,Uttarakhand,5,1,2026-08-24,697.4619289340101,767.1639400031861
potato,303.0,Dehradoon APMC,Uttarakhand,5,1,2026-08-31,800.0000000000003,767.1639400031861
potato,303.0,Dehradoon APMC,Uttarakhand,5,1,2026-09-07,734.421768707483,767.1639400031861
potato,303.0,Dehradoon APMC,Uttarakhand,5,1,2026-09-14,600.0,767.1639400031861
potato,303.0,Dehradoon APMC,Uttarakhand,5,1,2026-09-21,611.0091743119267,767.1639400031861
potato,303.0,Dehradoon APMC,Uttarakhand,5,1,2026-09-28,611.0091743119267,767.1639400031861
potato,303.0,Dehradoon APMC,Uttarakhand,5,4,2026-01-05,703.4482758620692,827.3458577586551
potato,303.0,Dehradoon APMC,Uttarakhand,5,4,2026-01-12,669.8481561822125,827.3458577586551
potato,303.0,Dehradoon APMC,Uttarakhand,5,4,2026-01-19,586.802030456853,849.1118099427149
potato,303.0,Dehradoon APMC,Uttarakhand,5,4,2026-01-26,663.6363636363635,827.3458577586551
potato,303.0,Dehradoon APMC,Uttarakhand,5,4,2026-02-02,575.5102040816327,789.1897505750921
potato,303.0,Dehradoon APMC,Uttarakhand,5,4,2026-02-09,551.3931034482757,759.8087092379766
potato,303.0,Dehradoon APMC,Uttarakhand,5,4,2026-02-16,600.0,759.8087092379766
potato,303.0,Dehradoon APMC,Uttarakhand,5,4,2026-02-23,538.9610389610388,759.8087092379766
potato,303.0,Dehradoon APMC,Uttarakhand,5,4,2026-03-02,548.3221476510066,759.8087092379766
potato,303.0,Dehradoon APMC,Uttarakhand,5,4,2026-03-09,486.1572535991138,767.0390604057799
potato,303.0,Dehradoon APMC,Uttarakhand,5,4,2026-03-16,537.5342465753422,767.0390604057799
potato,303.0,Dehradoon APMC,Uttarakhand,5,4,2026-03-23,506.40060240963857,767.0390604057799
potato,303.0,Dehradoon APMC,Uttarakhand,5,4,2026-03-30,550.0000000000002,760.5390495242052
potato,303.0,Dehradoon APMC,Uttarakhand,5,4,2026-04-06,541.1042944785275,760.5390495242052
potato,303.0,Dehradoon APMC,Uttarakhand,5,4,2026-04-13,575.3593429158112,744.8521499266933
potato,303.0,Dehradoon APMC,Uttarakhand,5,4,2026-04-20,600.0,744.8521499266933
potato,303.0,Dehradoon APMC,Uttarakhand,5,4,2026-04-27,538.095238095238,744.8521499266933
potato,303.0,Dehradoon APMC,Uttarakhand,5,4,2026-05-04,587.513007284079,716.136044508568
potato,303.0,Dehradoon APMC,Uttarakhand,5,4,2026-05-11,554.2253521126761,716.136044508568
potato,303.0,Dehradoon APMC,Uttarakhand,5,4,2026-05-18,551.7783857729141,716.136044508568
potato,303.0,Dehradoon APMC,Uttarakhand,5,4,2026-05-25,599.9307479224377,732.3063107541806
potato,303.0,Dehradoon APMC,Uttarakhand,5,4,2026-06-01,547.1698113207548,718.3780289937159
potato,303.0,Dehradoon APMC,Uttarakhand,5,4,2026-06-08,550.0000000000002,718.3780289937159
potato,303.0,Dehradoon APMC,Uttarakhand,5,4,2026-06-15,745.5095862764887,724.8839215286189
potato,303.0,Dehradoon APMC,Uttarakhand,5,4,2026-06-22,735.064935064935,724.8839215286189
potato,303.0,Dehradoon APMC,Uttarakhand,5,4,2026-06-29,602.9147982062782,724.8839215286189
potato,303.0,Dehradoon APMC,Uttarakhand,5,4,2026-07-06,698.9690721649487,675.1198789155742
potato,303.0,Dehradoon APMC,Uttarakhand,5,4,2026-07-13,600.0,687.8755404508553
potato,303.0,Dehradoon APMC,Uttarakhand,5,4,2026-07-20,600.0,687.8755404508553
potato,303.0,Dehradoon APMC,Uttarakhand,5,4,2026-07-27,600.0,687.8755404508553
potato,303.0,Dehradoon APMC,Uttarakhand,5,4,2026-08-03,697.4619289340101,687.8755404508553
potato,303.0,Dehradoon APMC,Uttarakhand,5,4,2026-08-10,800.0000000000003,886.5474925801648
potato,303.0,Dehradoon APMC,Uttarakhand,5,4,2026-08-17,734.421768707483,687.8755404508553
potato,303.0,Dehradoon APMC,Uttarakhand,5,4,2026-08-24,600.0,687.8755404508553
potato,303.0,Dehradoon APMC,Uttarakhand,5,4,2026-08-31,611.0091743119267,687.8755404508553
potato,303.0,Dehradoon APMC,Uttarakhand,5,4,2026-09-07,611.0091743119267,652.8574985772185
potato,303.0,Dehradoon APMC,Uttarakhand,5,13,2026-01-05,486.1572535991138,813.6691239822208
potato,303.0,Dehradoon APMC,Uttarakhand,5,13,2026-01-12,537.5342465753422,813.6691239822208
potato,303.0,Dehradoon APMC,Uttarakhand,5,13,2026-01-19,506.40060240963857,821.3335121988979
potato,303.0,Dehradoon APMC,Uttarakhand,5,13,2026-01-26,550.0000000000002,807.6434055037305
potato,303.0,Dehradoon APMC,Uttarakhand,5,13,2026-02-02,541.1042944785275,866.6654364110713
potato,303.0,Dehradoon APMC,Uttarakhand,5,13,2026-02-09,575.3593429158112,885.9351345573708
potato,303.0,Dehradoon APMC,Uttarakhand,5,13,2026-02-16,600.0,846.9379633627705
potato,303.0,Dehradoon APMC,Uttarakhand,5,13,2026-02-23,538.095238095238,830.823786007647
potato,303.0,Dehradoon APMC,Uttarakhand,5,13,2026-03-02,587.513007284079,860.4399442287995
potato,303.0,Dehradoon APMC,Uttarakhand,5,13,2026-03-09,554.2253521126761,808.0446207541243
potato,303.0,Dehradoon APMC,Uttarakhand,5,13,2026-03-16,551.7783857729141,792.405085672638
potato,303.0,Dehradoon APMC,Uttarakhand,5,13,2026-03-23,599.9307479224377,792.405085672638
potato,303.0,Dehradoon APMC,Uttarakhand,5,13,2026-03-30,547.1698113207548,822.6301399606682
potato,303.0,Dehradoon APMC,Uttarakhand,5,13,2026-04-06,550.0000000000002,908.4018293532524
potato,303.0,Dehradoon APMC,Uttarakhand,5,13,2026-04-13,745.5095862764887,932.8973947213861
potato,303.0,Dehradoon APMC,Uttarakhand,5,13,2026-04-20,735.064935064935,948.3015617745582
potato,303.0,Dehradoon APMC,Uttarakhand,5,13,2026-04-27,602.9147982062782,964.7814159573256
potato,303.0,Dehradoon APMC,Uttarakhand,5,13,2026-05-04,698.9690721649487,949.2076666299084
potato,303.0,Dehradoon APMC,Uttarakhand,5,13,2026-05-11,600.0,929.9653469699233
potato,303.0,Dehradoon APMC,Uttarakhand,5,13,2026-05-18,600.0,929.9653469699233
potato,303.0,Dehradoon APMC,Uttarakhand,5,13,2026-05-25,600.0,945.0146211147088
potato,303.0,Dehradoon APMC,Uttarakhand,5,13,2026-06-01,697.4619289340101,937.3189425424054
potato,303.0,Dehradoon APMC,Uttarakhand,5,13,2026-06-08,800.0000000000003,937.3189425424054
potato,303.0,Dehradoon APMC,Uttarakhand,5,13,2026-06-15,734.421768707483,953.608138697441
potato,303.0,Dehradoon APMC,Uttarakhand,5,13,2026-06-22,600.0,924.9720658145708
potato,303.0,Dehradoon APMC,Uttarakhand,5,13,2026-06-29,611.0091743119267,932.2841678772824
potato,303.0,Dehradoon APMC,Uttarakhand,5,13,2026-07-06,611.0091743119267,944.7420569378967
potato,303.0,Dehradoon APMC,Uttarakhand,5,26,2026-01-05,550.0000000000002,886.981696039192
potato,303.0,Dehradoon APMC,Uttarakhand,5,26,2026-01-12,745.5095862764887,914.7293195789244
potato,303.0,Dehradoon APMC,Uttarakhand,5,26,2026-01-19,735.064935064935,921.8467004485245
potato,303.0,Dehradoon APMC,Uttarakhand,5,26,2026-01-26,602.9147982062782,914.7293195789244
potato,303.0,Dehradoon APMC,Uttarakhand,5,26,2026-02-02,698.9690721649487,878.5029622097093
potato,303.0,Dehradoon APMC,Uttarakhand,5,26,2026-02-09,600.0,880.6341633972451
potato,303.0,Dehradoon APMC,Uttarakhand,5,26,2026-02-16,600.0,878.5029622097093
potato,303.0,Dehradoon APMC,Uttarakhand,5,26,2026-02-23,600.0,871.9170454386822
potato,303.0,Dehradoon APMC,Uttarakhand,5,26,2026-03-02,697.4619289340101,878.5029622097093
potato,303.0,Dehradoon APMC,Uttarakhand,5,26,2026-03-09,800.0000000000003,878.5029622097093
potato,303.0,Dehradoon APMC,Uttarakhand,5,26,2026-03-16,734.421768707483,878.5029622097093
potato,303.0,Dehradoon APMC,Uttarakhand,5,26,2026-03-23,600.0,878.5029622097093
potato,303.0,Dehradoon APMC,Uttarakhand,5,26,2026-03-30,611.0091743119267,878.5029622097093
potato,303.0,Dehradoon APMC,Uttarakhand,5,26,2026-04-06,611.0091743119267,860.3542814536034
potato,319.0,Kashipur APMC,Uttarakhand,2,1,2023-01-02,881.3186813186815,651.9167806849562
potato,319.0,Kashipur APMC,Uttarakhand,2,1,2023-01-09,899.9999999999998,674.9377096396565
potato,319.0,Kashipur APMC,Uttarakhand,2,1,2023-01-16,899.9999999999998,692.1623458546322
potato,319.0,Kashipur APMC,Uttarakhand,2,1,2023-01-23,744.9999999999997,678.2832721996479
potato,319.0,Kashipur APMC,Uttarakhand,2,1,2023-01-30,590.0000000000002,665.5892542260958
potato,319.0,Kashipur APMC,Uttarakhand,2,1,2023-02-06,659.0909090909089,668.222993400731
potato,319.0,Kashipur APMC,Uttarakhand,2,1,2023-02-13,451.360544217687,675.4649324245128
potato,319.0,Kashipur APMC,Uttarakhand,2,1,2023-02-20,372.97297297297297,701.7467524407706
potato,319.0,Kashipur APMC,Uttarakhand,2,1,2023-02-27,533.3333333333334,681.2121328660606
potato,319.0,Kashipur APMC,Uttarakhand,2,1,2023-03-06,563.8888888888887,664.6671333583972
potato,319.0,Kashipur APMC,Uttarakhand,2,1,2023-03-13,594.4444444444443,679.4322788471926
potato,319.0,Kashipur APMC,Uttarakhand,2,1,2023-03-20,624.9999999999999,667.1951572251097
potato,319.0,Kashipur APMC,Uttarakhand,2,1,2023-03-27,609.3457943925231,649.6350846785721
potato,319.0,Kashipur APMC,Uttarakhand,2,1,2023-04-03,681.35593220339,651.8318540681623
potato,319.0,Kashipur APMC,Uttarakhand,2,1,2023-04-10,566.6666666666665,646.8534474397254
potato,319.0,Kashipur APMC,Uttarakhand,2,1,2023-04-17,562.5246548323471,736.2820038728308
potato,319.0,Kashipur APMC,Uttarakhand,2,1,2023-04-24,723.2558139534882,631.8266195879629
potato,319.0,Kashipur APMC,Uttarakhand,2,1,2023-05-01,690.8450704225353,639.8501477866791
potato,319.0,Kashipur APMC,Uttarakhand,2,1,2023-05-08,799.1228070175436,710.4533371562102
potato,319.0,Kashipur APMC,Uttarakhand,2,1,2023-05-15,809.7938144329895,724.0477371642332
potato,319.0,Kashipur APMC,Uttarakhand,2,1,2023-05-22,743.0232558139533,732.151784159149
potato,319.0,Kashipur APMC,Uttarakhand,2,1,2023-05-29,682.5140449438198,772.9889592536375
potato,319.0,Kashipur APMC,Uttarakhand,2,1,2023-06-05,657.3275862068965,723.1129062980528
potato,319.0,Kashipur APMC,Uttarakhand,2,1,2023-06-12,700.0,739.3589016270496
potato,319.0,Kashipur APMC,Uttarakhand,2,1,2023-06-19,769.4344163658242,709.0837318165002
potato,319.0,Kashipur APMC,Uttarakhand,2,1,2023-06-26,838.8688327316482,724.7684060191647
potato,319.0,Kashipur APMC,Uttarakhand,2,1,2023-07-03,908.3032490974726,729.9396705815594
potato,319.0,Kashipur APMC,Uttarakhand,2,1,2023-07-10,1058.1609195402305,737.8685064965971
potato,319.0,Kashipur APMC,Uttarakhand,2,1,2023-07-17,1548.148148148148,736.6692419839054
potato,319.0,Kashipur APMC,Uttarakhand,2,1,2023-07-24,838.2352941176472,745.4972143308165
potato,319.0,Kashipur APMC,Uttarakhand,2,1,2023-07-31,965.2173913043476,808.5249283092711
potato,319.0,Kashipur APMC,Uttarakhand,2,1,2023-08-07,1025.8620689655172,806.1044418049786
potato,319.0,Kashipur APMC,Uttarakhand,2,1,2023-08-14,719.2771084337352,795.1183336123678
potato,319.0,Kashipur APMC,Uttarakhand,2,1,2023-08-21,768.1489594742608,755.2351082212023
potato,319.0,Kashipur APMC,Uttarakhand,2,1,2023-08-28,817.0208105147866,807.534183144207
potato,319.0,Kashipur APMC,Uttarakhand,2,1,2023-09-04,714.3196050096341,799.2156299058581
potato,319.0,Kashipur APMC,Uttarakhand,2,1,2023-09-11,714.3196050096341,783.8055004095743
potato,319.0,Kashipur APMC,Uttarakhand,2,1,2023-09-18,963.6363636363635,772.7147946194241
potato,319.0,Kashipur APMC,Uttarakhand,2,1,2023-09-25,962.4999999999999,748.1383666769207
potato,319.0,Kashipur APMC,Uttarakhand,2,1,2023-10-02,998.7012987012993,763.1839935984235
potato,319.0,Kashipur APMC,Uttarakhand,2,1,2023-10-09,953.0451866404712,758.9689201809189
potato,319.0,Kashipur APMC,Uttarakhand,2,1,2023-10-16,923.0769230769231,801.8750382202348
potato,319.0,Kashipur APMC,Uttarakhand,2,1,2023-10-23,916.4556962025318,805.8543048164155
potato,319.0,Kashipur APMC,Uttarakhand,2,1,2023-10-30,800.0000000000003,859.5104284048261
potato,319.0,Kashipur APMC,Uttarakhand,2,1,2023-11-06,838.2352941176472,859.5104284048261
potato,319.0,Kashipur APMC,Uttarakhand,2,1,2023-11-13,965.3846153846156,851.7351820096677
potato,319.0,Kashipur APMC,Uttarakhand,2,1,2023-11-20,700.0,831.9932867094084
potato,319.0,Kashipur APMC,Uttarakhand,2,1,2023-11-27,749.9999999999998,786.0386790269105
potato,319.0,Kashipur APMC,Uttarakhand,2,1,2023-12-04,837.3913043478261,705.0968011995923
potato,319.0,Kashipur APMC,Uttarakhand,2,1,2023-12-11,1048.2041587901701,714.3421160673129
potato,319.0,Kashipur APMC,Uttarakhand,2,1,2023-12-18,840.0000000000002,743.6658037259466
potato,319.0,Kashipur APMC,Uttarakhand,2,1,2023-12-25,839.6116504854372,695.1169437761503
potato,319.0,Kashipur APMC,Uttarakhand,2,4,2023-01-02,744.9999999999997,850.8982103197025
potato,319.0,Kashipur APMC,Uttarakhand,2,4,2023-01-09,590.0000000000002,881.0713693690178
potato,319.0,Kashipur APMC,Uttarakhand,2,4,2023-01-16,659.0909090909089,871.8376026175918
potato,319.0,Kashipur APMC,Uttarakhand,2,4,2023-01-23,451.360544217687,848.293218124474
potato,319.0,Kashipur APMC,Uttarakhand,2,4,2023-01-30,372.97297297297297,858.7561813962485
potato,319.0,Kashipur APMC,Uttarakhand,2,4,2023-02-06,533.3333333333334,804.2338724405889
potato,319.0,Kashipur APMC,Uttarakhand,2,4,2023-02-13,563.8888888888887,760.3845424625271
potato,319.0,Kashipur APMC,Uttarakhand,2,4,2023-02-20,594.4444444444443,701.4547508311248
potato,319.0,Kashipur APMC,Uttarakhand,2,4,2023-02-27,624.9999999999999,646.5780749437647
potato,319.0,Kashipur APMC,Uttarakhand,2,4,2023-03-06,609.3457943925231,645.2005846893857
potato,319.0,Kashipur APMC,Uttarakhand,2,4,2023-03-13,681.35593220339,693.6029108292203
potato,319.0,Kashipur APMC,Uttarakhand,2,4,2023-03-20,566.6666666666665,683.0830389723837
potato,319.0,Kashipur APMC,Uttarakhand,2,4,2023-03-27,562.5246548323471,652.1213236291289
potato,319.0,Kashipur APMC,Uttarakhand,2,4,2023-04-03,723.2558139534882,648.7056896049802
potato,319.0,Kashipur APMC,Uttarakhand,2,4,2023-04-10,690.8450704225353,702.4620231786722
potato,319.0,Kashipur APMC,Uttarakhand,2,4,2023-04-17,799.1228070175436,702.0520834530648
potato,319.0,Kashipur APMC,Uttarakhand,2,4,2023-04-24,809.7938144329895,816.2974098090833
potato,319.0,Kashipur APMC,Uttarakhand,2,4,2023-05-01,743.0232558139533,898.2719172631882
potato,319.0,Kashipur APMC,Uttarakhand,2,4,2023-05-08,682.5140449438198,805.2168646785067
potato,319.0,Kashipur APMC,Uttarakhand,2,4,2023-05-15,657.3275862068965,835.1074876168873
potato,319.0,Kashipur APMC,Uttarakhand,2,4,2023-05-22,700.0,780.0126034220401
potato,319.0,Kashipur APMC,Uttarakhand,2,4,2023-05-29,769.4344163658242,773.095637340556
potato,319.0,Kashipur APMC,Uttarakhand,2,4,2023-06-05,838.8688327316482,772.5612081897691
potato,319.0,Kashipur APMC,Uttarakhand,2,4,2023-06-12,908.3032490974726,800.3146227100048
potato,319.0,Kashipur APMC,Uttarakhand,2,4,2023-06-19,1058.1609195402305,773.8908075714669
potato,319.0,Kashipur APMC,Uttarakhand,2,4,2023-06-26,1548.148148148148,822.5860304961594
potato,319.0,Kashipur APMC,Uttarakhand,2,4,2023-07-03,838.2352941176472,840.3884690178585
potato,319.0,Kashipur APMC,Uttarakhand,2,4,2023-07-10,965.2173913043476,828.4940322132139
potato,319.0,Kashipur APMC,Uttarakhand,2,4,2023-07-17,1025.8620689655172,775.1526290274068
potato,319.0,Kashipur APMC,Uttarakhand,2,4,2023-07-24,719.2771084337352,768.037898384809
potato,319.0,Kashipur APMC,Uttarakhand,2,4,2023-07-31,768.1489594742608,896.2167371945268
potato,319.0,Kashipur APMC,Uttarakhand,2,4,2023-08-07,817.0208105147866,931.5628426426193
potato,319.0,Kashipur APMC,Uttarakhand,2,4,2023-08-14,714.3196050096341,919.3570109358598
potato,319.0,Kashipur APMC,Uttarakhand,2,4,2023-08-21,714.3196050096341,841.0244258311621
potato,319.0,Kashipur APMC,Uttarakhand,2,4,2023-08-28,963.6363636363635,890.6996311107363
potato,319.0,Kashipur APMC,Uttarakhand,2,4,2023-09-04,962.4999999999999,908.4182622394862
potato,319.0,Kashipur APMC,Uttarakhand,2,4,2023-09-11,998.7012987012993,862.780703158543
potato,319.0,Kashipur APMC,Uttarakhand,2,4,2023-09-18,953.0451866404712,838.330690476548
potato,319.0,Kashipur APMC,Uttarakhand,2,4,2023-09-25,923.0769230769231,828.9716712983885
potato,319.0,Kashipur APMC,Uttarakhand,2,4,2023-10-02,916.4556962025318,831.8735487993545
potato,319.0,Kashipur APMC,Uttarakhand,2,4,2023-10-09,800.0000000000003,872.677244553782
potato,319.0,Kashipur APMC,Uttarakhand,2,4,2023-10-16,838.2352941176472,967.828050847677
potato,319.0,Kashipur APMC,Uttarakhand,2,4,2023-10-23,965.3846153846156,1006.5924193770913
potato,319.0,Kashipur APMC,Uttarakhand,2,4,2023-10-30,700.0,1053.4635298028336
potato,319.0,Kashipur APMC,Uttarakhand,2,4,2023-11-06,749.9999999999998,1066.7483087963433
potato,319.0,Kashipur APMC,Uttarakhand,2,4,2023-11-13,837.3913043478261,1069.5937688822303
potato,319.0,Kashipur APMC,Uttarakhand,2,4,2023-11-20,1048.2041587901701,1045.0756582739743
potato,319.0,Kashipur APMC,Uttarakhand,2,4,2023-11-27,840.0000000000002,983.5258194206383
potato,319.0,Kashipur APMC,Uttarakhand,2,4,2023-12-04,839.6116504854372,826.0744662575048
potato,319.0,Kashipur APMC,Uttarakhand,2,4,2023-12-11,724.7787610619469,855.1095330721243
potato,319.0,Kashipur APMC,Uttarakhand,2,4,2023-12-18,717.4999999999999,784.0951114372608
potato,319.0,Kashipur APMC,Uttarakhand,2,4,2023-12-25,757.1713147410358,776.9300577278005
potato,319.0,Kashipur APMC,Uttarakhand,2,13,2023-01-02,609.3457943925231,694.0285788810048
potato,319.0,Kashipur APMC,Uttarakhand,2,13,2023-01-09,681.35593220339,694.0285788810048
potato,319.0,Kashipur APMC,Uttarakhand,2,13,2023-01-16,566.6666666666665,692.5616578951908
potato,319.0,Kashipur APMC,Uttarakhand,2,13,2023-01-23,562.5246548323471,701.3140876492491
potato,319.0,Kashipur APMC,Uttarakhand,2,13,2023-01-30,723.2558139534882,702.603020915136
potato,319.0,Kashipur APMC,Uttarakhand,2,13,2023-02-06,690.8450704225353,761.0518596142281
potato,319.0,Kashipur APMC,Uttarakhand,2,13,2023-02-13,799.1228070175436,780.4023861166256
potato,319.0,Kashipur APMC,Uttarakhand,2,13,2023-02-20,809.7938144329895,794.9473386966827
potato,319.0,Kashipur APMC,Uttarakhand,2,13,2023-02-27,743.0232558139533,777.910762119257
potato,319.0,Kashipur APMC,Uttarakhand,2,13,2023-03-06,682.5140449438198,738.0169965762557
potato,319.0,Kashipur APMC,Uttarakhand,2,13,2023-03-13,657.3275862068965,717.0247799984171
potato,319.0,Kashipur APMC,Uttarakhand,2,13,2023-03-20,700.0,728.0253327994595
potato,319.0,Kashipur APMC,Uttarakhand,2,13,2023-03-27,769.4344163658242,722.4630056579389
potato,319.0,Kashipur APMC,Uttarakhand,2,13,2023-04-03,838.8688327316482,768.3332878259073
potato,319.0,Kashipur APMC,Uttarakhand,2,13,2023-04-10,908.3032490974726,759.3765074846583
potato,319.0,Kashipur APMC,Uttarakhand,2,13,2023-04-17,1058.1609195402305,766.6307046119578
potato,319.0,Kashipur APMC,Uttarakhand,2,13,2023-04-24,1548.148148148148,769.172984495767
potato,319.0,Kashipur APMC,Uttarakhand,2,13,2023-05-01,838.2352941176472,766.1311024852843
potato,319.0,Kashipur APMC,Uttarakhand,2,13,2023-05-08,965.2173913043476,738.3917799488304
potato,319.0,Kashipur APMC,Uttarakhand,2,13,2023-05-15,1025.8620689655172,737.2030467383041
potato,319.0,Kashipur APMC,Uttarakhand,2,13,2023-05-22,719.2771084337352,738.3463102098839
potato,319.0,Kashipur APMC,Uttarakhand,2,13,2023-05-29,768.1489594742608,737.0959575182366
potato,319.0,Kashipur APMC,Uttarakhand,2,13,2023-06-05,817.0208105147866,758.0063637258379
potato,319.0,Kashipur APMC,Uttarakhand,2,13,2023-06-12,714.3196050096341,734.0685817367386
potato,319.0,Kashipur APMC,Uttarakhand,2,13,2023-06-19,714.3196050096341,774.1117181973538
potato,319.0,Kashipur APMC,Uttarakhand,2,13,2023-06-26,963.6363636363635,798.9613236753617
potato,319.0,Kashipur APMC,Uttarakhand,2,13,2023-07-03,962.4999999999999,780.8565808938562
potato,319.0,Kashipur APMC,Uttarakhand,2,13,2023-07-10,998.7012987012993,800.1889266558686
potato,319.0,Kashipur APMC,Uttarakhand,2,13,2023-07-17,953.0451866404712,808.7836304715365
potato,319.0,Kashipur APMC,Uttarakhand,2,13,2023-07-24,923.0769230769231,787.840192083141
potato,319.0,Kashipur APMC,Uttarakhand,2,13,2023-07-31,916.4556962025318,827.5333896206821
potato,319.0,Kashipur APMC,Uttarakhand,2,13,2023-08-07,800.0000000000003,831.2052153377158
potato,319.0,Kashipur APMC,Uttarakhand,2,13,2023-08-14,838.2352941176472,844.7377396539623
potato,319.0,Kashipur APMC,Uttarakhand,2,13,2023-08-21,965.3846153846156,865.8422051288239
potato,319.0,Kashipur APMC,Uttarakhand,2,13,2023-08-28,700.0,818.6899474664826
potato,319.0,Kashipur APMC,Uttarakhand,2,13,2023-09-04,749.9999999999998,852.4524919246696
potato,319.0,Kashipur APMC,Uttarakhand,2,13,2023-09-11,837.3913043478261,866.7254008515496
potato,319.0,Kashipur APMC,Uttarakhand,2,13,2023-09-18,1048.2041587901701,885.7184498969722
potato,319.0,Kashipur APMC,Uttarakhand,2,13,2023-09-25,840.0000000000002,786.8196978046046
potato,319.0,Kashipur APMC,Uttarakhand,2,13,2023-10-02,839.6116504854372,794.6119554669766
potato,319.0,Kashipur APMC,Uttarakhand,2,13,2023-10-09,724.7787610619469,732.4088705742189
potato,319.0,Kashipur APMC,Uttarakhand,2,13,2023-10-16,717.4999999999999,692.14674011839
potato,319.0,Kashipur APMC,Uttarakhand,2,13,2023-10-23,757.1713147410358,729.1608029050881
potato,319.0,Kashipur APMC,Uttarakhand,2,13,2023-10-30,846.3414634146342,732.1750928675227
potato,319.0,Kashipur APMC,Uttarakhand,2,13,2023-11-06,791.5629322268329,696.6721134260268
potato,319.0,Kashipur APMC,Uttarakhand,2,13,2023-11-13,747.4137931034485,700.4758908061184
potato,319.0,Kashipur APMC,Uttarakhand,2,13,2023-11-20,925.770308123249,703.3463775255361
potato,319.0,Kashipur APMC,Uttarakhand,2,13,2023-11-27,941.0810810810808,713.1735585293018
potato,319.0,Kashipur APMC,Uttarakhand,2,13,2023-12-04,909.0322580645158,697.6180081845172
potato,319.0,Kashipur APMC,Uttarakhand,2,13,2023-12-11,943.3698903290127,691.3027037850869
potato,319.0,Kashipur APMC,Uttarakhand,2,13,2023-12-18,962.8865979381441,683.9672209197769
potato,319.0,Kashipur APMC,Uttarakhand,2,13,2023-12-25,1026.8292682926833,689.6681753588899
potato,319.0,Kashipur APMC,Uttarakhand,2,26,2023-01-02,838.8688327316482,1172.7804710145415
potato,319.0,Kashipur APMC,Uttarakhand,2,26,2023-01-09,908.3032490974726,1172.7804710145415
potato,319.0,Kashipur APMC,Uttarakhand,2,26,2023-01-16,1058.1609195402305,1173.7937418904405
potato,319.0,Kashipur APMC,Uttarakhand,2,26,2023-01-23,1548.148148148148,1166.7030854355137
potato,319.0,Kashipur APMC,Uttarakhand,2,26,2023-01-30,838.2352941176472,1034.7644839961074
potato,319.0,Kashipur APMC,Uttarakhand,2,26,2023-02-06,965.2173913043476,1126.660046389738
potato,319.0,Kashipur APMC,Uttarakhand,2,26,2023-02-13,1025.8620689655172,1126.660046389738
potato,319.0,Kashipur APMC,Uttarakhand,2,26,2023-02-20,719.2771084337352,1038.7070464842946
potato,319.0,Kashipur APMC,Uttarakhand,2,26,2023-02-27,768.1489594742608,1065.4557364295792
potato,319.0,Kashipur APMC,Uttarakhand,2,26,2023-03-06,817.0208105147866,1048.6312811975226
potato,319.0,Kashipur APMC,Uttarakhand,2,26,2023-03-13,714.3196050096341,1064.6034560190694
potato,319.0,Kashipur APMC,Uttarakhand,2,26,2023-03-20,714.3196050096341,1104.6119041274717
potato,319.0,Kashipur APMC,Uttarakhand,2,26,2023-03-27,963.6363636363635,1107.305304236683
potato,319.0,Kashipur APMC,Uttarakhand,2,26,2023-04-03,962.4999999999999,1089.2067152971088
potato,319.0,Kashipur APMC,Uttarakhand,2,26,2023-04-10,998.7012987012993,985.8493231504212
potato,319.0,Kashipur APMC,Uttarakhand,2,26,2023-04-17,953.0451866404712,1065.617048788984
potato,319.0,Kashipur APMC,Uttarakhand,2,26,2023-04-24,923.0769230769231,1085.0930749965116
potato,319.0,Kashipur APMC,Uttarakhand,2,26,2023-05-01,916.4556962025318,1062.6383179319516
potato,319.0,Kashipur APMC,Uttarakhand,2,26,2023-05-08,800.0000000000003,1090.5440228000862
potato,319.0,Kashipur APMC,Uttarakhand,2,26,2023-05-15,838.2352941176472,1113.6760612770602
potato,319.0,Kashipur APMC,Uttarakhand,2,26,2023-05-22,965.3846153846156,991.0451373826717
potato,319.0,Kashipur APMC,Uttarakhand,2,26,2023-05-29,700.0,1135.3280932848354
potato,319.0,Kashipur APMC,Uttarakhand,2,26,2023-06-05,749.9999999999998,1138.7089871755018
potato,319.0,Kashipur APMC,Uttarakhand,2,26,2023-06-12,837.3913043478261,1152.946284534955
potato,319.0,Kashipur APMC,Uttarakhand,2,26,2023-06-19,1048.2041587901701,1082.757177841084
potato,319.0,Kashipur APMC,Uttarakhand,2,26,2023-06-26,840.0000000000002,975.9130569014052
potato,319.0,Kashipur APMC,Uttarakhand,2,26,2023-07-03,839.6116504854372,1041.8796682072436
potato,319.0,Kashipur APMC,Uttarakhand,2,26,2023-07-10,724.7787610619469,1091.5690688602358
potato,319.0,Kashipur APMC,Uttarakhand,2,26,2023-07-17,717.4999999999999,1063.3341803633082
potato,319.0,Kashipur APMC,Uttarakhand,2,26,2023-07-24,757.1713147410358,1127.1123575605388
potato,319.0,Kashipur APMC,Uttarakhand,2,26,2023-07-31,846.3414634146342,1094.6653074534643
potato,319.0,Kashipur APMC,Uttarakhand,2,26,2023-08-07,791.5629322268329,1098.4687263630472
potato,319.0,Kashipur APMC,Uttarakhand,2,26,2023-08-14,747.4137931034485,1057.4586921247706
potato,319.0,Kashipur APMC,Uttarakhand,2,26,2023-08-21,925.770308123249,1086.8252836432619
potato,319.0,Kashipur APMC,Uttarakhand,2,26,2023-08-28,941.0810810810808,1078.4384266605414
potato,319.0,Kashipur APMC,Uttarakhand,2,26,2023-09-04,909.0322580645158,1145.282945905995
potato,319.0,Kashipur APMC,Uttarakhand,2,26,2023-09-11,943.3698903290127,1142.653521719419
potato,319.0,Kashipur APMC,Uttarakhand,2,26,2023-09-18,962.8865979381441,1164.9308341148849
potato,319.0,Kashipur APMC,Uttarakhand,2,26,2023-09-25,1026.8292682926833,1156.6615809777354
potato,319.0,Kashipur APMC,Uttarakhand,2,26,2023-10-02,1029.4520547945206,1205.0493456769134
potato,319.0,Kashipur APMC,Uttarakhand,2,26,2023-10-09,1001.162790697674,1197.4318798532088
potato,319.0,Kashipur APMC,Uttarakhand,2,26,2023-10-16,1019.0721649484536,1180.3662139782953
potato,319.0,Kashipur APMC,Uttarakhand,2,26,2023-10-23,1048.7179487179487,1028.0747655917905
potato,319.0,Kashipur APMC,Uttarakhand,2,26,2023-10-30,1052.459016393443,1024.1546919699845
potato,319.0,Kashipur APMC,Uttarakhand,2,26,2023-11-06,1084.0796019900497,1003.0311309391097
potato,319.0,Kashipur APMC,Uttarakhand,2,26,2023-11-13,1230.5059523809527,1249.0225162886695
potato,319.0,Kashipur APMC,Uttarakhand,2,26,2023-11-20,1254.651162790697,1249.3752347507834
potato,319.0,Kashipur APMC,Uttarakhand,2,26,2023-11-27,1299.9999999999995,1249.3752347507834
potato,319.0,Kashipur APMC,Uttarakhand,2,26,2023-12-04,1064.795918367347,1244.2631872780303
potato,319.0,Kashipur APMC,Uttarakhand,2,26,2023-12-11,948.8636363636361,1236.7472011588438
potato,319.0,Kashipur APMC,Uttarakhand,2,26,2023-12-18,1018.9189189189193,1236.7472011588438
potato,319.0,Kashipur APMC,Uttarakhand,2,26,2023-12-25,1129.0697674418602,1240.7707557715826
potato,319.0,Kashipur APMC,Uttarakhand,3,1,2024-01-01,724.7787610619469,685.3530098441275
potato,319.0,Kashipur APMC,Uttarakhand,3,1,2024-01-08,717.4999999999999,646.3304613855497
potato,319.0,Kashipur APMC,Uttarakhand,3,1,2024-01-15,757.1713147410358,711.1904130242046
potato,319.0,Kashipur APMC,Uttarakhand,3,1,2024-01-22,846.3414634146342,630.4070269657582
potato,319.0,Kashipur APMC,Uttarakhand,3,1,2024-01-29,791.5629322268329,638.8731447797454
potato,319.0,Kashipur APMC,Uttarakhand,3,1,2024-02-05,747.4137931034485,666.8525313739473
potato,319.0,Kashipur APMC,Uttarakhand,3,1,2024-02-12,925.770308123249,638.1901044004276
potato,319.0,Kashipur APMC,Uttarakhand,3,1,2024-02-19,941.0810810810808,625.0738656186659
potato,319.0,Kashipur APMC,Uttarakhand,3,1,2024-02-26,909.0322580645158,650.7943426978253
potato,319.0,Kashipur APMC,Uttarakhand,3,1,2024-03-04,943.3698903290127,782.4015278187916
potato,319.0,Kashipur APMC,Uttarakhand,3,1,2024-03-11,962.8865979381441,789.5555323069921
potato,319.0,Kashipur APMC,Uttarakhand,3,1,2024-03-18,1026.8292682926833,822.910499475524
potato,319.0,Kashipur APMC,Uttarakhand,3,1,2024-03-25,1029.4520547945206,781.1533620306011
potato,319.0,Kashipur APMC,Uttarakhand,3,1,2024-04-01,1001.162790697674,919.8137393402319
potato,319.0,Kashipur APMC,Uttarakhand,3,1,2024-04-08,1019.0721649484536,942.6220943612096
potato,319.0,Kashipur APMC,Uttarakhand,3,1,2024-04-15,1048.7179487179487,1034.8144596138538
potato,319.0,Kashipur APMC,Uttarakhand,3,1,2024-04-22,1052.459016393443,1043.338609891488
potato,319.0,Kashipur APMC,Uttarakhand,3,1,2024-04-29,1084.0796019900497,1051.2894381212488
potato,319.0,Kashipur APMC,Uttarakhand,3,1,2024-05-06,1230.5059523809527,1031.0211237372953
potato,319.0,Kashipur APMC,Uttarakhand,3,1,2024-05-13,1254.651162790697,1034.1191944873458
potato,319.0,Kashipur APMC,Uttarakhand,3,1,2024-05-20,1299.9999999999995,1080.3034201380208
potato,319.0,Kashipur APMC,Uttarakhand,3,1,2024-05-27,1064.795918367347,1064.9508301197243
potato,319.0,Kashipur APMC,Uttarakhand,3,1,2024-06-03,948.8636363636361,1040.9387194967378
potato,319.0,Kashipur APMC,Uttarakhand,3,1,2024-06-10,1018.9189189189193,1052.357872675492
potato,319.0,Kashipur APMC,Uttarakhand,3,1,2024-06-17,1129.0697674418602,1051.735693190083
potato,319.0,Kashipur APMC,Uttarakhand,3,1,2024-06-24,1167.3913043478262,1056.06630243668
potato,319.0,Kashipur APMC,Uttarakhand,3,1,2024-07-01,1844.8275862068965,1048.733494182609
potato,319.0,Kashipur APMC,Uttarakhand,3,1,2024-07-08,1906.617647058824,983.1576405145944
potato,319.0,Kashipur APMC,Uttarakhand,3,1,2024-07-15,1966.6666666666667,1017.5236717218897
potato,319.0,Kashipur APMC,Uttarakhand,3,1,2024-07-22,1420.6896551724133,1070.2987213980537
potato,319.0,Kashipur APMC,Uttarakhand,3,1,2024-07-29,1056.6276803118903,1211.4547753616093
potato,319.0,Kashipur APMC,Uttarakhand,3,1,2024-08-05,958.9285714285718,1211.4547753616093
potato,319.0,Kashipur APMC,Uttarakhand,3,1,2024-08-12,1052.5862068965514,1218.661118543813
potato,319.0,Kashipur APMC,Uttarakhand,3,1,2024-08-19,888.7468030690541,1206.1649163793793
potato,319.0,Kashipur APMC,Uttarakhand,3,1,2024-08-26,770.4590818363274,1192.0560714722596
potato,319.0,Kashipur APMC,Uttarakhand,3,1,2024-09-02,831.360493299116,1200.124912022509
potato,319.0,Kashipur APMC,Uttarakhand,3,1,2024-09-09,892.2619047619052,1145.2907151442407
potato,319.0,Kashipur APMC,Uttarakhand,3,1,2024-09-16,1065.9090909090908,1170.6023336064845
potato,319.0,Kashipur APMC,Uttarakhand,3,1,2024-09-23,1010.0000000000001,1101.8485692104134
potato,319.0,Kashipur APMC,Uttarakhand,3,1,2024-09-30,1104.5454545454543,1131.119619418272
potato,319.0,Kashipur APMC,Uttarakhand,3,1,2024-10-07,1145.430107526882,1102.8087664000614
potato,319.0,Kashipur APMC,Uttarakhand,3,1,2024-10-14,1217.2527472527474,1149.518138326922
potato,319.0,Kashipur APMC,Uttarakhand,3,1,2024-10-21,1263.7931034482758,1186.393357233545
potato,319.0,Kashipur APMC,Uttarakhand,3,1,2024-10-28,1230.5825242718445,1060.4192748644357
potato,319.0,Kashipur APMC,Uttarakhand,3,1,2024-11-04,930.1470588235292,1064.2002427854181
potato,319.0,Kashipur APMC,Uttarakhand,3,1,2024-11-11,1185.3211009174308,1066.970985365212
potato,319.0,Kashipur APMC,Uttarakhand,3,1,2024-11-18,1056.493506493506,1062.9687346407213
potato,319.0,Kashipur APMC,Uttarakhand,3,1,2024-11-25,1063.8888888888885,1058.5020195487111
potato,319.0,Kashipur APMC,Uttarakhand,3,1,2024-12-02,968.8888888888885,1042.5744492811136
potato,319.0,Kashipur APMC,Uttarakhand,3,1,2024-12-09,938.5159010600709,1004.352709815624
potato,319.0,Kashipur APMC,Uttarakhand,3,1,2024-12-16,915.8536585365853,1045.7066645014736
potato,319.0,Kashipur APMC,Uttarakhand,3,1,2024-12-23,811.9999999999997,995.9174876586825
potato,319.0,Kashipur APMC,Uttarakhand,3,1,2024-12-30,834.6153846153849,981.8007788211955
potato,319.0,Kashipur APMC,Uttarakhand,3,4,2024-01-01,846.3414634146342,635.7764908758098
potato,319.0,Kashipur APMC,Uttarakhand,3,4,2024-01-08,791.5629322268329,634.8388896025365
potato,319.0,Kashipur APMC,Uttarakhand,3,4,2024-01-15,747.4137931034485,622.5941187530091
potato,319.0,Kashipur APMC,Uttarakhand,3,4,2024-01-22,925.770308123249,622.5941187530091
potato,319.0,Kashipur APMC,Uttarakhand,3,4,2024-01-29,941.0810810810808,617.8828878370854
potato,319.0,Kashipur APMC,Uttarakhand,3,4,2024-02-05,909.0322580645158,611.5914645010469
potato,319.0,Kashipur APMC,Uttarakhand,3,4,2024-02-12,943.3698903290127,601.4671264080685
potato,319.0,Kashipur APMC,Uttarakhand,3,4,2024-02-19,962.8865979381441,584.0270891756999
potato,319.0,Kashipur APMC,Uttarakhand,3,4,2024-02-26,1026.8292682926833,575.8151685812545
potato,319.0,Kashipur APMC,Uttarakhand,3,4,2024-03-04,1029.4520547945206,830.7838465773096
potato,319.0,Kashipur APMC,Uttarakhand,3,4,2024-03-11,1001.162790697674,875.8085927584808
potato,319.0,Kashipur APMC,Uttarakhand,3,4,2024-03-18,1019.0721649484536,884.813573012675
potato,319.0,Kashipur APMC,Uttarakhand,3,4,2024-03-25,1048.7179487179487,863.4992810270362
potato,319.0,Kashipur APMC,Uttarakhand,3,4,2024-04-01,1052.459016393443,1009.8369301027311
potato,319.0,Kashipur APMC,Uttarakhand,3,4,2024-04-08,1084.0796019900497,1028.092874333556
potato,319.0,Kashipur APMC,Uttarakhand,3,4,2024-04-15,1230.5059523809527,1021.1391643702492
potato,319.0,Kashipur APMC,Uttarakhand,3,4,2024-04-22,1254.651162790697,1028.092874333556
potato,319.0,Kashipur APMC,Uttarakhand,3,4,2024-04-29,1299.9999999999995,1028.092874333556
potato,319.0,Kashipur APMC,Uttarakhand,3,4,2024-05-06,1064.795918367347,1028.092874333556
potato,319.0,Kashipur APMC,Uttarakhand,3,4,2024-05-13,948.8636363636361,1028.092874333556
potato,319.0,Kashipur APMC,Uttarakhand,3,4,2024-05-20,1018.9189189189193,1028.092874333556
potato,319.0,Kashipur APMC,Uttarakhand,3,4,2024-05-27,1129.0697674418602,1028.092874333556
potato,319.0,Kashipur APMC,Uttarakhand,3,4,2024-06-03,1167.3913043478262,1028.092874333556
potato,319.0,Kashipur APMC,Uttarakhand,3,4,2024-06-10,1844.8275862068965,1028.092874333556
potato,319.0,Kashipur APMC,Uttarakhand,3,4,2024-06-17,1906.617647058824,1003.0065778503302
potato,319.0,Kashipur APMC,Uttarakhand,3,4,2024-06-24,1966.6666666666667,1009.8369301027311
potato,319.0,Kashipur APMC,Uttarakhand,3,4,2024-07-01,1420.6896551724133,1009.8369301027311
potato,319.0,Kashipur APMC,Uttarakhand,3,4,2024-07-08,1056.6276803118903,927.8906872755804
potato,319.0,Kashipur APMC,Uttarakhand,3,4,2024-07-15,958.9285714285718,957.3853930475461
potato,319.0,Kashipur APMC,Uttarakhand,3,4,2024-07-22,1052.5862068965514,963.053162313076
potato,319.0,Kashipur APMC,Uttarakhand,3,4,2024-07-29,888.7468030690541,977.7639302885156
potato,319.0,Kashipur APMC,Uttarakhand,3,4,2024-08-05,770.4590818363274,977.7639302885156
potato,319.0,Kashipur APMC,Uttarakhand,3,4,2024-08-12,831.360493299116,977.7639302885156
potato,319.0,Kashipur APMC,Uttarakhand,3,4,2024-08-19,892.2619047619052,963.0909966782212
potato,319.0,Kashipur APMC,Uttarakhand,3,4,2024-08-26,1065.9090909090908,977.7639302885156
potato,319.0,Kashipur APMC,Uttarakhand,3,4,2024-09-02,1010.0000000000001,1048.1425920957397
potato,319.0,Kashipur APMC,Uttarakhand,3,4,2024-09-09,1104.5454545454543,963.0909966782212
potato,319.0,Kashipur APMC,Uttarakhand,3,4,2024-09-16,1145.430107526882,947.5301676606601
potato,319.0,Kashipur APMC,Uttarakhand,3,4,2024-09-23,1217.2527472527474,947.5301676606601
potato,319.0,Kashipur APMC,Uttarakhand,3,4,2024-09-30,1263.7931034482758,926.1489087617488
potato,319.0,Kashipur APMC,Uttarakhand,3,4,2024-10-07,1230.5825242718445,919.884046993562
potato,319.0,Kashipur APMC,Uttarakhand,3,4,2024-10-14,930.1470588235292,964.7747575172377
potato,319.0,Kashipur APMC,Uttarakhand,3,4,2024-10-21,1185.3211009174308,964.7747575172377
potato,319.0,Kashipur APMC,Uttarakhand,3,4,2024-10-28,1056.493506493506,944.6666637742943
potato,319.0,Kashipur APMC,Uttarakhand,3,4,2024-11-04,1063.8888888888885,944.6666637742943
potato,319.0,Kashipur APMC,Uttarakhand,3,4,2024-11-11,968.8888888888885,944.6666637742943
potato,319.0,Kashipur APMC,Uttarakhand,3,4,2024-11-18,938.5159010600709,938.2766752068261
potato,319.0,Kashipur APMC,Uttarakhand,3,4,2024-11-25,915.8536585365853,944.6666637742943
potato,319.0,Kashipur APMC,Uttarakhand,3,4,2024-12-02,811.9999999999997,944.6666637742943
potato,319.0,Kashipur APMC,Uttarakhand,3,4,2024-12-09,834.6153846153849,944.6666637742943
potato,319.0,Kashipur APMC,Uttarakhand,3,4,2024-12-16,847.4226804123712,921.614056090942
potato,319.0,Kashipur APMC,Uttarakhand,3,4,2024-12-23,886.6310160427805,913.9654178987272
potato,319.0,Kashipur APMC,Uttarakhand,3,4,2024-12-30,921.6216216216218,913.9654178987272
potato,319.0,Kashipur APMC,Uttarakhand,3,13,2024-01-01,1029.4520547945206,666.8343549703027
potato,319.0,Kashipur APMC,Uttarakhand,3,13,2024-01-08,1001.162790697674,676.8190194048708
potato,319.0,Kashipur APMC,Uttarakhand,3,13,2024-01-15,1019.0721649484536,676.8190194048708
potato,319.0,Kashipur APMC,Uttarakhand,3,13,2024-01-22,1048.7179487179487,676.8190194048708
potato,319.0,Kashipur APMC,Uttarakhand,3,13,2024-01-29,1052.459016393443,685.6653547975594
potato,319.0,Kashipur APMC,Uttarakhand,3,13,2024-02-05,1084.0796019900497,691.6930763268024
potato,319.0,Kashipur APMC,Uttarakhand,3,13,2024-02-12,1230.5059523809527,694.3248729329334
potato,319.0,Kashipur APMC,Uttarakhand,3,13,2024-02-19,1254.651162790697,694.3248729329334
potato,319.0,Kashipur APMC,Uttarakhand,3,13,2024-02-26,1299.9999999999995,708.6453963761614
potato,319.0,Kashipur APMC,Uttarakhand,3,13,2024-03-04,1064.795918367347,718.683648584437
potato,319.0,Kashipur APMC,Uttarakhand,3,13,2024-03-11,948.8636363636361,737.64021465844
potato,319.0,Kashipur APMC,Uttarakhand,3,13,2024-03-18,1018.9189189189193,737.64021465844
potato,319.0,Kashipur APMC,Uttarakhand,3,13,2024-03-25,1129.0697674418602,737.992801623227
potato,319.0,Kashipur APMC,Uttarakhand,3,13,2024-04-01,1167.3913043478262,737.992801623227
potato,319.0,Kashipur APMC,Uttarakhand,3,13,2024-04-08,1844.8275862068965,737.992801623227
potato,319.0,Kashipur APMC,Uttarakhand,3,13,2024-04-15,1906.617647058824,737.992801623227
potato,319.0,Kashipur APMC,Uttarakhand,3,13,2024-04-22,1966.6666666666667,737.992801623227
potato,319.0,Kashipur APMC,Uttarakhand,3,13,2024-04-29,1420.6896551724133,737.992801623227
potato,319.0,Kashipur APMC,Uttarakhand,3,13,2024-05-06,1056.6276803118903,737.992801623227
potato,319.0,Kashipur APMC,Uttarakhand,3,13,2024-05-13,958.9285714285718,737.992801623227
potato,319.0,Kashipur APMC,Uttarakhand,3,13,2024-05-20,1052.5862068965514,757.1298211381697
potato,319.0,Kashipur APMC,Uttarakhand,3,13,2024-05-27,888.7468030690541,757.1298211381697
potato,319.0,Kashipur APMC,Uttarakhand,3,13,2024-06-03,770.4590818363274,739.0077955060505
potato,319.0,Kashipur APMC,Uttarakhand,3,13,2024-06-10,831.360493299116,739.0077955060505
potato,319.0,Kashipur APMC,Uttarakhand,3,13,2024-06-17,892.2619047619052,755.7443546753
potato,319.0,Kashipur APMC,Uttarakhand,3,13,2024-06-24,1065.9090909090908,781.8765491994375
potato,319.0,Kashipur APMC,Uttarakhand,3,13,2024-07-01,1010.0000000000001,781.8765491994375
potato,319.0,Kashipur APMC,Uttarakhand,3,13,2024-07-08,1104.5454545454543,781.8765491994375
potato,319.0,Kashipur APMC,Uttarakhand,3,13,2024-07-15,1145.430107526882,781.8765491994375
potato,319.0,Kashipur APMC,Uttarakhand,3,13,2024-07-22,1217.2527472527474,781.8765491994375
potato,319.0,Kashipur APMC,Uttarakhand,3,13,2024-07-29,1263.7931034482758,781.8765491994375
potato,319.0,Kashipur APMC,Uttarakhand,3,13,2024-08-05,1230.5825242718445,781.8765491994375
potato,319.0,Kashipur APMC,Uttarakhand,3,13,2024-08-12,930.1470588235292,781.8765491994375
potato,319.0,Kashipur APMC,Uttarakhand,3,13,2024-08-19,1185.3211009174308,781.8765491994375
potato,319.0,Kashipur APMC,Uttarakhand,3,13,2024-08-26,1056.493506493506,781.8765491994375
potato,319.0,Kashipur APMC,Uttarakhand,3,13,2024-09-02,1063.8888888888885,781.8765491994375
potato,319.0,Kashipur APMC,Uttarakhand,3,13,2024-09-09,968.8888888888885,781.8765491994375
potato,319.0,Kashipur APMC,Uttarakhand,3,13,2024-09-16,938.5159010600709,763.0737863649761
potato,319.0,Kashipur APMC,Uttarakhand,3,13,2024-09-23,915.8536585365853,781.8765491994375
potato,319.0,Kashipur APMC,Uttarakhand,3,13,2024-09-30,811.9999999999997,765.900202902196
potato,319.0,Kashipur APMC,Uttarakhand,3,13,2024-10-07,834.6153846153849,731.301987648078
potato,319.0,Kashipur APMC,Uttarakhand,3,13,2024-10-14,847.4226804123712,743.2402440315482
potato,319.0,Kashipur APMC,Uttarakhand,3,13,2024-10-21,886.6310160427805,763.0737863649761
potato,319.0,Kashipur APMC,Uttarakhand,3,13,2024-10-28,921.6216216216218,720.3243658492504
potato,319.0,Kashipur APMC,Uttarakhand,3,13,2024-11-04,855.7692307692307,720.3243658492504
potato,319.0,Kashipur APMC,Uttarakhand,3,13,2024-11-11,804.0000000000002,720.3243658492504
potato,319.0,Kashipur APMC,Uttarakhand,3,13,2024-11-18,825.2824858757065,664.3066096568712
potato,319.0,Kashipur APMC,Uttarakhand,3,13,2024-11-25,772.352941176471,659.974965933669
potato,319.0,Kashipur APMC,Uttarakhand,3,13,2024-12-02,872.1311475409838,664.3066096568712
potato,319.0,Kashipur APMC,Uttarakhand,3,13,2024-12-09,983.3333333333335,664.3066096568712
potato,319.0,Kashipur APMC,Uttarakhand,3,13,2024-12-16,935.9999999999999,664.3066096568712
potato,319.0,Kashipur APMC,Uttarakhand,3,13,2024-12-23,982.1428571428569,659.974965933669
potato,319.0,Kashipur APMC,Uttarakhand,3,13,2024-12-30,840.0000000000002,664.3066096568712
potato,319.0,Kashipur APMC,Uttarakhand,3,26,2024-01-01,1167.3913043478262,740.5897567939244
potato,319.0,Kashipur APMC,Uttarakhand,3,26,2024-01-08,1844.8275862068965,740.5897567939244
potato,319.0,Kashipur APMC,Uttarakhand,3,26,2024-01-15,1906.617647058824,740.5897567939244
potato,319.0,Kashipur APMC,Uttarakhand,3,26,2024-01-22,1966.6666666666667,740.5897567939244
potato,319.0,Kashipur APMC,Uttarakhand,3,26,2024-01-29,1420.6896551724133,740.5897567939244
potato,319.0,Kashipur APMC,Uttarakhand,3,26,2024-02-05,1056.6276803118903,740.5897567939244
potato,319.0,Kashipur APMC,Uttarakhand,3,26,2024-02-12,958.9285714285718,740.5897567939244
potato,319.0,Kashipur APMC,Uttarakhand,3,26,2024-02-19,1052.5862068965514,740.5897567939244
potato,319.0,Kashipur APMC,Uttarakhand,3,26,2024-02-26,888.7468030690541,740.5897567939244
potato,319.0,Kashipur APMC,Uttarakhand,3,26,2024-03-04,770.4590818363274,740.5897567939244
potato,319.0,Kashipur APMC,Uttarakhand,3,26,2024-03-11,831.360493299116,740.5897567939244
potato,319.0,Kashipur APMC,Uttarakhand,3,26,2024-03-18,892.2619047619052,740.5897567939244
potato,319.0,Kashipur APMC,Uttarakhand,3,26,2024-03-25,1065.9090909090908,740.5897567939244
potato,319.0,Kashipur APMC,Uttarakhand,3,26,2024-04-01,1010.0000000000001,744.7994315827204
potato,319.0,Kashipur APMC,Uttarakhand,3,26,2024-04-08,1104.5454545454543,744.7994315827204
potato,319.0,Kashipur APMC,Uttarakhand,3,26,2024-04-15,1145.430107526882,744.7994315827204
potato,319.0,Kashipur APMC,Uttarakhand,3,26,2024-04-22,1217.2527472527474,744.7994315827204
potato,319.0,Kashipur APMC,Uttarakhand,3,26,2024-04-29,1263.7931034482758,744.7994315827204
potato,319.0,Kashipur APMC,Uttarakhand,3,26,2024-05-06,1230.5825242718445,740.5897567939244
potato,319.0,Kashipur APMC,Uttarakhand,3,26,2024-05-13,930.1470588235292,744.7994315827204
potato,319.0,Kashipur APMC,Uttarakhand,3,26,2024-05-20,1185.3211009174308,744.7994315827204
potato,319.0,Kashipur APMC,Uttarakhand,3,26,2024-05-27,1056.493506493506,744.7994315827204
potato,319.0,Kashipur APMC,Uttarakhand,3,26,2024-06-03,1063.8888888888885,744.7994315827204
potato,319.0,Kashipur APMC,Uttarakhand,3,26,2024-06-10,968.8888888888885,744.7994315827204
potato,319.0,Kashipur APMC,Uttarakhand,3,26,2024-06-17,938.5159010600709,744.7994315827204
potato,319.0,Kashipur APMC,Uttarakhand,3,26,2024-06-24,915.8536585365853,744.7994315827204
potato,319.0,Kashipur APMC,Uttarakhand,3,26,2024-07-01,811.9999999999997,740.5897567939244
potato,319.0,Kashipur APMC,Uttarakhand,3,26,2024-07-08,834.6153846153849,740.5897567939244
potato,319.0,Kashipur APMC,Uttarakhand,3,26,2024-07-15,847.4226804123712,744.7994315827204
potato,319.0,Kashipur APMC,Uttarakhand,3,26,2024-07-22,886.6310160427805,740.5897567939244
potato,319.0,Kashipur APMC,Uttarakhand,3,26,2024-07-29,921.6216216216218,740.5897567939244
potato,319.0,Kashipur APMC,Uttarakhand,3,26,2024-08-05,855.7692307692307,740.5897567939244
potato,319.0,Kashipur APMC,Uttarakhand,3,26,2024-08-12,804.0000000000002,740.5897567939244
potato,319.0,Kashipur APMC,Uttarakhand,3,26,2024-08-19,825.2824858757065,740.5897567939244
potato,319.0,Kashipur APMC,Uttarakhand,3,26,2024-08-26,772.352941176471,740.5897567939244
potato,319.0,Kashipur APMC,Uttarakhand,3,26,2024-09-02,872.1311475409838,740.5897567939244
potato,319.0,Kashipur APMC,Uttarakhand,3,26,2024-09-09,983.3333333333335,740.5897567939244
potato,319.0,Kashipur APMC,Uttarakhand,3,26,2024-09-16,935.9999999999999,744.7994315827204
potato,319.0,Kashipur APMC,Uttarakhand,3,26,2024-09-23,982.1428571428569,740.5897567939244
potato,319.0,Kashipur APMC,Uttarakhand,3,26,2024-09-30,840.0000000000002,740.5897567939244
potato,319.0,Kashipur APMC,Uttarakhand,3,26,2024-10-07,815.9090909090909,740.5897567939244
potato,319.0,Kashipur APMC,Uttarakhand,3,26,2024-10-14,899.9999999999998,740.5897567939244
potato,319.0,Kashipur APMC,Uttarakhand,3,26,2024-10-21,874.3589743589741,740.5897567939244
potato,319.0,Kashipur APMC,Uttarakhand,3,26,2024-10-28,822.4489795918364,740.5897567939244
potato,319.0,Kashipur APMC,Uttarakhand,3,26,2024-11-04,934.0425531914893,740.5897567939244
potato,319.0,Kashipur APMC,Uttarakhand,3,26,2024-11-11,711.290322580645,740.5897567939244
potato,319.0,Kashipur APMC,Uttarakhand,3,26,2024-11-18,693.4426229508194,740.5897567939244
potato,319.0,Kashipur APMC,Uttarakhand,3,26,2024-11-25,749.9999999999998,740.5897567939244
potato,319.0,Kashipur APMC,Uttarakhand,3,26,2024-12-02,749.9999999999998,740.5897567939244
potato,319.0,Kashipur APMC,Uttarakhand,3,26,2024-12-09,805.8823529411766,740.5897567939244
potato,319.0,Kashipur APMC,Uttarakhand,3,26,2024-12-16,789.2307692307694,740.5897567939244
potato,319.0,Kashipur APMC,Uttarakhand,3,26,2024-12-23,764.9999999999998,740.5897567939244
potato,319.0,Kashipur APMC,Uttarakhand,3,26,2024-12-30,741.6666666666667,740.5897567939244
potato,319.0,Kashipur APMC,Uttarakhand,4,1,2025-01-06,847.4226804123712,949.8147716632586
potato,319.0,Kashipur APMC,Uttarakhand,4,1,2025-01-13,886.6310160427805,933.501815273614
potato,319.0,Kashipur APMC,Uttarakhand,4,1,2025-01-20,921.6216216216218,941.8566059781899
potato,319.0,Kashipur APMC,Uttarakhand,4,1,2025-01-27,855.7692307692307,933.1411850643404
potato,319.0,Kashipur APMC,Uttarakhand,4,1,2025-02-03,804.0000000000002,871.7179519325538
potato,319.0,Kashipur APMC,Uttarakhand,4,1,2025-02-10,825.2824858757065,874.496165852663
potato,319.0,Kashipur APMC,Uttarakhand,4,1,2025-02-17,772.352941176471,882.122569431917
potato,319.0,Kashipur APMC,Uttarakhand,4,1,2025-02-24,872.1311475409838,882.122569431917
potato,319.0,Kashipur APMC,Uttarakhand,4,1,2025-03-03,983.3333333333335,818.4375088718434
potato,319.0,Kashipur APMC,Uttarakhand,4,1,2025-03-10,935.9999999999999,802.9314426740973
potato,319.0,Kashipur APMC,Uttarakhand,4,1,2025-03-17,982.1428571428569,768.1262198809418
potato,319.0,Kashipur APMC,Uttarakhand,4,1,2025-03-24,840.0000000000002,791.5247259898158
potato,319.0,Kashipur APMC,Uttarakhand,4,1,2025-03-31,815.9090909090909,749.3652562924141
potato,319.0,Kashipur APMC,Uttarakhand,4,1,2025-04-07,899.9999999999998,755.8488782428869
potato,319.0,Kashipur APMC,Uttarakhand,4,1,2025-04-14,874.3589743589741,777.7771245148831
potato,319.0,Kashipur APMC,Uttarakhand,4,1,2025-04-21,822.4489795918364,786.6639859290524
potato,319.0,Kashipur APMC,Uttarakhand,4,1,2025-04-28,934.0425531914893,855.3423941251921
potato,319.0,Kashipur APMC,Uttarakhand,4,1,2025-05-05,711.290322580645,886.4692199453029
potato,319.0,Kashipur APMC,Uttarakhand,4,1,2025-05-12,693.4426229508194,923.6968162024062
potato,319.0,Kashipur APMC,Uttarakhand,4,1,2025-05-19,749.9999999999998,929.3320436799426
potato,319.0,Kashipur APMC,Uttarakhand,4,1,2025-05-26,749.9999999999998,908.3563113020466
potato,319.0,Kashipur APMC,Uttarakhand,4,1,2025-06-02,805.8823529411766,952.2230870424611
potato,319.0,Kashipur APMC,Uttarakhand,4,1,2025-06-09,789.2307692307694,944.4275977987725
potato,319.0,Kashipur APMC,Uttarakhand,4,1,2025-06-16,764.9999999999998,973.8686776660012
potato,319.0,Kashipur APMC,Uttarakhand,4,1,2025-06-23,741.6666666666667,970.3119390404174
potato,319.0,Kashipur APMC,Uttarakhand,4,1,2025-06-30,899.6350364963507,960.4244357346831
potato,319.0,Kashipur APMC,Uttarakhand,4,1,2025-07-07,1200.881057268722,963.422744375486
potato,319.0,Kashipur APMC,Uttarakhand,4,1,2025-07-14,1596.0000000000002,994.7242040804276
potato,319.0,Kashipur APMC,Uttarakhand,4,1,2025-07-21,1134.2857142857144,983.4670375569497
potato,319.0,Kashipur APMC,Uttarakhand,4,1,2025-07-28,1093.333333333333,1071.4043235044203
potato,319.0,Kashipur APMC,Uttarakhand,4,1,2025-08-04,1055.5555555555557,996.9873057797416
potato,319.0,Kashipur APMC,Uttarakhand,4,1,2025-08-11,1026.0869565217392,985.4855342489531
potato,319.0,Kashipur APMC,Uttarakhand,4,1,2025-08-18,839.2405063291143,968.7684883064178
potato,319.0,Kashipur APMC,Uttarakhand,4,1,2025-08-25,878.1818181818185,883.8075369492713
potato,319.0,Kashipur APMC,Uttarakhand,4,1,2025-09-01,899.9999999999998,909.0904534046035
potato,319.0,Kashipur APMC,Uttarakhand,4,1,2025-09-08,964.2857142857143,907.522966806341
potato,319.0,Kashipur APMC,Uttarakhand,4,1,2025-09-15,1003.1578947368417,869.0184677373353
potato,319.0,Kashipur APMC,Uttarakhand,4,1,2025-09-22,858.0357142857142,885.6860671445975
potato,319.0,Kashipur APMC,Uttarakhand,4,1,2025-09-29,812.1638924455825,887.1321014351686
potato,319.0,Kashipur APMC,Uttarakhand,4,1,2025-10-06,909.0909090909091,887.1321014351686
potato,319.0,Kashipur APMC,Uttarakhand,4,1,2025-10-13,939.2857142857143,891.2736189765055
potato,319.0,Kashipur APMC,Uttarakhand,4,1,2025-10-20,796.9072164948453,879.7022572277111
potato,319.0,Kashipur APMC,Uttarakhand,4,1,2025-10-27,827.1186440677969,848.3383330554215
potato,319.0,Kashipur APMC,Uttarakhand,4,1,2025-11-03,798.3870967741937,947.4694033084144
potato,319.0,Kashipur APMC,Uttarakhand,4,1,2025-11-10,910.5263157894738,936.770212257681
potato,319.0,Kashipur APMC,Uttarakhand,4,1,2025-11-17,1022.2222222222223,933.2016586201089
potato,319.0,Kashipur APMC,Uttarakhand,4,1,2025-11-24,787.3239436619716,927.9655506432074
potato,319.0,Kashipur APMC,Uttarakhand,4,1,2025-12-01,888.8888888888889,838.9395266868548
potato,319.0,Kashipur APMC,Uttarakhand,4,1,2025-12-08,822.8260869565221,885.9776222042045
potato,319.0,Kashipur APMC,Uttarakhand,4,1,2025-12-15,1003.2258064516128,884.8105911023982
potato,319.0,Kashipur APMC,Uttarakhand,4,1,2025-12-22,714.0624999999999,886.2279682980003
potato,319.0,Kashipur APMC,Uttarakhand,4,1,2025-12-29,825.9615384615381,851.0726532989752
potato,319.0,Kashipur APMC,Uttarakhand,4,4,2025-01-06,855.7692307692307,919.2400371263502
potato,319.0,Kashipur APMC,Uttarakhand,4,4,2025-01-13,804.0000000000002,930.3659112021603
potato,319.0,Kashipur APMC,Uttarakhand,4,4,2025-01-20,825.2824858757065,933.7477426954454
potato,319.0,Kashipur APMC,Uttarakhand,4,4,2025-01-27,772.352941176471,862.8677235920777
potato,319.0,Kashipur APMC,Uttarakhand,4,4,2025-02-03,872.1311475409838,948.4520475852295
potato,319.0,Kashipur APMC,Uttarakhand,4,4,2025-02-10,983.3333333333335,974.3668610452941
potato,319.0,Kashipur APMC,Uttarakhand,4,4,2025-02-17,935.9999999999999,930.4811773936599
potato,319.0,Kashipur APMC,Uttarakhand,4,4,2025-02-24,982.1428571428569,958.1946648728238
potato,319.0,Kashipur APMC,Uttarakhand,4,4,2025-03-03,840.0000000000002,859.5963494027368
potato,319.0,Kashipur APMC,Uttarakhand,4,4,2025-03-10,815.9090909090909,827.0802204098184
potato,319.0,Kashipur APMC,Uttarakhand,4,4,2025-03-17,899.9999999999998,819.4531657807162
potato,319.0,Kashipur APMC,Uttarakhand,4,4,2025-03-24,874.3589743589741,809.3306624992653
potato,319.0,Kashipur APMC,Uttarakhand,4,4,2025-03-31,822.4489795918364,828.7169181133903
potato,319.0,Kashipur APMC,Uttarakhand,4,4,2025-04-07,934.0425531914893,1000.5973092903495
potato,319.0,Kashipur APMC,Uttarakhand,4,4,2025-04-14,711.290322580645,972.5352892229854
potato,319.0,Kashipur APMC,Uttarakhand,4,4,2025-04-21,693.4426229508194,975.4820117109977
potato,319.0,Kashipur APMC,Uttarakhand,4,4,2025-04-28,749.9999999999998,983.4205830223797
potato,319.0,Kashipur APMC,Uttarakhand,4,4,2025-05-05,749.9999999999998,952.4706104547047
potato,319.0,Kashipur APMC,Uttarakhand,4,4,2025-05-12,805.8823529411766,1002.8048140435207
potato,319.0,Kashipur APMC,Uttarakhand,4,4,2025-05-19,789.2307692307694,993.1245309499606
potato,319.0,Kashipur APMC,Uttarakhand,4,4,2025-05-26,764.9999999999998,1000.622732834806
potato,319.0,Kashipur APMC,Uttarakhand,4,4,2025-06-02,741.6666666666667,1002.3335148711437
potato,319.0,Kashipur APMC,Uttarakhand,4,4,2025-06-09,899.6350364963507,1013.7105971913054
potato,319.0,Kashipur APMC,Uttarakhand,4,4,2025-06-16,1200.881057268722,958.1728861479216
potato,319.0,Kashipur APMC,Uttarakhand,4,4,2025-06-23,1596.0000000000002,939.0678789719439
potato,319.0,Kashipur APMC,Uttarakhand,4,4,2025-06-30,1134.2857142857144,955.9540050122671
potato,319.0,Kashipur APMC,Uttarakhand,4,4,2025-07-07,1093.333333333333,954.3622951237926
potato,319.0,Kashipur APMC,Uttarakhand,4,4,2025-07-14,1055.5555555555557,935.8972945071449
potato,319.0,Kashipur APMC,Uttarakhand,4,4,2025-07-21,1026.0869565217392,893.2419860554843
potato,319.0,Kashipur APMC,Uttarakhand,4,4,2025-07-28,839.2405063291143,900.4523248848785
potato,319.0,Kashipur APMC,Uttarakhand,4,4,2025-08-04,878.1818181818185,896.0789199361192
potato,319.0,Kashipur APMC,Uttarakhand,4,4,2025-08-11,899.9999999999998,889.1389840701546
potato,319.0,Kashipur APMC,Uttarakhand,4,4,2025-08-18,964.2857142857143,898.4737250160185
potato,319.0,Kashipur APMC,Uttarakhand,4,4,2025-08-25,1003.1578947368417,909.7779079798623
potato,319.0,Kashipur APMC,Uttarakhand,4,4,2025-09-01,858.0357142857142,961.383470145714
potato,319.0,Kashipur APMC,Uttarakhand,4,4,2025-09-08,812.1638924455825,917.3635951964574
potato,319.0,Kashipur APMC,Uttarakhand,4,4,2025-09-15,909.0909090909091,918.5680751879956
potato,319.0,Kashipur APMC,Uttarakhand,4,4,2025-09-22,939.2857142857143,901.6935894158399
potato,319.0,Kashipur APMC,Uttarakhand,4,4,2025-09-29,796.9072164948453,907.3303909432051
potato,319.0,Kashipur APMC,Uttarakhand,4,4,2025-10-06,827.1186440677969,926.3195377428711
potato,319.0,Kashipur APMC,Uttarakhand,4,4,2025-10-13,798.3870967741937,922.181576653141
potato,319.0,Kashipur APMC,Uttarakhand,4,4,2025-10-20,910.5263157894738,915.2908206471649
potato,319.0,Kashipur APMC,Uttarakhand,4,4,2025-10-27,1022.2222222222223,936.5595647543842
potato,319.0,Kashipur APMC,Uttarakhand,4,4,2025-11-03,787.3239436619716,937.7062778924194
potato,319.0,Kashipur APMC,Uttarakhand,4,4,2025-11-10,888.8888888888889,953.7992013418126
potato,319.0,Kashipur APMC,Uttarakhand,4,4,2025-11-17,822.8260869565221,928.9964452400718
potato,319.0,Kashipur APMC,Uttarakhand,4,4,2025-11-24,1003.2258064516128,926.647985857577
potato,319.0,Kashipur APMC,Uttarakhand,4,4,2025-12-01,714.0624999999999,948.3747542878621
potato,319.0,Kashipur APMC,Uttarakhand,4,4,2025-12-08,825.9615384615381,956.113348991754
potato,319.0,Kashipur APMC,Uttarakhand,4,4,2025-12-15,692.6470588235295,940.5535111147649
potato,319.0,Kashipur APMC,Uttarakhand,4,4,2025-12-22,732.1428571428572,920.5511489519927
potato,319.0,Kashipur APMC,Uttarakhand,4,4,2025-12-29,675.4844144903115,907.6463505903328
potato,319.0,Kashipur APMC,Uttarakhand,4,13,2025-01-06,815.9090909090909,732.6430065487551
potato,319.0,Kashipur APMC,Uttarakhand,4,13,2025-01-13,899.9999999999998,714.0191712092624
potato,319.0,Kashipur APMC,Uttarakhand,4,13,2025-01-20,874.3589743589741,826.5325583185838
potato,319.0,Kashipur APMC,Uttarakhand,4,13,2025-01-27,822.4489795918364,846.6745503176245
potato,319.0,Kashipur APMC,Uttarakhand,4,13,2025-02-03,934.0425531914893,1037.2758078137422
potato,319.0,Kashipur APMC,Uttarakhand,4,13,2025-02-10,711.290322580645,1029.5044608246565
potato,319.0,Kashipur APMC,Uttarakhand,4,13,2025-02-17,693.4426229508194,1035.786436572923
potato,319.0,Kashipur APMC,Uttarakhand,4,13,2025-02-24,749.9999999999998,1130.5005653010458
potato,319.0,Kashipur APMC,Uttarakhand,4,13,2025-03-03,749.9999999999998,1139.4365393500104
potato,319.0,Kashipur APMC,Uttarakhand,4,13,2025-03-10,805.8823529411766,1151.5632445012097
potato,319.0,Kashipur APMC,Uttarakhand,4,13,2025-03-17,789.2307692307694,1174.1630182763906
potato,319.0,Kashipur APMC,Uttarakhand,4,13,2025-03-24,764.9999999999998,1114.2887322032636
potato,319.0,Kashipur APMC,Uttarakhand,4,13,2025-03-31,741.6666666666667,1112.962161457135
potato,319.0,Kashipur APMC,Uttarakhand,4,13,2025-04-07,899.6350364963507,1010.522475247889
potato,319.0,Kashipur APMC,Uttarakhand,4,13,2025-04-14,1200.881057268722,1044.5376269418455
potato,319.0,Kashipur APMC,Uttarakhand,4,13,2025-04-21,1596.0000000000002,1046.9086597003502
potato,319.0,Kashipur APMC,Uttarakhand,4,13,2025-04-28,1134.2857142857144,995.2976823842295
potato,319.0,Kashipur APMC,Uttarakhand,4,13,2025-05-05,1093.333333333333,976.5123798419407
potato,319.0,Kashipur APMC,Uttarakhand,4,13,2025-05-12,1055.5555555555557,991.2416746137565
potato,319.0,Kashipur APMC,Uttarakhand,4,13,2025-05-19,1026.0869565217392,844.7132990682909
potato,319.0,Kashipur APMC,Uttarakhand,4,13,2025-05-26,839.2405063291143,842.1964738884432
potato,319.0,Kashipur APMC,Uttarakhand,4,13,2025-06-02,878.1818181818185,880.7450007599235
potato,319.0,Kashipur APMC,Uttarakhand,4,13,2025-06-09,899.9999999999998,889.2454733633984
potato,319.0,Kashipur APMC,Uttarakhand,4,13,2025-06-16,964.2857142857143,942.1692265363769
potato,319.0,Kashipur APMC,Uttarakhand,4,13,2025-06-23,1003.1578947368417,939.7640796732762
potato,319.0,Kashipur APMC,Uttarakhand,4,13,2025-06-30,858.0357142857142,902.2901098913482
potato,319.0,Kashipur APMC,Uttarakhand,4,13,2025-07-07,812.1638924455825,901.0790590638364
potato,319.0,Kashipur APMC,Uttarakhand,4,13,2025-07-14,909.0909090909091,896.3180167153259
potato,319.0,Kashipur APMC,Uttarakhand,4,13,2025-07-21,939.2857142857143,922.3827899531796
potato,319.0,Kashipur APMC,Uttarakhand,4,13,2025-07-28,796.9072164948453,919.7426238157925
potato,319.0,Kashipur APMC,Uttarakhand,4,13,2025-08-04,827.1186440677969,933.4706424985131
potato,319.0,Kashipur APMC,Uttarakhand,4,13,2025-08-11,798.3870967741937,901.9055695304799
potato,319.0,Kashipur APMC,Uttarakhand,4,13,2025-08-18,910.5263157894738,870.9198273982286
potato,319.0,Kashipur APMC,Uttarakhand,4,13,2025-08-25,1022.2222222222223,839.1116186453127
potato,319.0,Kashipur APMC,Uttarakhand,4,13,2025-09-01,787.3239436619716,826.6636499651953
potato,319.0,Kashipur APMC,Uttarakhand,4,13,2025-09-08,888.8888888888889,845.2608638088609
potato,319.0,Kashipur APMC,Uttarakhand,4,13,2025-09-15,822.8260869565221,798.0144034394225
potato,319.0,Kashipur APMC,Uttarakhand,4,13,2025-09-22,1003.2258064516128,795.5162837066464
potato,319.0,Kashipur APMC,Uttarakhand,4,13,2025-09-29,714.0624999999999,797.9515334176206
potato,319.0,Kashipur APMC,Uttarakhand,4,13,2025-10-06,825.9615384615381,777.5630094208641
potato,319.0,Kashipur APMC,Uttarakhand,4,13,2025-10-13,692.6470588235295,815.8567337821489
potato,319.0,Kashipur APMC,Uttarakhand,4,13,2025-10-20,732.1428571428572,845.8675338825827
potato,319.0,Kashipur APMC,Uttarakhand,4,13,2025-10-27,675.4844144903115,833.1103474275164
potato,319.0,Kashipur APMC,Uttarakhand,4,13,2025-11-03,547.584541062802,783.7917943427543
potato,319.0,Kashipur APMC,Uttarakhand,4,13,2025-11-10,532.2222222222221,786.2245689874421
potato,319.0,Kashipur APMC,Uttarakhand,4,13,2025-11-17,531.0344827586206,819.6390244517434
potato,319.0,Kashipur APMC,Uttarakhand,4,13,2025-11-24,522.8358208955224,837.5359114900176
potato,319.0,Kashipur APMC,Uttarakhand,4,13,2025-12-01,641.0447761194027,845.8142167818437
potato,319.0,Kashipur APMC,Uttarakhand,4,13,2025-12-08,470.37037037037055,815.4753605776897
potato,319.0,Kashipur APMC,Uttarakhand,4,13,2025-12-15,632.5373134328356,834.9896016078084
potato,319.0,Kashipur APMC,Uttarakhand,4,13,2025-12-22,499.9999999999999,843.7496018318494
potato,319.0,Kashipur APMC,Uttarakhand,4,13,2025-12-29,376.81564245810046,934.6616509164293
potato,319.0,Kashipur APMC,Uttarakhand,4,26,2025-01-06,899.6350364963507,1146.9924118631727
potato,319.0,Kashipur APMC,Uttarakhand,4,26,2025-01-13,1200.881057268722,1146.9924118631727
potato,319.0,Kashipur APMC,Uttarakhand,4,26,2025-01-20,1596.0000000000002,1141.289560504767
potato,319.0,Kashipur APMC,Uttarakhand,4,26,2025-01-27,1134.2857142857144,1108.1745513992093
potato,319.0,Kashipur APMC,Uttarakhand,4,26,2025-02-03,1093.333333333333,1135.7676735656269
potato,319.0,Kashipur APMC,Uttarakhand,4,26,2025-02-10,1055.5555555555557,1099.848910873239
potato,319.0,Kashipur APMC,Uttarakhand,4,26,2025-02-17,1026.0869565217392,1102.5869894350308
potato,319.0,Kashipur APMC,Uttarakhand,4,26,2025-02-24,839.2405063291143,1065.3542099920242
potato,319.0,Kashipur APMC,Uttarakhand,4,26,2025-03-03,878.1818181818185,1039.9621253779285
potato,319.0,Kashipur APMC,Uttarakhand,4,26,2025-03-10,899.9999999999998,1047.5846842338872
potato,319.0,Kashipur APMC,Uttarakhand,4,26,2025-03-17,964.2857142857143,1006.7972728486565
potato,319.0,Kashipur APMC,Uttarakhand,4,26,2025-03-24,1003.1578947368417,973.0997723310597
potato,319.0,Kashipur APMC,Uttarakhand,4,26,2025-03-31,858.0357142857142,971.8240992989159
potato,319.0,Kashipur APMC,Uttarakhand,4,26,2025-04-07,812.1638924455825,960.0962412425744
potato,319.0,Kashipur APMC,Uttarakhand,4,26,2025-04-14,909.0909090909091,968.4502498918864
potato,319.0,Kashipur APMC,Uttarakhand,4,26,2025-04-21,939.2857142857143,933.9103073691334
potato,319.0,Kashipur APMC,Uttarakhand,4,26,2025-04-28,796.9072164948453,927.6254339729151
potato,319.0,Kashipur APMC,Uttarakhand,4,26,2025-05-05,827.1186440677969,890.1601166899725
potato,319.0,Kashipur APMC,Uttarakhand,4,26,2025-05-12,798.3870967741937,942.5914795125187
potato,319.0,Kashipur APMC,Uttarakhand,4,26,2025-05-19,910.5263157894738,953.1513805004765
potato,319.0,Kashipur APMC,Uttarakhand,4,26,2025-05-26,1022.2222222222223,941.5632383093895
potato,319.0,Kashipur APMC,Uttarakhand,4,26,2025-06-02,787.3239436619716,953.8690362464554
potato,319.0,Kashipur APMC,Uttarakhand,4,26,2025-06-09,888.8888888888889,905.7880479802207
potato,319.0,Kashipur APMC,Uttarakhand,4,26,2025-06-16,822.8260869565221,1012.4985021489546
potato,319.0,Kashipur APMC,Uttarakhand,4,26,2025-06-23,1003.2258064516128,936.613664753666
potato,319.0,Kashipur APMC,Uttarakhand,4,26,2025-06-30,714.0624999999999,960.8195884286577
potato,319.0,Kashipur APMC,Uttarakhand,4,26,2025-07-07,825.9615384615381,929.8635729177527
potato,319.0,Kashipur APMC,Uttarakhand,4,26,2025-07-14,692.6470588235295,907.4228425856318
potato,319.0,Kashipur APMC,Uttarakhand,4,26,2025-07-21,732.1428571428572,947.4143755411359
potato,319.0,Kashipur APMC,Uttarakhand,4,26,2025-07-28,675.4844144903115,990.7889039253654
potato,319.0,Kashipur APMC,Uttarakhand,4,26,2025-08-04,547.584541062802,990.7889039253654
potato,319.0,Kashipur APMC,Uttarakhand,4,26,2025-08-11,532.2222222222221,990.7889039253654
potato,319.0,Kashipur APMC,Uttarakhand,4,26,2025-08-18,531.0344827586206,940.4376407229291
potato,319.0,Kashipur APMC,Uttarakhand,4,26,2025-08-25,522.8358208955224,905.105076381849
potato,319.0,Kashipur APMC,Uttarakhand,4,26,2025-09-01,641.0447761194027,922.8851223353972
potato,319.0,Kashipur APMC,Uttarakhand,4,26,2025-09-08,470.37037037037055,905.5202247283107
potato,319.0,Kashipur APMC,Uttarakhand,4,26,2025-09-15,632.5373134328356,918.3507006577985
potato,319.0,Kashipur APMC,Uttarakhand,4,26,2025-09-22,499.9999999999999,919.0203598497295
potato,319.0,Kashipur APMC,Uttarakhand,4,26,2025-09-29,376.81564245810046,935.5367445915109
potato,319.0,Kashipur APMC,Uttarakhand,4,26,2025-10-06,624.5614035087721,919.594051710023
potato,319.0,Kashipur APMC,Uttarakhand,4,26,2025-10-13,545.5904334828102,926.221925928136
potato,319.0,Kashipur APMC,Uttarakhand,4,26,2025-10-20,500.5084745762711,917.1339678604744
potato,319.0,Kashipur APMC,Uttarakhand,4,26,2025-10-27,505.2212389380532,913.3938200966561
potato,319.0,Kashipur APMC,Uttarakhand,4,26,2025-11-03,586.4766839378241,1112.4476380521253
potato,319.0,Kashipur APMC,Uttarakhand,4,26,2025-11-10,583.6559139784946,1106.9163938474067
potato,319.0,Kashipur APMC,Uttarakhand,4,26,2025-11-17,570.8333333333334,1098.9968976650277
potato,319.0,Kashipur APMC,Uttarakhand,4,26,2025-11-24,609.2994869248593,1111.9977454861137
potato,319.0,Kashipur APMC,Uttarakhand,4,26,2025-12-01,647.7656405163854,1147.9133445399352
potato,319.0,Kashipur APMC,Uttarakhand,4,26,2025-12-08,550.0000000000002,1147.9133445399352
potato,319.0,Kashipur APMC,Uttarakhand,4,26,2025-12-15,649.964912280702,1139.7007980910364
potato,319.0,Kashipur APMC,Uttarakhand,4,26,2025-12-22,730.3999999999999,1139.7007980910364
potato,319.0,Kashipur APMC,Uttarakhand,4,26,2025-12-29,569.6875,1144.718795410328
potato,319.0,Kashipur APMC,Uttarakhand,5,1,2026-01-05,692.6470588235295,757.7720286650103
potato,319.0,Kashipur APMC,Uttarakhand,5,1,2026-01-12,732.1428571428572,786.2283838154283
potato,319.0,Kashipur APMC,Uttarakhand,5,1,2026-01-19,675.4844144903115,724.8000130017168
potato,319.0,Kashipur APMC,Uttarakhand,5,1,2026-01-26,547.584541062802,752.3563803177184
potato,319.0,Kashipur APMC,Uttarakhand,5,1,2026-02-02,532.2222222222221,715.5783405763457
potato,319.0,Kashipur APMC,Uttarakhand,5,1,2026-02-09,531.0344827586206,621.985494241264
potato,319.0,Kashipur APMC,Uttarakhand,5,1,2026-02-16,522.8358208955224,599.7649086894976
potato,319.0,Kashipur APMC,Uttarakhand,5,1,2026-02-23,641.0447761194027,621.4334499762807
potato,319.0,Kashipur APMC,Uttarakhand,5,1,2026-03-02,470.37037037037055,617.4459663088414
potato,319.0,Kashipur APMC,Uttarakhand,5,1,2026-03-09,632.5373134328356,650.1555048797571
potato,319.0,Kashipur APMC,Uttarakhand,5,1,2026-03-16,499.9999999999999,646.0980432658957
potato,319.0,Kashipur APMC,Uttarakhand,5,1,2026-03-23,376.81564245810046,647.0287868354761
potato,319.0,Kashipur APMC,Uttarakhand,5,1,2026-03-30,624.5614035087721,663.845694110393
potato,319.0,Kashipur APMC,Uttarakhand,5,1,2026-04-06,545.5904334828102,658.4069464471316
potato,319.0,Kashipur APMC,Uttarakhand,5,1,2026-04-13,500.5084745762711,648.6368573175615
potato,319.0,Kashipur APMC,Uttarakhand,5,1,2026-04-20,505.2212389380532,614.2152279221233
potato,319.0,Kashipur APMC,Uttarakhand,5,1,2026-04-27,586.4766839378241,620.3865202175898
potato,319.0,Kashipur APMC,Uttarakhand,5,1,2026-05-04,583.6559139784946,622.9988811510481
potato,319.0,Kashipur APMC,Uttarakhand,5,1,2026-05-11,570.8333333333334,635.7763824072331
potato,319.0,Kashipur APMC,Uttarakhand,5,1,2026-05-18,609.2994869248593,608.9948877398571
potato,319.0,Kashipur APMC,Uttarakhand,5,1,2026-05-25,647.7656405163854,625.751429605055
potato,319.0,Kashipur APMC,Uttarakhand,5,1,2026-06-01,550.0000000000002,640.7465736899811
potato,319.0,Kashipur APMC,Uttarakhand,5,1,2026-06-08,649.964912280702,693.7070971919675
potato,319.0,Kashipur APMC,Uttarakhand,5,1,2026-06-15,730.3999999999999,668.3718338452294
potato,319.0,Kashipur APMC,Uttarakhand,5,1,2026-06-22,569.6875,672.3708220983289
potato,319.0,Kashipur APMC,Uttarakhand,5,1,2026-06-29,632.9999999999999,723.5554014127722
potato,319.0,Kashipur APMC,Uttarakhand,5,1,2026-07-06,608.6842105263158,647.7692696211144
potato,319.0,Kashipur APMC,Uttarakhand,5,1,2026-07-13,605.7467532467532,652.9228046958694
potato,319.0,Kashipur APMC,Uttarakhand,5,1,2026-07-20,600.0,622.219527017594
potato,319.0,Kashipur APMC,Uttarakhand,5,1,2026-07-27,639.6341463414635,629.7800896170271
potato,319.0,Kashipur APMC,Uttarakhand,5,1,2026-08-03,630.2054794520549,603.2428768498855
potato,319.0,Kashipur APMC,Uttarakhand,5,1,2026-08-10,482.10526315789474,600.8447968460421
potato,319.0,Kashipur APMC,Uttarakhand,5,1,2026-08-17,620.0,601.7893710265519
potato,319.0,Kashipur APMC,Uttarakhand,5,1,2026-08-24,742.1703296703299,579.2191544296566
potato,319.0,Kashipur APMC,Uttarakhand,5,1,2026-08-31,566.8874172185432,611.843429416996
potato,319.0,Kashipur APMC,Uttarakhand,5,1,2026-09-07,700.0,663.5858011409716
potato,319.0,Kashipur APMC,Uttarakhand,5,1,2026-09-14,600.0,602.9867095034889
potato,319.0,Kashipur APMC,Uttarakhand,5,1,2026-09-21,499.9999999999999,664.5851710603702
potato,319.0,Kashipur APMC,Uttarakhand,5,1,2026-09-28,499.9999999999999,605.6222414267684
potato,319.0,Kashipur APMC,Uttarakhand,5,4,2026-01-05,547.584541062802,790.4906528569711
potato,319.0,Kashipur APMC,Uttarakhand,5,4,2026-01-12,532.2222222222221,786.1156617157151
potato,319.0,Kashipur APMC,Uttarakhand,5,4,2026-01-19,531.0344827586206,796.8599929827599
potato,319.0,Kashipur APMC,Uttarakhand,5,4,2026-01-26,522.8358208955224,807.853810600776
potato,319.0,Kashipur APMC,Uttarakhand,5,4,2026-02-02,641.0447761194027,780.2828050460438
potato,319.0,Kashipur APMC,Uttarakhand,5,4,2026-02-09,470.37037037037055,734.4475562519465
potato,319.0,Kashipur APMC,Uttarakhand,5,4,2026-02-16,632.5373134328356,737.7433945575724
potato,319.0,Kashipur APMC,Uttarakhand,5,4,2026-02-23,499.9999999999999,764.9536349505312
potato,319.0,Kashipur APMC,Uttarakhand,5,4,2026-03-02,376.81564245810046,755.6549234947694
potato,319.0,Kashipur APMC,Uttarakhand,5,4,2026-03-09,624.5614035087721,783.7626832947068
potato,319.0,Kashipur APMC,Uttarakhand,5,4,2026-03-16,545.5904334828102,749.9293822216939
potato,319.0,Kashipur APMC,Uttarakhand,5,4,2026-03-23,500.5084745762711,777.593445303783
potato,319.0,Kashipur APMC,Uttarakhand,5,4,2026-03-30,505.2212389380532,773.4674001699276
potato,319.0,Kashipur APMC,Uttarakhand,5,4,2026-04-06,586.4766839378241,730.4894327181767
potato,319.0,Kashipur APMC,Uttarakhand,5,4,2026-04-13,583.6559139784946,737.54520986141
potato,319.0,Kashipur APMC,Uttarakhand,5,4,2026-04-20,570.8333333333334,711.263775757531
potato,319.0,Kashipur APMC,Uttarakhand,5,4,2026-04-27,609.2994869248593,747.8522823696169
potato,319.0,Kashipur APMC,Uttarakhand,5,4,2026-05-04,647.7656405163854,713.4276287021594
potato,319.0,Kashipur APMC,Uttarakhand,5,4,2026-05-11,550.0000000000002,720.7425008105567
potato,319.0,Kashipur APMC,Uttarakhand,5,4,2026-05-18,649.964912280702,704.0907053391654
potato,319.0,Kashipur APMC,Uttarakhand,5,4,2026-05-25,730.3999999999999,708.8208451498806
potato,319.0,Kashipur APMC,Uttarakhand,5,4,2026-06-01,569.6875,762.7544031099908
potato,319.0,Kashipur APMC,Uttarakhand,5,4,2026-06-08,632.9999999999999,775.6054139688041
potato,319.0,Kashipur APMC,Uttarakhand,5,4,2026-06-15,608.6842105263158,765.4426488926736
potato,319.0,Kashipur APMC,Uttarakhand,5,4,2026-06-22,605.7467532467532,757.1700767603061
potato,319.0,Kashipur APMC,Uttarakhand,5,4,2026-06-29,600.0,773.4382769508103
potato,319.0,Kashipur APMC,Uttarakhand,5,4,2026-07-06,639.6341463414635,648.7322896473794
potato,319.0,Kashipur APMC,Uttarakhand,5,4,2026-07-13,630.2054794520549,667.1330887962364
potato,319.0,Kashipur APMC,Uttarakhand,5,4,2026-07-20,482.10526315789474,665.7392287308409
potato,319.0,Kashipur APMC,Uttarakhand,5,4,2026-07-27,620.0,634.9782667792791
potato,319.0,Kashipur APMC,Uttarakhand,5,4,2026-08-03,742.1703296703299,617.4728634990045
potato,319.0,Kashipur APMC,Uttarakhand,5,4,2026-08-10,566.8874172185432,643.1283957933933
potato,319.0,Kashipur APMC,Uttarakhand,5,4,2026-08-17,700.0,641.2428622199653
potato,319.0,Kashipur APMC,Uttarakhand,5,4,2026-08-24,600.0,629.0209306679566
potato,319.0,Kashipur APMC,Uttarakhand,5,4,2026-08-31,499.9999999999999,665.9555347345693
potato,319.0,Kashipur APMC,Uttarakhand,5,4,2026-09-07,499.9999999999999,664.0748331875279
potato,319.0,Kashipur APMC,Uttarakhand,5,13,2026-01-05,624.5614035087721,780.8076700733699
potato,319.0,Kashipur APMC,Uttarakhand,5,13,2026-01-12,545.5904334828102,777.5473484732165
potato,319.0,Kashipur APMC,Uttarakhand,5,13,2026-01-19,500.5084745762711,802.747889265559
potato,319.0,Kashipur APMC,Uttarakhand,5,13,2026-01-26,505.2212389380532,842.5223158484616
potato,319.0,Kashipur APMC,Uttarakhand,5,13,2026-02-02,586.4766839378241,848.9587952692601
potato,319.0,Kashipur APMC,Uttarakhand,5,13,2026-02-09,583.6559139784946,841.9523396040247
potato,319.0,Kashipur APMC,Uttarakhand,5,13,2026-02-16,570.8333333333334,934.154845365588
potato,319.0,Kashipur APMC,Uttarakhand,5,13,2026-02-23,609.2994869248593,878.2164779970554
potato,319.0,Kashipur APMC,Uttarakhand,5,13,2026-03-02,647.7656405163854,844.3444337925803
potato,319.0,Kashipur APMC,Uttarakhand,5,13,2026-03-09,550.0000000000002,823.1426751627099
potato,319.0,Kashipur APMC,Uttarakhand,5,13,2026-03-16,649.964912280702,845.9289143449494
potato,319.0,Kashipur APMC,Uttarakhand,5,13,2026-03-23,730.3999999999999,849.8764871472167
potato,319.0,Kashipur APMC,Uttarakhand,5,13,2026-03-30,569.6875,870.8975617677901
potato,319.0,Kashipur APMC,Uttarakhand,5,13,2026-04-06,632.9999999999999,866.3271507264728
potato,319.0,Kashipur APMC,Uttarakhand,5,13,2026-04-13,608.6842105263158,845.5161544021588
potato,319.0,Kashipur APMC,Uttarakhand,5,13,2026-04-20,605.7467532467532,898.7827784499474
potato,319.0,Kashipur APMC,Uttarakhand,5,13,2026-04-27,600.0,902.9593468619943
potato,319.0,Kashipur APMC,Uttarakhand,5,13,2026-05-04,639.6341463414635,857.3340052849853
potato,319.0,Kashipur APMC,Uttarakhand,5,13,2026-05-11,630.2054794520549,901.2011348552103
potato,319.0,Kashipur APMC,Uttarakhand,5,13,2026-05-18,482.10526315789474,883.5207108422186
potato,319.0,Kashipur APMC,Uttarakhand,5,13,2026-05-25,620.0,878.4879492859021
potato,319.0,Kashipur APMC,Uttarakhand,5,13,2026-06-01,742.1703296703299,904.9134307107821
potato,319.0,Kashipur APMC,Uttarakhand,5,13,2026-06-08,566.8874172185432,902.2654780763243
potato,319.0,Kashipur APMC,Uttarakhand,5,13,2026-06-15,700.0,881.103670012542
potato,319.0,Kashipur APMC,Uttarakhand,5,13,2026-06-22,600.0,890.855768490004
potato,319.0,Kashipur APMC,Uttarakhand,5,13,2026-06-29,499.9999999999999,891.0603330436192
potato,319.0,Kashipur APMC,Uttarakhand,5,13,2026-07-06,499.9999999999999,874.3699157086346
potato,319.0,Kashipur APMC,Uttarakhand,5,26,2026-01-05,632.9999999999999,913.9720916851508
potato,319.0,Kashipur APMC,Uttarakhand,5,26,2026-01-12,608.6842105263158,905.0814425110739
potato,319.0,Kashipur APMC,Uttarakhand,5,26,2026-01-19,605.7467532467532,921.070782332613
potato,319.0,Kashipur APMC,Uttarakhand,5,26,2026-01-26,600.0,906.7327353134335
potato,319.0,Kashipur APMC,Uttarakhand,5,26,2026-02-02,639.6341463414635,1037.3759666434541
potato,319.0,Kashipur APMC,Uttarakhand,5,26,2026-02-09,630.2054794520549,1037.3759666434541
potato,319.0,Kashipur APMC,Uttarakhand,5,26,2026-02-16,482.10526315789474,1044.454870385274
potato,319.0,Kashipur APMC,Uttarakhand,5,26,2026-02-23,620.0,994.5624202991946
potato,319.0,Kashipur APMC,Uttarakhand,5,26,2026-03-02,742.1703296703299,959.5384549367442
potato,319.0,Kashipur APMC,Uttarakhand,5,26,2026-03-09,566.8874172185432,965.5506763397715
potato,319.0,Kashipur APMC,Uttarakhand,5,26,2026-03-16,700.0,987.8843726267415
potato,319.0,Kashipur APMC,Uttarakhand,5,26,2026-03-23,600.0,1002.0659855293922
potato,319.0,Kashipur APMC,Uttarakhand,5,26,2026-03-30,499.9999999999999,958.1484711298566
potato,319.0,Kashipur APMC,Uttarakhand,5,26,2026-04-06,499.9999999999999,932.200696757529
potato,3350.0,Chakdah APMC,West Bengal,1,1,2022-01-03,1340.3448275862065,1271.9869942286018
potato,3350.0,Chakdah APMC,West Bengal,1,1,2022-01-10,1072.4468085106387,1275.0494017981928
potato,3350.0,Chakdah APMC,West Bengal,1,1,2022-01-17,1050.2272727272727,1275.0494017981928
potato,3350.0,Chakdah APMC,West Bengal,1,1,2022-01-24,1094.7191011235957,1169.6269567181907
potato,3350.0,Chakdah APMC,West Bengal,1,1,2022-01-31,1260.8536585365853,1184.5293565652994
potato,3350.0,Chakdah APMC,West Bengal,1,1,2022-02-07,1302.6881720430106,1184.5293565652994
potato,3350.0,Chakdah APMC,West Bengal,1,1,2022-02-14,1441.1904761904757,1198.886414546752
potato,3350.0,Chakdah APMC,West Bengal,1,1,2022-02-21,1551.7857142857135,1198.886414546752
potato,3350.0,Chakdah APMC,West Bengal,1,1,2022-02-28,1567.3809523809518,1298.6940837728393
potato,3350.0,Chakdah APMC,West Bengal,1,1,2022-03-07,1566.6304347826083,1244.9019510979335
potato,3350.0,Chakdah APMC,West Bengal,1,1,2022-03-14,1494.2553191489365,1244.9019510979335
potato,3350.0,Chakdah APMC,West Bengal,1,1,2022-03-21,1643.9534883720935,1254.6579130582486
potato,3350.0,Chakdah APMC,West Bengal,1,1,2022-03-28,1777.1134020618556,1238.8739797562566
potato,3350.0,Chakdah APMC,West Bengal,1,1,2022-04-04,1800.1333333333328,1325.9080702878684
potato,3350.0,Chakdah APMC,West Bengal,1,1,2022-04-11,1917.6315789473686,1326.5371997326308
potato,3350.0,Chakdah APMC,West Bengal,1,1,2022-04-18,1861.2941176470583,1275.0887441145435
potato,3350.0,Chakdah APMC,West Bengal,1,1,2022-04-25,2001.5151515151515,1363.7465257910426
potato,3350.0,Chakdah APMC,West Bengal,1,1,2022-05-02,2280.833333333333,1388.8487685088312
potato,3350.0,Chakdah APMC,West Bengal,1,1,2022-05-09,2273.2142857142867,1507.0181246417176
potato,3350.0,Chakdah APMC,West Bengal,1,1,2022-05-16,2329.53846153846,1507.0181246417176
potato,3350.0,Chakdah APMC,West Bengal,1,1,2022-05-23,2316.551724137931,1507.0181246417176
potato,3350.0,Chakdah APMC,West Bengal,1,1,2022-05-30,2263.40909090909,1519.7504557983277
potato,3350.0,Chakdah APMC,West Bengal,1,1,2022-06-06,2312.588235294118,1583.4853598981756
potato,3350.0,Chakdah APMC,West Bengal,1,1,2022-06-13,2444.5679012345686,1583.4853598981756
potato,3350.0,Chakdah APMC,West Bengal,1,1,2022-06-20,2466.5882352941176,1570.2194146287832
potato,3350.0,Chakdah APMC,West Bengal,1,1,2022-06-27,2469.5238095238087,1570.2194146287832
potato,3350.0,Chakdah APMC,West Bengal,1,1,2022-07-04,2443.103448275862,1570.2194146287832
potato,3350.0,Chakdah APMC,West Bengal,1,1,2022-07-11,2399.999999999999,1570.2194146287832
potato,3350.0,Chakdah APMC,West Bengal,1,1,2022-07-18,2396.195652173912,1570.2194146287832
potato,3350.0,Chakdah APMC,West Bengal,1,1,2022-07-25,2366.8131868131877,1570.2194146287832
potato,3350.0,Chakdah APMC,West Bengal,1,1,2022-08-01,2360.8333333333326,1570.2194146287832
potato,3350.0,Chakdah APMC,West Bengal,1,1,2022-08-08,2394.444444444444,1570.2194146287832
potato,3350.0,Chakdah APMC,West Bengal,1,1,2022-08-15,2371.8390804597702,1570.2194146287832
potato,3350.0,Chakdah APMC,West Bengal,1,1,2022-08-22,2298.333333333334,1570.2194146287832
potato,3350.0,Chakdah APMC,West Bengal,1,1,2022-08-29,2241.6483516483513,1570.2194146287832
potato,3350.0,Chakdah APMC,West Bengal,1,1,2022-09-05,2304.0000000000005,1570.2194146287832
potato,3350.0,Chakdah APMC,West Bengal,1,1,2022-09-12,2388.395061728395,1570.2194146287832
potato,3350.0,Chakdah APMC,West Bengal,1,1,2022-09-19,2354.794520547945,1570.2194146287832
potato,3350.0,Chakdah APMC,West Bengal,1,1,2022-09-26,2345.6842105263154,1570.2194146287832
potato,3350.0,Chakdah APMC,West Bengal,1,1,2022-10-03,2360.0000000000005,1570.2194146287832
potato,3350.0,Chakdah APMC,West Bengal,1,1,2022-10-10,2285.280898876404,1590.2214655212206
potato,3350.0,Chakdah APMC,West Bengal,1,1,2022-10-17,2186.4044943820227,1590.2214655212206
potato,3350.0,Chakdah APMC,West Bengal,1,1,2022-10-24,1845.3763440860212,1590.2214655212206
potato,3350.0,Chakdah APMC,West Bengal,1,1,2022-10-31,1512.4489795918364,1590.2214655212206
potato,3350.0,Chakdah APMC,West Bengal,1,1,2022-11-07,1456.5168539325846,1349.2277724537214
potato,3350.0,Chakdah APMC,West Bengal,1,1,2022-11-14,1437.6344086021502,1349.2277724537214
potato,3350.0,Chakdah APMC,West Bengal,1,1,2022-11-21,1363.1914893617018,1360.6278656321886
potato,3350.0,Chakdah APMC,West Bengal,1,1,2022-11-28,1283.6734693877547,1360.6278656321886
potato,3350.0,Chakdah APMC,West Bengal,1,1,2022-12-05,1088.9361702127655,1265.0276786217246
potato,3350.0,Chakdah APMC,West Bengal,1,1,2022-12-12,1052.9670329670332,1196.4572021594927
potato,3350.0,Chakdah APMC,West Bengal,1,1,2022-12-19,976.2376237623762,1196.4572021594927
potato,3350.0,Chakdah APMC,West Bengal,1,1,2022-12-26,948.0645161290323,1211.701158335257
potato,3350.0,Chakdah APMC,West Bengal,1,4,2022-01-03,1094.7191011235957,1423.2081428437816
potato,3350.0,Chakdah APMC,West Bengal,1,4,2022-01-10,1260.8536585365853,1423.2081428437816
potato,3350.0,Chakdah APMC,West Bengal,1,4,2022-01-17,1302.6881720430106,1423.2081428437816
potato,3350.0,Chakdah APMC,West Bengal,1,4,2022-01-24,1441.1904761904757,1400.6986430301286
potato,3350.0,Chakdah APMC,West Bengal,1,4,2022-01-31,1551.7857142857135,1419.4236896237285
potato,3350.0,Chakdah APMC,West Bengal,1,4,2022-02-07,1567.3809523809518,1419.4236896237285
potato,3350.0,Chakdah APMC,West Bengal,1,4,2022-02-14,1566.6304347826083,1431.79263976322
potato,3350.0,Chakdah APMC,West Bengal,1,4,2022-02-21,1494.2553191489365,1431.79263976322
potato,3350.0,Chakdah APMC,West Bengal,1,4,2022-02-28,1643.9534883720935,1450.344000394734
potato,3350.0,Chakdah APMC,West Bengal,1,4,2022-03-07,1777.1134020618556,1180.9053053048078
potato,3350.0,Chakdah APMC,West Bengal,1,4,2022-03-14,1800.1333333333328,1180.9053053048078
potato,3350.0,Chakdah APMC,West Bengal,1,4,2022-03-21,1917.6315789473686,1180.9053053048078
potato,3350.0,Chakdah APMC,West Bengal,1,4,2022-03-28,1861.2941176470583,1208.1520885042742
potato,3350.0,Chakdah APMC,West Bengal,1,4,2022-04-04,2001.5151515151515,1483.7489146494877
potato,3350.0,Chakdah APMC,West Bengal,1,4,2022-04-11,2280.833333333333,1398.0692297656722
potato,3350.0,Chakdah APMC,West Bengal,1,4,2022-04-18,2273.2142857142867,1416.3130577088707
potato,3350.0,Chakdah APMC,West Bengal,1,4,2022-04-25,2329.53846153846,1336.6515204081231
potato,3350.0,Chakdah APMC,West Bengal,1,4,2022-05-02,2316.551724137931,1344.6182685974045
potato,3350.0,Chakdah APMC,West Bengal,1,4,2022-05-09,2263.40909090909,1398.0692297656722
potato,3350.0,Chakdah APMC,West Bengal,1,4,2022-05-16,2312.588235294118,1434.9813143175206
potato,3350.0,Chakdah APMC,West Bengal,1,4,2022-05-23,2444.5679012345686,1485.8217175574378
potato,3350.0,Chakdah APMC,West Bengal,1,4,2022-05-30,2466.5882352941176,1452.2599307830176
potato,3350.0,Chakdah APMC,West Bengal,1,4,2022-06-06,2469.5238095238087,1388.463305032945
potato,3350.0,Chakdah APMC,West Bengal,1,4,2022-06-13,2443.103448275862,1388.463305032945
potato,3350.0,Chakdah APMC,West Bengal,1,4,2022-06-20,2399.999999999999,1388.463305032945
potato,3350.0,Chakdah APMC,West Bengal,1,4,2022-06-27,2396.195652173912,1430.5399929644077
potato,3350.0,Chakdah APMC,West Bengal,1,4,2022-07-04,2366.8131868131877,1359.4963797033895
potato,3350.0,Chakdah APMC,West Bengal,1,4,2022-07-11,2360.8333333333326,1421.9630012081639
potato,3350.0,Chakdah APMC,West Bengal,1,4,2022-07-18,2394.444444444444,1472.342495743083
potato,3350.0,Chakdah APMC,West Bengal,1,4,2022-07-25,2371.8390804597702,1488.9552742501928
potato,3350.0,Chakdah APMC,West Bengal,1,4,2022-08-01,2298.333333333334,1472.342495743083
potato,3350.0,Chakdah APMC,West Bengal,1,4,2022-08-08,2241.6483516483513,1421.9630012081639
potato,3350.0,Chakdah APMC,West Bengal,1,4,2022-08-15,2304.0000000000005,1425.8473579610666
potato,3350.0,Chakdah APMC,West Bengal,1,4,2022-08-22,2388.395061728395,1363.210217164598
potato,3350.0,Chakdah APMC,West Bengal,1,4,2022-08-29,2354.794520547945,1363.210217164598
potato,3350.0,Chakdah APMC,West Bengal,1,4,2022-09-05,2345.6842105263154,1371.335142910639
potato,3350.0,Chakdah APMC,West Bengal,1,4,2022-09-12,2360.0000000000005,1371.335142910639
potato,3350.0,Chakdah APMC,West Bengal,1,4,2022-09-19,2285.280898876404,1371.335142910639
potato,3350.0,Chakdah APMC,West Bengal,1,4,2022-09-26,2186.4044943820227,1371.335142910639
potato,3350.0,Chakdah APMC,West Bengal,1,4,2022-10-03,1845.3763440860212,1371.335142910639
potato,3350.0,Chakdah APMC,West Bengal,1,4,2022-10-10,1512.4489795918364,1371.335142910639
potato,3350.0,Chakdah APMC,West Bengal,1,4,2022-10-17,1456.5168539325846,1371.335142910639
potato,3350.0,Chakdah APMC,West Bengal,1,4,2022-10-24,1437.6344086021502,1358.6749508340024
potato,3350.0,Chakdah APMC,West Bengal,1,4,2022-10-31,1363.1914893617018,1358.6749508340024
potato,3350.0,Chakdah APMC,West Bengal,1,4,2022-11-07,1283.6734693877547,1351.6468891204809
potato,3350.0,Chakdah APMC,West Bengal,1,4,2022-11-14,1088.9361702127655,1360.8095809356926
potato,3350.0,Chakdah APMC,West Bengal,1,4,2022-11-21,1052.9670329670332,1332.324336303329
potato,3350.0,Chakdah APMC,West Bengal,1,4,2022-11-28,976.2376237623762,1332.324336303329
potato,3350.0,Chakdah APMC,West Bengal,1,4,2022-12-05,948.0645161290323,982.1877253951149
potato,3350.0,Chakdah APMC,West Bengal,1,4,2022-12-12,933.4579439252336,982.1877253951149
potato,3350.0,Chakdah APMC,West Bengal,1,4,2022-12-19,840.9782608695655,983.4761314714705
potato,3350.0,Chakdah APMC,West Bengal,1,4,2022-12-26,790.0000000000003,983.3504173179927
potato,3350.0,Chakdah APMC,West Bengal,1,13,2022-01-03,1777.1134020618556,1078.6017013912983
potato,3350.0,Chakdah APMC,West Bengal,1,13,2022-01-10,1800.1333333333328,1078.6017013912983
potato,3350.0,Chakdah APMC,West Bengal,1,13,2022-01-17,1917.6315789473686,1078.6017013912983
potato,3350.0,Chakdah APMC,West Bengal,1,13,2022-01-24,1861.2941176470583,1026.2028011502928
potato,3350.0,Chakdah APMC,West Bengal,1,13,2022-01-31,2001.5151515151515,1026.2028011502928
potato,3350.0,Chakdah APMC,West Bengal,1,13,2022-02-07,2280.833333333333,1049.4247210131632
potato,3350.0,Chakdah APMC,West Bengal,1,13,2022-02-14,2273.2142857142867,1103.0082004443116
potato,3350.0,Chakdah APMC,West Bengal,1,13,2022-02-21,2329.53846153846,1103.0082004443116
potato,3350.0,Chakdah APMC,West Bengal,1,13,2022-02-28,2316.551724137931,1103.0082004443116
potato,3350.0,Chakdah APMC,West Bengal,1,13,2022-03-07,2263.40909090909,1074.3002760697668
potato,3350.0,Chakdah APMC,West Bengal,1,13,2022-03-14,2312.588235294118,1074.3002760697668
potato,3350.0,Chakdah APMC,West Bengal,1,13,2022-03-21,2444.5679012345686,1074.3002760697668
potato,3350.0,Chakdah APMC,West Bengal,1,13,2022-03-28,2466.5882352941176,1074.3002760697668
potato,3350.0,Chakdah APMC,West Bengal,1,13,2022-04-04,2469.5238095238087,1069.8842228858505
potato,3350.0,Chakdah APMC,West Bengal,1,13,2022-04-11,2443.103448275862,1124.5113671088075
potato,3350.0,Chakdah APMC,West Bengal,1,13,2022-04-18,2399.999999999999,1124.5113671088075
potato,3350.0,Chakdah APMC,West Bengal,1,13,2022-04-25,2396.195652173912,1124.5113671088075
potato,3350.0,Chakdah APMC,West Bengal,1,13,2022-05-02,2366.8131868131877,1091.6548340991833
potato,3350.0,Chakdah APMC,West Bengal,1,13,2022-05-09,2360.8333333333326,1091.6548340991833
potato,3350.0,Chakdah APMC,West Bengal,1,13,2022-05-16,2394.444444444444,1091.6548340991833
potato,3350.0,Chakdah APMC,West Bengal,1,13,2022-05-23,2371.8390804597702,1038.6223948430838
potato,3350.0,Chakdah APMC,West Bengal,1,13,2022-05-30,2298.333333333334,1038.6223948430838
potato,3350.0,Chakdah APMC,West Bengal,1,13,2022-06-06,2241.6483516483513,1038.6223948430838
potato,3350.0,Chakdah APMC,West Bengal,1,13,2022-06-13,2304.0000000000005,1038.6223948430838
potato,3350.0,Chakdah APMC,West Bengal,1,13,2022-06-20,2388.395061728395,1038.6223948430838
potato,3350.0,Chakdah APMC,West Bengal,1,13,2022-06-27,2354.794520547945,1038.6223948430838
potato,3350.0,Chakdah APMC,West Bengal,1,13,2022-07-04,2345.6842105263154,1072.6419751093065
potato,3350.0,Chakdah APMC,West Bengal,1,13,2022-07-11,2360.0000000000005,1097.4540864848477
potato,3350.0,Chakdah APMC,West Bengal,1,13,2022-07-18,2285.280898876404,1050.5284280354501
potato,3350.0,Chakdah APMC,West Bengal,1,13,2022-07-25,2186.4044943820227,1097.4540864848477
potato,3350.0,Chakdah APMC,West Bengal,1,13,2022-08-01,1845.3763440860212,1120.5544758821507
potato,3350.0,Chakdah APMC,West Bengal,1,13,2022-08-08,1512.4489795918364,1148.1387010484912
potato,3350.0,Chakdah APMC,West Bengal,1,13,2022-08-15,1456.5168539325846,1148.1387010484912
potato,3350.0,Chakdah APMC,West Bengal,1,13,2022-08-22,1437.6344086021502,1148.1387010484912
potato,3350.0,Chakdah APMC,West Bengal,1,13,2022-08-29,1363.1914893617018,1148.1387010484912
potato,3350.0,Chakdah APMC,West Bengal,1,13,2022-09-05,1283.6734693877547,1148.1387010484912
potato,3350.0,Chakdah APMC,West Bengal,1,13,2022-09-12,1088.9361702127655,1148.1387010484912
potato,3350.0,Chakdah APMC,West Bengal,1,13,2022-09-19,1052.9670329670332,1148.1387010484912
potato,3350.0,Chakdah APMC,West Bengal,1,13,2022-09-26,976.2376237623762,1148.1387010484912
potato,3350.0,Chakdah APMC,West Bengal,1,13,2022-10-03,948.0645161290323,1112.0188834417208
potato,3350.0,Chakdah APMC,West Bengal,1,13,2022-10-10,933.4579439252336,1064.4710208457936
potato,3350.0,Chakdah APMC,West Bengal,1,13,2022-10-17,840.9782608695655,1004.966348239067
potato,3350.0,Chakdah APMC,West Bengal,1,13,2022-10-24,790.0000000000003,1004.966348239067
potato,3350.0,Chakdah APMC,West Bengal,1,13,2022-10-31,699.5000000000002,1004.966348239067
potato,3350.0,Chakdah APMC,West Bengal,1,13,2022-11-07,746.4835164835165,1004.966348239067
potato,3350.0,Chakdah APMC,West Bengal,1,13,2022-11-14,740.229885057471,984.2466998718958
potato,3350.0,Chakdah APMC,West Bengal,1,13,2022-11-21,716.739130434783,984.2466998718958
potato,3350.0,Chakdah APMC,West Bengal,1,13,2022-11-28,708.9887640449435,984.2466998718958
potato,3350.0,Chakdah APMC,West Bengal,1,13,2022-12-05,808.2539682539683,1039.2162798916304
potato,3350.0,Chakdah APMC,West Bengal,1,13,2022-12-12,1054.1269841269839,1039.2162798916304
potato,3350.0,Chakdah APMC,West Bengal,1,13,2022-12-19,1164.4615384615383,1039.2162798916304
potato,3350.0,Chakdah APMC,West Bengal,1,13,2022-12-26,1200.0,1039.2162798916304
potato,3350.0,Chakdah APMC,West Bengal,1,26,2022-01-03,2469.5238095238087,1160.5511287441284
potato,3350.0,Chakdah APMC,West Bengal,1,26,2022-01-10,2443.103448275862,1160.5511287441284
potato,3350.0,Chakdah APMC,West Bengal,1,26,2022-01-17,2399.999999999999,1160.5511287441284
potato,3350.0,Chakdah APMC,West Bengal,1,26,2022-01-24,2396.195652173912,1160.5511287441284
potato,3350.0,Chakdah APMC,West Bengal,1,26,2022-01-31,2366.8131868131877,1160.5511287441284
potato,3350.0,Chakdah APMC,West Bengal,1,26,2022-02-07,2360.8333333333326,1160.5511287441284
potato,3350.0,Chakdah APMC,West Bengal,1,26,2022-02-14,2394.444444444444,1160.5511287441284
potato,3350.0,Chakdah APMC,West Bengal,1,26,2022-02-21,2371.8390804597702,1160.5511287441284
potato,3350.0,Chakdah APMC,West Bengal,1,26,2022-02-28,2298.333333333334,1160.5511287441284
potato,3350.0,Chakdah APMC,West Bengal,1,26,2022-03-07,2241.6483516483513,1160.5511287441284
potato,3350.0,Chakdah APMC,West Bengal,1,26,2022-03-14,2304.0000000000005,1160.5511287441284
potato,3350.0,Chakdah APMC,West Bengal,1,26,2022-03-21,2388.395061728395,1160.5511287441284
potato,3350.0,Chakdah APMC,West Bengal,1,26,2022-03-28,2354.794520547945,1160.5511287441284
potato,3350.0,Chakdah APMC,West Bengal,1,26,2022-04-04,2345.6842105263154,1160.5511287441284
potato,3350.0,Chakdah APMC,West Bengal,1,26,2022-04-11,2360.0000000000005,1160.5511287441284
potato,3350.0,Chakdah APMC,West Bengal,1,26,2022-04-18,2285.280898876404,1160.5511287441284
potato,3350.0,Chakdah APMC,West Bengal,1,26,2022-04-25,2186.4044943820227,1160.5511287441284
potato,3350.0,Chakdah APMC,West Bengal,1,26,2022-05-02,1845.3763440860212,1160.5511287441284
potato,3350.0,Chakdah APMC,West Bengal,1,26,2022-05-09,1512.4489795918364,1160.5511287441284
potato,3350.0,Chakdah APMC,West Bengal,1,26,2022-05-16,1456.5168539325846,1160.5511287441284
potato,3350.0,Chakdah APMC,West Bengal,1,26,2022-05-23,1437.6344086021502,1160.5511287441284
potato,3350.0,Chakdah APMC,West Bengal,1,26,2022-05-30,1363.1914893617018,1160.5511287441284
potato,3350.0,Chakdah APMC,West Bengal,1,26,2022-06-06,1283.6734693877547,1160.5511287441284
potato,3350.0,Chakdah APMC,West Bengal,1,26,2022-06-13,1088.9361702127655,1160.5511287441284
potato,3350.0,Chakdah APMC,West Bengal,1,26,2022-06-20,1052.9670329670332,1160.5511287441284
potato,3350.0,Chakdah APMC,West Bengal,1,26,2022-06-27,976.2376237623762,1160.5511287441284
potato,3350.0,Chakdah APMC,West Bengal,1,26,2022-07-04,948.0645161290323,1160.5511287441284
potato,3350.0,Chakdah APMC,West Bengal,1,26,2022-07-11,933.4579439252336,1160.5511287441284
potato,3350.0,Chakdah APMC,West Bengal,1,26,2022-07-18,840.9782608695655,1160.5511287441284
potato,3350.0,Chakdah APMC,West Bengal,1,26,2022-07-25,790.0000000000003,1160.5511287441284
potato,3350.0,Chakdah APMC,West Bengal,1,26,2022-08-01,699.5000000000002,1160.5511287441284
potato,3350.0,Chakdah APMC,West Bengal,1,26,2022-08-08,746.4835164835165,1118.919019408302
potato,3350.0,Chakdah APMC,West Bengal,1,26,2022-08-15,740.229885057471,1118.919019408302
potato,3350.0,Chakdah APMC,West Bengal,1,26,2022-08-22,716.739130434783,1118.919019408302
potato,3350.0,Chakdah APMC,West Bengal,1,26,2022-08-29,708.9887640449435,1118.919019408302
potato,3350.0,Chakdah APMC,West Bengal,1,26,2022-09-05,808.2539682539683,1118.919019408302
potato,3350.0,Chakdah APMC,West Bengal,1,26,2022-09-12,1054.1269841269839,1118.919019408302
potato,3350.0,Chakdah APMC,West Bengal,1,26,2022-09-19,1164.4615384615383,1118.919019408302
potato,3350.0,Chakdah APMC,West Bengal,1,26,2022-09-26,1200.0,1118.919019408302
potato,3350.0,Chakdah APMC,West Bengal,1,26,2022-10-03,1268.6666666666672,1118.919019408302
potato,3350.0,Chakdah APMC,West Bengal,1,26,2022-10-10,1519.7777777777774,1118.919019408302
potato,3350.0,Chakdah APMC,West Bengal,1,26,2022-10-17,1486.296296296296,1160.5511287441284
potato,3350.0,Chakdah APMC,West Bengal,1,26,2022-10-24,1589.1803278688521,1160.5511287441284
potato,3350.0,Chakdah APMC,West Bengal,1,26,2022-10-31,1561.5873015873021,1160.5511287441284
potato,3350.0,Chakdah APMC,West Bengal,1,26,2022-11-07,1528.767123287672,1160.5511287441284
potato,3350.0,Chakdah APMC,West Bengal,1,26,2022-11-14,1488.0281690140848,1160.5511287441284
potato,3350.0,Chakdah APMC,West Bengal,1,26,2022-11-21,1471.4942528735635,1160.5511287441284
potato,3350.0,Chakdah APMC,West Bengal,1,26,2022-11-28,1481.6091954022993,1160.5511287441284
potato,3350.0,Chakdah APMC,West Bengal,1,26,2022-12-05,1468.3908045977016,1006.3473080842925
potato,3350.0,Chakdah APMC,West Bengal,1,26,2022-12-12,1516.6250000000002,1006.3473080842925
potato,3350.0,Chakdah APMC,West Bengal,1,26,2022-12-19,1550.0000000000005,1006.3473080842925
potato,3350.0,Chakdah APMC,West Bengal,1,26,2022-12-26,1562.4999999999998,1006.3473080842925
potato,3350.0,Chakdah APMC,West Bengal,2,1,2023-01-02,933.4579439252336,932.2224766114114
potato,3350.0,Chakdah APMC,West Bengal,2,1,2023-01-09,840.9782608695655,819.2336358664023
potato,3350.0,Chakdah APMC,West Bengal,2,1,2023-01-16,790.0000000000003,815.0002690930779
potato,3350.0,Chakdah APMC,West Bengal,2,1,2023-01-23,699.5000000000002,724.9071216157618
potato,3350.0,Chakdah APMC,West Bengal,2,1,2023-01-30,746.4835164835165,703.5121179791905
potato,3350.0,Chakdah APMC,West Bengal,2,1,2023-02-06,740.229885057471,669.2964130849865
potato,3350.0,Chakdah APMC,West Bengal,2,1,2023-02-13,716.739130434783,709.4431432361148
potato,3350.0,Chakdah APMC,West Bengal,2,1,2023-02-20,708.9887640449435,734.0519057736858
potato,3350.0,Chakdah APMC,West Bengal,2,1,2023-02-27,808.2539682539683,773.7087799780708
potato,3350.0,Chakdah APMC,West Bengal,2,1,2023-03-06,1054.1269841269839,800.5517931468156
potato,3350.0,Chakdah APMC,West Bengal,2,1,2023-03-13,1164.4615384615383,831.5725201631868
potato,3350.0,Chakdah APMC,West Bengal,2,1,2023-03-20,1200.0,1063.5347303583835
potato,3350.0,Chakdah APMC,West Bengal,2,1,2023-03-27,1268.6666666666672,1118.9007474606162
potato,3350.0,Chakdah APMC,West Bengal,2,1,2023-04-03,1519.7777777777774,1275.9640419064444
potato,3350.0,Chakdah APMC,West Bengal,2,1,2023-04-10,1486.296296296296,1310.9447744740069
potato,3350.0,Chakdah APMC,West Bengal,2,1,2023-04-17,1589.1803278688521,1416.6381248993825
potato,3350.0,Chakdah APMC,West Bengal,2,1,2023-04-24,1561.5873015873021,1403.8508538980782
potato,3350.0,Chakdah APMC,West Bengal,2,1,2023-05-01,1528.767123287672,1408.4925849857566
potato,3350.0,Chakdah APMC,West Bengal,2,1,2023-05-08,1488.0281690140848,1394.5678382472927
potato,3350.0,Chakdah APMC,West Bengal,2,1,2023-05-15,1471.4942528735635,1415.2076818492149
potato,3350.0,Chakdah APMC,West Bengal,2,1,2023-05-22,1481.6091954022993,1425.195469301859
potato,3350.0,Chakdah APMC,West Bengal,2,1,2023-05-29,1468.3908045977016,1436.1406575578594
potato,3350.0,Chakdah APMC,West Bengal,2,1,2023-06-05,1516.6250000000002,1466.906811103292
potato,3350.0,Chakdah APMC,West Bengal,2,1,2023-06-12,1550.0000000000005,1468.2525595977656
potato,3350.0,Chakdah APMC,West Bengal,2,1,2023-06-19,1562.4999999999998,1481.6260295264815
potato,3350.0,Chakdah APMC,West Bengal,2,1,2023-06-26,1640.9589041095896,1442.6647683306746
potato,3350.0,Chakdah APMC,West Bengal,2,1,2023-07-03,1596.0000000000002,1439.4292108601317
potato,3350.0,Chakdah APMC,West Bengal,2,1,2023-07-10,1673.809523809524,1421.1233357067626
potato,3350.0,Chakdah APMC,West Bengal,2,1,2023-07-17,1638.1395348837216,1452.0856003223219
potato,3350.0,Chakdah APMC,West Bengal,2,1,2023-07-24,1616.3636363636367,1452.0856003223219
potato,3350.0,Chakdah APMC,West Bengal,2,1,2023-07-31,1608.2142857142858,1446.5949283605964
potato,3350.0,Chakdah APMC,West Bengal,2,1,2023-08-07,1585.5952380952376,1453.849476563508
potato,3350.0,Chakdah APMC,West Bengal,2,1,2023-08-14,1558.2758620689651,1453.849476563508
potato,3350.0,Chakdah APMC,West Bengal,2,1,2023-08-21,1508.522727272727,1453.849476563508
potato,3350.0,Chakdah APMC,West Bengal,2,1,2023-08-28,1470.3157894736846,1480.885798742277
potato,3350.0,Chakdah APMC,West Bengal,2,1,2023-09-04,1463.1868131868127,1441.1730574780336
potato,3350.0,Chakdah APMC,West Bengal,2,1,2023-09-11,1456.629213483146,1423.4997840605529
potato,3350.0,Chakdah APMC,West Bengal,2,1,2023-09-18,1518.8235294117646,1396.880166047481
potato,3350.0,Chakdah APMC,West Bengal,2,1,2023-09-25,1586.7415730337075,1379.1909200201212
potato,3350.0,Chakdah APMC,West Bengal,2,1,2023-10-02,1599.9999999999995,1381.3059642089431
potato,3350.0,Chakdah APMC,West Bengal,2,1,2023-10-09,1593.5632183908046,1390.8109655537198
potato,3350.0,Chakdah APMC,West Bengal,2,1,2023-10-16,1576.6292134831456,1420.2503777105262
potato,3350.0,Chakdah APMC,West Bengal,2,1,2023-10-23,1560.0000000000005,1405.907196245095
potato,3350.0,Chakdah APMC,West Bengal,2,1,2023-10-30,1448.411214953271,1450.5177999537473
potato,3350.0,Chakdah APMC,West Bengal,2,1,2023-11-06,1488.9743589743582,1463.5481601108597
potato,3350.0,Chakdah APMC,West Bengal,2,1,2023-11-13,1519.9999999999995,1411.289080790123
potato,3350.0,Chakdah APMC,West Bengal,2,1,2023-11-20,1503.2608695652168,1399.9812172615807
potato,3350.0,Chakdah APMC,West Bengal,2,1,2023-11-27,1620.0000000000002,1412.733265952837
potato,3350.0,Chakdah APMC,West Bengal,2,1,2023-12-04,1606.8965517241381,1351.6804298459106
potato,3350.0,Chakdah APMC,West Bengal,2,1,2023-12-11,1444.468085106383,1337.2518878427054
potato,3350.0,Chakdah APMC,West Bengal,2,1,2023-12-18,1248.9361702127665,1351.6804298459106
potato,3350.0,Chakdah APMC,West Bengal,2,1,2023-12-25,1329.2307692307688,1315.5434711009802
potato,3350.0,Chakdah APMC,West Bengal,2,4,2023-01-02,699.5000000000002,929.5177676758125
potato,3350.0,Chakdah APMC,West Bengal,2,4,2023-01-09,746.4835164835165,929.5177676758125
potato,3350.0,Chakdah APMC,West Bengal,2,4,2023-01-16,740.229885057471,890.4735246781489
potato,3350.0,Chakdah APMC,West Bengal,2,4,2023-01-23,716.739130434783,814.4868711963966
potato,3350.0,Chakdah APMC,West Bengal,2,4,2023-01-30,708.9887640449435,701.7616338801431
potato,3350.0,Chakdah APMC,West Bengal,2,4,2023-02-06,808.2539682539683,745.228908683803
potato,3350.0,Chakdah APMC,West Bengal,2,4,2023-02-13,1054.1269841269839,824.9031654418263
potato,3350.0,Chakdah APMC,West Bengal,2,4,2023-02-20,1164.4615384615383,884.7046800306446
potato,3350.0,Chakdah APMC,West Bengal,2,4,2023-02-27,1200.0,949.078448537438
potato,3350.0,Chakdah APMC,West Bengal,2,4,2023-03-06,1268.6666666666672,966.1929414367537
potato,3350.0,Chakdah APMC,West Bengal,2,4,2023-03-13,1519.7777777777774,990.0113772628999
potato,3350.0,Chakdah APMC,West Bengal,2,4,2023-03-20,1486.296296296296,1128.7940242168254
potato,3350.0,Chakdah APMC,West Bengal,2,4,2023-03-27,1589.1803278688521,1187.940193807772
potato,3350.0,Chakdah APMC,West Bengal,2,4,2023-04-03,1561.5873015873021,1506.090393515754
potato,3350.0,Chakdah APMC,West Bengal,2,4,2023-04-10,1528.767123287672,1459.0166266746514
potato,3350.0,Chakdah APMC,West Bengal,2,4,2023-04-17,1488.0281690140848,1567.04723250586
potato,3350.0,Chakdah APMC,West Bengal,2,4,2023-04-24,1471.4942528735635,1511.155719350351
potato,3350.0,Chakdah APMC,West Bengal,2,4,2023-05-01,1481.6091954022993,1394.4585440890144
potato,3350.0,Chakdah APMC,West Bengal,2,4,2023-05-08,1468.3908045977016,1522.5860844267552
potato,3350.0,Chakdah APMC,West Bengal,2,4,2023-05-15,1516.6250000000002,1538.6794504264014
potato,3350.0,Chakdah APMC,West Bengal,2,4,2023-05-22,1550.0000000000005,1554.5303812693082
potato,3350.0,Chakdah APMC,West Bengal,2,4,2023-05-29,1562.4999999999998,1360.80676735156
potato,3350.0,Chakdah APMC,West Bengal,2,4,2023-06-05,1640.9589041095896,1447.6495778784615
potato,3350.0,Chakdah APMC,West Bengal,2,4,2023-06-12,1596.0000000000002,1411.185685081928
potato,3350.0,Chakdah APMC,West Bengal,2,4,2023-06-19,1673.809523809524,1487.2323422109957
potato,3350.0,Chakdah APMC,West Bengal,2,4,2023-06-26,1638.1395348837216,1516.1908463248615
potato,3350.0,Chakdah APMC,West Bengal,2,4,2023-07-03,1616.3636363636367,1576.4485125253157
potato,3350.0,Chakdah APMC,West Bengal,2,4,2023-07-10,1608.2142857142858,1701.8041915260358
potato,3350.0,Chakdah APMC,West Bengal,2,4,2023-07-17,1585.5952380952376,1701.8041915260358
potato,3350.0,Chakdah APMC,West Bengal,2,4,2023-07-24,1558.2758620689651,1701.8041915260358
potato,3350.0,Chakdah APMC,West Bengal,2,4,2023-07-31,1508.522727272727,1701.8041915260358
potato,3350.0,Chakdah APMC,West Bengal,2,4,2023-08-07,1470.3157894736846,1701.8041915260358
potato,3350.0,Chakdah APMC,West Bengal,2,4,2023-08-14,1463.1868131868127,1701.8041915260358
potato,3350.0,Chakdah APMC,West Bengal,2,4,2023-08-21,1456.629213483146,1701.8041915260358
potato,3350.0,Chakdah APMC,West Bengal,2,4,2023-08-28,1518.8235294117646,1701.8041915260358
potato,3350.0,Chakdah APMC,West Bengal,2,4,2023-09-04,1586.7415730337075,1732.7349721490514
potato,3350.0,Chakdah APMC,West Bengal,2,4,2023-09-11,1599.9999999999995,1546.5050756145909
potato,3350.0,Chakdah APMC,West Bengal,2,4,2023-09-18,1593.5632183908046,1501.3473434388459
potato,3350.0,Chakdah APMC,West Bengal,2,4,2023-09-25,1576.6292134831456,1505.915199596442
potato,3350.0,Chakdah APMC,West Bengal,2,4,2023-10-02,1560.0000000000005,1562.542102309067
potato,3350.0,Chakdah APMC,West Bengal,2,4,2023-10-09,1448.411214953271,1580.8616895113696
potato,3350.0,Chakdah APMC,West Bengal,2,4,2023-10-16,1488.9743589743582,1646.9568130906239
potato,3350.0,Chakdah APMC,West Bengal,2,4,2023-10-23,1519.9999999999995,1672.9924651769297
potato,3350.0,Chakdah APMC,West Bengal,2,4,2023-10-30,1503.2608695652168,1603.449071229091
potato,3350.0,Chakdah APMC,West Bengal,2,4,2023-11-06,1620.0000000000002,1439.8862216735417
potato,3350.0,Chakdah APMC,West Bengal,2,4,2023-11-13,1606.8965517241381,1427.2940892752717
potato,3350.0,Chakdah APMC,West Bengal,2,4,2023-11-20,1444.468085106383,1377.4696479591046
potato,3350.0,Chakdah APMC,West Bengal,2,4,2023-11-27,1248.9361702127665,1339.705828683338
potato,3350.0,Chakdah APMC,West Bengal,2,4,2023-12-04,1329.2307692307688,1304.1971878297331
potato,3350.0,Chakdah APMC,West Bengal,2,4,2023-12-11,1135.3846153846162,1160.676165820953
potato,3350.0,Chakdah APMC,West Bengal,2,4,2023-12-18,1065.5384615384612,1350.1413843178236
potato,3350.0,Chakdah APMC,West Bengal,2,4,2023-12-25,1066.7605633802818,1186.0782315838399
potato,3350.0,Chakdah APMC,West Bengal,2,13,2023-01-02,1268.6666666666672,1814.6234688977854
potato,3350.0,Chakdah APMC,West Bengal,2,13,2023-01-09,1519.7777777777774,1846.4629934312757
potato,3350.0,Chakdah APMC,West Bengal,2,13,2023-01-16,1486.296296296296,1923.1759650455494
potato,3350.0,Chakdah APMC,West Bengal,2,13,2023-01-23,1589.1803278688521,1765.4338966163862
potato,3350.0,Chakdah APMC,West Bengal,2,13,2023-01-30,1561.5873015873021,1733.2844278730963
potato,3350.0,Chakdah APMC,West Bengal,2,13,2023-02-06,1528.767123287672,1530.7458840612912
potato,3350.0,Chakdah APMC,West Bengal,2,13,2023-02-13,1488.0281690140848,1543.8669140186353
potato,3350.0,Chakdah APMC,West Bengal,2,13,2023-02-20,1471.4942528735635,1458.0793971329383
potato,3350.0,Chakdah APMC,West Bengal,2,13,2023-02-27,1481.6091954022993,1458.0793971329383
potato,3350.0,Chakdah APMC,West Bengal,2,13,2023-03-06,1468.3908045977016,1458.0793971329383
potato,3350.0,Chakdah APMC,West Bengal,2,13,2023-03-13,1516.6250000000002,1458.0793971329383
potato,3350.0,Chakdah APMC,West Bengal,2,13,2023-03-20,1550.0000000000005,1448.913777224862
potato,3350.0,Chakdah APMC,West Bengal,2,13,2023-03-27,1562.4999999999998,1448.913777224862
potato,3350.0,Chakdah APMC,West Bengal,2,13,2023-04-03,1640.9589041095896,1440.3893824307106
potato,3350.0,Chakdah APMC,West Bengal,2,13,2023-04-10,1596.0000000000002,1409.2812247792715
potato,3350.0,Chakdah APMC,West Bengal,2,13,2023-04-17,1673.809523809524,1409.2812247792715
potato,3350.0,Chakdah APMC,West Bengal,2,13,2023-04-24,1638.1395348837216,1424.5572925126014
potato,3350.0,Chakdah APMC,West Bengal,2,13,2023-05-01,1616.3636363636367,1480.6122068403488
potato,3350.0,Chakdah APMC,West Bengal,2,13,2023-05-08,1608.2142857142858,1480.6122068403488
potato,3350.0,Chakdah APMC,West Bengal,2,13,2023-05-15,1585.5952380952376,1480.6122068403488
potato,3350.0,Chakdah APMC,West Bengal,2,13,2023-05-22,1558.2758620689651,1480.6122068403488
potato,3350.0,Chakdah APMC,West Bengal,2,13,2023-05-29,1508.522727272727,1489.6424054353845
potato,3350.0,Chakdah APMC,West Bengal,2,13,2023-06-05,1470.3157894736846,1564.0815531543697
potato,3350.0,Chakdah APMC,West Bengal,2,13,2023-06-12,1463.1868131868127,1586.02665642507
potato,3350.0,Chakdah APMC,West Bengal,2,13,2023-06-19,1456.629213483146,1621.0334866640771
potato,3350.0,Chakdah APMC,West Bengal,2,13,2023-06-26,1518.8235294117646,1621.0334866640771
potato,3350.0,Chakdah APMC,West Bengal,2,13,2023-07-03,1586.7415730337075,1621.0334866640771
potato,3350.0,Chakdah APMC,West Bengal,2,13,2023-07-10,1599.9999999999995,1621.0334866640771
potato,3350.0,Chakdah APMC,West Bengal,2,13,2023-07-17,1593.5632183908046,1628.9292346899613
potato,3350.0,Chakdah APMC,West Bengal,2,13,2023-07-24,1576.6292134831456,1628.9292346899613
potato,3350.0,Chakdah APMC,West Bengal,2,13,2023-07-31,1560.0000000000005,1619.0552470511848
potato,3350.0,Chakdah APMC,West Bengal,2,13,2023-08-07,1448.411214953271,1619.0552470511848
potato,3350.0,Chakdah APMC,West Bengal,2,13,2023-08-14,1488.9743589743582,1619.0552470511848
potato,3350.0,Chakdah APMC,West Bengal,2,13,2023-08-21,1519.9999999999995,1619.0552470511848
potato,3350.0,Chakdah APMC,West Bengal,2,13,2023-08-28,1503.2608695652168,1619.0552470511848
potato,3350.0,Chakdah APMC,West Bengal,2,13,2023-09-04,1620.0000000000002,1614.527688431359
potato,3350.0,Chakdah APMC,West Bengal,2,13,2023-09-11,1606.8965517241381,1606.7017047719398
potato,3350.0,Chakdah APMC,West Bengal,2,13,2023-09-18,1444.468085106383,1596.9623698229734
potato,3350.0,Chakdah APMC,West Bengal,2,13,2023-09-25,1248.9361702127665,1576.4786877739105
potato,3350.0,Chakdah APMC,West Bengal,2,13,2023-10-02,1329.2307692307688,1576.4786877739105
potato,3350.0,Chakdah APMC,West Bengal,2,13,2023-10-09,1135.3846153846162,1523.7956941842224
potato,3350.0,Chakdah APMC,West Bengal,2,13,2023-10-16,1065.5384615384612,1523.7956941842224
potato,3350.0,Chakdah APMC,West Bengal,2,13,2023-10-23,1066.7605633802818,1338.8526036030407
potato,3350.0,Chakdah APMC,West Bengal,2,13,2023-10-30,1114.6564885496189,1338.8526036030407
potato,3350.0,Chakdah APMC,West Bengal,2,13,2023-11-06,1105.4464285714287,1338.8526036030407
potato,3350.0,Chakdah APMC,West Bengal,2,13,2023-11-13,1116.7692307692303,1338.8526036030407
potato,3350.0,Chakdah APMC,West Bengal,2,13,2023-11-20,1129.1780821917805,1523.7956941842224
potato,3350.0,Chakdah APMC,West Bengal,2,13,2023-11-27,1190.3471074380168,1582.6629320357213
potato,3350.0,Chakdah APMC,West Bengal,2,13,2023-12-04,1338.7272727272723,1573.069222148136
potato,3350.0,Chakdah APMC,West Bengal,2,13,2023-12-11,1533.4161490683227,1573.069222148136
potato,3350.0,Chakdah APMC,West Bengal,2,13,2023-12-18,1738.0710659898475,1573.069222148136
potato,3350.0,Chakdah APMC,West Bengal,2,13,2023-12-25,1687.9999999999993,1720.5732164734325
potato,3350.0,Chakdah APMC,West Bengal,2,26,2023-01-02,1640.9589041095896,1103.753418927653
potato,3350.0,Chakdah APMC,West Bengal,2,26,2023-01-09,1596.0000000000002,1097.8685172306273
potato,3350.0,Chakdah APMC,West Bengal,2,26,2023-01-16,1673.809523809524,1064.3132635867835
potato,3350.0,Chakdah APMC,West Bengal,2,26,2023-01-23,1638.1395348837216,1060.9919602528057
potato,3350.0,Chakdah APMC,West Bengal,2,26,2023-01-30,1616.3636363636367,1092.619705623464
potato,3350.0,Chakdah APMC,West Bengal,2,26,2023-02-06,1608.2142857142858,1014.4668328174424
potato,3350.0,Chakdah APMC,West Bengal,2,26,2023-02-13,1585.5952380952376,1051.618261111769
potato,3350.0,Chakdah APMC,West Bengal,2,26,2023-02-20,1558.2758620689651,1044.1549181902246
potato,3350.0,Chakdah APMC,West Bengal,2,26,2023-02-27,1508.522727272727,1037.9374994961306
potato,3350.0,Chakdah APMC,West Bengal,2,26,2023-03-06,1470.3157894736846,972.4304247946274
potato,3350.0,Chakdah APMC,West Bengal,2,26,2023-03-13,1463.1868131868127,979.3684616023459
potato,3350.0,Chakdah APMC,West Bengal,2,26,2023-03-20,1456.629213483146,1026.6505827010005
potato,3350.0,Chakdah APMC,West Bengal,2,26,2023-03-27,1518.8235294117646,1061.8221800070664
potato,3350.0,Chakdah APMC,West Bengal,2,26,2023-04-03,1586.7415730337075,1003.1858961523615
potato,3350.0,Chakdah APMC,West Bengal,2,26,2023-04-10,1599.9999999999995,1018.5421029681546
potato,3350.0,Chakdah APMC,West Bengal,2,26,2023-04-17,1593.5632183908046,1055.5541963700966
potato,3350.0,Chakdah APMC,West Bengal,2,26,2023-04-24,1576.6292134831456,1081.403718779004
potato,3350.0,Chakdah APMC,West Bengal,2,26,2023-05-01,1560.0000000000005,1027.4164877632668
potato,3350.0,Chakdah APMC,West Bengal,2,26,2023-05-08,1448.411214953271,981.1284321157533
potato,3350.0,Chakdah APMC,West Bengal,2,26,2023-05-15,1488.9743589743582,969.7787383065959
potato,3350.0,Chakdah APMC,West Bengal,2,26,2023-05-22,1519.9999999999995,967.1602360895721
potato,3350.0,Chakdah APMC,West Bengal,2,26,2023-05-29,1503.2608695652168,1028.5926087797666
potato,3350.0,Chakdah APMC,West Bengal,2,26,2023-06-05,1620.0000000000002,972.8387901359256
potato,3350.0,Chakdah APMC,West Bengal,2,26,2023-06-12,1606.8965517241381,959.7773539621875
potato,3350.0,Chakdah APMC,West Bengal,2,26,2023-06-19,1444.468085106383,917.4315998881679
potato,3350.0,Chakdah APMC,West Bengal,2,26,2023-06-26,1248.9361702127665,898.8570126804864
potato,3350.0,Chakdah APMC,West Bengal,2,26,2023-07-03,1329.2307692307688,977.6999659743143
potato,3350.0,Chakdah APMC,West Bengal,2,26,2023-07-10,1135.3846153846162,990.0070599900272
potato,3350.0,Chakdah APMC,West Bengal,2,26,2023-07-17,1065.5384615384612,970.4111054080436
potato,3350.0,Chakdah APMC,West Bengal,2,26,2023-07-24,1066.7605633802818,895.0249401794312
potato,3350.0,Chakdah APMC,West Bengal,2,26,2023-07-31,1114.6564885496189,831.1554478153946
potato,3350.0,Chakdah APMC,West Bengal,2,26,2023-08-07,1105.4464285714287,858.6946552926079
potato,3350.0,Chakdah APMC,West Bengal,2,26,2023-08-14,1116.7692307692303,943.9791084336305
potato,3350.0,Chakdah APMC,West Bengal,2,26,2023-08-21,1129.1780821917805,821.4867564042278
potato,3350.0,Chakdah APMC,West Bengal,2,26,2023-08-28,1190.3471074380168,859.1758753600361
potato,3350.0,Chakdah APMC,West Bengal,2,26,2023-09-04,1338.7272727272723,955.5151865018368
potato,3350.0,Chakdah APMC,West Bengal,2,26,2023-09-11,1533.4161490683227,998.501110904899
potato,3350.0,Chakdah APMC,West Bengal,2,26,2023-09-18,1738.0710659898475,1049.1062790273868
potato,3350.0,Chakdah APMC,West Bengal,2,26,2023-09-25,1687.9999999999993,971.6279634602727
potato,3350.0,Chakdah APMC,West Bengal,2,26,2023-10-02,1537.6271186440677,1008.1793889132059
potato,3350.0,Chakdah APMC,West Bengal,2,26,2023-10-09,1691.1111111111109,1056.6400310894016
potato,3350.0,Chakdah APMC,West Bengal,2,26,2023-10-16,2101.752577319587,1052.6825331130947
potato,3350.0,Chakdah APMC,West Bengal,2,26,2023-10-23,2342.7652733118966,1052.4384147257288
potato,3350.0,Chakdah APMC,West Bengal,2,26,2023-10-30,2418.4615384615377,1094.2171251945022
potato,3350.0,Chakdah APMC,West Bengal,2,26,2023-11-06,2331.6783216783206,1139.443560643318
potato,3350.0,Chakdah APMC,West Bengal,2,26,2023-11-13,2348.0,1188.3899412195992
potato,3350.0,Chakdah APMC,West Bengal,2,26,2023-11-20,2358.4827586206893,1165.5061687465163
potato,3350.0,Chakdah APMC,West Bengal,2,26,2023-11-27,2389.7368421052633,1197.465691930757
potato,3350.0,Chakdah APMC,West Bengal,2,26,2023-12-04,2427.5172413793093,1185.1761166006502
potato,3350.0,Chakdah APMC,West Bengal,2,26,2023-12-11,2456.8707482993204,1116.1872726803206
potato,3350.0,Chakdah APMC,West Bengal,2,26,2023-12-18,2593.3002481389585,1119.681304489288
potato,3350.0,Chakdah APMC,West Bengal,2,26,2023-12-25,2763.515624999999,1096.6685544420548
potato,3350.0,Chakdah APMC,West Bengal,3,1,2024-01-01,1135.3846153846162,1184.1834710898695
potato,3350.0,Chakdah APMC,West Bengal,3,1,2024-01-08,1065.5384615384612,1182.654377685037
potato,3350.0,Chakdah APMC,West Bengal,3,1,2024-01-15,1066.7605633802818,1091.01193082046
potato,3350.0,Chakdah APMC,West Bengal,3,1,2024-01-22,1114.6564885496189,1134.1071833057122
potato,3350.0,Chakdah APMC,West Bengal,3,1,2024-01-29,1105.4464285714287,1173.8640906939222
potato,3350.0,Chakdah APMC,West Bengal,3,1,2024-02-05,1116.7692307692303,1135.4233705263773
potato,3350.0,Chakdah APMC,West Bengal,3,1,2024-02-12,1129.1780821917805,1242.193829009558
potato,3350.0,Chakdah APMC,West Bengal,3,1,2024-02-19,1190.3471074380168,1197.3052629980482
potato,3350.0,Chakdah APMC,West Bengal,3,1,2024-02-26,1338.7272727272723,1218.6468830458318
potato,3350.0,Chakdah APMC,West Bengal,3,1,2024-03-04,1533.4161490683227,1382.421648036609
potato,3350.0,Chakdah APMC,West Bengal,3,1,2024-03-11,1738.0710659898475,1520.3262256683665
potato,3350.0,Chakdah APMC,West Bengal,3,1,2024-03-18,1687.9999999999993,1453.4348978780142
potato,3350.0,Chakdah APMC,West Bengal,3,1,2024-03-25,1537.6271186440677,1656.3929395661892
potato,3350.0,Chakdah APMC,West Bengal,3,1,2024-04-01,1691.1111111111109,1600.6905934262547
potato,3350.0,Chakdah APMC,West Bengal,3,1,2024-04-08,2101.752577319587,1719.999748728863
potato,3350.0,Chakdah APMC,West Bengal,3,1,2024-04-15,2342.7652733118966,1744.4166855626631
potato,3350.0,Chakdah APMC,West Bengal,3,1,2024-04-22,2418.4615384615377,2018.039973949264
potato,3350.0,Chakdah APMC,West Bengal,3,1,2024-04-29,2331.6783216783206,2284.7161962716527
potato,3350.0,Chakdah APMC,West Bengal,3,1,2024-05-06,2348.0,2410.1057576378894
potato,3350.0,Chakdah APMC,West Bengal,3,1,2024-05-13,2358.4827586206893,2371.4037982735267
potato,3350.0,Chakdah APMC,West Bengal,3,1,2024-05-20,2389.7368421052633,2357.847369109093
potato,3350.0,Chakdah APMC,West Bengal,3,1,2024-05-27,2427.5172413793093,2311.904739755345
potato,3350.0,Chakdah APMC,West Bengal,3,1,2024-06-03,2456.8707482993204,2436.845671635757
potato,3350.0,Chakdah APMC,West Bengal,3,1,2024-06-10,2593.3002481389585,2448.940596700133
potato,3350.0,Chakdah APMC,West Bengal,3,1,2024-06-17,2763.515624999999,2439.153233115846
potato,3350.0,Chakdah APMC,West Bengal,3,1,2024-06-24,2835.102040816327,2469.22153212004
potato,3350.0,Chakdah APMC,West Bengal,3,1,2024-07-01,2824.242957746479,2474.138332131302
potato,3350.0,Chakdah APMC,West Bengal,3,1,2024-07-08,2726.9127516778526,2494.896233050336
potato,3350.0,Chakdah APMC,West Bengal,3,1,2024-07-15,2882.3776223776226,2426.533153685926
potato,3350.0,Chakdah APMC,West Bengal,3,1,2024-07-22,2689.191797346199,2402.9091323645766
potato,3350.0,Chakdah APMC,West Bengal,3,1,2024-07-29,2602.7027027027016,2341.602960960549
potato,3350.0,Chakdah APMC,West Bengal,3,1,2024-08-05,2571.789473684211,2370.2714147300244
potato,3350.0,Chakdah APMC,West Bengal,3,1,2024-08-12,2639.7196261682243,2400.9635917639584
potato,3350.0,Chakdah APMC,West Bengal,3,1,2024-08-19,2555.760869565216,2400.825060940763
potato,3350.0,Chakdah APMC,West Bengal,3,1,2024-08-26,2486.3681592039793,2355.736059419453
potato,3350.0,Chakdah APMC,West Bengal,3,1,2024-09-02,2446.4676616915417,2373.097600222063
potato,3350.0,Chakdah APMC,West Bengal,3,1,2024-09-09,2546.8421052631575,2392.0338100063736
potato,3350.0,Chakdah APMC,West Bengal,3,1,2024-09-16,2657.5510204081634,2378.184531121881
potato,3350.0,Chakdah APMC,West Bengal,3,1,2024-09-23,2609.702970297029,2465.4849149782153
potato,3350.0,Chakdah APMC,West Bengal,3,1,2024-09-30,2708.076923076923,2451.5084281776067
potato,3350.0,Chakdah APMC,West Bengal,3,1,2024-10-07,2709.0256410256407,2463.858075289834
potato,3350.0,Chakdah APMC,West Bengal,3,1,2024-10-14,2722.2549019607836,2490.811590185158
potato,3350.0,Chakdah APMC,West Bengal,3,1,2024-10-21,2800.3827751196172,2431.568501576658
potato,3350.0,Chakdah APMC,West Bengal,3,1,2024-10-28,2758.313953488372,2455.5162064127676
potato,3350.0,Chakdah APMC,West Bengal,3,1,2024-11-04,2740.0000000000005,2448.0487886387527
potato,3350.0,Chakdah APMC,West Bengal,3,1,2024-11-11,2726.274509803921,2322.917760051719
potato,3350.0,Chakdah APMC,West Bengal,3,1,2024-11-18,2710.2439024390233,2291.000254697605
potato,3350.0,Chakdah APMC,West Bengal,3,1,2024-11-25,2810.9589041095896,2325.7517350441844
potato,3350.0,Chakdah APMC,West Bengal,3,1,2024-12-02,2717.3529411764707,2298.9705988069672
potato,3350.0,Chakdah APMC,West Bengal,3,1,2024-12-09,2474.199134199135,2080.035832914691
potato,3350.0,Chakdah APMC,West Bengal,3,1,2024-12-16,2194.0044742729306,2126.0764823152986
potato,3350.0,Chakdah APMC,West Bengal,3,1,2024-12-23,2143.4782608695646,2155.567142820216
potato,3350.0,Chakdah APMC,West Bengal,3,1,2024-12-30,1916.0000000000002,1766.7145773648429
potato,3350.0,Chakdah APMC,West Bengal,3,4,2024-01-01,1114.6564885496189,1073.1630749106573
potato,3350.0,Chakdah APMC,West Bengal,3,4,2024-01-08,1105.4464285714287,1070.5769582317314
potato,3350.0,Chakdah APMC,West Bengal,3,4,2024-01-15,1116.7692307692303,1147.9863044933377
potato,3350.0,Chakdah APMC,West Bengal,3,4,2024-01-22,1129.1780821917805,1139.3936252080107
potato,3350.0,Chakdah APMC,West Bengal,3,4,2024-01-29,1190.3471074380168,1257.1613727164663
potato,3350.0,Chakdah APMC,West Bengal,3,4,2024-02-05,1338.7272727272723,1302.7064295046578
potato,3350.0,Chakdah APMC,West Bengal,3,4,2024-02-12,1533.4161490683227,1348.3976481367251
potato,3350.0,Chakdah APMC,West Bengal,3,4,2024-02-19,1738.0710659898475,1316.5244596179118
potato,3350.0,Chakdah APMC,West Bengal,3,4,2024-02-26,1687.9999999999993,1256.2155549279478
potato,3350.0,Chakdah APMC,West Bengal,3,4,2024-03-04,1537.6271186440677,1306.9887640427314
potato,3350.0,Chakdah APMC,West Bengal,3,4,2024-03-11,1691.1111111111109,1450.6495993958727
potato,3350.0,Chakdah APMC,West Bengal,3,4,2024-03-18,2101.752577319587,1373.6500184751847
potato,3350.0,Chakdah APMC,West Bengal,3,4,2024-03-25,2342.7652733118966,1619.1909121028766
potato,3350.0,Chakdah APMC,West Bengal,3,4,2024-04-01,2418.4615384615377,1575.5253759954671
potato,3350.0,Chakdah APMC,West Bengal,3,4,2024-04-08,2331.6783216783206,1620.8141338266403
potato,3350.0,Chakdah APMC,West Bengal,3,4,2024-04-15,2348.0,1641.9468191940132
potato,3350.0,Chakdah APMC,West Bengal,3,4,2024-04-22,2358.4827586206893,1827.1408407061724
potato,3350.0,Chakdah APMC,West Bengal,3,4,2024-04-29,2389.7368421052633,2112.766520588499
potato,3350.0,Chakdah APMC,West Bengal,3,4,2024-05-06,2427.5172413793093,2130.1806952061393
potato,3350.0,Chakdah APMC,West Bengal,3,4,2024-05-13,2456.8707482993204,2175.634764962583
potato,3350.0,Chakdah APMC,West Bengal,3,4,2024-05-20,2593.3002481389585,2172.3181774420596
potato,3350.0,Chakdah APMC,West Bengal,3,4,2024-05-27,2763.515624999999,2197.8270687584136
potato,3350.0,Chakdah APMC,West Bengal,3,4,2024-06-03,2835.102040816327,2195.412420469038
potato,3350.0,Chakdah APMC,West Bengal,3,4,2024-06-10,2824.242957746479,2186.3297284784276
potato,3350.0,Chakdah APMC,West Bengal,3,4,2024-06-17,2726.9127516778526,2197.3103420053408
potato,3350.0,Chakdah APMC,West Bengal,3,4,2024-06-24,2882.3776223776226,2197.3103420053408
potato,3350.0,Chakdah APMC,West Bengal,3,4,2024-07-01,2689.191797346199,2094.426826042969
potato,3350.0,Chakdah APMC,West Bengal,3,4,2024-07-08,2602.7027027027016,2115.211325425044
potato,3350.0,Chakdah APMC,West Bengal,3,4,2024-07-15,2571.789473684211,2066.612658140262
potato,3350.0,Chakdah APMC,West Bengal,3,4,2024-07-22,2639.7196261682243,1979.354318762179
potato,3350.0,Chakdah APMC,West Bengal,3,4,2024-07-29,2555.760869565216,1928.6662610751305
potato,3350.0,Chakdah APMC,West Bengal,3,4,2024-08-05,2486.3681592039793,1965.261605964561
potato,3350.0,Chakdah APMC,West Bengal,3,4,2024-08-12,2446.4676616915417,2122.8948799231002
potato,3350.0,Chakdah APMC,West Bengal,3,4,2024-08-19,2546.8421052631575,1990.1637008484709
potato,3350.0,Chakdah APMC,West Bengal,3,4,2024-08-26,2657.5510204081634,2014.5409285800567
potato,3350.0,Chakdah APMC,West Bengal,3,4,2024-09-02,2609.702970297029,2104.094092958509
potato,3350.0,Chakdah APMC,West Bengal,3,4,2024-09-09,2708.076923076923,2099.733933554476
potato,3350.0,Chakdah APMC,West Bengal,3,4,2024-09-16,2709.0256410256407,2093.107944316201
potato,3350.0,Chakdah APMC,West Bengal,3,4,2024-09-23,2722.2549019607836,2004.791845614028
potato,3350.0,Chakdah APMC,West Bengal,3,4,2024-09-30,2800.3827751196172,2003.0541135179562
potato,3350.0,Chakdah APMC,West Bengal,3,4,2024-10-07,2758.313953488372,1952.13887399273
potato,3350.0,Chakdah APMC,West Bengal,3,4,2024-10-14,2740.0000000000005,1787.452912117826
potato,3350.0,Chakdah APMC,West Bengal,3,4,2024-10-21,2726.274509803921,1825.7026647973614
potato,3350.0,Chakdah APMC,West Bengal,3,4,2024-10-28,2710.2439024390233,1934.0954206100903
potato,3350.0,Chakdah APMC,West Bengal,3,4,2024-11-04,2810.9589041095896,1802.4939489551662
potato,3350.0,Chakdah APMC,West Bengal,3,4,2024-11-11,2717.3529411764707,1761.604252176513
potato,3350.0,Chakdah APMC,West Bengal,3,4,2024-11-18,2474.199134199135,1755.4988464944104
potato,3350.0,Chakdah APMC,West Bengal,3,4,2024-11-25,2194.0044742729306,1693.0846476558283
potato,3350.0,Chakdah APMC,West Bengal,3,4,2024-12-02,2143.4782608695646,1575.919438392295
potato,3350.0,Chakdah APMC,West Bengal,3,4,2024-12-09,1916.0000000000002,1479.0828861929251
potato,3350.0,Chakdah APMC,West Bengal,3,4,2024-12-16,1269.7709923664124,1483.2741263586788
potato,3350.0,Chakdah APMC,West Bengal,3,4,2024-12-23,1062.9197080291976,1431.8733538013512
potato,3350.0,Chakdah APMC,West Bengal,3,4,2024-12-30,1049.6629213483145,1196.1856443612414
potato,3350.0,Chakdah APMC,West Bengal,3,13,2024-01-01,1537.6271186440677,1675.6375771660094
potato,3350.0,Chakdah APMC,West Bengal,3,13,2024-01-08,1691.1111111111109,1694.9741968880683
potato,3350.0,Chakdah APMC,West Bengal,3,13,2024-01-15,2101.752577319587,1694.9741968880683
potato,3350.0,Chakdah APMC,West Bengal,3,13,2024-01-22,2342.7652733118966,1694.9741968880683
potato,3350.0,Chakdah APMC,West Bengal,3,13,2024-01-29,2418.4615384615377,1694.9741968880683
potato,3350.0,Chakdah APMC,West Bengal,3,13,2024-02-05,2331.6783216783206,1679.948609137772
potato,3350.0,Chakdah APMC,West Bengal,3,13,2024-02-12,2348.0,1616.262634214851
potato,3350.0,Chakdah APMC,West Bengal,3,13,2024-02-19,2358.4827586206893,1392.512872078012
potato,3350.0,Chakdah APMC,West Bengal,3,13,2024-02-26,2389.7368421052633,1364.444844977687
potato,3350.0,Chakdah APMC,West Bengal,3,13,2024-03-04,2427.5172413793093,1579.1820710966097
potato,3350.0,Chakdah APMC,West Bengal,3,13,2024-03-11,2456.8707482993204,1443.3773788021856
potato,3350.0,Chakdah APMC,West Bengal,3,13,2024-03-18,2593.3002481389585,1433.0915185986805
potato,3350.0,Chakdah APMC,West Bengal,3,13,2024-03-25,2763.515624999999,1459.0507034855332
potato,3350.0,Chakdah APMC,West Bengal,3,13,2024-04-01,2835.102040816327,1480.5193098353207
potato,3350.0,Chakdah APMC,West Bengal,3,13,2024-04-08,2824.242957746479,1453.3826493024808
potato,3350.0,Chakdah APMC,West Bengal,3,13,2024-04-15,2726.9127516778526,1476.4928977332654
potato,3350.0,Chakdah APMC,West Bengal,3,13,2024-04-22,2882.3776223776226,1580.6235579119798
potato,3350.0,Chakdah APMC,West Bengal,3,13,2024-04-29,2689.191797346199,1580.6235579119798
potato,3350.0,Chakdah APMC,West Bengal,3,13,2024-05-06,2602.7027027027016,1580.6235579119798
potato,3350.0,Chakdah APMC,West Bengal,3,13,2024-05-13,2571.789473684211,1573.2657801562787
potato,3350.0,Chakdah APMC,West Bengal,3,13,2024-05-20,2639.7196261682243,1576.3621515576106
potato,3350.0,Chakdah APMC,West Bengal,3,13,2024-05-27,2555.760869565216,1576.3621515576106
potato,3350.0,Chakdah APMC,West Bengal,3,13,2024-06-03,2486.3681592039793,1565.911339669383
potato,3350.0,Chakdah APMC,West Bengal,3,13,2024-06-10,2446.4676616915417,1547.7489760526341
potato,3350.0,Chakdah APMC,West Bengal,3,13,2024-06-17,2546.8421052631575,1538.2214081023758
potato,3350.0,Chakdah APMC,West Bengal,3,13,2024-06-24,2657.5510204081634,1538.2214081023758
potato,3350.0,Chakdah APMC,West Bengal,3,13,2024-07-01,2609.702970297029,1564.4041535384902
potato,3350.0,Chakdah APMC,West Bengal,3,13,2024-07-08,2708.076923076923,1562.8132380891634
potato,3350.0,Chakdah APMC,West Bengal,3,13,2024-07-15,2709.0256410256407,1539.8178288091794
potato,3350.0,Chakdah APMC,West Bengal,3,13,2024-07-22,2722.2549019607836,1300.9289680639033
potato,3350.0,Chakdah APMC,West Bengal,3,13,2024-07-29,2800.3827751196172,1141.873245416967
potato,3350.0,Chakdah APMC,West Bengal,3,13,2024-08-05,2758.313953488372,1257.3987201706489
potato,3350.0,Chakdah APMC,West Bengal,3,13,2024-08-12,2740.0000000000005,1218.9452045561077
potato,3350.0,Chakdah APMC,West Bengal,3,13,2024-08-19,2726.274509803921,1199.6654117710484
potato,3350.0,Chakdah APMC,West Bengal,3,13,2024-08-26,2710.2439024390233,1066.4353448577958
potato,3350.0,Chakdah APMC,West Bengal,3,13,2024-09-02,2810.9589041095896,1011.9955667526626
potato,3350.0,Chakdah APMC,West Bengal,3,13,2024-09-09,2717.3529411764707,906.6100272168196
potato,3350.0,Chakdah APMC,West Bengal,3,13,2024-09-16,2474.199134199135,906.6100272168196
potato,3350.0,Chakdah APMC,West Bengal,3,13,2024-09-23,2194.0044742729306,880.8100004222098
potato,3350.0,Chakdah APMC,West Bengal,3,13,2024-09-30,2143.4782608695646,880.8100004222098
potato,3350.0,Chakdah APMC,West Bengal,3,13,2024-10-07,1916.0000000000002,864.3276626628231
potato,3350.0,Chakdah APMC,West Bengal,3,13,2024-10-14,1269.7709923664124,845.481647341672
potato,3350.0,Chakdah APMC,West Bengal,3,13,2024-10-21,1062.9197080291976,908.3582571239119
potato,3350.0,Chakdah APMC,West Bengal,3,13,2024-10-28,1049.6629213483145,967.702652628145
potato,3350.0,Chakdah APMC,West Bengal,3,13,2024-11-04,950.0,967.702652628145
potato,3350.0,Chakdah APMC,West Bengal,3,13,2024-11-11,950.0,967.702652628145
potato,3350.0,Chakdah APMC,West Bengal,3,13,2024-11-18,916.2439024390249,915.0020957989341
potato,3350.0,Chakdah APMC,West Bengal,3,13,2024-11-25,1059.9999999999998,964.9178429930598
potato,3350.0,Chakdah APMC,West Bengal,3,13,2024-12-02,1104.065040650407,987.0762214634142
potato,3350.0,Chakdah APMC,West Bengal,3,13,2024-12-09,1135.5514705882354,1030.4309182412833
potato,3350.0,Chakdah APMC,West Bengal,3,13,2024-12-16,1182.4999999999998,1003.8957440636477
potato,3350.0,Chakdah APMC,West Bengal,3,13,2024-12-23,1195.6267605633807,1025.9218274003388
potato,3350.0,Chakdah APMC,West Bengal,3,13,2024-12-30,1266.9242424242423,1159.9179055734141
potato,3350.0,Chakdah APMC,West Bengal,3,26,2024-01-01,2835.102040816327,1208.467023920106
potato,3350.0,Chakdah APMC,West Bengal,3,26,2024-01-08,2824.242957746479,1208.467023920106
potato,3350.0,Chakdah APMC,West Bengal,3,26,2024-01-15,2726.9127516778526,1208.467023920106
potato,3350.0,Chakdah APMC,West Bengal,3,26,2024-01-22,2882.3776223776226,1208.467023920106
potato,3350.0,Chakdah APMC,West Bengal,3,26,2024-01-29,2689.191797346199,1208.467023920106
potato,3350.0,Chakdah APMC,West Bengal,3,26,2024-02-05,2602.7027027027016,1208.467023920106
potato,3350.0,Chakdah APMC,West Bengal,3,26,2024-02-12,2571.789473684211,1208.467023920106
potato,3350.0,Chakdah APMC,West Bengal,3,26,2024-02-19,2639.7196261682243,1208.467023920106
potato,3350.0,Chakdah APMC,West Bengal,3,26,2024-02-26,2555.760869565216,1208.467023920106
potato,3350.0,Chakdah APMC,West Bengal,3,26,2024-03-04,2486.3681592039793,1208.467023920106
potato,3350.0,Chakdah APMC,West Bengal,3,26,2024-03-11,2446.4676616915417,1208.467023920106
potato,3350.0,Chakdah APMC,West Bengal,3,26,2024-03-18,2546.8421052631575,1208.467023920106
potato,3350.0,Chakdah APMC,West Bengal,3,26,2024-03-25,2657.5510204081634,1208.467023920106
potato,3350.0,Chakdah APMC,West Bengal,3,26,2024-04-01,2609.702970297029,1208.467023920106
potato,3350.0,Chakdah APMC,West Bengal,3,26,2024-04-08,2708.076923076923,1208.467023920106
potato,3350.0,Chakdah APMC,West Bengal,3,26,2024-04-15,2709.0256410256407,1208.467023920106
potato,3350.0,Chakdah APMC,West Bengal,3,26,2024-04-22,2722.2549019607836,1208.467023920106
potato,3350.0,Chakdah APMC,West Bengal,3,26,2024-04-29,2800.3827751196172,1208.467023920106
potato,3350.0,Chakdah APMC,West Bengal,3,26,2024-05-06,2758.313953488372,1208.467023920106
potato,3350.0,Chakdah APMC,West Bengal,3,26,2024-05-13,2740.0000000000005,1208.467023920106
potato,3350.0,Chakdah APMC,West Bengal,3,26,2024-05-20,2726.274509803921,1208.467023920106
potato,3350.0,Chakdah APMC,West Bengal,3,26,2024-05-27,2710.2439024390233,1208.467023920106
potato,3350.0,Chakdah APMC,West Bengal,3,26,2024-06-03,2810.9589041095896,1208.467023920106
potato,3350.0,Chakdah APMC,West Bengal,3,26,2024-06-10,2717.3529411764707,1208.467023920106
potato,3350.0,Chakdah APMC,West Bengal,3,26,2024-06-17,2474.199134199135,1208.467023920106
potato,3350.0,Chakdah APMC,West Bengal,3,26,2024-06-24,2194.0044742729306,1208.467023920106
potato,3350.0,Chakdah APMC,West Bengal,3,26,2024-07-01,2143.4782608695646,1208.467023920106
potato,3350.0,Chakdah APMC,West Bengal,3,26,2024-07-08,1916.0000000000002,1208.467023920106
potato,3350.0,Chakdah APMC,West Bengal,3,26,2024-07-15,1269.7709923664124,1208.467023920106
potato,3350.0,Chakdah APMC,West Bengal,3,26,2024-07-22,1062.9197080291976,1208.467023920106
potato,3350.0,Chakdah APMC,West Bengal,3,26,2024-07-29,1049.6629213483145,1208.467023920106
potato,3350.0,Chakdah APMC,West Bengal,3,26,2024-08-05,950.0,1208.467023920106
potato,3350.0,Chakdah APMC,West Bengal,3,26,2024-08-12,950.0,1208.467023920106
potato,3350.0,Chakdah APMC,West Bengal,3,26,2024-08-19,916.2439024390249,1208.467023920106
potato,3350.0,Chakdah APMC,West Bengal,3,26,2024-08-26,1059.9999999999998,1208.467023920106
potato,3350.0,Chakdah APMC,West Bengal,3,26,2024-09-02,1104.065040650407,1208.467023920106
potato,3350.0,Chakdah APMC,West Bengal,3,26,2024-09-09,1135.5514705882354,1208.467023920106
potato,3350.0,Chakdah APMC,West Bengal,3,26,2024-09-16,1182.4999999999998,1208.467023920106
potato,3350.0,Chakdah APMC,West Bengal,3,26,2024-09-23,1195.6267605633807,1208.467023920106
potato,3350.0,Chakdah APMC,West Bengal,3,26,2024-09-30,1266.9242424242423,1208.467023920106
potato,3350.0,Chakdah APMC,West Bengal,3,26,2024-10-07,1416.9639934533545,1208.467023920106
potato,3350.0,Chakdah APMC,West Bengal,3,26,2024-10-14,1528.752276867031,1208.467023920106
potato,3350.0,Chakdah APMC,West Bengal,3,26,2024-10-21,1593.2727272727275,1208.467023920106
potato,3350.0,Chakdah APMC,West Bengal,3,26,2024-10-28,1609.9999999999995,1208.467023920106
potato,3350.0,Chakdah APMC,West Bengal,3,26,2024-11-04,1577.1052631578941,1208.467023920106
potato,3350.0,Chakdah APMC,West Bengal,3,26,2024-11-11,1560.7711442786074,1208.467023920106
potato,3350.0,Chakdah APMC,West Bengal,3,26,2024-11-18,1487.287449392712,1208.467023920106
potato,3350.0,Chakdah APMC,West Bengal,3,26,2024-11-25,1470.0000000000007,1208.467023920106
potato,3350.0,Chakdah APMC,West Bengal,3,26,2024-12-02,1452.7999999999995,1208.467023920106
potato,3350.0,Chakdah APMC,West Bengal,3,26,2024-12-09,1421.0476190476193,1208.467023920106
potato,3350.0,Chakdah APMC,West Bengal,3,26,2024-12-16,1411.4136904761901,1208.467023920106
potato,3350.0,Chakdah APMC,West Bengal,3,26,2024-12-23,1412.5000000000005,1208.467023920106
potato,3350.0,Chakdah APMC,West Bengal,3,26,2024-12-30,1418.3276450511942,1208.467023920106
potato,3350.0,Chakdah APMC,West Bengal,4,1,2025-01-06,1269.7709923664124,1929.201338051767
potato,3350.0,Chakdah APMC,West Bengal,4,1,2025-01-13,1062.9197080291976,1872.9388987847615
potato,3350.0,Chakdah APMC,West Bengal,4,1,2025-01-20,1049.6629213483145,1335.1489856137193
potato,3350.0,Chakdah APMC,West Bengal,4,1,2025-01-27,950.0,1258.0259015376316
potato,3350.0,Chakdah APMC,West Bengal,4,1,2025-02-03,950.0,1322.1353222914681
potato,3350.0,Chakdah APMC,West Bengal,4,1,2025-02-10,916.2439024390249,1109.3371815034836
potato,3350.0,Chakdah APMC,West Bengal,4,1,2025-02-17,1059.9999999999998,1044.7594617903023
potato,3350.0,Chakdah APMC,West Bengal,4,1,2025-02-24,1104.065040650407,1082.0631714089448
potato,3350.0,Chakdah APMC,West Bengal,4,1,2025-03-03,1135.5514705882354,1219.2541339519503
potato,3350.0,Chakdah APMC,West Bengal,4,1,2025-03-10,1182.4999999999998,1446.4643195506421
potato,3350.0,Chakdah APMC,West Bengal,4,1,2025-03-17,1195.6267605633807,1480.8892909702643
potato,3350.0,Chakdah APMC,West Bengal,4,1,2025-03-24,1266.9242424242423,1538.1072387246782
potato,3350.0,Chakdah APMC,West Bengal,4,1,2025-03-31,1416.9639934533545,1635.7665952610932
potato,3350.0,Chakdah APMC,West Bengal,4,1,2025-04-07,1528.752276867031,1661.568376030014
potato,3350.0,Chakdah APMC,West Bengal,4,1,2025-04-14,1593.2727272727275,1698.3442133046408
potato,3350.0,Chakdah APMC,West Bengal,4,1,2025-04-21,1609.9999999999995,1743.4640021032933
potato,3350.0,Chakdah APMC,West Bengal,4,1,2025-04-28,1577.1052631578941,1702.237705989852
potato,3350.0,Chakdah APMC,West Bengal,4,1,2025-05-05,1560.7711442786074,1638.180433077327
potato,3350.0,Chakdah APMC,West Bengal,4,1,2025-05-12,1487.287449392712,1676.4518967856773
potato,3350.0,Chakdah APMC,West Bengal,4,1,2025-05-19,1470.0000000000007,1695.9411524216528
potato,3350.0,Chakdah APMC,West Bengal,4,1,2025-05-26,1452.7999999999995,1633.4363066358
potato,3350.0,Chakdah APMC,West Bengal,4,1,2025-06-02,1421.0476190476193,1675.6685382486767
potato,3350.0,Chakdah APMC,West Bengal,4,1,2025-06-09,1411.4136904761901,1620.8299150751063
potato,3350.0,Chakdah APMC,West Bengal,4,1,2025-06-16,1412.5000000000005,1603.7136355221357
potato,3350.0,Chakdah APMC,West Bengal,4,1,2025-06-23,1418.3276450511942,1601.576183196236
potato,3350.0,Chakdah APMC,West Bengal,4,1,2025-06-30,1428.5337243401764,1615.856461048559
potato,3350.0,Chakdah APMC,West Bengal,4,1,2025-07-07,1374.0585774058582,1578.1474608459666
potato,3350.0,Chakdah APMC,West Bengal,4,1,2025-07-14,1331.5839999999996,1572.0863445859243
potato,3350.0,Chakdah APMC,West Bengal,4,1,2025-07-21,1270.0000000000002,1590.6600086068638
potato,3350.0,Chakdah APMC,West Bengal,4,1,2025-07-28,1351.38698630137,1583.6666663061442
potato,3350.0,Chakdah APMC,West Bengal,4,1,2025-08-04,1394.108996539792,1553.3709642505294
potato,3350.0,Chakdah APMC,West Bengal,4,1,2025-08-11,1406.3291139240507,1615.6378690653046
potato,3350.0,Chakdah APMC,West Bengal,4,1,2025-08-18,1437.9424778761058,1622.91640719446
potato,3350.0,Chakdah APMC,West Bengal,4,1,2025-08-25,1442.4999999999998,1612.3563801863877
potato,3350.0,Chakdah APMC,West Bengal,4,1,2025-09-01,1445.9691629955946,1597.35102841025
potato,3350.0,Chakdah APMC,West Bengal,4,1,2025-09-08,1450.9048723897906,1598.7740655996615
potato,3350.0,Chakdah APMC,West Bengal,4,1,2025-09-15,1443.9812646370024,1575.3311442092852
potato,3350.0,Chakdah APMC,West Bengal,4,1,2025-09-22,1471.9906323185005,1578.4146325781792
potato,3350.0,Chakdah APMC,West Bengal,4,1,2025-09-29,1499.9999999999998,1590.8484712592162
potato,3350.0,Chakdah APMC,West Bengal,4,1,2025-10-06,1569.907407407407,1627.0374241028335
potato,3350.0,Chakdah APMC,West Bengal,4,1,2025-10-13,1561.0546990371552,1594.1734882991586
potato,3350.0,Chakdah APMC,West Bengal,4,1,2025-10-20,1552.2019906669025,1639.8239206530038
potato,3350.0,Chakdah APMC,West Bengal,4,1,2025-10-27,1543.3492822966505,1599.085436241733
potato,3350.0,Chakdah APMC,West Bengal,4,1,2025-11-03,1534.0294117647056,1520.3555466773323
potato,3350.0,Chakdah APMC,West Bengal,4,1,2025-11-10,1506.4676616915428,1462.5754567683452
potato,3350.0,Chakdah APMC,West Bengal,4,1,2025-11-17,1515.5555555555557,1490.5722493067924
potato,3350.0,Chakdah APMC,West Bengal,4,1,2025-11-24,1457.7162629757784,1507.654241655176
potato,3350.0,Chakdah APMC,West Bengal,4,1,2025-12-01,1497.9370629370621,1473.2222643861696
potato,3350.0,Chakdah APMC,West Bengal,4,1,2025-12-08,1336.5573770491806,1418.7181884146676
potato,3350.0,Chakdah APMC,West Bengal,4,1,2025-12-15,1255.0387596899222,1413.338396555293
potato,3350.0,Chakdah APMC,West Bengal,4,1,2025-12-22,991.2732095490715,1303.1854352352957
potato,3350.0,Chakdah APMC,West Bengal,4,1,2025-12-29,800.4941176470587,1182.3057062778014
potato,3350.0,Chakdah APMC,West Bengal,4,4,2025-01-06,950.0,1506.0502276070902
potato,3350.0,Chakdah APMC,West Bengal,4,4,2025-01-13,950.0,1681.916324774994
potato,3350.0,Chakdah APMC,West Bengal,4,4,2025-01-20,916.2439024390249,1346.6788124855584
potato,3350.0,Chakdah APMC,West Bengal,4,4,2025-01-27,1059.9999999999998,1244.9101957282166
potato,3350.0,Chakdah APMC,West Bengal,4,4,2025-02-03,1104.065040650407,1168.6640968938452
potato,3350.0,Chakdah APMC,West Bengal,4,4,2025-02-10,1135.5514705882354,1111.2931861784523
potato,3350.0,Chakdah APMC,West Bengal,4,4,2025-02-17,1182.4999999999998,1223.0584656928088
potato,3350.0,Chakdah APMC,West Bengal,4,4,2025-02-24,1195.6267605633807,1213.2310012328517
potato,3350.0,Chakdah APMC,West Bengal,4,4,2025-03-03,1266.9242424242423,1357.5799788856375
potato,3350.0,Chakdah APMC,West Bengal,4,4,2025-03-10,1416.9639934533545,1619.5468830415077
potato,3350.0,Chakdah APMC,West Bengal,4,4,2025-03-17,1528.752276867031,1697.1573100979401
potato,3350.0,Chakdah APMC,West Bengal,4,4,2025-03-24,1593.2727272727275,1513.9098798219566
potato,3350.0,Chakdah APMC,West Bengal,4,4,2025-03-31,1609.9999999999995,1624.8320571969928
potato,3350.0,Chakdah APMC,West Bengal,4,4,2025-04-07,1577.1052631578941,1564.9573218184205
potato,3350.0,Chakdah APMC,West Bengal,4,4,2025-04-14,1560.7711442786074,1506.8491421105082
potato,3350.0,Chakdah APMC,West Bengal,4,4,2025-04-21,1487.287449392712,1543.0635024101832
potato,3350.0,Chakdah APMC,West Bengal,4,4,2025-04-28,1470.0000000000007,1612.7704898848665
potato,3350.0,Chakdah APMC,West Bengal,4,4,2025-05-05,1452.7999999999995,1667.2385165923624
potato,3350.0,Chakdah APMC,West Bengal,4,4,2025-05-12,1421.0476190476193,1651.9306285318523
potato,3350.0,Chakdah APMC,West Bengal,4,4,2025-05-19,1411.4136904761901,1619.348622784595
potato,3350.0,Chakdah APMC,West Bengal,4,4,2025-05-26,1412.5000000000005,1625.4160829784819
potato,3350.0,Chakdah APMC,West Bengal,4,4,2025-06-02,1418.3276450511942,1574.3533216897679
potato,3350.0,Chakdah APMC,West Bengal,4,4,2025-06-09,1428.5337243401764,1549.8256925838134
potato,3350.0,Chakdah APMC,West Bengal,4,4,2025-06-16,1374.0585774058582,1481.8066869060985
potato,3350.0,Chakdah APMC,West Bengal,4,4,2025-06-23,1331.5839999999996,1523.5498939075064
potato,3350.0,Chakdah APMC,West Bengal,4,4,2025-06-30,1270.0000000000002,1467.1825083524643
potato,3350.0,Chakdah APMC,West Bengal,4,4,2025-07-07,1351.38698630137,1492.5317702946438
potato,3350.0,Chakdah APMC,West Bengal,4,4,2025-07-14,1394.108996539792,1456.127398443757
potato,3350.0,Chakdah APMC,West Bengal,4,4,2025-07-21,1406.3291139240507,1465.4263847942057
potato,3350.0,Chakdah APMC,West Bengal,4,4,2025-07-28,1437.9424778761058,1433.4485958531436
potato,3350.0,Chakdah APMC,West Bengal,4,4,2025-08-04,1442.4999999999998,1448.3102815005757
potato,3350.0,Chakdah APMC,West Bengal,4,4,2025-08-11,1445.9691629955946,1450.759059591032
potato,3350.0,Chakdah APMC,West Bengal,4,4,2025-08-18,1450.9048723897906,1448.5541721045224
potato,3350.0,Chakdah APMC,West Bengal,4,4,2025-08-25,1443.9812646370024,1500.3329593061678
potato,3350.0,Chakdah APMC,West Bengal,4,4,2025-09-01,1471.9906323185005,1508.400532127052
potato,3350.0,Chakdah APMC,West Bengal,4,4,2025-09-08,1499.9999999999998,1467.0736152336833
potato,3350.0,Chakdah APMC,West Bengal,4,4,2025-09-15,1569.907407407407,1447.6776553692102
potato,3350.0,Chakdah APMC,West Bengal,4,4,2025-09-22,1561.0546990371552,1481.5714836506388
potato,3350.0,Chakdah APMC,West Bengal,4,4,2025-09-29,1552.2019906669025,1455.963832076706
potato,3350.0,Chakdah APMC,West Bengal,4,4,2025-10-06,1543.3492822966505,1442.420521227883
potato,3350.0,Chakdah APMC,West Bengal,4,4,2025-10-13,1534.0294117647056,1408.0621489756002
potato,3350.0,Chakdah APMC,West Bengal,4,4,2025-10-20,1506.4676616915428,1417.4420196294002
potato,3350.0,Chakdah APMC,West Bengal,4,4,2025-10-27,1515.5555555555557,1425.1769308839268
potato,3350.0,Chakdah APMC,West Bengal,4,4,2025-11-03,1457.7162629757784,1319.4330986211633
potato,3350.0,Chakdah APMC,West Bengal,4,4,2025-11-10,1497.9370629370621,1290.3278744638367
potato,3350.0,Chakdah APMC,West Bengal,4,4,2025-11-17,1336.5573770491806,1277.257844036496
potato,3350.0,Chakdah APMC,West Bengal,4,4,2025-11-24,1255.0387596899222,1248.4288779814442
potato,3350.0,Chakdah APMC,West Bengal,4,4,2025-12-01,991.2732095490715,1222.900218958193
potato,3350.0,Chakdah APMC,West Bengal,4,4,2025-12-08,800.4941176470587,1134.6113490840826
potato,3350.0,Chakdah APMC,West Bengal,4,4,2025-12-15,838.1957186544339,1096.9658580398125
potato,3350.0,Chakdah APMC,West Bengal,4,4,2025-12-22,1024.619289340102,1011.2956091790205
potato,3350.0,Chakdah APMC,West Bengal,4,4,2025-12-29,946.2878787878784,955.494298112146
potato,3350.0,Chakdah APMC,West Bengal,4,13,2025-01-06,1416.9639934533545,1367.059659813009
potato,3350.0,Chakdah APMC,West Bengal,4,13,2025-01-13,1528.752276867031,1419.7751247877593
potato,3350.0,Chakdah APMC,West Bengal,4,13,2025-01-20,1593.2727272727275,1398.0645842890754
potato,3350.0,Chakdah APMC,West Bengal,4,13,2025-01-27,1609.9999999999995,1408.1938482607222
potato,3350.0,Chakdah APMC,West Bengal,4,13,2025-02-03,1577.1052631578941,1430.6307673771205
potato,3350.0,Chakdah APMC,West Bengal,4,13,2025-02-10,1560.7711442786074,1418.4601152123716
potato,3350.0,Chakdah APMC,West Bengal,4,13,2025-02-17,1487.287449392712,1496.3285460515028
potato,3350.0,Chakdah APMC,West Bengal,4,13,2025-02-24,1470.0000000000007,1502.8136760832103
potato,3350.0,Chakdah APMC,West Bengal,4,13,2025-03-03,1452.7999999999995,1451.6206683578928
potato,3350.0,Chakdah APMC,West Bengal,4,13,2025-03-10,1421.0476190476193,1405.5006501514467
potato,3350.0,Chakdah APMC,West Bengal,4,13,2025-03-17,1411.4136904761901,1421.198295243527
potato,3350.0,Chakdah APMC,West Bengal,4,13,2025-03-24,1412.5000000000005,1548.578766992325
potato,3350.0,Chakdah APMC,West Bengal,4,13,2025-03-31,1418.3276450511942,1787.9166545578994
potato,3350.0,Chakdah APMC,West Bengal,4,13,2025-04-07,1428.5337243401764,1757.269140621386
potato,3350.0,Chakdah APMC,West Bengal,4,13,2025-04-14,1374.0585774058582,1718.5627799243216
potato,3350.0,Chakdah APMC,West Bengal,4,13,2025-04-21,1331.5839999999996,1722.5211089408149
potato,3350.0,Chakdah APMC,West Bengal,4,13,2025-04-28,1270.0000000000002,1730.796534950705
potato,3350.0,Chakdah APMC,West Bengal,4,13,2025-05-05,1351.38698630137,1755.2503321790318
potato,3350.0,Chakdah APMC,West Bengal,4,13,2025-05-12,1394.108996539792,1790.0947350056936
potato,3350.0,Chakdah APMC,West Bengal,4,13,2025-05-19,1406.3291139240507,1767.2424395618127
potato,3350.0,Chakdah APMC,West Bengal,4,13,2025-05-26,1437.9424778761058,1747.7001900976986
potato,3350.0,Chakdah APMC,West Bengal,4,13,2025-06-02,1442.4999999999998,1621.3678644168428
potato,3350.0,Chakdah APMC,West Bengal,4,13,2025-06-09,1445.9691629955946,1589.7433054848348
potato,3350.0,Chakdah APMC,West Bengal,4,13,2025-06-16,1450.9048723897906,1542.3556427590784
potato,3350.0,Chakdah APMC,West Bengal,4,13,2025-06-23,1443.9812646370024,1510.7275780830084
potato,3350.0,Chakdah APMC,West Bengal,4,13,2025-06-30,1471.9906323185005,1528.599884229445
potato,3350.0,Chakdah APMC,West Bengal,4,13,2025-07-07,1499.9999999999998,1578.2156466453905
potato,3350.0,Chakdah APMC,West Bengal,4,13,2025-07-14,1569.907407407407,1580.4393201043908
potato,3350.0,Chakdah APMC,West Bengal,4,13,2025-07-21,1561.0546990371552,1579.572311271769
potato,3350.0,Chakdah APMC,West Bengal,4,13,2025-07-28,1552.2019906669025,1566.0348359768295
potato,3350.0,Chakdah APMC,West Bengal,4,13,2025-08-04,1543.3492822966505,1575.9142578750718
potato,3350.0,Chakdah APMC,West Bengal,4,13,2025-08-11,1534.0294117647056,1450.304805573653
potato,3350.0,Chakdah APMC,West Bengal,4,13,2025-08-18,1506.4676616915428,1378.7227790787113
potato,3350.0,Chakdah APMC,West Bengal,4,13,2025-08-25,1515.5555555555557,1271.5668537005217
potato,3350.0,Chakdah APMC,West Bengal,4,13,2025-09-01,1457.7162629757784,1207.1244600082164
potato,3350.0,Chakdah APMC,West Bengal,4,13,2025-09-08,1497.9370629370621,1067.0594545949655
potato,3350.0,Chakdah APMC,West Bengal,4,13,2025-09-15,1336.5573770491806,1048.097206137323
potato,3350.0,Chakdah APMC,West Bengal,4,13,2025-09-22,1255.0387596899222,1037.8816479304962
potato,3350.0,Chakdah APMC,West Bengal,4,13,2025-09-29,991.2732095490715,1039.6313444545497
potato,3350.0,Chakdah APMC,West Bengal,4,13,2025-10-06,800.4941176470587,1021.4338031999824
potato,3350.0,Chakdah APMC,West Bengal,4,13,2025-10-13,838.1957186544339,994.8175481137406
potato,3350.0,Chakdah APMC,West Bengal,4,13,2025-10-20,1024.619289340102,994.8175481137406
potato,3350.0,Chakdah APMC,West Bengal,4,13,2025-10-27,946.2878787878784,950.9498959411872
potato,3350.0,Chakdah APMC,West Bengal,4,13,2025-11-03,894.434782608696,966.3251843649225
potato,3350.0,Chakdah APMC,West Bengal,4,13,2025-11-10,819.7749196141475,968.1977462771033
potato,3350.0,Chakdah APMC,West Bengal,4,13,2025-11-17,791.2958435207827,925.2214637755864
potato,3350.0,Chakdah APMC,West Bengal,4,13,2025-11-24,755.8263305322132,922.9995919556062
potato,3350.0,Chakdah APMC,West Bengal,4,13,2025-12-01,737.6527999629606,1027.7909473926886
potato,3350.0,Chakdah APMC,West Bengal,4,13,2025-12-08,719.479269393708,1151.2857017950396
potato,3350.0,Chakdah APMC,West Bengal,4,13,2025-12-15,1091.565934065934,1324.3491316737027
potato,3350.0,Chakdah APMC,West Bengal,4,13,2025-12-22,1091.565934065934,1362.3134740702633
potato,3350.0,Chakdah APMC,West Bengal,4,13,2025-12-29,664.9586776859503,1672.3156963229837
potato,3350.0,Chakdah APMC,West Bengal,4,26,2025-01-06,1428.5337243401764,1487.2643930938748
potato,3350.0,Chakdah APMC,West Bengal,4,26,2025-01-13,1374.0585774058582,1481.4279133940495
potato,3350.0,Chakdah APMC,West Bengal,4,26,2025-01-20,1331.5839999999996,1474.2287937579317
potato,3350.0,Chakdah APMC,West Bengal,4,26,2025-01-27,1270.0000000000002,1497.9428833056352
potato,3350.0,Chakdah APMC,West Bengal,4,26,2025-02-03,1351.38698630137,1529.924128770602
potato,3350.0,Chakdah APMC,West Bengal,4,26,2025-02-10,1394.108996539792,1762.3197744803913
potato,3350.0,Chakdah APMC,West Bengal,4,26,2025-02-17,1406.3291139240507,1936.4682722586235
potato,3350.0,Chakdah APMC,West Bengal,4,26,2025-02-24,1437.9424778761058,1987.2047872593482
potato,3350.0,Chakdah APMC,West Bengal,4,26,2025-03-03,1442.4999999999998,2033.59346388583
potato,3350.0,Chakdah APMC,West Bengal,4,26,2025-03-10,1445.9691629955946,2103.0473780179386
potato,3350.0,Chakdah APMC,West Bengal,4,26,2025-03-17,1450.9048723897906,2074.8452539215323
potato,3350.0,Chakdah APMC,West Bengal,4,26,2025-03-24,1443.9812646370024,2042.7595008817616
potato,3350.0,Chakdah APMC,West Bengal,4,26,2025-03-31,1471.9906323185005,2001.5636493071684
potato,3350.0,Chakdah APMC,West Bengal,4,26,2025-04-07,1499.9999999999998,2079.58369357782
potato,3350.0,Chakdah APMC,West Bengal,4,26,2025-04-14,1569.907407407407,2035.1295006474118
potato,3350.0,Chakdah APMC,West Bengal,4,26,2025-04-21,1561.0546990371552,1978.8726181437603
potato,3350.0,Chakdah APMC,West Bengal,4,26,2025-04-28,1552.2019906669025,2028.967078739568
potato,3350.0,Chakdah APMC,West Bengal,4,26,2025-05-05,1543.3492822966505,1776.6860943310771
potato,3350.0,Chakdah APMC,West Bengal,4,26,2025-05-12,1534.0294117647056,1689.0948675787308
potato,3350.0,Chakdah APMC,West Bengal,4,26,2025-05-19,1506.4676616915428,1652.687182515935
potato,3350.0,Chakdah APMC,West Bengal,4,26,2025-05-26,1515.5555555555557,1604.1065275591932
potato,3350.0,Chakdah APMC,West Bengal,4,26,2025-06-02,1457.7162629757784,1905.837421080398
potato,3350.0,Chakdah APMC,West Bengal,4,26,2025-06-09,1497.9370629370621,1767.8461225150809
potato,3350.0,Chakdah APMC,West Bengal,4,26,2025-06-16,1336.5573770491806,1586.3915565228208
potato,3350.0,Chakdah APMC,West Bengal,4,26,2025-06-23,1255.0387596899222,1529.8347215720212
potato,3350.0,Chakdah APMC,West Bengal,4,26,2025-06-30,991.2732095490715,1406.9469542865472
potato,3350.0,Chakdah APMC,West Bengal,4,26,2025-07-07,800.4941176470587,1403.0593999437697
potato,3350.0,Chakdah APMC,West Bengal,4,26,2025-07-14,838.1957186544339,1368.60061097482
potato,3350.0,Chakdah APMC,West Bengal,4,26,2025-07-21,1024.619289340102,1166.0076933464757
potato,3350.0,Chakdah APMC,West Bengal,4,26,2025-07-28,946.2878787878784,1206.0311067029195
potato,3350.0,Chakdah APMC,West Bengal,4,26,2025-08-04,894.434782608696,1145.7206870443233
potato,3350.0,Chakdah APMC,West Bengal,4,26,2025-08-11,819.7749196141475,1363.0934820509065
potato,3350.0,Chakdah APMC,West Bengal,4,26,2025-08-18,791.2958435207827,1361.0008638139925
potato,3350.0,Chakdah APMC,West Bengal,4,26,2025-08-25,755.8263305322132,1380.56671468529
potato,3350.0,Chakdah APMC,West Bengal,4,26,2025-09-01,737.6527999629606,1439.837322686527
potato,3350.0,Chakdah APMC,West Bengal,4,26,2025-09-08,719.479269393708,1432.1299876169164
potato,3350.0,Chakdah APMC,West Bengal,4,26,2025-09-15,1091.565934065934,1502.6558902233805
potato,3350.0,Chakdah APMC,West Bengal,4,26,2025-09-22,1091.565934065934,1750.330974937451
potato,3350.0,Chakdah APMC,West Bengal,4,26,2025-09-29,664.9586776859503,1709.8151182502097
potato,3350.0,Chakdah APMC,West Bengal,4,26,2025-10-06,684.9484536082474,1994.5622610424787
potato,3350.0,Chakdah APMC,West Bengal,4,26,2025-10-13,685.0354609929077,2079.1355490771566
potato,3350.0,Chakdah APMC,West Bengal,4,26,2025-10-20,688.0266666666664,1915.04599573597
potato,3350.0,Chakdah APMC,West Bengal,4,26,2025-10-27,767.3133333333334,1916.5073345975247
potato,3350.0,Chakdah APMC,West Bengal,4,26,2025-11-03,846.6000000000004,2169.5908667289627
potato,3350.0,Chakdah APMC,West Bengal,4,26,2025-11-10,967.6627218934913,2123.3197348104613
potato,3350.0,Chakdah APMC,West Bengal,4,26,2025-11-17,1001.6569200779727,2118.8985033814256
potato,3350.0,Chakdah APMC,West Bengal,4,26,2025-11-24,993.0769230769232,2115.254425861671
potato,3350.0,Chakdah APMC,West Bengal,4,26,2025-12-01,976.6726618705037,2192.0440960415094
potato,3350.0,Chakdah APMC,West Bengal,4,26,2025-12-08,974.973821989529,2211.3055000621503
potato,3350.0,Chakdah APMC,West Bengal,4,26,2025-12-15,939.8504983388706,2218.3697784399073
potato,3350.0,Chakdah APMC,West Bengal,4,26,2025-12-22,957.444168734491,2171.847806712636
potato,3350.0,Chakdah APMC,West Bengal,4,26,2025-12-29,983.9285714285711,2078.544761032171
potato,3350.0,Chakdah APMC,West Bengal,5,1,2026-01-05,838.1957186544339,1001.2255777102763
potato,3350.0,Chakdah APMC,West Bengal,5,1,2026-01-12,1024.619289340102,817.6952696468545
potato,3350.0,Chakdah APMC,West Bengal,5,1,2026-01-19,946.2878787878784,837.7639412291372
potato,3350.0,Chakdah APMC,West Bengal,5,1,2026-01-26,894.434782608696,973.460062276237
potato,3350.0,Chakdah APMC,West Bengal,5,1,2026-02-02,819.7749196141475,956.2907631319079
potato,3350.0,Chakdah APMC,West Bengal,5,1,2026-02-09,791.2958435207827,921.2245328906581
potato,3350.0,Chakdah APMC,West Bengal,5,1,2026-02-16,755.8263305322132,799.6220549367484
potato,3350.0,Chakdah APMC,West Bengal,5,1,2026-02-23,737.6527999629606,814.0925871076983
potato,3350.0,Chakdah APMC,West Bengal,5,1,2026-03-02,719.479269393708,915.7269117238828
potato,3350.0,Chakdah APMC,West Bengal,5,1,2026-03-09,1091.565934065934,958.4275308528369
potato,3350.0,Chakdah APMC,West Bengal,5,1,2026-03-16,1091.565934065934,956.4988571198678
potato,3350.0,Chakdah APMC,West Bengal,5,1,2026-03-23,664.9586776859503,1256.4188511456864
potato,3350.0,Chakdah APMC,West Bengal,5,1,2026-03-30,684.9484536082474,1278.8026929265698
potato,3350.0,Chakdah APMC,West Bengal,5,1,2026-04-06,685.0354609929077,894.0956734969695
potato,3350.0,Chakdah APMC,West Bengal,5,1,2026-04-13,688.0266666666664,926.8871539728066
potato,3350.0,Chakdah APMC,West Bengal,5,1,2026-04-20,767.3133333333334,949.6236868262548
potato,3350.0,Chakdah APMC,West Bengal,5,1,2026-04-27,846.6000000000004,917.8502198413555
potato,3350.0,Chakdah APMC,West Bengal,5,1,2026-05-04,967.6627218934913,886.351348211892
potato,3350.0,Chakdah APMC,West Bengal,5,1,2026-05-11,1001.6569200779727,961.534839337321
potato,3350.0,Chakdah APMC,West Bengal,5,1,2026-05-18,993.0769230769232,1071.8671315058614
potato,3350.0,Chakdah APMC,West Bengal,5,1,2026-05-25,976.6726618705037,1065.7806092864905
potato,3350.0,Chakdah APMC,West Bengal,5,1,2026-06-01,974.973821989529,1058.2339237508083
potato,3350.0,Chakdah APMC,West Bengal,5,1,2026-06-08,939.8504983388706,1053.3212723718127
potato,3350.0,Chakdah APMC,West Bengal,5,1,2026-06-15,957.444168734491,1050.8780118373936
potato,3350.0,Chakdah APMC,West Bengal,5,1,2026-06-22,983.9285714285711,1009.1563886972175
potato,3350.0,Chakdah APMC,West Bengal,5,1,2026-06-29,935.8939096267192,1040.641046590049
potato,3350.0,Chakdah APMC,West Bengal,5,1,2026-07-06,897.9999999999998,1016.4958157135566
potato,3350.0,Chakdah APMC,West Bengal,5,1,2026-07-13,833.9179104477613,980.127894471131
potato,3350.0,Chakdah APMC,West Bengal,5,1,2026-07-20,813.3437499999998,967.1111172091993
potato,3350.0,Chakdah APMC,West Bengal,5,1,2026-07-27,814.963855421687,852.3696454837523
potato,3350.0,Chakdah APMC,West Bengal,5,1,2026-08-03,814.1539022331361,791.4566956564644
potato,3350.0,Chakdah APMC,West Bengal,5,1,2026-08-10,813.3439490445858,802.3312128970852
potato,3350.0,Chakdah APMC,West Bengal,5,1,2026-08-17,830.0000000000003,828.457169866879
potato,3350.0,Chakdah APMC,West Bengal,5,1,2026-08-24,759.9520000000002,828.6453038661089
potato,3350.0,Chakdah APMC,West Bengal,5,1,2026-08-31,767.0571827057186,793.4059939416782
potato,3350.0,Chakdah APMC,West Bengal,5,1,2026-09-07,768.2838283828386,727.7286414150402
potato,3350.0,Chakdah APMC,West Bengal,5,1,2026-09-14,773.9682539682536,754.4158915499621
potato,3350.0,Chakdah APMC,West Bengal,5,1,2026-09-21,783.75,781.44967466457
potato,3350.0,Chakdah APMC,West Bengal,5,1,2026-09-28,780.0000000000001,682.901739777079
potato,3350.0,Chakdah APMC,West Bengal,5,4,2026-01-05,894.434782608696,1001.9791245859557
potato,3350.0,Chakdah APMC,West Bengal,5,4,2026-01-12,819.7749196141475,926.1111407754803
potato,3350.0,Chakdah APMC,West Bengal,5,4,2026-01-19,791.2958435207827,926.1111407754803
potato,3350.0,Chakdah APMC,West Bengal,5,4,2026-01-26,755.8263305322132,1053.577808891749
potato,3350.0,Chakdah APMC,West Bengal,5,4,2026-02-02,737.6527999629606,924.0928674726676
potato,3350.0,Chakdah APMC,West Bengal,5,4,2026-02-09,719.479269393708,935.0455851797126
potato,3350.0,Chakdah APMC,West Bengal,5,4,2026-02-16,1091.565934065934,998.509537397724
potato,3350.0,Chakdah APMC,West Bengal,5,4,2026-02-23,1091.565934065934,1106.3356623423442
potato,3350.0,Chakdah APMC,West Bengal,5,4,2026-03-02,664.9586776859503,1202.3200298014667
potato,3350.0,Chakdah APMC,West Bengal,5,4,2026-03-09,684.9484536082474,1171.5243469170607
potato,3350.0,Chakdah APMC,West Bengal,5,4,2026-03-16,685.0354609929077,1201.2107510019173
potato,3350.0,Chakdah APMC,West Bengal,5,4,2026-03-23,688.0266666666664,1610.950925088549
potato,3350.0,Chakdah APMC,West Bengal,5,4,2026-03-30,767.3133333333334,1575.5230548315408
potato,3350.0,Chakdah APMC,West Bengal,5,4,2026-04-06,846.6000000000004,1179.7896212830833
potato,3350.0,Chakdah APMC,West Bengal,5,4,2026-04-13,967.6627218934913,1188.9524012415743
potato,3350.0,Chakdah APMC,West Bengal,5,4,2026-04-20,1001.6569200779727,1174.979528462871
potato,3350.0,Chakdah APMC,West Bengal,5,4,2026-04-27,993.0769230769232,1139.1974400342588
potato,3350.0,Chakdah APMC,West Bengal,5,4,2026-05-04,976.6726618705037,1027.5754331359217
potato,3350.0,Chakdah APMC,West Bengal,5,4,2026-05-11,974.973821989529,1121.5916508965786
potato,3350.0,Chakdah APMC,West Bengal,5,4,2026-05-18,939.8504983388706,1158.8609160768344
potato,3350.0,Chakdah APMC,West Bengal,5,4,2026-05-25,957.444168734491,1208.1996608917543
potato,3350.0,Chakdah APMC,West Bengal,5,4,2026-06-01,983.9285714285711,1200.2777722157916
potato,3350.0,Chakdah APMC,West Bengal,5,4,2026-06-08,935.8939096267192,1157.5695813145924
potato,3350.0,Chakdah APMC,West Bengal,5,4,2026-06-15,897.9999999999998,1127.6383801062857
potato,3350.0,Chakdah APMC,West Bengal,5,4,2026-06-22,833.9179104477613,1102.3581929842787
potato,3350.0,Chakdah APMC,West Bengal,5,4,2026-06-29,813.3437499999998,1103.7598799358202
potato,3350.0,Chakdah APMC,West Bengal,5,4,2026-07-06,814.963855421687,1102.053715702767
potato,3350.0,Chakdah APMC,West Bengal,5,4,2026-07-13,814.1539022331361,1044.5207194154248
potato,3350.0,Chakdah APMC,West Bengal,5,4,2026-07-20,813.3439490445858,1044.5207194154248
potato,3350.0,Chakdah APMC,West Bengal,5,4,2026-07-27,830.0000000000003,981.5014431268994
potato,3350.0,Chakdah APMC,West Bengal,5,4,2026-08-03,759.9520000000002,896.7367712817837
potato,3350.0,Chakdah APMC,West Bengal,5,4,2026-08-10,767.0571827057186,896.7367712817837
potato,3350.0,Chakdah APMC,West Bengal,5,4,2026-08-17,768.2838283828386,900.5600681884281
potato,3350.0,Chakdah APMC,West Bengal,5,4,2026-08-24,773.9682539682536,909.3055604815717
potato,3350.0,Chakdah APMC,West Bengal,5,4,2026-08-31,783.75,928.620225778029
potato,3350.0,Chakdah APMC,West Bengal,5,4,2026-09-07,780.0000000000001,915.7230671605486
potato,3350.0,Chakdah APMC,West Bengal,5,13,2026-01-05,684.9484536082474,1435.7788627705652
potato,3350.0,Chakdah APMC,West Bengal,5,13,2026-01-12,685.0354609929077,1455.8344882739716
potato,3350.0,Chakdah APMC,West Bengal,5,13,2026-01-19,688.0266666666664,1494.4926360460095
potato,3350.0,Chakdah APMC,West Bengal,5,13,2026-01-26,767.3133333333334,1494.4926360460095
potato,3350.0,Chakdah APMC,West Bengal,5,13,2026-02-02,846.6000000000004,1494.4926360460095
potato,3350.0,Chakdah APMC,West Bengal,5,13,2026-02-09,967.6627218934913,1494.4926360460095
potato,3350.0,Chakdah APMC,West Bengal,5,13,2026-02-16,1001.6569200779727,1494.4926360460095
potato,3350.0,Chakdah APMC,West Bengal,5,13,2026-02-23,993.0769230769232,1494.4926360460095
potato,3350.0,Chakdah APMC,West Bengal,5,13,2026-03-02,976.6726618705037,1514.5829755347065
potato,3350.0,Chakdah APMC,West Bengal,5,13,2026-03-09,974.973821989529,1475.4054970123693
potato,3350.0,Chakdah APMC,West Bengal,5,13,2026-03-16,939.8504983388706,1475.4054970123693
potato,3350.0,Chakdah APMC,West Bengal,5,13,2026-03-23,957.444168734491,1475.4054970123693
potato,3350.0,Chakdah APMC,West Bengal,5,13,2026-03-30,983.9285714285711,1475.4054970123693
potato,3350.0,Chakdah APMC,West Bengal,5,13,2026-04-06,935.8939096267192,1503.7148893366857
potato,3350.0,Chakdah APMC,West Bengal,5,13,2026-04-13,897.9999999999998,1503.7148893366857
potato,3350.0,Chakdah APMC,West Bengal,5,13,2026-04-20,833.9179104477613,1503.7148893366857
potato,3350.0,Chakdah APMC,West Bengal,5,13,2026-04-27,813.3437499999998,1503.7148893366857
potato,3350.0,Chakdah APMC,West Bengal,5,13,2026-05-04,814.963855421687,1389.0406938838507
potato,3350.0,Chakdah APMC,West Bengal,5,13,2026-05-11,814.1539022331361,1389.0406938838507
potato,3350.0,Chakdah APMC,West Bengal,5,13,2026-05-18,813.3439490445858,1389.0406938838507
potato,3350.0,Chakdah APMC,West Bengal,5,13,2026-05-25,830.0000000000003,1389.0406938838507
potato,3350.0,Chakdah APMC,West Bengal,5,13,2026-06-01,759.9520000000002,1375.1625042737467
potato,3350.0,Chakdah APMC,West Bengal,5,13,2026-06-08,767.0571827057186,1375.1625042737467
potato,3350.0,Chakdah APMC,West Bengal,5,13,2026-06-15,768.2838283828386,1375.1625042737467
potato,3350.0,Chakdah APMC,West Bengal,5,13,2026-06-22,773.9682539682536,1375.1625042737467
potato,3350.0,Chakdah APMC,West Bengal,5,13,2026-06-29,783.75,1376.5469794282258
potato,3350.0,Chakdah APMC,West Bengal,5,13,2026-07-06,780.0000000000001,1347.1254586274952
potato,3350.0,Chakdah APMC,West Bengal,5,26,2026-01-05,935.8939096267192,1768.3628677580405
potato,3350.0,Chakdah APMC,West Bengal,5,26,2026-01-12,897.9999999999998,1777.5174741117694
potato,3350.0,Chakdah APMC,West Bengal,5,26,2026-01-19,833.9179104477613,1777.5174741117694
potato,3350.0,Chakdah APMC,West Bengal,5,26,2026-01-26,813.3437499999998,1777.5174741117694
potato,3350.0,Chakdah APMC,West Bengal,5,26,2026-02-02,814.963855421687,1713.98754491685
potato,3350.0,Chakdah APMC,West Bengal,5,26,2026-02-09,814.1539022331361,1713.98754491685
potato,3350.0,Chakdah APMC,West Bengal,5,26,2026-02-16,813.3439490445858,1683.7759801684397
potato,3350.0,Chakdah APMC,West Bengal,5,26,2026-02-23,830.0000000000003,1668.8109742584782
potato,3350.0,Chakdah APMC,West Bengal,5,26,2026-03-02,759.9520000000002,1604.6531105606612
potato,3350.0,Chakdah APMC,West Bengal,5,26,2026-03-09,767.0571827057186,1604.6531105606612
potato,3350.0,Chakdah APMC,West Bengal,5,26,2026-03-16,768.2838283828386,1586.5474099153414
potato,3350.0,Chakdah APMC,West Bengal,5,26,2026-03-23,773.9682539682536,1577.4418267112799
potato,3350.0,Chakdah APMC,West Bengal,5,26,2026-03-30,783.75,1577.4418267112799
potato,3350.0,Chakdah APMC,West Bengal,5,26,2026-04-06,780.0000000000001,1598.1923869139937
