crop,horizon_weeks,market_id,market,DM_stat,p_value,mean_d,n,better_model,significant_5pct
tomato,1,2.0,Mahboob Manison APMC,2.145,0.0331,34826.093059,217,M9,True
tomato,1,9.0,Shadnagar APMC,0.9964,0.32,9567.591744,248,M9,False
tomato,1,19.0,Warangal APMC,0.2021,0.84,2254.155379,223,M9,False
tomato,1,43.0,Chandigarh (Grain/F&V) APMC,-1.3623,0.1744,-30634.436041,246,M6,False
tomato,1,54.0,Bharuch APMC,2.0033,0.0473,12622.649642,129,M9,True
tomato,1,57.0,Nadiad APMC,1.4097,0.1606,21948.264895,159,M9,False
tomato,1,62.0,Morbi APMC,-2.7873,0.0057,-58589.948002,248,M6,True
tomato,1,64.0,Surat APMC,-1.0357,0.3014,-16589.379479,248,M6,False
tomato,1,66.0,Ahmedabad APMC,-1.3579,0.1757,-37231.894413,248,M6,False
tomato,1,69.0,PMY Kangra,-3.0237,0.0028,-52907.71216,248,M6,True
tomato,1,70.0,PMY Kullu,-3.4866,0.0006,-55658.089224,248,M6,True
tomato,1,71.0,PMY Paonta Sahib,-3.3307,0.001,-62378.484657,248,M6,True
tomato,1,72.0,PMY Kather Solan,0.0215,0.9829,300.0185,218,M9,False
tomato,1,75.0,Fatehabad APMC,-0.9657,0.3353,-24440.358351,221,M6,False
tomato,1,79.0,Narwana APMC,-2.2033,0.0285,-28266.627289,248,M6,True
tomato,1,80.0,Safidon APMC,-1.1703,0.243,-13716.816236,248,M6,False
tomato,1,85.0,Ladwa APMC,-0.2742,0.7841,-3154.172324,248,M6,False
tomato,1,86.0,Pehowa APMC,-1.3894,0.166,-13072.761045,248,M6,False
tomato,1,87.0,Thanesar APMC,-1.2324,0.219,-26564.818644,247,M6,False
tomato,1,89.0,Shahabad APMC,-0.7421,0.4587,-6953.175632,248,M6,False
tomato,1,92.0,kalanwali APMC,-0.4531,0.651,-6846.326197,213,M6,False
tomato,1,97.0,Parimpore Srinagar (F&V),0.509,0.6112,9130.521494,248,M9,False
tomato,1,98.0,Udhampur (F&V),-1.5253,0.1285,-25908.61832,248,M6,False
tomato,1,100.0,"Binny Mill (F&V), Bengaluru APMC",-0.6965,0.4867,-16065.123271,248,M6,False
tomato,1,106.0,Davangere APMC,0.349,0.7274,5868.481273,248,M9,False
tomato,1,112.0,Kolar APMC,1.7637,0.079,20487.038869,248,M9,False
tomato,1,115.0,Mysuru APMC,-0.1833,0.8547,-3063.558576,248,M6,False
tomato,1,125.0,Ernakulam Market,-1.2248,0.2218,-23464.32359,247,M6,False
tomato,1,126.0,Aluva Market,0.47,0.6388,13043.747451,248,M9,False
tomato,1,128.0,Thalasserry Market,-0.56,0.5766,-22852.181167,117,M6,False
tomato,1,131.0,Kollam Market,0.6379,0.5242,24845.015168,248,M9,False
tomato,1,132.0,Kottayam Market,0.855,0.3934,18834.440371,248,M9,False
tomato,1,134.0,Manjeri Market,-0.19,0.8495,-4438.531983,248,M6,False
tomato,1,135.0,Palakkad Market,-0.9525,0.3418,-24856.379109,248,M6,False
tomato,1,136.0,Koduvayoor Market,-0.9861,0.325,-22892.178931,248,M6,False
tomato,1,139.0,Thrissur Market,-1.1271,0.2608,-24795.839142,248,M6,False
tomato,1,140.0,Kodungalloor Market,-0.8967,0.3708,-23715.969155,236,M6,False
tomato,1,145.0,Ahilyanagar APMC,1.9514,0.0521,19259.89499,248,M9,False
tomato,1,151.0,Jalgaon APMC,0.0261,0.9792,360.069265,248,M9,False
tomato,1,152.0,Kolhapur APMC,0.8084,0.4196,6775.439973,248,M9,False
tomato,1,154.0,Mumbai APMC,-1.0815,0.2805,-20700.850747,248,M6,False
tomato,1,155.0,Nagpur APMC,-1.591,0.1129,-37255.13786,248,M6,False
tomato,1,160.0,Nasik APMC,-1.0702,0.2856,-14700.301706,248,M6,False
tomato,1,162.0,Pimpalgaon Baswant APMC,0.2797,0.78,4443.216189,238,M9,False
tomato,1,164.0,Pune APMC,-0.1858,0.8527,-1821.291754,248,M6,False
tomato,1,168.0,SHRI.SIDDHESHWAR APMC,-0.3845,0.7009,-2607.184853,248,M6,False
tomato,1,173.0,Bhopal(F&V) APMC,1.1741,0.2422,6253.283572,154,M9,False
tomato,1,179.0,Indore(F&V) APMC,-1.6,0.1114,-18358.32299,171,M6,False
tomato,1,184.0,Rajnandgaon APMC,-0.5669,0.5713,-6214.592274,248,M6,False
tomato,1,198.0,Attabira APMC,-1.3436,0.1804,-28385.701241,224,M6,False
tomato,1,199.0,Bargarh APMC,-0.8659,0.3874,-14283.283377,248,M6,False
tomato,1,200.0,Bhadrak APMC,-0.4654,0.6422,-11957.003286,180,M6,False
tomato,1,202.0,Kantabaji APMC,-0.2655,0.7908,-4607.271199,246,M6,False
tomato,1,203.0,Kendrapara APMC,-2.1515,0.0324,-58174.126478,248,M6,True
tomato,1,206.0,Kesinga APMC,-2.1373,0.0336,-91105.172623,248,M6,True
tomato,1,207.0,Bhawanipatna APMC,-0.5495,0.5832,-12729.986579,212,M6,False
tomato,1,214.0,Rayagada APMC,0.2189,0.827,5547.86077,184,M9,False
tomato,1,216.0,Tarantaran APMC,-2.5417,0.0117,-38277.909756,237,M6,True
tomato,1,218.0,Fazilka APMC,-0.3516,0.7254,-4145.395814,248,M6,False
tomato,1,219.0,Jalalabad APMC,-1.526,0.1283,-20105.614944,248,M6,False
tomato,1,226.0,Khanna APMC,0.7966,0.4265,5591.591974,248,M9,False
tomato,1,227.0,Jagraon APMC,-0.9444,0.3463,-12487.453834,168,M6,False
tomato,1,228.0,Baghapurana APMC,-1.0742,0.2838,-14106.29013,237,M6,False
tomato,1,230.0,Muktsar APMC,-1.8164,0.0709,-41620.116955,194,M6,False
tomato,1,231.0,Malout APMC,-0.0779,0.938,-1657.867865,248,M6,False
tomato,1,233.0,Patran APMC,0.9397,0.3483,7848.444113,248,M9,False
tomato,1,234.0,Samana APMC,-0.4941,0.6217,-5708.543364,231,M6,False
tomato,1,235.0,Nabha APMC,-1.015,0.3112,-17438.761878,221,M6,False
tomato,1,236.0,Barnala APMC,-1.2428,0.2156,-18111.811439,181,M6,False
tomato,1,237.0,Dhuri APMC,-1.79,0.0748,-30188.275268,221,M6,False
tomato,1,238.0,Malerkotla APMC,-0.3069,0.7593,-3100.61087,182,M6,False
tomato,1,239.0,Sunam APMC,1.7013,0.0904,14569.002781,213,M9,False
tomato,1,240.0,Bhawanigarh APMC,-0.9795,0.3283,-10822.702654,248,M6,False
tomato,1,244.0,Alwar APMC,1.4782,0.1462,43864.030085,47,M9,False
tomato,1,247.0,Baran APMC,-0.5569,0.5786,-1616.372735,124,M6,False
tomato,1,250.0,Bhilwara APMC,0.1281,0.8982,1965.026169,248,M9,False
tomato,1,261.0,Jaipur (F&V) APMC,-1.2856,0.1998,-22334.674618,237,M6,False
tomato,1,266.0,Jodhpur (F&V) APMC,0.8007,0.4279,14150.436938,42,M9,False
tomato,1,292.0,Ulundurpettai APMC,-1.1304,0.2606,-54920.020908,119,M6,False
tomato,1,295.0,Bishalgarh APMC,-3.0707,0.0024,-89648.284233,223,M6,True
tomato,1,296.0,Teliamura APMC,0.1477,0.8827,2765.993081,239,M9,False
tomato,1,297.0,Agra APMC,-1.3475,0.1791,-13619.311224,248,M6,False
tomato,1,298.0,Prayagraj APMC,-1.6836,0.0935,-13685.93635,248,M6,False
tomato,1,299.0,Bahraich APMC,-2.5818,0.0104,-34589.397861,248,M6,True
tomato,1,300.0,Ballia APMC,-1.9828,0.0486,-26149.029542,234,M6,True
tomato,1,301.0,Barabanki APMC,-2.6511,0.0085,-32756.269436,248,M6,True
tomato,1,302.0,Bareilly APMC,-1.9183,0.0562,-22827.894183,248,M6,False
tomato,1,303.0,Dehradoon APMC,0.5881,0.557,4806.478396,226,M9,False
tomato,1,305.0,Farukhabad APMC,-0.7085,0.4793,-7173.669539,227,M6,False
tomato,1,306.0,Ghaziabad APMC,-2.4065,0.0169,-23256.75198,234,M6,True
tomato,1,307.0,Gorakhpur APMC,-2.4707,0.0142,-26085.637152,248,M6,True
tomato,1,308.0,Hardoi APMC,-2.4244,0.0161,-27865.477261,234,M6,True
tomato,1,309.0,Etawah APMC,-0.3057,0.7601,-2718.798134,248,M6,False
tomato,1,310.0,Jaunpur APMC,-2.2321,0.0265,-27417.120814,248,M6,True
tomato,1,311.0,Kanpur(Grain) APMC,-1.3716,0.1714,-14123.031543,248,M6,False
tomato,1,313.0,Lakhimpur APMC,-1.7237,0.086,-19983.860237,248,M6,False
tomato,1,314.0,Lalitpur APMC,-1.3895,0.1661,-16522.870823,221,M6,False
tomato,1,315.0,Lucknow APMC,-1.9611,0.051,-24437.665719,248,M6,False
tomato,1,316.0,Mainpuri APMC,-1.5919,0.1129,-16128.549923,209,M6,False
tomato,1,317.0,Meerut APMC,-2.0393,0.0425,-30776.75239,234,M6,True
tomato,1,318.0,Muradabad APMC,-1.0798,0.2813,-10976.112811,236,M6,False
tomato,1,319.0,Kashipur APMC,-1.1793,0.2394,-8291.077824,246,M6,False
tomato,1,320.0,Pilibhit APMC,-1.3388,0.1819,-15787.629525,248,M6,False
tomato,1,321.0,Saharanpur APMC,-0.6405,0.5225,-6212.925813,233,M6,False
tomato,1,322.0,Shahjahanpur APMC,-2.5546,0.0113,-32055.183552,233,M6,True
tomato,1,324.0,Sitapur APMC,-2.345,0.0199,-30076.771928,238,M6,True
tomato,1,326.0,Rudrapur APMC,-0.7065,0.4805,-12934.650843,243,M6,False
tomato,1,328.0,Barasat APMC,-0.6293,0.5298,-12108.532725,248,M6,False
tomato,1,330.0,Bolpur APMC,-0.6764,0.4998,-14531.84071,151,M6,False
tomato,1,331.0,Kalna APMC,0.0479,0.9618,1106.716886,248,M9,False
tomato,1,333.0,Coochbehar APMC,-0.9229,0.357,-19507.437542,248,M6,False
tomato,1,334.0,Pandua APMC,-1.4305,0.1538,-33617.265251,248,M6,False
tomato,1,406.0,Durg APMC,-0.4454,0.6564,-5222.187758,248,M6,False
tomato,1,414.0,Raigarh APMC,0.0772,0.9385,1387.28599,248,M9,False
tomato,1,423.0,APMC Keshopur,-1.8057,0.0722,-38516.583252,248,M6,False
tomato,1,424.0,APMC Shahdara,-0.1928,0.8473,-3821.085001,199,M6,False
tomato,1,434.0,Ankleshwar APMC,-0.5643,0.573,-6072.159559,248,M6,False
tomato,1,450.0,Vadhvan APMC,-1.0218,0.3079,-22069.109503,248,M6,False
tomato,1,452.0,Panipat APMC,3.2682,0.0012,22239.921545,248,M9,True
tomato,1,454.0,Sonepat APMC,-1.9496,0.0524,-25592.340087,247,M6,False
tomato,1,455.0,Rohtak APMC,1.3834,0.1678,15281.032627,244,M9,False
tomato,1,456.0,Jhajjar APMC,-3.1195,0.002,-66532.876898,248,M6,True
tomato,1,457.0,Rewari APMC,0.7772,0.4378,7927.106805,248,M9,False
tomato,1,459.0,Gurgaon APMC,0.0834,0.9336,763.339119,248,M9,False
tomato,1,462.0,PMY Una,-3.1185,0.002,-61999.341431,248,M6,True
tomato,1,463.0,PMY Chamba,-2.88,0.0043,-57851.205074,248,M6,True
tomato,1,464.0,PMY Bilaspur,-0.7481,0.4551,-11103.188421,248,M6,False
tomato,1,465.0,SMY Dhanotu,-1.6006,0.1107,-23193.891012,248,M6,False
tomato,1,466.0,PMY Hamirpur,-3.9696,0.0001,-95735.999255,248,M6,True
tomato,1,467.0,PMY Dhalli Shimla,-2.9472,0.0035,-54863.017795,248,M6,True
tomato,1,468.0,SMY Palampur,-2.6403,0.0088,-43939.90767,248,M6,True
tomato,1,471.0,SMY Bhuntar,-1.4842,0.139,-19480.165076,248,M6,False
tomato,1,472.0,Narwal Jammu (F&V),-1.2939,0.1969,-21557.522054,248,M6,False
tomato,1,489.0,Doddaballapur APMC,-1.4047,0.1615,-19192.558837,222,M6,False
tomato,1,491.0,Srinivasapur APMC,1.5938,0.1125,26063.18719,214,M9,False
tomato,1,492.0,Gauribidanur APMC,-1.1066,0.2697,-9988.567805,223,M6,False
tomato,1,497.0,Gundlupet APMC,0.3107,0.7563,5518.554777,248,M9,False
tomato,1,499.0,K.R. Pet APMC,0.7472,0.4557,10319.984096,248,M9,False
tomato,1,515.0,Palayam Market,1.4137,0.1588,26613.13554,236,M9,False
tomato,1,530.0,Morena APMC,-0.9326,0.3526,-18197.801729,145,M6,False
tomato,1,555.0,Pandharpur APMC,-0.2407,0.81,-2202.48211,217,M6,False
tomato,1,557.0,Chattrapati Sambhajinagar APMC,-0.2918,0.7707,-6131.524131,248,M6,False
tomato,1,591.0,Koraput APMC,0.4269,0.6699,7434.443141,213,M9,False
tomato,1,592.0,Baripada APMC,-0.9241,0.3563,-24677.431225,248,M6,False
tomato,1,593.0,Padampur APMC,-2.254,0.0254,-82161.018207,175,M6,True
tomato,1,594.0,Khariar Road APMC,-0.9446,0.3458,-28699.273608,248,M6,False
tomato,1,595.0,Bolangir APMC,-1.17,0.2435,-45930.049103,181,M6,False
tomato,1,598.0,Patti APMC,-0.7882,0.4314,-16646.632248,234,M6,False
tomato,1,600.0,Gurdaspur APMC,-0.3283,0.743,-3700.586989,188,M6,False
tomato,1,603.0,Bathinda APMC,-1.1006,0.2721,-11445.26117,248,M6,False
tomato,1,605.0,Raman APMC,-2.029,0.0435,-31742.126428,248,M6,True
tomato,1,606.0,Faridkot APMC,-1.3435,0.1809,-21066.614707,175,M6,False
tomato,1,608.0,Firozepur City APMC,-0.4241,0.6719,-9063.595577,232,M6,False
tomato,1,613.0,Samrala APMC,-1.4176,0.1577,-17875.240006,218,M6,False
tomato,1,614.0,Phagwara APMC,-0.6136,0.5401,-8116.585768,229,M6,False
tomato,1,615.0,Budalada APMC,-1.5817,0.115,-29180.446247,248,M6,False
tomato,1,617.0,Giddarbaha APMC,0.0355,0.9717,579.478502,216,M9,False
tomato,1,619.0,Dudhansadhan APMC,-1.9506,0.0522,-23949.251129,248,M6,False
tomato,1,621.0,Ropar APMC,3.1292,0.0031,145483.084915,45,M9,True
tomato,1,627.0,Churu APMC,0.0512,0.9592,441.246896,248,M9,False
tomato,1,631.0,Jalore APMC,-1.0828,0.2799,-10387.245878,248,M6,False
tomato,1,636.0,Jhunjhunu APMC,1.1455,0.2534,11116.094335,201,M9,False
tomato,1,638.0,Sikar APMC,0.2671,0.7896,3245.109549,248,M9,False
tomato,1,642.0,Abu Road APMC,1.4259,0.1552,13550.00275,248,M9,False
tomato,1,647.0,Buland Shahr APMC,-1.0342,0.302,-8419.069604,248,M6,False
tomato,1,649.0,Baraut APMC,-2.8924,0.0042,-26504.754543,235,M6,True
tomato,1,650.0,Shamli APMC,-1.4421,0.1506,-12546.108009,238,M6,False
tomato,1,651.0,Khatauli APMC,1.4014,0.1627,19145.575946,193,M9,False
tomato,1,652.0,Etah APMC,-0.9449,0.3456,-8588.301718,248,M6,False
tomato,1,653.0,Mathura APMC,-1.4761,0.1412,-14321.163205,248,M6,False
tomato,1,654.0,Rampur APMC,-1.411,0.1597,-15286.238443,220,M6,False
tomato,1,655.0,Badayoun APMC,-2.1277,0.0344,-25770.156719,248,M6,True
tomato,1,656.0,Chandausi APMC,-2.0391,0.0425,-22644.665946,248,M6,True
tomato,1,657.0,Raibareilly APMC,-2.5759,0.0106,-27348.40127,248,M6,True
tomato,1,658.0,Gonda APMC,-3.2153,0.0015,-41189.655978,248,M6,True
tomato,1,659.0,Sultanpur APMC,-2.4547,0.0148,-27383.565752,233,M6,True
tomato,1,660.0,Pratapgarh APMC,-2.3808,0.018,-28096.277646,248,M6,True
tomato,1,661.0,Devariya APMC,-2.8085,0.0054,-31969.40849,223,M6,True
tomato,1,662.0,Basti APMC,-3.0023,0.003,-31043.209837,248,M6,True
tomato,1,663.0,Azamgarh APMC,-1.3254,0.1862,-18200.725024,248,M6,False
tomato,1,664.0,Mirzapur APMC,-2.1675,0.0313,-24189.162594,224,M6,True
tomato,1,666.0,Jhansi APMC,-0.8942,0.3721,-9643.657932,238,M6,False
tomato,1,667.0,Rishikesh APMC,-1.1852,0.2371,-11107.584476,248,M6,False
tomato,1,668.0,Vikasnagar APMC,0.4031,0.6872,2275.297775,248,M9,False
tomato,1,669.0,Khateema APMC,0.7696,0.4423,4102.049616,248,M9,False
tomato,1,670.0,Burdwan APMC,0.502,0.6161,9714.270418,248,M9,False
tomato,1,671.0,Medinipur(West) APMC,-0.7584,0.449,-18348.341111,248,M6,False
tomato,1,672.0,Birbhum APMC,-1.2396,0.2163,-29459.681707,248,M6,False
tomato,1,675.0,Jalpaiguri Sadar APMC,-1.0561,0.2921,-23022.99294,220,M6,False
tomato,1,676.0,Alipurduar APMC,-1.1607,0.2469,-29333.73909,248,M6,False
tomato,1,681.0,Vadaseri APMC,0.4599,0.6464,18565.803459,119,M9,False
tomato,1,682.0,Muzzafarnagar APMC,-2.1164,0.0354,-21127.070209,229,M6,True
tomato,1,683.0,Panisagar APMC,-0.6339,0.5268,-12554.085432,235,M6,False
tomato,1,690.0,Channapatna APMC,-1.4995,0.1357,-29468.349306,162,M6,False
tomato,1,707.0,Chamarajanagar APMC,-0.2785,0.7809,-3623.002402,248,M6,False
tomato,1,709.0,Chikkamagaluru APMC,0.4321,0.666,7119.767836,248,M9,False
tomato,1,728.0,Kalaburagi APMC,-0.7384,0.461,-12820.38021,248,M6,False
tomato,1,735.0,Hassan APMC,-1.3166,0.1894,-35865.467606,211,M6,False
tomato,1,742.0,Chickkaballapura APMC,0.6046,0.546,7180.92428,248,M9,False
tomato,1,743.0,Chintamani APMC,1.0894,0.2771,7818.217596,248,M9,False
tomato,1,744.0,Bangarpet APMC,1.1111,0.2677,12024.621912,222,M9,False
tomato,1,745.0,Ramanagara APMC,-0.3248,0.7456,-6809.202384,248,M6,False
tomato,1,753.0,Shimoga APMC,0.2031,0.8392,3856.807071,248,M9,False
tomato,1,793.0,Lalru APMC,-2.3663,0.0187,-35645.785453,248,M6,True
tomato,1,794.0,Morinda APMC,-0.8437,0.4,-8755.825088,183,M6,False
tomato,1,795.0,Fatehpur APMC,-2.2107,0.028,-24125.733677,248,M6,True
tomato,1,796.0,Auraiya APMC,-1.803,0.0726,-20082.862742,248,M6,False
tomato,1,797.0,Mahoba APMC,-2.747,0.0065,-39713.436364,212,M6,True
tomato,1,799.0,Ramkrishanpur(Howrah) APMC,-1.2651,0.207,-33492.253071,248,M6,False
tomato,1,813.0,Sangamner APMC,0.9813,0.3274,12178.560578,236,M9,False
tomato,1,816.0,Firozabad APMC,-0.2657,0.7907,-2440.885633,248,M6,False
tomato,1,820.0,Ghatal APMC,-0.8827,0.3789,-16235.748295,139,M6,False
tomato,1,821.0,Champadanga APMC,0.1693,0.8657,4016.542134,248,M9,False
tomato,1,823.0,Udupi APMC,-0.9327,0.3522,-26506.546098,183,M6,False
tomato,1,892.0,Ibrahimputnam APMC,-0.6222,0.5345,-15421.352591,220,M6,False
tomato,1,987.0,Pattikonda APMC,0.1127,0.9104,2748.908771,176,M9,False
tomato,1,1048.0,Venkateswarnagar APMC,0.5836,0.5601,6869.107496,239,M9,False
tomato,1,1061.0,Udumalpet APMC,-0.5938,0.5538,-20355.756752,119,M6,False
tomato,1,1070.0,Haldwani APMC,2.9015,0.004,20679.158371,248,M9,True
tomato,1,1071.0,Haridwar Union APMC,-0.1917,0.8481,-1536.93933,248,M6,False
tomato,1,1072.0,Ramnagar APMC,-1.475,0.1416,-20312.881042,231,M6,False
tomato,1,1073.0,Roorkee APMC,2.3885,0.0177,12353.068909,248,M9,True
tomato,1,1074.0,Kotadwara APMC,-1.1911,0.2348,-10721.10437,248,M6,False
tomato,1,1077.0,Manglaur APMC,0.0316,0.9749,335.2917,248,M9,False
tomato,1,1078.0,Gudimalkapur APMC,1.1558,0.2489,9031.119279,248,M9,False
tomato,1,1079.0,Gohana APMC,-1.3925,0.165,-16282.812796,248,M6,False
tomato,1,1081.0,Thodupuzha Market,0.6367,0.5249,17220.782089,248,M9,False
tomato,1,1108.0,Ambala Cantt. APMC,1.0467,0.2964,10044.307882,216,M9,False
tomato,1,1110.0,Ballabhgarh APMC,-0.6488,0.5171,-8354.431853,248,M6,False
tomato,1,1111.0,Sohna APMC,-2.906,0.004,-27090.767489,248,M6,True
tomato,1,1113.0,Mohindergarh APMC,-1.6863,0.0931,-25896.082874,231,M6,False
tomato,1,1124.0,Bahadajholla APMC,-2.3563,0.0194,-44395.585338,211,M6,True
tomato,1,1125.0,Panposh APMC,-1.3702,0.172,-33687.658191,229,M6,False
tomato,1,1128.0,Sirhind APMC,-1.216,0.2252,-15132.236198,248,M6,False
tomato,1,1130.0,Mansa APMC,1.9838,0.0484,32616.554924,248,M9,True
tomato,1,1132.0,Madanganj Kishangarh APMC,-2.5938,0.0102,-32740.682742,200,M6,True
tomato,1,1138.0,Bijnaur APMC,-2.0208,0.0444,-22574.234567,235,M6,True
tomato,1,1139.0,Kasganj APMC,-1.6551,0.0992,-19746.494917,248,M6,False
tomato,1,1140.0,Amroha APMC,-1.8205,0.07,-18156.069398,236,M6,False
tomato,1,1141.0,Pukharayan APMC,-1.8253,0.0692,-17962.947601,248,M6,False
tomato,1,1142.0,Kosikalan APMC,-2.1884,0.0296,-30663.602883,248,M6,True
tomato,1,1143.0,Unnao APMC,-3.0293,0.0027,-38804.580058,248,M6,True
tomato,1,1147.0,Padra APMC,-2.8325,0.005,-42437.285839,248,M6,True
tomato,1,1202.0,Sangareddy APMC,-0.0844,0.9328,-1224.020357,168,M6,False
tomato,1,1204.0,Jharsuguda APMC,1.9339,0.0617,96167.898569,34,M9,False
tomato,1,1214.0,Tindivanam APMC,-1.5676,0.1197,-54333.672194,119,M6,False
tomato,1,1273.0,Navsari APMC,1.1189,0.2648,17926.940525,168,M9,False
tomato,1,1275.0,Kapadvanj APMC,-1.7034,0.0897,-25239.68676,248,M6,False
tomato,1,1287.0,Shrirampur APMC,-0.8266,0.4093,-10587.270861,248,M6,False
tomato,1,1290.0,Bhusaval APMC,0.3336,0.7389,4917.849825,248,M9,False
tomato,1,1304.0,Vadgaonpeth APMC,-0.0649,0.9483,-719.933437,248,M6,False
tomato,1,1308.0,Islampur APMC,-0.8318,0.4063,-9639.696931,248,M6,False
tomato,1,1310.0,Karad APMC,-0.4864,0.6271,-7468.532816,248,M6,False
tomato,1,1312.0,Phaltan APMC,-1.5622,0.1195,-13437.473855,248,M6,False
tomato,1,1313.0,Satara APMC,-0.5142,0.6075,-7743.548981,248,M6,False
tomato,1,1315.0,Vai APMC,-1.079,0.2817,-20020.381286,248,M6,False
tomato,1,1318.0,Mangal Wedha APMC,-0.447,0.6552,-5439.631406,248,M6,False
tomato,1,1355.0,Kalmeshwar APMC,-2.0894,0.0377,-36110.346005,248,M6,True
tomato,1,1372.0,Bijaynagar APMC,1.4273,0.1549,12489.787172,226,M9,False
tomato,1,1377.0,Bayana APMC,1.6175,0.1074,10766.11296,196,M9,False
tomato,1,1385.0,Sujangarh APMC,0.8879,0.3755,8232.697383,248,M9,False
tomato,1,1386.0,Bhadara APMC,-1.1291,0.26,-16406.922942,248,M6,False
tomato,1,1387.0,Goluwala APMC,-1.6235,0.1058,-21854.063694,248,M6,False
tomato,1,1389.0,Rawatsar APMC,-0.6902,0.4907,-7069.997401,248,M6,False
tomato,1,1391.0,Suratgarh APMC,-1.4035,0.162,-27258.969792,200,M6,False
tomato,1,1416.0,Chittorgarh APMC,-2.9196,0.0041,-153246.97121,144,M6,True
tomato,1,1418.0,Rajsamand APMC,-0.8205,0.4127,-14663.654869,248,M6,False
tomato,1,1427.0,Zira APMC,-2.7788,0.0059,-45517.854031,248,M6,True
tomato,1,1428.0,Dinanagar APMC,-1.6992,0.0905,-34165.378535,248,M6,False
tomato,1,1432.0,Dasuya APMC,0.2578,0.7968,4891.25536,190,M9,False
tomato,1,1433.0,Garh Shankar APMC,-0.0428,0.9659,-504.838853,248,M6,False
tomato,1,1434.0,Tanda Urmur APMC,-0.8561,0.3928,-16762.822818,232,M6,False
tomato,1,1438.0,Lohian Khas APMC,-1.9267,0.0554,-13045.809622,205,M6,False
tomato,1,1441.0,Doraha APMC,-2.5305,0.012,-58584.390838,248,M6,True
tomato,1,1446.0,Sahnewal APMC,-2.953,0.0035,-48276.585995,248,M6,True
tomato,1,1448.0,Dharamkot APMC,1.3361,0.1829,20992.235347,219,M9,False
tomato,1,1452.0,Bariwala APMC,-1.7943,0.0741,-34413.759896,228,M6,False
tomato,1,1456.0,Rajpura APMC,-0.8785,0.3805,-8794.816842,248,M6,False
tomato,1,1457.0,Chamkaur Sahib APMC,-2.0235,0.0442,-32971.921965,218,M6,True
tomato,1,1458.0,Kharar APMC,-2.6402,0.0088,-50467.674252,248,M6,True
tomato,1,1464.0,Bassi Pathana APMC,-1.6334,0.1037,-30286.821659,248,M6,False
tomato,1,1466.0,Khamano APMC,-2.5438,0.0116,-46567.7697,248,M6,True
tomato,1,1469.0,Vellore APMC,-1.2338,0.2197,-47255.709985,119,M6,False
tomato,1,1504.0,Nimapara APMC,0.0682,0.946,3233.737742,40,M9,False
tomato,1,1505.0,Parlakhemundi APMC,-0.7434,0.458,-12596.216808,224,M6,False
tomato,1,1506.0,Bhanjanagar APMC,-0.6795,0.4974,-15859.743041,248,M6,False
tomato,1,1507.0,Boudh APMC,-2.4573,0.0149,-92142.225511,197,M6,True
tomato,1,1510.0,Sargipali APMC,-1.8815,0.0611,-43411.094899,248,M6,False
tomato,1,1511.0,Udala APMC,-1.6879,0.0927,-41911.073549,248,M6,False
tomato,1,1512.0,Karanjia APMC,3.6444,0.0007,219498.727125,46,M9,True
tomato,1,1513.0,Jaleswar APMC,0.0674,0.9463,1455.507224,209,M9,False
tomato,1,1516.0,Kamakhyanagar APMC,1.774,0.0773,127301.878211,248,M9,False
tomato,1,1519.0,Betnoti APMC,2.2696,0.0244,17889.985327,187,M9,True
tomato,1,1520.0,Keonjhar APMC,-0.6823,0.4957,-15954.438357,248,M6,False
tomato,1,1523.0,Balugaon APMC,-1.3674,0.1727,-33183.059418,248,M6,False
tomato,1,1525.0,Birmaharajpur APMC,-1.526,0.1286,-86665.951024,202,M6,False
tomato,1,1527.0,Hinjilicut APMC,0.2429,0.8083,5025.057841,216,M9,False
tomato,1,1537.0,Porbandar APMC,-2.3391,0.0201,-49215.613173,248,M6,True
tomato,1,1569.0,Bhagta Bhai Ka APMC,-0.495,0.6211,-6443.280695,248,M6,False
tomato,1,1570.0,Talwandi Sabo APMC,-1.8871,0.0604,-36637.178648,239,M6,False
tomato,1,1573.0,Mamdot APMC,-1.5301,0.1276,-32333.36744,198,M6,False
tomato,1,1579.0,Bilga APMC,-1.7248,0.0861,-17314.375092,207,M6,False
tomato,1,1587.0,Dera Bassi APMC,-1.0768,0.2827,-7498.277126,239,M6,False
tomato,1,1593.0,Lehra Gaga APMC,-1.8624,0.0637,-30234.662315,248,M6,False
tomato,1,1595.0,Sangrur APMC,-2.2218,0.0276,-28252.345923,177,M6,True
tomato,1,1598.0,Palitana APMC,-2.3498,0.02,-38812.550764,168,M6,True
tomato,1,1602.0,Mulbagal APMC,1.4477,0.149,8831.165203,248,M9,False
tomato,1,1606.0,Rayya APMC,-1.7437,0.0824,-11794.109275,248,M6,False
tomato,1,1610.0,Ajmer(F&V) APMC,0.4812,0.6308,4786.505432,248,M9,False
tomato,1,1614.0,Sriganganagar (F&V) APMC,-1.1545,0.2495,-17657.795702,224,M6,False
tomato,1,1626.0,Damnagar APMC,-1.8919,0.0597,-56046.094976,248,M6,False
tomato,1,1631.0,Panvel APMC,-0.5455,0.5859,-13848.827075,245,M6,False
tomato,1,1634.0,Rahuri APMC,1.8555,0.0648,16491.022343,223,M9,False
tomato,1,1637.0,Akluj APMC,-0.6171,0.5381,-18204.0654,145,M6,False
tomato,1,1651.0,Ratnagiri (Nachane) APMC,-0.4876,0.6263,-9527.299284,248,M6,False
tomato,1,1658.0,Patan APMC,-0.6806,0.4968,-5310.146255,248,M6,False
tomato,1,1663.0,Sitarganj APMC,0.2531,0.8004,2846.996019,248,M9,False
tomato,1,1664.0,Jaspur(UC) APMC,0.1112,0.9116,1302.550365,219,M9,False
tomato,1,1700.0,Champaknagar APMC,-3.2532,0.0013,-135723.678114,239,M6,True
tomato,1,1702.0,Garjee APMC,-1.3381,0.1821,-36332.517702,248,M6,False
tomato,1,1715.0,Kopaganj APMC,-0.5242,0.6006,-3950.628779,248,M6,False
tomato,1,1716.0,Partaval APMC,-3.075,0.0024,-39533.391431,210,M6,True
tomato,1,1717.0,Orai APMC,-1.6088,0.1089,-19295.737654,248,M6,False
tomato,1,1718.0,Kannauj APMC,-2.0901,0.0377,-17779.238125,237,M6,True
tomato,1,1719.0,Robertsganj APMC,-1.6093,0.1088,-16725.911157,248,M6,False
tomato,1,1720.0,Aligarh APMC,-1.0265,0.3056,-11282.276545,248,M6,False
tomato,1,1721.0,Akbarpur APMC,-3.0123,0.0029,-45843.381514,248,M6,True
tomato,1,1722.0,Balrampur APMC,-2.7737,0.006,-28105.673267,239,M6,True
tomato,1,1723.0,Chandoli APMC,-2.0583,0.0407,-22685.367811,236,M6,True
tomato,1,1724.0,Ajuha APMC,-1.5883,0.1135,-16769.160424,248,M6,False
tomato,1,1725.0,Banda APMC,-2.0376,0.0428,-26189.553311,226,M6,True
tomato,1,1726.0,Hapur APMC,-1.2048,0.2294,-10799.728089,248,M6,False
tomato,1,1727.0,Naugarh APMC,-2.594,0.0101,-38334.517696,238,M6,True
tomato,1,1729.0,Dadri APMC,-2.3763,0.0182,-27600.27304,248,M6,True
tomato,1,1730.0,Haathras APMC,-1.2487,0.213,-17512.423134,248,M6,False
tomato,1,1731.0,Golagokarnath APMC,-2.0999,0.0368,-26206.151455,248,M6,True
tomato,1,1732.0,Puranpur APMC,-2.7468,0.0065,-33288.298339,248,M6,True
tomato,1,1733.0,Bangarmau APMC,-2.8979,0.0041,-42535.474841,235,M6,True
tomato,1,1735.0,Bishalpur APMC,-2.5727,0.0107,-32414.914948,248,M6,True
tomato,1,1736.0,Tilhar APMC,-1.0252,0.3063,-10851.675868,233,M6,False
tomato,1,1737.0,Kayamganj APMC,-1.4993,0.1352,-12967.74657,232,M6,False
tomato,1,1738.0,Konch APMC,-0.9867,0.3248,-10880.323908,248,M6,False
tomato,1,1739.0,Mauranipur APMC,-2.1167,0.0355,-28979.754943,211,M6,True
tomato,1,1740.0,Sahiyapur APMC,-1.6344,0.1037,-17237.307424,206,M6,False
tomato,1,1741.0,Bharthna APMC,-1.5652,0.1188,-15818.806672,248,M6,False
tomato,1,1742.0,Chaandpur APMC,0.4014,0.6885,2999.267422,232,M9,False
tomato,1,1743.0,Jayas APMC,-2.4568,0.0148,-34533.802156,224,M6,True
tomato,1,1744.0,Ujhani APMC,-0.839,0.4027,-9617.335804,171,M6,False
tomato,1,1746.0,Paliakala APMC,-2.5785,0.0108,-40112.304347,174,M6,True
tomato,1,1747.0,Atarra APMC,-2.2674,0.0243,-31321.147968,228,M6,True
tomato,1,1748.0,Bindki APMC,-3.4905,0.0006,-33933.459465,234,M6,True
tomato,1,1750.0,Gurusarai APMC,-1.3677,0.1736,-28862.48321,143,M6,False
tomato,1,1751.0,Sehjanwa APMC,-2.0438,0.0423,-31033.377443,200,M6,True
tomato,1,1752.0,Jhijhank APMC,-0.9551,0.341,-11792.886083,153,M6,False
tomato,1,1753.0,Khurja APMC,-1.4014,0.1624,-13592.003834,234,M6,False
tomato,1,1754.0,Gangoh APMC,-0.8457,0.3986,-11911.981916,234,M6,False
tomato,1,1755.0,Charra APMC,-1.8003,0.0731,-22515.336075,237,M6,False
tomato,1,1757.0,Ghiraur APMC,-1.6905,0.0924,-22773.059623,209,M6,False
tomato,1,1758.0,Shikohabad APMC,-1.4833,0.1399,-14439.753952,168,M6,False
tomato,1,1759.0,Khair APMC,-1.5693,0.1179,-18984.372896,248,M6,False
tomato,1,1760.0,Safdarganj APMC,-2.9914,0.0031,-32869.157544,248,M6,True
tomato,1,1761.0,Jafarganj APMC,-2.911,0.004,-38344.121453,216,M6,True
tomato,1,1763.0,Naanpara APMC,-2.0949,0.0373,-30612.485032,223,M6,True
tomato,1,1764.0,Jasra APMC,-1.3859,0.167,-14772.262286,248,M6,False
tomato,1,1765.0,Dibiapur APMC,-2.3706,0.0187,-11172.357816,214,M6,True
tomato,1,1768.0,Baripaal APMC,-0.8839,0.3776,-7921.252472,248,M6,False
tomato,1,1770.0,Jasvantnagar APMC,-2.0309,0.0433,-19129.411307,248,M6,True
tomato,1,1771.0,Nautnava APMC,0.4171,0.677,2827.809502,214,M9,False
tomato,1,1772.0,Tulsipur APMC,-2.8792,0.0044,-34617.011206,233,M6,True
tomato,1,1773.0,Anandnagar APMC,-0.9079,0.3649,-7485.108593,226,M6,False
tomato,1,1774.0,Mehmoodabad APMC,-1.3437,0.1808,-14634.153618,177,M6,False
tomato,1,1777.0,Madhoganj APMC,-3.1453,0.0019,-41219.27803,233,M6,True
tomato,1,1778.0,Dudhi APMC,-3.2696,0.0012,-22558.683427,248,M6,True
tomato,1,1779.0,Shahganj APMC,-2.4241,0.0161,-31223.798405,222,M6,True
tomato,1,1780.0,Mugrabaadshahpur APMC,-3.2081,0.0015,-40549.906248,238,M6,True
tomato,1,1785.0,Rampurmaniharan APMC,2.0937,0.0374,17108.739673,234,M9,True
tomato,1,1787.0,Hasanpur APMC,0.5136,0.608,5201.584813,248,M9,False
tomato,1,1788.0,Sambhal APMC,-3.9124,0.0001,-15394.043698,248,M6,True
tomato,1,1790.0,Bilsi APMC,-2.0964,0.0374,-28947.492916,188,M6,True
tomato,1,1791.0,Najibabad APMC,-1.3801,0.1692,-6951.808554,192,M6,False
tomato,1,1793.0,Jalaun APMC,-1.5884,0.1135,-21146.673041,248,M6,False
tomato,1,1794.0,Maudaha APMC,-1.7114,0.089,-36936.756061,158,M6,False
tomato,1,1795.0,Bharuasumerpur APMC,-1.5203,0.1299,-21798.32198,215,M6,False
tomato,1,1799.0,Chirgaon APMC,-2.3408,0.0202,-33346.593024,204,M6,True
tomato,1,1800.0,Moth APMC,-1.5242,0.129,-19725.844994,204,M6,False
tomato,1,1804.0,Barwala APMC,0.2447,0.8069,3077.870209,248,M9,False
tomato,1,1805.0,Barara APMC,1.1074,0.2693,5568.440996,221,M9,False
tomato,1,1808.0,Naraingarh APMC,-0.6925,0.4893,-5449.624896,248,M6,False
tomato,1,1809.0,Shahzadpur APMC,2.2273,0.0268,12572.283579,248,M9,True
tomato,1,1810.0,Jagadhri APMC,-1.3472,0.1791,-12584.470534,248,M6,False
tomato,1,1811.0,Chhachrauli APMC,-2.5104,0.0127,-37581.429008,248,M6,True
tomato,1,1812.0,Mustafabad APMC,-0.8931,0.3727,-12358.176328,248,M6,False
tomato,1,1813.0,Sadhaura APMC,-0.0184,0.9853,-173.610261,248,M6,False
tomato,1,1814.0,Radaur APMC,-0.1908,0.8488,-1908.542173,247,M6,False
tomato,1,1823.0,Farukh Nagar APMC,-0.837,0.4034,-7967.921339,248,M6,False
tomato,1,1826.0,Punhana APMC,-2.4003,0.0171,-29321.476389,248,M6,True
tomato,1,1827.0,Tauru APMC,-2.8704,0.0045,-57617.779794,248,M6,True
tomato,1,1828.0,Barwala(Hisar) APMC,-2.3785,0.0182,-34955.585996,218,M6,True
tomato,1,1833.0,Jakhal APMC,-0.0797,0.9365,-1427.422103,248,M6,False
tomato,1,1839.0,Dhand APMC,-2.5139,0.0126,-24439.241497,248,M6,True
tomato,1,1842.0,Siwan APMC,-2.1031,0.0365,-18167.498037,248,M6,True
tomato,1,1844.0,Gharaunda APMC,-2.1497,0.0326,-29097.467301,248,M6,True
tomato,1,1852.0,Madlauda APMC,-0.5095,0.6108,-4222.601767,248,M6,False
tomato,1,1853.0,Samalkha APMC,-0.1718,0.8637,-1522.806282,238,M6,False
tomato,1,1860.0,Meham APMC,-1.3255,0.1862,-13072.835117,248,M6,False
tomato,1,1861.0,Sampla APMC,-2.8108,0.0053,-52940.994096,246,M6,True
tomato,1,1864.0,Ganaur APMC,-1.6936,0.0916,-20998.565484,248,M6,False
tomato,1,1868.0,Bowenpally APMC,0.6546,0.5133,6279.991379,248,M9,False
tomato,1,1896.0,Navapur APMC,-0.1283,0.898,-1746.428355,164,M6,False
tomato,1,1902.0,Vita APMC,0.7381,0.4613,9187.113218,203,M9,False
tomato,1,1903.0,Palus APMC,0.5061,0.6132,6649.83131,248,M9,False
tomato,1,1939.0,Ramtek APMC,-2.6541,0.0085,-74927.210511,248,M6,True
tomato,1,1967.0,Karvi APMC,-2.187,0.0297,-26145.019829,248,M6,True
tomato,1,1973.0,Kuruppanthura Market,-1.2301,0.2199,-49552.858772,243,M6,False
tomato,1,1974.0,Chelakkara Market,-1.1182,0.2646,-24180.862797,248,M6,False
tomato,1,1975.0,Munnar Market,1.0975,0.2735,40631.726426,248,M9,False
tomato,1,1977.0,Kottakkal Market,1.5277,0.1279,37460.124914,248,M9,False
tomato,1,1978.0,Angamaly Market,-0.2952,0.7681,-8814.78578,248,M6,False
tomato,1,1979.0,Kallachi Market,-0.6898,0.4909,-14888.729559,248,M6,False
tomato,1,1980.0,Taliparamba Market,0.5375,0.5918,16535.952049,136,M9,False
tomato,1,1986.0,Madhavapuram Market,0.6984,0.4856,21193.720302,225,M9,False
tomato,1,1987.0,Mulakalacheruvu APMC,0.0276,0.978,548.526797,176,M9,False
tomato,1,2006.0,Sasthamkotta Market,-0.9591,0.3384,-25889.136989,248,M6,False
tomato,1,2007.0,Piravam Market,1.066,0.2875,32157.506355,248,M9,False
tomato,1,2008.0,Aralamoodu Market,1.617,0.1072,50808.332108,248,M9,False
tomato,1,2011.0,Neyyatinkara Market,0.5694,0.5696,19126.308764,235,M9,False
tomato,1,2012.0,Attingal Market,1.1481,0.252,33753.076759,248,M9,False
tomato,1,2013.0,Anchal Market,0.8047,0.4217,18617.445288,248,M9,False
tomato,1,2015.0,Chengannur Market,0.5011,0.6168,13072.283411,248,M9,False
tomato,1,2016.0,Kayamkulam Market,-0.3673,0.7137,-9268.156582,248,M6,False
tomato,1,2019.0,Pampady Market,1.8277,0.0688,49458.679781,248,M9,False
tomato,1,2020.0,Ettumanoor Market,0.0647,0.9485,1452.011943,248,M9,False
tomato,1,2021.0,Kanjirappally Market,0.3397,0.7344,13406.611147,248,M9,False
tomato,1,2022.0,Pala Market,1.1599,0.2472,34291.865508,248,M9,False
tomato,1,2024.0,Chalakudy Market,0.8844,0.3773,28061.125506,248,M9,False
tomato,1,2026.0,Chavakkad Market,-0.3903,0.6966,-10083.522085,248,M6,False
tomato,1,2027.0,Wadakkanchery Market,-0.3526,0.7247,-8869.738113,248,M6,False
tomato,1,2032.0,Kuthuparambu Market,-0.7963,0.4272,-26923.270689,142,M6,False
tomato,1,2034.0,Manjeswaram Market,0.7817,0.4351,18865.774999,248,M9,False
tomato,1,2035.0,Kanjangadu Market,0.3461,0.7295,8465.850777,248,M9,False
tomato,1,2036.0,Vamanapuram Market,0.2966,0.767,7219.837377,248,M9,False
tomato,1,2039.0,Rahata APMC,0.7568,0.4499,6571.347831,248,M9,False
tomato,1,2147.0,Khed(Chakan) APMC,-0.8325,0.4059,-13730.50763,248,M6,False
tomato,1,2148.0,Pune(Pimpri) APMC,-0.3186,0.7503,-3455.79322,248,M6,False
tomato,1,2149.0,Pune(Khadiki) APMC,-0.7661,0.4443,-4382.366868,248,M6,False
tomato,1,2163.0,Chandrapur(Ganjwad) APMC,-0.3872,0.6989,-3177.563845,248,M6,False
tomato,1,2173.0,Kathua (F&V),-1.9757,0.0493,-32588.993113,248,M6,True
tomato,1,2176.0,Thrippunithura Market,1.4398,0.1512,42309.819543,248,M9,False
tomato,1,2177.0,Pattambi Market,0.0494,0.9607,1280.862199,248,M9,False
tomato,1,2181.0,Khekda APMC,-0.8426,0.4003,-9662.682122,248,M6,False
tomato,1,2182.0,Jahangirabad APMC,-2.0433,0.0421,-20215.583463,248,M6,True
tomato,1,2183.0,Siyana APMC,0.2429,0.8083,2351.184871,219,M9,False
tomato,1,2184.0,Sikanderabad APMC,-0.9582,0.339,-10851.596817,227,M6,False
tomato,1,2185.0,Anoop Shahar APMC,-2.9974,0.003,-37725.343268,232,M6,True
tomato,1,2186.0,Sikarpur APMC,-1.1139,0.2665,-13011.771803,222,M6,False
tomato,1,2188.0,Chutmalpur APMC,-0.5054,0.6138,-2257.617944,239,M6,False
tomato,1,2190.0,Kairana APMC,-0.6621,0.5086,-5889.693919,239,M6,False
tomato,1,2191.0,Thanabhavan APMC,-1.8144,0.0708,-15055.230796,248,M6,False
tomato,1,2193.0,Fatehabad APMC,1.6095,0.1088,12248.875242,238,M9,False
tomato,1,2194.0,Achnera APMC,-1.1306,0.2595,-19285.958422,214,M6,False
tomato,1,2195.0,Khairagarh APMC,-1.8927,0.0598,-22753.499702,204,M6,False
tomato,1,2196.0,Jagnair APMC,-1.4095,0.16,-16641.363302,248,M6,False
tomato,1,2197.0,Fatehpur Sikri APMC,-0.8752,0.3824,-9986.553225,223,M6,False
tomato,1,2198.0,Samsabad APMC,-0.8661,0.3873,-6761.92582,248,M6,False
tomato,1,2200.0,Shadabad APMC,0.0136,0.9892,200.570804,248,M9,False
tomato,1,2203.0,Awagarh APMC,1.1131,0.2667,7154.320198,248,M9,False
tomato,1,2204.0,Sirsaganj APMC,1.0228,0.3076,9245.231072,200,M9,False
tomato,1,2205.0,Tundla APMC,-1.9517,0.0521,-24016.924514,248,M6,False
tomato,1,2206.0,Kiratpur APMC,-1.6167,0.1073,-16044.56741,236,M6,False
tomato,1,2209.0,Dhanaura APMC,0.3909,0.6962,1379.171726,248,M9,False
tomato,1,2212.0,Anwala APMC,-0.0875,0.9303,-1213.344514,248,M6,False
tomato,1,2214.0,Wazirganj APMC,-2.0495,0.0417,-27345.491046,204,M6,True
tomato,1,2218.0,Choubepur APMC,-2.2325,0.0266,-27617.387917,215,M6,True
tomato,1,2222.0,Mohamadabad APMC,-0.7231,0.4709,-17579.322702,132,M6,False
tomato,1,2223.0,Achalda APMC,-1.1738,0.2418,-13245.823759,213,M6,False
tomato,1,2227.0,Salon APMC,-2.1501,0.0336,-27642.978479,119,M6,True
tomato,1,2228.0,Viswan APMC,-2.0863,0.0383,-33334.000699,194,M6,True
tomato,1,2236.0,Muskara APMC,-2.1869,0.0299,-35230.416748,210,M6,True
tomato,1,2239.0,Rudauli APMC,-1.6293,0.1046,-19913.729368,234,M6,False
tomato,1,2240.0,Nawabganj APMC,-2.1289,0.0343,-22289.524944,248,M6,True
tomato,1,2243.0,Ahirora APMC,-0.9586,0.3388,-12109.304313,218,M6,False
tomato,1,2244.0,Doharighat APMC,1.2667,0.2065,15138.600903,230,M9,False
tomato,1,2245.0,Rasda APMC,-2.4632,0.0145,-33538.298428,229,M6,True
tomato,1,2246.0,Chitwadagaon APMC,-3.1109,0.0021,-41793.169116,208,M6,True
tomato,1,2248.0,Chorichora APMC,-2.4349,0.0158,-31774.02078,192,M6,True
tomato,1,2249.0,Khalilabad APMC,0.4096,0.6825,3528.492646,248,M9,False
tomato,1,2250.0,Gadaura APMC,1.2532,0.2119,11821.855765,165,M9,False
tomato,1,2254.0,Valangaiman APMC,-0.9735,0.3323,-34939.124101,119,M6,False
tomato,1,2269.0,Uluberia APMC,-1.3289,0.1851,-32442.508,248,M6,False
tomato,1,2270.0,Sheoraphuly APMC,-0.1465,0.8836,-3819.730916,248,M6,False
tomato,1,2272.0,Egra/contai APMC,-0.2718,0.786,-6493.802647,248,M6,False
tomato,1,2373.0,Gandai APMC,-2.7496,0.0071,-23373.96213,101,M6,True
tomato,1,2422.0,Thirupathur APMC,-1.8694,0.0641,-66303.178422,119,M6,False
tomato,1,2444.0,FerozpurZirkha(Nagina) APMC,-1.5555,0.1211,-22581.489646,248,M6,False
tomato,1,2481.0,Kota (F&V) APMC,-1.0607,0.2899,-10951.740656,237,M6,False
tomato,1,2487.0,Jalandhar City(Jalandhar) APMC,1.6264,0.1051,13163.809292,248,M9,False
tomato,1,2490.0,Nawan Shahar(Subzi Mandi) APMC,-0.2294,0.8188,-4898.339476,174,M6,False
tomato,1,2498.0,Amritsar(Amritsar Mewa Mandi) APMC,0.6557,0.5128,7981.705453,201,M9,False
tomato,1,2510.0,Mukerian(Talwara) APMC,-1.4431,0.1504,-35446.509081,228,M6,False
tomato,1,2521.0,SMY Nadaun,-4.3482,0.0,-102799.382931,248,M6,True
tomato,1,2524.0,SMY Takoli,-0.8269,0.4091,-11361.880835,248,M6,False
tomato,1,2526.0,SMY Baijnath,-3.29,0.0011,-80364.511871,248,M6,True
tomato,1,2527.0,SMY Nagrota Bagwan,-3.2894,0.0012,-56168.671659,226,M6,True
tomato,1,2528.0,SMY Jassur,-2.1383,0.0336,-46232.398824,222,M6,True
tomato,1,2529.0,SMY Jaisinghpur,-3.0112,0.0029,-47206.25519,248,M6,True
tomato,1,2537.0,Siliguri APMC,-0.4323,0.6659,-7955.888159,248,M6,False
tomato,1,2545.0,Rajkot(Veg.Sub Yard) APMC,-2.0384,0.0426,-33333.182975,248,M6,True
tomato,1,2549.0,Dahod(Veg. Market) APMC,-1.0889,0.2773,-12447.358619,248,M6,False
tomato,1,2551.0,Vadodara(Sayajipura) APMC,-2.0999,0.0368,-43790.120053,248,M6,True
tomato,1,2556.0,"Kalol(Veg,Market,Kalol) APMC",-2.5453,0.0117,-35693.978867,200,M6,True
tomato,1,2571.0,"Anand(Veg,Yard,Anand) APMC",-1.9103,0.0573,-38783.973583,248,M6,False
tomato,1,2584.0,Mansa(Manas Veg Yard) APMC,-2.0506,0.0414,-39143.630356,248,M6,True
tomato,1,2668.0,Kottarakkara Market,0.1039,0.9173,3785.314042,248,M9,False
tomato,1,2670.0,Chathanoor Market,1.9406,0.0534,72577.408285,248,M9,False
tomato,1,2673.0,Mannar Market,0.463,0.6438,13095.992492,248,M9,False
tomato,1,2674.0,Athirampuzha Market,-0.2589,0.7959,-7183.085251,248,M6,False
tomato,1,2675.0,Thalayolaparambu Market,-1.0237,0.307,-28667.329626,248,M6,False
tomato,1,2676.0,Adimali Market,1.2395,0.2163,42178.596826,247,M9,False
tomato,1,2677.0,Vandiperiyar Market,3.8455,0.0002,68008.284812,240,M9,True
tomato,1,2679.0,Kattappana Market,0.1203,0.9043,3478.003903,248,M9,False
tomato,1,2680.0,Perumbavoor Market,-0.2135,0.8311,-5468.660149,248,M6,False
tomato,1,2681.0,Kothamangalam Market,0.132,0.8951,3767.415726,248,M9,False
tomato,1,2682.0,vadakarapathy Market,-0.516,0.6064,-10381.019401,209,M6,False
tomato,1,2683.0,Vadakkenchery Market,-0.1715,0.864,-3972.840082,248,M6,False
tomato,1,2684.0,Perinthalmanna Market,-1.7555,0.0805,-35536.101035,238,M6,False
tomato,1,2685.0,Parappanangadi Market,-1.0643,0.2884,-17714.141179,210,M6,False
tomato,1,2686.0,Thirurrangadi Market,-0.7672,0.4437,-17397.635436,248,M6,False
tomato,1,2687.0,Kondotty Market,0.2357,0.8139,6363.605415,235,M9,False
tomato,1,2689.0,Perambra Market,0.3043,0.7611,7304.423532,238,M9,False
tomato,1,2690.0,Mukkom Market,-1.6756,0.0955,-54410.740559,191,M6,False
tomato,1,2691.0,Quilandy Market,-1.0455,0.2968,-24968.203585,248,M6,False
tomato,1,2692.0,Thamarassery Market,-0.6825,0.4956,-16649.611189,248,M6,False
tomato,1,2693.0,Chala Market,-0.8122,0.4175,-20591.832355,248,M6,False
tomato,1,2696.0,Phillaur(Apra Mandi) APMC,-2.433,0.0158,-46654.860753,202,M6,True
tomato,1,2701.0,Garh Shankar(Mahalpur) APMC,-1.0865,0.2785,-17179.114072,217,M6,False
tomato,1,2704.0,Amrawati(Frui & Veg. Market) APMC,-0.5328,0.5947,-7131.521468,248,M6,False
tomato,1,2713.0,Bonai APMC,0.0205,0.9836,549.219973,220,M9,False
tomato,1,2714.0,Bargarh(Barapalli) APMC,-1.4081,0.1607,-39135.499727,194,M6,False
tomato,1,2720.0,Kendrapara(Marshaghai) APMC,-0.9025,0.3677,-19267.228145,248,M6,False
tomato,1,2721.0,Keonjhar(Dhekikote) APMC,-1.5131,0.1315,-34878.183994,248,M6,False
tomato,1,2738.0,Udaipur (F&V) APMC,-0.649,0.517,-8125.067545,239,M6,False
tomato,1,2739.0,Chomu FV APMC,-0.4954,0.6208,-7606.789999,248,M6,False
tomato,1,2744.0,Bassi APMC,-1.4163,0.1579,-23983.77139,248,M6,False
tomato,1,2758.0,HanumangarhTown APMC,-1.5505,0.1226,-16291.544011,198,M6,False
tomato,1,2773.0,Mehsana(Mehsana Veg) APMC,-1.1678,0.244,-25090.615112,248,M6,False
tomato,1,2774.0,Deesa(Deesa Veg Yard) APMC,-1.5783,0.1158,-32879.458175,248,M6,False
tomato,1,2800.0,Khandhla APMC,-2.8659,0.0045,-13551.942803,238,M6,True
tomato,1,2803.0,Noida APMC,-2.6211,0.0093,-23104.904877,248,M6,True
tomato,1,2808.0,Milak APMC,-1.405,0.1614,-17833.736099,224,M6,False
tomato,1,2896.0,Sealdah Koley Market APMC,0.0109,0.9913,320.673815,248,M9,False
tomato,1,2897.0,Habra APMC,0.2081,0.8353,5246.529431,248,M9,False
tomato,1,2898.0,Khatra APMC,-0.4818,0.6304,-19609.472782,248,M6,False
tomato,1,2899.0,Durgapur APMC,-0.825,0.4102,-16307.664396,248,M6,False
tomato,1,2900.0,Memari APMC,0.1409,0.888,3146.81247,248,M9,False
tomato,1,2901.0,Pundibari APMC,-0.9833,0.3266,-25305.310672,200,M6,False
tomato,1,2905.0,Balarampur APMC,-2.3702,0.0185,-37825.429774,248,M6,True
tomato,1,2907.0,Chevella APMC,-0.9147,0.3613,-15214.921848,241,M6,False
tomato,1,2910.0,"New Grain Market , Faridabad APMC",-0.6989,0.4853,-9456.568058,246,M6,False
tomato,1,2940.0,Tiruchengode APMC,-1.0735,0.2852,-41266.159979,119,M6,False
tomato,1,2970.0,Thuraiyur APMC,-2.1784,0.0319,-86038.392603,94,M6,True
tomato,1,3014.0,Kalikiri APMC,0.9916,0.3223,14143.483627,248,M9,False
tomato,1,3018.0,L B Nagar APMC,0.9558,0.3403,9270.304541,212,M9,False
tomato,1,3044.0,Bagepalli APMC,-0.7644,0.4455,-8774.711239,213,M6,False
tomato,1,3045.0,Harda(F&V) APMC,1.4033,0.1627,14226.873826,147,M9,False
tomato,1,3050.0,Khandwa(F&V) APMC,1.8171,0.071,4303.42565,169,M9,False
tomato,1,3054.0,Dewas(F&V) APMC,0.5051,0.6141,3355.88319,169,M9,False
tomato,1,3059.0,Lashkar(F&V) APMC,-0.4939,0.622,-6144.694849,171,M6,False
tomato,1,3067.0,Sagar(F&V) APMC,-1.012,0.313,-13916.076626,170,M6,False
tomato,1,3071.0,Jabalpur(F&V) APMC,-0.7277,0.4678,-6503.628501,170,M6,False
tomato,1,3075.0,Chhindwara(F&V) APMC,-0.0165,0.9869,-62.289869,138,M6,False
tomato,1,3080.0,Tusura APMC,-0.8115,0.4181,-28880.400594,180,M6,False
tomato,1,3084.0,Saraskana APMC,-0.7726,0.4406,-18343.644647,225,M6,False
tomato,1,3086.0,Godbhaga APMC,-0.4572,0.6481,-11932.335978,193,M6,False
tomato,1,3087.0,Sahidngar APMC,0.803,0.4232,25232.466072,156,M9,False
tomato,1,3089.0,Sarankul APMC,-2.9213,0.0039,-49704.315279,204,M6,True
tomato,1,3092.0,Saharpada APMC,-1.068,0.2865,-23355.97128,248,M6,False
tomato,1,3093.0,Sohela APMC,-2.2286,0.0272,-75466.393161,162,M6,True
tomato,1,3100.0,Sonamura APMC,0.617,0.5378,15433.047756,248,M9,False
tomato,1,3105.0,Barpathari APMC,-0.0105,0.9916,-329.488398,239,M6,False
tomato,1,3117.0,Asansol APMC,-1.2101,0.2274,-24533.58524,248,M6,False
tomato,1,3130.0,Junnar(Narayangaon) APMC,-0.3766,0.7068,-5731.521263,248,M6,False
tomato,1,3142.0,Kamthi APMC,-1.9262,0.0552,-40064.03381,248,M6,False
tomato,1,3218.0,Tiphra APMC,0.2647,0.7915,2543.926946,235,M9,False
tomato,1,3297.0,Khariar APMC,-0.9787,0.3288,-32071.607277,225,M6,False
tomato,1,3299.0,Chuliaposi APMC,0.4093,0.6829,13827.712748,166,M9,False
tomato,1,3300.0,Gopa APMC,-1.2291,0.2202,-27879.476235,248,M6,False
tomato,1,3301.0,Pattamundai APMC,-0.6502,0.5162,-15565.810263,248,M6,False
tomato,1,3302.0,Chatta Krushak Bazar APMC,-0.945,0.3456,-21777.878371,248,M6,False
tomato,1,3306.0,Nilagiri APMC,-0.7274,0.4677,-9448.937736,238,M6,False
tomato,1,3308.0,Hindol APMC,-0.7793,0.4365,-19019.369079,248,M6,False
tomato,1,3327.0,Mahabubnagar(Rythu Bazar) APMC,-1.1685,0.2439,-36780.347445,216,M6,False
tomato,1,3332.0,Mehndipatnam(Rythu Bazar) APMC,-0.0106,0.9916,-250.293029,212,M6,False
tomato,1,3339.0,Falakata APMC,-0.1918,0.8481,-3839.052013,234,M6,False
tomato,1,3341.0,Karsiyang(Matigara) APMC,-1.179,0.2395,-43482.955806,248,M6,False
tomato,1,3344.0,Gangarampur(Dakshin Dinajpur) APMC,0.5062,0.6131,15633.943818,248,M9,False
tomato,1,3346.0,Diamond Harbour(South 24-pgs) APMC,-0.4559,0.6488,-15696.47457,248,M6,False
tomato,1,3347.0,Kalipur APMC,0.0494,0.9606,1168.448209,248,M9,False
tomato,1,3349.0,Ranaghat APMC,-0.339,0.7349,-10507.594203,248,M6,False
tomato,1,3350.0,Chakdah APMC,-0.2546,0.7992,-9532.066128,248,M6,False
tomato,1,3352.0,Garbeta(Medinipur) APMC,-0.6329,0.5274,-15371.709484,248,M6,False
tomato,1,3354.0,Kasipur APMC,-0.5355,0.595,-19430.72246,46,M6,False
tomato,1,3355.0,Sainthia APMC,0.8983,0.3699,26106.614225,248,M9,False
tomato,1,3374.0,Vankaner(Sub yard) APMC,-2.0995,0.0373,-90742.804443,162,M6,True
tomato,1,3393.0,Broadway market Market,0.1326,0.8947,5089.548875,145,M9,False
tomato,1,3394.0,North Paravur Market,-2.1185,0.0358,-83670.472285,146,M6,True
tomato,1,3445.0,APMC Azadpur,-0.3249,0.7455,-4222.764466,248,M6,False
tomato,1,3449.0,Pune(Manjri) APMC,-1.76,0.0796,-38304.534808,248,M6,False
tomato,1,3450.0,Pune(Moshi) APMC,-0.1888,0.8504,-2725.837233,248,M6,False
tomato,1,3452.0,Agriculture Produce Market Committee Hingna,-1.2868,0.1997,-38826.244975,199,M6,False
tomato,1,3517.0,PMY Kangni Mandi,-1.2374,0.2224,-42334.636752,46,M6,False
tomato,1,3626.0,Dablirathan APMC,-0.3415,0.7337,-5130.744251,77,M6,False
tomato,1,3673.0,Boxonagar,-0.6323,0.5278,-17671.328159,248,M6,False
tomato,1,3680.0,Kadamtala,1.6857,0.0931,34775.416386,248,M9,False
tomato,1,4055.0,Ariyalur(Uzhavar Sandhai),-0.8193,0.4143,-52513.485724,115,M6,False
tomato,1,4056.0,Jeyankondam (Uzhavar Sandhai ),-0.8966,0.3718,-61054.064252,115,M6,False
tomato,1,4057.0,RSPuram(Uzhavar Sandhai ),-0.7163,0.4758,-39907.632381,85,M6,False
tomato,1,4058.0,Singanallur(Uzhavar Sandhai ),-0.4632,0.6441,-20530.123337,115,M6,False
tomato,1,4059.0,Pollachi(Uzhavar Sandhai ),-0.4643,0.6433,-18283.748019,115,M6,False
tomato,1,4060.0,Mettupalayam(Uzhavar Sandhai ),-0.3218,0.7482,-12777.239673,115,M6,False
tomato,1,4061.0,Kurichi(Uzhavar Sandhai ),-0.3293,0.7426,-15553.247735,98,M6,False
tomato,1,4062.0,Sulur(Uzhavar Sandhai ),-0.5746,0.5667,-23757.02263,115,M6,False
tomato,1,4063.0,Vadavalli(Uzhavar Sandhai ),-0.7188,0.4737,-29448.912315,115,M6,False
tomato,1,4064.0,Sundarapuram(Uzhavar Sandhai ),-0.7356,0.464,-33615.580663,88,M6,False
tomato,1,4065.0,Cuddalore(Uzhavar Sandhai ),-1.0202,0.3098,-49559.144184,115,M6,False
tomato,1,4066.0,Chidambaram(Uzhavar Sandhai ),-1.3586,0.1772,-69773.876827,104,M6,False
tomato,1,4067.0,Viruthachalam(Uzhavar Sandhai ),-0.9349,0.3518,-53098.308833,115,M6,False
tomato,1,4068.0,Panruti(Uzhavar Sandhai ),-1.2498,0.2139,-55494.502414,115,M6,False
tomato,1,4069.0,Vadalur(Uzhavar Sandhai ),-1.934,0.0617,-198970.224575,34,M6,False
tomato,1,4070.0,Dharmapuri(Uzhavar Sandhai ),0.5688,0.5706,25616.473368,115,M9,False
tomato,1,4071.0,Pennagaram(Uzhavar Sandhai ),-0.2857,0.7756,-13279.812152,115,M6,False
tomato,1,4072.0,Palacode(Uzhavar Sandhai ),-0.492,0.6239,-22425.758631,93,M6,False
tomato,1,4073.0,Harur(Uzhavar Sandhai ),-0.866,0.3883,-33377.769627,115,M6,False
tomato,1,4074.0,AJattihalli(Uzhavar Sandhai ),-0.8544,0.3949,-36711.512992,105,M6,False
tomato,1,4075.0,Dindigul(Uzhavar Sandhai ),-0.34,0.7345,-13778.414432,115,M6,False
tomato,1,4076.0,Palani(Uzhavar Sandhai ),-0.1674,0.8674,-6656.203392,115,M6,False
tomato,1,4077.0,Chinnalapatti(Uzhavar Sandhai ),-0.3429,0.7323,-15951.075857,115,M6,False
tomato,1,4080.0,Vedasanthur(Uzhavar Sandhai ),-0.4659,0.6422,-19516.988946,115,M6,False
tomato,1,4081.0,Sampath Nagar(Uzhavar Sandhai ),-1.8667,0.0653,-93992.175979,89,M6,False
tomato,1,4082.0,Gobichettipalayam(Uzhavar Sandhai ),-0.9035,0.3682,-51454.145059,115,M6,False
tomato,1,4083.0,Sathiyamagalam(Uzhavar Sandhai ),-1.1642,0.2476,-65818.97072,86,M6,False
tomato,1,4084.0,Periyar Nagar(Uzhavar Sandhai ),-1.4316,0.155,-59346.023437,115,M6,False
tomato,1,4085.0,Perundurai(Uzhavar Sandhai ),-0.3982,0.6912,-17646.712846,115,M6,False
tomato,1,4086.0,Thalavadi(Uzhavar Sandhai ),-1.0355,0.3034,-58157.029278,85,M6,False
tomato,1,4087.0,Kancheepuram(Uzhavar Sandhai ),-0.772,0.4417,-31265.197707,115,M6,False
tomato,1,4088.0,Padappai(Uzhavar Sandhai ),-0.9034,0.3682,-54321.826227,115,M6,False
tomato,1,4089.0,Sunguvarchatram(Uzhavar Sandhai ),-0.7898,0.4313,-52093.354385,115,M6,False
tomato,1,4090.0,Kundrathur(Uzhavar Sandhai ),-1.3763,0.1714,-75525.178293,115,M6,False
tomato,1,4091.0,Karur(Uzhavar Sandhai ),-0.9673,0.3354,-46769.559247,115,M6,False
tomato,1,4092.0,Kulithalai(Uzhavar Sandhai ),-0.6706,0.5038,-27478.868353,115,M6,False
tomato,1,4093.0,Velayuthampalayam(Uzhavar Sandhai ),-0.3484,0.7283,-21514.925358,91,M6,False
tomato,1,4094.0,Pallapatti (Uzhavar Sandhai ),-0.5009,0.6174,-21640.386465,115,M6,False
tomato,1,4095.0,Vengamedu(Uzhavar Sandhai ),-2.0397,0.0497,-183045.547056,33,M6,True
tomato,1,4096.0,Hosur(Uzhavar Sandhai ),0.0465,0.963,1909.301006,115,M9,False
tomato,1,4097.0,Krishnagiri(Uzhavar Sandhai ),-0.0404,0.9679,-1331.833319,115,M6,False
tomato,1,4098.0,Kaveripattinam(Uzhavar Sandhai ),-1.3604,0.1767,-83748.500084,101,M6,False
tomato,1,4099.0,Denkanikottai(Uzhavar Sandhai ),-0.7602,0.4487,-28823.218666,115,M6,False
tomato,1,4100.0,Avallapalli(Uzhavar Sandhai ),-0.9859,0.3263,-37850.925983,115,M6,False
tomato,1,4102.0,Chokkikulam(Uzhavar Sandhai ),-0.654,0.5144,-30243.935207,115,M6,False
tomato,1,4103.0,Palanganatham(Uzhavar Sandhai ),-1.5409,0.1261,-63869.911629,115,M6,False
tomato,1,4104.0,Usilampatti(Uzhavar Sandhai ),-1.0465,0.3009,-100581.117356,46,M6,False
tomato,1,4105.0,Thirumangalam(Uzhavar Sandhai ),-0.7856,0.4337,-38365.541281,115,M6,False
tomato,1,4106.0,Melur(Uzhavar Sandhai ),-0.4775,0.6339,-23119.286676,115,M6,False
tomato,1,4107.0,Anaiyur(Uzhavar Sandhai ),-0.9353,0.3516,-46107.572393,115,M6,False
tomato,1,4108.0,Mayiladuthurai(Uzhavar Sandhai ),-0.9158,0.3617,-47606.605456,115,M6,False
tomato,1,4109.0,Nagapattinam(Uzhavar Sandhai ),-0.4918,0.6238,-22198.439277,115,M6,False
tomato,1,4110.0,Sirkali(Uzhavar Sandhai ),-0.794,0.4288,-46533.110606,115,M6,False
tomato,1,4113.0,Rasipuram(Uzhavar Sandhai ),-1.2797,0.2033,-55432.736857,115,M6,False
tomato,1,4114.0,Kumarapalayam(Uzhavar Sandhai ),-0.6168,0.5386,-30126.96503,115,M6,False
tomato,1,4115.0,Paramathivelur(Uzhavar Sandhai ),-0.9114,0.364,-45132.256985,115,M6,False
tomato,1,4116.0,Mohanur(Uzhavar Sandhai ),-0.7382,0.4619,-30564.82934,115,M6,False
tomato,1,4117.0,Udhagamandalam(Uzhavar Sandhai ),-0.6933,0.4895,-26087.178139,115,M6,False
tomato,1,4118.0,Coonoor(Uzhavar Sandhai ),-0.1541,0.8778,-6589.827441,115,M6,False
tomato,1,4120.0,Gudalur(Uzhavar Sandhai ),-0.6734,0.502,-27867.889162,115,M6,False
tomato,1,4121.0,Perambalur(Uzhavar Sandhai ),-0.8547,0.3949,-62441.064705,96,M6,False
tomato,1,4123.0,Pudukottai(Uzhavar Sandhai ),-1.5599,0.1216,-71242.830636,115,M6,False
tomato,1,4124.0,Aranthangi(Uzhavar Sandhai ),-0.5438,0.5877,-33920.052767,115,M6,False
tomato,1,4125.0,Alangudi(Uzhavar Sandhai ),-0.7678,0.4443,-46271.035614,106,M6,False
tomato,1,4126.0,Gandarvakottai(Uzhavar Sandhai ),-0.6007,0.5492,-29834.754826,115,M6,False
tomato,1,4127.0,Karambakkudi(Uzhavar Sandhai ),-0.795,0.4283,-43031.360247,115,M6,False
tomato,1,4128.0,Viralimalai(Uzhavar Sandhai ),-1.3211,0.1891,-69629.632878,115,M6,False
tomato,1,4129.0,Ramanathapuram(Uzhavar Sandhai ),-0.2143,0.8307,-12659.494352,115,M6,False
tomato,1,4130.0,Paramakudi(Uzhavar Sandhai ),-0.7897,0.4315,-48611.824868,104,M6,False
tomato,1,4131.0,Kamuthi(Uzhavar Sandhai ),0.9102,0.3662,75483.746175,65,M9,False
tomato,1,4132.0,Sooramangalam(Uzhavar Sandhai ),-0.8219,0.4128,-41289.014914,115,M6,False
tomato,1,4133.0,Ammapet(Uzhavar Sandhai ),-0.5599,0.5767,-24697.614653,115,M6,False
tomato,1,4134.0,Athur(Uzhavar Sandhai ),-0.7728,0.4415,-35663.933254,99,M6,False
tomato,1,4135.0,Thathakapatti(Uzhavar Sandhai ),-1.2399,0.2176,-52826.341516,115,M6,False
tomato,1,4136.0,Mettur(Uzhavar Sandhai ),-1.0088,0.3154,-43092.319593,105,M6,False
tomato,1,4137.0,Attayampatti(Uzhavar Sandhai ),-1.0891,0.2784,-44576.730467,115,M6,False
tomato,1,4138.0,Hasthampatti(Uzhavar Sandhai ),-1.0223,0.3088,-44474.405212,115,M6,False
tomato,1,4139.0,Elampillai(Uzhavar Sandhai ),-1.2462,0.2152,-53643.410315,115,M6,False
tomato,1,4140.0,Thammampatti (Uzhavar Sandhai ),-1.6397,0.1043,-73947.055033,98,M6,False
tomato,1,4141.0,Jalagandapuram(Uzhavar Sandhai ),-0.8207,0.4139,-41589.317596,94,M6,False
tomato,1,4142.0,Edapadi (Uzhavar Sandhai ),-1.2241,0.2238,-59551.102198,102,M6,False
tomato,1,4143.0,Sivagangai (Uzhavar Sandhai ),-0.9656,0.3363,-51380.475049,115,M6,False
tomato,1,4144.0,Devakottai (Uzhavar Sandhai ),-0.3552,0.7231,-16353.868972,115,M6,False
tomato,1,4145.0,Karaikudi(Uzhavar Sandhai ),-0.7255,0.4696,-35460.632592,115,M6,False
tomato,1,4146.0,Tirupatthur(Uzhavar Sandhai ),-0.683,0.4961,-36436.449394,104,M6,False
tomato,1,4147.0,Singampunari(Uzhavar Sandhai ),-0.7175,0.4749,-42171.751872,93,M6,False
tomato,1,4148.0,Thanjavur(Uzhavar Sandhai ),-1.2374,0.2185,-59065.222152,115,M6,False
tomato,1,4149.0,Kumbakonam (Uzhavar Sandhai ),-0.8695,0.3864,-32694.605919,115,M6,False
tomato,1,4150.0,Pattukottai(Uzhavar Sandhai ),-0.6945,0.4888,-34444.554249,115,M6,False
tomato,1,4151.0,Tirukattupalli(Uzhavar Sandhai ),-2.2767,0.0294,-188142.941195,34,M6,True
tomato,1,4152.0,Papanasam(Uzhavar Sandhai ),-0.5162,0.6067,-22904.451248,115,M6,False
tomato,1,4153.0,Theni(Uzhavar Sandhai ),-1.0385,0.3018,-50848.730277,91,M6,False
tomato,1,4154.0,Kambam(Uzhavar Sandhai ),-0.4162,0.6783,-19617.775383,92,M6,False
tomato,1,4155.0,Bodinayakanur(Uzhavar Sandhai ),-1.3915,0.1668,-57628.287495,115,M6,False
tomato,1,4156.0,Periyakulam(Uzhavar Sandhai ),-0.7622,0.4478,-34264.94209,98,M6,False
tomato,1,4157.0,Devaram(Uzhavar Sandhai ),-0.3274,0.744,-13323.383012,115,M6,False
tomato,1,4158.0,Andipatti(Uzhavar Sandhai ),-0.795,0.4283,-29354.427021,115,M6,False
tomato,1,4159.0,Chinnamanur(Uzhavar Sandhai ),-0.898,0.3715,-44539.854613,92,M6,False
tomato,1,4160.0,Palayamkottai(Uzhavar Sandhai ),0.5401,0.5902,26496.736419,115,M9,False
tomato,1,4161.0,Kandiyaperi(Uzhavar Sandhai ),0.1221,0.9031,8008.267849,90,M9,False
tomato,1,4162.0,Melapalayam(Uzhavar Sandhai ),-0.2834,0.7775,-18012.43902,89,M6,False
tomato,1,4163.0,Ambasamudram(Uzhavar Sandhai ),0.2597,0.7957,13331.055761,97,M9,False
tomato,1,4164.0,NGO Colony(Uzhavar Sandhai ),-0.5291,0.5978,-26502.020357,115,M6,False
tomato,1,4165.0,Tiruthani(Uzhavar Sandhai ),-1.8104,0.0793,-217691.201896,34,M6,False
tomato,1,4166.0,Tiruvallur(Uzhavar Sandhai ),-0.6272,0.5318,-29244.394606,115,M6,False
tomato,1,4167.0,Ambattur(Uzhavar Sandhai ),-0.4344,0.6648,-25789.690273,115,M6,False
tomato,1,4168.0,Paruthipattu(Uzhavar Sandhai ),-1.1481,0.2533,-54139.575059,115,M6,False
tomato,1,4169.0,Naravarikuppam(Uzhavar Sandhai ),-0.6033,0.5475,-32490.355894,115,M6,False
tomato,1,4170.0,Perambakkam(Uzhavar Sandhai ),-0.1918,0.8482,-11400.319481,115,M6,False
tomato,1,4172.0,Mannargudi I(Uzhavar Sandhai ),-1.319,0.1898,-68741.619369,115,M6,False
tomato,1,4173.0,Tiruvarur(Uzhavar Sandhai ),-0.9278,0.3554,-44429.188332,115,M6,False
tomato,1,4174.0,Needamangalam(Uzhavar Sandhai ),-0.5873,0.5582,-29037.170408,115,M6,False
tomato,1,4175.0,Muthupettai(Uzhavar Sandhai ),-0.5646,0.5734,-31256.941081,115,M6,False
tomato,1,4176.0,Mannargudi II(Uzhavar Sandhai ),-1.1025,0.2726,-57757.863644,115,M6,False
tomato,1,4178.0,Tuticorin(Uzhavar Sandhai ),-1.1751,0.2424,-50317.440948,115,M6,False
tomato,1,4179.0,Kovilpatti(Uzhavar Sandhai ),-0.075,0.9404,-4674.043611,85,M6,False
tomato,1,4180.0,Tiruvannamalai(Uzhavar Sandhai ),-0.7298,0.467,-36284.634331,115,M6,False
tomato,1,4181.0,Polur(Uzhavar Sandhai ),-1.028,0.3061,-46349.542471,115,M6,False
tomato,1,4182.0,Arani(Uzhavar Sandhai ),-1.3758,0.1716,-75906.204964,115,M6,False
tomato,1,4183.0,Cheyyar(Uzhavar Sandhai ),-0.5671,0.5722,-39140.179866,85,M6,False
tomato,1,4184.0,Chengam(Uzhavar Sandhai ),-0.6332,0.5279,-27162.123032,115,M6,False
tomato,1,4186.0,Keelpennathur(Uzhavar Sandhai ),-1.4154,0.1597,-80695.094562,115,M6,False
tomato,1,4187.0,Tamarainagar(Uzhavar Sandhai ),-1.1316,0.2602,-59183.121732,115,M6,False
tomato,1,4188.0,Anna nagar(Uzhavar Sandhai ),-1.62,0.108,-75092.796313,115,M6,False
tomato,1,4191.0,Manapparai(Uzhavar Sandhai ),-1.0167,0.3122,-60158.775796,85,M6,False
tomato,1,4192.0,Musiri(Uzhavar Sandhai ),-0.6739,0.5017,-29369.918688,115,M6,False
tomato,1,4193.0,Thiruverumbur(Uzhavar Sandhai ),-2.233,0.0324,-212151.861887,34,M6,True
tomato,1,4194.0,Lalgudi(Uzhavar Sandhai ),-0.9792,0.3296,-50606.319402,115,M6,False
tomato,1,4195.0,Manachanallur(Uzhavar Sandhai ),-0.2983,0.766,-15036.27329,115,M6,False
tomato,1,4197.0,Katpadi (Uzhavar Sandhai ),-1.2157,0.227,-64867.67492,101,M6,False
tomato,1,4198.0,Gudiyatham(Uzhavar Sandhai ),0.5932,0.5543,18086.606298,115,M9,False
tomato,1,4199.0,Kahithapattarai(Uzhavar Sandhai ),-0.5913,0.5556,-21479.002606,106,M6,False
tomato,1,4201.0,Villupuram(Uzhavar Sandhai ),-2.4953,0.0178,-194904.018967,34,M6,True
tomato,1,4202.0,Gingee(Uzhavar Sandhai ),-0.3273,0.7441,-14167.512937,115,M6,False
tomato,1,4203.0,Aruppukottai(Uzhavar Sandhai ),-0.5677,0.5714,-24367.946525,115,M6,False
tomato,1,4204.0,Rajapalayam(Uzhavar Sandhai ),-1.2,0.2326,-62590.96879,115,M6,False
tomato,1,4205.0,Srivilliputhur(Uzhavar Sandhai ),-0.2011,0.841,-9762.112558,115,M6,False
tomato,1,4206.0,Virudhunagar(Uzhavar Sandhai ),-0.8566,0.3935,-44077.807835,115,M6,False
tomato,1,4207.0,Sivakasi(Uzhavar Sandhai ),0.0021,0.9983,100.096516,115,M9,False
tomato,1,4208.0,Sathur(Uzhavar Sandhai ),-0.5492,0.5839,-24855.96958,115,M6,False
tomato,1,4209.0,Kariyapatti(Uzhavar Sandhai ),-0.5955,0.5527,-27526.182564,115,M6,False
tomato,1,4210.0,Thalavaipuram(Uzhavar Sandhai ),-1.186,0.2381,-55332.328616,115,M6,False
tomato,1,4212.0,Myladi(Uzhavar Sandhai ),-0.472,0.6378,-24737.668273,115,M6,False
tomato,1,4213.0,Pallavaram(Uzhavar Sandhai ),-1.3617,0.176,-66612.63813,115,M6,False
tomato,1,4214.0,Chengalpet(Uzhavar Sandhai ),-0.9426,0.3479,-66841.453252,115,M6,False
tomato,1,4215.0,Medavakkam(Uzhavar Sandhai ),-1.3242,0.1881,-73903.668797,115,M6,False
tomato,1,4216.0,Nanganallur(Uzhavar Sandhai ),-1.3229,0.1888,-77791.755008,103,M6,False
tomato,1,4217.0,Madhuranthagam(Uzhavar Sandhai ),-0.7845,0.4344,-33130.274009,115,M6,False
tomato,1,4219.0,Jameenrayapettai(Uzhavar Sandhai ),-1.3544,0.1783,-71335.747694,115,M6,False
tomato,1,4220.0,Guduvancheri(Uzhavar Sandhai ),-0.6012,0.5489,-31702.508734,115,M6,False
tomato,1,4221.0,Thirukalukundram(Uzhavar Sandhai ),-1.3135,0.1916,-60933.839165,115,M6,False
tomato,1,4222.0,Kallakurichi(Uzhavar Sandhai ),-0.7857,0.4337,-40106.321256,115,M6,False
tomato,1,4224.0,Sankarapuram(Uzhavar Sandhai ),-0.2235,0.8235,-12330.03185,115,M6,False
tomato,1,4225.0,Ranipettai(Uzhavar Sandhai ),-1.5696,0.1203,-94259.749064,85,M6,False
tomato,1,4226.0,Arcot(Uzhavar Sandhai ),-1.713,0.0894,-69406.294008,115,M6,False
tomato,1,4227.0,Sankarankoil(Uzhavar Sandhai ),0.2167,0.8289,10613.907288,105,M9,False
tomato,1,4228.0,Tenkasi(Uzhavar Sandhai ),0.7285,0.4682,41553.499438,89,M9,False
tomato,1,4229.0,Vaniyampadi(Uzhavar Sandhai ),-1.1454,0.2545,-52578.349851,115,M6,False
tomato,1,4231.0,Natrampalli(Uzhavar Sandhai ),-0.315,0.7533,-12377.243444,115,M6,False
tomato,1,4232.0,Palladam(Uzhavar Sandhai ),-1.3326,0.1856,-68744.593593,104,M6,False
tomato,1,4234.0,Tiruppur (North) (Uzhavar Sandhai ),-1.5436,0.1254,-65503.09557,115,M6,False
tomato,1,4235.0,Tiruppur (South) (Uzhavar Sandhai ),0.0394,0.9687,1884.183429,94,M9,False
tomato,1,4236.0,Dharapuram(Uzhavar Sandhai ),-0.7694,0.4434,-27402.929456,105,M6,False
tomato,1,4237.0,Kangayam(Uzhavar Sandhai ),-0.4239,0.6725,-20265.936688,115,M6,False
tomato,1,4240.0,Balarampuram Market,3.0005,0.0034,151644.499523,98,M9,True
tomato,1,4247.0,Balugaon APMC,2.0874,0.04,31439.075547,82,M9,True
tomato,1,4251.0,Ambagan APMC,0.3365,0.7373,6997.132962,92,M9,False
tomato,1,4252.0,Haibargaon APMC,-0.7817,0.4364,-14025.065949,92,M6,False
tomato,1,4295.0,Barpeta Road APMC,0.6706,0.5045,14901.952778,76,M9,False
tomato,1,4390.0,Manjhanpur APMC,-3.0445,0.0031,-74985.932243,86,M6,True
tomato,1,4402.0,SMY Jogindernagar,-2.8411,0.0064,-95078.257283,54,M6,True
tomato,1,4407.0,SMY Takarla,-0.8494,0.4016,-40371.621576,35,M6,False
tomato,1,4429.0,Badwani(F&V) APMC,0.9494,0.3449,2207.662025,94,M9,False
tomato,1,4464.0,Hoshangabad(F&V) APMC,0.5148,0.6082,3260.661156,77,M9,False
tomato,1,4469.0,Jawra(F&V) APMC,-1.9786,0.0512,-64876.473907,84,M6,False
tomato,1,4478.0,Karera(F&V) APMC,-0.6271,0.534,-4715.840702,43,M6,False
tomato,1,4491.0,Kukshi(F&V) APMC,0.5571,0.5803,4998.27345,45,M9,False
tomato,1,4499.0,Maihar(F&V) APMC,-0.5806,0.5645,-5082.032966,45,M6,False
tomato,1,4503.0,Manawar(F&V) APMC,1.8711,0.0651,12638.031845,79,M9,False
tomato,1,4523.0,Petlawad(F&V) APMC,2.5204,0.0135,16092.090237,92,M9,True
tomato,1,4524.0,Pipariya(F&V) APMC,-1.0026,0.3187,-11191.820446,93,M6,False
tomato,1,4529.0,Rehli(F&V) APMC,0.476,0.6364,7442.192746,45,M9,False
tomato,1,4531.0,Rewa(F&V) APMC,0.64,0.524,3021.381154,83,M9,False
tomato,1,4532.0,Sabalgarh(F&V) APMC,-0.2158,0.8297,-931.631286,89,M6,False
tomato,1,4534.0,Sanawad(F&V) APMC,1.4187,0.1599,30558.64617,81,M9,False
tomato,1,4535.0,Sanwer(F&V) APMC,1.2013,0.2361,13577.127185,45,M9,False
tomato,1,4538.0,Sehore(F&V) APMC,0.4655,0.6427,2787.924725,92,M9,False
tomato,1,4539.0,Sendhwa(F&V) APMC,-1.7632,0.0811,-6997.732139,94,M6,False
tomato,1,4540.0,Seoni(F&V) APMC,-0.1696,0.8664,-640.932921,34,M6,False
tomato,1,4557.0,Timarni(F&V) APMC,1.1658,0.2467,13070.824633,93,M9,False
tomato,1,4665.0,Chhibramau APMC,-2.7814,0.006,-28533.041845,169,M6,True
tomato,1,4667.0,Balurghat APMC,-1.7035,0.0899,-61152.524121,212,M6,False
tomato,1,4681.0,Ayodhya APMC,0.1804,0.8572,1980.376056,91,M9,False
tomato,1,4707.0,"Fruit&Vegetable Market,Gazipur APMC",1.3037,0.199,24936.35187,46,M9,False
tomato,1,4790.0,Valmikipuram APMC,-0.8488,0.4005,-41865.56274,46,M6,False
tomato,1,4834.0,Doomdumia APMC,-2.9165,0.0058,-41431.747304,41,M6,True
tomato,1,4846.0,Karimangalam(Uzhavar Sandhai),-2.694,0.0114,-232748.506468,31,M6,True
tomato,1,4848.0,Mecheri(Uzhavar Sandhai),-2.1453,0.0396,-223439.818441,33,M6,True
tomato,1,4849.0,Pallikonda(Uzhavar Sandhai),-1.9545,0.0594,-158499.597862,33,M6,False
tomato,1,4850.0,Perampet(Uzhavar Sandhai),-1.7715,0.086,-80588.335151,33,M6,False
tomato,1,4851.0,Peravurani(Uzhavar Sandhai),-2.328,0.0264,-181825.323211,33,M6,True
tomato,1,4852.0,Ponnamaravathi(Uzhavar Sandhai),-2.2156,0.034,-203499.731347,33,M6,True
tomato,1,4853.0,Vazhapadi(Uzhavar Sandhai),-2.2598,0.0308,-243357.934472,33,M6,True
tomato,1,4854.0,Vedaranyam(Uzhavar Sandhai),-2.3726,0.0238,-79311.126576,33,M6,True
tomato,1,4855.0,Gandhigramam(Uzhavar Sandhai),-2.5216,0.0169,-265236.531487,33,M6,True
tomato,4,2.0,Mahboob Manison APMC,-1.4424,0.1507,-67992.151455,214,M6,False
tomato,4,9.0,Shadnagar APMC,-0.6705,0.5032,-23733.203027,245,M6,False
tomato,4,19.0,Warangal APMC,-1.2475,0.2136,-46427.731087,217,M6,False
tomato,4,43.0,Chandigarh (Grain/F&V) APMC,-0.1636,0.8702,-6238.7792,243,M6,False
tomato,4,54.0,Bharuch APMC,-0.9888,0.3247,-35544.739197,123,M6,False
tomato,4,57.0,Nadiad APMC,1.1361,0.2577,83429.561354,156,M9,False
tomato,4,62.0,Morbi APMC,0.0641,0.949,2915.169289,245,M9,False
tomato,4,64.0,Surat APMC,-0.2386,0.8116,-8105.424797,245,M6,False
tomato,4,66.0,Ahmedabad APMC,0.9067,0.3655,48361.545253,245,M9,False
tomato,4,69.0,PMY Kangra,0.429,0.6683,19766.91314,245,M9,False
tomato,4,70.0,PMY Kullu,0.659,0.5105,25563.33822,245,M9,False
tomato,4,71.0,PMY Paonta Sahib,1.0942,0.275,54565.912377,245,M9,False
tomato,4,72.0,PMY Kather Solan,-0.6711,0.5029,-18954.971217,209,M6,False
tomato,4,75.0,Fatehabad APMC,-0.1877,0.8513,-8797.351196,215,M6,False
tomato,4,79.0,Narwana APMC,0.7087,0.4792,22315.752255,245,M9,False
tomato,4,80.0,Safidon APMC,0.1439,0.8857,6957.204636,245,M9,False
tomato,4,85.0,Ladwa APMC,-0.2272,0.8204,-7674.546138,245,M6,False
tomato,4,86.0,Pehowa APMC,0.4028,0.6875,6937.913381,245,M9,False
tomato,4,87.0,Thanesar APMC,0.1051,0.9164,5993.618091,244,M9,False
tomato,4,89.0,Shahabad APMC,0.2346,0.8147,8570.034102,245,M9,False
tomato,4,92.0,kalanwali APMC,-0.055,0.9562,-1335.868123,206,M6,False
tomato,4,97.0,Parimpore Srinagar (F&V),1.7416,0.0828,56927.201442,245,M9,False
tomato,4,98.0,Udhampur (F&V),-0.1151,0.9085,-4072.929558,245,M6,False
tomato,4,100.0,"Binny Mill (F&V), Bengaluru APMC",-1.2763,0.203,-55716.171135,245,M6,False
tomato,4,106.0,Davangere APMC,-0.4536,0.6505,-18103.828099,245,M6,False
tomato,4,112.0,Kolar APMC,-1.5732,0.117,-55740.846006,245,M6,False
tomato,4,115.0,Mysuru APMC,-1.7752,0.0771,-77161.642011,245,M6,False
tomato,4,125.0,Ernakulam Market,-0.3131,0.7545,-24959.320532,244,M6,False
tomato,4,126.0,Aluva Market,-1.3157,0.1895,-124539.635471,245,M6,False
tomato,4,128.0,Thalasserry Market,0.4709,0.6386,73216.395555,114,M9,False
tomato,4,131.0,Kollam Market,-2.023,0.0442,-329972.348172,245,M6,True
tomato,4,132.0,Kottayam Market,-0.2068,0.8363,-18820.33941,245,M6,False
tomato,4,134.0,Manjeri Market,-0.7398,0.4601,-40893.393102,245,M6,False
tomato,4,135.0,Palakkad Market,-0.8659,0.3874,-74651.880797,245,M6,False
tomato,4,136.0,Koduvayoor Market,-1.4126,0.159,-108303.222104,245,M6,False
tomato,4,139.0,Thrissur Market,-1.1215,0.2632,-76475.15285,245,M6,False
tomato,4,140.0,Kodungalloor Market,-0.8048,0.4218,-73441.986274,230,M6,False
tomato,4,145.0,Ahilyanagar APMC,-1.7275,0.0853,-36268.765556,245,M6,False
tomato,4,151.0,Jalgaon APMC,-0.1891,0.8501,-4145.701722,245,M6,False
tomato,4,152.0,Kolhapur APMC,-2.154,0.0322,-38986.958858,245,M6,True
tomato,4,154.0,Mumbai APMC,0.8122,0.4175,21773.465818,245,M9,False
tomato,4,155.0,Nagpur APMC,1.1016,0.2717,33365.685662,245,M9,False
tomato,4,160.0,Nasik APMC,-1.8833,0.0608,-51004.724373,245,M6,False
tomato,4,162.0,Pimpalgaon Baswant APMC,-0.2903,0.7719,-8499.839263,232,M6,False
tomato,4,164.0,Pune APMC,-1.8323,0.0681,-42390.619242,245,M6,False
tomato,4,168.0,SHRI.SIDDHESHWAR APMC,-1.1497,0.2514,-21690.386911,245,M6,False
tomato,4,173.0,Bhopal(F&V) APMC,1.0783,0.2827,38666.268523,145,M9,False
tomato,4,179.0,Indore(F&V) APMC,0.5436,0.5874,16892.702037,162,M9,False
tomato,4,184.0,Rajnandgaon APMC,-1.2464,0.2138,-47036.907466,245,M6,False
tomato,4,198.0,Attabira APMC,-0.347,0.729,-19002.321528,215,M6,False
tomato,4,199.0,Bargarh APMC,0.3467,0.7291,20741.901846,245,M9,False
tomato,4,200.0,Bhadrak APMC,1.0263,0.3062,98721.139693,171,M9,False
tomato,4,202.0,Kantabaji APMC,0.3613,0.7182,22710.52295,243,M9,False
tomato,4,203.0,Kendrapara APMC,1.1811,0.2387,108962.103876,245,M9,False
tomato,4,206.0,Kesinga APMC,1.4577,0.1462,128826.410317,245,M9,False
tomato,4,207.0,Bhawanipatna APMC,-0.1432,0.8863,-12402.193151,202,M6,False
tomato,4,214.0,Rayagada APMC,-0.5888,0.5567,-33097.610753,181,M6,False
tomato,4,216.0,Tarantaran APMC,1.5634,0.1193,65452.306136,231,M9,False
tomato,4,218.0,Fazilka APMC,-0.6658,0.5061,-26727.677802,245,M6,False
tomato,4,219.0,Jalalabad APMC,1.3354,0.183,59046.708634,245,M9,False
tomato,4,226.0,Khanna APMC,0.947,0.3446,20966.095989,245,M9,False
tomato,4,227.0,Jagraon APMC,-0.4,0.6897,-13351.804408,159,M6,False
tomato,4,228.0,Baghapurana APMC,0.6866,0.493,23614.281681,231,M9,False
tomato,4,230.0,Muktsar APMC,1.1556,0.2493,39416.347159,191,M9,False
tomato,4,231.0,Malout APMC,1.5669,0.1184,63712.243038,245,M9,False
tomato,4,233.0,Patran APMC,0.7002,0.4845,22310.392169,245,M9,False
tomato,4,234.0,Samana APMC,0.7708,0.4416,37733.806917,225,M9,False
tomato,4,235.0,Nabha APMC,0.4,0.6896,16719.709885,215,M9,False
tomato,4,236.0,Barnala APMC,1.6768,0.0954,97925.1973,178,M9,False
tomato,4,237.0,Dhuri APMC,-1.477,0.1411,-37532.788193,215,M6,False
tomato,4,238.0,Malerkotla APMC,2.5344,0.0122,61566.351026,173,M9,True
tomato,4,239.0,Sunam APMC,1.2524,0.2119,44366.361016,204,M9,False
tomato,4,240.0,Bhawanigarh APMC,1.6277,0.1049,57583.856596,245,M9,False
tomato,4,244.0,Alwar APMC,1.6188,0.1128,127388.327616,44,M9,False
tomato,4,247.0,Baran APMC,-1.6664,0.0983,-33434.062619,118,M6,False
tomato,4,250.0,Bhilwara APMC,1.2499,0.2125,41608.725936,245,M9,False
tomato,4,261.0,Jaipur (F&V) APMC,1.0669,0.2871,31333.089693,231,M9,False
tomato,4,266.0,Jodhpur (F&V) APMC,0.833,0.41,39853.748786,39,M9,False
tomato,4,292.0,Ulundurpettai APMC,-1.047,0.2973,-96277.948692,116,M6,False
tomato,4,295.0,Bishalgarh APMC,-1.0254,0.3063,-149868.325643,217,M6,False
tomato,4,296.0,Teliamura APMC,-0.9596,0.3383,-56353.958784,233,M6,False
tomato,4,297.0,Agra APMC,0.8569,0.3923,30097.760133,245,M9,False
tomato,4,298.0,Prayagraj APMC,1.2519,0.2118,31098.083716,245,M9,False
tomato,4,299.0,Bahraich APMC,0.411,0.6814,11493.964451,245,M9,False
tomato,4,300.0,Ballia APMC,2.3886,0.0177,60656.891596,228,M9,True
tomato,4,301.0,Barabanki APMC,1.4275,0.1547,35884.879397,245,M9,False
tomato,4,302.0,Bareilly APMC,1.9246,0.0554,53089.40408,245,M9,False
tomato,4,303.0,Dehradoon APMC,-1.3423,0.1809,-18898.611067,220,M6,False
tomato,4,305.0,Farukhabad APMC,2.0356,0.043,49965.541341,221,M9,True
tomato,4,306.0,Ghaziabad APMC,1.5981,0.1114,43746.662694,228,M9,False
tomato,4,307.0,Gorakhpur APMC,0.2188,0.827,5892.304069,245,M9,False
tomato,4,308.0,Hardoi APMC,1.3824,0.1682,36333.180208,228,M9,False
tomato,4,309.0,Etawah APMC,1.1748,0.2412,25690.743299,245,M9,False
tomato,4,310.0,Jaunpur APMC,1.9685,0.0501,55242.81186,245,M9,False
tomato,4,311.0,Kanpur(Grain) APMC,1.0796,0.2814,25999.469835,245,M9,False
tomato,4,313.0,Lakhimpur APMC,1.4198,0.1569,34755.99092,245,M9,False
tomato,4,314.0,Lalitpur APMC,1.2017,0.2308,35267.903037,215,M9,False
tomato,4,315.0,Lucknow APMC,1.7055,0.0894,39685.935853,245,M9,False
tomato,4,316.0,Mainpuri APMC,1.7102,0.0887,54036.011139,206,M9,False
tomato,4,317.0,Meerut APMC,1.8913,0.0599,77876.873248,228,M9,False
tomato,4,318.0,Muradabad APMC,2.1031,0.0365,64296.865397,230,M9,True
tomato,4,319.0,Kashipur APMC,0.6465,0.5186,14676.358638,243,M9,False
tomato,4,320.0,Pilibhit APMC,2.2568,0.0249,69369.778874,245,M9,True
tomato,4,321.0,Saharanpur APMC,0.9289,0.3539,30218.964543,227,M9,False
tomato,4,322.0,Shahjahanpur APMC,1.5143,0.1314,41043.845267,227,M9,False
tomato,4,324.0,Sitapur APMC,1.6802,0.0943,39187.866455,232,M9,False
tomato,4,326.0,Rudrapur APMC,1.2868,0.1994,46148.504242,240,M9,False
tomato,4,328.0,Barasat APMC,0.0207,0.9835,1470.963683,245,M9,False
tomato,4,330.0,Bolpur APMC,1.6457,0.102,146579.214733,145,M9,False
tomato,4,331.0,Kalna APMC,-1.0488,0.2953,-77806.067938,245,M6,False
tomato,4,333.0,Coochbehar APMC,-0.4113,0.6812,-28203.353874,245,M6,False
tomato,4,334.0,Pandua APMC,-0.6183,0.537,-53133.433918,245,M6,False
tomato,4,406.0,Durg APMC,-1.6488,0.1005,-68196.614643,245,M6,False
tomato,4,414.0,Raigarh APMC,-0.87,0.3852,-54795.386543,245,M6,False
tomato,4,423.0,APMC Keshopur,1.1373,0.2565,34314.550613,245,M9,False
tomato,4,424.0,APMC Shahdara,0.4975,0.6194,25311.070694,196,M9,False
tomato,4,434.0,Ankleshwar APMC,-1.0891,0.2772,-31081.395229,245,M6,False
tomato,4,450.0,Vadhvan APMC,0.777,0.4379,42942.925528,245,M9,False
tomato,4,452.0,Panipat APMC,-0.1326,0.8946,-2779.412023,245,M6,False
tomato,4,454.0,Sonepat APMC,0.5773,0.5643,17942.993191,244,M9,False
tomato,4,455.0,Rohtak APMC,-1.3251,0.1864,-37102.754142,241,M6,False
tomato,4,456.0,Jhajjar APMC,2.8191,0.0052,111300.147748,245,M9,True
tomato,4,457.0,Rewari APMC,0.5016,0.6164,16463.490428,245,M9,False
tomato,4,459.0,Gurgaon APMC,0.8369,0.4034,25291.030033,245,M9,False
tomato,4,462.0,PMY Una,1.2297,0.22,55536.007556,245,M9,False
tomato,4,463.0,PMY Chamba,0.458,0.6473,22732.814144,245,M9,False
tomato,4,464.0,PMY Bilaspur,0.686,0.4934,35500.910798,245,M9,False
tomato,4,465.0,SMY Dhanotu,0.1799,0.8574,8960.855953,245,M9,False
tomato,4,466.0,PMY Hamirpur,1.0067,0.3151,86769.855534,245,M9,False
tomato,4,467.0,PMY Dhalli Shimla,0.416,0.6777,19889.553843,245,M9,False
tomato,4,468.0,SMY Palampur,0.8967,0.3707,43770.824786,245,M9,False
tomato,4,471.0,SMY Bhuntar,0.0731,0.9418,2627.221578,245,M9,False
tomato,4,472.0,Narwal Jammu (F&V),0.7493,0.4544,34601.60911,245,M9,False
tomato,4,489.0,Doddaballapur APMC,-1.4344,0.1529,-50165.571566,216,M6,False
tomato,4,491.0,Srinivasapur APMC,-1.567,0.1187,-69277.897862,202,M6,False
tomato,4,492.0,Gauribidanur APMC,-0.9022,0.3679,-30711.327914,217,M6,False
tomato,4,497.0,Gundlupet APMC,-1.5611,0.1198,-83345.789303,245,M6,False
tomato,4,499.0,K.R. Pet APMC,-0.6405,0.5224,-17024.757449,245,M6,False
tomato,4,515.0,Palayam Market,0.4188,0.6757,17060.989025,233,M9,False
tomato,4,530.0,Morena APMC,0.8201,0.4136,22554.965997,142,M9,False
tomato,4,555.0,Pandharpur APMC,-0.923,0.3571,-21006.086682,205,M6,False
tomato,4,557.0,Chattrapati Sambhajinagar APMC,0.0687,0.9453,2105.392865,245,M9,False
tomato,4,591.0,Koraput APMC,-0.3411,0.7333,-18007.336117,204,M6,False
tomato,4,592.0,Baripada APMC,1.2619,0.2082,96862.580786,245,M9,False
tomato,4,593.0,Padampur APMC,1.8312,0.0688,196632.927009,168,M9,False
tomato,4,594.0,Khariar Road APMC,1.4608,0.1454,91677.951493,245,M9,False
tomato,4,595.0,Bolangir APMC,-0.3837,0.7016,-19079.723961,174,M6,False
tomato,4,598.0,Patti APMC,1.4726,0.1422,60005.086153,231,M9,False
tomato,4,600.0,Gurdaspur APMC,-0.0414,0.9671,-1499.461497,177,M6,False
tomato,4,603.0,Bathinda APMC,1.5908,0.113,73223.095569,245,M9,False
tomato,4,605.0,Raman APMC,1.1782,0.2399,67893.715518,245,M9,False
tomato,4,606.0,Faridkot APMC,0.3208,0.7488,13625.053699,163,M9,False
tomato,4,608.0,Firozepur City APMC,0.9741,0.331,63271.32706,226,M9,False
tomato,4,613.0,Samrala APMC,2.0302,0.0436,72915.423675,212,M9,True
tomato,4,614.0,Phagwara APMC,0.757,0.4498,31182.002828,223,M9,False
tomato,4,615.0,Budalada APMC,1.3009,0.1945,56987.463699,245,M9,False
tomato,4,617.0,Giddarbaha APMC,0.9464,0.345,49844.924419,207,M9,False
tomato,4,619.0,Dudhansadhan APMC,1.44,0.1511,46368.440967,245,M9,False
tomato,4,621.0,Ropar APMC,0.8982,0.3743,111720.65015,42,M9,False
tomato,4,627.0,Churu APMC,1.7526,0.0809,41501.364446,245,M9,False
tomato,4,631.0,Jalore APMC,0.8129,0.4171,15163.629056,245,M9,False
tomato,4,636.0,Jhunjhunu APMC,1.1935,0.2341,25467.161878,195,M9,False
tomato,4,638.0,Sikar APMC,-0.4937,0.6219,-13951.243409,245,M6,False
tomato,4,642.0,Abu Road APMC,0.0242,0.9807,678.382117,245,M9,False
tomato,4,647.0,Buland Shahr APMC,1.7021,0.09,45676.988027,245,M9,False
tomato,4,649.0,Baraut APMC,0.9273,0.3548,19681.791643,229,M9,False
tomato,4,650.0,Shamli APMC,1.7302,0.0849,50730.119758,232,M9,False
tomato,4,651.0,Khatauli APMC,0.9265,0.3554,17326.197118,181,M9,False
tomato,4,652.0,Etah APMC,1.5733,0.1169,52507.931803,245,M9,False
tomato,4,653.0,Mathura APMC,0.5325,0.5949,13349.007789,245,M9,False
tomato,4,654.0,Rampur APMC,1.69,0.0925,61788.357221,217,M9,False
tomato,4,655.0,Badayoun APMC,2.275,0.0238,62968.961241,245,M9,True
tomato,4,656.0,Chandausi APMC,2.2561,0.025,69122.708817,245,M9,True
tomato,4,657.0,Raibareilly APMC,1.9473,0.0526,46495.136499,245,M9,False
tomato,4,658.0,Gonda APMC,1.4671,0.1436,45268.219397,245,M9,False
tomato,4,659.0,Sultanpur APMC,1.0798,0.2814,30981.645853,227,M9,False
tomato,4,660.0,Pratapgarh APMC,1.9462,0.0528,59570.121616,245,M9,False
tomato,4,661.0,Devariya APMC,1.374,0.1709,41446.516552,219,M9,False
tomato,4,662.0,Basti APMC,0.9738,0.3311,27785.972208,245,M9,False
tomato,4,663.0,Azamgarh APMC,1.1818,0.2384,30625.086037,245,M9,False
tomato,4,664.0,Mirzapur APMC,2.0867,0.0381,61352.839696,220,M9,True
tomato,4,666.0,Jhansi APMC,0.6448,0.5197,17506.830033,232,M9,False
tomato,4,667.0,Rishikesh APMC,0.9146,0.3613,24730.256112,245,M9,False
tomato,4,668.0,Vikasnagar APMC,1.439,0.1514,23839.169064,245,M9,False
tomato,4,669.0,Khateema APMC,-0.1307,0.8961,-2540.981963,245,M6,False
tomato,4,670.0,Burdwan APMC,-0.1928,0.8473,-12640.498322,245,M6,False
tomato,4,671.0,Medinipur(West) APMC,-0.16,0.873,-14542.422079,245,M6,False
tomato,4,672.0,Birbhum APMC,0.5727,0.5674,45012.57284,245,M9,False
tomato,4,675.0,Jalpaiguri Sadar APMC,0.2777,0.7815,17824.267385,214,M9,False
tomato,4,676.0,Alipurduar APMC,-0.9179,0.3596,-88400.688336,245,M6,False
tomato,4,681.0,Vadaseri APMC,-0.9526,0.3428,-68819.010435,116,M6,False
tomato,4,682.0,Muzzafarnagar APMC,1.7401,0.0832,51363.58034,223,M9,False
tomato,4,683.0,Panisagar APMC,-0.0905,0.9279,-5869.40129,230,M6,False
tomato,4,690.0,Channapatna APMC,-1.3111,0.1918,-65808.778527,156,M6,False
tomato,4,707.0,Chamarajanagar APMC,-1.0063,0.3153,-42803.969181,245,M6,False
tomato,4,709.0,Chikkamagaluru APMC,-1.6277,0.1049,-62296.034636,245,M6,False
tomato,4,728.0,Kalaburagi APMC,-0.7142,0.4758,-27213.411634,245,M6,False
tomato,4,735.0,Hassan APMC,-2.1617,0.0318,-115188.648329,199,M6,True
tomato,4,742.0,Chickkaballapura APMC,-1.7574,0.0801,-47985.329166,245,M6,False
tomato,4,743.0,Chintamani APMC,-1.0291,0.3045,-40106.63672,245,M6,False
tomato,4,744.0,Bangarpet APMC,0.1929,0.8472,9920.913182,216,M9,False
tomato,4,745.0,Ramanagara APMC,-1.594,0.1122,-101577.017508,245,M6,False
tomato,4,753.0,Shimoga APMC,-0.4418,0.659,-16633.048168,245,M6,False
tomato,4,793.0,Lalru APMC,2.1541,0.0322,112543.276873,245,M9,True
tomato,4,794.0,Morinda APMC,0.4653,0.6423,13296.062778,172,M9,False
tomato,4,795.0,Fatehpur APMC,1.8039,0.0725,47871.494914,245,M9,False
tomato,4,796.0,Auraiya APMC,1.4823,0.1395,34942.588392,245,M9,False
tomato,4,797.0,Mahoba APMC,1.9151,0.0568,62355.268603,209,M9,False
tomato,4,799.0,Ramkrishanpur(Howrah) APMC,0.2546,0.7992,18310.019388,245,M9,False
tomato,4,813.0,Sangamner APMC,-1.6422,0.1019,-42554.894939,230,M6,False
tomato,4,816.0,Firozabad APMC,1.2243,0.222,33294.495142,245,M9,False
tomato,4,820.0,Ghatal APMC,0.2079,0.8356,25261.692062,133,M9,False
tomato,4,821.0,Champadanga APMC,-0.1907,0.8489,-13379.183297,245,M6,False
tomato,4,823.0,Udupi APMC,-0.5631,0.5741,-59279.336461,180,M6,False
tomato,4,892.0,Ibrahimputnam APMC,-2.0148,0.0452,-82442.146015,214,M6,True
tomato,4,987.0,Pattikonda APMC,-0.5112,0.6099,-28658.836051,164,M6,False
tomato,4,1048.0,Venkateswarnagar APMC,-1.0528,0.2935,-27966.121632,236,M6,False
tomato,4,1061.0,Udumalpet APMC,-1.6259,0.1067,-131694.301878,116,M6,False
tomato,4,1070.0,Haldwani APMC,0.1573,0.8751,3725.011031,245,M9,False
tomato,4,1071.0,Haridwar Union APMC,-0.015,0.988,-303.909879,245,M6,False
tomato,4,1072.0,Ramnagar APMC,1.2692,0.2057,40237.90824,225,M9,False
tomato,4,1073.0,Roorkee APMC,1.8373,0.0674,24782.785602,245,M9,False
tomato,4,1074.0,Kotadwara APMC,0.7435,0.4579,18113.121363,245,M9,False
tomato,4,1077.0,Manglaur APMC,0.6179,0.5372,10991.162525,245,M9,False
tomato,4,1078.0,Gudimalkapur APMC,-0.4518,0.6518,-8618.43379,245,M6,False
tomato,4,1079.0,Gohana APMC,1.6965,0.0911,72268.079546,245,M9,False
tomato,4,1081.0,Thodupuzha Market,-1.5837,0.1146,-123641.382558,245,M6,False
tomato,4,1108.0,Ambala Cantt. APMC,0.8316,0.4066,27112.134969,207,M9,False
tomato,4,1110.0,Ballabhgarh APMC,0.7238,0.4699,28104.975194,245,M9,False
tomato,4,1111.0,Sohna APMC,1.7819,0.076,72035.713123,245,M9,False
tomato,4,1113.0,Mohindergarh APMC,0.9513,0.3425,38499.08942,225,M9,False
tomato,4,1124.0,Bahadajholla APMC,-1.2021,0.2307,-63305.61878,202,M6,False
tomato,4,1125.0,Panposh APMC,2.545,0.0116,159848.671596,226,M9,True
tomato,4,1128.0,Sirhind APMC,1.3479,0.1789,52381.218566,245,M9,False
tomato,4,1130.0,Mansa APMC,0.6036,0.5466,27745.564125,245,M9,False
tomato,4,1132.0,Madanganj Kishangarh APMC,1.001,0.3181,33998.423822,197,M9,False
tomato,4,1138.0,Bijnaur APMC,2.4332,0.0157,81074.7153,229,M9,True
tomato,4,1139.0,Kasganj APMC,1.7912,0.0745,47400.314135,245,M9,False
tomato,4,1140.0,Amroha APMC,2.2301,0.0267,71572.419954,230,M9,True
tomato,4,1141.0,Pukharayan APMC,1.1974,0.2323,29639.628386,245,M9,False
tomato,4,1142.0,Kosikalan APMC,1.3748,0.1705,32200.336621,245,M9,False
tomato,4,1143.0,Unnao APMC,1.594,0.1122,41967.449214,245,M9,False
tomato,4,1147.0,Padra APMC,-0.0744,0.9407,-3152.842268,245,M6,False
tomato,4,1202.0,Sangareddy APMC,-1.2138,0.2266,-55620.900606,162,M6,False
tomato,4,1204.0,Jharsuguda APMC,-2.4831,0.0188,-180056.213071,31,M6,True
tomato,4,1214.0,Tindivanam APMC,-1.3291,0.1864,-76935.994879,116,M6,False
tomato,4,1273.0,Navsari APMC,0.1019,0.919,4966.186586,165,M9,False
tomato,4,1275.0,Kapadvanj APMC,-0.1576,0.8749,-7654.584307,245,M6,False
tomato,4,1287.0,Shrirampur APMC,-2.2231,0.0271,-54236.849301,245,M6,True
tomato,4,1290.0,Bhusaval APMC,0.7104,0.4781,18543.70053,245,M9,False
tomato,4,1304.0,Vadgaonpeth APMC,-1.106,0.2698,-23646.40581,245,M6,False
tomato,4,1308.0,Islampur APMC,-0.5772,0.5643,-17829.061749,245,M6,False
tomato,4,1310.0,Karad APMC,-1.3796,0.169,-36887.689868,245,M6,False
tomato,4,1312.0,Phaltan APMC,-1.7408,0.083,-38575.319523,245,M6,False
tomato,4,1313.0,Satara APMC,-0.9623,0.3368,-28374.873926,245,M6,False
tomato,4,1315.0,Vai APMC,-0.4886,0.6255,-15780.488789,245,M6,False
tomato,4,1318.0,Mangal Wedha APMC,-2.0468,0.0417,-52324.57567,245,M6,True
tomato,4,1355.0,Kalmeshwar APMC,1.3808,0.1686,49937.824559,245,M9,False
tomato,4,1372.0,Bijaynagar APMC,1.4758,0.1414,40724.614289,223,M9,False
tomato,4,1377.0,Bayana APMC,0.4338,0.6649,7659.762935,184,M9,False
tomato,4,1385.0,Sujangarh APMC,0.9395,0.3484,17852.331892,245,M9,False
tomato,4,1386.0,Bhadara APMC,0.8976,0.3703,37249.263051,245,M9,False
tomato,4,1387.0,Goluwala APMC,0.8511,0.3956,27801.814632,245,M9,False
tomato,4,1389.0,Rawatsar APMC,0.7495,0.4543,19621.784727,245,M9,False
tomato,4,1391.0,Suratgarh APMC,2.1057,0.0365,76038.111809,197,M9,True
tomato,4,1416.0,Chittorgarh APMC,0.4822,0.6304,50209.503311,138,M9,False
tomato,4,1418.0,Rajsamand APMC,0.6388,0.5236,31485.007494,245,M9,False
tomato,4,1427.0,Zira APMC,0.8397,0.4019,36746.51397,245,M9,False
tomato,4,1428.0,Dinanagar APMC,0.8571,0.3922,28997.117243,245,M9,False
tomato,4,1432.0,Dasuya APMC,2.4847,0.0139,181184.163326,181,M9,True
tomato,4,1433.0,Garh Shankar APMC,1.1415,0.2548,47366.831578,245,M9,False
tomato,4,1434.0,Tanda Urmur APMC,1.5538,0.1216,66470.413614,226,M9,False
tomato,4,1438.0,Lohian Khas APMC,0.9277,0.3547,25430.466897,199,M9,False
tomato,4,1441.0,Doraha APMC,1.4272,0.1548,60707.280184,245,M9,False
tomato,4,1446.0,Sahnewal APMC,0.5694,0.5696,22228.648497,245,M9,False
tomato,4,1448.0,Dharamkot APMC,1.2902,0.1984,44587.581254,207,M9,False
tomato,4,1452.0,Bariwala APMC,0.0719,0.9428,3586.432038,222,M9,False
tomato,4,1456.0,Rajpura APMC,0.6585,0.5109,24626.039885,245,M9,False
tomato,4,1457.0,Chamkaur Sahib APMC,0.2964,0.7672,20136.40549,212,M9,False
tomato,4,1458.0,Kharar APMC,1.3427,0.1806,78891.530533,245,M9,False
tomato,4,1464.0,Bassi Pathana APMC,1.0718,0.2849,58584.764691,245,M9,False
tomato,4,1466.0,Khamano APMC,1.1134,0.2666,47304.817277,245,M9,False
tomato,4,1469.0,Vellore APMC,-0.3329,0.7398,-18043.009233,116,M6,False
tomato,4,1504.0,Nimapara APMC,-1.1852,0.2437,-60176.523058,37,M6,False
tomato,4,1505.0,Parlakhemundi APMC,-0.1329,0.8944,-5011.549958,215,M6,False
tomato,4,1506.0,Bhanjanagar APMC,-0.6235,0.5336,-37794.637791,245,M6,False
tomato,4,1507.0,Boudh APMC,-0.127,0.8991,-11016.838483,194,M6,False
tomato,4,1510.0,Sargipali APMC,-0.5531,0.5807,-25194.928761,245,M6,False
tomato,4,1511.0,Udala APMC,0.8618,0.3896,54073.56036,245,M9,False
tomato,4,1512.0,Karanjia APMC,-1.1473,0.2578,-114306.449086,43,M6,False
tomato,4,1513.0,Jaleswar APMC,0.4546,0.6499,35665.920034,203,M9,False
tomato,4,1516.0,Kamakhyanagar APMC,0.8006,0.4242,85214.633244,245,M9,False
tomato,4,1519.0,Betnoti APMC,-1.4812,0.1403,-27519.20354,179,M6,False
tomato,4,1520.0,Keonjhar APMC,0.6273,0.531,28393.921359,245,M9,False
tomato,4,1523.0,Balugaon APMC,1.075,0.2834,58024.965977,245,M9,False
tomato,4,1525.0,Birmaharajpur APMC,1.0614,0.2898,203936.697559,193,M9,False
tomato,4,1527.0,Hinjilicut APMC,0.7388,0.4609,46012.780067,210,M9,False
tomato,4,1537.0,Porbandar APMC,1.1816,0.2385,80745.026019,245,M9,False
tomato,4,1569.0,Bhagta Bhai Ka APMC,0.7464,0.4561,30657.549737,245,M9,False
tomato,4,1570.0,Talwandi Sabo APMC,0.6383,0.5239,36073.975929,236,M9,False
tomato,4,1573.0,Mamdot APMC,-0.8687,0.3861,-48685.851943,189,M6,False
tomato,4,1579.0,Bilga APMC,0.9205,0.3585,25494.217658,195,M9,False
tomato,4,1587.0,Dera Bassi APMC,0.461,0.6452,10003.827963,233,M9,False
tomato,4,1593.0,Lehra Gaga APMC,1.4888,0.1378,60897.430408,245,M9,False
tomato,4,1595.0,Sangrur APMC,1.2372,0.2178,71839.806266,165,M9,False
tomato,4,1598.0,Palitana APMC,1.1536,0.2503,96874.910464,165,M9,False
tomato,4,1602.0,Mulbagal APMC,-0.7764,0.4383,-22304.197774,245,M6,False
tomato,4,1606.0,Rayya APMC,2.2155,0.0277,46923.651846,245,M9,True
tomato,4,1610.0,Ajmer(F&V) APMC,0.4135,0.6796,12114.024135,245,M9,False
tomato,4,1614.0,Sriganganagar (F&V) APMC,1.3839,0.1678,78427.3711,215,M9,False
tomato,4,1626.0,Damnagar APMC,0.7184,0.4732,65930.458673,245,M9,False
tomato,4,1631.0,Panvel APMC,2.0704,0.0395,107629.635166,242,M9,True
tomato,4,1634.0,Rahuri APMC,-1.7261,0.0858,-34816.070343,214,M6,False
tomato,4,1637.0,Akluj APMC,-0.6816,0.4966,-39215.21057,142,M6,False
tomato,4,1651.0,Ratnagiri (Nachane) APMC,-0.3284,0.7429,-12510.737812,245,M6,False
tomato,4,1658.0,Patan APMC,-0.7817,0.4352,-17788.507066,245,M6,False
tomato,4,1663.0,Sitarganj APMC,1.4329,0.1532,37913.228192,245,M9,False
tomato,4,1664.0,Jaspur(UC) APMC,0.1422,0.8871,2787.915163,213,M9,False
tomato,4,1700.0,Champaknagar APMC,1.1953,0.2332,182621.84552,236,M9,False
tomato,4,1702.0,Garjee APMC,-0.1528,0.8787,-13611.390808,245,M6,False
tomato,4,1715.0,Kopaganj APMC,0.7522,0.4527,16391.343925,245,M9,False
tomato,4,1716.0,Partaval APMC,1.214,0.2261,37104.028658,207,M9,False
tomato,4,1717.0,Orai APMC,1.1273,0.2607,34579.23475,245,M9,False
tomato,4,1718.0,Kannauj APMC,1.2218,0.223,31268.736125,231,M9,False
tomato,4,1719.0,Robertsganj APMC,2.3163,0.0214,60768.968953,245,M9,True
tomato,4,1720.0,Aligarh APMC,1.3072,0.1924,40377.9361,245,M9,False
tomato,4,1721.0,Akbarpur APMC,1.8353,0.0677,53133.199184,245,M9,False
tomato,4,1722.0,Balrampur APMC,1.6514,0.1,56544.282426,233,M9,False
tomato,4,1723.0,Chandoli APMC,2.4027,0.0171,68349.680676,230,M9,True
tomato,4,1724.0,Ajuha APMC,1.629,0.1046,44946.741535,245,M9,False
tomato,4,1725.0,Banda APMC,1.8304,0.0685,46338.065891,223,M9,False
tomato,4,1726.0,Hapur APMC,0.573,0.5672,21991.807741,245,M9,False
tomato,4,1727.0,Naugarh APMC,0.6359,0.5254,19490.659311,232,M9,False
tomato,4,1729.0,Dadri APMC,0.6978,0.486,24504.943892,245,M9,False
tomato,4,1730.0,Haathras APMC,1.6068,0.1094,53892.184257,245,M9,False
tomato,4,1731.0,Golagokarnath APMC,1.823,0.0695,48140.545815,245,M9,False
tomato,4,1732.0,Puranpur APMC,2.4373,0.0155,78579.816973,245,M9,True
tomato,4,1733.0,Bangarmau APMC,1.6375,0.1029,48737.159413,229,M9,False
tomato,4,1735.0,Bishalpur APMC,2.0746,0.0391,69012.64543,245,M9,True
tomato,4,1736.0,Tilhar APMC,1.6932,0.0918,77748.371243,227,M9,False
tomato,4,1737.0,Kayamganj APMC,1.7324,0.0846,44967.263669,229,M9,False
tomato,4,1738.0,Konch APMC,1.7348,0.084,41209.828195,245,M9,False
tomato,4,1739.0,Mauranipur APMC,1.6968,0.0912,49265.970051,208,M9,False
tomato,4,1740.0,Sahiyapur APMC,1.2425,0.2155,31112.441019,203,M9,False
tomato,4,1741.0,Bharthna APMC,1.9377,0.0538,45752.048165,245,M9,False
tomato,4,1742.0,Chaandpur APMC,1.6603,0.0982,41160.171667,226,M9,False
tomato,4,1743.0,Jayas APMC,1.6604,0.0983,50637.264577,221,M9,False
tomato,4,1744.0,Ujhani APMC,1.1186,0.265,38876.56255,159,M9,False
tomato,4,1746.0,Paliakala APMC,1.4585,0.1466,45747.452367,165,M9,False
tomato,4,1747.0,Atarra APMC,0.7771,0.4379,23219.10221,222,M9,False
tomato,4,1748.0,Bindki APMC,1.8597,0.0642,54573.396814,228,M9,False
tomato,4,1750.0,Gurusarai APMC,1.6135,0.1089,72777.285289,140,M9,False
tomato,4,1751.0,Sehjanwa APMC,-1.6847,0.0936,-60734.067336,197,M6,False
tomato,4,1752.0,Jhijhank APMC,0.819,0.4141,27850.564763,147,M9,False
tomato,4,1753.0,Khurja APMC,2.0033,0.0463,57170.311916,231,M9,True
tomato,4,1754.0,Gangoh APMC,0.5143,0.6076,19345.193053,228,M9,False
tomato,4,1755.0,Charra APMC,1.82,0.0701,77978.589552,231,M9,False
tomato,4,1757.0,Ghiraur APMC,1.6727,0.0959,67974.265307,206,M9,False
tomato,4,1758.0,Shikohabad APMC,2.1167,0.0359,33093.210842,158,M9,True
tomato,4,1759.0,Khair APMC,1.3314,0.1843,49367.184393,245,M9,False
tomato,4,1760.0,Safdarganj APMC,1.6193,0.1067,41419.996834,245,M9,False
tomato,4,1761.0,Jafarganj APMC,0.2541,0.7997,9580.805347,213,M9,False
tomato,4,1763.0,Naanpara APMC,1.2868,0.1995,32542.18328,220,M9,False
tomato,4,1764.0,Jasra APMC,1.5826,0.1148,36322.719736,245,M9,False
tomato,4,1765.0,Dibiapur APMC,-0.5719,0.568,-6862.157108,202,M6,False
tomato,4,1768.0,Baripaal APMC,0.8831,0.3781,17613.190035,245,M9,False
tomato,4,1770.0,Jasvantnagar APMC,1.7654,0.0788,42230.299467,245,M9,False
tomato,4,1771.0,Nautnava APMC,0.4314,0.6666,7870.86756,205,M9,False
tomato,4,1772.0,Tulsipur APMC,1.5878,0.1137,46762.870302,230,M9,False
tomato,4,1773.0,Anandnagar APMC,1.9727,0.0498,32485.282853,220,M9,True
tomato,4,1774.0,Mehmoodabad APMC,1.4554,0.1474,32461.262775,169,M9,False
tomato,4,1777.0,Madhoganj APMC,1.5685,0.1182,45246.488923,227,M9,False
tomato,4,1778.0,Dudhi APMC,1.4536,0.1473,34985.686642,245,M9,False
tomato,4,1779.0,Shahganj APMC,2.2623,0.0247,65202.833819,216,M9,True
tomato,4,1780.0,Mugrabaadshahpur APMC,2.0341,0.0431,60717.819768,232,M9,True
tomato,4,1785.0,Rampurmaniharan APMC,1.8288,0.0687,36548.173674,228,M9,False
tomato,4,1787.0,Hasanpur APMC,1.2056,0.2291,64143.085011,245,M9,False
tomato,4,1788.0,Sambhal APMC,0.5844,0.5595,8720.913289,245,M9,False
tomato,4,1790.0,Bilsi APMC,2.2132,0.0281,102482.328659,182,M9,True
tomato,4,1791.0,Najibabad APMC,1.635,0.1038,19838.904104,179,M9,False
tomato,4,1793.0,Jalaun APMC,1.551,0.1222,40475.762836,245,M9,False
tomato,4,1794.0,Maudaha APMC,1.8979,0.0596,70667.681329,152,M9,False
tomato,4,1795.0,Bharuasumerpur APMC,1.4255,0.1555,35423.155827,212,M9,False
tomato,4,1799.0,Chirgaon APMC,1.2767,0.2032,39075.340903,201,M9,False
tomato,4,1800.0,Moth APMC,1.4894,0.1379,41632.56317,201,M9,False
tomato,4,1804.0,Barwala APMC,0.2921,0.7704,7801.510459,245,M9,False
tomato,4,1805.0,Barara APMC,1.6886,0.0927,27052.771527,218,M9,False
tomato,4,1808.0,Naraingarh APMC,-0.4658,0.6418,-13089.254745,245,M6,False
tomato,4,1809.0,Shahzadpur APMC,-0.7297,0.4663,-14152.430433,245,M6,False
tomato,4,1810.0,Jagadhri APMC,0.7967,0.4264,24616.207981,245,M9,False
tomato,4,1811.0,Chhachrauli APMC,1.1781,0.2399,54780.70375,245,M9,False
tomato,4,1812.0,Mustafabad APMC,1.9349,0.0542,32977.404919,245,M9,False
tomato,4,1813.0,Sadhaura APMC,0.2756,0.7831,11133.702038,245,M9,False
tomato,4,1814.0,Radaur APMC,1.3028,0.1939,35086.959257,244,M9,False
tomato,4,1823.0,Farukh Nagar APMC,0.1303,0.8965,4073.55559,245,M9,False
tomato,4,1826.0,Punhana APMC,2.337,0.0202,98924.733817,245,M9,True
tomato,4,1827.0,Tauru APMC,1.2967,0.196,97278.073998,245,M9,False
tomato,4,1828.0,Barwala(Hisar) APMC,0.7822,0.435,25174.529058,212,M9,False
tomato,4,1833.0,Jakhal APMC,0.9439,0.3462,45732.50541,245,M9,False
tomato,4,1839.0,Dhand APMC,1.5585,0.1204,54556.946224,245,M9,False
tomato,4,1842.0,Siwan APMC,-0.3929,0.6947,-13064.927718,245,M6,False
tomato,4,1844.0,Gharaunda APMC,1.0969,0.2738,52652.888351,245,M9,False
tomato,4,1852.0,Madlauda APMC,1.6037,0.1101,48837.011848,245,M9,False
tomato,4,1853.0,Samalkha APMC,-0.2451,0.8066,-6907.130116,232,M6,False
tomato,4,1860.0,Meham APMC,0.3273,0.7437,9540.437897,245,M9,False
tomato,4,1861.0,Sampla APMC,1.6594,0.0983,89645.482798,243,M9,False
tomato,4,1864.0,Ganaur APMC,1.8832,0.0609,72754.387857,245,M9,False
tomato,4,1868.0,Bowenpally APMC,-0.6512,0.5155,-25656.473033,245,M6,False
tomato,4,1896.0,Navapur APMC,-0.9175,0.3604,-25547.855474,149,M6,False
tomato,4,1902.0,Vita APMC,-1.66,0.0985,-39563.145933,194,M6,False
tomato,4,1903.0,Palus APMC,-0.8069,0.4205,-20341.423292,245,M6,False
tomato,4,1939.0,Ramtek APMC,0.6651,0.5066,20522.583628,245,M9,False
tomato,4,1967.0,Karvi APMC,0.8852,0.3769,24121.680937,245,M9,False
tomato,4,1973.0,Kuruppanthura Market,-1.8436,0.0665,-185832.79784,240,M6,False
tomato,4,1974.0,Chelakkara Market,-0.17,0.8652,-11409.663694,245,M6,False
tomato,4,1975.0,Munnar Market,-1.1112,0.2676,-114841.45709,245,M6,False
tomato,4,1977.0,Kottakkal Market,-0.7235,0.4701,-45608.827411,245,M6,False
tomato,4,1978.0,Angamaly Market,-2.5425,0.0116,-253084.408854,245,M6,True
tomato,4,1979.0,Kallachi Market,-0.5138,0.6078,-32288.717064,245,M6,False
tomato,4,1980.0,Taliparamba Market,1.0363,0.3019,179886.724423,133,M9,False
tomato,4,1986.0,Madhavapuram Market,-1.1946,0.2336,-120564.07953,216,M6,False
tomato,4,1987.0,Mulakalacheruvu APMC,-0.4505,0.6529,-22750.995893,167,M6,False
tomato,4,2006.0,Sasthamkotta Market,0.2261,0.8213,19300.494155,245,M9,False
tomato,4,2007.0,Piravam Market,-2.2311,0.0266,-217341.433906,245,M6,True
tomato,4,2008.0,Aralamoodu Market,-2.8476,0.0048,-307545.759744,245,M6,True
tomato,4,2011.0,Neyyatinkara Market,-2.2815,0.0234,-232138.022235,229,M6,True
tomato,4,2012.0,Attingal Market,-1.0584,0.2909,-105437.844059,245,M6,False
tomato,4,2013.0,Anchal Market,-2.0252,0.0439,-171456.426332,245,M6,True
tomato,4,2015.0,Chengannur Market,-2.2104,0.028,-169666.533452,245,M6,True
tomato,4,2016.0,Kayamkulam Market,-1.5023,0.1343,-162327.093151,245,M6,False
tomato,4,2019.0,Pampady Market,-2.3948,0.0174,-215126.606102,245,M6,True
tomato,4,2020.0,Ettumanoor Market,-2.3215,0.0211,-272607.43581,245,M6,True
tomato,4,2021.0,Kanjirappally Market,-1.8714,0.0625,-205560.089584,245,M6,False
tomato,4,2022.0,Pala Market,-1.8353,0.0677,-175656.626337,245,M6,False
tomato,4,2024.0,Chalakudy Market,-1.6348,0.1034,-159445.664198,245,M6,False
tomato,4,2026.0,Chavakkad Market,-1.5701,0.1177,-114723.520696,245,M6,False
tomato,4,2027.0,Wadakkanchery Market,-1.6073,0.1093,-116399.51854,245,M6,False
tomato,4,2032.0,Kuthuparambu Market,0.5388,0.5909,67740.2719,139,M9,False
tomato,4,2034.0,Manjeswaram Market,-0.3401,0.7341,-26085.921945,245,M6,False
tomato,4,2035.0,Kanjangadu Market,-0.8302,0.4072,-45611.150663,245,M6,False
tomato,4,2036.0,Vamanapuram Market,-0.4755,0.6348,-30335.004421,245,M6,False
tomato,4,2039.0,Rahata APMC,-1.4734,0.1419,-35399.426853,245,M6,False
tomato,4,2147.0,Khed(Chakan) APMC,-0.8257,0.4098,-24333.395349,245,M6,False
tomato,4,2148.0,Pune(Pimpri) APMC,-1.2309,0.2196,-34476.621302,245,M6,False
tomato,4,2149.0,Pune(Khadiki) APMC,-1.5429,0.1241,-24646.4436,245,M6,False
tomato,4,2163.0,Chandrapur(Ganjwad) APMC,-0.0712,0.9433,-1930.196345,245,M6,False
tomato,4,2173.0,Kathua (F&V),1.0104,0.3133,49443.426563,245,M9,False
tomato,4,2176.0,Thrippunithura Market,-2.5317,0.012,-296366.369801,245,M6,True
tomato,4,2177.0,Pattambi Market,-1.2751,0.2035,-84844.351221,245,M6,False
tomato,4,2181.0,Khekda APMC,0.3881,0.6983,13482.475667,245,M9,False
tomato,4,2182.0,Jahangirabad APMC,1.4066,0.1608,42154.685809,245,M9,False
tomato,4,2183.0,Siyana APMC,1.0802,0.2812,24024.162781,216,M9,False
tomato,4,2184.0,Sikanderabad APMC,1.3114,0.1911,40766.657565,221,M9,False
tomato,4,2185.0,Anoop Shahar APMC,1.2747,0.2037,43770.037601,229,M9,False
tomato,4,2186.0,Sikarpur APMC,0.1276,0.8986,3321.932973,216,M9,False
tomato,4,2188.0,Chutmalpur APMC,-0.0687,0.9453,-838.04845,233,M6,False
tomato,4,2190.0,Kairana APMC,-1.6692,0.0964,-28788.183232,233,M6,False
tomato,4,2191.0,Thanabhavan APMC,1.3258,0.1862,26520.005328,245,M9,False
tomato,4,2193.0,Fatehabad APMC,1.0218,0.3079,15417.676882,232,M9,False
tomato,4,2194.0,Achnera APMC,0.5817,0.5614,14003.22897,207,M9,False
tomato,4,2195.0,Khairagarh APMC,-0.1962,0.8447,-7131.655108,195,M6,False
tomato,4,2196.0,Jagnair APMC,1.2927,0.1974,50990.187243,245,M9,False
tomato,4,2197.0,Fatehpur Sikri APMC,1.5626,0.1196,52317.862604,214,M9,False
tomato,4,2198.0,Samsabad APMC,0.01,0.992,170.389314,245,M9,False
tomato,4,2200.0,Shadabad APMC,1.6985,0.0907,55437.726218,245,M9,False
tomato,4,2203.0,Awagarh APMC,-0.5339,0.5939,-9066.314635,245,M6,False
tomato,4,2204.0,Sirsaganj APMC,1.0572,0.2917,21023.615364,197,M9,False
tomato,4,2205.0,Tundla APMC,1.1926,0.2342,36757.395886,245,M9,False
tomato,4,2206.0,Kiratpur APMC,0.6313,0.5285,24419.599219,232,M9,False
tomato,4,2209.0,Dhanaura APMC,-0.193,0.8471,-1248.006688,245,M6,False
tomato,4,2212.0,Anwala APMC,1.2584,0.2095,54050.486199,245,M9,False
tomato,4,2214.0,Wazirganj APMC,1.8142,0.0712,70709.452424,198,M9,False
tomato,4,2218.0,Choubepur APMC,1.3785,0.1695,43807.282788,209,M9,False
tomato,4,2222.0,Mohamadabad APMC,0.0952,0.9243,4839.153487,129,M9,False
tomato,4,2223.0,Achalda APMC,1.4214,0.1567,40758.824021,210,M9,False
tomato,4,2227.0,Salon APMC,0.5951,0.553,23456.608375,116,M9,False
tomato,4,2228.0,Viswan APMC,2.4667,0.0145,67661.743317,191,M9,True
tomato,4,2236.0,Muskara APMC,1.1419,0.2548,37744.129908,207,M9,False
tomato,4,2239.0,Rudauli APMC,0.799,0.4251,19970.66075,228,M9,False
tomato,4,2240.0,Nawabganj APMC,1.2415,0.2156,29342.501241,245,M9,False
tomato,4,2243.0,Ahirora APMC,1.692,0.0921,39627.749357,210,M9,False
tomato,4,2244.0,Doharighat APMC,1.6064,0.1096,84984.736549,227,M9,False
tomato,4,2245.0,Rasda APMC,2.5113,0.0127,76100.465105,226,M9,True
tomato,4,2246.0,Chitwadagaon APMC,1.6186,0.1071,55092.122913,202,M9,False
tomato,4,2248.0,Chorichora APMC,1.1472,0.2528,60659.948982,186,M9,False
tomato,4,2249.0,Khalilabad APMC,0.0467,0.9628,786.298955,245,M9,False
tomato,4,2250.0,Gadaura APMC,1.5339,0.1271,47975.172806,156,M9,False
tomato,4,2254.0,Valangaiman APMC,-1.5146,0.1326,-107460.546063,116,M6,False
tomato,4,2269.0,Uluberia APMC,0.3941,0.6938,27256.144051,245,M9,False
tomato,4,2270.0,Sheoraphuly APMC,-0.1212,0.9036,-10746.058527,245,M6,False
tomato,4,2272.0,Egra/contai APMC,-0.419,0.6756,-31740.722884,245,M6,False
tomato,4,2373.0,Gandai APMC,-0.6366,0.5259,-30519.984946,98,M6,False
tomato,4,2422.0,Thirupathur APMC,-0.0442,0.9648,-2941.57318,116,M6,False
tomato,4,2444.0,FerozpurZirkha(Nagina) APMC,1.1742,0.2414,62495.908491,245,M9,False
tomato,4,2481.0,Kota (F&V) APMC,-0.0248,0.9802,-630.584978,231,M6,False
tomato,4,2487.0,Jalandhar City(Jalandhar) APMC,0.4908,0.624,8855.725613,245,M9,False
tomato,4,2490.0,Nawan Shahar(Subzi Mandi) APMC,0.7506,0.454,50007.8146,162,M9,False
tomato,4,2498.0,Amritsar(Amritsar Mewa Mandi) APMC,1.2731,0.2046,30529.293882,186,M9,False
tomato,4,2510.0,Mukerian(Talwara) APMC,1.8082,0.072,115545.419833,219,M9,False
tomato,4,2521.0,SMY Nadaun,0.8251,0.4101,76313.584978,245,M9,False
tomato,4,2524.0,SMY Takoli,-0.4462,0.6558,-17211.908817,245,M6,False
tomato,4,2526.0,SMY Baijnath,-0.1168,0.9072,-8837.612154,245,M6,False
tomato,4,2527.0,SMY Nagrota Bagwan,0.6632,0.5079,44192.477482,220,M9,False
tomato,4,2528.0,SMY Jassur,1.1004,0.2724,62310.944692,213,M9,False
tomato,4,2529.0,SMY Jaisinghpur,0.18,0.8573,8180.558836,245,M9,False
tomato,4,2537.0,Siliguri APMC,0.2028,0.8395,14774.64021,245,M9,False
tomato,4,2545.0,Rajkot(Veg.Sub Yard) APMC,1.5024,0.1343,50557.279153,245,M9,False
tomato,4,2549.0,Dahod(Veg. Market) APMC,0.4135,0.6796,15766.776519,245,M9,False
tomato,4,2551.0,Vadodara(Sayajipura) APMC,0.9064,0.3656,36786.672941,245,M9,False
tomato,4,2556.0,"Kalol(Veg,Market,Kalol) APMC",1.1879,0.2364,91316.796935,190,M9,False
tomato,4,2571.0,"Anand(Veg,Yard,Anand) APMC",0.6443,0.52,25709.677097,245,M9,False
tomato,4,2584.0,Mansa(Manas Veg Yard) APMC,0.4134,0.6797,20343.925979,245,M9,False
tomato,4,2668.0,Kottarakkara Market,-2.3792,0.0181,-261183.826516,245,M6,True
tomato,4,2670.0,Chathanoor Market,-2.4348,0.0156,-282736.46089,245,M6,True
tomato,4,2673.0,Mannar Market,-1.6776,0.0947,-125363.306932,245,M6,False
tomato,4,2674.0,Athirampuzha Market,-1.1109,0.2677,-95410.787242,245,M6,False
tomato,4,2675.0,Thalayolaparambu Market,-2.0904,0.0376,-195215.182505,245,M6,True
tomato,4,2676.0,Adimali Market,-1.683,0.0937,-132780.163334,244,M6,False
tomato,4,2677.0,Vandiperiyar Market,0.0996,0.9208,6025.153536,237,M9,False
tomato,4,2679.0,Kattappana Market,-0.1917,0.8481,-15027.781535,245,M6,False
tomato,4,2680.0,Perumbavoor Market,-0.6393,0.5232,-40223.946101,245,M6,False
tomato,4,2681.0,Kothamangalam Market,-1.0036,0.3166,-85118.346312,245,M6,False
tomato,4,2682.0,vadakarapathy Market,-0.176,0.8605,-7714.216755,197,M6,False
tomato,4,2683.0,Vadakkenchery Market,-2.6227,0.0093,-248042.986868,245,M6,True
tomato,4,2684.0,Perinthalmanna Market,0.9084,0.3646,32841.259825,232,M9,False
tomato,4,2685.0,Parappanangadi Market,-0.7949,0.4276,-32190.008037,204,M6,False
tomato,4,2686.0,Thirurrangadi Market,0.4785,0.6327,23420.040336,245,M9,False
tomato,4,2687.0,Kondotty Market,0.0311,0.9752,1248.523771,229,M9,False
tomato,4,2689.0,Perambra Market,-0.6492,0.5168,-47321.873949,232,M6,False
tomato,4,2690.0,Mukkom Market,-0.0828,0.9341,-6220.694459,188,M6,False
tomato,4,2691.0,Quilandy Market,-0.2811,0.7789,-15082.39233,245,M6,False
tomato,4,2692.0,Thamarassery Market,1.1665,0.2446,59006.286732,245,M9,False
tomato,4,2693.0,Chala Market,-1.0701,0.2856,-88633.902474,245,M6,False
tomato,4,2696.0,Phillaur(Apra Mandi) APMC,0.6522,0.5151,26342.235127,193,M9,False
tomato,4,2701.0,Garh Shankar(Mahalpur) APMC,1.7956,0.074,98591.54266,211,M9,False
tomato,4,2704.0,Amrawati(Frui & Veg. Market) APMC,-0.0789,0.9372,-1745.572491,245,M6,False
tomato,4,2713.0,Bonai APMC,1.414,0.1588,97214.511257,211,M9,False
tomato,4,2714.0,Bargarh(Barapalli) APMC,0.3748,0.7082,28637.4045,185,M9,False
tomato,4,2720.0,Kendrapara(Marshaghai) APMC,1.8819,0.061,145943.826972,245,M9,False
tomato,4,2721.0,Keonjhar(Dhekikote) APMC,1.2297,0.22,43210.81294,245,M9,False
tomato,4,2738.0,Udaipur (F&V) APMC,-0.4155,0.6781,-11135.255027,233,M6,False
tomato,4,2739.0,Chomu FV APMC,-0.2609,0.7944,-11149.227741,245,M6,False
tomato,4,2744.0,Bassi APMC,0.1476,0.8828,9039.5378,245,M9,False
tomato,4,2758.0,HanumangarhTown APMC,0.1217,0.9032,4673.000471,189,M9,False
tomato,4,2773.0,Mehsana(Mehsana Veg) APMC,-0.9101,0.3637,-38318.645161,245,M6,False
tomato,4,2774.0,Deesa(Deesa Veg Yard) APMC,1.1734,0.2418,58536.236027,245,M9,False
tomato,4,2800.0,Khandhla APMC,-0.2758,0.7829,-4514.442496,232,M6,False
tomato,4,2803.0,Noida APMC,1.3979,0.1634,44954.363512,245,M9,False
tomato,4,2808.0,Milak APMC,1.8892,0.0602,70504.667377,215,M9,False
tomato,4,2896.0,Sealdah Koley Market APMC,1.1769,0.2404,104237.261833,245,M9,False
tomato,4,2897.0,Habra APMC,0.2252,0.822,13089.310432,245,M9,False
tomato,4,2898.0,Khatra APMC,0.1332,0.8941,13592.996546,245,M9,False
tomato,4,2899.0,Durgapur APMC,-0.5192,0.6041,-49760.46862,245,M6,False
tomato,4,2900.0,Memari APMC,-0.176,0.8604,-13035.006535,245,M6,False
tomato,4,2901.0,Pundibari APMC,-1.1587,0.248,-88006.28989,191,M6,False
tomato,4,2905.0,Balarampur APMC,-1.0009,0.3179,-49337.963922,245,M6,False
tomato,4,2907.0,Chevella APMC,0.8183,0.414,35279.38371,238,M9,False
tomato,4,2910.0,"New Grain Market , Faridabad APMC",1.0669,0.2871,42402.424735,243,M9,False
tomato,4,2940.0,Tiruchengode APMC,-0.7945,0.4285,-37467.433026,116,M6,False
tomato,4,2970.0,Thuraiyur APMC,-0.2532,0.8007,-31689.991075,88,M6,False
tomato,4,3014.0,Kalikiri APMC,-1.1439,0.2538,-47401.465767,245,M6,False
tomato,4,3018.0,L B Nagar APMC,-0.3933,0.6945,-16358.87689,206,M6,False
tomato,4,3044.0,Bagepalli APMC,-0.9941,0.3213,-29564.414928,207,M6,False
tomato,4,3045.0,Harda(F&V) APMC,0.3606,0.719,13774.891569,138,M9,False
tomato,4,3050.0,Khandwa(F&V) APMC,1.4185,0.158,25110.756201,160,M9,False
tomato,4,3054.0,Dewas(F&V) APMC,0.9244,0.3567,22410.505267,160,M9,False
tomato,4,3059.0,Lashkar(F&V) APMC,1.4622,0.1456,65753.687476,162,M9,False
tomato,4,3067.0,Sagar(F&V) APMC,0.5506,0.5827,20731.437215,161,M9,False
tomato,4,3071.0,Jabalpur(F&V) APMC,-0.487,0.6269,-18318.92485,161,M6,False
tomato,4,3075.0,Chhindwara(F&V) APMC,1.1061,0.2707,31738.2366,132,M9,False
tomato,4,3080.0,Tusura APMC,-0.0906,0.9279,-5740.842171,174,M6,False
tomato,4,3084.0,Saraskana APMC,1.1371,0.2567,78168.893339,219,M9,False
tomato,4,3086.0,Godbhaga APMC,-0.0005,0.9996,-28.405363,180,M6,False
tomato,4,3087.0,Sahidngar APMC,1.2734,0.2049,149808.765958,147,M9,False
tomato,4,3089.0,Sarankul APMC,-1.0647,0.2883,-59240.663618,192,M6,False
tomato,4,3092.0,Saharpada APMC,0.8765,0.3816,34706.708435,245,M9,False
tomato,4,3093.0,Sohela APMC,1.2936,0.1978,146254.0056,150,M9,False
tomato,4,3100.0,Sonamura APMC,0.1697,0.8654,17080.406415,245,M9,False
tomato,4,3105.0,Barpathari APMC,-0.8238,0.4109,-90287.658723,233,M6,False
tomato,4,3117.0,Asansol APMC,-0.5219,0.6022,-50430.410386,245,M6,False
tomato,4,3130.0,Junnar(Narayangaon) APMC,-1.473,0.142,-43783.783581,245,M6,False
tomato,4,3142.0,Kamthi APMC,2.3568,0.0192,75108.824782,245,M9,True
tomato,4,3218.0,Tiphra APMC,-0.7583,0.4491,-32565.58266,229,M6,False
tomato,4,3297.0,Khariar APMC,1.7871,0.0753,157342.750283,219,M9,False
tomato,4,3299.0,Chuliaposi APMC,0.906,0.3663,107181.12926,163,M9,False
tomato,4,3300.0,Gopa APMC,1.1328,0.2584,68454.617993,245,M9,False
tomato,4,3301.0,Pattamundai APMC,1.2543,0.2109,95350.692742,245,M9,False
tomato,4,3302.0,Chatta Krushak Bazar APMC,1.2278,0.2207,99168.977522,245,M9,False
tomato,4,3306.0,Nilagiri APMC,-0.5986,0.55,-23001.074068,232,M6,False
tomato,4,3308.0,Hindol APMC,1.5195,0.1299,123266.262095,245,M9,False
tomato,4,3327.0,Mahabubnagar(Rythu Bazar) APMC,-0.9004,0.369,-75236.398436,207,M6,False
tomato,4,3332.0,Mehndipatnam(Rythu Bazar) APMC,-1.3192,0.1886,-57865.57472,206,M6,False
tomato,4,3339.0,Falakata APMC,-0.8137,0.4167,-84094.396468,228,M6,False
tomato,4,3341.0,Karsiyang(Matigara) APMC,0.9528,0.3416,117063.019927,245,M9,False
tomato,4,3344.0,Gangarampur(Dakshin Dinajpur) APMC,0.9292,0.3537,89052.127185,245,M9,False
tomato,4,3346.0,Diamond Harbour(South 24-pgs) APMC,-0.096,0.9236,-9768.118037,245,M6,False
tomato,4,3347.0,Kalipur APMC,-0.0363,0.9711,-2845.947639,245,M6,False
tomato,4,3349.0,Ranaghat APMC,0.6219,0.5346,67706.652973,245,M9,False
tomato,4,3350.0,Chakdah APMC,0.4239,0.672,43474.722948,245,M9,False
tomato,4,3352.0,Garbeta(Medinipur) APMC,0.106,0.9157,9772.611256,245,M9,False
tomato,4,3354.0,Kasipur APMC,2.0281,0.0489,104492.499982,43,M9,True
tomato,4,3355.0,Sainthia APMC,0.8682,0.3861,72318.668428,245,M9,False
tomato,4,3374.0,Vankaner(Sub yard) APMC,0.4061,0.6853,58313.182361,156,M9,False
tomato,4,3393.0,Broadway market Market,1.2994,0.1959,109217.00815,142,M9,False
tomato,4,3394.0,North Paravur Market,0.7095,0.4792,88012.381746,143,M9,False
tomato,4,3445.0,APMC Azadpur,-0.3847,0.7008,-11875.181222,245,M6,False
tomato,4,3449.0,Pune(Manjri) APMC,-1.1346,0.2577,-38914.164917,245,M6,False
tomato,4,3450.0,Pune(Moshi) APMC,-1.2122,0.2266,-35505.21761,245,M6,False
tomato,4,3452.0,Agriculture Produce Market Committee Hingna,0.9449,0.3459,32294.680989,196,M9,False
tomato,4,3517.0,PMY Kangni Mandi,0.7318,0.4683,33589.575329,43,M9,False
tomato,4,3626.0,Dablirathan APMC,-1.2047,0.2322,-75530.816712,74,M6,False
tomato,4,3673.0,Boxonagar,0.1806,0.8568,19302.077612,245,M9,False
tomato,4,3680.0,Kadamtala,-0.2545,0.7993,-15431.091913,245,M6,False
tomato,4,4055.0,Ariyalur(Uzhavar Sandhai),0.4515,0.6525,51574.186596,112,M9,False
tomato,4,4056.0,Jeyankondam (Uzhavar Sandhai ),-0.5541,0.5806,-37401.525394,112,M6,False
tomato,4,4057.0,RSPuram(Uzhavar Sandhai ),-0.402,0.6888,-50578.045791,79,M6,False
tomato,4,4058.0,Singanallur(Uzhavar Sandhai ),-0.2446,0.8072,-19542.197725,112,M6,False
tomato,4,4059.0,Pollachi(Uzhavar Sandhai ),-0.7652,0.4458,-61004.024095,112,M6,False
tomato,4,4060.0,Mettupalayam(Uzhavar Sandhai ),-0.4226,0.6734,-37985.630085,112,M6,False
tomato,4,4061.0,Kurichi(Uzhavar Sandhai ),-0.55,0.5837,-43562.409011,92,M6,False
tomato,4,4062.0,Sulur(Uzhavar Sandhai ),-0.1628,0.8709,-12699.281004,112,M6,False
tomato,4,4063.0,Vadavalli(Uzhavar Sandhai ),-0.0823,0.9345,-7422.2353,112,M6,False
tomato,4,4064.0,Sundarapuram(Uzhavar Sandhai ),-0.656,0.5137,-84018.89331,82,M6,False
tomato,4,4065.0,Cuddalore(Uzhavar Sandhai ),-0.9061,0.3669,-69627.571551,112,M6,False
tomato,4,4066.0,Chidambaram(Uzhavar Sandhai ),-0.5449,0.5871,-36732.191013,98,M6,False
tomato,4,4067.0,Viruthachalam(Uzhavar Sandhai ),-0.679,0.4986,-60900.026041,112,M6,False
tomato,4,4068.0,Panruti(Uzhavar Sandhai ),-1.258,0.211,-64538.789346,112,M6,False
tomato,4,4069.0,Vadalur(Uzhavar Sandhai ),0.7411,0.4644,174099.599125,31,M9,False
tomato,4,4070.0,Dharmapuri(Uzhavar Sandhai ),-1.0872,0.2793,-77342.100202,112,M6,False
tomato,4,4071.0,Pennagaram(Uzhavar Sandhai ),-1.2299,0.2213,-132365.696142,112,M6,False
tomato,4,4072.0,Palacode(Uzhavar Sandhai ),-0.0241,0.9808,-2445.764412,84,M6,False
tomato,4,4073.0,Harur(Uzhavar Sandhai ),-0.8318,0.4073,-68923.232612,112,M6,False
tomato,4,4074.0,AJattihalli(Uzhavar Sandhai ),-0.3662,0.715,-28384.665616,99,M6,False
tomato,4,4075.0,Dindigul(Uzhavar Sandhai ),-0.2539,0.8,-27105.071908,112,M6,False
tomato,4,4076.0,Palani(Uzhavar Sandhai ),-0.6614,0.5097,-42126.48342,112,M6,False
tomato,4,4077.0,Chinnalapatti(Uzhavar Sandhai ),-0.313,0.7549,-30780.323876,112,M6,False
tomato,4,4080.0,Vedasanthur(Uzhavar Sandhai ),-1.6828,0.0952,-94248.547496,112,M6,False
tomato,4,4081.0,Sampath Nagar(Uzhavar Sandhai ),-0.0229,0.9818,-2425.05362,83,M6,False
tomato,4,4082.0,Gobichettipalayam(Uzhavar Sandhai ),-0.1087,0.9137,-9046.485383,112,M6,False
tomato,4,4083.0,Sathiyamagalam(Uzhavar Sandhai ),-0.2244,0.823,-26703.623365,79,M6,False
tomato,4,4084.0,Periyar Nagar(Uzhavar Sandhai ),-1.1681,0.2453,-85360.051099,112,M6,False
tomato,4,4085.0,Perundurai(Uzhavar Sandhai ),-1.1353,0.2587,-75110.085327,112,M6,False
tomato,4,4086.0,Thalavadi(Uzhavar Sandhai ),-0.3248,0.7462,-30250.522073,79,M6,False
tomato,4,4087.0,Kancheepuram(Uzhavar Sandhai ),-0.3371,0.7367,-24275.444954,112,M6,False
tomato,4,4088.0,Padappai(Uzhavar Sandhai ),-0.0511,0.9593,-4912.455264,112,M6,False
tomato,4,4089.0,Sunguvarchatram(Uzhavar Sandhai ),-0.0976,0.9224,-11469.831364,112,M6,False
tomato,4,4090.0,Kundrathur(Uzhavar Sandhai ),0.3676,0.7138,34372.669521,112,M9,False
tomato,4,4091.0,Karur(Uzhavar Sandhai ),-0.5473,0.5853,-52108.994934,112,M6,False
tomato,4,4092.0,Kulithalai(Uzhavar Sandhai ),-0.4493,0.6541,-41983.342417,112,M6,False
tomato,4,4093.0,Velayuthampalayam(Uzhavar Sandhai ),-0.8086,0.4211,-97966.43975,85,M6,False
tomato,4,4094.0,Pallapatti (Uzhavar Sandhai ),-1.019,0.3104,-83643.174879,112,M6,False
tomato,4,4095.0,Vengamedu(Uzhavar Sandhai ),1.0056,0.3229,198317.91077,30,M9,False
tomato,4,4096.0,Hosur(Uzhavar Sandhai ),-0.5202,0.6039,-38175.736404,112,M6,False
tomato,4,4097.0,Krishnagiri(Uzhavar Sandhai ),-1.7202,0.0882,-128670.893345,112,M6,False
tomato,4,4098.0,Kaveripattinam(Uzhavar Sandhai ),-0.1489,0.882,-15166.020577,95,M6,False
tomato,4,4099.0,Denkanikottai(Uzhavar Sandhai ),-0.6819,0.4967,-62823.522621,112,M6,False
tomato,4,4100.0,Avallapalli(Uzhavar Sandhai ),-0.2644,0.792,-25324.834634,112,M6,False
tomato,4,4102.0,Chokkikulam(Uzhavar Sandhai ),-0.3586,0.7206,-40432.153573,112,M6,False
tomato,4,4103.0,Palanganatham(Uzhavar Sandhai ),-0.1443,0.8856,-13113.6901,112,M6,False
tomato,4,4104.0,Usilampatti(Uzhavar Sandhai ),0.8136,0.4205,125307.278022,43,M9,False
tomato,4,4105.0,Thirumangalam(Uzhavar Sandhai ),-0.0413,0.9671,-4255.692381,112,M6,False
tomato,4,4106.0,Melur(Uzhavar Sandhai ),-0.557,0.5786,-51336.981878,112,M6,False
tomato,4,4107.0,Anaiyur(Uzhavar Sandhai ),-0.2966,0.7674,-27999.152762,112,M6,False
tomato,4,4108.0,Mayiladuthurai(Uzhavar Sandhai ),-0.4789,0.6329,-45507.167879,112,M6,False
tomato,4,4109.0,Nagapattinam(Uzhavar Sandhai ),-0.6491,0.5176,-69049.031151,112,M6,False
tomato,4,4110.0,Sirkali(Uzhavar Sandhai ),-0.6006,0.5494,-64183.543647,112,M6,False
tomato,4,4113.0,Rasipuram(Uzhavar Sandhai ),-0.616,0.5392,-44382.925782,112,M6,False
tomato,4,4114.0,Kumarapalayam(Uzhavar Sandhai ),-0.7955,0.428,-75413.480051,112,M6,False
tomato,4,4115.0,Paramathivelur(Uzhavar Sandhai ),-0.6976,0.4869,-63458.84537,112,M6,False
tomato,4,4116.0,Mohanur(Uzhavar Sandhai ),-0.1333,0.8942,-13110.632377,112,M6,False
tomato,4,4117.0,Udhagamandalam(Uzhavar Sandhai ),-0.4063,0.6853,-32561.825557,112,M6,False
tomato,4,4118.0,Coonoor(Uzhavar Sandhai ),-0.4046,0.6865,-39206.068439,112,M6,False
tomato,4,4120.0,Gudalur(Uzhavar Sandhai ),-0.2127,0.832,-17400.092882,112,M6,False
tomato,4,4121.0,Perambalur(Uzhavar Sandhai ),0.1571,0.8755,24637.085261,90,M9,False
tomato,4,4123.0,Pudukottai(Uzhavar Sandhai ),0.2874,0.7743,30173.481223,112,M9,False
tomato,4,4124.0,Aranthangi(Uzhavar Sandhai ),0.1797,0.8578,18773.306181,112,M9,False
tomato,4,4125.0,Alangudi(Uzhavar Sandhai ),0.0275,0.9781,3083.051676,100,M9,False
tomato,4,4126.0,Gandarvakottai(Uzhavar Sandhai ),-0.8134,0.4178,-70936.093013,112,M6,False
tomato,4,4127.0,Karambakkudi(Uzhavar Sandhai ),0.1828,0.8553,18508.527705,112,M9,False
tomato,4,4128.0,Viralimalai(Uzhavar Sandhai ),-0.6099,0.5432,-60963.883326,112,M6,False
tomato,4,4129.0,Ramanathapuram(Uzhavar Sandhai ),0.0694,0.9448,8192.567881,112,M9,False
tomato,4,4130.0,Paramakudi(Uzhavar Sandhai ),0.1406,0.8885,19804.729532,98,M9,False
tomato,4,4131.0,Kamuthi(Uzhavar Sandhai ),-1.2764,0.2067,-192521.384805,62,M6,False
tomato,4,4132.0,Sooramangalam(Uzhavar Sandhai ),-0.4823,0.6305,-41294.216125,112,M6,False
tomato,4,4133.0,Ammapet(Uzhavar Sandhai ),-0.1454,0.8846,-13731.409766,112,M6,False
tomato,4,4134.0,Athur(Uzhavar Sandhai ),-0.1948,0.846,-16383.864992,93,M6,False
tomato,4,4135.0,Thathakapatti(Uzhavar Sandhai ),-0.6314,0.5291,-51926.002202,112,M6,False
tomato,4,4136.0,Mettur(Uzhavar Sandhai ),-0.5411,0.5897,-50040.86536,99,M6,False
tomato,4,4137.0,Attayampatti(Uzhavar Sandhai ),-0.5777,0.5647,-44442.411579,112,M6,False
tomato,4,4138.0,Hasthampatti(Uzhavar Sandhai ),-0.6133,0.541,-62183.207537,112,M6,False
tomato,4,4139.0,Elampillai(Uzhavar Sandhai ),-0.2917,0.7711,-23960.1801,112,M6,False
tomato,4,4140.0,Thammampatti (Uzhavar Sandhai ),-0.4078,0.6844,-44095.894913,92,M6,False
tomato,4,4141.0,Jalagandapuram(Uzhavar Sandhai ),-0.5475,0.5854,-65647.139855,88,M6,False
tomato,4,4142.0,Edapadi (Uzhavar Sandhai ),0.0049,0.9961,596.682114,96,M9,False
tomato,4,4143.0,Sivagangai (Uzhavar Sandhai ),0.3061,0.7601,27913.607557,112,M9,False
tomato,4,4144.0,Devakottai (Uzhavar Sandhai ),-0.0596,0.9526,-5757.51005,112,M6,False
tomato,4,4145.0,Karaikudi(Uzhavar Sandhai ),-0.1537,0.8781,-15118.407205,112,M6,False
tomato,4,4146.0,Tirupatthur(Uzhavar Sandhai ),-0.4871,0.6273,-58868.893579,98,M6,False
tomato,4,4147.0,Singampunari(Uzhavar Sandhai ),-0.4963,0.621,-61249.042824,87,M6,False
tomato,4,4148.0,Thanjavur(Uzhavar Sandhai ),0.0337,0.9732,3281.10751,112,M9,False
tomato,4,4149.0,Kumbakonam (Uzhavar Sandhai ),0.0287,0.9772,3160.388721,112,M9,False
tomato,4,4150.0,Pattukottai(Uzhavar Sandhai ),-0.397,0.6921,-40647.150817,112,M6,False
tomato,4,4151.0,Tirukattupalli(Uzhavar Sandhai ),0.6506,0.5203,110581.201154,31,M9,False
tomato,4,4152.0,Papanasam(Uzhavar Sandhai ),-0.7987,0.4261,-61595.346336,112,M6,False
tomato,4,4153.0,Theni(Uzhavar Sandhai ),0.0214,0.983,2540.576062,85,M9,False
tomato,4,4154.0,Kambam(Uzhavar Sandhai ),0.2478,0.8049,28430.43838,86,M9,False
tomato,4,4155.0,Bodinayakanur(Uzhavar Sandhai ),0.1103,0.9124,8264.267352,112,M9,False
tomato,4,4156.0,Periyakulam(Uzhavar Sandhai ),-0.0495,0.9606,-4628.006762,92,M6,False
tomato,4,4157.0,Devaram(Uzhavar Sandhai ),-0.1373,0.8911,-9701.194968,112,M6,False
tomato,4,4158.0,Andipatti(Uzhavar Sandhai ),-0.0047,0.9962,-441.541524,112,M6,False
tomato,4,4159.0,Chinnamanur(Uzhavar Sandhai ),0.2628,0.7933,32440.993016,86,M9,False
tomato,4,4160.0,Palayamkottai(Uzhavar Sandhai ),0.073,0.942,8219.986116,112,M9,False
tomato,4,4161.0,Kandiyaperi(Uzhavar Sandhai ),-0.6202,0.5368,-90449.617001,84,M6,False
tomato,4,4162.0,Melapalayam(Uzhavar Sandhai ),-0.2024,0.8401,-33091.396035,83,M6,False
tomato,4,4163.0,Ambasamudram(Uzhavar Sandhai ),-0.8189,0.415,-99169.392989,91,M6,False
tomato,4,4164.0,NGO Colony(Uzhavar Sandhai ),-0.1793,0.858,-20121.71218,112,M6,False
tomato,4,4165.0,Tiruthani(Uzhavar Sandhai ),0.9091,0.3705,147943.996373,31,M9,False
tomato,4,4166.0,Tiruvallur(Uzhavar Sandhai ),-0.4742,0.6363,-46664.860437,112,M6,False
tomato,4,4167.0,Ambattur(Uzhavar Sandhai ),-0.8494,0.3975,-80896.900769,112,M6,False
tomato,4,4168.0,Paruthipattu(Uzhavar Sandhai ),-0.3511,0.7262,-36394.516657,112,M6,False
tomato,4,4169.0,Naravarikuppam(Uzhavar Sandhai ),-0.3996,0.6902,-40234.538343,112,M6,False
tomato,4,4170.0,Perambakkam(Uzhavar Sandhai ),-1.1002,0.2736,-75281.917321,112,M6,False
tomato,4,4172.0,Mannargudi I(Uzhavar Sandhai ),0.4555,0.6496,51302.170698,112,M9,False
tomato,4,4173.0,Tiruvarur(Uzhavar Sandhai ),-0.3535,0.7244,-26338.602046,112,M6,False
tomato,4,4174.0,Needamangalam(Uzhavar Sandhai ),-0.7794,0.4374,-60032.110446,112,M6,False
tomato,4,4175.0,Muthupettai(Uzhavar Sandhai ),-0.6744,0.5015,-56395.596059,112,M6,False
tomato,4,4176.0,Mannargudi II(Uzhavar Sandhai ),0.1492,0.8816,14709.902534,112,M9,False
tomato,4,4178.0,Tuticorin(Uzhavar Sandhai ),-0.0129,0.9898,-1171.358268,112,M6,False
tomato,4,4179.0,Kovilpatti(Uzhavar Sandhai ),-0.8665,0.3889,-110999.130883,79,M6,False
tomato,4,4180.0,Tiruvannamalai(Uzhavar Sandhai ),-0.1185,0.9059,-11640.026106,112,M6,False
tomato,4,4181.0,Polur(Uzhavar Sandhai ),-0.8538,0.3951,-70379.281639,112,M6,False
tomato,4,4182.0,Arani(Uzhavar Sandhai ),-0.0451,0.9641,-4167.504438,112,M6,False
tomato,4,4183.0,Cheyyar(Uzhavar Sandhai ),-0.3812,0.7041,-49461.013533,79,M6,False
tomato,4,4184.0,Chengam(Uzhavar Sandhai ),-2.2997,0.0233,-148810.130972,112,M6,True
tomato,4,4186.0,Keelpennathur(Uzhavar Sandhai ),0.6902,0.4915,63656.972934,112,M9,False
tomato,4,4187.0,Tamarainagar(Uzhavar Sandhai ),-0.6147,0.54,-50046.010341,112,M6,False
tomato,4,4188.0,Anna nagar(Uzhavar Sandhai ),-0.0567,0.9549,-5722.323116,112,M6,False
tomato,4,4191.0,Manapparai(Uzhavar Sandhai ),-0.5834,0.5613,-79716.244313,79,M6,False
tomato,4,4192.0,Musiri(Uzhavar Sandhai ),-0.2455,0.8066,-24808.672564,112,M6,False
tomato,4,4193.0,Thiruverumbur(Uzhavar Sandhai ),0.9433,0.353,222111.905102,31,M9,False
tomato,4,4194.0,Lalgudi(Uzhavar Sandhai ),-0.2256,0.8219,-21388.30889,112,M6,False
tomato,4,4195.0,Manachanallur(Uzhavar Sandhai ),-0.7338,0.4646,-59811.233962,112,M6,False
tomato,4,4197.0,Katpadi (Uzhavar Sandhai ),-0.0961,0.9237,-9120.465311,95,M6,False
tomato,4,4198.0,Gudiyatham(Uzhavar Sandhai ),-1.3112,0.1925,-63622.870075,112,M6,False
tomato,4,4199.0,Kahithapattarai(Uzhavar Sandhai ),0.1294,0.8973,11346.769862,100,M9,False
tomato,4,4201.0,Villupuram(Uzhavar Sandhai ),0.8645,0.3942,185394.412971,31,M9,False
tomato,4,4202.0,Gingee(Uzhavar Sandhai ),-1.0203,0.3098,-69753.980387,112,M6,False
tomato,4,4203.0,Aruppukottai(Uzhavar Sandhai ),-0.1735,0.8626,-13094.049669,112,M6,False
tomato,4,4204.0,Rajapalayam(Uzhavar Sandhai ),-0.0761,0.9395,-6950.604245,112,M6,False
tomato,4,4205.0,Srivilliputhur(Uzhavar Sandhai ),-0.5971,0.5517,-38576.805148,112,M6,False
tomato,4,4206.0,Virudhunagar(Uzhavar Sandhai ),-0.6212,0.5357,-40363.713536,112,M6,False
tomato,4,4207.0,Sivakasi(Uzhavar Sandhai ),-0.5722,0.5683,-35684.138327,112,M6,False
tomato,4,4208.0,Sathur(Uzhavar Sandhai ),-0.4366,0.6632,-26870.838262,112,M6,False
tomato,4,4209.0,Kariyapatti(Uzhavar Sandhai ),-0.5075,0.6128,-32415.939773,112,M6,False
tomato,4,4210.0,Thalavaipuram(Uzhavar Sandhai ),-1.0413,0.3,-70446.666237,112,M6,False
tomato,4,4212.0,Myladi(Uzhavar Sandhai ),-0.5523,0.5818,-36002.220975,112,M6,False
tomato,4,4213.0,Pallavaram(Uzhavar Sandhai ),0.3122,0.7554,26639.332372,112,M9,False
tomato,4,4214.0,Chengalpet(Uzhavar Sandhai ),0.4189,0.6761,31654.584195,112,M9,False
tomato,4,4215.0,Medavakkam(Uzhavar Sandhai ),0.392,0.6958,35250.581449,112,M9,False
tomato,4,4216.0,Nanganallur(Uzhavar Sandhai ),0.1546,0.8775,16384.509476,97,M9,False
tomato,4,4217.0,Madhuranthagam(Uzhavar Sandhai ),0.4659,0.6422,33806.960294,112,M9,False
tomato,4,4219.0,Jameenrayapettai(Uzhavar Sandhai ),0.1878,0.8514,14992.847882,112,M9,False
tomato,4,4220.0,Guduvancheri(Uzhavar Sandhai ),-0.2434,0.8082,-23567.743845,112,M6,False
tomato,4,4221.0,Thirukalukundram(Uzhavar Sandhai ),0.0166,0.9868,1240.186826,112,M9,False
tomato,4,4222.0,Kallakurichi(Uzhavar Sandhai ),-0.4089,0.6834,-37332.258046,112,M6,False
tomato,4,4224.0,Sankarapuram(Uzhavar Sandhai ),-0.4091,0.6833,-33963.831209,112,M6,False
tomato,4,4225.0,Ranipettai(Uzhavar Sandhai ),0.2006,0.8416,28498.980858,79,M9,False
tomato,4,4226.0,Arcot(Uzhavar Sandhai ),-0.4347,0.6646,-36189.387299,112,M6,False
tomato,4,4227.0,Sankarankoil(Uzhavar Sandhai ),0.195,0.8458,18634.748046,99,M9,False
tomato,4,4228.0,Tenkasi(Uzhavar Sandhai ),-0.5142,0.6085,-66419.560419,83,M6,False
tomato,4,4229.0,Vaniyampadi(Uzhavar Sandhai ),-0.2581,0.7968,-27036.196713,112,M6,False
tomato,4,4231.0,Natrampalli(Uzhavar Sandhai ),-1.1402,0.2567,-95678.898027,112,M6,False
tomato,4,4232.0,Palladam(Uzhavar Sandhai ),-0.1532,0.8786,-13243.981733,98,M6,False
tomato,4,4234.0,Tiruppur (North) (Uzhavar Sandhai ),-0.649,0.5177,-51029.238032,112,M6,False
tomato,4,4235.0,Tiruppur (South) (Uzhavar Sandhai ),-0.6214,0.5359,-48085.551453,88,M6,False
tomato,4,4236.0,Dharapuram(Uzhavar Sandhai ),-0.5675,0.5717,-49099.781698,99,M6,False
tomato,4,4237.0,Kangayam(Uzhavar Sandhai ),-0.3018,0.7634,-27253.901015,112,M6,False
tomato,4,4240.0,Balarampuram Market,-0.7643,0.4466,-86473.542428,95,M6,False
tomato,4,4247.0,Balugaon APMC,-0.2042,0.8388,-16826.063091,73,M6,False
tomato,4,4251.0,Ambagan APMC,-0.5113,0.6105,-39391.883106,86,M6,False
tomato,4,4252.0,Haibargaon APMC,-0.4363,0.6637,-28527.683733,86,M6,False
tomato,4,4295.0,Barpeta Road APMC,-0.7888,0.4329,-57049.583569,70,M6,False
tomato,4,4390.0,Manjhanpur APMC,1.2671,0.2087,78662.206281,83,M9,False
tomato,4,4402.0,SMY Jogindernagar,-0.0049,0.9961,-332.534329,51,M6,False
tomato,4,4407.0,SMY Takarla,1.6394,0.1112,113061.50904,32,M9,False
tomato,4,4429.0,Badwani(F&V) APMC,-1.4384,0.1539,-26093.322708,88,M6,False
tomato,4,4464.0,Hoshangabad(F&V) APMC,0.1667,0.8681,8435.375654,71,M9,False
tomato,4,4469.0,Jawra(F&V) APMC,0.8891,0.3768,82236.853426,75,M9,False
tomato,4,4478.0,Karera(F&V) APMC,1.2381,0.2237,39205.170944,37,M9,False
tomato,4,4491.0,Kukshi(F&V) APMC,1.0572,0.2971,50528.56014,39,M9,False
tomato,4,4499.0,Maihar(F&V) APMC,-0.6308,0.532,-27099.572136,39,M6,False
tomato,4,4503.0,Manawar(F&V) APMC,-0.0266,0.9789,-961.339939,73,M6,False
tomato,4,4523.0,Petlawad(F&V) APMC,-0.7517,0.4543,-19420.965134,86,M6,False
tomato,4,4524.0,Pipariya(F&V) APMC,-0.1016,0.9193,-3715.147713,87,M6,False
tomato,4,4529.0,Rehli(F&V) APMC,-1.1854,0.2432,-71563.420943,39,M6,False
tomato,4,4531.0,Rewa(F&V) APMC,-0.1745,0.8619,-4714.332036,77,M6,False
tomato,4,4532.0,Sabalgarh(F&V) APMC,-0.7219,0.4724,-20756.906596,83,M6,False
tomato,4,4534.0,Sanawad(F&V) APMC,0.9268,0.3572,60420.434152,72,M9,False
tomato,4,4535.0,Sanwer(F&V) APMC,1.0395,0.3051,49638.951862,39,M9,False
tomato,4,4538.0,Sehore(F&V) APMC,-0.4234,0.6731,-12116.614706,86,M6,False
tomato,4,4539.0,Sendhwa(F&V) APMC,-0.198,0.8435,-4655.882474,88,M6,False
tomato,4,4540.0,Seoni(F&V) APMC,-0.1828,0.8562,-7853.613704,31,M6,False
tomato,4,4557.0,Timarni(F&V) APMC,1.2908,0.2002,65672.827495,87,M9,False
tomato,4,4665.0,Chhibramau APMC,1.0057,0.3161,30376.180582,161,M9,False
tomato,4,4667.0,Balurghat APMC,0.2842,0.7765,40593.855671,206,M9,False
tomato,4,4681.0,Ayodhya APMC,0.246,0.8062,8943.163325,88,M9,False
tomato,4,4707.0,"Fruit&Vegetable Market,Gazipur APMC",1.245,0.22,207442.133704,43,M9,False
tomato,4,4790.0,Valmikipuram APMC,0.7226,0.4739,92968.864289,43,M9,False
tomato,4,4834.0,Doomdumia APMC,-0.4583,0.6494,-20671.683343,38,M6,False
tomato,4,4848.0,Mecheri(Uzhavar Sandhai),1.0373,0.3082,199873.973917,30,M9,False
tomato,4,4849.0,Pallikonda(Uzhavar Sandhai),0.6875,0.4972,120188.392527,30,M9,False
tomato,4,4850.0,Perampet(Uzhavar Sandhai),-0.3399,0.7364,-34912.645464,30,M6,False
tomato,4,4851.0,Peravurani(Uzhavar Sandhai),0.2761,0.7844,58399.020249,30,M9,False
tomato,4,4852.0,Ponnamaravathi(Uzhavar Sandhai),1.1386,0.2642,237825.945444,30,M9,False
tomato,4,4853.0,Vazhapadi(Uzhavar Sandhai),0.8641,0.3946,114707.213662,30,M9,False
tomato,4,4854.0,Vedaranyam(Uzhavar Sandhai),-0.7938,0.4338,-44408.800649,30,M6,False
tomato,4,4855.0,Gandhigramam(Uzhavar Sandhai),0.7748,0.4447,189156.081945,30,M9,False
tomato,13,2.0,Mahboob Manison APMC,0.1477,0.8827,9092.776191,205,M9,False
tomato,13,9.0,Shadnagar APMC,0.3004,0.7641,13136.50201,236,M9,False
tomato,13,19.0,Warangal APMC,-0.0296,0.9765,-2245.523912,202,M6,False
tomato,13,43.0,Chandigarh (Grain/F&V) APMC,0.1385,0.89,13901.878034,234,M9,False
tomato,13,54.0,Bharuch APMC,0.6386,0.5244,64009.749246,114,M9,False
tomato,13,57.0,Nadiad APMC,0.3619,0.7179,63910.828663,147,M9,False
tomato,13,62.0,Morbi APMC,-0.1424,0.8869,-14816.434073,236,M6,False
tomato,13,64.0,Surat APMC,-0.2247,0.8224,-16592.8173,236,M6,False
tomato,13,66.0,Ahmedabad APMC,-0.3833,0.7019,-55421.423047,236,M6,False
tomato,13,69.0,PMY Kangra,0.2478,0.8045,27471.926717,236,M9,False
tomato,13,70.0,PMY Kullu,1.9775,0.0492,90532.716811,236,M9,True
tomato,13,71.0,PMY Paonta Sahib,0.2799,0.7798,37987.780569,236,M9,False
tomato,13,72.0,PMY Kather Solan,-0.3049,0.7608,-24906.963646,189,M6,False
tomato,13,75.0,Fatehabad APMC,-1.2589,0.2096,-155409.933863,197,M6,False
tomato,13,79.0,Narwana APMC,0.2432,0.8081,21809.484467,236,M9,False
tomato,13,80.0,Safidon APMC,0.6042,0.5463,31719.283358,236,M9,False
tomato,13,85.0,Ladwa APMC,-1.0195,0.309,-94202.046372,236,M6,False
tomato,13,86.0,Pehowa APMC,-1.1519,0.2505,-21235.426503,236,M6,False
tomato,13,87.0,Thanesar APMC,0.0143,0.9886,1752.453828,235,M9,False
tomato,13,89.0,Shahabad APMC,-0.1809,0.8566,-11496.084624,236,M6,False
tomato,13,92.0,kalanwali APMC,-0.083,0.9339,-3909.90445,188,M6,False
tomato,13,97.0,Parimpore Srinagar (F&V),1.6724,0.0958,133902.263911,236,M9,False
tomato,13,98.0,Udhampur (F&V),1.1134,0.2667,125182.786234,236,M9,False
tomato,13,100.0,"Binny Mill (F&V), Bengaluru APMC",0.9444,0.346,82601.761037,236,M9,False
tomato,13,106.0,Davangere APMC,1.1619,0.2464,85209.963149,236,M9,False
tomato,13,112.0,Kolar APMC,0.4973,0.6195,28128.524066,236,M9,False
tomato,13,115.0,Mysuru APMC,0.2056,0.8373,11662.709991,236,M9,False
tomato,13,125.0,Ernakulam Market,0.6185,0.5369,32467.082871,235,M9,False
tomato,13,126.0,Aluva Market,1.1441,0.2537,105844.070136,236,M9,False
tomato,13,128.0,Thalasserry Market,0.6176,0.5382,66383.224616,105,M9,False
tomato,13,131.0,Kollam Market,0.2816,0.7785,76444.254371,236,M9,False
tomato,13,132.0,Kottayam Market,0.4606,0.6455,42643.285753,236,M9,False
tomato,13,134.0,Manjeri Market,1.4234,0.1559,106799.144632,236,M9,False
tomato,13,135.0,Palakkad Market,1.0438,0.2977,84636.483584,236,M9,False
tomato,13,136.0,Koduvayoor Market,1.2315,0.2194,173247.590292,236,M9,False
tomato,13,139.0,Thrissur Market,1.9439,0.0531,99355.921779,236,M9,False
tomato,13,140.0,Kodungalloor Market,1.3781,0.1696,130762.523564,216,M9,False
tomato,13,145.0,Ahilyanagar APMC,0.3121,0.7552,16006.370991,236,M9,False
tomato,13,151.0,Jalgaon APMC,-0.4591,0.6466,-18559.43133,236,M6,False
tomato,13,152.0,Kolhapur APMC,0.665,0.5067,38351.007883,236,M9,False
tomato,13,154.0,Mumbai APMC,0.039,0.9689,2720.999486,236,M9,False
tomato,13,155.0,Nagpur APMC,0.0373,0.9703,3474.56932,236,M9,False
tomato,13,160.0,Nasik APMC,0.6357,0.5256,25628.258907,236,M9,False
tomato,13,162.0,Pimpalgaon Baswant APMC,-0.6092,0.543,-25778.26964,220,M6,False
tomato,13,164.0,Pune APMC,-0.015,0.9881,-750.158462,236,M6,False
tomato,13,168.0,SHRI.SIDDHESHWAR APMC,0.2428,0.8084,10711.140871,236,M9,False
tomato,13,173.0,Bhopal(F&V) APMC,-0.7824,0.4356,-29211.144638,118,M6,False
tomato,13,179.0,Indore(F&V) APMC,0.2634,0.7926,19020.345192,140,M9,False
tomato,13,184.0,Rajnandgaon APMC,-0.8157,0.4155,-65388.697565,236,M6,False
tomato,13,198.0,Attabira APMC,-0.0041,0.9967,-386.948447,200,M6,False
tomato,13,199.0,Bargarh APMC,-0.5943,0.5529,-79246.271018,236,M6,False
tomato,13,200.0,Bhadrak APMC,1.5512,0.1231,212184.977004,144,M9,False
tomato,13,202.0,Kantabaji APMC,0.5036,0.615,30494.855986,234,M9,False
tomato,13,203.0,Kendrapara APMC,1.541,0.1247,137981.04447,236,M9,False
tomato,13,206.0,Kesinga APMC,1.1198,0.2639,224891.323102,236,M9,False
tomato,13,207.0,Bhawanipatna APMC,1.0067,0.3154,79172.223681,184,M9,False
tomato,13,214.0,Rayagada APMC,-0.2996,0.7648,-21401.03683,172,M6,False
tomato,13,216.0,Tarantaran APMC,-0.2921,0.7705,-27795.444432,218,M6,False
tomato,13,218.0,Fazilka APMC,-0.5092,0.6111,-50522.273855,236,M6,False
tomato,13,219.0,Jalalabad APMC,-0.2454,0.8063,-19936.284324,236,M6,False
tomato,13,226.0,Khanna APMC,0.3972,0.6916,15682.489605,236,M9,False
tomato,13,227.0,Jagraon APMC,-0.1224,0.9028,-14178.625873,132,M6,False
tomato,13,228.0,Baghapurana APMC,-0.6189,0.5366,-57877.683918,218,M6,False
tomato,13,230.0,Muktsar APMC,-0.1753,0.8611,-18062.835228,182,M6,False
tomato,13,231.0,Malout APMC,-0.2744,0.784,-28240.828439,236,M6,False
tomato,13,233.0,Patran APMC,0.1605,0.8726,8394.052096,236,M9,False
tomato,13,234.0,Samana APMC,-0.749,0.4547,-112052.789583,207,M6,False
tomato,13,235.0,Nabha APMC,-0.2839,0.7768,-31943.895029,197,M6,False
tomato,13,236.0,Barnala APMC,1.4742,0.1423,89069.79828,169,M9,False
tomato,13,237.0,Dhuri APMC,-0.7896,0.4307,-57760.928111,197,M6,False
tomato,13,238.0,Malerkotla APMC,1.5435,0.1248,25560.641484,156,M9,False
tomato,13,239.0,Sunam APMC,-0.4638,0.6433,-32693.201761,179,M6,False
tomato,13,240.0,Bhawanigarh APMC,0.1868,0.852,13801.933786,236,M9,False
tomato,13,244.0,Alwar APMC,-3.041,0.0045,-107563.684178,35,M6,True
tomato,13,247.0,Baran APMC,0.8629,0.3902,64770.331131,102,M9,False
tomato,13,250.0,Bhilwara APMC,0.1946,0.8459,12159.015675,236,M9,False
tomato,13,261.0,Jaipur (F&V) APMC,-0.1277,0.8985,-13071.136399,218,M6,False
tomato,13,266.0,Jodhpur (F&V) APMC,0.474,0.639,26562.898453,30,M9,False
tomato,13,292.0,Ulundurpettai APMC,-0.0682,0.9458,-11061.483161,107,M6,False
tomato,13,295.0,Bishalgarh APMC,1.2369,0.2176,257473.461665,199,M9,False
tomato,13,296.0,Teliamura APMC,1.1934,0.234,72605.693661,222,M9,False
tomato,13,297.0,Agra APMC,0.0904,0.9281,7422.863171,236,M9,False
tomato,13,298.0,Prayagraj APMC,-0.1475,0.8829,-9219.56917,236,M6,False
tomato,13,299.0,Bahraich APMC,0.1808,0.8567,18740.331658,236,M9,False
tomato,13,300.0,Ballia APMC,-0.3491,0.7274,-23251.886743,212,M6,False
tomato,13,301.0,Barabanki APMC,0.2328,0.8161,21926.983485,236,M9,False
tomato,13,302.0,Bareilly APMC,-0.3409,0.7335,-25976.465481,236,M6,False
tomato,13,303.0,Dehradoon APMC,1.4011,0.1627,66136.974438,202,M9,False
tomato,13,305.0,Farukhabad APMC,-0.4659,0.6418,-34310.948936,208,M6,False
tomato,13,306.0,Ghaziabad APMC,0.0018,0.9985,119.781249,212,M9,False
tomato,13,307.0,Gorakhpur APMC,0.2942,0.7689,27303.692289,236,M9,False
tomato,13,308.0,Hardoi APMC,0.5505,0.5826,46725.51882,212,M9,False
tomato,13,309.0,Etawah APMC,0.1702,0.865,11199.170686,236,M9,False
tomato,13,310.0,Jaunpur APMC,-0.0569,0.9547,-4317.076717,236,M6,False
tomato,13,311.0,Kanpur(Grain) APMC,-0.3316,0.7404,-25828.231461,236,M6,False
tomato,13,313.0,Lakhimpur APMC,0.3705,0.7113,34051.20508,236,M9,False
tomato,13,314.0,Lalitpur APMC,-0.7338,0.4639,-41482.253538,211,M6,False
tomato,13,315.0,Lucknow APMC,0.0378,0.9699,2983.074491,236,M9,False
tomato,13,316.0,Mainpuri APMC,-0.461,0.6453,-38919.810954,197,M6,False
tomato,13,317.0,Meerut APMC,0.0341,0.9728,2171.617329,212,M9,False
tomato,13,318.0,Muradabad APMC,-0.3345,0.7384,-20426.24816,216,M6,False
tomato,13,319.0,Kashipur APMC,0.5838,0.5599,18316.767744,234,M9,False
tomato,13,320.0,Pilibhit APMC,0.3197,0.7494,27529.626607,236,M9,False
tomato,13,321.0,Saharanpur APMC,0.4335,0.6651,35991.202975,210,M9,False
tomato,13,322.0,Shahjahanpur APMC,0.0227,0.9819,1524.317415,210,M9,False
tomato,13,324.0,Sitapur APMC,0.3417,0.7329,27665.786022,220,M9,False
tomato,13,326.0,Rudrapur APMC,0.3032,0.762,21112.398345,231,M9,False
tomato,13,328.0,Barasat APMC,1.3166,0.1892,129771.27128,236,M9,False
tomato,13,330.0,Bolpur APMC,0.1253,0.9005,13318.832034,137,M9,False
tomato,13,331.0,Kalna APMC,1.8109,0.0714,200771.242148,236,M9,False
tomato,13,333.0,Coochbehar APMC,0.8992,0.3695,90831.21211,236,M9,False
tomato,13,334.0,Pandua APMC,1.0014,0.3177,115600.075892,236,M9,False
tomato,13,406.0,Durg APMC,0.8828,0.3782,36623.024512,236,M9,False
tomato,13,414.0,Raigarh APMC,-0.0667,0.9469,-11694.54203,236,M6,False
tomato,13,423.0,APMC Keshopur,0.2921,0.7705,45757.802719,236,M9,False
tomato,13,424.0,APMC Shahdara,-0.2939,0.7691,-40218.156477,187,M6,False
tomato,13,434.0,Ankleshwar APMC,-0.5493,0.5833,-32394.007171,236,M6,False
tomato,13,450.0,Vadhvan APMC,-0.0945,0.9248,-10049.720503,236,M6,False
tomato,13,452.0,Panipat APMC,-0.1071,0.9148,-3679.108869,236,M6,False
tomato,13,454.0,Sonepat APMC,0.0992,0.9211,8352.528722,235,M9,False
tomato,13,455.0,Rohtak APMC,0.3314,0.7406,12127.290578,232,M9,False
tomato,13,456.0,Jhajjar APMC,0.3934,0.6944,77582.516209,236,M9,False
tomato,13,457.0,Rewari APMC,0.2369,0.8129,12293.781709,236,M9,False
tomato,13,459.0,Gurgaon APMC,0.4771,0.6338,22078.86054,236,M9,False
tomato,13,462.0,PMY Una,-0.1629,0.8707,-18473.688331,236,M6,False
tomato,13,463.0,PMY Chamba,0.724,0.4698,65190.774626,236,M9,False
tomato,13,464.0,PMY Bilaspur,0.3971,0.6917,27429.911376,236,M9,False
tomato,13,465.0,SMY Dhanotu,-0.0917,0.927,-5236.12753,236,M6,False
tomato,13,466.0,PMY Hamirpur,0.2575,0.797,36795.161061,236,M9,False
tomato,13,467.0,PMY Dhalli Shimla,0.2079,0.8355,18368.656484,236,M9,False
tomato,13,468.0,SMY Palampur,-0.2425,0.8086,-27140.854582,236,M6,False
tomato,13,471.0,SMY Bhuntar,0.8324,0.406,66592.292117,236,M9,False
tomato,13,472.0,Narwal Jammu (F&V),0.1742,0.8618,25914.638057,236,M9,False
tomato,13,489.0,Doddaballapur APMC,0.677,0.4992,52909.846576,198,M9,False
tomato,13,491.0,Srinivasapur APMC,0.6403,0.5228,67537.772968,180,M9,False
tomato,13,492.0,Gauribidanur APMC,0.5999,0.5492,56104.640727,199,M9,False
tomato,13,497.0,Gundlupet APMC,-0.095,0.9244,-7187.605719,236,M6,False
tomato,13,499.0,K.R. Pet APMC,0.6164,0.5383,28641.041796,236,M9,False
tomato,13,515.0,Palayam Market,-0.3495,0.727,-17277.625384,224,M6,False
tomato,13,530.0,Morena APMC,-0.3245,0.7461,-20996.17939,133,M6,False
tomato,13,555.0,Pandharpur APMC,0.5256,0.5998,27992.797423,197,M9,False
tomato,13,557.0,Chattrapati Sambhajinagar APMC,0.3949,0.6933,20192.433969,236,M9,False
tomato,13,591.0,Koraput APMC,0.5337,0.5942,35327.306386,182,M9,False
tomato,13,592.0,Baripada APMC,0.2121,0.8322,44063.330533,236,M9,False
tomato,13,593.0,Padampur APMC,0.5901,0.556,102424.523188,162,M9,False
tomato,13,594.0,Khariar Road APMC,1.4798,0.1403,184481.338067,236,M9,False
tomato,13,595.0,Bolangir APMC,1.799,0.074,205016.749245,156,M9,False
tomato,13,598.0,Patti APMC,0.7673,0.4437,71234.717882,222,M9,False
tomato,13,600.0,Gurdaspur APMC,-0.9403,0.3484,-68472.091087,168,M6,False
tomato,13,603.0,Bathinda APMC,-0.1042,0.9171,-10167.060585,236,M6,False
tomato,13,605.0,Raman APMC,-0.264,0.792,-31665.284133,236,M6,False
tomato,13,606.0,Faridkot APMC,-0.2422,0.809,-30692.161732,132,M6,False
tomato,13,608.0,Firozepur City APMC,0.0787,0.9373,12551.571174,208,M9,False
tomato,13,613.0,Samrala APMC,1.1099,0.2684,66270.673061,194,M9,False
tomato,13,614.0,Phagwara APMC,-0.2177,0.8279,-18714.808016,205,M6,False
tomato,13,615.0,Budalada APMC,0.1348,0.8929,10639.346146,236,M9,False
tomato,13,617.0,Giddarbaha APMC,0.0659,0.9475,5794.413995,194,M9,False
tomato,13,619.0,Dudhansadhan APMC,0.1045,0.9169,10954.024909,236,M9,False
tomato,13,621.0,Ropar APMC,-0.8432,0.4054,-162314.628794,33,M6,False
tomato,13,627.0,Churu APMC,0.4669,0.641,34189.2446,236,M9,False
tomato,13,631.0,Jalore APMC,0.7168,0.4742,36986.857322,236,M9,False
tomato,13,636.0,Jhunjhunu APMC,1.4435,0.1507,73625.222042,177,M9,False
tomato,13,638.0,Sikar APMC,-0.0519,0.9586,-2319.797669,236,M6,False
tomato,13,642.0,Abu Road APMC,1.0171,0.3102,63844.510122,236,M9,False
tomato,13,647.0,Buland Shahr APMC,-0.0026,0.9979,-192.944738,236,M6,False
tomato,13,649.0,Baraut APMC,-0.177,0.8597,-10486.251001,214,M6,False
tomato,13,650.0,Shamli APMC,-0.3341,0.7386,-26109.06122,220,M6,False
tomato,13,651.0,Khatauli APMC,1.6013,0.1114,57143.999346,155,M9,False
tomato,13,652.0,Etah APMC,-0.069,0.945,-4999.201757,236,M6,False
tomato,13,653.0,Mathura APMC,-0.041,0.9673,-3006.999716,236,M6,False
tomato,13,654.0,Rampur APMC,0.4508,0.6526,43720.459649,208,M9,False
tomato,13,655.0,Badayoun APMC,-0.7757,0.4387,-40635.456839,236,M6,False
tomato,13,656.0,Chandausi APMC,-0.2563,0.798,-17297.727287,236,M6,False
tomato,13,657.0,Raibareilly APMC,-0.1492,0.8815,-9065.59928,236,M6,False
tomato,13,658.0,Gonda APMC,-0.6408,0.5223,-65988.995954,236,M6,False
tomato,13,659.0,Sultanpur APMC,0.6493,0.5169,50794.531778,210,M9,False
tomato,13,660.0,Pratapgarh APMC,-0.0948,0.9245,-8183.033031,236,M6,False
tomato,13,661.0,Devariya APMC,-0.4001,0.6895,-30274.653836,211,M6,False
tomato,13,662.0,Basti APMC,0.1238,0.9016,11345.16914,236,M9,False
tomato,13,663.0,Azamgarh APMC,-0.5904,0.5555,-45024.094299,236,M6,False
tomato,13,664.0,Mirzapur APMC,-0.5909,0.5552,-40596.876889,214,M6,False
tomato,13,666.0,Jhansi APMC,-0.2684,0.7886,-22103.87988,220,M6,False
tomato,13,667.0,Rishikesh APMC,1.18,0.2392,59984.994665,236,M9,False
tomato,13,668.0,Vikasnagar APMC,1.4817,0.1398,57469.927901,236,M9,False
tomato,13,669.0,Khateema APMC,1.0375,0.3006,16029.956337,236,M9,False
tomato,13,670.0,Burdwan APMC,1.1225,0.2628,124104.474475,236,M9,False
tomato,13,671.0,Medinipur(West) APMC,1.1584,0.2479,141695.250548,236,M9,False
tomato,13,672.0,Birbhum APMC,0.7321,0.4649,108125.170201,236,M9,False
tomato,13,675.0,Jalpaiguri Sadar APMC,1.1846,0.2376,104929.875787,196,M9,False
tomato,13,676.0,Alipurduar APMC,1.2105,0.2273,161693.987637,236,M9,False
tomato,13,681.0,Vadaseri APMC,0.2929,0.7702,69575.583311,107,M9,False
tomato,13,682.0,Muzzafarnagar APMC,-0.0745,0.9406,-5633.529602,205,M6,False
tomato,13,683.0,Panisagar APMC,2.1427,0.0332,150983.818695,224,M9,True
tomato,13,690.0,Channapatna APMC,1.448,0.1499,119273.577875,138,M9,False
tomato,13,707.0,Chamarajanagar APMC,-0.0281,0.9776,-1331.309187,236,M6,False
tomato,13,709.0,Chikkamagaluru APMC,1.2553,0.2106,107763.501439,236,M9,False
tomato,13,728.0,Kalaburagi APMC,0.6003,0.5489,33780.182136,236,M9,False
tomato,13,735.0,Hassan APMC,0.7794,0.4368,80035.810192,182,M9,False
tomato,13,742.0,Chickkaballapura APMC,0.8742,0.3829,67568.003674,236,M9,False
tomato,13,743.0,Chintamani APMC,0.4284,0.6687,23846.82952,236,M9,False
tomato,13,744.0,Bangarpet APMC,1.5543,0.1217,98516.166522,198,M9,False
tomato,13,745.0,Ramanagara APMC,0.9987,0.319,69707.405321,236,M9,False
tomato,13,753.0,Shimoga APMC,0.5946,0.5527,44267.143696,236,M9,False
tomato,13,793.0,Lalru APMC,0.1618,0.8716,20825.100468,236,M9,False
tomato,13,794.0,Morinda APMC,-0.9635,0.3369,-122402.416171,145,M6,False
tomato,13,795.0,Fatehpur APMC,-0.1658,0.8685,-10814.061027,236,M6,False
tomato,13,796.0,Auraiya APMC,-0.0949,0.9244,-7050.968969,236,M6,False
tomato,13,797.0,Mahoba APMC,-0.4671,0.6409,-38668.858794,200,M6,False
tomato,13,799.0,Ramkrishanpur(Howrah) APMC,0.7055,0.4812,81824.602219,236,M9,False
tomato,13,813.0,Sangamner APMC,0.1673,0.8673,7677.027949,224,M9,False
tomato,13,816.0,Firozabad APMC,0.3672,0.7138,36557.820184,236,M9,False
tomato,13,820.0,Ghatal APMC,-0.3409,0.7338,-52170.219739,115,M6,False
tomato,13,821.0,Champadanga APMC,0.9804,0.3279,118020.671151,236,M9,False
tomato,13,823.0,Udupi APMC,1.2912,0.1984,155777.051356,171,M9,False
tomato,13,892.0,Ibrahimputnam APMC,0.2551,0.7989,20627.913849,196,M9,False
tomato,13,987.0,Pattikonda APMC,0.8535,0.395,122634.940431,130,M9,False
tomato,13,1048.0,Venkateswarnagar APMC,0.9557,0.3402,56687.368912,227,M9,False
tomato,13,1061.0,Udumalpet APMC,-0.3079,0.7588,-53236.901329,107,M6,False
tomato,13,1070.0,Haldwani APMC,0.6235,0.5336,24397.189471,236,M9,False
tomato,13,1071.0,Haridwar Union APMC,0.4179,0.6764,7838.170799,236,M9,False
tomato,13,1072.0,Ramnagar APMC,-0.7512,0.4534,-47869.563008,208,M6,False
tomato,13,1073.0,Roorkee APMC,1.2423,0.2154,30669.142268,236,M9,False
tomato,13,1074.0,Kotadwara APMC,1.8769,0.0618,71638.564494,236,M9,False
tomato,13,1077.0,Manglaur APMC,1.8326,0.0681,70690.863366,236,M9,False
tomato,13,1078.0,Gudimalkapur APMC,0.7054,0.4813,19593.844665,236,M9,False
tomato,13,1079.0,Gohana APMC,0.0368,0.9707,3303.697292,236,M9,False
tomato,13,1081.0,Thodupuzha Market,1.2842,0.2003,147264.815945,236,M9,False
tomato,13,1108.0,Ambala Cantt. APMC,0.2245,0.8226,5817.614082,184,M9,False
tomato,13,1110.0,Ballabhgarh APMC,0.1145,0.909,7533.34011,236,M9,False
tomato,13,1111.0,Sohna APMC,0.227,0.8206,20291.735402,236,M9,False
tomato,13,1113.0,Mohindergarh APMC,0.2806,0.7793,10074.251189,207,M9,False
tomato,13,1124.0,Bahadajholla APMC,-0.0122,0.9903,-1592.937638,183,M6,False
tomato,13,1125.0,Panposh APMC,1.0583,0.2911,130807.604761,217,M9,False
tomato,13,1128.0,Sirhind APMC,-0.1651,0.869,-14306.676705,236,M6,False
tomato,13,1130.0,Mansa APMC,0.4395,0.6607,23183.649083,236,M9,False
tomato,13,1132.0,Madanganj Kishangarh APMC,-0.4384,0.6616,-48259.958122,188,M6,False
tomato,13,1138.0,Bijnaur APMC,-0.3732,0.7094,-24752.810585,214,M6,False
tomato,13,1139.0,Kasganj APMC,-0.1342,0.8934,-8369.829428,236,M6,False
tomato,13,1140.0,Amroha APMC,0.0857,0.9318,5233.191397,216,M9,False
tomato,13,1141.0,Pukharayan APMC,0.5237,0.601,42069.35143,236,M9,False
tomato,13,1142.0,Kosikalan APMC,-0.059,0.953,-4292.394418,236,M6,False
tomato,13,1143.0,Unnao APMC,0.0366,0.9708,2710.826357,236,M9,False
tomato,13,1147.0,Padra APMC,-0.5736,0.5668,-51513.053886,236,M6,False
tomato,13,1202.0,Sangareddy APMC,1.3724,0.1721,62645.152168,144,M9,False
tomato,13,1214.0,Tindivanam APMC,-0.7726,0.4415,-118901.519965,107,M6,False
tomato,13,1273.0,Navsari APMC,-1.7043,0.0903,-135750.733862,156,M6,False
tomato,13,1275.0,Kapadvanj APMC,-0.565,0.5726,-52580.168607,236,M6,False
tomato,13,1287.0,Shrirampur APMC,0.6671,0.5054,26757.167341,236,M9,False
tomato,13,1290.0,Bhusaval APMC,0.3092,0.7574,17300.168669,236,M9,False
tomato,13,1304.0,Vadgaonpeth APMC,0.6733,0.5014,38762.030822,236,M9,False
tomato,13,1308.0,Islampur APMC,0.7893,0.4307,43052.389401,236,M9,False
tomato,13,1310.0,Karad APMC,0.477,0.6338,27843.730143,236,M9,False
tomato,13,1312.0,Phaltan APMC,0.2849,0.776,19886.584892,236,M9,False
tomato,13,1313.0,Satara APMC,0.49,0.6246,24961.833603,236,M9,False
tomato,13,1315.0,Vai APMC,0.6187,0.5367,38967.565317,236,M9,False
tomato,13,1318.0,Mangal Wedha APMC,0.4288,0.6684,22403.501983,236,M9,False
tomato,13,1355.0,Kalmeshwar APMC,0.8158,0.4154,52554.369411,236,M9,False
tomato,13,1372.0,Bijaynagar APMC,1.9315,0.0547,31950.575827,214,M9,False
tomato,13,1377.0,Bayana APMC,-0.9712,0.333,-41928.277597,153,M6,False
tomato,13,1385.0,Sujangarh APMC,1.6597,0.0983,46930.183652,236,M9,False
tomato,13,1386.0,Bhadara APMC,-0.5512,0.582,-46867.847513,236,M6,False
tomato,13,1387.0,Goluwala APMC,-0.1865,0.8522,-21649.232247,236,M6,False
tomato,13,1389.0,Rawatsar APMC,0.0765,0.9391,3589.681525,236,M9,False
tomato,13,1391.0,Suratgarh APMC,0.7921,0.4293,101573.052164,188,M9,False
tomato,13,1416.0,Chittorgarh APMC,1.0278,0.306,221650.675332,129,M9,False
tomato,13,1418.0,Rajsamand APMC,0.8849,0.3771,61863.570711,236,M9,False
tomato,13,1427.0,Zira APMC,-0.0899,0.9284,-10426.646239,236,M6,False
tomato,13,1428.0,Dinanagar APMC,0.0553,0.956,4932.509389,236,M9,False
tomato,13,1432.0,Dasuya APMC,1.5128,0.1323,190513.140651,160,M9,False
tomato,13,1433.0,Garh Shankar APMC,0.3388,0.7351,28633.799366,236,M9,False
tomato,13,1434.0,Tanda Urmur APMC,-0.191,0.8487,-30610.617146,208,M6,False
tomato,13,1438.0,Lohian Khas APMC,-1.0902,0.277,-71507.909704,190,M6,False
tomato,13,1441.0,Doraha APMC,0.4045,0.6862,39069.811351,236,M9,False
tomato,13,1446.0,Sahnewal APMC,0.149,0.8817,20769.861025,236,M9,False
tomato,13,1448.0,Dharamkot APMC,-0.0109,0.9913,-709.813192,190,M6,False
tomato,13,1452.0,Bariwala APMC,-0.1413,0.8877,-14205.700165,212,M6,False
tomato,13,1456.0,Rajpura APMC,0.175,0.8612,9862.668436,236,M9,False
tomato,13,1457.0,Chamkaur Sahib APMC,-1.2564,0.2105,-209240.976609,194,M6,False
tomato,13,1458.0,Kharar APMC,0.5314,0.5957,64847.860676,236,M9,False
tomato,13,1464.0,Bassi Pathana APMC,0.3102,0.7567,41229.453584,236,M9,False
tomato,13,1466.0,Khamano APMC,0.3878,0.6985,59295.77023,236,M9,False
tomato,13,1469.0,Vellore APMC,-0.7532,0.453,-79364.053834,107,M6,False
tomato,13,1505.0,Parlakhemundi APMC,0.9066,0.3657,80426.510319,196,M9,False
tomato,13,1506.0,Bhanjanagar APMC,0.4578,0.6475,39154.796317,236,M9,False
tomato,13,1507.0,Boudh APMC,0.8534,0.3945,100648.308914,185,M9,False
tomato,13,1510.0,Sargipali APMC,0.4523,0.6515,47715.341634,236,M9,False
tomato,13,1511.0,Udala APMC,0.6307,0.5289,91108.77082,236,M9,False
tomato,13,1512.0,Karanjia APMC,,,-184487.01193,34,M6,False
tomato,13,1513.0,Jaleswar APMC,0.2047,0.838,35678.906705,185,M9,False
tomato,13,1516.0,Kamakhyanagar APMC,1.6992,0.0906,492727.410363,236,M9,False
tomato,13,1519.0,Betnoti APMC,-0.8522,0.3953,-33949.08078,165,M6,False
tomato,13,1520.0,Keonjhar APMC,0.3403,0.7339,34453.301906,236,M9,False
tomato,13,1523.0,Balugaon APMC,2.1808,0.0302,167928.921887,236,M9,True
tomato,13,1525.0,Birmaharajpur APMC,2.7218,0.0072,372090.593789,173,M9,True
tomato,13,1527.0,Hinjilicut APMC,0.816,0.4155,82640.208822,199,M9,False
tomato,13,1537.0,Porbandar APMC,0.1335,0.8939,24436.215105,236,M9,False
tomato,13,1569.0,Bhagta Bhai Ka APMC,-0.1509,0.8802,-12268.912609,236,M6,False
tomato,13,1570.0,Talwandi Sabo APMC,-0.0037,0.9971,-484.063111,227,M6,False
tomato,13,1573.0,Mamdot APMC,-0.3365,0.7369,-50607.178875,169,M6,False
tomato,13,1579.0,Bilga APMC,-1.5072,0.1334,-85733.477827,189,M6,False
tomato,13,1587.0,Dera Bassi APMC,0.4316,0.6664,20175.455134,222,M9,False
tomato,13,1593.0,Lehra Gaga APMC,0.2328,0.8161,28719.722748,236,M9,False
tomato,13,1595.0,Sangrur APMC,-0.0629,0.9499,-6880.416141,137,M6,False
tomato,13,1598.0,Palitana APMC,-0.3999,0.6898,-48377.392018,156,M6,False
tomato,13,1602.0,Mulbagal APMC,0.4148,0.6787,24370.423924,236,M9,False
tomato,13,1606.0,Rayya APMC,-0.2047,0.838,-20201.115002,236,M6,False
tomato,13,1610.0,Ajmer(F&V) APMC,0.5303,0.5964,22333.103166,236,M9,False
tomato,13,1614.0,Sriganganagar (F&V) APMC,-1.195,0.2335,-123566.402705,196,M6,False
tomato,13,1626.0,Damnagar APMC,1.1291,0.26,227540.630273,236,M9,False
tomato,13,1631.0,Panvel APMC,0.868,0.3863,87307.134453,233,M9,False
tomato,13,1634.0,Rahuri APMC,0.8683,0.3863,55792.0511,200,M9,False
tomato,13,1637.0,Akluj APMC,0.1111,0.9117,9861.534063,133,M9,False
tomato,13,1651.0,Ratnagiri (Nachane) APMC,0.8517,0.3953,57545.505446,236,M9,False
tomato,13,1658.0,Patan APMC,-0.0111,0.9912,-688.447915,236,M6,False
tomato,13,1663.0,Sitarganj APMC,-0.6461,0.5189,-23656.284325,236,M6,False
tomato,13,1664.0,Jaspur(UC) APMC,-0.0991,0.9212,-6269.47731,195,M6,False
tomato,13,1700.0,Champaknagar APMC,0.5236,0.6011,96751.751072,229,M9,False
tomato,13,1702.0,Garjee APMC,0.2493,0.8033,41380.305754,236,M9,False
tomato,13,1715.0,Kopaganj APMC,1.218,0.2245,62442.828001,236,M9,False
tomato,13,1716.0,Partaval APMC,-0.4525,0.6514,-39170.324242,198,M6,False
tomato,13,1717.0,Orai APMC,0.0011,0.9991,82.019468,236,M9,False
tomato,13,1718.0,Kannauj APMC,0.0206,0.9836,1499.227676,218,M9,False
tomato,13,1719.0,Robertsganj APMC,-0.203,0.8393,-13926.526255,236,M6,False
tomato,13,1720.0,Aligarh APMC,-0.1331,0.8942,-11024.013151,236,M6,False
tomato,13,1721.0,Akbarpur APMC,-0.6217,0.5348,-49570.140032,236,M6,False
tomato,13,1722.0,Balrampur APMC,0.3012,0.7635,30951.829162,222,M9,False
tomato,13,1723.0,Chandoli APMC,-0.2607,0.7946,-20004.123437,216,M6,False
tomato,13,1724.0,Ajuha APMC,0.3154,0.7527,26563.606657,236,M9,False
tomato,13,1725.0,Banda APMC,-0.4413,0.6594,-32288.063238,214,M6,False
tomato,13,1726.0,Hapur APMC,-1.1845,0.2374,-99453.575773,236,M6,False
tomato,13,1727.0,Naugarh APMC,0.3187,0.7503,24501.416325,228,M9,False
tomato,13,1729.0,Dadri APMC,-1.1975,0.2323,-92644.691264,236,M6,False
tomato,13,1730.0,Haathras APMC,-0.3616,0.7179,-28898.004771,236,M6,False
tomato,13,1731.0,Golagokarnath APMC,-0.5326,0.5948,-37801.818582,236,M6,False
tomato,13,1732.0,Puranpur APMC,0.1184,0.9059,7502.662024,236,M9,False
tomato,13,1733.0,Bangarmau APMC,0.0229,0.9818,1828.869758,214,M9,False
tomato,13,1735.0,Bishalpur APMC,0.1444,0.8853,9698.031476,236,M9,False
tomato,13,1736.0,Tilhar APMC,-0.1761,0.8603,-10441.947988,210,M6,False
tomato,13,1737.0,Kayamganj APMC,-0.3993,0.6901,-26196.638399,220,M6,False
tomato,13,1738.0,Konch APMC,0.1806,0.8568,10883.97127,236,M9,False
tomato,13,1739.0,Mauranipur APMC,-0.7066,0.4806,-59002.040827,199,M6,False
tomato,13,1740.0,Sahiyapur APMC,0.9751,0.3307,46079.870979,194,M9,False
tomato,13,1741.0,Bharthna APMC,-0.4885,0.6257,-28372.971783,236,M6,False
tomato,13,1742.0,Chaandpur APMC,0.7261,0.4686,18477.616754,208,M9,False
tomato,13,1743.0,Jayas APMC,-0.3394,0.7347,-27893.279234,212,M6,False
tomato,13,1744.0,Ujhani APMC,-0.9694,0.3342,-73514.372395,125,M6,False
tomato,13,1746.0,Paliakala APMC,-0.8966,0.3715,-145407.08161,138,M6,False
tomato,13,1747.0,Atarra APMC,0.2861,0.7751,19788.748383,204,M9,False
tomato,13,1748.0,Bindki APMC,-0.257,0.7974,-16884.474368,212,M6,False
tomato,13,1750.0,Gurusarai APMC,-1.1628,0.247,-131484.537999,131,M6,False
tomato,13,1751.0,Sehjanwa APMC,-0.0459,0.9635,-4555.259073,188,M6,False
tomato,13,1752.0,Jhijhank APMC,0.3947,0.6937,27663.50776,129,M9,False
tomato,13,1753.0,Khurja APMC,-0.4207,0.6744,-30703.755547,222,M6,False
tomato,13,1754.0,Gangoh APMC,0.3828,0.7022,29151.070992,212,M9,False
tomato,13,1755.0,Charra APMC,-0.1415,0.8876,-12326.668707,218,M6,False
tomato,13,1757.0,Ghiraur APMC,-0.3677,0.7135,-32343.480942,197,M6,False
tomato,13,1758.0,Shikohabad APMC,1.0265,0.3064,47083.601296,142,M9,False
tomato,13,1759.0,Khair APMC,-0.1969,0.8441,-17410.79638,236,M6,False
tomato,13,1760.0,Safdarganj APMC,0.5639,0.5733,58645.111995,236,M9,False
tomato,13,1761.0,Jafarganj APMC,-0.171,0.8644,-14875.027137,204,M6,False
tomato,13,1763.0,Naanpara APMC,0.3019,0.763,20201.835708,211,M9,False
tomato,13,1764.0,Jasra APMC,-0.2205,0.8257,-17222.380995,236,M6,False
tomato,13,1765.0,Dibiapur APMC,-2.3038,0.0224,-40140.744149,185,M6,True
tomato,13,1768.0,Baripaal APMC,-0.7176,0.4737,-41455.282074,236,M6,False
tomato,13,1770.0,Jasvantnagar APMC,-0.4869,0.6268,-31333.844202,236,M6,False
tomato,13,1771.0,Nautnava APMC,0.3416,0.733,16131.339166,179,M9,False
tomato,13,1772.0,Tulsipur APMC,-0.2196,0.8264,-20110.309833,221,M6,False
tomato,13,1773.0,Anandnagar APMC,0.0601,0.9521,5064.695027,202,M9,False
tomato,13,1774.0,Mehmoodabad APMC,-0.7102,0.4787,-70890.340707,153,M6,False
tomato,13,1777.0,Madhoganj APMC,0.0176,0.986,1414.420145,210,M9,False
tomato,13,1778.0,Dudhi APMC,-0.7529,0.4522,-60614.737254,236,M6,False
tomato,13,1779.0,Shahganj APMC,-0.6794,0.4977,-54707.154434,200,M6,False
tomato,13,1780.0,Mugrabaadshahpur APMC,-0.6906,0.4905,-52285.445239,220,M6,False
tomato,13,1785.0,Rampurmaniharan APMC,0.0106,0.9915,354.205512,212,M9,False
tomato,13,1787.0,Hasanpur APMC,0.3156,0.7526,18567.983364,236,M9,False
tomato,13,1788.0,Sambhal APMC,-0.0375,0.9701,-2084.739364,236,M6,False
tomato,13,1790.0,Bilsi APMC,-0.2454,0.8065,-16224.32805,167,M6,False
tomato,13,1791.0,Najibabad APMC,-0.3168,0.7518,-10780.336124,159,M6,False
tomato,13,1793.0,Jalaun APMC,-0.146,0.8841,-11353.918584,236,M6,False
tomato,13,1794.0,Maudaha APMC,1.1298,0.2606,59343.764716,134,M9,False
tomato,13,1795.0,Bharuasumerpur APMC,-0.5356,0.5928,-48035.867697,203,M6,False
tomato,13,1799.0,Chirgaon APMC,-0.5743,0.5665,-51923.823399,192,M6,False
tomato,13,1800.0,Moth APMC,-0.6422,0.5215,-57165.188739,192,M6,False
tomato,13,1804.0,Barwala APMC,0.3406,0.7337,18987.741922,236,M9,False
tomato,13,1805.0,Barara APMC,0.3761,0.7072,7513.698798,209,M9,False
tomato,13,1808.0,Naraingarh APMC,0.2501,0.8028,8811.966946,236,M9,False
tomato,13,1809.0,Shahzadpur APMC,-0.2856,0.7755,-9663.523007,236,M6,False
tomato,13,1810.0,Jagadhri APMC,-0.3001,0.7643,-21768.997588,236,M6,False
tomato,13,1811.0,Chhachrauli APMC,0.1213,0.9036,13493.299825,236,M9,False
tomato,13,1812.0,Mustafabad APMC,-0.245,0.8066,-16285.860664,236,M6,False
tomato,13,1813.0,Sadhaura APMC,0.7773,0.4378,34597.064229,236,M9,False
tomato,13,1814.0,Radaur APMC,-0.7399,0.4601,-37283.053286,235,M6,False
tomato,13,1823.0,Farukh Nagar APMC,-0.9547,0.3407,-31371.493374,236,M6,False
tomato,13,1826.0,Punhana APMC,-0.3515,0.7255,-23854.336349,236,M6,False
tomato,13,1827.0,Tauru APMC,0.6903,0.4907,87775.110629,236,M9,False
tomato,13,1828.0,Barwala(Hisar) APMC,-0.5889,0.5566,-41339.491373,194,M6,False
tomato,13,1833.0,Jakhal APMC,0.261,0.7943,21313.60365,236,M9,False
tomato,13,1839.0,Dhand APMC,0.232,0.8167,22224.761336,236,M9,False
tomato,13,1842.0,Siwan APMC,-0.8093,0.4192,-46522.934736,236,M6,False
tomato,13,1844.0,Gharaunda APMC,0.2777,0.7815,27043.801581,236,M9,False
tomato,13,1852.0,Madlauda APMC,0.0242,0.9807,1511.669738,236,M9,False
tomato,13,1853.0,Samalkha APMC,0.0659,0.9475,3116.938598,220,M9,False
tomato,13,1860.0,Meham APMC,-0.287,0.7744,-13884.69844,236,M6,False
tomato,13,1861.0,Sampla APMC,0.1165,0.9074,18098.012036,234,M9,False
tomato,13,1864.0,Ganaur APMC,0.7765,0.4382,74977.392948,236,M9,False
tomato,13,1868.0,Bowenpally APMC,0.1164,0.9074,4371.540576,236,M9,False
tomato,13,1896.0,Navapur APMC,0.8443,0.4004,101439.039334,109,M9,False
tomato,13,1902.0,Vita APMC,0.223,0.8238,15877.368427,175,M9,False
tomato,13,1903.0,Palus APMC,-0.0097,0.9922,-523.236159,236,M6,False
tomato,13,1939.0,Ramtek APMC,0.214,0.8307,11427.659951,236,M9,False
tomato,13,1967.0,Karvi APMC,0.3322,0.74,23715.883172,236,M9,False
tomato,13,1973.0,Kuruppanthura Market,1.9653,0.0506,310843.28048,231,M9,False
tomato,13,1974.0,Chelakkara Market,1.1889,0.2357,102861.198627,236,M9,False
tomato,13,1975.0,Munnar Market,1.9026,0.0583,219532.732008,236,M9,False
tomato,13,1977.0,Kottakkal Market,0.5304,0.5963,43210.272483,236,M9,False
tomato,13,1978.0,Angamaly Market,2.9952,0.003,324370.877343,236,M9,True
tomato,13,1979.0,Kallachi Market,1.1688,0.2437,58259.798449,236,M9,False
tomato,13,1980.0,Taliparamba Market,1.7943,0.0752,304306.900763,124,M9,False
tomato,13,1986.0,Madhavapuram Market,1.9122,0.0573,278103.453263,198,M9,False
tomato,13,1987.0,Mulakalacheruvu APMC,0.3089,0.7579,36002.639691,140,M9,False
tomato,13,2006.0,Sasthamkotta Market,1.062,0.2893,161900.396897,236,M9,False
tomato,13,2007.0,Piravam Market,1.7342,0.0842,211112.026928,236,M9,False
tomato,13,2008.0,Aralamoodu Market,1.6089,0.109,200857.268299,236,M9,False
tomato,13,2011.0,Neyyatinkara Market,1.5026,0.1344,246723.640985,214,M9,False
tomato,13,2012.0,Attingal Market,1.2846,0.2002,162423.331303,236,M9,False
tomato,13,2013.0,Anchal Market,2.1106,0.0359,299505.760932,236,M9,True
tomato,13,2015.0,Chengannur Market,2.7559,0.0063,237503.742932,236,M9,True
tomato,13,2016.0,Kayamkulam Market,2.0616,0.0404,236220.724057,236,M9,True
tomato,13,2019.0,Pampady Market,2.7466,0.0065,268412.970719,236,M9,True
tomato,13,2020.0,Ettumanoor Market,2.1218,0.0349,246487.658405,236,M9,True
tomato,13,2021.0,Kanjirappally Market,2.386,0.0178,414137.792503,236,M9,True
tomato,13,2022.0,Pala Market,2.9556,0.0034,314083.195134,236,M9,True
tomato,13,2024.0,Chalakudy Market,2.5142,0.0126,309911.744967,236,M9,True
tomato,13,2026.0,Chavakkad Market,1.3667,0.173,131799.652121,236,M9,False
tomato,13,2027.0,Wadakkanchery Market,1.3377,0.1823,113229.202399,236,M9,False
tomato,13,2032.0,Kuthuparambu Market,1.3646,0.1748,252153.760064,130,M9,False
tomato,13,2034.0,Manjeswaram Market,0.8585,0.3915,108581.581685,236,M9,False
tomato,13,2035.0,Kanjangadu Market,1.4216,0.1565,141835.250181,236,M9,False
tomato,13,2036.0,Vamanapuram Market,1.6714,0.096,206121.295066,236,M9,False
tomato,13,2039.0,Rahata APMC,0.0607,0.9517,3154.222878,236,M9,False
tomato,13,2147.0,Khed(Chakan) APMC,-0.0949,0.9245,-5655.984705,236,M6,False
tomato,13,2148.0,Pune(Pimpri) APMC,0.1896,0.8498,7667.758031,236,M9,False
tomato,13,2149.0,Pune(Khadiki) APMC,-0.2259,0.8215,-12194.30369,236,M6,False
tomato,13,2163.0,Chandrapur(Ganjwad) APMC,0.4521,0.6516,23994.971629,236,M9,False
tomato,13,2173.0,Kathua (F&V),0.2161,0.8291,29772.408755,236,M9,False
tomato,13,2176.0,Thrippunithura Market,2.7315,0.0068,236998.266185,236,M9,True
tomato,13,2177.0,Pattambi Market,1.5482,0.1229,79596.819596,236,M9,False
tomato,13,2181.0,Khekda APMC,-0.7389,0.4607,-40443.82822,236,M6,False
tomato,13,2182.0,Jahangirabad APMC,-0.9291,0.3538,-62920.676774,236,M6,False
tomato,13,2183.0,Siyana APMC,0.7351,0.4631,27063.156055,207,M9,False
tomato,13,2184.0,Sikanderabad APMC,0.057,0.9546,964.712146,203,M9,False
tomato,13,2185.0,Anoop Shahar APMC,-0.764,0.4457,-55155.021456,220,M6,False
tomato,13,2186.0,Sikarpur APMC,-0.233,0.816,-10971.031853,204,M6,False
tomato,13,2188.0,Chutmalpur APMC,-0.8837,0.3778,-31043.240037,222,M6,False
tomato,13,2190.0,Kairana APMC,-0.0551,0.9561,-2763.427976,222,M6,False
tomato,13,2191.0,Thanabhavan APMC,-0.7056,0.4811,-56980.171283,236,M6,False
tomato,13,2193.0,Fatehabad APMC,0.655,0.5132,31242.586842,220,M9,False
tomato,13,2194.0,Achnera APMC,-0.7572,0.4498,-72051.201805,192,M6,False
tomato,13,2195.0,Khairagarh APMC,-0.719,0.4731,-78796.952261,172,M6,False
tomato,13,2196.0,Jagnair APMC,-0.1836,0.8545,-17545.03071,236,M6,False
tomato,13,2197.0,Fatehpur Sikri APMC,0.0866,0.9311,4571.79876,194,M9,False
tomato,13,2198.0,Samsabad APMC,1.2049,0.2294,62498.850354,236,M9,False
tomato,13,2200.0,Shadabad APMC,-1.0436,0.2977,-47023.89821,236,M6,False
tomato,13,2203.0,Awagarh APMC,0.565,0.5726,47330.337003,236,M9,False
tomato,13,2204.0,Sirsaganj APMC,1.0119,0.3129,49923.142127,188,M9,False
tomato,13,2205.0,Tundla APMC,0.1784,0.8586,18336.299762,236,M9,False
tomato,13,2206.0,Kiratpur APMC,0.1124,0.9106,5562.857049,226,M9,False
tomato,13,2209.0,Dhanaura APMC,0.2285,0.8195,9394.787281,236,M9,False
tomato,13,2212.0,Anwala APMC,-0.5608,0.5755,-35162.352506,236,M6,False
tomato,13,2214.0,Wazirganj APMC,0.0857,0.9318,4959.75552,187,M9,False
tomato,13,2218.0,Choubepur APMC,0.0767,0.939,5309.883901,191,M9,False
tomato,13,2222.0,Mohamadabad APMC,-1.2978,0.1969,-116074.558463,120,M6,False
tomato,13,2223.0,Achalda APMC,-0.4595,0.6464,-36129.359947,201,M6,False
tomato,13,2227.0,Salon APMC,-0.4886,0.6261,-47896.929422,109,M6,False
tomato,13,2228.0,Viswan APMC,-0.1805,0.8569,-15400.635231,182,M6,False
tomato,13,2236.0,Muskara APMC,-0.1197,0.9048,-8457.348714,198,M6,False
tomato,13,2239.0,Rudauli APMC,0.8546,0.3937,55400.486161,212,M9,False
tomato,13,2240.0,Nawabganj APMC,-0.0711,0.9434,-5385.66635,236,M6,False
tomato,13,2243.0,Ahirora APMC,2.3373,0.0204,76575.875611,196,M9,True
tomato,13,2244.0,Doharighat APMC,0.1243,0.9012,8310.513178,218,M9,False
tomato,13,2245.0,Rasda APMC,-0.6314,0.5285,-35685.63224,217,M6,False
tomato,13,2246.0,Chitwadagaon APMC,-0.2245,0.8226,-15709.125643,192,M6,False
tomato,13,2248.0,Chorichora APMC,0.0536,0.9573,5034.538623,174,M9,False
tomato,13,2249.0,Khalilabad APMC,0.5242,0.6006,27217.377741,236,M9,False
tomato,13,2250.0,Gadaura APMC,-0.5621,0.575,-47401.279353,129,M6,False
tomato,13,2254.0,Valangaiman APMC,-0.0725,0.9424,-11769.639121,107,M6,False
tomato,13,2269.0,Uluberia APMC,1.1281,0.2604,127646.895207,236,M9,False
tomato,13,2270.0,Sheoraphuly APMC,0.5397,0.5899,73222.353208,236,M9,False
tomato,13,2272.0,Egra/contai APMC,0.8325,0.406,101068.349003,236,M9,False
tomato,13,2373.0,Gandai APMC,-0.621,0.5362,-67852.44525,89,M6,False
tomato,13,2422.0,Thirupathur APMC,-0.5388,0.5911,-73547.098482,107,M6,False
tomato,13,2444.0,FerozpurZirkha(Nagina) APMC,0.2387,0.8116,17703.742292,236,M9,False
tomato,13,2481.0,Kota (F&V) APMC,0.0954,0.9241,6529.215225,218,M9,False
tomato,13,2487.0,Jalandhar City(Jalandhar) APMC,0.324,0.7463,19828.832468,236,M9,False
tomato,13,2490.0,Nawan Shahar(Subzi Mandi) APMC,-1.1801,0.2399,-260701.661823,144,M6,False
tomato,13,2498.0,Amritsar(Amritsar Mewa Mandi) APMC,0.3942,0.6939,10123.889949,166,M9,False
tomato,13,2510.0,Mukerian(Talwara) APMC,0.1858,0.8528,30878.866516,204,M9,False
tomato,13,2521.0,SMY Nadaun,0.295,0.7682,37245.438108,236,M9,False
tomato,13,2524.0,SMY Takoli,1.2268,0.2211,78842.150537,236,M9,False
tomato,13,2526.0,SMY Baijnath,-0.0521,0.9585,-7400.583006,236,M6,False
tomato,13,2527.0,SMY Nagrota Bagwan,-0.0175,0.986,-1863.451586,202,M6,False
tomato,13,2528.0,SMY Jassur,0.8568,0.3926,80800.951776,193,M9,False
tomato,13,2529.0,SMY Jaisinghpur,-0.1435,0.8861,-15792.625916,236,M6,False
tomato,13,2537.0,Siliguri APMC,1.2513,0.2121,101440.039915,236,M9,False
tomato,13,2545.0,Rajkot(Veg.Sub Yard) APMC,-0.5249,0.6001,-55767.523572,236,M6,False
tomato,13,2549.0,Dahod(Veg. Market) APMC,-0.2835,0.7771,-20672.61559,236,M6,False
tomato,13,2551.0,Vadodara(Sayajipura) APMC,-0.3692,0.7123,-32895.318909,236,M6,False
tomato,13,2556.0,"Kalol(Veg,Market,Kalol) APMC",0.6403,0.5229,36965.923058,169,M9,False
tomato,13,2571.0,"Anand(Veg,Yard,Anand) APMC",-0.0972,0.9227,-7224.298624,236,M6,False
tomato,13,2584.0,Mansa(Manas Veg Yard) APMC,-0.1272,0.8989,-12674.314817,236,M6,False
tomato,13,2668.0,Kottarakkara Market,1.9931,0.0474,325302.457485,236,M9,True
tomato,13,2670.0,Chathanoor Market,1.1259,0.2614,265215.692013,236,M9,False
tomato,13,2673.0,Mannar Market,1.5536,0.1216,182859.759828,236,M9,False
tomato,13,2674.0,Athirampuzha Market,1.6553,0.0992,165254.699691,236,M9,False
tomato,13,2675.0,Thalayolaparambu Market,1.8704,0.0627,185237.191497,236,M9,False
tomato,13,2676.0,Adimali Market,3.307,0.0011,321064.909753,235,M9,True
tomato,13,2677.0,Vandiperiyar Market,1.2472,0.2136,106539.666258,228,M9,False
tomato,13,2679.0,Kattappana Market,1.5813,0.1152,152169.38968,236,M9,False
tomato,13,2680.0,Perumbavoor Market,1.5705,0.1176,134645.780852,236,M9,False
tomato,13,2681.0,Kothamangalam Market,1.5232,0.1291,141011.906718,236,M9,False
tomato,13,2682.0,vadakarapathy Market,0.9528,0.342,54946.367044,171,M9,False
tomato,13,2683.0,Vadakkenchery Market,0.8025,0.4231,113152.50212,236,M9,False
tomato,13,2684.0,Perinthalmanna Market,-1.1879,0.2362,-61760.4987,220,M6,False
tomato,13,2685.0,Parappanangadi Market,-1.0407,0.2994,-101808.646796,186,M6,False
tomato,13,2686.0,Thirurrangadi Market,-0.0437,0.9652,-1501.204458,236,M6,False
tomato,13,2687.0,Kondotty Market,0.9374,0.3496,82030.145247,214,M9,False
tomato,13,2689.0,Perambra Market,0.9131,0.3622,92824.282082,220,M9,False
tomato,13,2690.0,Mukkom Market,1.4726,0.1426,128139.695487,179,M9,False
tomato,13,2691.0,Quilandy Market,1.3127,0.1906,42966.225472,236,M9,False
tomato,13,2692.0,Thamarassery Market,-0.1471,0.8832,-5114.652076,236,M6,False
tomato,13,2693.0,Chala Market,1.5769,0.1162,176705.266102,236,M9,False
tomato,13,2696.0,Phillaur(Apra Mandi) APMC,0.3861,0.6999,32892.155078,175,M9,False
tomato,13,2701.0,Garh Shankar(Mahalpur) APMC,0.3472,0.7288,32244.760052,193,M9,False
tomato,13,2704.0,Amrawati(Frui & Veg. Market) APMC,-0.1968,0.8442,-9261.60668,236,M6,False
tomato,13,2713.0,Bonai APMC,2.7539,0.0064,307058.007966,196,M9,True
tomato,13,2714.0,Bargarh(Barapalli) APMC,1.4773,0.1414,134550.32774,173,M9,False
tomato,13,2720.0,Kendrapara(Marshaghai) APMC,1.4769,0.141,161243.217607,236,M9,False
tomato,13,2721.0,Keonjhar(Dhekikote) APMC,1.361,0.1748,113733.841334,236,M9,False
tomato,13,2738.0,Udaipur (F&V) APMC,0.2524,0.801,16660.213591,222,M9,False
tomato,13,2739.0,Chomu FV APMC,-0.3932,0.6945,-26379.715127,236,M6,False
tomato,13,2744.0,Bassi APMC,-0.6591,0.5105,-69387.408182,236,M6,False
tomato,13,2758.0,HanumangarhTown APMC,1.5499,0.1231,93161.231442,162,M9,False
tomato,13,2773.0,Mehsana(Mehsana Veg) APMC,0.3291,0.7424,53188.545998,236,M9,False
tomato,13,2774.0,Deesa(Deesa Veg Yard) APMC,0.0056,0.9955,635.627721,236,M9,False
tomato,13,2800.0,Khandhla APMC,-1.3019,0.1943,-59063.332659,220,M6,False
tomato,13,2803.0,Noida APMC,-0.7506,0.4536,-59690.02301,236,M6,False
tomato,13,2808.0,Milak APMC,-0.7728,0.4406,-52679.363157,205,M6,False
tomato,13,2896.0,Sealdah Koley Market APMC,0.8076,0.4202,115262.940651,236,M9,False
tomato,13,2897.0,Habra APMC,0.3255,0.7451,37312.753806,236,M9,False
tomato,13,2898.0,Khatra APMC,0.8349,0.4046,148654.92858,236,M9,False
tomato,13,2899.0,Durgapur APMC,1.5711,0.1175,151678.775015,236,M9,False
tomato,13,2900.0,Memari APMC,0.6934,0.4888,77795.18574,236,M9,False
tomato,13,2901.0,Pundibari APMC,1.0494,0.2955,144239.08049,166,M9,False
tomato,13,2905.0,Balarampur APMC,0.027,0.9785,1425.093198,236,M9,False
tomato,13,2907.0,Chevella APMC,0.3312,0.7408,20564.199283,229,M9,False
tomato,13,2910.0,"New Grain Market , Faridabad APMC",0.1404,0.8884,11429.161574,234,M9,False
tomato,13,2940.0,Tiruchengode APMC,-0.0343,0.9727,-8902.342519,107,M6,False
tomato,13,2970.0,Thuraiyur APMC,-1.8393,0.0702,-305385.260273,70,M6,False
tomato,13,3014.0,Kalikiri APMC,-0.6838,0.4948,-54281.1127,236,M6,False
tomato,13,3018.0,L B Nagar APMC,0.8609,0.3904,23422.613514,188,M9,False
tomato,13,3044.0,Bagepalli APMC,0.1084,0.9138,5851.618601,189,M9,False
tomato,13,3045.0,Harda(F&V) APMC,-0.6304,0.5297,-29391.337012,114,M6,False
tomato,13,3050.0,Khandwa(F&V) APMC,0.3397,0.7346,15751.752085,137,M9,False
tomato,13,3054.0,Dewas(F&V) APMC,0.3204,0.7491,27295.681065,138,M9,False
tomato,13,3059.0,Lashkar(F&V) APMC,-0.6313,0.5289,-44774.079998,140,M6,False
tomato,13,3067.0,Sagar(F&V) APMC,-0.004,0.9968,-247.1164,138,M6,False
tomato,13,3071.0,Jabalpur(F&V) APMC,-0.2586,0.7964,-26416.914662,138,M6,False
tomato,13,3075.0,Chhindwara(F&V) APMC,0.5308,0.5966,45268.220402,114,M9,False
tomato,13,3080.0,Tusura APMC,1.4123,0.1599,178391.915583,156,M9,False
tomato,13,3084.0,Saraskana APMC,0.116,0.9078,25769.106448,201,M9,False
tomato,13,3086.0,Godbhaga APMC,0.5065,0.6132,59774.550849,163,M9,False
tomato,13,3087.0,Sahidngar APMC,2.0199,0.0456,302250.37134,120,M9,True
tomato,13,3089.0,Sarankul APMC,0.2372,0.8128,32168.060559,180,M9,False
tomato,13,3092.0,Saharpada APMC,1.1076,0.2692,108643.706095,236,M9,False
tomato,13,3093.0,Sohela APMC,0.7192,0.4733,152383.32948,128,M9,False
tomato,13,3100.0,Sonamura APMC,-0.1498,0.8811,-29042.733551,236,M6,False
tomato,13,3105.0,Barpathari APMC,-0.7618,0.447,-141610.527318,222,M6,False
tomato,13,3117.0,Asansol APMC,1.6016,0.1106,158138.75547,236,M9,False
tomato,13,3130.0,Junnar(Narayangaon) APMC,-0.1711,0.8643,-10624.094056,236,M6,False
tomato,13,3142.0,Kamthi APMC,0.2481,0.8043,18728.565901,236,M9,False
tomato,13,3218.0,Tiphra APMC,-0.9481,0.3442,-98565.20528,214,M6,False
tomato,13,3297.0,Khariar APMC,1.3516,0.178,231003.503841,201,M9,False
tomato,13,3299.0,Chuliaposi APMC,2.4506,0.0154,319258.071777,154,M9,True
tomato,13,3300.0,Gopa APMC,1.699,0.0906,197686.559533,236,M9,False
tomato,13,3301.0,Pattamundai APMC,1.7599,0.0797,189142.700082,236,M9,False
tomato,13,3302.0,Chatta Krushak Bazar APMC,1.6847,0.0934,193900.58814,236,M9,False
tomato,13,3306.0,Nilagiri APMC,-1.076,0.2831,-82817.334737,221,M6,False
tomato,13,3308.0,Hindol APMC,0.9621,0.337,143065.475609,236,M9,False
tomato,13,3327.0,Mahabubnagar(Rythu Bazar) APMC,0.8964,0.3713,163759.852155,181,M9,False
tomato,13,3332.0,Mehndipatnam(Rythu Bazar) APMC,0.0709,0.9436,8380.196073,190,M9,False
tomato,13,3339.0,Falakata APMC,0.3748,0.7082,52303.809578,212,M9,False
tomato,13,3341.0,Karsiyang(Matigara) APMC,1.5639,0.1192,250890.342488,236,M9,False
tomato,13,3344.0,Gangarampur(Dakshin Dinajpur) APMC,1.1137,0.2666,170755.546286,236,M9,False
tomato,13,3346.0,Diamond Harbour(South 24-pgs) APMC,1.0591,0.2906,149407.666275,236,M9,False
tomato,13,3347.0,Kalipur APMC,1.5743,0.1168,169521.864242,236,M9,False
tomato,13,3349.0,Ranaghat APMC,1.7056,0.0894,240212.508475,236,M9,False
tomato,13,3350.0,Chakdah APMC,1.6341,0.1036,223494.457384,236,M9,False
tomato,13,3352.0,Garbeta(Medinipur) APMC,1.7344,0.0842,189996.909453,236,M9,False
tomato,13,3354.0,Kasipur APMC,,,-70846.326437,34,M6,False
tomato,13,3355.0,Sainthia APMC,0.8226,0.4116,99997.594175,236,M9,False
tomato,13,3374.0,Vankaner(Sub yard) APMC,2.1061,0.037,296486.265117,138,M9,True
tomato,13,3393.0,Broadway market Market,3.1179,0.0022,283024.154707,133,M9,True
tomato,13,3394.0,North Paravur Market,3.2929,0.0013,338379.611351,134,M9,True
tomato,13,3445.0,APMC Azadpur,0.7606,0.4477,50829.249583,236,M9,False
tomato,13,3449.0,Pune(Manjri) APMC,0.7719,0.441,60749.251247,236,M9,False
tomato,13,3450.0,Pune(Moshi) APMC,0.5787,0.5634,26928.621784,236,M9,False
tomato,13,3452.0,Agriculture Produce Market Committee Hingna,0.4149,0.6787,24632.309378,187,M9,False
tomato,13,3517.0,PMY Kangni Mandi,1.3177,0.1967,113521.959276,34,M9,False
tomato,13,3626.0,Dablirathan APMC,-1.342,0.1843,-289526.02876,65,M6,False
tomato,13,3673.0,Boxonagar,0.2771,0.782,45761.971152,236,M9,False
tomato,13,3680.0,Kadamtala,-0.2641,0.792,-42580.769512,236,M6,False
tomato,13,4055.0,Ariyalur(Uzhavar Sandhai),0.7213,0.4724,223127.89937,103,M9,False
tomato,13,4056.0,Jeyankondam (Uzhavar Sandhai ),1.0736,0.2855,320595.94562,103,M9,False
tomato,13,4057.0,RSPuram(Uzhavar Sandhai ),0.5392,0.5917,33723.664566,61,M9,False
tomato,13,4058.0,Singanallur(Uzhavar Sandhai ),1.2396,0.218,168374.988388,103,M9,False
tomato,13,4059.0,Pollachi(Uzhavar Sandhai ),1.3046,0.195,187832.040749,103,M9,False
tomato,13,4060.0,Mettupalayam(Uzhavar Sandhai ),1.3359,0.1845,198792.958099,103,M9,False
tomato,13,4061.0,Kurichi(Uzhavar Sandhai ),0.2963,0.7678,36646.302888,74,M9,False
tomato,13,4062.0,Sulur(Uzhavar Sandhai ),1.0011,0.3192,158755.09309,103,M9,False
tomato,13,4063.0,Vadavalli(Uzhavar Sandhai ),1.266,0.2084,211201.539575,103,M9,False
tomato,13,4064.0,Sundarapuram(Uzhavar Sandhai ),-0.3796,0.7055,-37568.175256,64,M6,False
tomato,13,4065.0,Cuddalore(Uzhavar Sandhai ),0.6474,0.5188,131651.859719,103,M9,False
tomato,13,4066.0,Chidambaram(Uzhavar Sandhai ),1.4388,0.1539,133787.940059,85,M9,False
tomato,13,4067.0,Viruthachalam(Uzhavar Sandhai ),0.8574,0.3933,198505.330173,103,M9,False
tomato,13,4068.0,Panruti(Uzhavar Sandhai ),1.162,0.2479,178504.643357,103,M9,False
tomato,13,4070.0,Dharmapuri(Uzhavar Sandhai ),2.0628,0.0417,156650.161996,103,M9,True
tomato,13,4071.0,Pennagaram(Uzhavar Sandhai ),2.3438,0.021,175780.433102,103,M9,True
tomato,13,4072.0,Palacode(Uzhavar Sandhai ),0.7579,0.451,40451.163181,73,M9,False
tomato,13,4073.0,Harur(Uzhavar Sandhai ),0.9744,0.3321,117554.944406,103,M9,False
tomato,13,4074.0,AJattihalli(Uzhavar Sandhai ),1.3532,0.1795,91199.172863,87,M9,False
tomato,13,4075.0,Dindigul(Uzhavar Sandhai ),0.9459,0.3465,228182.250023,103,M9,False
tomato,13,4076.0,Palani(Uzhavar Sandhai ),1.5154,0.1328,186595.99216,103,M9,False
tomato,13,4077.0,Chinnalapatti(Uzhavar Sandhai ),0.7945,0.4287,210759.718686,103,M9,False
tomato,13,4080.0,Vedasanthur(Uzhavar Sandhai ),1.2492,0.2144,231041.819032,103,M9,False
tomato,13,4081.0,Sampath Nagar(Uzhavar Sandhai ),-0.0518,0.9589,-5110.15987,65,M6,False
tomato,13,4082.0,Gobichettipalayam(Uzhavar Sandhai ),0.8142,0.4174,164958.268066,103,M9,False
tomato,13,4083.0,Sathiyamagalam(Uzhavar Sandhai ),0.005,0.996,564.53957,64,M9,False
tomato,13,4084.0,Periyar Nagar(Uzhavar Sandhai ),0.4203,0.6751,67083.129719,103,M9,False
tomato,13,4085.0,Perundurai(Uzhavar Sandhai ),0.9,0.3703,176418.696226,103,M9,False
tomato,13,4086.0,Thalavadi(Uzhavar Sandhai ),0.4991,0.6195,32437.088715,61,M9,False
tomato,13,4087.0,Kancheepuram(Uzhavar Sandhai ),1.046,0.298,164126.761956,103,M9,False
tomato,13,4088.0,Padappai(Uzhavar Sandhai ),1.1473,0.254,164601.767458,103,M9,False
tomato,13,4089.0,Sunguvarchatram(Uzhavar Sandhai ),0.9959,0.3216,193900.36662,103,M9,False
tomato,13,4090.0,Kundrathur(Uzhavar Sandhai ),0.8945,0.3732,225182.430016,103,M9,False
tomato,13,4091.0,Karur(Uzhavar Sandhai ),0.8617,0.3909,142800.457286,103,M9,False
tomato,13,4092.0,Kulithalai(Uzhavar Sandhai ),1.0781,0.2836,177510.564767,103,M9,False
tomato,13,4093.0,Velayuthampalayam(Uzhavar Sandhai ),-0.4427,0.6595,-64235.021218,67,M6,False
tomato,13,4094.0,Pallapatti (Uzhavar Sandhai ),0.8393,0.4033,171191.363434,103,M9,False
tomato,13,4096.0,Hosur(Uzhavar Sandhai ),1.1457,0.2546,134934.185201,103,M9,False
tomato,13,4097.0,Krishnagiri(Uzhavar Sandhai ),1.5161,0.1326,115493.60395,103,M9,False
tomato,13,4098.0,Kaveripattinam(Uzhavar Sandhai ),0.9907,0.3249,132112.191915,79,M9,False
tomato,13,4099.0,Denkanikottai(Uzhavar Sandhai ),1.073,0.2858,132346.340212,103,M9,False
tomato,13,4100.0,Avallapalli(Uzhavar Sandhai ),0.9283,0.3554,113794.803118,103,M9,False
tomato,13,4102.0,Chokkikulam(Uzhavar Sandhai ),1.0418,0.3,200776.035443,103,M9,False
tomato,13,4103.0,Palanganatham(Uzhavar Sandhai ),0.6773,0.4998,116544.009332,103,M9,False
tomato,13,4104.0,Usilampatti(Uzhavar Sandhai ),1.1517,0.2577,142838.15085,34,M9,False
tomato,13,4105.0,Thirumangalam(Uzhavar Sandhai ),0.9001,0.3702,195966.585457,103,M9,False
tomato,13,4106.0,Melur(Uzhavar Sandhai ),0.6795,0.4984,133179.554734,103,M9,False
tomato,13,4107.0,Anaiyur(Uzhavar Sandhai ),0.7172,0.4749,158440.088444,103,M9,False
tomato,13,4108.0,Mayiladuthurai(Uzhavar Sandhai ),1.0041,0.3177,256841.346906,103,M9,False
tomato,13,4109.0,Nagapattinam(Uzhavar Sandhai ),0.309,0.758,77365.193221,103,M9,False
tomato,13,4110.0,Sirkali(Uzhavar Sandhai ),0.9874,0.3258,243883.567357,103,M9,False
tomato,13,4113.0,Rasipuram(Uzhavar Sandhai ),1.1685,0.2453,213439.004283,103,M9,False
tomato,13,4114.0,Kumarapalayam(Uzhavar Sandhai ),0.7658,0.4456,150715.52487,103,M9,False
tomato,13,4115.0,Paramathivelur(Uzhavar Sandhai ),1.0269,0.3069,267249.687013,103,M9,False
tomato,13,4116.0,Mohanur(Uzhavar Sandhai ),0.777,0.439,201418.810313,103,M9,False
tomato,13,4117.0,Udhagamandalam(Uzhavar Sandhai ),1.4277,0.1564,234732.884641,103,M9,False
tomato,13,4118.0,Coonoor(Uzhavar Sandhai ),1.363,0.1759,347045.713953,103,M9,False
tomato,13,4120.0,Gudalur(Uzhavar Sandhai ),1.0365,0.3024,191589.182098,103,M9,False
tomato,13,4121.0,Perambalur(Uzhavar Sandhai ),0.0957,0.9241,25192.736187,72,M9,False
tomato,13,4123.0,Pudukottai(Uzhavar Sandhai ),1.1483,0.2535,249107.160063,103,M9,False
tomato,13,4124.0,Aranthangi(Uzhavar Sandhai ),0.9292,0.355,237776.44023,103,M9,False
tomato,13,4125.0,Alangudi(Uzhavar Sandhai ),1.219,0.2261,135346.1874,89,M9,False
tomato,13,4126.0,Gandarvakottai(Uzhavar Sandhai ),0.658,0.512,138046.238227,103,M9,False
tomato,13,4127.0,Karambakkudi(Uzhavar Sandhai ),0.8838,0.3789,173591.464666,103,M9,False
tomato,13,4128.0,Viralimalai(Uzhavar Sandhai ),0.7601,0.449,163245.872414,103,M9,False
tomato,13,4129.0,Ramanathapuram(Uzhavar Sandhai ),1.0205,0.3099,328112.875653,103,M9,False
tomato,13,4130.0,Paramakudi(Uzhavar Sandhai ),1.3848,0.1698,186865.175413,85,M9,False
tomato,13,4131.0,Kamuthi(Uzhavar Sandhai ),0.8084,0.4225,109114.696615,53,M9,False
tomato,13,4132.0,Sooramangalam(Uzhavar Sandhai ),0.8664,0.3883,136770.674302,103,M9,False
tomato,13,4133.0,Ammapet(Uzhavar Sandhai ),0.9874,0.3258,183717.194638,103,M9,False
tomato,13,4134.0,Athur(Uzhavar Sandhai ),0.5801,0.5636,61421.580962,75,M9,False
tomato,13,4135.0,Thathakapatti(Uzhavar Sandhai ),0.9386,0.3501,128332.787238,103,M9,False
tomato,13,4136.0,Mettur(Uzhavar Sandhai ),1.8609,0.0662,94570.360061,87,M9,False
tomato,13,4137.0,Attayampatti(Uzhavar Sandhai ),0.6387,0.5245,108201.656412,103,M9,False
tomato,13,4138.0,Hasthampatti(Uzhavar Sandhai ),0.7223,0.4718,122519.815287,103,M9,False
tomato,13,4139.0,Elampillai(Uzhavar Sandhai ),0.7934,0.4294,141904.384521,103,M9,False
tomato,13,4140.0,Thammampatti (Uzhavar Sandhai ),0.4534,0.6516,55400.97633,74,M9,False
tomato,13,4141.0,Jalagandapuram(Uzhavar Sandhai ),-0.5068,0.6139,-61047.894083,70,M6,False
tomato,13,4142.0,Edapadi (Uzhavar Sandhai ),-0.029,0.977,-4164.700435,81,M6,False
tomato,13,4143.0,Sivagangai (Uzhavar Sandhai ),0.8211,0.4135,199478.951409,103,M9,False
tomato,13,4144.0,Devakottai (Uzhavar Sandhai ),0.848,0.3984,224185.830736,103,M9,False
tomato,13,4145.0,Karaikudi(Uzhavar Sandhai ),0.882,0.3798,235452.984836,103,M9,False
tomato,13,4146.0,Tirupatthur(Uzhavar Sandhai ),0.6849,0.4953,83792.374023,85,M9,False
tomato,13,4147.0,Singampunari(Uzhavar Sandhai ),0.059,0.9531,8403.732542,69,M9,False
tomato,13,4148.0,Thanjavur(Uzhavar Sandhai ),0.8463,0.3994,201286.541241,103,M9,False
tomato,13,4149.0,Kumbakonam (Uzhavar Sandhai ),0.9637,0.3375,228540.364712,103,M9,False
tomato,13,4150.0,Pattukottai(Uzhavar Sandhai ),0.7322,0.4657,183416.196689,103,M9,False
tomato,13,4152.0,Papanasam(Uzhavar Sandhai ),0.8515,0.3965,214790.24367,103,M9,False
tomato,13,4153.0,Theni(Uzhavar Sandhai ),0.5143,0.6087,57978.090952,67,M9,False
tomato,13,4154.0,Kambam(Uzhavar Sandhai ),0.6375,0.526,61686.037339,68,M9,False
tomato,13,4155.0,Bodinayakanur(Uzhavar Sandhai ),1.0585,0.2923,158379.616058,103,M9,False
tomato,13,4156.0,Periyakulam(Uzhavar Sandhai ),0.5902,0.5569,63145.349817,74,M9,False
tomato,13,4157.0,Devaram(Uzhavar Sandhai ),0.8661,0.3885,104565.560293,103,M9,False
tomato,13,4158.0,Andipatti(Uzhavar Sandhai ),1.044,0.299,148057.050291,103,M9,False
tomato,13,4159.0,Chinnamanur(Uzhavar Sandhai ),0.7284,0.4689,80473.452212,68,M9,False
tomato,13,4160.0,Palayamkottai(Uzhavar Sandhai ),1.5452,0.1254,380248.007595,103,M9,False
tomato,13,4161.0,Kandiyaperi(Uzhavar Sandhai ),0.59,0.5573,96775.911963,66,M9,False
tomato,13,4162.0,Melapalayam(Uzhavar Sandhai ),0.2491,0.8041,48853.278602,65,M9,False
tomato,13,4163.0,Ambasamudram(Uzhavar Sandhai ),0.4571,0.649,96126.351824,73,M9,False
tomato,13,4164.0,NGO Colony(Uzhavar Sandhai ),1.1852,0.2387,301802.456116,103,M9,False
tomato,13,4166.0,Tiruvallur(Uzhavar Sandhai ),0.6659,0.507,166093.048943,103,M9,False
tomato,13,4167.0,Ambattur(Uzhavar Sandhai ),0.9466,0.3461,235220.35757,103,M9,False
tomato,13,4168.0,Paruthipattu(Uzhavar Sandhai ),0.5888,0.5573,167760.759075,103,M9,False
tomato,13,4169.0,Naravarikuppam(Uzhavar Sandhai ),0.8022,0.4243,219336.836549,103,M9,False
tomato,13,4170.0,Perambakkam(Uzhavar Sandhai ),0.9284,0.3554,240206.858941,103,M9,False
tomato,13,4172.0,Mannargudi I(Uzhavar Sandhai ),1.0175,0.3113,219495.436085,103,M9,False
tomato,13,4173.0,Tiruvarur(Uzhavar Sandhai ),1.0656,0.2891,230566.430934,103,M9,False
tomato,13,4174.0,Needamangalam(Uzhavar Sandhai ),0.9611,0.3388,209706.754281,103,M9,False
tomato,13,4175.0,Muthupettai(Uzhavar Sandhai ),1.1321,0.2602,290410.662269,103,M9,False
tomato,13,4176.0,Mannargudi II(Uzhavar Sandhai ),0.8827,0.3795,197631.252264,103,M9,False
tomato,13,4178.0,Tuticorin(Uzhavar Sandhai ),1.2199,0.2253,274708.693338,103,M9,False
tomato,13,4179.0,Kovilpatti(Uzhavar Sandhai ),-0.3243,0.7468,-34042.771256,61,M6,False
tomato,13,4180.0,Tiruvannamalai(Uzhavar Sandhai ),1.0945,0.2763,131798.295979,103,M9,False
tomato,13,4181.0,Polur(Uzhavar Sandhai ),0.7096,0.4796,134276.030941,103,M9,False
tomato,13,4182.0,Arani(Uzhavar Sandhai ),0.9809,0.329,193590.339233,103,M9,False
tomato,13,4183.0,Cheyyar(Uzhavar Sandhai ),0.069,0.9452,8693.736584,61,M9,False
tomato,13,4184.0,Chengam(Uzhavar Sandhai ),0.5688,0.5707,76448.274212,103,M9,False
tomato,13,4186.0,Keelpennathur(Uzhavar Sandhai ),1.3477,0.1807,414976.044289,103,M9,False
tomato,13,4187.0,Tamarainagar(Uzhavar Sandhai ),1.0453,0.2984,155721.380642,103,M9,False
tomato,13,4188.0,Anna nagar(Uzhavar Sandhai ),0.9879,0.3255,215785.363433,103,M9,False
tomato,13,4191.0,Manapparai(Uzhavar Sandhai ),-0.223,0.8243,-32558.420899,61,M6,False
tomato,13,4192.0,Musiri(Uzhavar Sandhai ),0.9881,0.3254,176296.111214,103,M9,False
tomato,13,4194.0,Lalgudi(Uzhavar Sandhai ),0.8776,0.3822,230064.797941,103,M9,False
tomato,13,4195.0,Manachanallur(Uzhavar Sandhai ),0.7375,0.4625,184164.986998,103,M9,False
tomato,13,4197.0,Katpadi (Uzhavar Sandhai ),0.4308,0.6678,36350.852491,79,M9,False
tomato,13,4198.0,Gudiyatham(Uzhavar Sandhai ),1.3106,0.193,113180.254622,103,M9,False
tomato,13,4199.0,Kahithapattarai(Uzhavar Sandhai ),1.0024,0.3189,60123.761247,89,M9,False
tomato,13,4202.0,Gingee(Uzhavar Sandhai ),0.6208,0.5361,106364.314364,103,M9,False
tomato,13,4203.0,Aruppukottai(Uzhavar Sandhai ),0.9138,0.363,167275.528943,103,M9,False
tomato,13,4204.0,Rajapalayam(Uzhavar Sandhai ),0.9879,0.3255,187707.050082,103,M9,False
tomato,13,4205.0,Srivilliputhur(Uzhavar Sandhai ),0.9143,0.3627,183952.353713,103,M9,False
tomato,13,4206.0,Virudhunagar(Uzhavar Sandhai ),1.2831,0.2024,292082.830544,103,M9,False
tomato,13,4207.0,Sivakasi(Uzhavar Sandhai ),1.2397,0.2179,257745.359103,103,M9,False
tomato,13,4208.0,Sathur(Uzhavar Sandhai ),1.2888,0.2004,270644.258473,103,M9,False
tomato,13,4209.0,Kariyapatti(Uzhavar Sandhai ),1.1903,0.2367,222443.5472,103,M9,False
tomato,13,4210.0,Thalavaipuram(Uzhavar Sandhai ),0.9414,0.3487,204627.050374,103,M9,False
tomato,13,4212.0,Myladi(Uzhavar Sandhai ),1.1309,0.2607,335491.5483,103,M9,False
tomato,13,4213.0,Pallavaram(Uzhavar Sandhai ),1.2156,0.2269,233241.906846,103,M9,False
tomato,13,4214.0,Chengalpet(Uzhavar Sandhai ),1.0785,0.2834,224830.330868,103,M9,False
tomato,13,4215.0,Medavakkam(Uzhavar Sandhai ),1.2072,0.2302,213085.036474,103,M9,False
tomato,13,4216.0,Nanganallur(Uzhavar Sandhai ),1.1609,0.2491,122259.271694,83,M9,False
tomato,13,4217.0,Madhuranthagam(Uzhavar Sandhai ),2.1244,0.0361,246841.158931,103,M9,True
tomato,13,4219.0,Jameenrayapettai(Uzhavar Sandhai ),0.8867,0.3773,161316.171621,103,M9,False
tomato,13,4220.0,Guduvancheri(Uzhavar Sandhai ),0.5678,0.5714,102590.229283,103,M9,False
tomato,13,4221.0,Thirukalukundram(Uzhavar Sandhai ),1.1355,0.2588,246485.277223,103,M9,False
tomato,13,4222.0,Kallakurichi(Uzhavar Sandhai ),0.8903,0.3754,172146.397358,103,M9,False
tomato,13,4224.0,Sankarapuram(Uzhavar Sandhai ),0.9367,0.3511,220891.659842,103,M9,False
tomato,13,4225.0,Ranipettai(Uzhavar Sandhai ),0.1897,0.8502,22548.453064,61,M9,False
tomato,13,4226.0,Arcot(Uzhavar Sandhai ),0.682,0.4968,95516.83562,103,M9,False
tomato,13,4227.0,Sankarankoil(Uzhavar Sandhai ),1.976,0.0514,163743.780646,87,M9,False
tomato,13,4228.0,Tenkasi(Uzhavar Sandhai ),0.6854,0.4955,119679.579815,65,M9,False
tomato,13,4229.0,Vaniyampadi(Uzhavar Sandhai ),0.9748,0.3319,197188.956617,103,M9,False
tomato,13,4231.0,Natrampalli(Uzhavar Sandhai ),0.8862,0.3776,140139.928562,103,M9,False
tomato,13,4232.0,Palladam(Uzhavar Sandhai ),0.9612,0.3392,79777.952228,85,M9,False
tomato,13,4234.0,Tiruppur (North) (Uzhavar Sandhai ),0.822,0.413,84892.843601,103,M9,False
tomato,13,4235.0,Tiruppur (South) (Uzhavar Sandhai ),0.4611,0.6462,56068.684051,70,M9,False
tomato,13,4236.0,Dharapuram(Uzhavar Sandhai ),1.3419,0.1832,115149.870701,87,M9,False
tomato,13,4237.0,Kangayam(Uzhavar Sandhai ),1.3293,0.1867,212144.11729,103,M9,False
tomato,13,4240.0,Balarampuram Market,-0.546,0.5865,-172376.033288,86,M6,False
tomato,13,4247.0,Balugaon APMC,1.6303,0.1092,82913.819394,52,M9,False
tomato,13,4251.0,Ambagan APMC,0.5296,0.5981,48408.772932,68,M9,False
tomato,13,4252.0,Haibargaon APMC,0.8138,0.4186,117678.045546,68,M9,False
tomato,13,4295.0,Barpeta Road APMC,,,120169.40232,53,M9,False
tomato,13,4390.0,Manjhanpur APMC,-0.4616,0.6457,-63813.721875,74,M6,False
tomato,13,4402.0,SMY Jogindernagar,0.6537,0.5169,40733.436203,42,M9,False
tomato,13,4429.0,Badwani(F&V) APMC,0.8388,0.4043,83442.662061,75,M9,False
tomato,13,4464.0,Hoshangabad(F&V) APMC,0.624,0.5354,103033.472281,53,M9,False
tomato,13,4469.0,Jawra(F&V) APMC,-0.5015,0.6179,-83657.519412,59,M6,False
tomato,13,4503.0,Manawar(F&V) APMC,0.9759,0.3335,185361.458016,55,M9,False
tomato,13,4523.0,Petlawad(F&V) APMC,1.525,0.1317,113570.541796,72,M9,False
tomato,13,4524.0,Pipariya(F&V) APMC,-0.3316,0.7411,-15477.323752,74,M6,False
tomato,13,4531.0,Rewa(F&V) APMC,0.9207,0.361,201086.524598,59,M9,False
tomato,13,4532.0,Sabalgarh(F&V) APMC,1.2988,0.1985,125435.542884,68,M9,False
tomato,13,4534.0,Sanawad(F&V) APMC,1.8515,0.0698,223600.163288,53,M9,False
tomato,13,4538.0,Sehore(F&V) APMC,0.397,0.6926,20829.699342,72,M9,False
tomato,13,4539.0,Sendhwa(F&V) APMC,0.9235,0.3587,127314.515617,75,M9,False
tomato,13,4557.0,Timarni(F&V) APMC,-1.0091,0.3163,-92371.702473,73,M6,False
tomato,13,4665.0,Chhibramau APMC,-0.2167,0.8287,-25310.62041,147,M6,False
tomato,13,4667.0,Balurghat APMC,2.107,0.0364,377348.204793,188,M9,True
tomato,13,4681.0,Ayodhya APMC,0.0504,0.96,7321.061546,79,M9,False
tomato,13,4707.0,"Fruit&Vegetable Market,Gazipur APMC",,,-20557.496633,34,M6,False
tomato,13,4790.0,Valmikipuram APMC,0.9955,0.3267,133852.400549,34,M9,False
tomato,26,2.0,Mahboob Manison APMC,0.7049,0.4817,43269.685212,192,M9,False
tomato,26,9.0,Shadnagar APMC,1.425,0.1555,38768.713097,223,M9,False
tomato,26,19.0,Warangal APMC,0.454,0.6503,28250.483336,189,M9,False
tomato,26,43.0,Chandigarh (Grain/F&V) APMC,2.0817,0.0385,72014.824415,221,M9,True
tomato,26,54.0,Bharuch APMC,-0.5926,0.5548,-76385.335272,101,M6,False
tomato,26,57.0,Nadiad APMC,-0.0382,0.9696,-4347.362481,134,M6,False
tomato,26,62.0,Morbi APMC,2.5957,0.0101,115385.275121,223,M9,True
tomato,26,64.0,Surat APMC,1.1726,0.2422,44187.131517,223,M9,False
tomato,26,66.0,Ahmedabad APMC,3.0167,0.0029,148743.680197,223,M9,True
tomato,26,69.0,PMY Kangra,1.7465,0.0821,184105.203946,223,M9,False
tomato,26,70.0,PMY Kullu,0.2523,0.801,29851.608654,223,M9,False
tomato,26,71.0,PMY Paonta Sahib,2.5275,0.0122,186643.158451,223,M9,True
tomato,26,72.0,PMY Kather Solan,1.5513,0.1227,110751.416461,171,M9,False
tomato,26,75.0,Fatehabad APMC,1.9891,0.0483,169355.088429,174,M9,True
tomato,26,79.0,Narwana APMC,2.469,0.0143,223933.435348,223,M9,True
tomato,26,80.0,Safidon APMC,-0.0511,0.9593,-3830.753149,223,M6,False
tomato,26,85.0,Ladwa APMC,1.2712,0.205,72256.641128,223,M9,False
tomato,26,86.0,Pehowa APMC,-0.6258,0.5321,-17509.069214,223,M6,False
tomato,26,87.0,Thanesar APMC,1.8953,0.0594,231454.420973,222,M9,False
tomato,26,89.0,Shahabad APMC,1.9475,0.0527,112222.384475,223,M9,False
tomato,26,92.0,kalanwali APMC,1.2655,0.2073,105838.779061,179,M9,False
tomato,26,97.0,Parimpore Srinagar (F&V),2.8705,0.0045,170204.5875,223,M9,True
tomato,26,98.0,Udhampur (F&V),1.9184,0.0563,131492.160303,223,M9,False
tomato,26,100.0,"Binny Mill (F&V), Bengaluru APMC",0.699,0.4853,63793.867762,223,M9,False
tomato,26,106.0,Davangere APMC,0.4549,0.6496,56248.234511,223,M9,False
tomato,26,112.0,Kolar APMC,0.6505,0.516,48570.821946,223,M9,False
tomato,26,115.0,Mysuru APMC,0.6095,0.5428,34668.246237,223,M9,False
tomato,26,125.0,Ernakulam Market,-0.3757,0.7075,-69068.54191,222,M6,False
tomato,26,126.0,Aluva Market,-0.9857,0.3253,-146012.572232,223,M6,False
tomato,26,128.0,Thalasserry Market,-0.3845,0.7015,-137683.767803,92,M6,False
tomato,26,131.0,Kollam Market,-1.4293,0.1543,-849234.918053,223,M6,False
tomato,26,132.0,Kottayam Market,-1.0751,0.2835,-110275.674327,223,M6,False
tomato,26,134.0,Manjeri Market,-0.0578,0.954,-6718.250612,223,M6,False
tomato,26,135.0,Palakkad Market,-0.0998,0.9206,-11245.479169,223,M6,False
tomato,26,136.0,Koduvayoor Market,-0.7209,0.4717,-125858.473684,223,M6,False
tomato,26,139.0,Thrissur Market,-0.0083,0.9934,-1169.042117,223,M6,False
tomato,26,140.0,Kodungalloor Market,-0.4376,0.6622,-95733.233294,203,M6,False
tomato,26,145.0,Ahilyanagar APMC,-0.0425,0.9661,-4902.429478,223,M6,False
tomato,26,151.0,Jalgaon APMC,1.0848,0.2792,68234.785126,223,M9,False
tomato,26,152.0,Kolhapur APMC,0.1641,0.8698,15996.343277,223,M9,False
tomato,26,154.0,Mumbai APMC,0.7164,0.4745,40086.521927,223,M9,False
tomato,26,155.0,Nagpur APMC,2.3338,0.0205,242998.982799,223,M9,True
tomato,26,160.0,Nasik APMC,0.43,0.6676,38163.128673,223,M9,False
tomato,26,162.0,Pimpalgaon Baswant APMC,0.5183,0.6048,39113.271516,215,M9,False
tomato,26,164.0,Pune APMC,0.4247,0.6714,34138.241103,223,M9,False
tomato,26,168.0,SHRI.SIDDHESHWAR APMC,0.385,0.7006,31736.241635,223,M9,False
tomato,26,173.0,Bhopal(F&V) APMC,,,95397.245235,87,M9,False
tomato,26,179.0,Indore(F&V) APMC,0.5152,0.6074,58046.815232,114,M9,False
tomato,26,184.0,Rajnandgaon APMC,0.5846,0.5594,37959.054163,223,M9,False
tomato,26,198.0,Attabira APMC,1.1725,0.2424,47698.841155,203,M9,False
tomato,26,199.0,Bargarh APMC,-0.7245,0.4695,-39982.368791,223,M6,False
tomato,26,200.0,Bhadrak APMC,1.2309,0.221,127418.310092,113,M9,False
tomato,26,202.0,Kantabaji APMC,-1.4481,0.149,-172724.174885,221,M6,False
tomato,26,203.0,Kendrapara APMC,0.456,0.6488,72220.484223,223,M9,False
tomato,26,206.0,Kesinga APMC,0.9556,0.3403,196635.29987,223,M9,False
tomato,26,207.0,Bhawanipatna APMC,0.2519,0.8014,21872.126827,169,M9,False
tomato,26,214.0,Rayagada APMC,-0.5025,0.616,-32555.78586,159,M6,False
tomato,26,216.0,Tarantaran APMC,3.1501,0.0019,101146.970424,205,M9,True
tomato,26,218.0,Fazilka APMC,1.205,0.2295,129204.883938,223,M9,False
tomato,26,219.0,Jalalabad APMC,1.0248,0.3066,108701.516219,223,M9,False
tomato,26,226.0,Khanna APMC,-1.0675,0.2869,-51589.46378,223,M6,False
tomato,26,227.0,Jagraon APMC,0.406,0.6856,47921.940654,98,M9,False
tomato,26,228.0,Baghapurana APMC,3.1433,0.0019,125438.360957,205,M9,True
tomato,26,230.0,Muktsar APMC,,,-629.642226,169,M6,False
tomato,26,231.0,Malout APMC,1.3404,0.1815,152970.265082,223,M9,False
tomato,26,233.0,Patran APMC,0.1423,0.887,731.57582,223,M9,False
tomato,26,234.0,Samana APMC,1.1044,0.2708,43692.394017,193,M9,False
tomato,26,235.0,Nabha APMC,0.5889,0.5567,46949.394647,173,M9,False
tomato,26,236.0,Barnala APMC,2.8162,0.0055,58146.488164,156,M9,True
tomato,26,237.0,Dhuri APMC,,,53475.473455,173,M9,False
tomato,26,238.0,Malerkotla APMC,,,-5241.955123,143,M6,False
tomato,26,239.0,Sunam APMC,0.9768,0.3301,94987.566855,161,M9,False
tomato,26,240.0,Bhawanigarh APMC,3.022,0.0028,61743.517537,223,M9,True
tomato,26,247.0,Baran APMC,-2.0346,0.0449,-138884.577643,89,M6,True
tomato,26,250.0,Bhilwara APMC,1.1336,0.2582,22345.868686,223,M9,False
tomato,26,261.0,Jaipur (F&V) APMC,1.5712,0.1177,109329.046344,205,M9,False
tomato,26,292.0,Ulundurpettai APMC,1.445,0.1518,221651.935309,94,M9,False
tomato,26,295.0,Bishalgarh APMC,-0.0583,0.9536,-19638.922462,177,M6,False
tomato,26,296.0,Teliamura APMC,-0.205,0.8378,-38561.027978,209,M6,False
tomato,26,297.0,Agra APMC,3.0966,0.0022,70119.683135,223,M9,True
tomato,26,298.0,Prayagraj APMC,,,48374.789455,223,M9,False
tomato,26,299.0,Bahraich APMC,3.4478,0.0007,130086.99885,223,M9,True
tomato,26,300.0,Ballia APMC,,,13366.673692,199,M9,False
tomato,26,301.0,Barabanki APMC,4.8467,0.0,77655.21579,223,M9,True
tomato,26,302.0,Bareilly APMC,1.96,0.0512,82431.146574,223,M9,False
tomato,26,303.0,Dehradoon APMC,0.2064,0.8367,23213.853973,183,M9,False
tomato,26,305.0,Farukhabad APMC,0.2787,0.7808,10698.732752,204,M9,False
tomato,26,306.0,Ghaziabad APMC,1.2153,0.2257,41776.339853,199,M9,False
tomato,26,307.0,Gorakhpur APMC,,,81275.889222,223,M9,False
tomato,26,308.0,Hardoi APMC,0.1172,0.9068,5640.311335,199,M9,False
tomato,26,309.0,Etawah APMC,0.7583,0.4491,14497.621012,223,M9,False
tomato,26,310.0,Jaunpur APMC,1.7936,0.0742,74529.608994,223,M9,False
tomato,26,311.0,Kanpur(Grain) APMC,2.1235,0.0348,60922.174727,223,M9,True
tomato,26,313.0,Lakhimpur APMC,2.2699,0.0242,71402.776296,223,M9,True
tomato,26,314.0,Lalitpur APMC,1.5989,0.1114,51419.736392,198,M9,False
tomato,26,315.0,Lucknow APMC,1.9635,0.0508,62359.679106,223,M9,False
tomato,26,316.0,Mainpuri APMC,1.4935,0.137,75220.18601,184,M9,False
tomato,26,317.0,Meerut APMC,,,37270.774897,199,M9,False
tomato,26,318.0,Muradabad APMC,0.8771,0.3815,41491.409156,203,M9,False
tomato,26,319.0,Kashipur APMC,-0.7221,0.471,-28292.038072,221,M6,False
tomato,26,320.0,Pilibhit APMC,1.8619,0.0639,76906.128503,223,M9,False
tomato,26,321.0,Saharanpur APMC,0.707,0.4804,38575.891459,197,M9,False
tomato,26,322.0,Shahjahanpur APMC,0.9374,0.3497,35790.532096,197,M9,False
tomato,26,324.0,Sitapur APMC,0.7002,0.4846,31733.444117,207,M9,False
tomato,26,326.0,Rudrapur APMC,0.997,0.3199,102796.118406,218,M9,False
tomato,26,328.0,Barasat APMC,0.9257,0.3556,87808.322908,223,M9,False
tomato,26,330.0,Bolpur APMC,0.9008,0.3695,102613.273373,123,M9,False
tomato,26,331.0,Kalna APMC,-0.9285,0.3541,-111476.472289,223,M6,False
tomato,26,333.0,Coochbehar APMC,0.2058,0.8371,37886.511242,223,M9,False
tomato,26,334.0,Pandua APMC,0.8078,0.42,110552.437737,223,M9,False
tomato,26,406.0,Durg APMC,0.0885,0.9296,14112.790983,223,M9,False
tomato,26,414.0,Raigarh APMC,1.8158,0.0708,233292.211305,223,M9,False
tomato,26,423.0,APMC Keshopur,0.8673,0.3867,61749.724669,223,M9,False
tomato,26,424.0,APMC Shahdara,,,34802.910292,174,M9,False
tomato,26,434.0,Ankleshwar APMC,0.1177,0.9064,8191.931985,223,M9,False
tomato,26,450.0,Vadhvan APMC,2.9153,0.0039,147657.988192,223,M9,True
tomato,26,452.0,Panipat APMC,-0.8689,0.3858,-32096.915306,223,M6,False
tomato,26,454.0,Sonepat APMC,2.0698,0.0396,93616.51906,222,M9,True
tomato,26,455.0,Rohtak APMC,-0.8272,0.409,-49637.661966,219,M6,False
tomato,26,456.0,Jhajjar APMC,3.3367,0.001,392103.517341,223,M9,True
tomato,26,457.0,Rewari APMC,0.8103,0.4186,41607.668553,223,M9,False
tomato,26,459.0,Gurgaon APMC,0.1227,0.9025,10504.505744,223,M9,False
tomato,26,462.0,PMY Una,1.5727,0.1172,180349.772132,223,M9,False
tomato,26,463.0,PMY Chamba,1.8667,0.0633,216289.185097,223,M9,False
tomato,26,464.0,PMY Bilaspur,1.348,0.179,114447.701787,223,M9,False
tomato,26,465.0,SMY Dhanotu,1.1756,0.241,109382.380868,223,M9,False
tomato,26,466.0,PMY Hamirpur,2.582,0.0105,301457.710866,223,M9,True
tomato,26,467.0,PMY Dhalli Shimla,1.7631,0.0793,196593.030008,223,M9,False
tomato,26,468.0,SMY Palampur,1.9495,0.0525,195241.213433,223,M9,False
tomato,26,471.0,SMY Bhuntar,0.0078,0.9938,955.362993,223,M9,False
tomato,26,472.0,Narwal Jammu (F&V),0.8388,0.4025,77042.918222,223,M9,False
tomato,26,489.0,Doddaballapur APMC,2.029,0.044,133809.282309,175,M9,True
tomato,26,491.0,Srinivasapur APMC,0.7679,0.4436,56239.157162,178,M9,False
tomato,26,492.0,Gauribidanur APMC,0.8077,0.4204,57585.623563,177,M9,False
tomato,26,497.0,Gundlupet APMC,1.1802,0.2392,63174.039648,223,M9,False
tomato,26,499.0,K.R. Pet APMC,0.1171,0.9069,7727.249182,223,M9,False
tomato,26,515.0,Palayam Market,-0.7756,0.4388,-60333.253277,211,M6,False
tomato,26,530.0,Morena APMC,-0.8301,0.4081,-122704.353878,120,M6,False
tomato,26,555.0,Pandharpur APMC,0.6272,0.5313,72174.988313,175,M9,False
tomato,26,557.0,Chattrapati Sambhajinagar APMC,0.8702,0.3851,88190.685714,223,M9,False
tomato,26,591.0,Koraput APMC,-0.2616,0.794,-39998.778673,163,M6,False
tomato,26,592.0,Baripada APMC,1.1124,0.2672,221109.485575,223,M9,False
tomato,26,593.0,Padampur APMC,0.0475,0.9622,1250.403623,152,M9,False
tomato,26,594.0,Khariar Road APMC,2.0478,0.0418,174309.092297,223,M9,True
tomato,26,595.0,Bolangir APMC,1.5736,0.118,362027.766098,132,M9,False
tomato,26,598.0,Patti APMC,0.8146,0.4163,49244.281182,209,M9,False
tomato,26,600.0,Gurdaspur APMC,,,92298.17196,142,M9,False
tomato,26,603.0,Bathinda APMC,1.9226,0.0558,148411.459343,223,M9,False
tomato,26,605.0,Raman APMC,1.7548,0.0807,155917.382244,223,M9,False
tomato,26,606.0,Faridkot APMC,1.1789,0.2407,50462.769801,122,M9,False
tomato,26,608.0,Firozepur City APMC,1.6861,0.0934,78840.235798,199,M9,False
tomato,26,613.0,Samrala APMC,,,121613.888233,168,M9,False
tomato,26,614.0,Phagwara APMC,,,104393.238813,189,M9,False
tomato,26,615.0,Budalada APMC,3.1348,0.002,66665.596264,223,M9,True
tomato,26,617.0,Giddarbaha APMC,,,171121.989781,173,M9,False
tomato,26,619.0,Dudhansadhan APMC,3.5239,0.0005,172760.622958,223,M9,True
tomato,26,627.0,Churu APMC,0.0998,0.9206,3170.516798,223,M9,False
tomato,26,631.0,Jalore APMC,-0.4447,0.657,-16201.553732,223,M6,False
tomato,26,636.0,Jhunjhunu APMC,1.0988,0.2736,129301.008368,151,M9,False
tomato,26,638.0,Sikar APMC,0.1021,0.9187,2987.393161,223,M9,False
tomato,26,642.0,Abu Road APMC,0.2512,0.8019,16122.033265,223,M9,False
tomato,26,647.0,Buland Shahr APMC,4.1382,0.0,85890.326319,223,M9,True
tomato,26,649.0,Baraut APMC,0.5499,0.583,21042.36155,201,M9,False
tomato,26,650.0,Shamli APMC,2.2574,0.025,111916.278538,207,M9,True
tomato,26,651.0,Khatauli APMC,-0.8216,0.4128,-51281.774212,136,M6,False
tomato,26,652.0,Etah APMC,3.1754,0.0017,72132.148662,223,M9,True
tomato,26,653.0,Mathura APMC,4.0448,0.0001,77895.078547,223,M9,True
tomato,26,654.0,Rampur APMC,4.4141,0.0,92683.518058,195,M9,True
tomato,26,655.0,Badayoun APMC,0.6308,0.5288,30538.56098,223,M9,False
tomato,26,656.0,Chandausi APMC,1.5909,0.113,69101.481151,223,M9,False
tomato,26,657.0,Raibareilly APMC,-0.0407,0.9676,-1855.01514,223,M6,False
tomato,26,658.0,Gonda APMC,2.162,0.0317,168329.539936,223,M9,True
tomato,26,659.0,Sultanpur APMC,-0.3813,0.7034,-22459.513401,197,M6,False
tomato,26,660.0,Pratapgarh APMC,2.5403,0.0118,98289.673483,223,M9,True
tomato,26,661.0,Devariya APMC,1.5573,0.121,85768.194862,202,M9,False
tomato,26,662.0,Basti APMC,1.8011,0.073,76925.480359,223,M9,False
tomato,26,663.0,Azamgarh APMC,1.9136,0.057,74938.055552,223,M9,False
tomato,26,664.0,Mirzapur APMC,0.6549,0.5133,24922.008773,201,M9,False
tomato,26,666.0,Jhansi APMC,2.6245,0.0093,74559.211658,207,M9,True
tomato,26,667.0,Rishikesh APMC,1.0425,0.2983,21470.32055,223,M9,False
tomato,26,668.0,Vikasnagar APMC,0.6031,0.5471,30466.179918,223,M9,False
tomato,26,669.0,Khateema APMC,0.0738,0.9412,3427.745956,223,M9,False
tomato,26,670.0,Burdwan APMC,0.7729,0.4404,99040.053081,223,M9,False
tomato,26,671.0,Medinipur(West) APMC,1.1317,0.259,186643.944961,223,M9,False
tomato,26,672.0,Birbhum APMC,-0.6558,0.5127,-84095.047538,223,M6,False
tomato,26,675.0,Jalpaiguri Sadar APMC,-0.01,0.9921,-505.006347,171,M6,False
tomato,26,676.0,Alipurduar APMC,0.2114,0.8328,34529.305341,223,M9,False
tomato,26,681.0,Vadaseri APMC,1.956,0.0535,436210.106816,94,M9,False
tomato,26,682.0,Muzzafarnagar APMC,7.8363,0.0,65951.70678,189,M9,True
tomato,26,683.0,Panisagar APMC,-2.1716,0.031,-119924.623944,212,M6,True
tomato,26,690.0,Channapatna APMC,4.8899,0.0,190443.082244,112,M9,True
tomato,26,707.0,Chamarajanagar APMC,0.8073,0.4203,62504.280888,223,M9,False
tomato,26,709.0,Chikkamagaluru APMC,0.3026,0.7625,26590.073178,223,M9,False
tomato,26,728.0,Kalaburagi APMC,-1.0872,0.2781,-159113.353988,223,M6,False
tomato,26,735.0,Hassan APMC,1.2958,0.1968,68158.309333,166,M9,False
tomato,26,742.0,Chickkaballapura APMC,0.5314,0.5956,59369.811449,223,M9,False
tomato,26,743.0,Chintamani APMC,0.2368,0.813,28266.016618,223,M9,False
tomato,26,744.0,Bangarpet APMC,5.0217,0.0,129287.420908,175,M9,True
tomato,26,745.0,Ramanagara APMC,1.0311,0.3036,74211.419976,223,M9,False
tomato,26,753.0,Shimoga APMC,0.1392,0.8895,23189.591158,223,M9,False
tomato,26,793.0,Lalru APMC,1.4377,0.1519,106186.481262,223,M9,False
tomato,26,794.0,Morinda APMC,1.9815,0.0498,38013.499969,122,M9,True
tomato,26,795.0,Fatehpur APMC,,,47453.371309,223,M9,False
tomato,26,796.0,Auraiya APMC,,,43786.415926,223,M9,False
tomato,26,797.0,Mahoba APMC,1.5052,0.134,81753.922854,187,M9,False
tomato,26,799.0,Ramkrishanpur(Howrah) APMC,1.3297,0.185,175511.670554,223,M9,False
tomato,26,813.0,Sangamner APMC,0.0826,0.9342,7127.446696,213,M9,False
tomato,26,816.0,Firozabad APMC,4.7521,0.0,67661.549278,223,M9,True
tomato,26,820.0,Ghatal APMC,-3.755,0.0003,-60128.615677,101,M6,True
tomato,26,821.0,Champadanga APMC,0.881,0.3793,115605.311925,223,M9,False
tomato,26,823.0,Udupi APMC,1.1112,0.2682,48878.204074,158,M9,False
tomato,26,892.0,Ibrahimputnam APMC,-1.2062,0.2293,-77108.240387,177,M6,False
tomato,26,987.0,Pattikonda APMC,0.0728,0.9421,7471.941425,106,M9,False
tomato,26,1048.0,Venkateswarnagar APMC,0.1815,0.8561,10591.813604,214,M9,False
tomato,26,1061.0,Udumalpet APMC,1.3441,0.1822,417302.289047,94,M9,False
tomato,26,1070.0,Haldwani APMC,-0.9446,0.3459,-56351.848022,223,M6,False
tomato,26,1071.0,Haridwar Union APMC,1.4223,0.1563,101606.590425,223,M9,False
tomato,26,1072.0,Ramnagar APMC,0.5683,0.5705,76063.489184,195,M9,False
tomato,26,1073.0,Roorkee APMC,-0.888,0.3755,-104231.424007,223,M6,False
tomato,26,1074.0,Kotadwara APMC,-0.591,0.5551,-92271.985951,223,M6,False
tomato,26,1077.0,Manglaur APMC,-0.6047,0.546,-43945.802092,223,M6,False
tomato,26,1078.0,Gudimalkapur APMC,0.8105,0.4185,64928.377338,223,M9,False
tomato,26,1079.0,Gohana APMC,1.9219,0.0559,309635.330978,223,M9,False
tomato,26,1081.0,Thodupuzha Market,-1.223,0.2226,-250676.015218,223,M6,False
tomato,26,1108.0,Ambala Cantt. APMC,-0.6648,0.507,-97760.71047,177,M6,False
tomato,26,1110.0,Ballabhgarh APMC,2.2087,0.0282,148498.053069,223,M9,True
tomato,26,1111.0,Sohna APMC,3.5657,0.0004,197805.2587,223,M9,True
tomato,26,1113.0,Mohindergarh APMC,0.2257,0.8217,5776.221656,193,M9,False
tomato,26,1124.0,Bahadajholla APMC,1.1026,0.2717,108125.340312,178,M9,False
tomato,26,1125.0,Panposh APMC,0.4781,0.6331,55400.423576,204,M9,False
tomato,26,1128.0,Sirhind APMC,3.828,0.0002,121599.551904,223,M9,True
tomato,26,1130.0,Mansa APMC,1.1108,0.2679,143739.016707,223,M9,False
tomato,26,1132.0,Madanganj Kishangarh APMC,1.93,0.0552,74686.675392,175,M9,False
tomato,26,1138.0,Bijnaur APMC,1.2109,0.2274,60310.066952,201,M9,False
tomato,26,1139.0,Kasganj APMC,1.0084,0.3144,37060.703822,223,M9,False
tomato,26,1140.0,Amroha APMC,0.1555,0.8766,9061.662256,203,M9,False
tomato,26,1141.0,Pukharayan APMC,1.0142,0.3116,30988.177867,223,M9,False
tomato,26,1142.0,Kosikalan APMC,2.3481,0.0198,65328.139384,223,M9,True
tomato,26,1143.0,Unnao APMC,1.362,0.1746,42741.288755,223,M9,False
tomato,26,1147.0,Padra APMC,1.6173,0.1072,56716.278775,223,M9,False
tomato,26,1202.0,Sangareddy APMC,0.7959,0.4277,27534.895812,120,M9,False
tomato,26,1214.0,Tindivanam APMC,0.0521,0.9586,8788.878301,94,M9,False
tomato,26,1273.0,Navsari APMC,1.2035,0.2308,65399.183488,143,M9,False
tomato,26,1275.0,Kapadvanj APMC,1.5241,0.1289,87860.052372,223,M9,False
tomato,26,1287.0,Shrirampur APMC,0.0717,0.9429,7385.252086,223,M9,False
tomato,26,1290.0,Bhusaval APMC,1.1686,0.2438,79487.5485,223,M9,False
tomato,26,1304.0,Vadgaonpeth APMC,0.4298,0.6677,49446.613322,223,M9,False
tomato,26,1308.0,Islampur APMC,0.4702,0.6387,42602.978358,223,M9,False
tomato,26,1310.0,Karad APMC,0.0672,0.9465,6814.866308,223,M9,False
tomato,26,1312.0,Phaltan APMC,0.1167,0.9072,12732.939959,223,M9,False
tomato,26,1313.0,Satara APMC,0.3639,0.7163,36119.76952,223,M9,False
tomato,26,1315.0,Vai APMC,0.6349,0.5262,39796.865436,223,M9,False
tomato,26,1318.0,Mangal Wedha APMC,0.4831,0.6295,56669.069072,223,M9,False
tomato,26,1355.0,Kalmeshwar APMC,1.5515,0.1222,163379.506619,223,M9,False
tomato,26,1372.0,Bijaynagar APMC,-1.1859,0.2371,-120277.276123,201,M6,False
tomato,26,1377.0,Bayana APMC,-2.1546,0.0329,-44001.214975,143,M6,True
tomato,26,1385.0,Sujangarh APMC,-0.0034,0.9973,-242.546293,223,M6,False
tomato,26,1386.0,Bhadara APMC,2.1563,0.0321,117278.50595,223,M9,True
tomato,26,1387.0,Goluwala APMC,1.8623,0.0639,175211.963978,223,M9,False
tomato,26,1389.0,Rawatsar APMC,0.2944,0.7687,9624.699488,223,M9,False
tomato,26,1391.0,Suratgarh APMC,1.8332,0.0685,102505.914983,175,M9,False
tomato,26,1416.0,Chittorgarh APMC,0.2204,0.826,11058.193069,116,M9,False
tomato,26,1418.0,Rajsamand APMC,-1.2247,0.222,-82769.969258,223,M6,False
tomato,26,1427.0,Zira APMC,2.6541,0.0085,195729.013118,223,M9,True
tomato,26,1428.0,Dinanagar APMC,4.1434,0.0,190134.583023,223,M9,True
tomato,26,1432.0,Dasuya APMC,1.9179,0.0571,230456.922351,148,M9,False
tomato,26,1433.0,Garh Shankar APMC,2.6251,0.0093,83366.058474,223,M9,True
tomato,26,1434.0,Tanda Urmur APMC,4.0407,0.0001,230170.549334,195,M9,True
tomato,26,1438.0,Lohian Khas APMC,-0.4643,0.643,-24341.79539,179,M6,False
tomato,26,1441.0,Doraha APMC,2.9642,0.0034,174796.321389,223,M9,True
tomato,26,1446.0,Sahnewal APMC,3.8005,0.0002,240568.478925,223,M9,True
tomato,26,1448.0,Dharamkot APMC,4.3037,0.0,159927.519526,178,M9,True
tomato,26,1452.0,Bariwala APMC,1.3027,0.1942,93040.344784,205,M9,False
tomato,26,1456.0,Rajpura APMC,-1.25,0.2126,-34741.491976,223,M6,False
tomato,26,1457.0,Chamkaur Sahib APMC,1.0953,0.275,264846.851732,168,M9,False
tomato,26,1458.0,Kharar APMC,1.8332,0.0681,164557.536204,223,M9,False
tomato,26,1464.0,Bassi Pathana APMC,,,161232.32839,223,M9,False
tomato,26,1466.0,Khamano APMC,2.5371,0.0119,236279.407343,223,M9,True
tomato,26,1469.0,Vellore APMC,0.1302,0.8967,18453.638788,94,M9,False
tomato,26,1505.0,Parlakhemundi APMC,,,-2014.306984,191,M6,False
tomato,26,1506.0,Bhanjanagar APMC,0.5619,0.5748,57459.012208,223,M9,False
tomato,26,1507.0,Boudh APMC,-2.5307,0.0123,-135643.868208,172,M6,True
tomato,26,1510.0,Sargipali APMC,1.6754,0.0953,74879.752074,223,M9,False
tomato,26,1511.0,Udala APMC,1.1358,0.2573,186999.988928,223,M9,False
tomato,26,1513.0,Jaleswar APMC,1.4447,0.1504,228038.694413,172,M9,False
tomato,26,1516.0,Kamakhyanagar APMC,1.1915,0.2347,913906.319017,223,M9,False
tomato,26,1519.0,Betnoti APMC,-0.9569,0.3401,-95627.00003,156,M6,False
tomato,26,1520.0,Keonjhar APMC,-0.2623,0.7933,-81827.469226,223,M6,False
tomato,26,1523.0,Balugaon APMC,-0.3639,0.7163,-72690.980636,223,M6,False
tomato,26,1525.0,Birmaharajpur APMC,0.5981,0.5507,147851.550991,147,M9,False
tomato,26,1527.0,Hinjilicut APMC,-0.5846,0.5595,-109061.143527,193,M6,False
tomato,26,1537.0,Porbandar APMC,2.7548,0.0064,300273.000148,223,M9,True
tomato,26,1569.0,Bhagta Bhai Ka APMC,2.4533,0.0149,124632.582616,223,M9,True
tomato,26,1570.0,Talwandi Sabo APMC,,,42681.756307,214,M9,False
tomato,26,1573.0,Mamdot APMC,2.45,0.0154,200859.982479,150,M9,True
tomato,26,1579.0,Bilga APMC,1.1917,0.235,140079.868668,175,M9,False
tomato,26,1587.0,Dera Bassi APMC,2.6973,0.0076,77496.495704,209,M9,True
tomato,26,1593.0,Lehra Gaga APMC,2.6294,0.0092,190748.00896,223,M9,True
tomato,26,1595.0,Sangrur APMC,1.6118,0.1096,35736.842752,124,M9,False
tomato,26,1598.0,Palitana APMC,0.365,0.7156,41444.516871,143,M9,False
tomato,26,1602.0,Mulbagal APMC,0.4145,0.6789,38696.58638,223,M9,False
tomato,26,1606.0,Rayya APMC,-0.8769,0.3815,-34900.540786,223,M6,False
tomato,26,1610.0,Ajmer(F&V) APMC,-0.729,0.4667,-27785.12482,223,M6,False
tomato,26,1614.0,Sriganganagar (F&V) APMC,,,33371.636818,183,M9,False
tomato,26,1626.0,Damnagar APMC,1.0852,0.279,107669.957861,223,M9,False
tomato,26,1631.0,Panvel APMC,1.6135,0.1081,211354.56959,220,M9,False
tomato,26,1634.0,Rahuri APMC,-0.243,0.8082,-30209.777142,183,M6,False
tomato,26,1637.0,Akluj APMC,0.6674,0.5058,103790.63742,120,M9,False
tomato,26,1651.0,Ratnagiri (Nachane) APMC,0.5234,0.6012,52609.563178,223,M9,False
tomato,26,1658.0,Patan APMC,-0.6182,0.5371,-47574.152369,223,M6,False
tomato,26,1663.0,Sitarganj APMC,0.3392,0.7348,25275.23202,223,M9,False
tomato,26,1664.0,Jaspur(UC) APMC,-0.2429,0.8083,-7113.945242,178,M6,False
tomato,26,1700.0,Champaknagar APMC,-0.0364,0.971,-9679.102427,216,M6,False
tomato,26,1702.0,Garjee APMC,-0.7148,0.4755,-114001.517466,223,M6,False
tomato,26,1715.0,Kopaganj APMC,-0.6137,0.54,-63351.383535,223,M6,False
tomato,26,1716.0,Partaval APMC,1.1962,0.2331,81676.505557,185,M9,False
tomato,26,1717.0,Orai APMC,,,72276.995135,223,M9,False
tomato,26,1718.0,Kannauj APMC,,,31594.104654,205,M9,False
tomato,26,1719.0,Robertsganj APMC,0.997,0.3198,52413.736239,223,M9,False
tomato,26,1720.0,Aligarh APMC,2.1314,0.0342,101678.34241,223,M9,True
tomato,26,1721.0,Akbarpur APMC,0.9967,0.32,31579.525473,223,M9,False
tomato,26,1722.0,Balrampur APMC,,,146262.093298,216,M9,False
tomato,26,1723.0,Chandoli APMC,0.933,0.3519,42604.935599,213,M9,False
tomato,26,1724.0,Ajuha APMC,,,42161.248325,223,M9,False
tomato,26,1725.0,Banda APMC,2.0703,0.0397,74462.669467,201,M9,True
tomato,26,1726.0,Hapur APMC,2.3694,0.0187,91573.28807,223,M9,True
tomato,26,1727.0,Naugarh APMC,,,32877.060478,215,M9,False
tomato,26,1729.0,Dadri APMC,1.756,0.0805,64119.531386,223,M9,False
tomato,26,1730.0,Haathras APMC,2.1969,0.0291,79698.189664,223,M9,True
tomato,26,1731.0,Golagokarnath APMC,1.5657,0.1188,68410.774954,223,M9,False
tomato,26,1732.0,Puranpur APMC,0.9909,0.3228,47935.824632,223,M9,False
tomato,26,1733.0,Bangarmau APMC,1.199,0.2319,34704.419653,201,M9,False
tomato,26,1735.0,Bishalpur APMC,0.942,0.3472,45441.808861,223,M9,False
tomato,26,1736.0,Tilhar APMC,-0.5662,0.5719,-13060.912106,197,M6,False
tomato,26,1737.0,Kayamganj APMC,1.8091,0.0719,35250.017696,207,M9,False
tomato,26,1738.0,Konch APMC,-0.2561,0.7981,-12540.467557,223,M6,False
tomato,26,1739.0,Mauranipur APMC,1.8237,0.0698,106079.436568,186,M9,False
tomato,26,1740.0,Sahiyapur APMC,-0.7992,0.4252,-111478.229378,181,M6,False
tomato,26,1741.0,Bharthna APMC,1.3662,0.1733,22319.24579,223,M9,False
tomato,26,1742.0,Chaandpur APMC,-1.1327,0.2587,-77581.067798,195,M6,False
tomato,26,1743.0,Jayas APMC,1.8486,0.066,61203.056633,201,M9,False
tomato,26,1744.0,Ujhani APMC,0.7799,0.4374,90720.982229,95,M9,False
tomato,26,1746.0,Paliakala APMC,,,124342.05927,111,M9,False
tomato,26,1747.0,Atarra APMC,,,33362.252287,187,M9,False
tomato,26,1748.0,Bindki APMC,,,18506.729895,199,M9,False
tomato,26,1750.0,Gurusarai APMC,1.1665,0.2458,119331.602364,118,M9,False
tomato,26,1751.0,Sehjanwa APMC,0.7218,0.4714,80120.815114,175,M9,False
tomato,26,1752.0,Jhijhank APMC,-0.0591,0.953,-3208.223352,107,M6,False
tomato,26,1753.0,Khurja APMC,0.7105,0.4782,35478.542265,209,M9,False
tomato,26,1754.0,Gangoh APMC,1.7314,0.0849,88065.999113,199,M9,False
tomato,26,1755.0,Charra APMC,1.1705,0.2432,80127.020391,205,M9,False
tomato,26,1757.0,Ghiraur APMC,1.6577,0.0991,79156.521687,184,M9,False
tomato,26,1758.0,Shikohabad APMC,-0.1308,0.8962,-7022.702076,119,M6,False
tomato,26,1759.0,Khair APMC,1.5733,0.1171,137528.584027,223,M9,False
tomato,26,1760.0,Safdarganj APMC,7.9799,0.0,60296.586958,223,M9,True
tomato,26,1761.0,Jafarganj APMC,1.8963,0.0594,60645.828623,191,M9,False
tomato,26,1763.0,Naanpara APMC,-0.3378,0.7359,-22461.758859,198,M6,False
tomato,26,1764.0,Jasra APMC,2.1053,0.0364,80261.968898,223,M9,True
tomato,26,1765.0,Dibiapur APMC,-1.6573,0.0992,-51425.858953,183,M6,False
tomato,26,1768.0,Baripaal APMC,0.512,0.6091,16150.133273,223,M9,False
tomato,26,1770.0,Jasvantnagar APMC,1.4799,0.1403,15582.167325,223,M9,False
tomato,26,1771.0,Nautnava APMC,-0.4803,0.6317,-47785.707992,163,M6,False
tomato,26,1772.0,Tulsipur APMC,2.5549,0.0113,79669.365737,208,M9,True
tomato,26,1773.0,Anandnagar APMC,-0.0198,0.9843,-781.377218,183,M6,False
tomato,26,1774.0,Mehmoodabad APMC,0.9795,0.3292,55365.714051,129,M9,False
tomato,26,1777.0,Madhoganj APMC,0.4851,0.6281,15135.943451,197,M9,False
tomato,26,1778.0,Dudhi APMC,1.5709,0.1176,119700.516812,223,M9,False
tomato,26,1779.0,Shahganj APMC,1.1626,0.2465,64179.90718,190,M9,False
tomato,26,1780.0,Mugrabaadshahpur APMC,2.7678,0.0061,67133.716322,215,M9,True
tomato,26,1785.0,Rampurmaniharan APMC,-0.6337,0.527,-58306.23525,199,M6,False
tomato,26,1787.0,Hasanpur APMC,-0.1822,0.8556,-17091.540945,223,M6,False
tomato,26,1788.0,Sambhal APMC,-0.4047,0.6861,-25126.376859,223,M6,False
tomato,26,1790.0,Bilsi APMC,0.8311,0.4072,72156.328043,154,M9,False
tomato,26,1791.0,Najibabad APMC,-1.4564,0.1476,-158059.608675,137,M6,False
tomato,26,1793.0,Jalaun APMC,5.2229,0.0,78523.595284,223,M9,True
tomato,26,1794.0,Maudaha APMC,0.9607,0.3386,43711.062942,121,M9,False
tomato,26,1795.0,Bharuasumerpur APMC,1.7205,0.087,89073.286543,190,M9,False
tomato,26,1799.0,Chirgaon APMC,,,54225.188868,179,M9,False
tomato,26,1800.0,Moth APMC,,,59299.645154,179,M9,False
tomato,26,1804.0,Barwala APMC,1.5871,0.1139,76752.301552,223,M9,False
tomato,26,1805.0,Barara APMC,-0.9344,0.3512,-238645.789876,196,M6,False
tomato,26,1808.0,Naraingarh APMC,0.9704,0.3329,39270.056214,223,M9,False
tomato,26,1809.0,Shahzadpur APMC,-0.0195,0.9844,-633.16394,223,M6,False
tomato,26,1810.0,Jagadhri APMC,1.9008,0.0586,101972.503466,223,M9,False
tomato,26,1811.0,Chhachrauli APMC,3.1403,0.0019,261043.515597,223,M9,True
tomato,26,1812.0,Mustafabad APMC,2.3939,0.0175,125036.165634,223,M9,True
tomato,26,1813.0,Sadhaura APMC,0.4695,0.6392,23717.019066,223,M9,False
tomato,26,1814.0,Radaur APMC,-3.6668,0.0003,-44716.144441,222,M6,True
tomato,26,1823.0,Farukh Nagar APMC,1.3224,0.1874,155569.158211,223,M9,False
tomato,26,1826.0,Punhana APMC,2.7337,0.0068,201090.516062,223,M9,True
tomato,26,1827.0,Tauru APMC,2.9293,0.0038,309409.548403,223,M9,True
tomato,26,1828.0,Barwala(Hisar) APMC,1.5842,0.115,160287.261706,168,M9,False
tomato,26,1833.0,Jakhal APMC,2.6002,0.0099,128246.64527,223,M9,True
tomato,26,1839.0,Dhand APMC,1.1188,0.2645,65909.869464,223,M9,False
tomato,26,1842.0,Siwan APMC,2.4317,0.0158,171799.434759,223,M9,True
tomato,26,1844.0,Gharaunda APMC,2.8115,0.0054,291152.661133,223,M9,True
tomato,26,1852.0,Madlauda APMC,3.4937,0.0006,144812.904315,223,M9,True
tomato,26,1853.0,Samalkha APMC,0.3879,0.6985,19162.060251,207,M9,False
tomato,26,1860.0,Meham APMC,2.1144,0.0356,108872.192572,223,M9,True
tomato,26,1861.0,Sampla APMC,2.1355,0.0338,338075.560413,221,M9,True
tomato,26,1864.0,Ganaur APMC,4.198,0.0,204531.373245,223,M9,True
tomato,26,1868.0,Bowenpally APMC,0.2677,0.7892,11625.128287,223,M9,False
tomato,26,1896.0,Navapur APMC,-0.1106,0.9122,-9674.005849,91,M6,False
tomato,26,1902.0,Vita APMC,0.5204,0.6035,49171.847486,162,M9,False
tomato,26,1903.0,Palus APMC,0.3289,0.7425,29722.814577,223,M9,False
tomato,26,1939.0,Ramtek APMC,1.1309,0.2593,120066.947316,223,M9,False
tomato,26,1967.0,Karvi APMC,2.8613,0.0046,71060.338602,223,M9,True
tomato,26,1973.0,Kuruppanthura Market,-0.7655,0.4448,-154978.50067,218,M6,False
tomato,26,1974.0,Chelakkara Market,-1.1195,0.2641,-285613.723412,223,M6,False
tomato,26,1975.0,Munnar Market,-1.1545,0.2495,-182112.559873,223,M6,False
tomato,26,1977.0,Kottakkal Market,-0.4084,0.6833,-49488.704315,223,M6,False
tomato,26,1978.0,Angamaly Market,-0.6554,0.5129,-107376.226341,223,M6,False
tomato,26,1979.0,Kallachi Market,-0.2672,0.7896,-35146.848323,223,M6,False
tomato,26,1980.0,Taliparamba Market,-0.9972,0.3209,-317321.385904,111,M6,False
tomato,26,1986.0,Madhavapuram Market,-0.8501,0.3963,-274835.957965,192,M6,False
tomato,26,1987.0,Mulakalacheruvu APMC,-0.7091,0.4798,-83169.977522,109,M6,False
tomato,26,2006.0,Sasthamkotta Market,-9.8186,0.0,-445844.284446,223,M6,True
tomato,26,2007.0,Piravam Market,-0.8119,0.4177,-101982.126027,223,M6,False
tomato,26,2008.0,Aralamoodu Market,-2.6084,0.0097,-114048.344627,223,M6,True
tomato,26,2011.0,Neyyatinkara Market,-1.5676,0.1186,-225978.187896,201,M6,False
tomato,26,2012.0,Attingal Market,-0.5923,0.5542,-114936.394825,223,M6,False
tomato,26,2013.0,Anchal Market,-0.7756,0.4388,-297810.380213,223,M6,False
tomato,26,2015.0,Chengannur Market,-0.7655,0.4448,-173115.445048,223,M6,False
tomato,26,2016.0,Kayamkulam Market,-0.6229,0.534,-128296.336308,223,M6,False
tomato,26,2019.0,Pampady Market,-0.6046,0.546,-148164.909422,223,M6,False
tomato,26,2020.0,Ettumanoor Market,-1.2979,0.1957,-292474.516906,223,M6,False
tomato,26,2021.0,Kanjirappally Market,0.2577,0.7969,35973.483304,223,M9,False
tomato,26,2022.0,Pala Market,-0.6561,0.5125,-105703.830078,223,M6,False
tomato,26,2024.0,Chalakudy Market,-0.6083,0.5436,-142815.609085,223,M6,False
tomato,26,2026.0,Chavakkad Market,-1.1635,0.2459,-238143.155467,223,M6,False
tomato,26,2027.0,Wadakkanchery Market,-0.8447,0.3992,-173123.99347,223,M6,False
tomato,26,2032.0,Kuthuparambu Market,-0.8642,0.3892,-182471.883421,117,M6,False
tomato,26,2034.0,Manjeswaram Market,-1.0016,0.3176,-182216.822987,223,M6,False
tomato,26,2035.0,Kanjangadu Market,-0.5898,0.5559,-81235.783265,223,M6,False
tomato,26,2036.0,Vamanapuram Market,-1.2505,0.2124,-340008.449957,223,M6,False
tomato,26,2039.0,Rahata APMC,-0.017,0.9865,-1808.716629,223,M6,False
tomato,26,2147.0,Khed(Chakan) APMC,0.9251,0.3559,76312.338734,223,M9,False
tomato,26,2148.0,Pune(Pimpri) APMC,1.6707,0.0962,72775.378392,223,M9,False
tomato,26,2149.0,Pune(Khadiki) APMC,0.1458,0.8842,11984.43216,223,M9,False
tomato,26,2163.0,Chandrapur(Ganjwad) APMC,0.995,0.3208,60106.728566,223,M9,False
tomato,26,2173.0,Kathua (F&V),2.0993,0.0369,122189.060797,223,M9,True
tomato,26,2176.0,Thrippunithura Market,-0.6432,0.5208,-69627.152508,223,M6,False
tomato,26,2177.0,Pattambi Market,0.7805,0.4359,78350.766465,223,M9,False
tomato,26,2181.0,Khekda APMC,1.5764,0.1163,66943.824313,223,M9,False
tomato,26,2182.0,Jahangirabad APMC,1.3056,0.193,66003.626458,223,M9,False
tomato,26,2183.0,Siyana APMC,-0.9789,0.3289,-127699.611963,194,M6,False
tomato,26,2184.0,Sikanderabad APMC,1.066,0.2878,93177.492355,185,M9,False
tomato,26,2185.0,Anoop Shahar APMC,1.9149,0.0569,109024.39459,207,M9,False
tomato,26,2186.0,Sikarpur APMC,-1.6781,0.0949,-36012.211027,199,M6,False
tomato,26,2188.0,Chutmalpur APMC,-0.4247,0.6715,-10863.963944,209,M6,False
tomato,26,2190.0,Kairana APMC,2.0377,0.0428,64558.391252,209,M9,True
tomato,26,2191.0,Thanabhavan APMC,1.7627,0.0793,99462.781899,223,M9,False
tomato,26,2193.0,Fatehabad APMC,0.2407,0.81,7194.71882,207,M9,False
tomato,26,2194.0,Achnera APMC,1.3401,0.182,93063.193767,169,M9,False
tomato,26,2195.0,Khairagarh APMC,1.094,0.2758,219707.734659,146,M9,False
tomato,26,2196.0,Jagnair APMC,1.2146,0.2258,132180.713007,223,M9,False
tomato,26,2197.0,Fatehpur Sikri APMC,-0.1484,0.8822,-3532.0714,181,M6,False
tomato,26,2198.0,Samsabad APMC,0.15,0.8809,12398.15962,223,M9,False
tomato,26,2200.0,Shadabad APMC,0.017,0.9865,528.768522,223,M9,False
tomato,26,2203.0,Awagarh APMC,1.6014,0.1107,59657.45156,223,M9,False
tomato,26,2204.0,Sirsaganj APMC,-0.8363,0.4041,-90272.580652,175,M6,False
tomato,26,2205.0,Tundla APMC,1.1263,0.2613,46587.567885,223,M9,False
tomato,26,2206.0,Kiratpur APMC,-0.71,0.4785,-26794.673984,213,M6,False
tomato,26,2209.0,Dhanaura APMC,0.6781,0.4984,46767.82146,223,M9,False
tomato,26,2212.0,Anwala APMC,1.4845,0.1391,12772.259778,223,M9,False
tomato,26,2214.0,Wazirganj APMC,0.9897,0.3237,51982.157436,174,M9,False
tomato,26,2218.0,Choubepur APMC,-0.9168,0.3604,-33839.177703,188,M6,False
tomato,26,2222.0,Mohamadabad APMC,,,48496.563132,108,M9,False
tomato,26,2223.0,Achalda APMC,2.954,0.0035,47159.36563,188,M9,True
tomato,26,2227.0,Salon APMC,-0.3099,0.7573,-26709.42145,96,M6,False
tomato,26,2228.0,Viswan APMC,2.7461,0.0067,90804.773972,171,M9,True
tomato,26,2236.0,Muskara APMC,1.7437,0.0829,78330.978516,185,M9,False
tomato,26,2239.0,Rudauli APMC,-0.1932,0.847,-6571.581375,199,M6,False
tomato,26,2240.0,Nawabganj APMC,,,81550.493183,223,M9,False
tomato,26,2243.0,Ahirora APMC,1.3893,0.1665,21866.25044,179,M9,False
tomato,26,2244.0,Doharighat APMC,0.6074,0.5443,70272.091697,205,M9,False
tomato,26,2245.0,Rasda APMC,1.0997,0.2728,45983.793215,204,M9,False
tomato,26,2246.0,Chitwadagaon APMC,2.1915,0.0297,58217.452456,185,M9,True
tomato,26,2248.0,Chorichora APMC,0.9333,0.3521,54504.200797,162,M9,False
tomato,26,2249.0,Khalilabad APMC,-0.6929,0.4891,-42655.922521,223,M6,False
tomato,26,2250.0,Gadaura APMC,23.6428,0.0,37689.999949,113,M9,True
tomato,26,2254.0,Valangaiman APMC,0.827,0.4104,105662.071937,94,M9,False
tomato,26,2269.0,Uluberia APMC,0.5525,0.5812,88083.78214,223,M9,False
tomato,26,2270.0,Sheoraphuly APMC,0.7931,0.4286,128114.916422,223,M9,False
tomato,26,2272.0,Egra/contai APMC,0.792,0.4292,67762.998028,223,M9,False
tomato,26,2373.0,Gandai APMC,0.4166,0.6782,84060.869047,76,M9,False
tomato,26,2422.0,Thirupathur APMC,0.8448,0.4004,74976.216324,94,M9,False
tomato,26,2444.0,FerozpurZirkha(Nagina) APMC,2.2806,0.0235,191033.394523,223,M9,True
tomato,26,2481.0,Kota (F&V) APMC,,,-23192.305901,205,M6,False
tomato,26,2487.0,Jalandhar City(Jalandhar) APMC,-0.0349,0.9722,-824.853732,223,M6,False
tomato,26,2490.0,Nawan Shahar(Subzi Mandi) APMC,1.2114,0.2281,199473.772313,123,M9,False
tomato,26,2498.0,Amritsar(Amritsar Mewa Mandi) APMC,-1.9741,0.05,-82589.421768,174,M6,False
tomato,26,2510.0,Mukerian(Talwara) APMC,5.1467,0.0,243119.238498,191,M9,True
tomato,26,2521.0,SMY Nadaun,2.3086,0.0219,267831.71,223,M9,True
tomato,26,2524.0,SMY Takoli,-0.1153,0.9083,-21259.479327,223,M6,False
tomato,26,2526.0,SMY Baijnath,2.3529,0.0195,265650.395596,223,M9,True
tomato,26,2527.0,SMY Nagrota Bagwan,1.6096,0.1092,166431.775744,183,M9,False
tomato,26,2528.0,SMY Jassur,0.8612,0.3902,25778.405447,189,M9,False
tomato,26,2529.0,SMY Jaisinghpur,2.6153,0.0095,257641.725618,223,M9,True
tomato,26,2537.0,Siliguri APMC,0.3742,0.7086,33458.14438,223,M9,False
tomato,26,2545.0,Rajkot(Veg.Sub Yard) APMC,2.3713,0.0186,114074.341877,223,M9,True
tomato,26,2549.0,Dahod(Veg. Market) APMC,0.1252,0.9005,9697.493122,223,M9,False
tomato,26,2551.0,Vadodara(Sayajipura) APMC,2.6292,0.0092,86385.703682,223,M9,True
tomato,26,2556.0,"Kalol(Veg,Market,Kalol) APMC",0.4747,0.6357,24242.599989,149,M9,False
tomato,26,2571.0,"Anand(Veg,Yard,Anand) APMC",0.5342,0.5937,24836.058181,223,M9,False
tomato,26,2584.0,Mansa(Manas Veg Yard) APMC,2.7167,0.0071,68553.188526,223,M9,True
tomato,26,2668.0,Kottarakkara Market,-0.5124,0.6089,-193165.751351,223,M6,False
tomato,26,2670.0,Chathanoor Market,0.7775,0.4377,197467.117423,223,M9,False
tomato,26,2673.0,Mannar Market,-0.943,0.3467,-252498.861903,223,M6,False
tomato,26,2674.0,Athirampuzha Market,-1.0004,0.3182,-193545.669658,223,M6,False
tomato,26,2675.0,Thalayolaparambu Market,-0.7943,0.4279,-202923.085837,223,M6,False
tomato,26,2676.0,Adimali Market,-1.088,0.2778,-179676.309428,222,M6,False
tomato,26,2677.0,Vandiperiyar Market,-0.1652,0.869,-33512.512533,215,M6,False
tomato,26,2679.0,Kattappana Market,-1.0631,0.2889,-112709.347774,223,M6,False
tomato,26,2680.0,Perumbavoor Market,-0.8908,0.374,-100307.773219,223,M6,False
tomato,26,2681.0,Kothamangalam Market,-1.4001,0.1629,-266189.601775,223,M6,False
tomato,26,2682.0,vadakarapathy Market,0.0726,0.9422,9054.081757,179,M9,False
tomato,26,2683.0,Vadakkenchery Market,-1.4111,0.1596,-169686.827604,223,M6,False
tomato,26,2684.0,Perinthalmanna Market,-0.772,0.441,-132407.927939,207,M6,False
tomato,26,2685.0,Parappanangadi Market,1.1987,0.2324,49209.206684,160,M9,False
tomato,26,2686.0,Thirurrangadi Market,0.0122,0.9903,524.781928,223,M9,False
tomato,26,2687.0,Kondotty Market,-0.5528,0.581,-42771.530285,203,M6,False
tomato,26,2689.0,Perambra Market,0.4613,0.645,40691.051737,207,M9,False
tomato,26,2690.0,Mukkom Market,0.1464,0.8838,29477.605027,166,M9,False
tomato,26,2691.0,Quilandy Market,0.3461,0.7296,38096.677791,223,M9,False
tomato,26,2692.0,Thamarassery Market,0.9336,0.3515,38838.784351,223,M9,False
tomato,26,2693.0,Chala Market,-0.8004,0.4243,-163292.681196,223,M6,False
tomato,26,2696.0,Phillaur(Apra Mandi) APMC,2.8261,0.0053,108053.663915,154,M9,True
tomato,26,2701.0,Garh Shankar(Mahalpur) APMC,,,147811.716179,177,M9,False
tomato,26,2704.0,Amrawati(Frui & Veg. Market) APMC,1.0416,0.2987,86292.417245,223,M9,False
tomato,26,2713.0,Bonai APMC,1.1747,0.2417,185514.273808,181,M9,False
tomato,26,2714.0,Bargarh(Barapalli) APMC,-0.9463,0.3455,-61510.482287,155,M6,False
tomato,26,2720.0,Kendrapara(Marshaghai) APMC,0.4405,0.66,62412.331184,223,M9,False
tomato,26,2721.0,Keonjhar(Dhekikote) APMC,-0.0097,0.9923,-2715.690305,223,M6,False
tomato,26,2738.0,Udaipur (F&V) APMC,1.8301,0.0687,63164.600599,209,M9,False
tomato,26,2739.0,Chomu FV APMC,,,61892.063805,223,M9,False
tomato,26,2744.0,Bassi APMC,1.1525,0.2503,217862.579829,223,M9,False
tomato,26,2758.0,HanumangarhTown APMC,,,75223.237147,132,M9,False
tomato,26,2773.0,Mehsana(Mehsana Veg) APMC,23.7187,0.0,109289.896172,223,M9,True
tomato,26,2774.0,Deesa(Deesa Veg Yard) APMC,3.0626,0.0025,144433.389924,223,M9,True
tomato,26,2800.0,Khandhla APMC,0.1703,0.8649,5549.496471,207,M9,False
tomato,26,2803.0,Noida APMC,4.7943,0.0,85452.329307,223,M9,True
tomato,26,2808.0,Milak APMC,0.7535,0.4521,35758.908957,198,M9,False
tomato,26,2896.0,Sealdah Koley Market APMC,0.5934,0.5535,81403.327795,223,M9,False
tomato,26,2897.0,Habra APMC,1.1607,0.247,115485.551715,223,M9,False
tomato,26,2898.0,Khatra APMC,1.0647,0.2882,197685.710521,223,M9,False
tomato,26,2899.0,Durgapur APMC,0.1219,0.9031,14676.483045,223,M9,False
tomato,26,2900.0,Memari APMC,0.7289,0.4668,98097.324144,223,M9,False
tomato,26,2901.0,Pundibari APMC,0.1906,0.8491,46253.539999,147,M9,False
tomato,26,2905.0,Balarampur APMC,1.0994,0.2728,109392.973814,223,M9,False
tomato,26,2907.0,Chevella APMC,-1.7046,0.0897,-108484.75152,216,M6,False
tomato,26,2910.0,"New Grain Market , Faridabad APMC",5.4808,0.0,96881.123764,221,M9,True
tomato,26,2940.0,Tiruchengode APMC,0.6888,0.4927,111247.657278,94,M9,False
tomato,26,2970.0,Thuraiyur APMC,,,-72798.442718,48,M6,False
tomato,26,3014.0,Kalikiri APMC,1.0611,0.2898,64056.638869,223,M9,False
tomato,26,3018.0,L B Nagar APMC,-0.0423,0.9663,-1389.777917,168,M6,False
tomato,26,3044.0,Bagepalli APMC,0.7679,0.4437,29483.547113,163,M9,False
tomato,26,3045.0,Harda(F&V) APMC,,,188164.18775,99,M9,False
tomato,26,3050.0,Khandwa(F&V) APMC,1.822,0.0712,43518.324952,111,M9,False
tomato,26,3054.0,Dewas(F&V) APMC,1.2423,0.2167,106226.149917,112,M9,False
tomato,26,3059.0,Lashkar(F&V) APMC,,,222035.420659,114,M9,False
tomato,26,3067.0,Sagar(F&V) APMC,,,146045.182151,112,M9,False
tomato,26,3071.0,Jabalpur(F&V) APMC,,,36229.825402,112,M9,False
tomato,26,3075.0,Chhindwara(F&V) APMC,0.232,0.8171,8021.134623,88,M9,False
tomato,26,3080.0,Tusura APMC,1.5596,0.1213,344243.545975,130,M9,False
tomato,26,3084.0,Saraskana APMC,0.9799,0.3284,164291.674157,183,M9,False
tomato,26,3086.0,Godbhaga APMC,0.6463,0.519,55952.211831,158,M9,False
tomato,26,3087.0,Sahidngar APMC,0.8895,0.3761,144911.206232,92,M9,False
tomato,26,3089.0,Sarankul APMC,0.813,0.4174,68638.917806,166,M9,False
tomato,26,3092.0,Saharpada APMC,0.0522,0.9584,14007.804595,223,M9,False
tomato,26,3093.0,Sohela APMC,-1.3072,0.1936,-88562.666739,121,M6,False
tomato,26,3100.0,Sonamura APMC,-0.4187,0.6758,-63873.407666,223,M6,False
tomato,26,3105.0,Barpathari APMC,-0.3824,0.7026,-116598.979323,209,M6,False
tomato,26,3117.0,Asansol APMC,0.46,0.646,65861.842297,223,M9,False
tomato,26,3130.0,Junnar(Narayangaon) APMC,1.3461,0.1796,104781.373477,223,M9,False
tomato,26,3142.0,Kamthi APMC,2.1627,0.0316,217464.124938,223,M9,True
tomato,26,3218.0,Tiphra APMC,1.5112,0.1323,94627.242242,201,M9,False
tomato,26,3297.0,Khariar APMC,0.1587,0.8741,12472.59576,183,M9,False
tomato,26,3299.0,Chuliaposi APMC,0.7281,0.4678,66117.762678,141,M9,False
tomato,26,3300.0,Gopa APMC,1.3408,0.1814,110390.200205,223,M9,False
tomato,26,3301.0,Pattamundai APMC,0.3768,0.7067,45736.701562,223,M9,False
tomato,26,3302.0,Chatta Krushak Bazar APMC,0.6089,0.5432,78975.0701,223,M9,False
tomato,26,3306.0,Nilagiri APMC,-0.1915,0.8483,-12328.145486,208,M6,False
tomato,26,3308.0,Hindol APMC,1.6629,0.0977,228498.2281,223,M9,False
tomato,26,3327.0,Mahabubnagar(Rythu Bazar) APMC,-0.0296,0.9764,-2559.854512,167,M6,False
tomato,26,3332.0,Mehndipatnam(Rythu Bazar) APMC,-1.2561,0.2107,-120042.5378,177,M6,False
tomato,26,3339.0,Falakata APMC,0.9055,0.3663,24966.161309,199,M9,False
tomato,26,3341.0,Karsiyang(Matigara) APMC,0.9232,0.3569,166094.749071,223,M9,False
tomato,26,3344.0,Gangarampur(Dakshin Dinajpur) APMC,1.2345,0.2183,188910.859926,223,M9,False
tomato,26,3346.0,Diamond Harbour(South 24-pgs) APMC,0.6607,0.5095,139325.38797,223,M9,False
tomato,26,3347.0,Kalipur APMC,0.9912,0.3227,140127.861418,223,M9,False
tomato,26,3349.0,Ranaghat APMC,0.7242,0.4697,131476.588892,223,M9,False
tomato,26,3350.0,Chakdah APMC,0.7349,0.4632,134891.013333,223,M9,False
tomato,26,3352.0,Garbeta(Medinipur) APMC,1.3251,0.1865,239208.597431,223,M9,False
tomato,26,3355.0,Sainthia APMC,-0.8386,0.4026,-67784.729466,223,M6,False
tomato,26,3374.0,Vankaner(Sub yard) APMC,1.4851,0.1403,227083.432014,114,M9,False
tomato,26,3393.0,Broadway market Market,-0.216,0.8294,-39651.863876,120,M6,False
tomato,26,3394.0,North Paravur Market,-1.0511,0.2953,-206155.712866,121,M6,False
tomato,26,3445.0,APMC Azadpur,0.1326,0.8946,11815.201989,223,M9,False
tomato,26,3449.0,Pune(Manjri) APMC,1.4197,0.1571,114249.441065,223,M9,False
tomato,26,3450.0,Pune(Moshi) APMC,1.6998,0.0906,105503.975969,223,M9,False
tomato,26,3452.0,Agriculture Produce Market Committee Hingna,1.7876,0.0756,140456.747269,174,M9,False
tomato,26,3626.0,Dablirathan APMC,1.3859,0.1718,247359.937609,52,M9,False
tomato,26,3673.0,Boxonagar,-0.5405,0.5894,-99027.259876,223,M6,False
tomato,26,3680.0,Kadamtala,-1.1213,0.2634,-288051.382402,223,M6,False
tomato,26,4055.0,Ariyalur(Uzhavar Sandhai),1.4126,0.1613,379224.794223,90,M9,False
tomato,26,4056.0,Jeyankondam (Uzhavar Sandhai ),4.6623,0.0,254818.723282,90,M9,True
tomato,26,4057.0,RSPuram(Uzhavar Sandhai ),,,117345.324627,35,M9,False
tomato,26,4058.0,Singanallur(Uzhavar Sandhai ),0.8913,0.3752,199498.39611,90,M9,False
tomato,26,4059.0,Pollachi(Uzhavar Sandhai ),1.3068,0.1946,241456.279542,90,M9,False
tomato,26,4060.0,Mettupalayam(Uzhavar Sandhai ),1.2259,0.2235,232555.537262,90,M9,False
tomato,26,4061.0,Kurichi(Uzhavar Sandhai ),0.8744,0.3855,69223.030198,60,M9,False
tomato,26,4062.0,Sulur(Uzhavar Sandhai ),1.1325,0.2605,236028.590842,90,M9,False
tomato,26,4063.0,Vadavalli(Uzhavar Sandhai ),0.6077,0.545,117248.374916,90,M9,False
tomato,26,4064.0,Sundarapuram(Uzhavar Sandhai ),0.9576,0.3441,117036.958006,40,M9,False
tomato,26,4065.0,Cuddalore(Uzhavar Sandhai ),0.8055,0.4227,123103.528901,90,M9,False
tomato,26,4066.0,Chidambaram(Uzhavar Sandhai ),1.3595,0.1783,302228.918241,72,M9,False
tomato,26,4067.0,Viruthachalam(Uzhavar Sandhai ),1.0907,0.2784,182221.328953,90,M9,False
tomato,26,4068.0,Panruti(Uzhavar Sandhai ),0.5812,0.5626,54264.686505,90,M9,False
tomato,26,4070.0,Dharmapuri(Uzhavar Sandhai ),0.7536,0.4531,72039.148135,90,M9,False
tomato,26,4071.0,Pennagaram(Uzhavar Sandhai ),1.1502,0.2532,151876.407763,90,M9,False
tomato,26,4072.0,Palacode(Uzhavar Sandhai ),0.1514,0.8802,15409.076822,54,M9,False
tomato,26,4073.0,Harur(Uzhavar Sandhai ),-0.2036,0.8391,-30294.000489,90,M6,False
tomato,26,4074.0,AJattihalli(Uzhavar Sandhai ),,,21130.975739,74,M9,False
tomato,26,4075.0,Dindigul(Uzhavar Sandhai ),1.4863,0.1407,324202.980927,90,M9,False
tomato,26,4076.0,Palani(Uzhavar Sandhai ),0.9803,0.3296,121810.956618,90,M9,False
tomato,26,4077.0,Chinnalapatti(Uzhavar Sandhai ),1.5859,0.1163,349109.666382,90,M9,False
tomato,26,4080.0,Vedasanthur(Uzhavar Sandhai ),0.7597,0.4495,142126.040704,90,M9,False
tomato,26,4081.0,Sampath Nagar(Uzhavar Sandhai ),,,42883.221449,42,M9,False
tomato,26,4082.0,Gobichettipalayam(Uzhavar Sandhai ),0.9103,0.3651,194828.975785,90,M9,False
tomato,26,4083.0,Sathiyamagalam(Uzhavar Sandhai ),0.8459,0.4026,108748.747491,41,M9,False
tomato,26,4084.0,Periyar Nagar(Uzhavar Sandhai ),0.2146,0.8306,38219.824815,90,M9,False
tomato,26,4085.0,Perundurai(Uzhavar Sandhai ),1.7822,0.0781,229408.369754,90,M9,False
tomato,26,4086.0,Thalavadi(Uzhavar Sandhai ),,,35634.624331,35,M9,False
tomato,26,4087.0,Kancheepuram(Uzhavar Sandhai ),,,-31602.87263,90,M6,False
tomato,26,4088.0,Padappai(Uzhavar Sandhai ),,,41094.411998,90,M9,False
tomato,26,4089.0,Sunguvarchatram(Uzhavar Sandhai ),,,167706.333259,90,M9,False
tomato,26,4090.0,Kundrathur(Uzhavar Sandhai ),,,169507.427048,90,M9,False
tomato,26,4091.0,Karur(Uzhavar Sandhai ),0.9308,0.3545,188729.131614,90,M9,False
tomato,26,4092.0,Kulithalai(Uzhavar Sandhai ),1.0764,0.2847,241029.586052,90,M9,False
tomato,26,4093.0,Velayuthampalayam(Uzhavar Sandhai ),,,51694.177514,46,M9,False
tomato,26,4094.0,Pallapatti (Uzhavar Sandhai ),1.3572,0.1781,306109.389138,90,M9,False
tomato,26,4096.0,Hosur(Uzhavar Sandhai ),0.0772,0.9386,11418.530574,90,M9,False
tomato,26,4097.0,Krishnagiri(Uzhavar Sandhai ),-0.287,0.7748,-42119.970553,90,M6,False
tomato,26,4098.0,Kaveripattinam(Uzhavar Sandhai ),1.008,0.3172,160900.193056,66,M9,False
tomato,26,4099.0,Denkanikottai(Uzhavar Sandhai ),-0.2943,0.7692,-45186.927051,90,M6,False
tomato,26,4100.0,Avallapalli(Uzhavar Sandhai ),0.1012,0.9196,13209.410312,90,M9,False
tomato,26,4102.0,Chokkikulam(Uzhavar Sandhai ),0.1783,0.8589,37266.56098,90,M9,False
tomato,26,4103.0,Palanganatham(Uzhavar Sandhai ),0.5963,0.5525,128406.531137,90,M9,False
tomato,26,4105.0,Thirumangalam(Uzhavar Sandhai ),1.0125,0.314,219392.85147,90,M9,False
tomato,26,4106.0,Melur(Uzhavar Sandhai ),0.7619,0.4481,144749.353536,90,M9,False
tomato,26,4107.0,Anaiyur(Uzhavar Sandhai ),0.8483,0.3985,164489.883169,90,M9,False
tomato,26,4108.0,Mayiladuthurai(Uzhavar Sandhai ),1.1259,0.2632,308247.745406,90,M9,False
tomato,26,4109.0,Nagapattinam(Uzhavar Sandhai ),4.3514,0.0,265669.624142,90,M9,True
tomato,26,4110.0,Sirkali(Uzhavar Sandhai ),1.819,0.0723,332689.211997,90,M9,False
tomato,26,4113.0,Rasipuram(Uzhavar Sandhai ),1.1785,0.2417,187847.639752,90,M9,False
tomato,26,4114.0,Kumarapalayam(Uzhavar Sandhai ),1.2521,0.2138,192087.113494,90,M9,False
tomato,26,4115.0,Paramathivelur(Uzhavar Sandhai ),0.9057,0.3675,149815.712484,90,M9,False
tomato,26,4116.0,Mohanur(Uzhavar Sandhai ),,,216538.087309,90,M9,False
tomato,26,4117.0,Udhagamandalam(Uzhavar Sandhai ),1.201,0.2329,254980.591929,90,M9,False
tomato,26,4118.0,Coonoor(Uzhavar Sandhai ),1.0114,0.3146,203072.019895,90,M9,False
tomato,26,4120.0,Gudalur(Uzhavar Sandhai ),1.387,0.1689,324466.510525,90,M9,False
tomato,26,4121.0,Perambalur(Uzhavar Sandhai ),,,141979.795606,56,M9,False
tomato,26,4123.0,Pudukottai(Uzhavar Sandhai ),0.8867,0.3777,150398.027786,90,M9,False
tomato,26,4124.0,Aranthangi(Uzhavar Sandhai ),0.8839,0.3791,174657.901044,90,M9,False
tomato,26,4125.0,Alangudi(Uzhavar Sandhai ),,,252159.318235,76,M9,False
tomato,26,4126.0,Gandarvakottai(Uzhavar Sandhai ),0.9652,0.3371,156414.874664,90,M9,False
tomato,26,4127.0,Karambakkudi(Uzhavar Sandhai ),0.9689,0.3352,193935.784588,90,M9,False
tomato,26,4128.0,Viralimalai(Uzhavar Sandhai ),1.1803,0.241,190962.608046,90,M9,False
tomato,26,4129.0,Ramanathapuram(Uzhavar Sandhai ),1.2022,0.2325,294484.230323,90,M9,False
tomato,26,4130.0,Paramakudi(Uzhavar Sandhai ),2.2312,0.0288,342053.899976,72,M9,True
tomato,26,4131.0,Kamuthi(Uzhavar Sandhai ),1.5894,0.12,746332.842156,40,M9,False
tomato,26,4132.0,Sooramangalam(Uzhavar Sandhai ),0.2459,0.8063,38453.021894,90,M9,False
tomato,26,4133.0,Ammapet(Uzhavar Sandhai ),0.3611,0.7189,27112.841714,90,M9,False
tomato,26,4134.0,Athur(Uzhavar Sandhai ),0.4243,0.6728,115554.368637,62,M9,False
tomato,26,4135.0,Thathakapatti(Uzhavar Sandhai ),0.6201,0.5368,107806.927781,90,M9,False
tomato,26,4136.0,Mettur(Uzhavar Sandhai ),,,289248.6217,74,M9,False
tomato,26,4137.0,Attayampatti(Uzhavar Sandhai ),0.4987,0.6192,71701.420603,90,M9,False
tomato,26,4138.0,Hasthampatti(Uzhavar Sandhai ),0.2048,0.8382,40208.568381,90,M9,False
tomato,26,4139.0,Elampillai(Uzhavar Sandhai ),1.044,0.2993,131159.445587,90,M9,False
tomato,26,4140.0,Thammampatti (Uzhavar Sandhai ),0.8996,0.372,257850.331227,60,M9,False
tomato,26,4141.0,Jalagandapuram(Uzhavar Sandhai ),,,52900.335636,52,M9,False
tomato,26,4142.0,Edapadi (Uzhavar Sandhai ),,,-29777.922123,68,M6,False
tomato,26,4143.0,Sivagangai (Uzhavar Sandhai ),1.1812,0.2407,221728.766056,90,M9,False
tomato,26,4144.0,Devakottai (Uzhavar Sandhai ),2.0858,0.0399,274630.562929,90,M9,True
tomato,26,4145.0,Karaikudi(Uzhavar Sandhai ),1.3268,0.188,263527.653504,90,M9,False
tomato,26,4146.0,Tirupatthur(Uzhavar Sandhai ),,,421850.399659,72,M9,False
tomato,26,4147.0,Singampunari(Uzhavar Sandhai ),1.0035,0.3206,153917.135845,50,M9,False
tomato,26,4148.0,Thanjavur(Uzhavar Sandhai ),1.3125,0.1927,157551.228791,90,M9,False
tomato,26,4149.0,Kumbakonam (Uzhavar Sandhai ),1.5635,0.1215,220238.073014,90,M9,False
tomato,26,4150.0,Pattukottai(Uzhavar Sandhai ),1.2365,0.2195,234768.807853,90,M9,False
tomato,26,4152.0,Papanasam(Uzhavar Sandhai ),1.83,0.0706,293174.228503,90,M9,False
tomato,26,4153.0,Theni(Uzhavar Sandhai ),,,-13307.67167,46,M6,False
tomato,26,4154.0,Kambam(Uzhavar Sandhai ),1.1234,0.267,92006.461117,48,M9,False
tomato,26,4155.0,Bodinayakanur(Uzhavar Sandhai ),1.0314,0.3051,187393.35321,90,M9,False
tomato,26,4156.0,Periyakulam(Uzhavar Sandhai ),0.727,0.4701,240004.031493,60,M9,False
tomato,26,4157.0,Devaram(Uzhavar Sandhai ),1.7477,0.084,314700.506458,90,M9,False
tomato,26,4158.0,Andipatti(Uzhavar Sandhai ),1.4094,0.1622,260491.43035,90,M9,False
tomato,26,4159.0,Chinnamanur(Uzhavar Sandhai ),0.9644,0.3398,174853.007013,48,M9,False
tomato,26,4160.0,Palayamkottai(Uzhavar Sandhai ),1.2803,0.2038,331176.749919,90,M9,False
tomato,26,4161.0,Kandiyaperi(Uzhavar Sandhai ),,,48278.967328,44,M9,False
tomato,26,4162.0,Melapalayam(Uzhavar Sandhai ),0.6562,0.5154,143870.094544,42,M9,False
tomato,26,4163.0,Ambasamudram(Uzhavar Sandhai ),,,-177569.397171,58,M6,False
tomato,26,4164.0,NGO Colony(Uzhavar Sandhai ),1.1927,0.2361,387987.276329,90,M9,False
tomato,26,4166.0,Tiruvallur(Uzhavar Sandhai ),,,263350.565932,90,M9,False
tomato,26,4167.0,Ambattur(Uzhavar Sandhai ),2.1799,0.0319,349409.055821,90,M9,True
tomato,26,4168.0,Paruthipattu(Uzhavar Sandhai ),1.992,0.0494,304432.15642,90,M9,True
tomato,26,4169.0,Naravarikuppam(Uzhavar Sandhai ),4.4286,0.0,299111.573629,90,M9,True
tomato,26,4170.0,Perambakkam(Uzhavar Sandhai ),2.095,0.039,255130.134502,90,M9,True
tomato,26,4172.0,Mannargudi I(Uzhavar Sandhai ),1.0846,0.281,149241.864124,90,M9,False
tomato,26,4173.0,Tiruvarur(Uzhavar Sandhai ),1.4796,0.1425,286032.533358,90,M9,False
tomato,26,4174.0,Needamangalam(Uzhavar Sandhai ),1.1172,0.2669,108726.433701,90,M9,False
tomato,26,4175.0,Muthupettai(Uzhavar Sandhai ),,,168463.861302,90,M9,False
tomato,26,4176.0,Mannargudi II(Uzhavar Sandhai ),1.8509,0.0675,197168.5859,90,M9,False
tomato,26,4178.0,Tuticorin(Uzhavar Sandhai ),1.0267,0.3073,253336.876344,90,M9,False
tomato,26,4179.0,Kovilpatti(Uzhavar Sandhai ),,,67358.611252,35,M9,False
tomato,26,4180.0,Tiruvannamalai(Uzhavar Sandhai ),-0.1356,0.8925,-31510.892845,90,M6,False
tomato,26,4181.0,Polur(Uzhavar Sandhai ),1.1771,0.2423,186206.619925,90,M9,False
tomato,26,4182.0,Arani(Uzhavar Sandhai ),0.6973,0.4874,105596.461262,90,M9,False
tomato,26,4183.0,Cheyyar(Uzhavar Sandhai ),0.0737,0.9417,7021.229216,35,M9,False
tomato,26,4184.0,Chengam(Uzhavar Sandhai ),0.2577,0.7972,44992.105869,90,M9,False
tomato,26,4186.0,Keelpennathur(Uzhavar Sandhai ),3.283,0.0015,322128.29236,90,M9,True
tomato,26,4187.0,Tamarainagar(Uzhavar Sandhai ),0.1453,0.8848,25735.549279,90,M9,False
tomato,26,4188.0,Anna nagar(Uzhavar Sandhai ),1.2684,0.208,165356.088938,90,M9,False
tomato,26,4191.0,Manapparai(Uzhavar Sandhai ),,,144565.688918,35,M9,False
tomato,26,4192.0,Musiri(Uzhavar Sandhai ),0.5878,0.5581,98792.302698,90,M9,False
tomato,26,4194.0,Lalgudi(Uzhavar Sandhai ),2.1073,0.0379,240967.249182,90,M9,True
tomato,26,4195.0,Manachanallur(Uzhavar Sandhai ),3.6505,0.0004,223969.20899,90,M9,True
tomato,26,4197.0,Katpadi (Uzhavar Sandhai ),0.7203,0.4739,73198.023442,66,M9,False
tomato,26,4198.0,Gudiyatham(Uzhavar Sandhai ),-1.6407,0.1044,-180048.42904,90,M6,False
tomato,26,4199.0,Kahithapattarai(Uzhavar Sandhai ),-1.3239,0.1896,-129544.699155,76,M6,False
tomato,26,4202.0,Gingee(Uzhavar Sandhai ),1.0329,0.3045,144815.549644,90,M9,False
tomato,26,4203.0,Aruppukottai(Uzhavar Sandhai ),0.4477,0.6555,86137.958207,90,M9,False
tomato,26,4204.0,Rajapalayam(Uzhavar Sandhai ),0.6879,0.4933,110958.91055,90,M9,False
tomato,26,4205.0,Srivilliputhur(Uzhavar Sandhai ),1.3513,0.18,267641.62969,90,M9,False
tomato,26,4206.0,Virudhunagar(Uzhavar Sandhai ),1.5057,0.1357,124632.221964,90,M9,False
tomato,26,4207.0,Sivakasi(Uzhavar Sandhai ),1.0539,0.2948,119414.014267,90,M9,False
tomato,26,4208.0,Sathur(Uzhavar Sandhai ),0.6477,0.5188,109184.083675,90,M9,False
tomato,26,4209.0,Kariyapatti(Uzhavar Sandhai ),0.8254,0.4114,178731.392096,90,M9,False
tomato,26,4210.0,Thalavaipuram(Uzhavar Sandhai ),0.7946,0.429,128868.73159,90,M9,False
tomato,26,4212.0,Myladi(Uzhavar Sandhai ),0.9675,0.3359,67231.081806,90,M9,False
tomato,26,4213.0,Pallavaram(Uzhavar Sandhai ),1.2206,0.2255,122952.423946,90,M9,False
tomato,26,4214.0,Chengalpet(Uzhavar Sandhai ),,,75618.843729,90,M9,False
tomato,26,4215.0,Medavakkam(Uzhavar Sandhai ),2.1027,0.0383,234989.395019,90,M9,True
tomato,26,4216.0,Nanganallur(Uzhavar Sandhai ),1.1751,0.244,406775.898601,70,M9,False
tomato,26,4217.0,Madhuranthagam(Uzhavar Sandhai ),0.699,0.4864,52140.52303,90,M9,False
tomato,26,4219.0,Jameenrayapettai(Uzhavar Sandhai ),2.1872,0.0314,166010.057573,90,M9,True
tomato,26,4220.0,Guduvancheri(Uzhavar Sandhai ),7.3713,0.0,195038.779897,90,M9,True
tomato,26,4221.0,Thirukalukundram(Uzhavar Sandhai ),,,139863.274266,90,M9,False
tomato,26,4222.0,Kallakurichi(Uzhavar Sandhai ),0.8443,0.4008,107275.367162,90,M9,False
tomato,26,4224.0,Sankarapuram(Uzhavar Sandhai ),1.6509,0.1023,165496.04928,90,M9,False
tomato,26,4225.0,Ranipettai(Uzhavar Sandhai ),1.7543,0.0884,132647.283401,35,M9,False
tomato,26,4226.0,Arcot(Uzhavar Sandhai ),0.1081,0.9142,17567.733261,90,M9,False
tomato,26,4227.0,Sankarankoil(Uzhavar Sandhai ),1.9625,0.0535,432362.179967,74,M9,False
tomato,26,4228.0,Tenkasi(Uzhavar Sandhai ),0.6948,0.4911,186413.582691,42,M9,False
tomato,26,4229.0,Vaniyampadi(Uzhavar Sandhai ),0.2818,0.7788,29023.976985,90,M9,False
tomato,26,4231.0,Natrampalli(Uzhavar Sandhai ),0.5266,0.5997,64365.534943,90,M9,False
tomato,26,4232.0,Palladam(Uzhavar Sandhai ),1.6576,0.1018,150819.07181,72,M9,False
tomato,26,4234.0,Tiruppur (North) (Uzhavar Sandhai ),0.794,0.4293,127351.960858,90,M9,False
tomato,26,4235.0,Tiruppur (South) (Uzhavar Sandhai ),-6.158,0.0,-87477.958046,52,M6,True
tomato,26,4236.0,Dharapuram(Uzhavar Sandhai ),0.5932,0.5549,81225.369307,74,M9,False
tomato,26,4237.0,Kangayam(Uzhavar Sandhai ),0.9051,0.3678,141884.648898,90,M9,False
tomato,26,4240.0,Balarampuram Market,,,231565.798232,73,M9,False
tomato,26,4247.0,Balugaon APMC,-0.0157,0.9876,-3047.585984,57,M6,False
tomato,26,4251.0,Ambagan APMC,-1.4371,0.1565,-137554.042506,55,M6,False
tomato,26,4252.0,Haibargaon APMC,-1.2559,0.2146,-129994.860012,55,M6,False
tomato,26,4295.0,Barpeta Road APMC,,,-114032.094637,41,M6,False
tomato,26,4390.0,Manjhanpur APMC,1.0597,0.2935,179853.86054,61,M9,False
tomato,26,4429.0,Badwani(F&V) APMC,-0.7338,0.4659,-202586.886081,62,M6,False
tomato,26,4464.0,Hoshangabad(F&V) APMC,,,-751526.681656,35,M6,False
tomato,26,4469.0,Jawra(F&V) APMC,,,24198.542621,57,M9,False
tomato,26,4503.0,Manawar(F&V) APMC,,,-648887.263465,37,M6,False
tomato,26,4523.0,Petlawad(F&V) APMC,,,-59071.660087,59,M6,False
tomato,26,4524.0,Pipariya(F&V) APMC,0.6923,0.4914,34322.167349,61,M9,False
tomato,26,4531.0,Rewa(F&V) APMC,,,-229710.850138,46,M6,False
tomato,26,4532.0,Sabalgarh(F&V) APMC,-1.9265,0.0593,-250957.940958,55,M6,False
tomato,26,4534.0,Sanawad(F&V) APMC,,,-60899.906246,44,M6,False
tomato,26,4538.0,Sehore(F&V) APMC,-1.4772,0.145,-241913.438483,59,M6,False
tomato,26,4539.0,Sendhwa(F&V) APMC,-0.6352,0.5277,-179191.759586,62,M6,False
tomato,26,4557.0,Timarni(F&V) APMC,1.6462,0.105,199037.418434,60,M9,False
tomato,26,4665.0,Chhibramau APMC,1.0251,0.3074,35699.978989,121,M9,False
tomato,26,4667.0,Balurghat APMC,0.2388,0.8115,48009.559225,162,M9,False
tomato,26,4681.0,Ayodhya APMC,0.4007,0.6899,77333.568963,66,M9,False
onion,1,2.0,Mahboob Manison APMC,1.302,0.1962,11993.895175,91,M9,False
onion,1,11.0,Sadasivpet APMC,2.3104,0.0232,42342.629881,91,M9,True
onion,1,43.0,Chandigarh (Grain/F&V) APMC,-1.3714,0.1715,-9765.79786,246,M6,False
onion,1,54.0,Bharuch APMC,1.9234,0.0567,12013.256155,129,M9,False
onion,1,55.0,Mahuva(Station Road) APMC,-1.9228,0.0557,-10037.833486,248,M6,False
onion,1,61.0,Gondal APMC,2.1574,0.032,15962.768892,234,M9,True
onion,1,62.0,Morbi APMC,1.2194,0.2239,8622.164785,248,M9,False
onion,1,64.0,Surat APMC,2.7528,0.0063,15548.334194,248,M9,True
onion,1,69.0,PMY Kangra,2.759,0.0062,27577.652779,248,M9,True
onion,1,70.0,PMY Kullu,2.4083,0.0168,22103.227082,248,M9,True
onion,1,71.0,PMY Paonta Sahib,-0.364,0.7162,-4394.749156,248,M6,False
onion,1,72.0,PMY Kather Solan,2.4481,0.0152,17667.526722,218,M9,True
onion,1,75.0,Fatehabad APMC,1.6639,0.0976,16615.677044,222,M9,False
onion,1,79.0,Narwana APMC,0.791,0.4297,5032.257071,248,M9,False
onion,1,85.0,Ladwa APMC,2.5193,0.0124,18744.586633,248,M9,True
onion,1,86.0,Pehowa APMC,-0.0582,0.9536,-428.936718,248,M6,False
onion,1,87.0,Thanesar APMC,3.1057,0.0021,27934.332913,247,M9,True
onion,1,89.0,Shahabad APMC,2.1078,0.0361,14266.48949,248,M9,True
onion,1,92.0,kalanwali APMC,1.0915,0.2764,10071.643235,199,M9,False
onion,1,97.0,Parimpore Srinagar (F&V),3.2028,0.0016,39978.958527,227,M9,True
onion,1,98.0,Udhampur (F&V),1.2927,0.1973,14948.378383,248,M9,False
onion,1,99.0,Bangalore APMC,1.7943,0.0742,19819.433274,213,M9,False
onion,1,101.0,Belgaum APMC,2.9281,0.0038,35594.27915,214,M9,True
onion,1,105.0,Bijapur APMC,-0.6727,0.5019,-4608.504053,212,M6,False
onion,1,106.0,Davangere APMC,0.7535,0.4519,9758.335034,248,M9,False
onion,1,108.0,Hubli (Amaragol) APMC,0.0595,0.9526,394.954096,248,M9,False
onion,1,115.0,Mysuru APMC,2.1547,0.0322,27555.025674,238,M9,True
onion,1,116.0,Raichur APMC,-2.0427,0.043,-14376.640236,139,M6,True
onion,1,126.0,Aluva Market,2.7834,0.0058,32932.08448,248,M9,True
onion,1,128.0,Thalasserry Market,1.4029,0.1633,26863.967392,117,M9,False
onion,1,129.0,Kannur APMC,2.0215,0.0443,30756.895605,248,M9,True
onion,1,132.0,Kottayam Market,0.8084,0.4197,13887.697319,248,M9,False
onion,1,134.0,Manjeri Market,2.184,0.0299,21749.489073,248,M9,True
onion,1,135.0,Palakkad Market,-1.3166,0.1892,-23912.374378,248,M6,False
onion,1,136.0,Koduvayoor Market,3.1689,0.0017,65969.876064,248,M9,True
onion,1,139.0,Thrissur Market,3.6682,0.0003,103040.113572,248,M9,True
onion,1,140.0,Kodungalloor Market,3.1557,0.0018,42435.613295,236,M9,True
onion,1,145.0,Ahilyanagar APMC,0.2475,0.8047,1308.261948,248,M9,False
onion,1,149.0,Dhule APMC,2.4505,0.015,18242.563411,248,M9,True
onion,1,151.0,Jalgaon APMC,-0.4966,0.6199,-2869.052343,248,M6,False
onion,1,152.0,Kolhapur APMC,1.6473,0.1008,8061.232876,248,M9,False
onion,1,155.0,Nagpur APMC,1.9035,0.0581,23949.446904,248,M9,False
onion,1,159.0,Yeola APMC,3.0917,0.0022,36231.124216,248,M9,True
onion,1,160.0,Nasik APMC,3.3616,0.0009,35247.056716,248,M9,True
onion,1,161.0,Lasalgaon APMC,2.6445,0.0087,27965.807248,248,M9,True
onion,1,162.0,Pimpalgaon Baswant APMC,2.1487,0.0326,21508.432444,248,M9,True
onion,1,164.0,Pune APMC,1.1386,0.256,6390.415451,248,M9,False
onion,1,168.0,SHRI.SIDDHESHWAR APMC,1.5901,0.1131,9219.045536,248,M9,False
onion,1,169.0,Kalyan APMC,2.5498,0.0118,45926.571513,150,M9,True
onion,1,171.0,Lamlong Bazaar APMC,-3.4704,0.0006,-79830.758632,221,M6,True
onion,1,172.0,Bhopal APMC,3.3037,0.0012,28317.156077,144,M9,True
onion,1,173.0,Bhopal(F&V) APMC,1.2256,0.2222,7868.473023,154,M9,False
onion,1,179.0,Indore(F&V) APMC,0.8423,0.4008,6684.215958,171,M9,False
onion,1,182.0,Neemuch APMC,1.2966,0.196,11176.354257,248,M9,False
onion,1,184.0,Rajnandgaon APMC,0.4616,0.6448,5449.858009,248,M9,False
onion,1,186.0,Ujjain APMC,0.3125,0.7551,3002.966059,145,M9,False
onion,1,199.0,Bargarh APMC,1.2324,0.219,13340.969691,248,M9,False
onion,1,206.0,Kesinga APMC,1.4352,0.1525,23929.949608,248,M9,False
onion,1,207.0,Bhawanipatna APMC,1.4583,0.1465,17440.928892,179,M9,False
onion,1,216.0,Tarantaran APMC,1.3764,0.1721,8469.807928,91,M9,False
onion,1,218.0,Fazilka APMC,3.3362,0.0012,61351.074144,91,M9,True
onion,1,219.0,Jalalabad APMC,2.2781,0.0251,21415.666576,91,M9,True
onion,1,220.0,Ferozepur Cantt. APMC,0.3618,0.7185,3544.313942,76,M9,False
onion,1,226.0,Khanna APMC,3.6098,0.0005,20610.589916,91,M9,True
onion,1,228.0,Baghapurana APMC,0.9668,0.3364,10816.397992,86,M9,False
onion,1,230.0,Muktsar APMC,1.2224,0.2247,14249.817957,91,M9,False
onion,1,231.0,Malout APMC,2.9904,0.0036,35664.082749,91,M9,True
onion,1,232.0,Patiala APMC,0.9629,0.3382,18186.601855,91,M9,False
onion,1,233.0,Patran APMC,0.8204,0.4142,6370.26043,91,M9,False
onion,1,234.0,Samana APMC,2.801,0.0067,43122.247833,68,M9,True
onion,1,235.0,Nabha APMC,1.6808,0.0963,18297.237473,91,M9,False
onion,1,237.0,Dhuri APMC,2.9954,0.0035,28736.777461,91,M9,True
onion,1,239.0,Sunam APMC,2.3893,0.019,22084.484701,91,M9,True
onion,1,240.0,Bhawanigarh APMC,1.6786,0.0967,16524.45455,91,M9,False
onion,1,244.0,Alwar APMC,2.1345,0.0383,44221.33077,46,M9,True
onion,1,247.0,Baran APMC,0.5037,0.6157,2319.964243,91,M9,False
onion,1,250.0,Bhilwara APMC,2.1936,0.0308,31010.79547,91,M9,True
onion,1,253.0,Pratapgarh APMC,1.693,0.0939,24763.805673,91,M9,False
onion,1,259.0,Sangriya APMC,0.907,0.3668,12303.372415,91,M9,False
onion,1,261.0,Jaipur (F&V) APMC,1.5557,0.1233,17230.563991,91,M9,False
onion,1,265.0,Nawalgarh APMC,-0.8644,0.3897,-3387.408584,88,M6,False
onion,1,266.0,Jodhpur (F&V) APMC,0.3461,0.7301,1250.646347,91,M9,False
onion,1,292.0,Ulundurpettai APMC,-0.2282,0.82,-4723.322134,91,M6,False
onion,1,296.0,Teliamura APMC,3.2661,0.0015,19539.822425,91,M9,True
onion,1,297.0,Agra APMC,1.8514,0.0674,12752.759283,91,M9,False
onion,1,298.0,Prayagraj APMC,1.5675,0.1205,28498.536908,91,M9,False
onion,1,299.0,Bahraich APMC,-0.1541,0.8778,-1144.518219,91,M6,False
onion,1,301.0,Barabanki APMC,1.4636,0.1475,11163.556028,76,M9,False
onion,1,302.0,Bareilly APMC,1.9233,0.058,35585.187058,80,M9,False
onion,1,303.0,Dehradoon APMC,-0.0909,0.9278,-1278.62609,90,M6,False
onion,1,305.0,Farukhabad APMC,-0.6274,0.532,-7934.617694,91,M6,False
onion,1,306.0,Ghaziabad APMC,2.3044,0.0239,57022.533232,78,M9,True
onion,1,307.0,Gorakhpur APMC,1.5851,0.1165,8800.785045,91,M9,False
onion,1,308.0,Hardoi APMC,1.202,0.2331,7673.140584,77,M9,False
onion,1,309.0,Etawah APMC,0.9593,0.3404,11128.208249,79,M9,False
onion,1,310.0,Jaunpur APMC,2.6789,0.0088,43495.598232,91,M9,True
onion,1,311.0,Kanpur(Grain) APMC,1.9688,0.052,18882.200244,91,M9,False
onion,1,313.0,Lakhimpur APMC,2.1966,0.0306,14434.556528,91,M9,True
onion,1,315.0,Lucknow APMC,2.3128,0.023,32731.272056,91,M9,True
onion,1,317.0,Meerut APMC,2.3343,0.0223,37118.828529,75,M9,True
onion,1,318.0,Muradabad APMC,1.343,0.1832,9103.431204,79,M9,False
onion,1,319.0,Kashipur APMC,0.32,0.7497,3513.049196,91,M9,False
onion,1,320.0,Pilibhit APMC,1.2336,0.2206,6458.583263,91,M9,False
onion,1,321.0,Saharanpur APMC,1.8396,0.0697,17654.1165,77,M9,False
onion,1,324.0,Sitapur APMC,1.9305,0.0571,16205.40031,81,M9,False
onion,1,325.0,Kicchha APMC,-4.2154,0.0001,-18621.329115,91,M6,True
onion,1,326.0,Rudrapur APMC,2.0909,0.0394,23023.923822,91,M9,True
onion,1,328.0,Barasat APMC,2.2015,0.0303,42958.056567,91,M9,True
onion,1,329.0,Bankura Sadar APMC,2.3631,0.0203,33085.442399,91,M9,True
onion,1,330.0,Bolpur APMC,3.6178,0.0005,42019.590466,91,M9,True
onion,1,331.0,Kalna APMC,1.2471,0.2156,17031.040515,91,M9,False
onion,1,332.0,Katwa APMC,0.2938,0.7696,2280.922565,91,M9,False
onion,1,334.0,Pandua APMC,1.8246,0.0714,22769.882344,91,M9,False
onion,1,335.0,Dhupguri APMC,4.3737,0.0,47335.289278,91,M9,True
onion,1,336.0,Samsi APMC,3.1345,0.0023,36876.597672,91,M9,True
onion,1,337.0,English Bazar APMC,2.3363,0.022,41315.942632,79,M9,True
onion,1,338.0,Tamluk (Medinipur E) APMC,1.7023,0.0921,21184.062061,91,M9,False
onion,1,341.0,Karimpur APMC,1.9971,0.0488,20213.334846,91,M9,True
onion,1,342.0,Bethuadahari APMC,2.7788,0.0066,28196.116528,91,M9,True
onion,1,343.0,Islampur APMC,1.6186,0.1125,27911.49886,46,M9,False
onion,1,406.0,Durg APMC,2.1942,0.0292,19000.64412,248,M9,True
onion,1,414.0,Raigarh APMC,1.0899,0.2768,7726.427868,248,M9,False
onion,1,423.0,APMC Keshopur,1.0188,0.3093,11188.220768,248,M9,False
onion,1,424.0,APMC Shahdara,-2.2479,0.0257,-29339.726108,199,M6,True
onion,1,441.0,Bhuj APMC,3.018,0.0029,41604.839297,168,M9,True
onion,1,450.0,Vadhvan APMC,0.6752,0.5002,8131.104297,224,M9,False
onion,1,452.0,Panipat APMC,-2.9548,0.0034,-16367.586311,248,M6,True
onion,1,454.0,Sonepat APMC,0.6719,0.5023,5185.23204,248,M9,False
onion,1,455.0,Rohtak APMC,-1.7416,0.0828,-8586.130509,244,M6,False
onion,1,456.0,Jhajjar APMC,2.2869,0.0231,16943.997706,248,M9,True
onion,1,457.0,Rewari APMC,0.3268,0.7441,2130.927978,248,M9,False
onion,1,459.0,Gurgaon APMC,1.3381,0.1821,9915.02705,248,M9,False
onion,1,462.0,PMY Una,0.8259,0.4097,8054.606758,248,M9,False
onion,1,463.0,PMY Chamba,1.6733,0.0955,16494.766785,248,M9,False
onion,1,464.0,PMY Bilaspur,1.2592,0.2092,11918.154635,248,M9,False
onion,1,465.0,SMY Dhanotu,0.5727,0.5674,5726.70179,248,M9,False
onion,1,466.0,PMY Hamirpur,1.2761,0.2031,15098.522326,248,M9,False
onion,1,467.0,PMY Dhalli Shimla,2.2197,0.0273,17344.835315,248,M9,True
onion,1,468.0,SMY Palampur,1.7073,0.089,15289.724481,248,M9,False
onion,1,471.0,SMY Bhuntar,1.3131,0.1904,13394.798257,248,M9,False
onion,1,472.0,Narwal Jammu (F&V),2.1366,0.0336,25901.851694,248,M9,True
onion,1,489.0,Doddaballapur APMC,3.3237,0.0011,31161.846053,208,M9,True
onion,1,515.0,Palayam Market,3.2581,0.0013,35476.424127,239,M9,True
onion,1,522.0,Mandsaur APMC,0.7891,0.4308,5215.103785,248,M9,False
onion,1,523.0,Khandwa APMC,-1.234,0.2192,-8893.733451,145,M6,False
onion,1,526.0,Sehore APMC,2.7327,0.0067,27854.893168,248,M9,True
onion,1,528.0,Ashta APMC,1.8939,0.0596,14371.201052,218,M9,False
onion,1,530.0,Morena APMC,0.267,0.7898,2352.094244,145,M9,False
onion,1,550.0,Chandvad APMC,2.3678,0.0187,21845.921633,248,M9,True
onion,1,551.0,Manmad APMC,1.4736,0.1419,12731.850439,248,M9,False
onion,1,553.0,Manchar APMC,2.6125,0.0095,46898.486862,248,M9,True
onion,1,554.0,Lonand APMC,1.7574,0.0801,12499.039782,248,M9,False
onion,1,555.0,Pandharpur APMC,-1.6503,0.1009,-14626.800334,156,M6,False
onion,1,557.0,Chattrapati Sambhajinagar APMC,0.8822,0.3785,5986.294194,248,M9,False
onion,1,574.0,Malkapur APMC,-0.1546,0.8773,-1199.979144,248,M6,False
onion,1,594.0,Khariar Road APMC,0.4332,0.6652,4757.232604,248,M9,False
onion,1,595.0,Bolangir APMC,2.4807,0.014,25874.371568,180,M9,True
onion,1,599.0,Pathankot APMC,1.5574,0.1233,34113.39947,81,M9,False
onion,1,600.0,Gurdaspur APMC,1.9858,0.0501,23594.329477,91,M9,False
onion,1,603.0,Bathinda APMC,2.812,0.006,42104.478576,91,M9,True
onion,1,605.0,Raman APMC,1.1517,0.2525,14683.090534,91,M9,False
onion,1,611.0,Mukerian APMC,2.2191,0.029,26552.977588,90,M9,True
onion,1,614.0,Phagwara APMC,2.6524,0.0094,29162.258489,91,M9,True
onion,1,615.0,Budalada APMC,1.9518,0.0541,27207.83891,91,M9,False
onion,1,617.0,Giddarbaha APMC,2.1314,0.0358,30802.580608,90,M9,True
onion,1,619.0,Dudhansadhan APMC,2.6475,0.0096,39664.898241,91,M9,True
onion,1,621.0,Ropar APMC,2.268,0.0257,39816.654651,91,M9,True
onion,1,627.0,Churu APMC,-0.0191,0.9848,-129.878887,91,M6,False
onion,1,630.0,Jaisalmer APMC,1.0292,0.3064,12998.366096,82,M9,False
onion,1,636.0,Jhunjhunu APMC,-1.5615,0.1254,-7832.288614,46,M6,False
onion,1,638.0,Sikar APMC,0.7989,0.4264,5284.684271,91,M9,False
onion,1,647.0,Buland Shahr APMC,1.6458,0.1033,20416.706684,91,M9,False
onion,1,649.0,Baraut APMC,2.2484,0.0274,28203.1188,78,M9,True
onion,1,650.0,Shamli APMC,2.4765,0.0157,49515.464448,72,M9,True
onion,1,653.0,Mathura APMC,1.8306,0.0705,16979.764881,91,M9,False
onion,1,654.0,Rampur APMC,1.7369,0.0865,12074.314682,76,M9,False
onion,1,655.0,Badayoun APMC,3.1346,0.0025,45358.488828,76,M9,True
onion,1,656.0,Chandausi APMC,0.412,0.6815,2117.430004,77,M9,False
onion,1,657.0,Raibareilly APMC,1.7716,0.0798,26170.800764,91,M9,False
onion,1,658.0,Gonda APMC,2.0926,0.0392,29295.008131,91,M9,True
onion,1,660.0,Pratapgarh APMC,0.7379,0.4625,3963.730467,91,M9,False
onion,1,662.0,Basti APMC,2.1327,0.0357,24479.10407,91,M9,True
onion,1,663.0,Azamgarh APMC,1.558,0.1227,48817.636971,91,M9,False
onion,1,666.0,Jhansi APMC,1.1385,0.2585,6440.52366,78,M9,False
onion,1,667.0,Rishikesh APMC,2.1808,0.0318,18586.043154,91,M9,True
onion,1,668.0,Vikasnagar APMC,-0.9223,0.3589,-6861.010735,90,M6,False
onion,1,669.0,Khateema APMC,0.2494,0.8036,3422.190157,91,M9,False
onion,1,670.0,Burdwan APMC,1.8936,0.0615,26548.563478,90,M9,False
onion,1,671.0,Medinipur(West) APMC,2.2149,0.0293,22079.806377,91,M9,True
onion,1,672.0,Birbhum APMC,3.6257,0.0005,44854.395342,91,M9,True
onion,1,673.0,Purulia APMC,0.1269,0.8994,1371.771352,75,M9,False
onion,1,674.0,Nadia APMC,2.5621,0.0121,42985.880392,91,M9,True
onion,1,675.0,Jalpaiguri Sadar APMC,3.9144,0.0002,35887.893213,91,M9,True
onion,1,676.0,Alipurduar APMC,3.1037,0.0026,32532.153948,91,M9,True
onion,1,678.0,Pabiacherra APMC,3.4985,0.0007,26711.472036,91,M9,True
onion,1,679.0,Melaghar APMC,2.1424,0.0349,18597.56226,91,M9,True
onion,1,681.0,Vadaseri APMC,-1.6146,0.1099,-25291.02872,91,M6,False
onion,1,683.0,Panisagar APMC,4.0298,0.0001,29563.079766,91,M9,True
onion,1,709.0,Chikkamagaluru APMC,2.5832,0.0104,18937.934555,248,M9,True
onion,1,728.0,Kalaburagi APMC,0.0616,0.9509,365.823402,248,M9,False
onion,1,735.0,Hassan APMC,-0.0512,0.9592,-531.171449,235,M6,False
onion,1,742.0,Chickkaballapura APMC,2.6676,0.0082,34200.569592,236,M9,True
onion,1,753.0,Shimoga APMC,3.0215,0.0028,32303.212542,248,M9,True
onion,1,793.0,Lalru APMC,2.1393,0.0351,24528.838752,91,M9,True
onion,1,795.0,Fatehpur APMC,1.6791,0.0966,23141.000247,91,M9,False
onion,1,796.0,Auraiya APMC,2.166,0.033,33822.304582,91,M9,True
onion,1,799.0,Ramkrishanpur(Howrah) APMC,4.2495,0.0001,60810.02986,91,M9,True
onion,1,801.0,Bishnupur(Bankura) APMC,2.8584,0.0054,39057.793759,82,M9,True
onion,1,802.0,Mapusa APMC,-3.3666,0.0009,-21320.299919,248,M6,True
onion,1,813.0,Sangamner APMC,1.132,0.2587,6357.595167,248,M9,False
onion,1,816.0,Firozabad APMC,1.0258,0.3077,7967.717897,91,M9,False
onion,1,820.0,Ghatal APMC,2.0508,0.0436,32649.202826,79,M9,True
onion,1,821.0,Champadanga APMC,2.6485,0.0095,27819.753454,91,M9,True
onion,1,822.0,Jangipur APMC,1.1908,0.2369,17605.140232,91,M9,False
onion,1,823.0,Udupi APMC,1.2498,0.2126,15324.657598,248,M9,False
onion,1,931.0,Kurnool APMC,1.2462,0.2139,11841.31847,234,M9,False
onion,1,1061.0,Udumalpet APMC,-0.3433,0.7321,-4854.218191,91,M6,False
onion,1,1070.0,Haldwani APMC,0.43,0.6682,4145.939839,91,M9,False
onion,1,1071.0,Haridwar Union APMC,2.015,0.0469,19863.446622,91,M9,True
onion,1,1072.0,Ramnagar APMC,2.3744,0.0197,18474.23049,91,M9,True
onion,1,1073.0,Roorkee APMC,6.6187,0.0,35391.283485,91,M9,True
onion,1,1074.0,Kotadwara APMC,0.2126,0.8321,2203.63026,91,M9,False
onion,1,1077.0,Manglaur APMC,2.2393,0.0276,14211.384675,91,M9,True
onion,1,1078.0,Gudimalkapur APMC,-1.3799,0.171,-5709.574784,91,M6,False
onion,1,1079.0,Gohana APMC,0.9882,0.324,6183.006342,248,M9,False
onion,1,1081.0,Thodupuzha Market,1.8716,0.0624,37206.810453,248,M9,False
onion,1,1085.0,Jaora APMC,-0.058,0.9538,-677.409737,248,M6,False
onion,1,1086.0,Shujalpur APMC,0.8439,0.3996,5755.779886,248,M9,False
onion,1,1108.0,Ambala Cantt. APMC,1.6304,0.1044,14193.740101,237,M9,False
onion,1,1110.0,Ballabhgarh APMC,0.4141,0.6792,2617.039848,248,M9,False
onion,1,1111.0,Sohna APMC,2.6422,0.0088,18816.066071,248,M9,True
onion,1,1113.0,Mohindergarh APMC,1.5749,0.1166,8353.06491,231,M9,False
onion,1,1119.0,Thoubal APMC,-2.7329,0.0068,-70602.675025,221,M6,True
onion,1,1128.0,Sirhind APMC,2.8599,0.0053,35017.038513,91,M9,True
onion,1,1130.0,Mansa APMC,3.1346,0.0023,64632.39783,90,M9,True
onion,1,1139.0,Kasganj APMC,0.9983,0.3213,5035.899414,77,M9,False
onion,1,1140.0,Amroha APMC,1.0192,0.3113,6918.520283,78,M9,False
onion,1,1141.0,Pukharayan APMC,2.2944,0.0241,25582.368129,91,M9,True
onion,1,1142.0,Kosikalan APMC,1.3952,0.1671,8474.210064,76,M9,False
onion,1,1143.0,Unnao APMC,1.7304,0.087,21122.34601,91,M9,False
onion,1,1147.0,Padra APMC,1.3854,0.1672,12870.548026,248,M9,False
onion,1,1193.0,"Kukatpally,RBZ",2.4068,0.0212,85461.759761,38,M9,True
onion,1,1204.0,Jharsuguda APMC,3.6374,0.0003,28393.306867,237,M9,True
onion,1,1214.0,Tindivanam APMC,-0.1043,0.9172,-1517.943917,91,M6,False
onion,1,1236.0,Agar APMC,0.0127,0.9899,172.502609,128,M9,False
onion,1,1275.0,Kapadvanj APMC,2.4629,0.0145,19804.437713,248,M9,True
onion,1,1282.0,Jamkhed APMC,-0.565,0.5726,-3297.140596,248,M6,False
onion,1,1283.0,Kopargaon APMC,1.8531,0.0651,19139.226716,248,M9,False
onion,1,1284.0,Pathardi APMC,2.3044,0.022,13953.274371,248,M9,True
onion,1,1285.0,Shevgaon APMC,0.8085,0.4196,6460.742865,237,M9,False
onion,1,1287.0,Shrirampur APMC,1.5308,0.1273,13347.807198,208,M9,False
onion,1,1290.0,Bhusaval APMC,0.6879,0.4921,5412.36142,248,M9,False
onion,1,1297.0,Karjat APMC,1.8809,0.0621,15483.162711,136,M9,False
onion,1,1298.0,Kalvan APMC,2.7872,0.0057,26680.000647,248,M9,True
onion,1,1299.0,Nandgaon APMC,2.7114,0.0072,23513.694667,248,M9,True
onion,1,1304.0,Vadgaonpeth APMC,3.0,0.003,34961.495427,221,M9,True
onion,1,1306.0,Junnar APMC,1.0715,0.285,14041.707534,248,M9,False
onion,1,1310.0,Karad APMC,2.5903,0.0102,31058.010342,248,M9,True
onion,1,1313.0,Satara APMC,3.0544,0.0025,19741.783023,248,M9,True
onion,1,1314.0,Vaduj APMC,1.9616,0.0542,35574.270554,65,M9,False
onion,1,1315.0,Vai APMC,1.7568,0.0802,12421.889093,248,M9,False
onion,1,1318.0,Mangal Wedha APMC,2.8092,0.0054,23716.700441,248,M9,True
onion,1,1321.0,Lasur Station APMC,2.514,0.0126,19061.102397,248,M9,True
onion,1,1322.0,Vaijpur APMC,3.1982,0.0016,33887.465857,248,M9,True
onion,1,1377.0,Bayana APMC,-0.4892,0.6259,-2737.087543,91,M6,False
onion,1,1385.0,Sujangarh APMC,-3.2367,0.0017,-9569.708916,91,M6,True
onion,1,1386.0,Bhadara APMC,2.0864,0.0398,25764.409308,91,M9,True
onion,1,1387.0,Goluwala APMC,1.9453,0.0549,26868.927121,91,M9,False
onion,1,1389.0,Rawatsar APMC,-1.4744,0.1439,-7137.121002,91,M6,False
onion,1,1418.0,Rajsamand APMC,-1.7127,0.0902,-10233.059845,91,M6,False
onion,1,1427.0,Zira APMC,2.4832,0.0149,24908.847867,91,M9,True
onion,1,1428.0,Dinanagar APMC,2.1074,0.0379,27905.608797,91,M9,True
onion,1,1429.0,Quadian APMC,3.1567,0.003,58290.421311,43,M9,True
onion,1,1433.0,Garh Shankar APMC,2.4087,0.018,19658.144972,91,M9,True
onion,1,1434.0,Tanda Urmur APMC,3.1025,0.0027,29357.657122,75,M9,True
onion,1,1435.0,Adampur APMC,4.1408,0.0002,50238.374196,45,M9,True
onion,1,1441.0,Doraha APMC,3.6555,0.0004,32591.168966,91,M9,True
onion,1,1443.0,Ludhiana APMC,1.6581,0.1008,11486.543057,91,M9,False
onion,1,1446.0,Sahnewal APMC,1.192,0.2364,14634.170092,91,M9,False
onion,1,1449.0,Nihal Singh Wala APMC,0.2626,0.7934,2729.26914,91,M9,False
onion,1,1456.0,Rajpura APMC,2.8643,0.0052,25525.67064,91,M9,True
onion,1,1457.0,Chamkaur Sahib APMC,1.8563,0.0667,27500.399357,91,M9,False
onion,1,1458.0,Kharar APMC,1.981,0.0506,25317.448828,91,M9,False
onion,1,1459.0,Kurali APMC,2.2652,0.0259,22826.61785,90,M9,True
onion,1,1464.0,Bassi Pathana APMC,2.1224,0.0366,39222.907293,90,M9,True
onion,1,1466.0,Khamano APMC,-1.6268,0.1073,-58146.451694,90,M6,False
onion,1,1469.0,Vellore APMC,1.8934,0.0615,16431.513099,91,M9,False
onion,1,1498.0,Jahajharpur APMC,2.5034,0.0132,27811.009801,189,M9,True
onion,1,1507.0,Boudh APMC,4.0727,0.0001,67349.937071,197,M9,True
onion,1,1510.0,Sargipali APMC,3.0412,0.0026,26532.779271,248,M9,True
onion,1,1511.0,Udala APMC,2.3108,0.0217,20470.054095,248,M9,True
onion,1,1513.0,Jaleswar APMC,0.5916,0.5548,6199.07137,209,M9,False
onion,1,1516.0,Kamakhyanagar APMC,1.0828,0.2799,28437.013063,248,M9,False
onion,1,1520.0,Keonjhar APMC,1.5448,0.1238,15284.52276,225,M9,False
onion,1,1523.0,Balugaon APMC,1.9961,0.047,20430.454555,248,M9,True
onion,1,1525.0,Birmaharajpur APMC,1.9333,0.0546,21799.520037,205,M9,False
onion,1,1527.0,Hinjilicut APMC,0.3724,0.71,3341.302991,202,M9,False
onion,1,1537.0,Porbandar APMC,2.4605,0.0146,22953.66935,248,M9,True
onion,1,1569.0,Bhagta Bhai Ka APMC,1.7676,0.0805,24531.226333,91,M9,False
onion,1,1570.0,Talwandi Sabo APMC,1.304,0.1956,18766.030709,91,M9,False
onion,1,1573.0,Mamdot APMC,2.6079,0.0109,12061.254593,80,M9,True
onion,1,1575.0,F.G.Churian APMC,1.8971,0.0616,21144.144843,78,M9,False
onion,1,1585.0,Banur APMC,2.7556,0.0071,40555.647317,91,M9,True
onion,1,1587.0,Dera Bassi APMC,3.2339,0.0017,22433.556798,91,M9,True
onion,1,1588.0,Ghanaur APMC,1.4098,0.162,12104.280222,91,M9,False
onion,1,1593.0,Lehra Gaga APMC,1.9797,0.0508,26372.353277,90,M9,False
onion,1,1601.0,Akole APMC,1.979,0.0489,23073.73813,248,M9,True
onion,1,1606.0,Rayya APMC,-0.5637,0.5744,-3179.29619,91,M6,False
onion,1,1610.0,Ajmer(F&V) APMC,2.1247,0.0364,38739.441225,91,M9,True
onion,1,1611.0,Bikaner (F&V) APMC,-0.4713,0.6386,-2275.580166,91,M6,False
onion,1,1614.0,Sriganganagar (F&V) APMC,1.5971,0.1143,38612.483356,79,M9,False
onion,1,1633.0,Satana APMC,2.6156,0.0095,26069.835639,248,M9,True
onion,1,1634.0,Rahuri APMC,-0.3758,0.7074,-2770.606535,248,M6,False
onion,1,1637.0,Akluj APMC,0.5269,0.5987,3678.725791,248,M9,False
onion,1,1644.0,Sinner APMC,2.7721,0.006,31495.27496,248,M9,True
onion,1,1663.0,Sitarganj APMC,1.0577,0.293,8024.495183,91,M9,False
onion,1,1704.0,Dasda APMC,0.9581,0.3408,5812.604264,85,M9,False
onion,1,1715.0,Kopaganj APMC,2.1003,0.0385,19620.416977,91,M9,True
onion,1,1716.0,Partaval APMC,1.2247,0.2239,7464.43617,91,M9,False
onion,1,1718.0,Kannauj APMC,-0.2672,0.79,-3741.988978,76,M6,False
onion,1,1719.0,Robertsganj APMC,2.3957,0.0187,36762.600023,91,M9,True
onion,1,1720.0,Aligarh APMC,2.9672,0.004,31051.595178,80,M9,True
onion,1,1721.0,Akbarpur APMC,1.623,0.1081,21472.835328,91,M9,False
onion,1,1722.0,Balrampur APMC,-0.8931,0.3742,-4858.83378,91,M6,False
onion,1,1727.0,Naugarh APMC,-2.9385,0.0043,-8963.628659,84,M6,True
onion,1,1729.0,Dadri APMC,3.3532,0.0012,57370.524302,78,M9,True
onion,1,1730.0,Haathras APMC,2.5194,0.0135,34232.881562,91,M9,True
onion,1,1731.0,Golagokarnath APMC,0.6421,0.5224,2927.261096,91,M9,False
onion,1,1732.0,Puranpur APMC,1.7567,0.0824,48339.204938,91,M9,False
onion,1,1733.0,Bangarmau APMC,1.9487,0.055,22860.241338,78,M9,False
onion,1,1735.0,Bishalpur APMC,2.2022,0.0302,14855.303963,91,M9,True
onion,1,1737.0,Kayamganj APMC,1.7168,0.0895,26177.785107,91,M9,False
onion,1,1738.0,Konch APMC,-1.3067,0.1947,-7087.636742,90,M6,False
onion,1,1741.0,Bharthna APMC,2.433,0.017,35276.340929,91,M9,True
onion,1,1743.0,Jayas APMC,1.1886,0.2377,7433.70155,91,M9,False
onion,1,1746.0,Paliakala APMC,3.1274,0.0024,21465.085467,90,M9,True
onion,1,1749.0,Sirsa APMC,-0.0548,0.9564,-225.673306,82,M6,False
onion,1,1754.0,Gangoh APMC,1.8867,0.0624,16434.535317,91,M9,False
onion,1,1755.0,Charra APMC,1.8425,0.0687,10125.044792,91,M9,False
onion,1,1759.0,Khair APMC,-0.1185,0.906,-951.328282,76,M6,False
onion,1,1760.0,Safdarganj APMC,0.2243,0.823,956.44046,91,M9,False
onion,1,1763.0,Naanpara APMC,-0.1536,0.8783,-864.543185,91,M6,False
onion,1,1768.0,Baripaal APMC,1.3971,0.1658,13122.423943,91,M9,False
onion,1,1770.0,Jasvantnagar APMC,2.1068,0.0379,27968.484117,91,M9,True
onion,1,1772.0,Tulsipur APMC,1.0818,0.2828,5825.032364,76,M9,False
onion,1,1773.0,Anandnagar APMC,1.0288,0.3063,7673.236243,91,M9,False
onion,1,1774.0,Mehmoodabad APMC,1.2858,0.2018,8210.375498,91,M9,False
onion,1,1776.0,Shahabad(New Mandi) APMC,1.5935,0.1153,9651.417225,76,M9,False
onion,1,1778.0,Dudhi APMC,2.9772,0.0038,30126.924163,85,M9,True
onion,1,1780.0,Mugrabaadshahpur APMC,-0.0621,0.9506,-484.56538,91,M6,False
onion,1,1783.0,Gulavati APMC,0.679,0.4989,3322.250045,91,M9,False
onion,1,1785.0,Rampurmaniharan APMC,2.9902,0.0038,20840.252262,77,M9,True
onion,1,1788.0,Sambhal APMC,0.9126,0.3639,5966.312032,91,M9,False
onion,1,1791.0,Najibabad APMC,0.5256,0.6008,2346.723627,74,M9,False
onion,1,1793.0,Jalaun APMC,0.7363,0.4638,6439.1759,78,M9,False
onion,1,1804.0,Barwala APMC,3.0114,0.0029,15111.826267,248,M9,True
onion,1,1805.0,Barara APMC,-0.1335,0.8939,-529.834567,230,M6,False
onion,1,1808.0,Naraingarh APMC,1.4701,0.1428,7571.550268,248,M9,False
onion,1,1809.0,Shahzadpur APMC,-1.9086,0.0575,-7182.185881,248,M6,False
onion,1,1810.0,Jagadhri APMC,3.4394,0.0007,17103.677275,248,M9,True
onion,1,1811.0,Chhachrauli APMC,0.9038,0.367,6406.970769,248,M9,False
onion,1,1812.0,Mustafabad APMC,0.7232,0.4702,5211.311236,248,M9,False
onion,1,1813.0,Sadhaura APMC,-1.0615,0.2895,-4681.326267,248,M6,False
onion,1,1814.0,Radaur APMC,2.3539,0.0194,22370.934072,247,M9,True
onion,1,1823.0,Farukh Nagar APMC,1.2301,0.2198,9802.672014,248,M9,False
onion,1,1826.0,Punhana APMC,1.2305,0.2197,6903.777409,238,M9,False
onion,1,1827.0,Tauru APMC,3.7419,0.0002,24311.396768,248,M9,True
onion,1,1828.0,Barwala(Hisar) APMC,0.7236,0.4701,5609.763525,218,M9,False
onion,1,1833.0,Jakhal APMC,3.0094,0.0029,18788.860018,248,M9,True
onion,1,1839.0,Dhand APMC,2.9557,0.0034,23651.6486,248,M9,True
onion,1,1842.0,Siwan APMC,2.8757,0.0044,18507.298205,248,M9,True
onion,1,1852.0,Madlauda APMC,0.5958,0.5519,3343.871193,248,M9,False
onion,1,1853.0,Samalkha APMC,-1.0904,0.2767,-7868.113589,238,M6,False
onion,1,1860.0,Meham APMC,-0.3519,0.7252,-2481.715038,248,M6,False
onion,1,1864.0,Ganaur APMC,2.6341,0.009,19775.47673,248,M9,True
onion,1,1868.0,Bowenpally APMC,0.6791,0.4988,7734.700951,91,M9,False
onion,1,1894.0,Parner APMC,2.7136,0.0071,22961.92359,248,M9,True
onion,1,1895.0,Devala APMC,2.0045,0.0461,18703.199096,248,M9,True
onion,1,1939.0,Ramtek APMC,2.7981,0.0055,28461.301554,248,M9,True
onion,1,1966.0,Gopiganj APMC,-0.6349,0.5273,-4282.222378,79,M6,False
onion,1,1967.0,Karvi APMC,0.8747,0.3843,7381.466321,82,M9,False
onion,1,1971.0,Aroor APMC,1.1513,0.2508,16797.587012,236,M9,False
onion,1,1973.0,Kuruppanthura Market,-3.2725,0.0012,-73300.905037,245,M6,True
onion,1,1974.0,Chelakkara Market,1.8471,0.0659,17407.541584,248,M9,False
onion,1,1975.0,Munnar Market,2.0578,0.0407,48882.007089,248,M9,True
onion,1,1977.0,Kottakkal Market,2.5975,0.01,31797.982364,248,M9,True
onion,1,1978.0,Angamaly Market,2.8598,0.0046,42661.365556,248,M9,True
onion,1,1979.0,Kallachi Market,1.2018,0.2306,15553.491896,248,M9,False
onion,1,1980.0,Taliparamba Market,0.4707,0.6387,14757.652537,117,M9,False
onion,1,1981.0,Neeleswaram APMC,3.2037,0.0015,32596.09227,248,M9,True
onion,1,1986.0,Madhavapuram Market,0.9828,0.3267,23348.005188,248,M9,False
onion,1,2007.0,Piravam Market,1.1803,0.239,23465.126425,248,M9,False
onion,1,2008.0,Aralamoodu Market,0.5707,0.5687,10539.406431,248,M9,False
onion,1,2013.0,Anchal Market,1.4735,0.1419,15373.500007,248,M9,False
onion,1,2015.0,Chengannur Market,1.5208,0.1296,27463.526065,248,M9,False
onion,1,2016.0,Kayamkulam Market,2.3939,0.0174,39469.881435,248,M9,True
onion,1,2017.0,Harippad APMC,1.4207,0.157,21029.905947,194,M9,False
onion,1,2019.0,Pampady Market,1.5097,0.1324,22551.246683,248,M9,False
onion,1,2020.0,Ettumanoor Market,1.7855,0.0754,29753.41521,248,M9,False
onion,1,2021.0,Kanjirappally Market,-2.8191,0.0052,-59177.622472,248,M6,True
onion,1,2022.0,Pala Market,-3.048,0.0026,-55779.853624,248,M6,True
onion,1,2024.0,Chalakudy Market,0.5455,0.5859,8164.783406,248,M9,False
onion,1,2025.0,Irinjalakkuda APMC,2.0381,0.0426,26126.160781,248,M9,True
onion,1,2026.0,Chavakkad Market,1.254,0.211,14633.335088,248,M9,False
onion,1,2027.0,Wadakkanchery Market,1.259,0.2092,12454.090017,248,M9,False
onion,1,2035.0,Kanjangadu Market,3.7543,0.0002,38241.965331,248,M9,True
onion,1,2036.0,Vamanapuram Market,1.8653,0.0633,29940.535278,248,M9,False
onion,1,2039.0,Rahata APMC,1.4626,0.1448,13324.905314,248,M9,False
onion,1,2076.0,Badnawar APMC,-0.2379,0.8123,-1366.247823,144,M6,False
onion,1,2086.0,Narsinghgarh APMC,-1.3534,0.1772,-9943.385972,248,M6,False
onion,1,2088.0,Sailana APMC,0.284,0.7767,2400.951517,248,M9,False
onion,1,2097.0,Shajapur APMC,0.8364,0.4043,6834.377794,145,M9,False
onion,1,2103.0,Kalapipal APMC,-0.6859,0.4934,-7009.424263,248,M6,False
onion,1,2130.0,Rahuri(Vambori) APMC,3.2255,0.0014,24697.567392,248,M9,True
onion,1,2139.0,Lasalgaon(Niphad) APMC,2.8995,0.0041,32149.572001,248,M9,True
onion,1,2141.0,Dindori(Vani) APMC,3.0981,0.0022,34897.082537,208,M9,True
onion,1,2142.0,Pimpalgaon Baswant(Saykheda) APMC,3.5831,0.0004,36032.496697,248,M9,True
onion,1,2146.0,Junnar(Otur) APMC,2.3084,0.0218,23190.735141,248,M9,True
onion,1,2147.0,Khed(Chakan) APMC,2.9688,0.0033,21060.20137,248,M9,True
onion,1,2148.0,Pune(Pimpri) APMC,3.2142,0.0015,27147.017371,248,M9,True
onion,1,2149.0,Pune(Khadiki) APMC,-3.6088,0.0004,-15496.284631,248,M6,True
onion,1,2150.0,"Sangli(Phale, Bhajipala Market) APMC",2.4803,0.0138,14055.051245,248,M9,True
onion,1,2163.0,Chandrapur(Ganjwad) APMC,3.6413,0.0003,44275.680472,248,M9,True
onion,1,2173.0,Kathua (F&V),0.7226,0.4706,6635.764959,248,M9,False
onion,1,2176.0,Thrippunithura Market,2.4306,0.0158,31451.197085,248,M9,True
onion,1,2177.0,Pattambi Market,0.7183,0.4733,12898.124312,248,M9,False
onion,1,2181.0,Khekda APMC,2.7016,0.0082,34921.046882,91,M9,True
onion,1,2182.0,Jahangirabad APMC,1.6567,0.1011,12149.097158,91,M9,False
onion,1,2183.0,Siyana APMC,-0.1259,0.9001,-484.446018,82,M6,False
onion,1,2184.0,Sikanderabad APMC,2.8488,0.0055,37157.413841,85,M9,True
onion,1,2185.0,Anoop Shahar APMC,0.457,0.649,3096.498455,75,M9,False
onion,1,2186.0,Sikarpur APMC,-0.3464,0.7298,-2007.174689,91,M6,False
onion,1,2188.0,Chutmalpur APMC,0.0876,0.9304,1524.077043,81,M9,False
onion,1,2190.0,Kairana APMC,-0.0005,0.9996,-2.682856,91,M6,False
onion,1,2191.0,Thanabhavan APMC,0.3074,0.7592,2707.620821,91,M9,False
onion,1,2193.0,Fatehabad APMC,-1.0644,0.29,-3547.471654,91,M6,False
onion,1,2195.0,Khairagarh APMC,1.3154,0.1917,15703.18133,91,M9,False
onion,1,2196.0,Jagnair APMC,-1.1708,0.2448,-5532.741022,91,M6,False
onion,1,2198.0,Samsabad APMC,1.706,0.0915,11515.945608,91,M9,False
onion,1,2200.0,Shadabad APMC,2.3472,0.0211,62312.327742,91,M9,True
onion,1,2203.0,Awagarh APMC,-0.7248,0.4704,-5369.363717,91,M6,False
onion,1,2209.0,Dhanaura APMC,0.7207,0.473,4928.746443,91,M9,False
onion,1,2212.0,Anwala APMC,0.939,0.3503,6446.973289,91,M9,False
onion,1,2216.0,Shahaswan APMC,-0.3515,0.726,-3172.457131,90,M6,False
onion,1,2219.0,Uttaripura APMC,2.4051,0.0186,39375.54746,76,M9,True
onion,1,2225.0,Lalganj APMC,2.0053,0.0479,28849.029077,91,M9,True
onion,1,2227.0,Salon APMC,0.1653,0.8691,829.873829,81,M9,False
onion,1,2229.0,Hargaon (Laharpur) APMC,1.5,0.1371,11607.067809,91,M9,False
onion,1,2239.0,Rudauli APMC,1.5853,0.1171,10486.185719,77,M9,False
onion,1,2240.0,Nawabganj APMC,1.3117,0.1929,17544.916625,91,M9,False
onion,1,2243.0,Ahirora APMC,1.2509,0.2142,28953.367678,91,M9,False
onion,1,2244.0,Doharighat APMC,0.6296,0.5308,9087.780017,79,M9,False
onion,1,2249.0,Khalilabad APMC,0.7362,0.4636,5632.877894,86,M9,False
onion,1,2250.0,Gadaura APMC,1.9911,0.0501,7748.433963,77,M9,False
onion,1,2252.0,Payagpur APMC,0.4642,0.6439,3754.000308,75,M9,False
onion,1,2266.0,Kalyani APMC,3.0104,0.0034,38994.622598,91,M9,True
onion,1,2268.0,Baruipur(Canning) APMC,4.0012,0.0001,56212.940983,91,M9,True
onion,1,2269.0,Uluberia APMC,3.9772,0.0001,62870.340313,91,M9,True
onion,1,2270.0,Sheoraphuly APMC,2.3354,0.0217,51113.179581,91,M9,True
onion,1,2318.0,Rajgarh APMC,-1.7504,0.0814,-9801.430864,230,M6,False
onion,1,2325.0,Shamgarh APMC,3.2874,0.0013,29009.961078,145,M9,True
onion,1,2422.0,Thirupathur APMC,1.0452,0.2987,12894.049922,91,M9,False
onion,1,2441.0,Ambala City(Subji Mandi) APMC,0.4369,0.6626,3904.050836,217,M9,False
onion,1,2444.0,FerozpurZirkha(Nagina) APMC,1.4218,0.1564,10658.156418,248,M9,False
onion,1,2451.0,Panchkul(Kalka) APMC,7.0682,0.0,55709.118383,147,M9,True
onion,1,2481.0,Kota (F&V) APMC,2.2561,0.0269,40670.793746,79,M9,True
onion,1,2487.0,Jalandhar City(Jalandhar) APMC,1.6861,0.0952,14113.969043,91,M9,False
onion,1,2490.0,Nawan Shahar(Subzi Mandi) APMC,2.8157,0.006,26215.476183,91,M9,True
onion,1,2505.0,Rampuraphul(Nabha Mandi) APMC,2.4495,0.0162,21464.142082,91,M9,True
onion,1,2510.0,Mukerian(Talwara) APMC,2.1836,0.0317,20036.311464,87,M9,True
onion,1,2521.0,SMY Nadaun,0.7532,0.452,7783.746129,248,M9,False
onion,1,2524.0,SMY Takoli,2.5596,0.0111,22418.767389,248,M9,True
onion,1,2526.0,SMY Baijnath,1.3749,0.1704,14935.439464,248,M9,False
onion,1,2527.0,SMY Nagrota Bagwan,2.3358,0.0204,15502.909188,226,M9,True
onion,1,2528.0,SMY Jassur,0.9596,0.3383,10683.002534,222,M9,False
onion,1,2529.0,SMY Jaisinghpur,1.6859,0.0931,15823.030082,248,M9,False
onion,1,2536.0,Belacoba APMC,4.0027,0.0001,38706.306131,91,M9,True
onion,1,2537.0,Siliguri APMC,3.3057,0.0014,59597.550111,91,M9,True
onion,1,2543.0,Ahmedabad(Chimanbhai Patal Market Vasana) APMC,2.5017,0.013,31002.084852,248,M9,True
onion,1,2545.0,Rajkot(Veg.Sub Yard) APMC,3.1781,0.0017,23320.207702,248,M9,True
onion,1,2549.0,Dahod(Veg. Market) APMC,2.1484,0.0327,15381.345459,248,M9,True
onion,1,2551.0,Vadodara(Sayajipura) APMC,2.8214,0.0052,28258.340254,248,M9,True
onion,1,2571.0,"Anand(Veg,Yard,Anand) APMC",1.2698,0.2054,9522.637552,248,M9,False
onion,1,2668.0,Kottarakkara Market,1.5733,0.1169,22394.069422,248,M9,False
onion,1,2673.0,Mannar Market,0.0639,0.9491,1365.974564,248,M9,False
onion,1,2674.0,Athirampuzha Market,1.4792,0.1404,21711.608796,248,M9,False
onion,1,2675.0,Thalayolaparambu Market,2.1337,0.0338,37300.728565,248,M9,True
onion,1,2677.0,Vandiperiyar Market,3.3247,0.001,62839.423788,239,M9,True
onion,1,2679.0,Kattappana Market,2.3943,0.0174,56256.745635,248,M9,True
onion,1,2680.0,Perumbavoor Market,2.7728,0.006,29897.871667,248,M9,True
onion,1,2681.0,Kothamangalam Market,2.1954,0.0291,29969.623108,248,M9,True
onion,1,2683.0,Vadakkenchery Market,0.1733,0.8625,2933.893433,248,M9,False
onion,1,2684.0,Perinthalmanna Market,1.9154,0.0566,21000.444144,248,M9,False
onion,1,2685.0,Parappanangadi Market,-1.1419,0.2548,-12930.651744,211,M6,False
onion,1,2686.0,Thirurrangadi Market,-0.7584,0.4489,-7709.028831,248,M6,False
onion,1,2687.0,Kondotty Market,1.1043,0.2706,13412.435058,235,M9,False
onion,1,2689.0,Perambra Market,1.7931,0.0742,26442.149063,248,M9,False
onion,1,2690.0,Mukkom Market,0.3525,0.7247,4132.664488,248,M9,False
onion,1,2691.0,Quilandy Market,1.5666,0.1185,17471.38352,248,M9,False
onion,1,2692.0,Thamarassery Market,2.4929,0.0133,29335.178867,248,M9,True
onion,1,2693.0,Chala Market,0.6284,0.5303,12352.456005,248,M9,False
onion,1,2696.0,Phillaur(Apra Mandi) APMC,2.4281,0.0173,42535.755286,86,M9,True
onion,1,2701.0,Garh Shankar(Mahalpur) APMC,2.5409,0.0128,21795.087832,90,M9,True
onion,1,2703.0,Mumbai-Onion & Potato Market APMC,1.7831,0.0758,15677.359758,248,M9,False
onion,1,2704.0,Amrawati(Frui & Veg. Market) APMC,2.2468,0.0255,19788.380233,248,M9,True
onion,1,2708.0,Newasa(Ghodegaon) APMC,0.3468,0.7291,2558.496672,248,M9,False
onion,1,2713.0,Bonai APMC,-0.4497,0.6535,-6208.216381,177,M6,False
onion,1,2714.0,Bargarh(Barapalli) APMC,1.5218,0.1294,18359.40603,231,M9,False
onion,1,2721.0,Keonjhar(Dhekikote) APMC,4.6446,0.0,44010.798855,233,M9,True
onion,1,2738.0,Udaipur (F&V) APMC,-2.2276,0.0284,-12999.966288,91,M6,True
onion,1,2739.0,Chomu FV APMC,1.2511,0.2141,14876.349361,91,M9,False
onion,1,2744.0,Bassi APMC,2.9851,0.0036,57182.450977,91,M9,True
onion,1,2773.0,Mehsana(Mehsana Veg) APMC,2.0054,0.046,16445.284147,248,M9,True
onion,1,2774.0,Deesa(Deesa Veg Yard) APMC,3.353,0.0009,35341.114879,248,M9,True
onion,1,2800.0,Khandhla APMC,2.2697,0.026,33847.547782,80,M9,True
onion,1,2803.0,Noida APMC,2.6648,0.0094,64336.062612,78,M9,True
onion,1,2894.0,Bara Bazar (Posta Bazar) APMC,3.0845,0.0027,50033.812299,91,M9,True
onion,1,2897.0,Habra APMC,2.0877,0.0397,45115.43709,91,M9,True
onion,1,2899.0,Durgapur APMC,3.1896,0.002,35809.404161,91,M9,True
onion,1,2902.0,Gajol APMC,3.5862,0.0005,43350.535025,91,M9,True
onion,1,2905.0,Balarampur APMC,3.0632,0.0029,35328.510103,91,M9,True
onion,1,2910.0,"New Grain Market , Faridabad APMC",-0.0311,0.9752,-176.423017,246,M6,False
onion,1,2940.0,Tiruchengode APMC,-2.6653,0.0091,-43566.400233,91,M6,True
onion,1,2970.0,Thuraiyur APMC,-0.5472,0.5856,-9957.609641,91,M6,False
onion,1,3039.0,SMY Santoshgarh,0.3183,0.7505,3110.952635,248,M9,False
onion,1,3045.0,Harda(F&V) APMC,-0.699,0.4857,-5913.987834,147,M6,False
onion,1,3046.0,Indore APMC,3.1119,0.0022,28807.937164,145,M9,True
onion,1,3048.0,Badnawar(F&V) APMC,-0.7333,0.4644,-4402.781709,172,M6,False
onion,1,3054.0,Dewas(F&V) APMC,-2.7718,0.0062,-7202.273686,169,M6,True
onion,1,3059.0,Lashkar(F&V) APMC,-1.7531,0.0814,-10609.4158,171,M6,False
onion,1,3067.0,Sagar(F&V) APMC,-2.3876,0.0181,-15219.849619,171,M6,True
onion,1,3071.0,Jabalpur(F&V) APMC,-4.4663,0.0,-19704.605236,171,M6,True
onion,1,3075.0,Chhindwara(F&V) APMC,1.3642,0.1747,11955.910877,139,M9,False
onion,1,3080.0,Tusura APMC,3.5685,0.0005,37076.997274,180,M9,True
onion,1,3086.0,Godbhaga APMC,0.005,0.996,56.795708,181,M9,False
onion,1,3092.0,Saharpada APMC,2.8129,0.0053,35484.933252,238,M9,True
onion,1,3098.0,Kalyanpur APMC,2.5948,0.0111,26454.625689,91,M9,True
onion,1,3099.0,Jampuijala APMC,0.9731,0.3334,17082.898887,83,M9,False
onion,1,3102.0,Gondatwisa APMC,-2.5267,0.0134,-20427.865029,85,M6,True
onion,1,3104.0,Silachhari APMC,1.2758,0.2053,16259.695366,91,M9,False
onion,1,3105.0,Barpathari APMC,1.9837,0.0503,21357.998617,91,M9,False
onion,1,3117.0,Asansol APMC,3.0908,0.0027,23015.230025,91,M9,True
onion,1,3128.0,Junnar(Alephata) APMC,1.3943,0.1645,11818.090588,248,M9,False
onion,1,3130.0,Junnar(Narayangaon) APMC,0.4561,0.6488,2816.38346,223,M9,False
onion,1,3142.0,Kamthi APMC,2.5729,0.0107,23295.046011,248,M9,True
onion,1,3218.0,Tiphra APMC,1.1811,0.2387,8978.342577,235,M9,False
onion,1,3297.0,Khariar APMC,-0.5294,0.5971,-5505.677133,225,M6,False
onion,1,3299.0,Chuliaposi APMC,0.4186,0.676,3634.769447,166,M9,False
onion,1,3306.0,Nilagiri APMC,0.4039,0.687,2867.837832,125,M9,False
onion,1,3308.0,Hindol APMC,0.9732,0.3314,7812.182003,248,M9,False
onion,1,3339.0,Falakata APMC,2.7775,0.0069,26545.879533,77,M9,True
onion,1,3340.0,Moynaguri APMC,3.5349,0.0006,34043.279033,91,M9,True
onion,1,3341.0,Karsiyang(Matigara) APMC,6.4184,0.0,96472.968589,91,M9,True
onion,1,3343.0,Raiganj APMC,0.9038,0.3697,11470.130444,61,M9,False
onion,1,3344.0,Gangarampur(Dakshin Dinajpur) APMC,1.866,0.0655,22228.048857,85,M9,False
onion,1,3346.0,Diamond Harbour(South 24-pgs) APMC,3.536,0.0006,40716.391657,91,M9,True
onion,1,3347.0,Kalipur APMC,2.6993,0.0083,22780.368523,91,M9,True
onion,1,3349.0,Ranaghat APMC,1.8737,0.0642,31025.545158,91,M9,False
onion,1,3350.0,Chakdah APMC,2.1623,0.0332,35380.271879,91,M9,True
onion,1,3352.0,Garbeta(Medinipur) APMC,1.4159,0.1603,10286.994203,91,M9,False
onion,1,3354.0,Kasipur APMC,1.1414,0.2567,15340.412637,91,M9,False
onion,1,3355.0,Sainthia APMC,2.7075,0.0081,33332.091915,91,M9,True
onion,1,3393.0,Broadway market Market,1.7129,0.0889,21570.583776,145,M9,False
onion,1,3394.0,North Paravur Market,-0.9161,0.3611,-36372.136756,146,M6,False
onion,1,3440.0,GarhShankar (Kotfatuhi) APMC,1.7886,0.077,14147.09217,91,M9,False
onion,1,3445.0,APMC Azadpur,-2.2388,0.0261,-19666.001459,248,M6,True
onion,1,3448.0,Lasalgaon(Vinchur) APMC,2.334,0.0204,24195.466296,248,M9,True
onion,1,3449.0,Pune(Manjri) APMC,2.3584,0.0191,15879.723399,248,M9,True
onion,1,3450.0,Pune(Moshi) APMC,-0.2608,0.7945,-1713.801706,248,M6,False
onion,1,3452.0,Agriculture Produce Market Committee Hingna,1.4155,0.1591,12460.560344,145,M9,False
onion,1,3458.0,Umrane APMC,0.3007,0.7639,3182.548107,248,M9,False
onion,1,3462.0,Nampur APMC,2.2089,0.0281,23558.547965,248,M9,True
onion,1,3500.0,Batengoo Anantnag (F&V),3.6516,0.0007,77191.501136,45,M9,True
onion,1,3517.0,PMY Kangni Mandi,3.5181,0.001,43843.898378,46,M9,True
onion,1,3626.0,Dablirathan APMC,1.4938,0.1394,13879.304758,77,M9,False
onion,1,3675.0,Halahali,-0.5646,0.5764,-15919.50064,32,M6,False
onion,1,3677.0,Kanchanpur,1.2267,0.2233,13399.173744,87,M9,False
onion,1,3680.0,Kadamtala,2.5756,0.0116,29963.437993,91,M9,True
onion,1,3953.0,Tajpur APMC,1.3516,0.1782,11921.345698,187,M9,False
onion,1,3956.0,Sheohar APMC,1.1943,0.2337,10767.221397,215,M9,False
onion,1,3996.0,"Laxmi-Sopan Agriculture Produce Marketing Co Ltd, Barshi, Dist Solapur",0.3544,0.7237,3138.534539,127,M9,False
onion,1,4025.0,"Omchatinya Multi State Agro Purpose Co-Op Society, Dist Ahilyanagar",2.6566,0.0087,27410.929033,156,M9,True
onion,1,4038.0,"Shivsiddha Govind Producer Company Ltd Sanchalit Khajgi Krush Utpann Bajar, Samati-Nashik",1.6494,0.1014,33913.229798,136,M9,False
onion,1,4055.0,Ariyalur(Uzhavar Sandhai),0.3855,0.7008,4945.378152,91,M9,False
onion,1,4056.0,Jeyankondam (Uzhavar Sandhai ),0.7693,0.4438,13761.624413,91,M9,False
onion,1,4057.0,RSPuram(Uzhavar Sandhai ),1.6006,0.113,12936.973008,91,M9,False
onion,1,4058.0,Singanallur(Uzhavar Sandhai ),1.7594,0.0819,16957.570744,91,M9,False
onion,1,4059.0,Pollachi(Uzhavar Sandhai ),1.5237,0.1311,16304.590269,91,M9,False
onion,1,4060.0,Mettupalayam(Uzhavar Sandhai ),1.6623,0.0999,19263.342208,91,M9,False
onion,1,4061.0,Kurichi(Uzhavar Sandhai ),2.4158,0.0177,30245.344377,91,M9,True
onion,1,4062.0,Sulur(Uzhavar Sandhai ),1.4155,0.1604,14677.853167,91,M9,False
onion,1,4063.0,Vadavalli(Uzhavar Sandhai ),2.215,0.0293,22821.630363,91,M9,True
onion,1,4064.0,Sundarapuram(Uzhavar Sandhai ),2.4275,0.0172,20887.218404,91,M9,True
onion,1,4065.0,Cuddalore(Uzhavar Sandhai ),-0.3733,0.7098,-5883.780805,91,M6,False
onion,1,4066.0,Chidambaram(Uzhavar Sandhai ),0.1565,0.876,2460.852776,91,M9,False
onion,1,4067.0,Viruthachalam(Uzhavar Sandhai ),2.0633,0.042,15647.245594,91,M9,True
onion,1,4068.0,Panruti(Uzhavar Sandhai ),0.2608,0.7948,5620.901132,91,M9,False
onion,1,4069.0,Vadalur(Uzhavar Sandhai ),1.6565,0.1071,33761.44657,34,M9,False
onion,1,4070.0,Dharmapuri(Uzhavar Sandhai ),1.087,0.2799,13389.60489,91,M9,False
onion,1,4071.0,Pennagaram(Uzhavar Sandhai ),-0.4248,0.672,-6832.132206,91,M6,False
onion,1,4072.0,Palacode(Uzhavar Sandhai ),-0.2032,0.8395,-3074.058838,91,M6,False
onion,1,4073.0,Harur(Uzhavar Sandhai ),2.0586,0.0424,23299.246433,91,M9,True
onion,1,4074.0,AJattihalli(Uzhavar Sandhai ),0.7535,0.4531,7859.47103,91,M9,False
onion,1,4075.0,Dindigul(Uzhavar Sandhai ),0.1561,0.8763,1725.070553,91,M9,False
onion,1,4076.0,Palani(Uzhavar Sandhai ),1.0531,0.2951,14273.519382,91,M9,False
onion,1,4077.0,Chinnalapatti(Uzhavar Sandhai ),-0.2152,0.8301,-2786.987466,91,M6,False
onion,1,4080.0,Vedasanthur(Uzhavar Sandhai ),1.3219,0.1895,24818.239122,91,M9,False
onion,1,4081.0,Sampath Nagar(Uzhavar Sandhai ),0.3736,0.7096,4746.299136,91,M9,False
onion,1,4082.0,Gobichettipalayam(Uzhavar Sandhai ),-0.3546,0.7237,-5749.393764,91,M6,False
onion,1,4083.0,Sathiyamagalam(Uzhavar Sandhai ),0.4047,0.6866,4933.610412,91,M9,False
onion,1,4085.0,Perundurai(Uzhavar Sandhai ),0.9471,0.3461,11956.275367,91,M9,False
onion,1,4086.0,Thalavadi(Uzhavar Sandhai ),0.185,0.8537,2218.435953,91,M9,False
onion,1,4087.0,Kancheepuram(Uzhavar Sandhai ),0.2455,0.8066,3108.422698,91,M9,False
onion,1,4088.0,Padappai(Uzhavar Sandhai ),0.7151,0.4764,9451.56831,91,M9,False
onion,1,4089.0,Sunguvarchatram(Uzhavar Sandhai ),1.4286,0.1566,13323.078523,91,M9,False
onion,1,4090.0,Kundrathur(Uzhavar Sandhai ),-0.3407,0.7341,-3962.827042,91,M6,False
onion,1,4091.0,Karur(Uzhavar Sandhai ),-0.6431,0.5218,-10479.729486,91,M6,False
onion,1,4092.0,Kulithalai(Uzhavar Sandhai ),-0.0105,0.9917,-183.758922,91,M6,False
onion,1,4093.0,Velayuthampalayam(Uzhavar Sandhai ),-0.9117,0.3654,-17797.060541,64,M6,False
onion,1,4096.0,Hosur(Uzhavar Sandhai ),0.4163,0.6782,5647.689915,91,M9,False
onion,1,4097.0,Krishnagiri(Uzhavar Sandhai ),2.1773,0.0321,22242.896733,91,M9,True
onion,1,4098.0,Kaveripattinam(Uzhavar Sandhai ),0.6294,0.5307,7464.64886,91,M9,False
onion,1,4099.0,Denkanikottai(Uzhavar Sandhai ),0.0254,0.9798,380.342941,91,M9,False
onion,1,4100.0,Avallapalli(Uzhavar Sandhai ),0.4295,0.6686,5859.11021,91,M9,False
onion,1,4102.0,Chokkikulam(Uzhavar Sandhai ),0.2655,0.7913,3819.56638,91,M9,False
onion,1,4103.0,Palanganatham(Uzhavar Sandhai ),0.579,0.564,8322.593131,91,M9,False
onion,1,4104.0,Usilampatti(Uzhavar Sandhai ),0.005,0.996,168.699722,46,M9,False
onion,1,4105.0,Thirumangalam(Uzhavar Sandhai ),-0.8648,0.3894,-11663.276952,91,M6,False
onion,1,4106.0,Melur(Uzhavar Sandhai ),-0.724,0.471,-9977.096134,91,M6,False
onion,1,4107.0,Anaiyur(Uzhavar Sandhai ),-0.449,0.6545,-5917.506533,91,M6,False
onion,1,4108.0,Mayiladuthurai(Uzhavar Sandhai ),1.6555,0.1013,14778.965078,91,M9,False
onion,1,4109.0,Nagapattinam(Uzhavar Sandhai ),0.4176,0.6772,2801.465667,91,M9,False
onion,1,4110.0,Sirkali(Uzhavar Sandhai ),-1.096,0.276,-20291.088507,91,M6,False
onion,1,4111.0,Namakkal(Uzhavar Sandhai ),1.3758,0.1723,16595.270746,91,M9,False
onion,1,4113.0,Rasipuram(Uzhavar Sandhai ),-0.9721,0.3336,-13369.655955,91,M6,False
onion,1,4114.0,Kumarapalayam(Uzhavar Sandhai ),-0.8661,0.3887,-11469.553614,91,M6,False
onion,1,4115.0,Paramathivelur(Uzhavar Sandhai ),-1.5005,0.137,-36299.764218,91,M6,False
onion,1,4116.0,Mohanur(Uzhavar Sandhai ),-1.5205,0.1319,-25067.6333,91,M6,False
onion,1,4117.0,Udhagamandalam(Uzhavar Sandhai ),-0.6236,0.5345,-8171.379837,91,M6,False
onion,1,4118.0,Coonoor(Uzhavar Sandhai ),-0.9813,0.3291,-16085.744719,91,M6,False
onion,1,4120.0,Gudalur(Uzhavar Sandhai ),-0.6169,0.5389,-9860.1186,91,M6,False
onion,1,4121.0,Perambalur(Uzhavar Sandhai ),-1.8944,0.0614,-31561.107615,91,M6,False
onion,1,4123.0,Pudukottai(Uzhavar Sandhai ),-1.7769,0.079,-30523.322685,91,M6,False
onion,1,4124.0,Aranthangi(Uzhavar Sandhai ),-0.9061,0.3673,-14376.785462,91,M6,False
onion,1,4125.0,Alangudi(Uzhavar Sandhai ),2.278,0.0253,26784.124559,84,M9,True
onion,1,4126.0,Gandarvakottai(Uzhavar Sandhai ),-0.5543,0.5807,-8095.03526,91,M6,False
onion,1,4127.0,Karambakkudi(Uzhavar Sandhai ),-0.1833,0.855,-2207.26811,91,M6,False
onion,1,4128.0,Viralimalai(Uzhavar Sandhai ),-1.151,0.2528,-19745.094041,91,M6,False
onion,1,4129.0,Ramanathapuram(Uzhavar Sandhai ),-0.6769,0.5002,-11296.366564,91,M6,False
onion,1,4130.0,Paramakudi(Uzhavar Sandhai ),-1.754,0.0828,-28641.472484,91,M6,False
onion,1,4132.0,Sooramangalam(Uzhavar Sandhai ),-1.1778,0.242,-24621.729927,91,M6,False
onion,1,4133.0,Ammapet(Uzhavar Sandhai ),-1.5953,0.1142,-26838.51491,91,M6,False
onion,1,4134.0,Athur(Uzhavar Sandhai ),-1.3704,0.174,-27931.640705,91,M6,False
onion,1,4135.0,Thathakapatti(Uzhavar Sandhai ),-1.3954,0.1663,-31222.529336,91,M6,False
onion,1,4136.0,Mettur(Uzhavar Sandhai ),-1.1483,0.2539,-26912.962917,91,M6,False
onion,1,4137.0,Attayampatti(Uzhavar Sandhai ),-1.303,0.1964,-29502.588939,78,M6,False
onion,1,4138.0,Hasthampatti(Uzhavar Sandhai ),-1.6666,0.0991,-35376.223005,91,M6,False
onion,1,4139.0,Elampillai(Uzhavar Sandhai ),-1.5288,0.1298,-31977.375453,91,M6,False
onion,1,4140.0,Thammampatti (Uzhavar Sandhai ),-1.7294,0.0872,-36495.853386,91,M6,False
onion,1,4141.0,Jalagandapuram(Uzhavar Sandhai ),-1.4875,0.1404,-28002.015109,91,M6,False
onion,1,4142.0,Edapadi (Uzhavar Sandhai ),-1.3492,0.1807,-28141.653005,91,M6,False
onion,1,4143.0,Sivagangai (Uzhavar Sandhai ),-2.4904,0.0146,-38680.614102,91,M6,True
onion,1,4144.0,Devakottai (Uzhavar Sandhai ),-1.5979,0.1136,-36019.19872,91,M6,False
onion,1,4145.0,Karaikudi(Uzhavar Sandhai ),-2.5677,0.0119,-60942.526479,91,M6,True
onion,1,4146.0,Tirupatthur(Uzhavar Sandhai ),-1.0224,0.3093,-24764.623647,91,M6,False
onion,1,4147.0,Singampunari(Uzhavar Sandhai ),-0.9031,0.3689,-17692.314545,91,M6,False
onion,1,4148.0,Thanjavur(Uzhavar Sandhai ),-0.5202,0.6042,-6413.347112,91,M6,False
onion,1,4149.0,Kumbakonam (Uzhavar Sandhai ),-2.2643,0.026,-39705.248709,91,M6,True
onion,1,4150.0,Pattukottai(Uzhavar Sandhai ),-2.439,0.0167,-41608.709182,91,M6,True
onion,1,4151.0,Tirukattupalli(Uzhavar Sandhai ),-1.9514,0.0595,-46388.287703,34,M6,False
onion,1,4152.0,Papanasam(Uzhavar Sandhai ),-2.6424,0.0097,-54701.739911,91,M6,True
onion,1,4153.0,Theni(Uzhavar Sandhai ),2.3707,0.0199,28941.032391,91,M9,True
onion,1,4154.0,Kambam(Uzhavar Sandhai ),2.333,0.0219,25792.340744,91,M9,True
onion,1,4155.0,Bodinayakanur(Uzhavar Sandhai ),0.0626,0.9502,714.275997,91,M9,False
onion,1,4156.0,Periyakulam(Uzhavar Sandhai ),2.083,0.0401,23734.262028,91,M9,True
onion,1,4157.0,Devaram(Uzhavar Sandhai ),2.7791,0.0066,31473.249895,91,M9,True
onion,1,4158.0,Andipatti(Uzhavar Sandhai ),2.3183,0.0227,27078.269824,91,M9,True
onion,1,4159.0,Chinnamanur(Uzhavar Sandhai ),0.8297,0.4089,9301.487671,91,M9,False
onion,1,4160.0,Palayamkottai(Uzhavar Sandhai ),1.9484,0.0545,17834.808225,91,M9,False
onion,1,4162.0,Melapalayam(Uzhavar Sandhai ),1.9556,0.0536,20060.734264,91,M9,False
onion,1,4164.0,NGO Colony(Uzhavar Sandhai ),1.8716,0.0645,18872.405545,91,M9,False
onion,1,4165.0,Tiruthani(Uzhavar Sandhai ),1.3543,0.1849,38136.09333,34,M9,False
onion,1,4166.0,Tiruvallur(Uzhavar Sandhai ),4.1277,0.0001,42496.70426,91,M9,True
onion,1,4167.0,Ambattur(Uzhavar Sandhai ),0.2312,0.8176,4356.077179,91,M9,False
onion,1,4168.0,Paruthipattu(Uzhavar Sandhai ),0.0694,0.9448,827.657805,91,M9,False
onion,1,4169.0,Naravarikuppam(Uzhavar Sandhai ),1.4843,0.1412,17023.875347,91,M9,False
onion,1,4170.0,Perambakkam(Uzhavar Sandhai ),2.1053,0.0381,35757.625103,91,M9,True
onion,1,4172.0,Mannargudi I(Uzhavar Sandhai ),-1.5461,0.1256,-34646.961723,91,M6,False
onion,1,4173.0,Tiruvarur(Uzhavar Sandhai ),-4.029,0.0001,-119254.8635,76,M6,True
onion,1,4174.0,Needamangalam(Uzhavar Sandhai ),0.8317,0.4078,17153.719551,91,M9,False
onion,1,4175.0,Muthupettai(Uzhavar Sandhai ),-1.0269,0.3072,-20281.933401,91,M6,False
onion,1,4176.0,Mannargudi II(Uzhavar Sandhai ),-2.3106,0.0231,-50642.534127,91,M6,True
onion,1,4178.0,Tuticorin(Uzhavar Sandhai ),-1.4377,0.154,-23531.554932,91,M6,False
onion,1,4179.0,Kovilpatti(Uzhavar Sandhai ),-1.2836,0.2026,-18451.98832,91,M6,False
onion,1,4180.0,Tiruvannamalai(Uzhavar Sandhai ),0.0167,0.9867,264.611852,91,M9,False
onion,1,4181.0,Polur(Uzhavar Sandhai ),1.8184,0.0723,19064.450491,91,M9,False
onion,1,4182.0,Arani(Uzhavar Sandhai ),1.8563,0.0667,23438.704512,91,M9,False
onion,1,4183.0,Cheyyar(Uzhavar Sandhai ),1.7289,0.0873,20867.942556,91,M9,False
onion,1,4184.0,Chengam(Uzhavar Sandhai ),2.7071,0.0081,27477.802007,91,M9,True
onion,1,4185.0,Vandavasi(Uzhavar Sandhai ),3.9067,0.0002,50175.48633,70,M9,True
onion,1,4186.0,Keelpennathur(Uzhavar Sandhai ),1.2149,0.2276,18123.417702,91,M9,False
onion,1,4188.0,Anna nagar(Uzhavar Sandhai ),-1.6492,0.1026,-35081.355741,91,M6,False
onion,1,4189.0,KKNagar(Uzhavar Sandhai ),-0.933,0.3576,-41468.229454,34,M6,False
onion,1,4191.0,Manapparai(Uzhavar Sandhai ),-1.4949,0.1384,-25634.213547,91,M6,False
onion,1,4192.0,Musiri(Uzhavar Sandhai ),-0.5206,0.6039,-9175.896793,91,M6,False
onion,1,4193.0,Thiruverumbur(Uzhavar Sandhai ),-0.249,0.8049,-4354.937596,34,M6,False
onion,1,4194.0,Lalgudi(Uzhavar Sandhai ),-1.8772,0.0637,-37438.879776,91,M6,False
onion,1,4195.0,Manachanallur(Uzhavar Sandhai ),-1.6484,0.1028,-26893.467419,91,M6,False
onion,1,4197.0,Katpadi (Uzhavar Sandhai ),1.2414,0.2177,13928.225021,91,M9,False
onion,1,4198.0,Gudiyatham(Uzhavar Sandhai ),1.3915,0.1675,13014.748291,91,M9,False
onion,1,4199.0,Kahithapattarai(Uzhavar Sandhai ),1.5495,0.1248,14450.968324,91,M9,False
onion,1,4201.0,Villupuram(Uzhavar Sandhai ),-1.1914,0.242,-23430.485842,34,M6,False
onion,1,4202.0,Gingee(Uzhavar Sandhai ),1.751,0.0834,16307.167267,91,M9,False
onion,1,4203.0,Aruppukottai(Uzhavar Sandhai ),1.309,0.1939,16418.1811,91,M9,False
onion,1,4204.0,Rajapalayam(Uzhavar Sandhai ),-1.1624,0.2481,-20038.066694,91,M6,False
onion,1,4205.0,Srivilliputhur(Uzhavar Sandhai ),-0.4153,0.6789,-6923.773078,91,M6,False
onion,1,4206.0,Virudhunagar(Uzhavar Sandhai ),-0.0863,0.9314,-1479.277678,91,M6,False
onion,1,4207.0,Sivakasi(Uzhavar Sandhai ),1.6794,0.0965,17517.352091,91,M9,False
onion,1,4208.0,Sathur(Uzhavar Sandhai ),0.7112,0.4788,9440.644039,91,M9,False
onion,1,4209.0,Kariyapatti(Uzhavar Sandhai ),0.1176,0.9067,1322.568618,91,M9,False
onion,1,4210.0,Thalavaipuram(Uzhavar Sandhai ),-0.8335,0.4067,-20011.517433,91,M6,False
onion,1,4212.0,Myladi(Uzhavar Sandhai ),-1.0092,0.3156,-19809.77183,91,M6,False
onion,1,4213.0,Pallavaram(Uzhavar Sandhai ),0.0212,0.9831,323.193741,91,M9,False
onion,1,4214.0,Chengalpet(Uzhavar Sandhai ),0.5237,0.6018,6095.612584,91,M9,False
onion,1,4215.0,Medavakkam(Uzhavar Sandhai ),1.5141,0.1335,14514.577795,91,M9,False
onion,1,4216.0,Nanganallur(Uzhavar Sandhai ),1.5532,0.1239,12649.885542,91,M9,False
onion,1,4217.0,Madhuranthagam(Uzhavar Sandhai ),-0.7606,0.4492,-19345.809877,80,M6,False
onion,1,4219.0,Jameenrayapettai(Uzhavar Sandhai ),0.1634,0.8706,2239.916131,91,M9,False
onion,1,4220.0,Guduvancheri(Uzhavar Sandhai ),-0.0463,0.9632,-542.307935,91,M6,False
onion,1,4221.0,Thirukalukundram(Uzhavar Sandhai ),-1.7829,0.078,-25076.592774,91,M6,False
onion,1,4222.0,Kallakurichi(Uzhavar Sandhai ),-1.5822,0.1171,-36343.023831,91,M6,False
onion,1,4224.0,Sankarapuram(Uzhavar Sandhai ),-1.4664,0.146,-31687.870187,91,M6,False
onion,1,4225.0,Ranipettai(Uzhavar Sandhai ),1.0987,0.2748,13447.284753,91,M9,False
onion,1,4226.0,Arcot(Uzhavar Sandhai ),1.7958,0.0759,21286.209411,91,M9,False
onion,1,4227.0,Sankarankoil(Uzhavar Sandhai ),-1.6413,0.1042,-24194.512291,91,M6,False
onion,1,4228.0,Tenkasi(Uzhavar Sandhai ),1.6908,0.0943,20653.721329,91,M9,False
onion,1,4229.0,Vaniyampadi(Uzhavar Sandhai ),0.5098,0.6115,7068.436023,91,M9,False
onion,1,4231.0,Natrampalli(Uzhavar Sandhai ),0.3408,0.7341,5135.484415,91,M9,False
onion,1,4234.0,Tiruppur (North) (Uzhavar Sandhai ),1.2078,0.2303,7309.090399,91,M9,False
onion,1,4235.0,Tiruppur (South) (Uzhavar Sandhai ),1.0228,0.3091,7009.951824,91,M9,False
onion,1,4236.0,Dharapuram(Uzhavar Sandhai ),0.472,0.6381,5781.08544,91,M9,False
onion,1,4237.0,Kangayam(Uzhavar Sandhai ),-0.3721,0.7107,-4479.961345,91,M6,False
onion,1,4240.0,Balarampuram Market,-1.1575,0.2499,-33261.585932,98,M6,False
onion,1,4398.0,Kakching Market APMC,-3.1721,0.0021,-265668.693814,92,M6,True
onion,1,4402.0,SMY Jogindernagar,3.6301,0.0006,58554.331739,54,M9,True
onion,1,4407.0,SMY Takarla,3.6965,0.0007,37485.811492,36,M9,True
onion,1,4429.0,Badwani(F&V) APMC,-1.646,0.1031,-11233.052129,94,M6,False
onion,1,4464.0,Hoshangabad(F&V) APMC,1.8635,0.0663,16427.644739,77,M9,False
onion,1,4475.0,Kalapipal(F&V) APMC,0.1605,0.8729,1435.687467,93,M9,False
onion,1,4478.0,Karera(F&V) APMC,3.5341,0.001,22410.409667,43,M9,True
onion,1,4491.0,Kukshi(F&V) APMC,2.0935,0.0422,17718.687839,44,M9,True
onion,1,4503.0,Manawar(F&V) APMC,-1.0429,0.3002,-8728.309763,79,M6,False
onion,1,4523.0,Petlawad(F&V) APMC,0.9601,0.34,10590.045177,78,M9,False
onion,1,4524.0,Pipariya(F&V) APMC,1.6883,0.0947,13508.605657,93,M9,False
onion,1,4529.0,Rehli(F&V) APMC,-0.1259,0.9004,-849.9391,44,M6,False
onion,1,4532.0,Sabalgarh(F&V) APMC,1.734,0.0865,11187.451139,88,M9,False
onion,1,4533.0,Sailana(F&V) APMC,0.6264,0.5326,9383.076244,94,M9,False
onion,1,4534.0,Sanawad(F&V) APMC,0.3274,0.7442,4341.346145,81,M9,False
onion,1,4535.0,Sanwer(F&V) APMC,1.4927,0.1427,16432.661034,45,M9,False
onion,1,4539.0,Sendhwa(F&V) APMC,-2.3634,0.0202,-17307.670402,94,M6,True
onion,1,4540.0,Seoni(F&V) APMC,1.1285,0.267,5383.932584,35,M9,False
onion,1,4666.0,Rampurhat APMC,2.8669,0.0052,33451.808097,91,M9,True
onion,1,4681.0,Ayodhya APMC,1.4359,0.1545,12081.80451,91,M9,False
onion,1,4707.0,"Fruit&Vegetable Market,Gazipur APMC",2.7525,0.0085,78048.344321,46,M9,True
onion,1,4846.0,Karimangalam(Uzhavar Sandhai),3.2842,0.0015,79052.482332,83,M9,True
onion,1,4849.0,Pallikonda(Uzhavar Sandhai),1.4057,0.1638,32247.043681,78,M9,False
onion,1,4850.0,Perampet(Uzhavar Sandhai),3.1023,0.0028,69843.952399,71,M9,True
onion,1,4851.0,Peravurani(Uzhavar Sandhai),-0.0599,0.9524,-784.088508,78,M6,False
onion,1,4852.0,Ponnamaravathi(Uzhavar Sandhai),3.6555,0.0005,90799.39067,71,M9,True
onion,1,4853.0,Vazhapadi(Uzhavar Sandhai),2.5392,0.0162,56289.893548,33,M9,True
onion,1,4854.0,Vedaranyam(Uzhavar Sandhai),2.7212,0.0104,42083.124753,33,M9,True
onion,1,4855.0,Gandhigramam(Uzhavar Sandhai),-0.379,0.7072,-13543.921708,33,M6,False
onion,1,4906.0,Dhampur APMC,2.2211,0.034,20385.681405,31,M9,True
onion,4,2.0,Mahboob Manison APMC,-2.3256,0.0224,-31107.274561,88,M6,True
onion,4,11.0,Sadasivpet APMC,0.6719,0.5035,24338.332855,88,M9,False
onion,4,43.0,Chandigarh (Grain/F&V) APMC,0.9462,0.345,31351.751845,243,M9,False
onion,4,54.0,Bharuch APMC,0.8339,0.406,19213.535328,123,M9,False
onion,4,55.0,Mahuva(Station Road) APMC,1.1701,0.2431,23268.948431,245,M9,False
onion,4,61.0,Gondal APMC,1.3404,0.1815,46752.431701,228,M9,False
onion,4,62.0,Morbi APMC,1.1559,0.2489,34320.228329,245,M9,False
onion,4,64.0,Surat APMC,1.9113,0.0571,55653.405477,245,M9,False
onion,4,69.0,PMY Kangra,-0.0234,0.9813,-996.39262,245,M6,False
onion,4,70.0,PMY Kullu,-0.2644,0.7917,-9192.206803,245,M6,False
onion,4,71.0,PMY Paonta Sahib,0.2997,0.7647,11468.343441,245,M9,False
onion,4,72.0,PMY Kather Solan,0.0917,0.927,3044.640667,209,M9,False
onion,4,75.0,Fatehabad APMC,0.5033,0.6153,23642.097968,216,M9,False
onion,4,79.0,Narwana APMC,1.0296,0.3042,39308.555461,245,M9,False
onion,4,85.0,Ladwa APMC,0.2937,0.7692,11566.168249,245,M9,False
onion,4,86.0,Pehowa APMC,-0.4945,0.6214,-9103.077311,245,M6,False
onion,4,87.0,Thanesar APMC,1.2833,0.2006,69660.699849,244,M9,False
onion,4,89.0,Shahabad APMC,1.3161,0.1894,60303.3026,245,M9,False
onion,4,92.0,kalanwali APMC,1.342,0.1812,54739.612199,189,M9,False
onion,4,97.0,Parimpore Srinagar (F&V),-0.0531,0.9577,-1911.300481,218,M6,False
onion,4,98.0,Udhampur (F&V),0.072,0.9427,2338.128072,245,M9,False
onion,4,99.0,Bangalore APMC,-0.1734,0.8625,-8067.115752,207,M6,False
onion,4,101.0,Belgaum APMC,0.9899,0.3234,56268.603585,207,M9,False
onion,4,105.0,Bijapur APMC,-0.801,0.424,-35714.717491,206,M6,False
onion,4,106.0,Davangere APMC,1.0059,0.3155,28439.260175,245,M9,False
onion,4,108.0,Hubli (Amaragol) APMC,-1.0597,0.2903,-27857.233863,245,M6,False
onion,4,115.0,Mysuru APMC,1.9447,0.053,99948.328698,232,M9,False
onion,4,116.0,Raichur APMC,0.3972,0.6919,17401.779163,130,M9,False
onion,4,126.0,Aluva Market,-0.0151,0.988,-536.609366,245,M6,False
onion,4,128.0,Thalasserry Market,0.7013,0.4846,28827.770766,114,M9,False
onion,4,129.0,Kannur APMC,0.7112,0.4776,33293.884703,245,M9,False
onion,4,132.0,Kottayam Market,-0.1011,0.9195,-5628.366696,245,M6,False
onion,4,134.0,Manjeri Market,-0.3083,0.7581,-13681.477876,245,M6,False
onion,4,135.0,Palakkad Market,0.7879,0.4315,66063.863796,245,M9,False
onion,4,136.0,Koduvayoor Market,-0.0798,0.9365,-4694.215216,245,M6,False
onion,4,139.0,Thrissur Market,0.7811,0.4355,52913.236571,245,M9,False
onion,4,140.0,Kodungalloor Market,-0.4059,0.6852,-19039.315748,230,M6,False
onion,4,145.0,Ahilyanagar APMC,0.5121,0.609,21873.249757,245,M9,False
onion,4,149.0,Dhule APMC,0.6679,0.5048,28264.220523,245,M9,False
onion,4,151.0,Jalgaon APMC,-1.0109,0.313,-29987.228505,245,M6,False
onion,4,152.0,Kolhapur APMC,-0.1636,0.8702,-6224.666693,245,M6,False
onion,4,155.0,Nagpur APMC,1.5116,0.1319,100442.035999,245,M9,False
onion,4,159.0,Yeola APMC,0.3982,0.6908,16637.59023,245,M9,False
onion,4,160.0,Nasik APMC,0.9447,0.3457,42348.56271,245,M9,False
onion,4,161.0,Lasalgaon APMC,1.1486,0.2519,60632.890664,245,M9,False
onion,4,162.0,Pimpalgaon Baswant APMC,1.117,0.2651,60006.553216,245,M9,False
onion,4,164.0,Pune APMC,0.6455,0.5192,34753.250055,245,M9,False
onion,4,168.0,SHRI.SIDDHESHWAR APMC,-0.4833,0.6293,-22980.634122,245,M6,False
onion,4,169.0,Kalyan APMC,1.3191,0.1892,81096.616757,147,M9,False
onion,4,171.0,Lamlong Bazaar APMC,1.1235,0.2625,108142.871352,212,M9,False
onion,4,172.0,Bhopal APMC,0.9501,0.3437,46790.952247,141,M9,False
onion,4,173.0,Bhopal(F&V) APMC,0.0898,0.9286,1427.146716,145,M9,False
onion,4,179.0,Indore(F&V) APMC,0.3059,0.7601,8063.414726,162,M9,False
onion,4,182.0,Neemuch APMC,1.5021,0.1344,41228.875576,245,M9,False
onion,4,184.0,Rajnandgaon APMC,1.1795,0.2393,46765.722114,245,M9,False
onion,4,186.0,Ujjain APMC,1.4093,0.161,64260.879523,142,M9,False
onion,4,199.0,Bargarh APMC,0.302,0.7629,12075.564421,245,M9,False
onion,4,206.0,Kesinga APMC,1.9141,0.0568,157939.406148,245,M9,False
onion,4,207.0,Bhawanipatna APMC,1.6325,0.1045,87256.106452,167,M9,False
onion,4,216.0,Tarantaran APMC,0.9494,0.3451,21883.233444,88,M9,False
onion,4,218.0,Fazilka APMC,0.9443,0.3476,34555.032884,88,M9,False
onion,4,219.0,Jalalabad APMC,0.5341,0.5946,20032.112671,88,M9,False
onion,4,220.0,Ferozepur Cantt. APMC,-0.5413,0.59,-28983.781324,70,M6,False
onion,4,226.0,Khanna APMC,0.8298,0.4089,19153.255801,88,M9,False
onion,4,228.0,Baghapurana APMC,0.9896,0.3253,29685.189266,83,M9,False
onion,4,230.0,Muktsar APMC,1.7116,0.0905,54777.30885,88,M9,False
onion,4,231.0,Malout APMC,0.1543,0.8777,3055.724142,88,M9,False
onion,4,232.0,Patiala APMC,-0.2047,0.8383,-7494.937933,88,M6,False
onion,4,233.0,Patran APMC,0.606,0.5461,4050.753368,88,M9,False
onion,4,234.0,Samana APMC,1.0836,0.2828,41172.015598,62,M9,False
onion,4,235.0,Nabha APMC,0.7845,0.4349,29819.134901,88,M9,False
onion,4,237.0,Dhuri APMC,0.9844,0.3277,41126.160702,88,M9,False
onion,4,239.0,Sunam APMC,0.9233,0.3584,36233.797145,88,M9,False
onion,4,240.0,Bhawanigarh APMC,0.6001,0.55,23992.73598,88,M9,False
onion,4,244.0,Alwar APMC,1.7321,0.0906,60573.86453,43,M9,False
onion,4,247.0,Baran APMC,2.8341,0.0057,46997.263041,88,M9,True
onion,4,250.0,Bhilwara APMC,0.1644,0.8698,3855.472192,88,M9,False
onion,4,253.0,Pratapgarh APMC,0.8046,0.4233,28833.904984,88,M9,False
onion,4,259.0,Sangriya APMC,0.1743,0.862,4734.626449,88,M9,False
onion,4,261.0,Jaipur (F&V) APMC,1.067,0.2889,40306.751715,88,M9,False
onion,4,265.0,Nawalgarh APMC,1.4354,0.1549,17172.423066,85,M9,False
onion,4,266.0,Jodhpur (F&V) APMC,1.4454,0.1519,16018.359587,88,M9,False
onion,4,292.0,Ulundurpettai APMC,-0.5869,0.5588,-65718.199482,88,M6,False
onion,4,296.0,Teliamura APMC,0.1858,0.853,6551.191119,88,M9,False
onion,4,297.0,Agra APMC,0.3119,0.7559,8500.845042,88,M9,False
onion,4,298.0,Prayagraj APMC,0.3711,0.7115,10379.848083,88,M9,False
onion,4,299.0,Bahraich APMC,0.332,0.7407,7690.529049,88,M9,False
onion,4,301.0,Barabanki APMC,0.3161,0.7529,11274.629768,70,M9,False
onion,4,302.0,Bareilly APMC,0.2898,0.7728,8682.258113,74,M9,False
onion,4,303.0,Dehradoon APMC,0.7566,0.4514,15153.345899,87,M9,False
onion,4,305.0,Farukhabad APMC,-0.107,0.915,-2945.018889,88,M6,False
onion,4,306.0,Ghaziabad APMC,0.7876,0.4336,31144.851012,72,M9,False
onion,4,307.0,Gorakhpur APMC,0.365,0.716,10139.424638,88,M9,False
onion,4,308.0,Hardoi APMC,0.3836,0.7025,13007.326106,71,M9,False
onion,4,309.0,Etawah APMC,0.5885,0.5581,21229.908865,73,M9,False
onion,4,310.0,Jaunpur APMC,0.7067,0.4816,19010.234718,88,M9,False
onion,4,311.0,Kanpur(Grain) APMC,0.8492,0.3981,23194.957717,88,M9,False
onion,4,313.0,Lakhimpur APMC,0.3932,0.6951,10806.132442,88,M9,False
onion,4,315.0,Lucknow APMC,0.6844,0.4955,17803.298594,88,M9,False
onion,4,317.0,Meerut APMC,1.181,0.2417,52094.323705,69,M9,False
onion,4,318.0,Muradabad APMC,0.1438,0.8861,4258.260538,73,M9,False
onion,4,319.0,Kashipur APMC,1.4411,0.1531,14834.852049,88,M9,False
onion,4,320.0,Pilibhit APMC,0.2531,0.8008,7001.362566,88,M9,False
onion,4,321.0,Saharanpur APMC,-0.8745,0.3848,-19518.235182,71,M6,False
onion,4,324.0,Sitapur APMC,0.173,0.8631,5357.694805,75,M9,False
onion,4,325.0,Kicchha APMC,0.2269,0.821,1953.068246,88,M9,False
onion,4,326.0,Rudrapur APMC,1.0059,0.3173,42133.146348,88,M9,False
onion,4,328.0,Barasat APMC,0.4949,0.6219,14946.547325,88,M9,False
onion,4,329.0,Bankura Sadar APMC,0.5632,0.5748,24836.79064,88,M9,False
onion,4,330.0,Bolpur APMC,0.2364,0.8137,7481.992385,88,M9,False
onion,4,331.0,Kalna APMC,0.1332,0.8943,2854.611589,88,M9,False
onion,4,332.0,Katwa APMC,-1.2665,0.2087,-17959.789335,88,M6,False
onion,4,334.0,Pandua APMC,1.1603,0.2491,45214.090384,88,M9,False
onion,4,335.0,Dhupguri APMC,-0.1648,0.8695,-4587.71513,88,M6,False
onion,4,336.0,Samsi APMC,0.836,0.4054,29093.158592,88,M9,False
onion,4,337.0,English Bazar APMC,1.0497,0.2974,43977.398256,73,M9,False
onion,4,338.0,Tamluk (Medinipur E) APMC,0.2032,0.8395,8531.554875,88,M9,False
onion,4,341.0,Karimpur APMC,1.0648,0.2899,34883.595134,88,M9,False
onion,4,342.0,Bethuadahari APMC,0.6958,0.4884,21929.860774,88,M9,False
onion,4,343.0,Islampur APMC,0.7958,0.4306,46834.706862,43,M9,False
onion,4,406.0,Durg APMC,0.7825,0.4347,33707.938997,245,M9,False
onion,4,414.0,Raigarh APMC,0.8683,0.3861,40148.363005,245,M9,False
onion,4,423.0,APMC Keshopur,1.0831,0.2798,36216.471062,245,M9,False
onion,4,424.0,APMC Shahdara,0.222,0.8245,11051.23942,196,M9,False
onion,4,441.0,Bhuj APMC,1.8699,0.0633,82883.848153,162,M9,False
onion,4,450.0,Vadhvan APMC,0.3747,0.7083,15146.193849,218,M9,False
onion,4,452.0,Panipat APMC,-0.4773,0.6336,-11100.138152,245,M6,False
onion,4,454.0,Sonepat APMC,1.4592,0.1458,85943.193092,245,M9,False
onion,4,455.0,Rohtak APMC,-1.6222,0.1061,-42210.434363,241,M6,False
onion,4,456.0,Jhajjar APMC,1.3541,0.177,66526.354523,245,M9,False
onion,4,457.0,Rewari APMC,1.3225,0.1872,50501.472104,245,M9,False
onion,4,459.0,Gurgaon APMC,0.8915,0.3735,36414.709854,245,M9,False
onion,4,462.0,PMY Una,0.0642,0.9488,2772.423631,245,M9,False
onion,4,463.0,PMY Chamba,-0.2003,0.8415,-9462.824408,245,M6,False
onion,4,464.0,PMY Bilaspur,0.3333,0.7392,14676.863919,245,M9,False
onion,4,465.0,SMY Dhanotu,0.2214,0.825,9630.448546,245,M9,False
onion,4,466.0,PMY Hamirpur,-0.1994,0.8421,-9290.552136,245,M6,False
onion,4,467.0,PMY Dhalli Shimla,-0.0642,0.9489,-2478.296795,245,M6,False
onion,4,468.0,SMY Palampur,0.0365,0.9709,1643.774032,245,M9,False
onion,4,471.0,SMY Bhuntar,-0.3417,0.7329,-14479.44031,245,M6,False
onion,4,472.0,Narwal Jammu (F&V),1.456,0.1467,76933.514768,245,M9,False
onion,4,489.0,Doddaballapur APMC,0.7223,0.471,39114.352167,202,M9,False
onion,4,515.0,Palayam Market,-0.0777,0.9382,-3015.712526,236,M6,False
onion,4,522.0,Mandsaur APMC,1.0286,0.3047,30801.028006,245,M9,False
onion,4,523.0,Khandwa APMC,-1.0502,0.2954,-35298.262181,142,M6,False
onion,4,526.0,Sehore APMC,1.0354,0.3015,37080.708645,245,M9,False
onion,4,528.0,Ashta APMC,1.2203,0.2238,39718.936978,206,M9,False
onion,4,530.0,Morena APMC,1.0055,0.3164,22318.90168,142,M9,False
onion,4,550.0,Chandvad APMC,1.0584,0.2909,47825.285989,245,M9,False
onion,4,551.0,Manmad APMC,0.8496,0.3964,32938.000547,245,M9,False
onion,4,553.0,Manchar APMC,1.6923,0.0919,75620.098988,245,M9,False
onion,4,554.0,Lonand APMC,0.2823,0.778,9440.310785,245,M9,False
onion,4,555.0,Pandharpur APMC,-1.3137,0.1911,-65275.078436,140,M6,False
onion,4,557.0,Chattrapati Sambhajinagar APMC,-1.0318,0.3032,-31418.688188,245,M6,False
onion,4,574.0,Malkapur APMC,0.5009,0.6169,22810.161866,245,M9,False
onion,4,594.0,Khariar Road APMC,1.239,0.2166,72390.962352,245,M9,False
onion,4,595.0,Bolangir APMC,0.7738,0.4401,46988.039196,174,M9,False
onion,4,599.0,Pathankot APMC,0.9958,0.3226,62030.904232,75,M9,False
onion,4,600.0,Gurdaspur APMC,0.9636,0.3379,34244.451514,88,M9,False
onion,4,603.0,Bathinda APMC,1.3266,0.1881,53681.877562,88,M9,False
onion,4,605.0,Raman APMC,1.015,0.3129,45622.568978,88,M9,False
onion,4,611.0,Mukerian APMC,0.8932,0.3742,45042.633077,87,M9,False
onion,4,614.0,Phagwara APMC,1.1388,0.2579,46205.94928,88,M9,False
onion,4,615.0,Budalada APMC,0.8551,0.3948,35053.717017,88,M9,False
onion,4,617.0,Giddarbaha APMC,1.5225,0.1315,80743.92554,87,M9,False
onion,4,619.0,Dudhansadhan APMC,0.6315,0.5294,19053.400756,88,M9,False
onion,4,621.0,Ropar APMC,1.342,0.1831,66098.792859,88,M9,False
onion,4,627.0,Churu APMC,1.9229,0.0578,51006.943812,88,M9,False
onion,4,630.0,Jaisalmer APMC,0.8822,0.3804,40895.581293,79,M9,False
onion,4,636.0,Jhunjhunu APMC,0.3244,0.7473,7619.776974,43,M9,False
onion,4,638.0,Sikar APMC,0.9798,0.3299,15208.616975,88,M9,False
onion,4,647.0,Buland Shahr APMC,0.3943,0.6943,9917.729213,88,M9,False
onion,4,649.0,Baraut APMC,0.0457,0.9637,1267.02801,72,M9,False
onion,4,650.0,Shamli APMC,1.175,0.2443,71351.431695,66,M9,False
onion,4,653.0,Mathura APMC,1.0772,0.2844,35992.681136,88,M9,False
onion,4,654.0,Rampur APMC,0.4502,0.654,14161.560125,70,M9,False
onion,4,655.0,Badayoun APMC,0.6952,0.4893,25042.118576,70,M9,False
onion,4,656.0,Chandausi APMC,0.0433,0.9656,1183.999186,71,M9,False
onion,4,657.0,Raibareilly APMC,0.585,0.56,20371.177491,88,M9,False
onion,4,658.0,Gonda APMC,0.644,0.5213,24830.842104,88,M9,False
onion,4,660.0,Pratapgarh APMC,-0.0425,0.9662,-851.645345,88,M6,False
onion,4,662.0,Basti APMC,1.2058,0.2312,37118.602896,88,M9,False
onion,4,663.0,Azamgarh APMC,0.0587,0.9533,1437.154746,88,M9,False
onion,4,666.0,Jhansi APMC,0.4666,0.6422,4076.818041,72,M9,False
onion,4,667.0,Rishikesh APMC,0.8004,0.4257,30033.75507,88,M9,False
onion,4,668.0,Vikasnagar APMC,0.9568,0.3413,13236.015573,87,M9,False
onion,4,669.0,Khateema APMC,0.6544,0.5146,20302.1833,88,M9,False
onion,4,670.0,Burdwan APMC,1.2187,0.2263,56555.929132,87,M9,False
onion,4,671.0,Medinipur(West) APMC,1.2564,0.2123,61329.179287,88,M9,False
onion,4,672.0,Birbhum APMC,0.1465,0.8839,5267.905783,88,M9,False
onion,4,673.0,Purulia APMC,1.4435,0.1535,70677.090659,69,M9,False
onion,4,674.0,Nadia APMC,0.7482,0.4564,30538.364343,88,M9,False
onion,4,675.0,Jalpaiguri Sadar APMC,-0.464,0.6438,-12131.129702,88,M6,False
onion,4,676.0,Alipurduar APMC,-0.2171,0.8287,-5960.7839,88,M6,False
onion,4,678.0,Pabiacherra APMC,1.2812,0.2035,63252.473031,88,M9,False
onion,4,679.0,Melaghar APMC,1.1564,0.2507,28844.540468,88,M9,False
onion,4,681.0,Vadaseri APMC,-1.0911,0.2783,-131137.628102,88,M6,False
onion,4,683.0,Panisagar APMC,2.7782,0.0067,56857.361856,88,M9,True
onion,4,709.0,Chikkamagaluru APMC,1.1929,0.2341,67530.108458,245,M9,False
onion,4,728.0,Kalaburagi APMC,-1.4722,0.1423,-87517.880456,245,M6,False
onion,4,735.0,Hassan APMC,-1.0744,0.2838,-26850.693958,229,M6,False
onion,4,742.0,Chickkaballapura APMC,0.9349,0.3508,41390.072673,230,M9,False
onion,4,753.0,Shimoga APMC,1.2318,0.2192,63732.612186,245,M9,False
onion,4,793.0,Lalru APMC,0.6172,0.5387,32230.750725,88,M9,False
onion,4,795.0,Fatehpur APMC,0.9453,0.3471,30902.692041,88,M9,False
onion,4,796.0,Auraiya APMC,1.1008,0.274,37958.502124,88,M9,False
onion,4,799.0,Ramkrishanpur(Howrah) APMC,-0.5382,0.5918,-21543.54951,88,M6,False
onion,4,801.0,Bishnupur(Bankura) APMC,1.2145,0.2284,32210.748975,76,M9,False
onion,4,802.0,Mapusa APMC,-0.1599,0.8731,-5276.507916,245,M6,False
onion,4,813.0,Sangamner APMC,-0.094,0.9252,-3275.688865,245,M6,False
onion,4,816.0,Firozabad APMC,0.3124,0.7555,7683.35693,88,M9,False
onion,4,820.0,Ghatal APMC,1.2829,0.2036,64296.271211,73,M9,False
onion,4,821.0,Champadanga APMC,0.7945,0.429,37656.95059,88,M9,False
onion,4,822.0,Jangipur APMC,-0.081,0.9356,-2571.97182,88,M6,False
onion,4,823.0,Udupi APMC,1.2937,0.197,77371.451631,245,M9,False
onion,4,931.0,Kurnool APMC,0.89,0.3744,30873.388094,228,M9,False
onion,4,1061.0,Udumalpet APMC,0.0049,0.9961,408.160912,88,M9,False
onion,4,1070.0,Haldwani APMC,0.2541,0.8,4057.723382,88,M9,False
onion,4,1071.0,Haridwar Union APMC,-0.2381,0.8124,-6881.039937,88,M6,False
onion,4,1072.0,Ramnagar APMC,1.1047,0.2724,27870.499273,88,M9,False
onion,4,1073.0,Roorkee APMC,-0.4364,0.6636,-9410.587289,88,M6,False
onion,4,1074.0,Kotadwara APMC,0.8515,0.3968,12165.834064,88,M9,False
onion,4,1077.0,Manglaur APMC,-0.7134,0.4775,-14382.01707,88,M6,False
onion,4,1078.0,Gudimalkapur APMC,1.1934,0.236,17335.250745,88,M9,False
onion,4,1079.0,Gohana APMC,0.8796,0.38,30599.768534,245,M9,False
onion,4,1081.0,Thodupuzha Market,-0.489,0.6253,-27459.148621,245,M6,False
onion,4,1085.0,Jaora APMC,0.6305,0.529,16617.83434,245,M9,False
onion,4,1086.0,Shujalpur APMC,0.4773,0.6336,11366.237434,245,M9,False
onion,4,1108.0,Ambala Cantt. APMC,0.8709,0.3847,41164.594007,231,M9,False
onion,4,1110.0,Ballabhgarh APMC,0.4103,0.6819,14765.511216,245,M9,False
onion,4,1111.0,Sohna APMC,0.9991,0.3188,34752.740974,245,M9,False
onion,4,1113.0,Mohindergarh APMC,0.823,0.4114,34123.952366,225,M9,False
onion,4,1119.0,Thoubal APMC,1.4031,0.1621,167862.330324,212,M9,False
onion,4,1128.0,Sirhind APMC,0.8946,0.3735,39855.087102,88,M9,False
onion,4,1130.0,Mansa APMC,0.8876,0.3772,39996.177164,87,M9,False
onion,4,1139.0,Kasganj APMC,0.2299,0.8189,6382.115238,71,M9,False
onion,4,1140.0,Amroha APMC,0.1305,0.8966,3722.990519,72,M9,False
onion,4,1141.0,Pukharayan APMC,0.3988,0.691,12248.958462,88,M9,False
onion,4,1142.0,Kosikalan APMC,-0.1844,0.8542,-5437.64419,70,M6,False
onion,4,1143.0,Unnao APMC,-0.3049,0.7612,-8220.791174,88,M6,False
onion,4,1147.0,Padra APMC,2.0243,0.044,85138.842534,245,M9,True
onion,4,1193.0,"Kukatpally,RBZ",-0.8343,0.4099,-46759.347138,35,M6,False
onion,4,1204.0,Jharsuguda APMC,0.6819,0.496,34547.844429,231,M9,False
onion,4,1214.0,Tindivanam APMC,0.3578,0.7213,25638.607392,88,M9,False
onion,4,1236.0,Agar APMC,0.7873,0.4326,31257.387147,125,M9,False
onion,4,1275.0,Kapadvanj APMC,1.5179,0.1303,44481.382594,245,M9,False
onion,4,1282.0,Jamkhed APMC,-0.7372,0.4617,-24842.062862,245,M6,False
onion,4,1283.0,Kopargaon APMC,1.0306,0.3038,51122.412769,245,M9,False
onion,4,1284.0,Pathardi APMC,0.4625,0.6441,16653.321055,245,M9,False
onion,4,1285.0,Shevgaon APMC,-0.1699,0.8652,-3917.514113,231,M6,False
onion,4,1287.0,Shrirampur APMC,0.6741,0.5011,31462.188225,196,M9,False
onion,4,1290.0,Bhusaval APMC,0.5148,0.6072,18674.425604,245,M9,False
onion,4,1297.0,Karjat APMC,-0.236,0.8138,-13527.764157,132,M6,False
onion,4,1298.0,Kalvan APMC,0.9842,0.326,62438.645769,245,M9,False
onion,4,1299.0,Nandgaon APMC,0.6319,0.528,29087.019465,245,M9,False
onion,4,1304.0,Vadgaonpeth APMC,1.4048,0.1615,83059.389576,215,M9,False
onion,4,1306.0,Junnar APMC,0.7956,0.4271,44429.755599,245,M9,False
onion,4,1310.0,Karad APMC,1.6633,0.0975,96447.089182,245,M9,False
onion,4,1313.0,Satara APMC,0.7772,0.4378,27592.793521,245,M9,False
onion,4,1314.0,Vaduj APMC,1.0501,0.2978,74739.440388,62,M9,False
onion,4,1315.0,Vai APMC,0.8864,0.3763,45250.427857,245,M9,False
onion,4,1318.0,Mangal Wedha APMC,1.016,0.3106,51389.2483,245,M9,False
onion,4,1321.0,Lasur Station APMC,0.6293,0.5298,26837.234781,245,M9,False
onion,4,1322.0,Vaijpur APMC,0.564,0.5733,28135.457817,245,M9,False
onion,4,1377.0,Bayana APMC,0.3134,0.7547,9361.858773,88,M9,False
onion,4,1385.0,Sujangarh APMC,-0.3166,0.7523,-3793.975704,88,M6,False
onion,4,1386.0,Bhadara APMC,0.6309,0.5298,23389.031475,88,M9,False
onion,4,1387.0,Goluwala APMC,0.3477,0.7289,13505.809157,88,M9,False
onion,4,1389.0,Rawatsar APMC,0.5763,0.5659,5077.154756,88,M9,False
onion,4,1418.0,Rajsamand APMC,0.8801,0.3813,15955.625792,88,M9,False
onion,4,1427.0,Zira APMC,0.4564,0.6492,19108.066654,88,M9,False
onion,4,1428.0,Dinanagar APMC,0.2239,0.8233,6444.114502,88,M9,False
onion,4,1429.0,Quadian APMC,0.9602,0.3434,67953.619753,37,M9,False
onion,4,1433.0,Garh Shankar APMC,0.9215,0.3593,37654.605581,88,M9,False
onion,4,1434.0,Tanda Urmur APMC,-0.4716,0.6387,-13049.511726,69,M6,False
onion,4,1435.0,Adampur APMC,1.1857,0.2425,81054.02073,42,M9,False
onion,4,1441.0,Doraha APMC,0.5866,0.559,18583.40603,88,M9,False
onion,4,1443.0,Ludhiana APMC,1.0495,0.2969,15491.168982,88,M9,False
onion,4,1446.0,Sahnewal APMC,0.2938,0.7696,8374.740875,88,M9,False
onion,4,1449.0,Nihal Singh Wala APMC,-0.3434,0.7321,-10328.242734,88,M6,False
onion,4,1456.0,Rajpura APMC,0.8882,0.3769,30210.236353,88,M9,False
onion,4,1457.0,Chamkaur Sahib APMC,0.1247,0.9011,5450.646785,88,M9,False
onion,4,1458.0,Kharar APMC,0.8175,0.4159,38144.493036,88,M9,False
onion,4,1459.0,Kurali APMC,0.6904,0.4918,28366.349878,87,M9,False
onion,4,1464.0,Bassi Pathana APMC,0.1365,0.8918,3779.129727,87,M9,False
onion,4,1466.0,Khamano APMC,-0.0942,0.9251,-9051.396211,87,M6,False
onion,4,1469.0,Vellore APMC,0.4949,0.622,17634.305765,88,M9,False
onion,4,1498.0,Jahajharpur APMC,2.009,0.046,160688.337562,180,M9,True
onion,4,1507.0,Boudh APMC,1.6836,0.0939,111075.743535,194,M9,False
onion,4,1510.0,Sargipali APMC,0.7468,0.4559,45741.5841,245,M9,False
onion,4,1511.0,Udala APMC,1.4876,0.1382,79022.535662,245,M9,False
onion,4,1513.0,Jaleswar APMC,0.2792,0.7804,20938.962166,203,M9,False
onion,4,1516.0,Kamakhyanagar APMC,-0.0449,0.9643,-2858.116563,245,M6,False
onion,4,1520.0,Keonjhar APMC,-0.0853,0.9321,-3171.074659,219,M6,False
onion,4,1523.0,Balugaon APMC,0.9217,0.3576,35662.533415,245,M9,False
onion,4,1525.0,Birmaharajpur APMC,1.8743,0.0624,115969.133738,195,M9,False
onion,4,1527.0,Hinjilicut APMC,1.2688,0.206,60038.567161,199,M9,False
onion,4,1537.0,Porbandar APMC,1.3054,0.193,44956.391243,245,M9,False
onion,4,1569.0,Bhagta Bhai Ka APMC,1.1347,0.2596,26988.356938,88,M9,False
onion,4,1570.0,Talwandi Sabo APMC,1.3358,0.1851,43407.961129,88,M9,False
onion,4,1573.0,Mamdot APMC,-0.4456,0.6572,-8405.4935,74,M6,False
onion,4,1575.0,F.G.Churian APMC,1.8132,0.074,35150.671659,72,M9,False
onion,4,1585.0,Banur APMC,1.0528,0.2953,31272.175315,88,M9,False
onion,4,1587.0,Dera Bassi APMC,-0.359,0.7205,-16606.305787,88,M6,False
onion,4,1588.0,Ghanaur APMC,0.965,0.3372,35082.351725,88,M9,False
onion,4,1593.0,Lehra Gaga APMC,0.1663,0.8683,7602.352085,87,M9,False
onion,4,1601.0,Akole APMC,0.9997,0.3184,43337.501157,245,M9,False
onion,4,1606.0,Rayya APMC,0.0805,0.936,1522.09469,88,M9,False
onion,4,1610.0,Ajmer(F&V) APMC,1.3692,0.1745,85991.674724,88,M9,False
onion,4,1611.0,Bikaner (F&V) APMC,0.9543,0.3426,9760.833791,88,M9,False
onion,4,1614.0,Sriganganagar (F&V) APMC,0.9649,0.3378,65809.38656,73,M9,False
onion,4,1633.0,Satana APMC,0.7308,0.4656,40897.241357,245,M9,False
onion,4,1634.0,Rahuri APMC,-0.6286,0.5302,-13515.353493,245,M6,False
onion,4,1637.0,Akluj APMC,0.9025,0.3677,43641.422249,245,M9,False
onion,4,1644.0,Sinner APMC,0.7078,0.4798,33449.374876,245,M9,False
onion,4,1663.0,Sitarganj APMC,0.6455,0.5203,27313.444098,88,M9,False
onion,4,1704.0,Dasda APMC,-0.7301,0.4675,-30211.029465,82,M6,False
onion,4,1715.0,Kopaganj APMC,-0.1055,0.9163,-2024.082115,88,M6,False
onion,4,1716.0,Partaval APMC,0.1907,0.8492,5382.945976,88,M9,False
onion,4,1718.0,Kannauj APMC,0.2489,0.8042,8933.758117,70,M9,False
onion,4,1719.0,Robertsganj APMC,0.7893,0.4321,24765.602211,88,M9,False
onion,4,1720.0,Aligarh APMC,0.5202,0.6045,15647.316446,74,M9,False
onion,4,1721.0,Akbarpur APMC,0.845,0.4004,31726.221778,88,M9,False
onion,4,1722.0,Balrampur APMC,0.457,0.6488,10981.395314,88,M9,False
onion,4,1727.0,Naugarh APMC,-0.6796,0.4987,-10992.628945,81,M6,False
onion,4,1729.0,Dadri APMC,0.8859,0.3787,40945.375651,72,M9,False
onion,4,1730.0,Haathras APMC,0.5827,0.5616,14188.028033,88,M9,False
onion,4,1731.0,Golagokarnath APMC,-0.0681,0.9459,-1669.725268,88,M6,False
onion,4,1732.0,Puranpur APMC,0.603,0.5481,21917.394574,88,M9,False
onion,4,1733.0,Bangarmau APMC,0.3488,0.7282,12446.301809,72,M9,False
onion,4,1735.0,Bishalpur APMC,0.2823,0.7783,7220.163405,88,M9,False
onion,4,1737.0,Kayamganj APMC,0.8283,0.4098,28098.848318,88,M9,False
onion,4,1738.0,Konch APMC,0.1241,0.9015,955.437315,87,M9,False
onion,4,1741.0,Bharthna APMC,0.5891,0.5573,19632.240058,88,M9,False
onion,4,1743.0,Jayas APMC,-0.0696,0.9447,-1997.731258,88,M6,False
onion,4,1746.0,Paliakala APMC,0.6674,0.5063,18251.823229,87,M9,False
onion,4,1749.0,Sirsa APMC,-1.2511,0.2148,-14392.196875,76,M6,False
onion,4,1754.0,Gangoh APMC,0.6762,0.5007,9533.425553,88,M9,False
onion,4,1755.0,Charra APMC,0.424,0.6726,11964.044573,88,M9,False
onion,4,1759.0,Khair APMC,-0.9556,0.3425,-12985.918024,73,M6,False
onion,4,1760.0,Safdarganj APMC,-0.3372,0.7368,-8664.867576,88,M6,False
onion,4,1763.0,Naanpara APMC,0.6821,0.497,5660.305835,88,M9,False
onion,4,1768.0,Baripaal APMC,0.8607,0.3918,14631.018479,88,M9,False
onion,4,1770.0,Jasvantnagar APMC,0.5631,0.5748,14212.513587,88,M9,False
onion,4,1772.0,Tulsipur APMC,0.0974,0.9227,1929.523451,73,M9,False
onion,4,1773.0,Anandnagar APMC,0.056,0.9555,1404.973359,88,M9,False
onion,4,1774.0,Mehmoodabad APMC,0.0103,0.9918,261.015766,88,M9,False
onion,4,1776.0,Shahabad(New Mandi) APMC,0.2317,0.8174,7991.549912,70,M9,False
onion,4,1778.0,Dudhi APMC,0.9621,0.3389,33162.886956,82,M9,False
onion,4,1780.0,Mugrabaadshahpur APMC,0.2801,0.78,6352.35108,88,M9,False
onion,4,1783.0,Gulavati APMC,-1.3677,0.1749,-14905.730896,88,M6,False
onion,4,1785.0,Rampurmaniharan APMC,0.1806,0.8572,3395.004906,71,M9,False
onion,4,1788.0,Sambhal APMC,0.7462,0.4575,2926.14434,88,M9,False
onion,4,1791.0,Najibabad APMC,1.5693,0.1213,14019.54238,68,M9,False
onion,4,1793.0,Jalaun APMC,0.5422,0.5894,18294.012853,72,M9,False
onion,4,1804.0,Barwala APMC,1.4333,0.153,56021.544883,245,M9,False
onion,4,1805.0,Barara APMC,0.4426,0.6585,12686.250422,227,M9,False
onion,4,1808.0,Naraingarh APMC,1.1303,0.2595,45655.511575,245,M9,False
onion,4,1809.0,Shahzadpur APMC,-0.2288,0.8192,-5574.566325,245,M6,False
onion,4,1810.0,Jagadhri APMC,1.2841,0.2003,53542.493066,245,M9,False
onion,4,1811.0,Chhachrauli APMC,1.0343,0.302,43523.895349,245,M9,False
onion,4,1812.0,Mustafabad APMC,1.4603,0.1455,56796.180482,245,M9,False
onion,4,1813.0,Sadhaura APMC,1.1252,0.2616,53623.242829,245,M9,False
onion,4,1814.0,Radaur APMC,1.27,0.2053,46594.351562,244,M9,False
onion,4,1823.0,Farukh Nagar APMC,0.837,0.4034,30805.342616,245,M9,False
onion,4,1826.0,Punhana APMC,0.0284,0.9773,1333.123754,232,M9,False
onion,4,1827.0,Tauru APMC,0.9902,0.3231,46522.365316,245,M9,False
onion,4,1828.0,Barwala(Hisar) APMC,0.8786,0.3806,44213.12885,212,M9,False
onion,4,1833.0,Jakhal APMC,1.2809,0.2014,57946.048043,245,M9,False
onion,4,1839.0,Dhand APMC,1.1603,0.247,44505.071581,245,M9,False
onion,4,1842.0,Siwan APMC,1.2572,0.2099,59514.78446,245,M9,False
onion,4,1852.0,Madlauda APMC,1.3926,0.165,62773.789424,245,M9,False
onion,4,1853.0,Samalkha APMC,0.3175,0.7511,11742.216119,232,M9,False
onion,4,1860.0,Meham APMC,0.7234,0.4701,24656.209816,245,M9,False
onion,4,1864.0,Ganaur APMC,1.5843,0.1144,68583.352463,245,M9,False
onion,4,1868.0,Bowenpally APMC,0.8844,0.3789,27852.253003,88,M9,False
onion,4,1894.0,Parner APMC,0.4918,0.6233,22443.311027,245,M9,False
onion,4,1895.0,Devala APMC,0.7121,0.4771,35301.797129,245,M9,False
onion,4,1939.0,Ramtek APMC,1.4168,0.1578,64005.815427,245,M9,False
onion,4,1966.0,Gopiganj APMC,-0.0461,0.9633,-1082.56727,76,M6,False
onion,4,1967.0,Karvi APMC,-0.0596,0.9526,-1574.200579,79,M6,False
onion,4,1971.0,Aroor APMC,0.636,0.5254,39746.552357,230,M9,False
onion,4,1973.0,Kuruppanthura Market,1.5792,0.1156,119515.262456,242,M9,False
onion,4,1974.0,Chelakkara Market,1.3907,0.1656,52688.742912,245,M9,False
onion,4,1975.0,Munnar Market,-1.5035,0.134,-99064.773351,245,M6,False
onion,4,1977.0,Kottakkal Market,-0.3604,0.7188,-15432.638271,245,M6,False
onion,4,1978.0,Angamaly Market,1.7318,0.0846,122554.162425,245,M9,False
onion,4,1979.0,Kallachi Market,-0.0203,0.9838,-1024.085132,245,M6,False
onion,4,1980.0,Taliparamba Market,0.4643,0.6433,32469.0773,114,M9,False
onion,4,1981.0,Neeleswaram APMC,0.5219,0.6022,22351.956707,245,M9,False
onion,4,1986.0,Madhavapuram Market,0.1939,0.8464,14802.005907,245,M9,False
onion,4,2007.0,Piravam Market,0.2399,0.8106,15919.662703,245,M9,False
onion,4,2008.0,Aralamoodu Market,1.1362,0.257,75336.651944,245,M9,False
onion,4,2013.0,Anchal Market,-1.6067,0.1094,-58421.099629,245,M6,False
onion,4,2015.0,Chengannur Market,0.6707,0.503,50001.07067,245,M9,False
onion,4,2016.0,Kayamkulam Market,-0.7112,0.4776,-30364.105806,245,M6,False
onion,4,2017.0,Harippad APMC,-2.4201,0.0165,-125350.276439,188,M6,True
onion,4,2019.0,Pampady Market,-0.0605,0.9518,-3338.438504,245,M6,False
onion,4,2020.0,Ettumanoor Market,0.6181,0.5371,37944.141231,245,M9,False
onion,4,2021.0,Kanjirappally Market,1.239,0.2165,110883.647686,245,M9,False
onion,4,2022.0,Pala Market,1.4445,0.1499,135487.712604,245,M9,False
onion,4,2024.0,Chalakudy Market,1.4419,0.1506,83389.490438,245,M9,False
onion,4,2025.0,Irinjalakkuda APMC,1.263,0.2078,39775.669507,245,M9,False
onion,4,2026.0,Chavakkad Market,1.0427,0.2981,58936.127203,245,M9,False
onion,4,2027.0,Wadakkanchery Market,0.648,0.5176,33765.111748,245,M9,False
onion,4,2035.0,Kanjangadu Market,0.1319,0.8951,6949.686182,245,M9,False
onion,4,2036.0,Vamanapuram Market,0.2751,0.7835,13764.816888,245,M9,False
onion,4,2039.0,Rahata APMC,0.8415,0.4009,40582.238436,245,M9,False
onion,4,2076.0,Badnawar APMC,0.2979,0.7663,5390.038686,141,M9,False
onion,4,2086.0,Narsinghgarh APMC,0.2413,0.8095,7300.031527,245,M9,False
onion,4,2088.0,Sailana APMC,0.6075,0.5441,14492.510708,245,M9,False
onion,4,2097.0,Shajapur APMC,1.4735,0.1428,55019.802245,142,M9,False
onion,4,2103.0,Kalapipal APMC,0.7178,0.4735,20572.38267,245,M9,False
onion,4,2130.0,Rahuri(Vambori) APMC,0.5483,0.584,26803.420008,245,M9,False
onion,4,2139.0,Lasalgaon(Niphad) APMC,1.0886,0.2774,57100.130306,245,M9,False
onion,4,2141.0,Dindori(Vani) APMC,0.9787,0.3289,52198.399466,196,M9,False
onion,4,2142.0,Pimpalgaon Baswant(Saykheda) APMC,0.5847,0.5593,27820.223895,245,M9,False
onion,4,2146.0,Junnar(Otur) APMC,1.0219,0.3078,47392.498072,245,M9,False
onion,4,2147.0,Khed(Chakan) APMC,1.2596,0.209,49502.679121,245,M9,False
onion,4,2148.0,Pune(Pimpri) APMC,0.5533,0.5806,22603.088089,245,M9,False
onion,4,2149.0,Pune(Khadiki) APMC,-0.3896,0.6971,-9894.430332,245,M6,False
onion,4,2150.0,"Sangli(Phale, Bhajipala Market) APMC",-0.1367,0.8914,-4604.728159,245,M6,False
onion,4,2163.0,Chandrapur(Ganjwad) APMC,0.9212,0.3579,45138.209895,245,M9,False
onion,4,2173.0,Kathua (F&V),1.0029,0.3169,42426.140977,245,M9,False
onion,4,2176.0,Thrippunithura Market,0.524,0.6007,24317.053416,245,M9,False
onion,4,2177.0,Pattambi Market,0.7829,0.4344,43852.544576,245,M9,False
onion,4,2181.0,Khekda APMC,1.1082,0.2708,40025.99087,88,M9,False
onion,4,2182.0,Jahangirabad APMC,1.3318,0.1864,24184.183554,88,M9,False
onion,4,2183.0,Siyana APMC,-0.8611,0.3918,-8088.509009,79,M6,False
onion,4,2184.0,Sikanderabad APMC,0.9164,0.3622,40086.799573,80,M9,False
onion,4,2185.0,Anoop Shahar APMC,-0.6923,0.491,-10262.546874,72,M6,False
onion,4,2186.0,Sikarpur APMC,0.788,0.4328,10771.303689,88,M9,False
onion,4,2188.0,Chutmalpur APMC,1.7428,0.0855,33115.983123,75,M9,False
onion,4,2190.0,Kairana APMC,0.7963,0.428,7151.006052,88,M9,False
onion,4,2191.0,Thanabhavan APMC,-1.0407,0.3009,-22215.573867,88,M6,False
onion,4,2193.0,Fatehabad APMC,2.2812,0.025,7992.268525,88,M9,True
onion,4,2195.0,Khairagarh APMC,1.1033,0.2729,22580.810383,88,M9,False
onion,4,2196.0,Jagnair APMC,-2.296,0.0241,-12348.243227,88,M6,True
onion,4,2198.0,Samsabad APMC,1.3013,0.1966,10861.692951,88,M9,False
onion,4,2200.0,Shadabad APMC,1.6126,0.1104,50275.572067,88,M9,False
onion,4,2203.0,Awagarh APMC,-0.6394,0.5242,-8624.111428,88,M6,False
onion,4,2209.0,Dhanaura APMC,0.7846,0.4348,8362.802491,88,M9,False
onion,4,2212.0,Anwala APMC,0.8661,0.3888,10166.621082,88,M9,False
onion,4,2216.0,Shahaswan APMC,0.3487,0.7282,5039.029672,87,M9,False
onion,4,2219.0,Uttaripura APMC,0.7768,0.4399,33782.058792,70,M9,False
onion,4,2225.0,Lalganj APMC,0.2447,0.8073,7430.32551,88,M9,False
onion,4,2227.0,Salon APMC,-0.1541,0.878,-3836.427971,78,M6,False
onion,4,2229.0,Hargaon (Laharpur) APMC,-0.1925,0.8478,-4617.138791,88,M6,False
onion,4,2239.0,Rudauli APMC,0.4707,0.6393,14475.08805,71,M9,False
onion,4,2240.0,Nawabganj APMC,0.7046,0.4829,13428.113197,88,M9,False
onion,4,2243.0,Ahirora APMC,0.0288,0.9771,924.692424,88,M9,False
onion,4,2244.0,Doharighat APMC,-1.6304,0.1073,-28260.531564,75,M6,False
onion,4,2249.0,Khalilabad APMC,-0.306,0.7604,-3329.603878,83,M6,False
onion,4,2250.0,Gadaura APMC,-0.3717,0.7112,-3049.398804,71,M6,False
onion,4,2252.0,Payagpur APMC,0.0266,0.9788,635.117004,72,M9,False
onion,4,2266.0,Kalyani APMC,-0.9805,0.3296,-25191.239182,88,M6,False
onion,4,2268.0,Baruipur(Canning) APMC,-1.0789,0.2836,-32921.297582,88,M6,False
onion,4,2269.0,Uluberia APMC,-0.7776,0.4389,-40262.195854,88,M6,False
onion,4,2270.0,Sheoraphuly APMC,0.6766,0.5004,19131.351165,88,M9,False
onion,4,2318.0,Rajgarh APMC,0.5374,0.5915,11421.771009,224,M9,False
onion,4,2325.0,Shamgarh APMC,1.0418,0.2993,42323.736324,142,M9,False
onion,4,2422.0,Thirupathur APMC,0.1395,0.8894,11106.141216,88,M9,False
onion,4,2441.0,Ambala City(Subji Mandi) APMC,0.1941,0.8463,3412.392337,211,M9,False
onion,4,2444.0,FerozpurZirkha(Nagina) APMC,0.3688,0.7126,14474.857325,245,M9,False
onion,4,2451.0,Panchkul(Kalka) APMC,2.0207,0.0453,48281.28011,138,M9,True
onion,4,2481.0,Kota (F&V) APMC,1.6856,0.0962,108847.01277,73,M9,False
onion,4,2487.0,Jalandhar City(Jalandhar) APMC,1.1532,0.252,17451.673991,88,M9,False
onion,4,2490.0,Nawan Shahar(Subzi Mandi) APMC,0.5597,0.5771,20025.492311,88,M9,False
onion,4,2505.0,Rampuraphul(Nabha Mandi) APMC,1.1523,0.2524,32603.934295,88,M9,False
onion,4,2510.0,Mukerian(Talwara) APMC,0.302,0.7634,12016.212001,84,M9,False
onion,4,2521.0,SMY Nadaun,-0.2531,0.8004,-13154.972195,245,M6,False
onion,4,2524.0,SMY Takoli,0.5298,0.5967,17570.302247,245,M9,False
onion,4,2526.0,SMY Baijnath,0.0108,0.9914,501.244829,245,M9,False
onion,4,2527.0,SMY Nagrota Bagwan,-0.6562,0.5124,-54084.233112,220,M6,False
onion,4,2528.0,SMY Jassur,0.1704,0.8649,11392.277305,213,M9,False
onion,4,2529.0,SMY Jaisinghpur,0.2692,0.788,10554.466651,245,M9,False
onion,4,2536.0,Belacoba APMC,-0.5845,0.5604,-17240.417216,88,M6,False
onion,4,2537.0,Siliguri APMC,0.677,0.5002,25260.90165,88,M9,False
onion,4,2543.0,Ahmedabad(Chimanbhai Patal Market Vasana) APMC,1.9573,0.0514,74203.622804,245,M9,False
onion,4,2545.0,Rajkot(Veg.Sub Yard) APMC,0.5175,0.6053,18544.278087,245,M9,False
onion,4,2549.0,Dahod(Veg. Market) APMC,1.7841,0.0756,65425.562492,245,M9,False
onion,4,2551.0,Vadodara(Sayajipura) APMC,1.8356,0.0676,58732.91564,245,M9,False
onion,4,2571.0,"Anand(Veg,Yard,Anand) APMC",1.3141,0.19,29915.439044,245,M9,False
onion,4,2668.0,Kottarakkara Market,-1.7259,0.0856,-72376.254419,245,M6,False
onion,4,2673.0,Mannar Market,0.7743,0.4395,44819.803669,245,M9,False
onion,4,2674.0,Athirampuzha Market,0.6501,0.5162,35632.174392,245,M9,False
onion,4,2675.0,Thalayolaparambu Market,0.4256,0.6708,24258.10872,245,M9,False
onion,4,2677.0,Vandiperiyar Market,0.6888,0.4916,30327.743519,236,M9,False
onion,4,2679.0,Kattappana Market,-0.3664,0.7144,-28743.66709,245,M6,False
onion,4,2680.0,Perumbavoor Market,0.572,0.5678,21983.387321,245,M9,False
onion,4,2681.0,Kothamangalam Market,-1.341,0.1812,-90709.101824,245,M6,False
onion,4,2683.0,Vadakkenchery Market,1.1743,0.2414,99972.636445,245,M9,False
onion,4,2684.0,Perinthalmanna Market,-0.5463,0.5853,-18887.360137,245,M6,False
onion,4,2685.0,Parappanangadi Market,0.5993,0.5496,29454.535365,205,M9,False
onion,4,2686.0,Thirurrangadi Market,0.2519,0.8013,11385.661522,245,M9,False
onion,4,2687.0,Kondotty Market,-0.5791,0.5631,-30673.39444,229,M6,False
onion,4,2689.0,Perambra Market,0.1795,0.8577,7355.688069,245,M9,False
onion,4,2690.0,Mukkom Market,0.9912,0.3226,69039.835158,245,M9,False
onion,4,2691.0,Quilandy Market,0.982,0.3271,38438.616751,245,M9,False
onion,4,2692.0,Thamarassery Market,0.3115,0.7557,15816.869797,245,M9,False
onion,4,2693.0,Chala Market,0.9805,0.3278,77566.743589,245,M9,False
onion,4,2696.0,Phillaur(Apra Mandi) APMC,1.134,0.2602,57705.189539,82,M9,False
onion,4,2701.0,Garh Shankar(Mahalpur) APMC,0.6498,0.5175,24026.587222,87,M9,False
onion,4,2703.0,Mumbai-Onion & Potato Market APMC,1.3304,0.1846,63901.873014,245,M9,False
onion,4,2704.0,Amrawati(Frui & Veg. Market) APMC,0.5373,0.5916,27326.338086,245,M9,False
onion,4,2708.0,Newasa(Ghodegaon) APMC,0.7386,0.4609,33474.929493,245,M9,False
onion,4,2713.0,Bonai APMC,-1.0799,0.2817,-44124.980547,171,M6,False
onion,4,2714.0,Bargarh(Barapalli) APMC,0.7104,0.4782,33665.922299,228,M9,False
onion,4,2721.0,Keonjhar(Dhekikote) APMC,0.4495,0.6535,15233.622237,227,M9,False
onion,4,2738.0,Udaipur (F&V) APMC,1.5343,0.1286,31518.037455,88,M9,False
onion,4,2739.0,Chomu FV APMC,1.0566,0.2936,53537.818249,88,M9,False
onion,4,2744.0,Bassi APMC,1.1276,0.2626,81986.901553,88,M9,False
onion,4,2773.0,Mehsana(Mehsana Veg) APMC,2.3648,0.0188,72697.649413,245,M9,True
onion,4,2774.0,Deesa(Deesa Veg Yard) APMC,1.1839,0.2376,41708.432426,245,M9,False
onion,4,2800.0,Khandhla APMC,1.0012,0.32,25984.1802,74,M9,False
onion,4,2803.0,Noida APMC,1.0725,0.2871,43542.131734,72,M9,False
onion,4,2894.0,Bara Bazar (Posta Bazar) APMC,0.8719,0.3857,30575.659872,88,M9,False
onion,4,2897.0,Habra APMC,0.5204,0.6041,18288.923511,88,M9,False
onion,4,2899.0,Durgapur APMC,0.2938,0.7696,10784.230084,88,M9,False
onion,4,2902.0,Gajol APMC,-0.3215,0.7486,-11450.359336,88,M6,False
onion,4,2905.0,Balarampur APMC,-0.3607,0.7192,-9021.947934,88,M6,False
onion,4,2910.0,"New Grain Market , Faridabad APMC",0.8315,0.4065,27208.481042,243,M9,False
onion,4,2940.0,Tiruchengode APMC,-1.2386,0.2188,-84931.353074,88,M6,False
onion,4,2970.0,Thuraiyur APMC,0.058,0.9539,5773.628538,88,M9,False
onion,4,3039.0,SMY Santoshgarh,0.0478,0.9619,1848.765629,245,M9,False
onion,4,3045.0,Harda(F&V) APMC,0.2224,0.8244,5491.296472,138,M9,False
onion,4,3046.0,Indore APMC,2.2592,0.0254,81654.692213,142,M9,True
onion,4,3048.0,Badnawar(F&V) APMC,-0.099,0.9213,-1494.769693,163,M6,False
onion,4,3054.0,Dewas(F&V) APMC,0.3103,0.7568,5047.733302,160,M9,False
onion,4,3059.0,Lashkar(F&V) APMC,0.9105,0.3639,24094.971991,162,M9,False
onion,4,3067.0,Sagar(F&V) APMC,0.7465,0.4565,9909.397494,162,M9,False
onion,4,3071.0,Jabalpur(F&V) APMC,1.3244,0.1872,11187.541265,162,M9,False
onion,4,3075.0,Chhindwara(F&V) APMC,1.5074,0.1341,51558.209033,133,M9,False
onion,4,3080.0,Tusura APMC,0.7566,0.4503,44818.699044,174,M9,False
onion,4,3086.0,Godbhaga APMC,0.7941,0.4282,41001.811594,172,M9,False
onion,4,3092.0,Saharpada APMC,0.1065,0.9152,3799.203599,232,M9,False
onion,4,3098.0,Kalyanpur APMC,0.7983,0.4269,50859.90582,88,M9,False
onion,4,3099.0,Jampuijala APMC,-1.0003,0.3202,-84007.425486,80,M6,False
onion,4,3102.0,Gondatwisa APMC,-1.3902,0.1683,-158877.744197,82,M6,False
onion,4,3104.0,Silachhari APMC,0.3571,0.7219,28751.378018,88,M9,False
onion,4,3105.0,Barpathari APMC,0.9191,0.3606,53523.679687,88,M9,False
onion,4,3117.0,Asansol APMC,0.2081,0.8357,7006.3336,88,M9,False
onion,4,3128.0,Junnar(Alephata) APMC,1.1574,0.2483,54068.839742,245,M9,False
onion,4,3130.0,Junnar(Narayangaon) APMC,1.0132,0.3121,42404.360888,220,M9,False
onion,4,3142.0,Kamthi APMC,1.1836,0.2377,57043.108674,245,M9,False
onion,4,3218.0,Tiphra APMC,1.0884,0.2776,37347.791856,229,M9,False
onion,4,3297.0,Khariar APMC,0.9278,0.3545,66345.813979,219,M9,False
onion,4,3299.0,Chuliaposi APMC,1.015,0.3116,69193.889926,163,M9,False
onion,4,3306.0,Nilagiri APMC,0.2282,0.8199,14676.717505,122,M9,False
onion,4,3308.0,Hindol APMC,0.2758,0.783,11345.17338,245,M9,False
onion,4,3339.0,Falakata APMC,0.1954,0.8456,6601.743047,71,M9,False
onion,4,3340.0,Moynaguri APMC,-0.6969,0.4877,-23572.590603,88,M6,False
onion,4,3341.0,Karsiyang(Matigara) APMC,-0.0114,0.9909,-730.78583,88,M6,False
onion,4,3343.0,Raiganj APMC,0.2053,0.8381,8351.801745,58,M9,False
onion,4,3344.0,Gangarampur(Dakshin Dinajpur) APMC,0.1789,0.8585,5078.34971,82,M9,False
onion,4,3346.0,Diamond Harbour(South 24-pgs) APMC,-1.1615,0.2486,-38711.828345,88,M6,False
onion,4,3347.0,Kalipur APMC,0.5642,0.574,20945.889071,88,M9,False
onion,4,3349.0,Ranaghat APMC,-0.7725,0.4419,-20352.729503,88,M6,False
onion,4,3350.0,Chakdah APMC,-0.0531,0.9577,-1520.658253,88,M6,False
onion,4,3352.0,Garbeta(Medinipur) APMC,1.325,0.1886,67473.33151,88,M9,False
onion,4,3354.0,Kasipur APMC,0.471,0.6388,10053.781656,88,M9,False
onion,4,3355.0,Sainthia APMC,-0.2286,0.8197,-7160.599246,88,M6,False
onion,4,3393.0,Broadway market Market,1.044,0.2983,64816.903104,142,M9,False
onion,4,3394.0,North Paravur Market,0.6567,0.5124,123366.778746,143,M9,False
onion,4,3440.0,GarhShankar (Kotfatuhi) APMC,0.9763,0.3316,29350.987534,88,M9,False
onion,4,3445.0,APMC Azadpur,1.2465,0.2138,43083.355056,245,M9,False
onion,4,3448.0,Lasalgaon(Vinchur) APMC,1.2635,0.2076,68443.410931,245,M9,False
onion,4,3449.0,Pune(Manjri) APMC,1.6784,0.0945,75957.44041,245,M9,False
onion,4,3450.0,Pune(Moshi) APMC,0.545,0.5863,18950.130765,245,M9,False
onion,4,3452.0,Agriculture Produce Market Committee Hingna,1.7325,0.0854,81103.408814,141,M9,False
onion,4,3458.0,Umrane APMC,0.8789,0.3803,47070.111174,245,M9,False
onion,4,3462.0,Nampur APMC,0.8754,0.3822,40076.984661,245,M9,False
onion,4,3500.0,Batengoo Anantnag (F&V),0.2873,0.7753,16622.808727,42,M9,False
onion,4,3517.0,PMY Kangni Mandi,0.9325,0.3564,31282.179375,43,M9,False
onion,4,3626.0,Dablirathan APMC,1.2295,0.2228,37140.046362,74,M9,False
onion,4,3677.0,Kanchanpur,3.883,0.0002,102260.100029,84,M9,True
onion,4,3680.0,Kadamtala,1.5858,0.1164,44127.83501,88,M9,False
onion,4,3953.0,Tajpur APMC,0.8839,0.3779,45558.273665,181,M9,False
onion,4,3956.0,Sheohar APMC,1.688,0.0929,136024.329044,209,M9,False
onion,4,3996.0,"Laxmi-Sopan Agriculture Produce Marketing Co Ltd, Barshi, Dist Solapur",-0.1599,0.8732,-7746.338977,118,M6,False
onion,4,4025.0,"Omchatinya Multi State Agro Purpose Co-Op Society, Dist Ahilyanagar",1.7553,0.0813,114714.273408,150,M9,False
onion,4,4038.0,"Shivsiddha Govind Producer Company Ltd Sanchalit Khajgi Krush Utpann Bajar, Samati-Nashik",2.2938,0.0235,208054.87317,127,M9,True
onion,4,4055.0,Ariyalur(Uzhavar Sandhai),0.26,0.7955,22718.821571,88,M9,False
onion,4,4056.0,Jeyankondam (Uzhavar Sandhai ),0.5127,0.6095,32962.675781,88,M9,False
onion,4,4057.0,RSPuram(Uzhavar Sandhai ),0.134,0.8937,7691.370939,88,M9,False
onion,4,4058.0,Singanallur(Uzhavar Sandhai ),0.5441,0.5878,40940.948681,88,M9,False
onion,4,4059.0,Pollachi(Uzhavar Sandhai ),0.5831,0.5614,73005.876758,88,M9,False
onion,4,4060.0,Mettupalayam(Uzhavar Sandhai ),0.7725,0.4419,77136.264231,88,M9,False
onion,4,4061.0,Kurichi(Uzhavar Sandhai ),0.4587,0.6476,27296.644477,88,M9,False
onion,4,4062.0,Sulur(Uzhavar Sandhai ),0.678,0.4996,65044.355505,88,M9,False
onion,4,4063.0,Vadavalli(Uzhavar Sandhai ),0.6226,0.5352,52946.809127,88,M9,False
onion,4,4064.0,Sundarapuram(Uzhavar Sandhai ),0.8039,0.4236,62107.019518,88,M9,False
onion,4,4065.0,Cuddalore(Uzhavar Sandhai ),-0.017,0.9865,-1762.925933,88,M6,False
onion,4,4066.0,Chidambaram(Uzhavar Sandhai ),0.2572,0.7976,19220.907354,88,M9,False
onion,4,4067.0,Viruthachalam(Uzhavar Sandhai ),0.3587,0.7207,14749.322303,88,M9,False
onion,4,4068.0,Panruti(Uzhavar Sandhai ),0.6287,0.5312,33568.051456,88,M9,False
onion,4,4069.0,Vadalur(Uzhavar Sandhai ),0.565,0.5763,22624.248629,31,M9,False
onion,4,4070.0,Dharmapuri(Uzhavar Sandhai ),0.4369,0.6632,35771.99345,88,M9,False
onion,4,4071.0,Pennagaram(Uzhavar Sandhai ),-0.1973,0.8441,-19231.709866,88,M6,False
onion,4,4072.0,Palacode(Uzhavar Sandhai ),0.1454,0.8847,12292.371592,88,M9,False
onion,4,4073.0,Harur(Uzhavar Sandhai ),-0.0046,0.9963,-386.721525,88,M6,False
onion,4,4074.0,AJattihalli(Uzhavar Sandhai ),0.6781,0.4995,69940.288575,88,M9,False
onion,4,4075.0,Dindigul(Uzhavar Sandhai ),0.2745,0.7844,31533.957262,88,M9,False
onion,4,4076.0,Palani(Uzhavar Sandhai ),0.5904,0.5565,58513.593835,88,M9,False
onion,4,4077.0,Chinnalapatti(Uzhavar Sandhai ),0.3669,0.7146,43548.587299,88,M9,False
onion,4,4080.0,Vedasanthur(Uzhavar Sandhai ),0.8016,0.425,66152.733235,88,M9,False
onion,4,4081.0,Sampath Nagar(Uzhavar Sandhai ),0.7377,0.4627,89786.183849,88,M9,False
onion,4,4082.0,Gobichettipalayam(Uzhavar Sandhai ),0.4558,0.6497,53069.804344,88,M9,False
onion,4,4083.0,Sathiyamagalam(Uzhavar Sandhai ),0.4197,0.6758,37688.802022,88,M9,False
onion,4,4085.0,Perundurai(Uzhavar Sandhai ),0.1337,0.8939,11385.742036,88,M9,False
onion,4,4086.0,Thalavadi(Uzhavar Sandhai ),-0.2135,0.8314,-16190.81027,88,M6,False
onion,4,4087.0,Kancheepuram(Uzhavar Sandhai ),0.2715,0.7867,34772.854177,88,M9,False
onion,4,4088.0,Padappai(Uzhavar Sandhai ),0.4288,0.6692,47369.263649,88,M9,False
onion,4,4089.0,Sunguvarchatram(Uzhavar Sandhai ),0.3979,0.6917,31158.395145,88,M9,False
onion,4,4090.0,Kundrathur(Uzhavar Sandhai ),0.6117,0.5423,45942.438333,88,M9,False
onion,4,4091.0,Karur(Uzhavar Sandhai ),0.332,0.7407,41127.639744,88,M9,False
onion,4,4092.0,Kulithalai(Uzhavar Sandhai ),0.1364,0.8919,17772.430974,88,M9,False
onion,4,4093.0,Velayuthampalayam(Uzhavar Sandhai ),0.0953,0.9244,13547.365073,61,M9,False
onion,4,4096.0,Hosur(Uzhavar Sandhai ),0.2354,0.8145,18361.607603,88,M9,False
onion,4,4097.0,Krishnagiri(Uzhavar Sandhai ),0.4166,0.678,36152.902062,88,M9,False
onion,4,4098.0,Kaveripattinam(Uzhavar Sandhai ),0.5164,0.6069,36375.217266,88,M9,False
onion,4,4099.0,Denkanikottai(Uzhavar Sandhai ),0.319,0.7505,33454.955748,88,M9,False
onion,4,4100.0,Avallapalli(Uzhavar Sandhai ),0.1121,0.911,11767.537811,88,M9,False
onion,4,4102.0,Chokkikulam(Uzhavar Sandhai ),0.4832,0.6302,54806.911695,88,M9,False
onion,4,4103.0,Palanganatham(Uzhavar Sandhai ),0.2445,0.8074,21383.673297,88,M9,False
onion,4,4104.0,Usilampatti(Uzhavar Sandhai ),-0.5836,0.5626,-77376.640346,43,M6,False
onion,4,4105.0,Thirumangalam(Uzhavar Sandhai ),0.6278,0.5318,72951.731597,88,M9,False
onion,4,4106.0,Melur(Uzhavar Sandhai ),0.4365,0.6635,50197.522083,88,M9,False
onion,4,4107.0,Anaiyur(Uzhavar Sandhai ),0.4047,0.6867,45197.275292,88,M9,False
onion,4,4108.0,Mayiladuthurai(Uzhavar Sandhai ),-0.4357,0.6641,-25795.413189,88,M6,False
onion,4,4109.0,Nagapattinam(Uzhavar Sandhai ),-0.0484,0.9615,-2238.936711,88,M6,False
onion,4,4110.0,Sirkali(Uzhavar Sandhai ),0.4206,0.6751,57166.574742,88,M9,False
onion,4,4111.0,Namakkal(Uzhavar Sandhai ),0.7765,0.4395,59588.654198,88,M9,False
onion,4,4113.0,Rasipuram(Uzhavar Sandhai ),-0.6807,0.4979,-65845.90884,88,M6,False
onion,4,4114.0,Kumarapalayam(Uzhavar Sandhai ),0.2431,0.8085,19978.315372,88,M9,False
onion,4,4115.0,Paramathivelur(Uzhavar Sandhai ),-0.7207,0.473,-93172.042251,88,M6,False
onion,4,4116.0,Mohanur(Uzhavar Sandhai ),-0.1225,0.9028,-14959.404169,88,M6,False
onion,4,4117.0,Udhagamandalam(Uzhavar Sandhai ),-0.3133,0.7548,-26501.151518,88,M6,False
onion,4,4118.0,Coonoor(Uzhavar Sandhai ),-0.2176,0.8282,-20352.524956,88,M6,False
onion,4,4120.0,Gudalur(Uzhavar Sandhai ),-0.4192,0.6761,-37443.244512,88,M6,False
onion,4,4121.0,Perambalur(Uzhavar Sandhai ),-0.0349,0.9722,-4529.798616,88,M6,False
onion,4,4123.0,Pudukottai(Uzhavar Sandhai ),-0.383,0.7027,-50042.457745,88,M6,False
onion,4,4124.0,Aranthangi(Uzhavar Sandhai ),0.282,0.7787,15167.859581,88,M9,False
onion,4,4125.0,Alangudi(Uzhavar Sandhai ),-0.3023,0.7632,-24630.814227,81,M6,False
onion,4,4126.0,Gandarvakottai(Uzhavar Sandhai ),0.8555,0.3946,84246.915097,88,M9,False
onion,4,4127.0,Karambakkudi(Uzhavar Sandhai ),-0.3054,0.7608,-34197.834877,88,M6,False
onion,4,4128.0,Viralimalai(Uzhavar Sandhai ),-0.826,0.4111,-94477.249866,88,M6,False
onion,4,4129.0,Ramanathapuram(Uzhavar Sandhai ),-0.348,0.7287,-25285.875552,88,M6,False
onion,4,4130.0,Paramakudi(Uzhavar Sandhai ),-0.3711,0.7115,-33084.164976,88,M6,False
onion,4,4132.0,Sooramangalam(Uzhavar Sandhai ),-0.1877,0.8515,-25527.162466,88,M6,False
onion,4,4133.0,Ammapet(Uzhavar Sandhai ),-0.3937,0.6948,-50287.68056,88,M6,False
onion,4,4134.0,Athur(Uzhavar Sandhai ),-0.1725,0.8634,-21368.355473,88,M6,False
onion,4,4135.0,Thathakapatti(Uzhavar Sandhai ),-0.2552,0.7992,-35092.593727,88,M6,False
onion,4,4136.0,Mettur(Uzhavar Sandhai ),-0.0683,0.9457,-9069.39909,88,M6,False
onion,4,4137.0,Attayampatti(Uzhavar Sandhai ),-0.6906,0.492,-89740.390681,75,M6,False
onion,4,4138.0,Hasthampatti(Uzhavar Sandhai ),-0.2998,0.765,-42082.955188,88,M6,False
onion,4,4139.0,Elampillai(Uzhavar Sandhai ),-0.122,0.9032,-17060.402076,88,M6,False
onion,4,4140.0,Thammampatti (Uzhavar Sandhai ),-0.2275,0.8206,-32552.963623,88,M6,False
onion,4,4141.0,Jalagandapuram(Uzhavar Sandhai ),-0.5109,0.6107,-71152.047561,88,M6,False
onion,4,4142.0,Edapadi (Uzhavar Sandhai ),-0.162,0.8717,-21995.0303,88,M6,False
onion,4,4143.0,Sivagangai (Uzhavar Sandhai ),-0.1737,0.8625,-20380.638795,88,M6,False
onion,4,4144.0,Devakottai (Uzhavar Sandhai ),-1.5067,0.1355,-152880.556892,88,M6,False
onion,4,4145.0,Karaikudi(Uzhavar Sandhai ),-0.7846,0.4348,-102075.067362,88,M6,False
onion,4,4146.0,Tirupatthur(Uzhavar Sandhai ),-1.0441,0.2993,-127749.725068,88,M6,False
onion,4,4147.0,Singampunari(Uzhavar Sandhai ),-0.4852,0.6288,-58798.052206,88,M6,False
onion,4,4148.0,Thanjavur(Uzhavar Sandhai ),0.2408,0.8103,24150.622237,88,M9,False
onion,4,4149.0,Kumbakonam (Uzhavar Sandhai ),-0.6382,0.525,-61459.259883,88,M6,False
onion,4,4150.0,Pattukottai(Uzhavar Sandhai ),-1.6269,0.1074,-145491.762574,88,M6,False
onion,4,4151.0,Tirukattupalli(Uzhavar Sandhai ),1.0773,0.2899,87001.960271,31,M9,False
onion,4,4152.0,Papanasam(Uzhavar Sandhai ),-1.14,0.2574,-104489.37049,88,M6,False
onion,4,4153.0,Theni(Uzhavar Sandhai ),0.2436,0.8081,21000.358902,88,M9,False
onion,4,4154.0,Kambam(Uzhavar Sandhai ),0.3078,0.7589,28032.806008,88,M9,False
onion,4,4155.0,Bodinayakanur(Uzhavar Sandhai ),0.2646,0.7919,30594.095163,88,M9,False
onion,4,4156.0,Periyakulam(Uzhavar Sandhai ),0.4172,0.6776,49443.990551,88,M9,False
onion,4,4157.0,Devaram(Uzhavar Sandhai ),-0.0318,0.9747,-2992.7513,88,M6,False
onion,4,4158.0,Andipatti(Uzhavar Sandhai ),0.271,0.7871,31663.07675,88,M9,False
onion,4,4159.0,Chinnamanur(Uzhavar Sandhai ),0.0761,0.9395,8106.459356,88,M9,False
onion,4,4160.0,Palayamkottai(Uzhavar Sandhai ),-0.188,0.8513,-11960.706001,88,M6,False
onion,4,4162.0,Melapalayam(Uzhavar Sandhai ),0.0801,0.9364,6433.412327,88,M9,False
onion,4,4164.0,NGO Colony(Uzhavar Sandhai ),0.386,0.7004,34735.242215,88,M9,False
onion,4,4165.0,Tiruthani(Uzhavar Sandhai ),0.5512,0.5856,26056.448145,31,M9,False
onion,4,4166.0,Tiruvallur(Uzhavar Sandhai ),-0.2896,0.7728,-14158.423776,88,M6,False
onion,4,4167.0,Ambattur(Uzhavar Sandhai ),-0.2667,0.7904,-18569.662074,88,M6,False
onion,4,4168.0,Paruthipattu(Uzhavar Sandhai ),0.5584,0.578,42128.120341,88,M9,False
onion,4,4169.0,Naravarikuppam(Uzhavar Sandhai ),1.821,0.072,106675.173494,88,M9,False
onion,4,4170.0,Perambakkam(Uzhavar Sandhai ),0.1899,0.8498,15489.956023,88,M9,False
onion,4,4172.0,Mannargudi I(Uzhavar Sandhai ),-0.4662,0.6422,-56918.001567,88,M6,False
onion,4,4173.0,Tiruvarur(Uzhavar Sandhai ),-1.8942,0.0622,-259667.269463,73,M6,False
onion,4,4174.0,Needamangalam(Uzhavar Sandhai ),0.1556,0.8767,19026.80227,88,M9,False
onion,4,4175.0,Muthupettai(Uzhavar Sandhai ),-2.3907,0.019,-201394.766224,88,M6,True
onion,4,4176.0,Mannargudi II(Uzhavar Sandhai ),-0.8012,0.4252,-89910.788604,88,M6,False
onion,4,4178.0,Tuticorin(Uzhavar Sandhai ),-0.071,0.9436,-6611.901166,88,M6,False
onion,4,4179.0,Kovilpatti(Uzhavar Sandhai ),-0.1641,0.87,-20321.682486,88,M6,False
onion,4,4180.0,Tiruvannamalai(Uzhavar Sandhai ),0.4168,0.6779,46179.528305,88,M9,False
onion,4,4181.0,Polur(Uzhavar Sandhai ),0.7146,0.4768,57286.498381,88,M9,False
onion,4,4182.0,Arani(Uzhavar Sandhai ),0.5526,0.582,42406.237829,88,M9,False
onion,4,4183.0,Cheyyar(Uzhavar Sandhai ),0.3401,0.7346,27780.908225,88,M9,False
onion,4,4184.0,Chengam(Uzhavar Sandhai ),0.7638,0.447,44312.070232,88,M9,False
onion,4,4185.0,Vandavasi(Uzhavar Sandhai ),-1.1955,0.2362,-26783.450154,66,M6,False
onion,4,4186.0,Keelpennathur(Uzhavar Sandhai ),-0.047,0.9626,-3270.663266,88,M6,False
onion,4,4188.0,Anna nagar(Uzhavar Sandhai ),-1.0517,0.2958,-118096.343037,88,M6,False
onion,4,4189.0,KKNagar(Uzhavar Sandhai ),0.029,0.977,1897.220124,31,M9,False
onion,4,4191.0,Manapparai(Uzhavar Sandhai ),-0.6548,0.5143,-81512.685854,88,M6,False
onion,4,4192.0,Musiri(Uzhavar Sandhai ),0.2463,0.806,30416.643746,88,M9,False
onion,4,4193.0,Thiruverumbur(Uzhavar Sandhai ),0.1962,0.8457,16625.027173,31,M9,False
onion,4,4194.0,Lalgudi(Uzhavar Sandhai ),-0.8164,0.4165,-100261.352419,88,M6,False
onion,4,4195.0,Manachanallur(Uzhavar Sandhai ),-0.6694,0.505,-63778.08502,88,M6,False
onion,4,4197.0,Katpadi (Uzhavar Sandhai ),0.4787,0.6333,37146.640827,88,M9,False
onion,4,4198.0,Gudiyatham(Uzhavar Sandhai ),0.2581,0.7969,19441.128807,88,M9,False
onion,4,4199.0,Kahithapattarai(Uzhavar Sandhai ),0.1557,0.8766,10887.346388,88,M9,False
onion,4,4201.0,Villupuram(Uzhavar Sandhai ),0.6581,0.5155,27390.921887,31,M9,False
onion,4,4202.0,Gingee(Uzhavar Sandhai ),0.5779,0.5648,41835.358409,88,M9,False
onion,4,4203.0,Aruppukottai(Uzhavar Sandhai ),0.5329,0.5954,41406.93276,88,M9,False
onion,4,4204.0,Rajapalayam(Uzhavar Sandhai ),-0.1915,0.8486,-21190.666056,88,M6,False
onion,4,4205.0,Srivilliputhur(Uzhavar Sandhai ),-0.3888,0.6984,-29421.321774,88,M6,False
onion,4,4206.0,Virudhunagar(Uzhavar Sandhai ),-0.321,0.749,-31199.344229,88,M6,False
onion,4,4207.0,Sivakasi(Uzhavar Sandhai ),-0.1775,0.8595,-16022.310527,88,M6,False
onion,4,4208.0,Sathur(Uzhavar Sandhai ),0.211,0.8334,15490.67381,88,M9,False
onion,4,4209.0,Kariyapatti(Uzhavar Sandhai ),-0.153,0.8788,-9720.765943,88,M6,False
onion,4,4210.0,Thalavaipuram(Uzhavar Sandhai ),-0.6189,0.5376,-55471.226057,88,M6,False
onion,4,4212.0,Myladi(Uzhavar Sandhai ),-1.3749,0.1727,-181595.853227,88,M6,False
onion,4,4213.0,Pallavaram(Uzhavar Sandhai ),0.5656,0.5731,42428.774393,88,M9,False
onion,4,4214.0,Chengalpet(Uzhavar Sandhai ),-0.2456,0.8065,-19012.137991,88,M6,False
onion,4,4215.0,Medavakkam(Uzhavar Sandhai ),0.7367,0.4633,40551.124513,88,M9,False
onion,4,4216.0,Nanganallur(Uzhavar Sandhai ),-0.4693,0.64,-41503.853278,88,M6,False
onion,4,4217.0,Madhuranthagam(Uzhavar Sandhai ),-0.9017,0.3702,-113703.050252,74,M6,False
onion,4,4219.0,Jameenrayapettai(Uzhavar Sandhai ),0.558,0.5783,57241.594354,88,M9,False
onion,4,4220.0,Guduvancheri(Uzhavar Sandhai ),0.6317,0.5293,91283.163773,88,M9,False
onion,4,4221.0,Thirukalukundram(Uzhavar Sandhai ),-0.4319,0.6669,-36590.782154,88,M6,False
onion,4,4222.0,Kallakurichi(Uzhavar Sandhai ),-0.4264,0.6709,-70109.942945,88,M6,False
onion,4,4224.0,Sankarapuram(Uzhavar Sandhai ),-0.5178,0.6059,-79653.467225,88,M6,False
onion,4,4225.0,Ranipettai(Uzhavar Sandhai ),0.3978,0.6918,47649.731907,88,M9,False
onion,4,4226.0,Arcot(Uzhavar Sandhai ),0.4899,0.6254,56808.024549,88,M9,False
onion,4,4227.0,Sankarankoil(Uzhavar Sandhai ),-0.7024,0.4843,-63834.395846,88,M6,False
onion,4,4228.0,Tenkasi(Uzhavar Sandhai ),0.5264,0.5999,51422.665421,88,M9,False
onion,4,4229.0,Vaniyampadi(Uzhavar Sandhai ),0.5361,0.5933,49313.177253,88,M9,False
onion,4,4231.0,Natrampalli(Uzhavar Sandhai ),0.9835,0.3281,64403.291326,88,M9,False
onion,4,4234.0,Tiruppur (North) (Uzhavar Sandhai ),0.0053,0.9958,546.273366,88,M9,False
onion,4,4235.0,Tiruppur (South) (Uzhavar Sandhai ),0.7494,0.4556,41929.083798,88,M9,False
onion,4,4236.0,Dharapuram(Uzhavar Sandhai ),0.7309,0.4668,78239.343707,88,M9,False
onion,4,4237.0,Kangayam(Uzhavar Sandhai ),0.4857,0.6284,51965.416964,88,M9,False
onion,4,4240.0,Balarampuram Market,0.9486,0.3453,120618.921584,95,M9,False
onion,4,4398.0,Kakching Market APMC,0.631,0.5297,73989.964505,86,M9,False
onion,4,4402.0,SMY Jogindernagar,-0.3697,0.7131,-32135.569427,51,M6,False
onion,4,4407.0,SMY Takarla,0.2312,0.8186,9163.832628,33,M9,False
onion,4,4429.0,Badwani(F&V) APMC,-0.1096,0.913,-4191.940134,88,M6,False
onion,4,4464.0,Hoshangabad(F&V) APMC,0.033,0.9738,1185.181379,71,M9,False
onion,4,4475.0,Kalapipal(F&V) APMC,-0.0503,0.96,-1500.992486,87,M6,False
onion,4,4478.0,Karera(F&V) APMC,2.1948,0.0347,72656.48709,37,M9,True
onion,4,4491.0,Kukshi(F&V) APMC,1.1025,0.2774,64615.628002,38,M9,False
onion,4,4503.0,Manawar(F&V) APMC,0.3094,0.7579,12464.294909,73,M9,False
onion,4,4523.0,Petlawad(F&V) APMC,1.0736,0.2868,32965.680391,69,M9,False
onion,4,4524.0,Pipariya(F&V) APMC,1.1767,0.2426,66677.269573,87,M9,False
onion,4,4529.0,Rehli(F&V) APMC,1.805,0.0792,52513.946398,38,M9,False
onion,4,4532.0,Sabalgarh(F&V) APMC,-0.6314,0.5295,-31984.864187,82,M6,False
onion,4,4533.0,Sailana(F&V) APMC,-0.2174,0.8284,-4304.99102,88,M6,False
onion,4,4534.0,Sanawad(F&V) APMC,1.2927,0.2003,63137.085305,72,M9,False
onion,4,4535.0,Sanwer(F&V) APMC,2.3029,0.0269,71512.480415,39,M9,True
onion,4,4539.0,Sendhwa(F&V) APMC,-0.4779,0.6339,-14866.910976,88,M6,False
onion,4,4540.0,Seoni(F&V) APMC,2.0794,0.0459,16382.419453,32,M9,True
onion,4,4666.0,Rampurhat APMC,0.3226,0.7478,11645.479673,88,M9,False
onion,4,4681.0,Ayodhya APMC,0.2333,0.8161,5515.986341,88,M9,False
onion,4,4707.0,"Fruit&Vegetable Market,Gazipur APMC",-0.1236,0.9022,-7871.07394,43,M6,False
onion,4,4846.0,Karimangalam(Uzhavar Sandhai),0.6332,0.5284,28566.751097,80,M9,False
onion,4,4849.0,Pallikonda(Uzhavar Sandhai),1.0361,0.3037,45347.775141,72,M9,False
onion,4,4850.0,Perampet(Uzhavar Sandhai),1.5204,0.1333,86379.431583,65,M9,False
onion,4,4851.0,Peravurani(Uzhavar Sandhai),-0.4514,0.6531,-17353.05653,72,M6,False
onion,4,4852.0,Ponnamaravathi(Uzhavar Sandhai),2.1195,0.0379,176781.98992,65,M9,True
onion,4,4853.0,Vazhapadi(Uzhavar Sandhai),1.4124,0.1685,138693.697158,30,M9,False
onion,4,4854.0,Vedaranyam(Uzhavar Sandhai),-1.1716,0.2509,-63301.299769,30,M6,False
onion,4,4855.0,Gandhigramam(Uzhavar Sandhai),-0.2977,0.768,-23490.57006,30,M6,False
onion,13,2.0,Mahboob Manison APMC,0.5903,0.5567,41849.68434,79,M9,False
onion,13,11.0,Sadasivpet APMC,-0.2025,0.8401,-12148.525774,79,M6,False
onion,13,43.0,Chandigarh (Grain/F&V) APMC,0.8751,0.3824,43956.053606,234,M9,False
onion,13,54.0,Bharuch APMC,0.8784,0.3816,34027.348409,114,M9,False
onion,13,55.0,Mahuva(Station Road) APMC,0.7138,0.476,13723.532222,236,M9,False
onion,13,61.0,Gondal APMC,-0.0818,0.9349,-2538.95023,220,M6,False
onion,13,62.0,Morbi APMC,1.071,0.2853,21151.508996,236,M9,False
onion,13,64.0,Surat APMC,0.6268,0.5314,34374.388216,236,M9,False
onion,13,69.0,PMY Kangra,1.4288,0.1544,370609.22161,236,M9,False
onion,13,70.0,PMY Kullu,1.4039,0.1617,297070.851821,236,M9,False
onion,13,71.0,PMY Paonta Sahib,1.2883,0.1989,201701.705351,236,M9,False
onion,13,72.0,PMY Kather Solan,1.5188,0.1305,61941.476102,189,M9,False
onion,13,75.0,Fatehabad APMC,1.2895,0.1987,48146.088321,198,M9,False
onion,13,79.0,Narwana APMC,1.4018,0.1623,82687.842631,236,M9,False
onion,13,85.0,Ladwa APMC,1.1942,0.2336,101944.336344,236,M9,False
onion,13,86.0,Pehowa APMC,1.3113,0.191,53261.62324,236,M9,False
onion,13,87.0,Thanesar APMC,1.2135,0.2262,85359.83605,235,M9,False
onion,13,89.0,Shahabad APMC,1.1194,0.2641,94325.284184,236,M9,False
onion,13,92.0,kalanwali APMC,1.637,0.1036,68265.100427,165,M9,False
onion,13,97.0,Parimpore Srinagar (F&V),1.3564,0.1765,236136.036268,202,M9,False
onion,13,98.0,Udhampur (F&V),1.2362,0.2176,245455.339929,236,M9,False
onion,13,99.0,Bangalore APMC,0.8483,0.3973,64470.943602,189,M9,False
onion,13,101.0,Belgaum APMC,0.4722,0.6373,35292.24209,190,M9,False
onion,13,105.0,Bijapur APMC,1.1009,0.2724,37715.918989,188,M9,False
onion,13,106.0,Davangere APMC,1.1642,0.2455,59134.177465,236,M9,False
onion,13,108.0,Hubli (Amaragol) APMC,0.1538,0.8779,2977.243171,236,M9,False
onion,13,115.0,Mysuru APMC,0.9432,0.3466,100063.592746,220,M9,False
onion,13,116.0,Raichur APMC,0.3982,0.6913,29738.335581,103,M9,False
onion,13,126.0,Aluva Market,1.3053,0.1931,456086.791108,236,M9,False
onion,13,128.0,Thalasserry Market,0.7508,0.4545,407854.792913,105,M9,False
onion,13,129.0,Kannur APMC,1.2645,0.2073,532299.032629,236,M9,False
onion,13,132.0,Kottayam Market,1.4933,0.1367,944739.770119,236,M9,False
onion,13,134.0,Manjeri Market,1.1793,0.2395,420367.518251,236,M9,False
onion,13,135.0,Palakkad Market,1.3658,0.1733,1246525.735721,236,M9,False
onion,13,136.0,Koduvayoor Market,1.5286,0.1277,889816.987094,236,M9,False
onion,13,139.0,Thrissur Market,1.3645,0.1737,1027519.753006,236,M9,False
onion,13,140.0,Kodungalloor Market,1.1219,0.2632,418832.229925,216,M9,False
onion,13,145.0,Ahilyanagar APMC,0.6374,0.5245,32564.791772,236,M9,False
onion,13,149.0,Dhule APMC,1.0286,0.3047,49322.743885,236,M9,False
onion,13,151.0,Jalgaon APMC,0.5052,0.6139,10880.086446,236,M9,False
onion,13,152.0,Kolhapur APMC,0.0496,0.9605,1355.610421,236,M9,False
onion,13,155.0,Nagpur APMC,0.3501,0.7266,26928.728136,236,M9,False
onion,13,159.0,Yeola APMC,0.4375,0.6622,25191.571447,236,M9,False
onion,13,160.0,Nasik APMC,0.5376,0.5913,32545.176414,236,M9,False
onion,13,161.0,Lasalgaon APMC,0.3302,0.7415,23181.772839,236,M9,False
onion,13,162.0,Pimpalgaon Baswant APMC,0.2972,0.7666,24717.571024,236,M9,False
onion,13,164.0,Pune APMC,0.6554,0.5129,32401.16729,236,M9,False
onion,13,168.0,SHRI.SIDDHESHWAR APMC,-0.0367,0.9708,-1051.756741,236,M6,False
onion,13,169.0,Kalyan APMC,0.5272,0.5989,87193.565981,138,M9,False
onion,13,171.0,Lamlong Bazaar APMC,1.5633,0.1196,1567257.963956,191,M9,False
onion,13,172.0,Bhopal APMC,-1.211,0.2281,-41361.399956,132,M6,False
onion,13,173.0,Bhopal(F&V) APMC,0.2687,0.7886,8538.496442,118,M9,False
onion,13,179.0,Indore(F&V) APMC,-0.2812,0.779,-9291.039084,140,M6,False
onion,13,182.0,Neemuch APMC,0.0449,0.9642,1834.266542,236,M9,False
onion,13,184.0,Rajnandgaon APMC,-0.8255,0.4099,-28276.297103,236,M6,False
onion,13,186.0,Ujjain APMC,0.0011,0.9991,82.376999,133,M9,False
onion,13,199.0,Bargarh APMC,1.2682,0.206,141308.595127,236,M9,False
onion,13,206.0,Kesinga APMC,1.2928,0.1973,738769.782948,236,M9,False
onion,13,207.0,Bhawanipatna APMC,1.2159,0.2261,619585.43652,135,M9,False
onion,13,216.0,Tarantaran APMC,-0.8798,0.3817,-29727.268621,79,M6,False
onion,13,218.0,Fazilka APMC,0.1333,0.8943,11183.289842,79,M9,False
onion,13,219.0,Jalalabad APMC,-0.3213,0.7488,-32736.355133,79,M6,False
onion,13,220.0,Ferozepur Cantt. APMC,0.8914,0.3767,34364.133228,55,M9,False
onion,13,226.0,Khanna APMC,-1.3881,0.169,-58420.608732,79,M6,False
onion,13,228.0,Baghapurana APMC,0.1772,0.8598,13611.857185,74,M9,False
onion,13,230.0,Muktsar APMC,-2.9992,0.0036,-43484.883903,79,M6,True
onion,13,231.0,Malout APMC,-0.281,0.7794,-23504.636004,79,M6,False
onion,13,232.0,Patiala APMC,,,-34127.98539,79,M6,False
onion,13,233.0,Patran APMC,-0.6675,0.5064,-4672.216387,79,M6,False
onion,13,234.0,Samana APMC,-0.7391,0.4639,-44002.258656,44,M6,False
onion,13,235.0,Nabha APMC,-1.1577,0.2505,-41798.983948,79,M6,False
onion,13,237.0,Dhuri APMC,-0.2997,0.7652,-26380.689128,79,M6,False
onion,13,239.0,Sunam APMC,-0.6567,0.5133,-48838.172498,79,M6,False
onion,13,240.0,Bhawanigarh APMC,-0.8844,0.3792,-72273.023921,79,M6,False
onion,13,244.0,Alwar APMC,-1.148,0.2592,-213065.043157,34,M6,False
onion,13,247.0,Baran APMC,-1.9092,0.0599,-99019.48561,79,M6,False
onion,13,250.0,Bhilwara APMC,-0.9143,0.3634,-83388.34633,79,M6,False
onion,13,253.0,Pratapgarh APMC,-2.4475,0.0166,-111446.050498,79,M6,True
onion,13,259.0,Sangriya APMC,-1.2195,0.2263,-83435.8885,79,M6,False
onion,13,261.0,Jaipur (F&V) APMC,-1.1954,0.2356,-77804.324127,79,M6,False
onion,13,265.0,Nawalgarh APMC,-4.3036,0.0001,-150291.984806,76,M6,True
onion,13,266.0,Jodhpur (F&V) APMC,,,-50448.052794,79,M6,False
onion,13,292.0,Ulundurpettai APMC,1.195,0.2357,240711.31122,79,M9,False
onion,13,296.0,Teliamura APMC,3.2238,0.0018,214302.668791,79,M9,True
onion,13,297.0,Agra APMC,1.3827,0.1707,39858.823485,79,M9,False
onion,13,298.0,Prayagraj APMC,1.4741,0.1445,72851.378945,79,M9,False
onion,13,299.0,Bahraich APMC,1.2857,0.2024,48399.958537,79,M9,False
onion,13,301.0,Barabanki APMC,1.0243,0.3104,28610.423985,53,M9,False
onion,13,302.0,Bareilly APMC,0.6654,0.5084,16812.153054,61,M9,False
onion,13,303.0,Dehradoon APMC,0.2466,0.8059,11010.527176,78,M9,False
onion,13,305.0,Farukhabad APMC,0.4983,0.6197,6126.119182,79,M9,False
onion,13,306.0,Ghaziabad APMC,0.1646,0.8698,4721.183836,57,M9,False
onion,13,307.0,Gorakhpur APMC,1.0987,0.2753,35972.814083,79,M9,False
onion,13,308.0,Hardoi APMC,0.9473,0.3477,26967.649012,55,M9,False
onion,13,309.0,Etawah APMC,0.9386,0.3518,42169.583975,59,M9,False
onion,13,310.0,Jaunpur APMC,0.8371,0.4051,23152.902074,79,M9,False
onion,13,311.0,Kanpur(Grain) APMC,-0.0198,0.9843,-298.527512,79,M6,False
onion,13,313.0,Lakhimpur APMC,0.9803,0.3299,34008.81983,79,M9,False
onion,13,315.0,Lucknow APMC,,,15317.485792,79,M9,False
onion,13,317.0,Meerut APMC,-4.5021,0.0,-23352.328967,51,M6,True
onion,13,318.0,Muradabad APMC,1.192,0.2381,41785.802181,59,M9,False
onion,13,319.0,Kashipur APMC,-1.3354,0.1856,-36633.655042,79,M6,False
onion,13,320.0,Pilibhit APMC,0.9677,0.3362,20252.323062,79,M9,False
onion,13,321.0,Saharanpur APMC,0.7538,0.4543,44605.146833,55,M9,False
onion,13,324.0,Sitapur APMC,0.7767,0.4403,29491.925419,63,M9,False
onion,13,325.0,Kicchha APMC,0.0813,0.9354,6498.352092,79,M9,False
onion,13,326.0,Rudrapur APMC,-0.8915,0.3754,-37957.836516,79,M6,False
onion,13,328.0,Barasat APMC,1.2735,0.2066,85811.787661,79,M9,False
onion,13,329.0,Bankura Sadar APMC,1.0448,0.2993,37816.967881,79,M9,False
onion,13,330.0,Bolpur APMC,1.3338,0.1862,88909.897611,79,M9,False
onion,13,331.0,Kalna APMC,0.6304,0.5303,56125.764808,79,M9,False
onion,13,332.0,Katwa APMC,0.7825,0.4363,66738.262731,79,M9,False
onion,13,334.0,Pandua APMC,-0.4819,0.6312,-38114.56148,79,M6,False
onion,13,335.0,Dhupguri APMC,1.3013,0.197,100944.226113,79,M9,False
onion,13,336.0,Samsi APMC,0.4604,0.6465,24328.190564,79,M9,False
onion,13,337.0,English Bazar APMC,-0.8419,0.4033,-89022.064125,59,M6,False
onion,13,338.0,Tamluk (Medinipur E) APMC,-0.2859,0.7758,-20611.995968,79,M6,False
onion,13,341.0,Karimpur APMC,0.3655,0.7157,31178.738516,79,M9,False
onion,13,342.0,Bethuadahari APMC,0.3077,0.7591,30204.418392,79,M9,False
onion,13,343.0,Islampur APMC,-0.6399,0.5267,-203601.743291,34,M6,False
onion,13,406.0,Durg APMC,0.9562,0.34,137741.931799,236,M9,False
onion,13,414.0,Raigarh APMC,0.9915,0.3225,44143.761082,236,M9,False
onion,13,423.0,APMC Keshopur,1.1829,0.2381,87493.358868,236,M9,False
onion,13,424.0,APMC Shahdara,0.6644,0.5072,45259.817007,187,M9,False
onion,13,441.0,Bhuj APMC,0.8982,0.3706,128941.782798,144,M9,False
onion,13,450.0,Vadhvan APMC,1.1743,0.2416,94567.70486,207,M9,False
onion,13,452.0,Panipat APMC,1.8881,0.0602,40187.540096,236,M9,False
onion,13,454.0,Sonepat APMC,1.5691,0.118,113194.325841,236,M9,False
onion,13,455.0,Rohtak APMC,0.5591,0.5766,10953.380643,232,M9,False
onion,13,456.0,Jhajjar APMC,1.2656,0.2069,121908.793261,236,M9,False
onion,13,457.0,Rewari APMC,1.4809,0.14,60400.990789,236,M9,False
onion,13,459.0,Gurgaon APMC,1.3919,0.1653,38687.777193,236,M9,False
onion,13,462.0,PMY Una,1.2341,0.2184,233651.989772,236,M9,False
onion,13,463.0,PMY Chamba,1.3711,0.1717,341648.580477,236,M9,False
onion,13,464.0,PMY Bilaspur,1.3318,0.1842,250481.977686,236,M9,False
onion,13,465.0,SMY Dhanotu,1.315,0.1898,199460.90014,236,M9,False
onion,13,466.0,PMY Hamirpur,1.4286,0.1544,295452.127084,236,M9,False
onion,13,467.0,PMY Dhalli Shimla,1.4535,0.1474,244236.424117,236,M9,False
onion,13,468.0,SMY Palampur,1.3526,0.1775,314344.71939,236,M9,False
onion,13,471.0,SMY Bhuntar,1.4511,0.1481,284613.237913,236,M9,False
onion,13,472.0,Narwal Jammu (F&V),1.289,0.1987,211309.18348,236,M9,False
onion,13,489.0,Doddaballapur APMC,1.2008,0.2314,173157.075379,184,M9,False
onion,13,515.0,Palayam Market,1.0796,0.2815,314618.727675,227,M9,False
onion,13,522.0,Mandsaur APMC,-0.1738,0.8622,-5701.53589,236,M6,False
onion,13,523.0,Khandwa APMC,0.1626,0.8711,4821.206878,133,M9,False
onion,13,526.0,Sehore APMC,-0.0249,0.9802,-887.912825,236,M6,False
onion,13,528.0,Ashta APMC,-0.8064,0.421,-21424.367179,195,M6,False
onion,13,530.0,Morena APMC,-0.6316,0.5287,-16038.812522,133,M6,False
onion,13,550.0,Chandvad APMC,0.0698,0.9444,4181.276274,236,M9,False
onion,13,551.0,Manmad APMC,-0.2242,0.8228,-9329.683576,236,M6,False
onion,13,553.0,Manchar APMC,0.5824,0.5609,46985.748274,236,M9,False
onion,13,554.0,Lonand APMC,0.5855,0.5588,18544.841959,236,M9,False
onion,13,555.0,Pandharpur APMC,-0.6936,0.4893,-10736.829476,116,M6,False
onion,13,557.0,Chattrapati Sambhajinagar APMC,-0.0347,0.9724,-825.037445,236,M6,False
onion,13,574.0,Malkapur APMC,0.1663,0.8681,4130.563955,236,M9,False
onion,13,594.0,Khariar Road APMC,1.4229,0.1561,431547.776888,236,M9,False
onion,13,595.0,Bolangir APMC,2.8632,0.0048,98698.225082,156,M9,True
onion,13,599.0,Pathankot APMC,1.8491,0.0687,27383.697486,71,M9,False
onion,13,600.0,Gurdaspur APMC,-0.0223,0.9823,-1027.211263,79,M6,False
onion,13,603.0,Bathinda APMC,-0.1069,0.9151,-6873.423084,79,M6,False
onion,13,605.0,Raman APMC,0.0909,0.9278,4922.206891,79,M9,False
onion,13,611.0,Mukerian APMC,-0.6193,0.5375,-60159.663554,78,M6,False
onion,13,614.0,Phagwara APMC,-0.8055,0.423,-63647.279178,79,M6,False
onion,13,615.0,Budalada APMC,-0.4838,0.6299,-48720.989815,79,M6,False
onion,13,617.0,Giddarbaha APMC,-0.6161,0.5396,-25472.994474,78,M6,False
onion,13,619.0,Dudhansadhan APMC,-0.6732,0.5028,-80957.888277,79,M6,False
onion,13,621.0,Ropar APMC,-0.4603,0.6466,-47391.272939,79,M6,False
onion,13,627.0,Churu APMC,-6.8523,0.0,-128772.498894,79,M6,True
onion,13,630.0,Jaisalmer APMC,-1.7668,0.0817,-130762.541105,70,M6,False
onion,13,636.0,Jhunjhunu APMC,,,-76007.66199,34,M6,False
onion,13,638.0,Sikar APMC,-4.6883,0.0,-55991.219836,79,M6,True
onion,13,647.0,Buland Shahr APMC,0.8932,0.3745,29506.587043,79,M9,False
onion,13,649.0,Baraut APMC,0.9733,0.3346,60827.373279,57,M9,False
onion,13,650.0,Shamli APMC,1.0985,0.2776,15664.554264,48,M9,False
onion,13,653.0,Mathura APMC,,,42408.246618,79,M9,False
onion,13,654.0,Rampur APMC,0.9656,0.3387,33549.677097,53,M9,False
onion,13,655.0,Badayoun APMC,0.4075,0.6853,16466.514032,53,M9,False
onion,13,656.0,Chandausi APMC,-1.0349,0.3053,-8570.394487,55,M6,False
onion,13,657.0,Raibareilly APMC,2.0149,0.0474,71568.5319,79,M9,True
onion,13,658.0,Gonda APMC,-1.3454,0.1824,-63190.87293,79,M6,False
onion,13,660.0,Pratapgarh APMC,0.4451,0.6575,7360.629528,79,M9,False
onion,13,662.0,Basti APMC,,,-20830.05035,79,M6,False
onion,13,663.0,Azamgarh APMC,1.1568,0.2509,48035.477753,79,M9,False
onion,13,666.0,Jhansi APMC,0.9824,0.3301,9184.115809,57,M9,False
onion,13,667.0,Rishikesh APMC,-0.9182,0.3613,-50334.575092,79,M6,False
onion,13,668.0,Vikasnagar APMC,-1.7845,0.0783,-51851.031021,78,M6,False
onion,13,669.0,Khateema APMC,-2.1511,0.0346,-76249.130475,79,M6,True
onion,13,670.0,Burdwan APMC,0.4753,0.6359,29041.547841,78,M9,False
onion,13,671.0,Medinipur(West) APMC,-0.5405,0.5904,-23520.570048,79,M6,False
onion,13,672.0,Birbhum APMC,0.5056,0.6146,38162.2807,79,M9,False
onion,13,673.0,Purulia APMC,1.5386,0.1302,102356.508395,51,M9,False
onion,13,674.0,Nadia APMC,-0.4881,0.6269,-51256.431615,79,M6,False
onion,13,675.0,Jalpaiguri Sadar APMC,-0.1139,0.9096,-14678.20515,79,M6,False
onion,13,676.0,Alipurduar APMC,0.2969,0.7673,19039.271407,79,M9,False
onion,13,678.0,Pabiacherra APMC,2.8902,0.005,203471.025823,79,M9,True
onion,13,679.0,Melaghar APMC,3.8404,0.0002,145567.952284,79,M9,True
onion,13,681.0,Vadaseri APMC,1.2338,0.221,348784.482078,79,M9,False
onion,13,683.0,Panisagar APMC,1.6932,0.0944,98155.446046,79,M9,False
onion,13,709.0,Chikkamagaluru APMC,1.1405,0.2552,157571.780719,236,M9,False
onion,13,728.0,Kalaburagi APMC,0.9157,0.3607,16236.593128,236,M9,False
onion,13,735.0,Hassan APMC,1.089,0.2774,27674.290163,214,M9,False
onion,13,742.0,Chickkaballapura APMC,0.941,0.3477,141329.33308,216,M9,False
onion,13,753.0,Shimoga APMC,1.1919,0.2345,188073.051102,236,M9,False
onion,13,793.0,Lalru APMC,-0.3827,0.703,-47537.610926,79,M6,False
onion,13,795.0,Fatehpur APMC,,,12045.029603,79,M9,False
onion,13,796.0,Auraiya APMC,1.2818,0.2037,19193.58417,79,M9,False
onion,13,799.0,Ramkrishanpur(Howrah) APMC,0.5835,0.5613,88557.033567,79,M9,False
onion,13,801.0,Bishnupur(Bankura) APMC,-0.7066,0.4824,-144760.838854,65,M6,False
onion,13,802.0,Mapusa APMC,1.6706,0.0961,54492.953162,236,M9,False
onion,13,813.0,Sangamner APMC,0.45,0.6531,11150.85563,236,M9,False
onion,13,816.0,Firozabad APMC,0.9953,0.3226,27143.712634,79,M9,False
onion,13,820.0,Ghatal APMC,-0.6916,0.492,-192411.521825,59,M6,False
onion,13,821.0,Champadanga APMC,-0.5264,0.6001,-57578.880038,79,M6,False
onion,13,822.0,Jangipur APMC,-0.5775,0.5652,-37899.457431,79,M6,False
onion,13,823.0,Udupi APMC,1.0784,0.282,201595.955555,236,M9,False
onion,13,931.0,Kurnool APMC,-0.0792,0.9369,-2866.216068,212,M6,False
onion,13,1061.0,Udumalpet APMC,1.149,0.2541,279788.401336,79,M9,False
onion,13,1070.0,Haldwani APMC,-1.4896,0.1404,-43263.255732,79,M6,False
onion,13,1071.0,Haridwar Union APMC,-1.6183,0.1096,-52651.829489,79,M6,False
onion,13,1072.0,Ramnagar APMC,-0.0447,0.9645,-1567.412247,79,M6,False
onion,13,1073.0,Roorkee APMC,3.4102,0.001,189811.192721,79,M9,True
onion,13,1074.0,Kotadwara APMC,-1.2374,0.2196,-95121.920769,79,M6,False
onion,13,1077.0,Manglaur APMC,-0.1456,0.8846,-11620.096051,79,M6,False
onion,13,1078.0,Gudimalkapur APMC,3.1671,0.0022,45734.472352,79,M9,True
onion,13,1079.0,Gohana APMC,1.0781,0.2821,63271.795896,236,M9,False
onion,13,1081.0,Thodupuzha Market,1.4701,0.1429,765407.679697,236,M9,False
onion,13,1085.0,Jaora APMC,0.3559,0.7223,12901.71974,236,M9,False
onion,13,1086.0,Shujalpur APMC,-0.2336,0.8155,-6451.112489,236,M6,False
onion,13,1108.0,Ambala Cantt. APMC,1.4469,0.1494,55391.977825,218,M9,False
onion,13,1110.0,Ballabhgarh APMC,0.7702,0.442,25916.455865,236,M9,False
onion,13,1111.0,Sohna APMC,1.1521,0.2504,99848.987855,236,M9,False
onion,13,1113.0,Mohindergarh APMC,1.5752,0.1167,56021.926604,207,M9,False
onion,13,1119.0,Thoubal APMC,1.6659,0.0974,1803778.993945,191,M9,False
onion,13,1128.0,Sirhind APMC,0.1415,0.8879,14839.406852,79,M9,False
onion,13,1130.0,Mansa APMC,-0.7769,0.4396,-92472.849525,78,M6,False
onion,13,1139.0,Kasganj APMC,,,-1679.107855,55,M6,False
onion,13,1140.0,Amroha APMC,0.9249,0.359,20413.595729,57,M9,False
onion,13,1141.0,Pukharayan APMC,0.3913,0.6966,8551.601648,79,M9,False
onion,13,1142.0,Kosikalan APMC,-0.5509,0.584,-2927.25751,53,M6,False
onion,13,1143.0,Unnao APMC,-0.9997,0.3206,-6683.85799,79,M6,False
onion,13,1147.0,Padra APMC,0.7427,0.4584,71734.301453,236,M9,False
onion,13,1204.0,Jharsuguda APMC,1.4184,0.1575,534522.429571,218,M9,False
onion,13,1214.0,Tindivanam APMC,0.8933,0.3744,122545.39408,79,M9,False
onion,13,1236.0,Agar APMC,-1.0418,0.2997,-53105.73711,116,M6,False
onion,13,1275.0,Kapadvanj APMC,0.6616,0.5089,45549.559078,236,M9,False
onion,13,1282.0,Jamkhed APMC,-0.0699,0.9444,-1233.068768,236,M6,False
onion,13,1283.0,Kopargaon APMC,0.3108,0.7562,18067.858343,236,M9,False
onion,13,1284.0,Pathardi APMC,0.4155,0.6781,13353.562418,236,M9,False
onion,13,1285.0,Shevgaon APMC,-0.2439,0.8075,-6306.713308,218,M6,False
onion,13,1287.0,Shrirampur APMC,0.457,0.6483,18392.510067,169,M9,False
onion,13,1290.0,Bhusaval APMC,0.177,0.8597,7229.016925,236,M9,False
onion,13,1297.0,Karjat APMC,0.0012,0.9991,36.616877,123,M9,False
onion,13,1298.0,Kalvan APMC,0.3634,0.7166,25258.963004,236,M9,False
onion,13,1299.0,Nandgaon APMC,0.1667,0.8677,7871.615386,236,M9,False
onion,13,1304.0,Vadgaonpeth APMC,0.754,0.4517,77112.637399,197,M9,False
onion,13,1306.0,Junnar APMC,0.7355,0.4627,58054.430908,236,M9,False
onion,13,1310.0,Karad APMC,0.6537,0.5139,70513.240744,236,M9,False
onion,13,1313.0,Satara APMC,0.8441,0.3994,48855.825852,236,M9,False
onion,13,1314.0,Vaduj APMC,-0.1385,0.8904,-3786.589258,53,M6,False
onion,13,1315.0,Vai APMC,1.1572,0.2484,112154.019722,236,M9,False
onion,13,1318.0,Mangal Wedha APMC,0.1032,0.9179,4979.172259,236,M9,False
onion,13,1321.0,Lasur Station APMC,0.6354,0.5258,27646.25265,236,M9,False
onion,13,1322.0,Vaijpur APMC,0.4715,0.6377,27538.584696,236,M9,False
onion,13,1377.0,Bayana APMC,-1.6017,0.1133,-77491.185155,79,M6,False
onion,13,1385.0,Sujangarh APMC,-1.0292,0.3066,-71203.78604,79,M6,False
onion,13,1386.0,Bhadara APMC,-2.2366,0.0282,-158181.679224,79,M6,True
onion,13,1387.0,Goluwala APMC,-2.6732,0.0091,-105878.892148,79,M6,True
onion,13,1389.0,Rawatsar APMC,-3.4885,0.0008,-47821.488255,79,M6,True
onion,13,1418.0,Rajsamand APMC,-2.4366,0.0171,-75371.165862,79,M6,True
onion,13,1427.0,Zira APMC,-0.5897,0.5571,-37883.365253,79,M6,False
onion,13,1428.0,Dinanagar APMC,-0.4411,0.6604,-38726.217512,79,M6,False
onion,13,1433.0,Garh Shankar APMC,-0.6382,0.5252,-40357.176177,79,M6,False
onion,13,1434.0,Tanda Urmur APMC,-0.3821,0.704,-64622.56607,51,M6,False
onion,13,1435.0,Adampur APMC,-1.4584,0.1545,-84325.236662,33,M6,False
onion,13,1441.0,Doraha APMC,-0.0484,0.9615,-4745.839983,79,M6,False
onion,13,1443.0,Ludhiana APMC,-0.5043,0.6154,-13456.998164,79,M6,False
onion,13,1446.0,Sahnewal APMC,-0.0064,0.9949,-610.858369,79,M6,False
onion,13,1449.0,Nihal Singh Wala APMC,-0.7804,0.4375,-24098.835217,79,M6,False
onion,13,1456.0,Rajpura APMC,-0.5195,0.6049,-18589.325019,79,M6,False
onion,13,1457.0,Chamkaur Sahib APMC,-0.3098,0.7575,-31519.632026,79,M6,False
onion,13,1458.0,Kharar APMC,-0.3539,0.7244,-31053.635664,79,M6,False
onion,13,1459.0,Kurali APMC,-0.2265,0.8214,-14018.608906,78,M6,False
onion,13,1464.0,Bassi Pathana APMC,-0.1594,0.8738,-12731.850487,78,M6,False
onion,13,1466.0,Khamano APMC,1.1129,0.2692,323032.651929,78,M9,False
onion,13,1469.0,Vellore APMC,1.3643,0.1764,68093.080397,79,M9,False
onion,13,1498.0,Jahajharpur APMC,0.7277,0.4679,173971.398193,158,M9,False
onion,13,1507.0,Boudh APMC,1.6074,0.1097,606882.17667,185,M9,False
onion,13,1510.0,Sargipali APMC,1.303,0.1938,230022.249932,236,M9,False
onion,13,1511.0,Udala APMC,1.3666,0.1731,458614.641531,236,M9,False
onion,13,1513.0,Jaleswar APMC,1.2202,0.2239,302161.823365,191,M9,False
onion,13,1516.0,Kamakhyanagar APMC,1.9096,0.0574,618422.489255,236,M9,False
onion,13,1520.0,Keonjhar APMC,1.294,0.1971,424994.741127,210,M9,False
onion,13,1523.0,Balugaon APMC,1.4204,0.1568,233420.056089,236,M9,False
onion,13,1525.0,Birmaharajpur APMC,1.1716,0.2429,513477.912762,175,M9,False
onion,13,1527.0,Hinjilicut APMC,1.5198,0.1302,455783.856393,190,M9,False
onion,13,1537.0,Porbandar APMC,0.6702,0.5034,49379.68124,236,M9,False
onion,13,1569.0,Bhagta Bhai Ka APMC,-0.4,0.6902,-19240.155706,79,M6,False
onion,13,1570.0,Talwandi Sabo APMC,-0.9853,0.3275,-35055.059654,79,M6,False
onion,13,1573.0,Mamdot APMC,1.4211,0.1602,111698.019279,64,M9,False
onion,13,1575.0,F.G.Churian APMC,-0.0854,0.9323,-6405.23032,57,M6,False
onion,13,1585.0,Banur APMC,0.0788,0.9374,8647.524137,79,M9,False
onion,13,1587.0,Dera Bassi APMC,0.1315,0.8957,5766.528022,79,M9,False
onion,13,1588.0,Ghanaur APMC,-1.17,0.2456,-37156.90476,79,M6,False
onion,13,1593.0,Lehra Gaga APMC,-0.1636,0.8705,-15231.759157,78,M6,False
onion,13,1601.0,Akole APMC,0.3404,0.7338,24518.396954,236,M9,False
onion,13,1606.0,Rayya APMC,0.5577,0.5786,22318.543819,79,M9,False
onion,13,1610.0,Ajmer(F&V) APMC,-0.65,0.5176,-70000.836038,79,M6,False
onion,13,1611.0,Bikaner (F&V) APMC,-0.3439,0.7318,-10030.000123,79,M6,False
onion,13,1614.0,Sriganganagar (F&V) APMC,-0.4703,0.6399,-75504.897488,59,M6,False
onion,13,1633.0,Satana APMC,0.4968,0.6198,41193.784927,236,M9,False
onion,13,1634.0,Rahuri APMC,1.2708,0.2051,30808.433625,236,M9,False
onion,13,1637.0,Akluj APMC,0.3441,0.7311,15611.028587,236,M9,False
onion,13,1644.0,Sinner APMC,0.5852,0.559,39182.29088,236,M9,False
onion,13,1663.0,Sitarganj APMC,-1.8897,0.0625,-109519.760499,79,M6,False
onion,13,1704.0,Dasda APMC,3.3907,0.0011,445140.314018,73,M9,True
onion,13,1715.0,Kopaganj APMC,0.5702,0.5702,2671.928711,79,M9,False
onion,13,1716.0,Partaval APMC,0.8465,0.3998,16066.851133,79,M9,False
onion,13,1718.0,Kannauj APMC,-1.6057,0.1144,-9474.063479,53,M6,False
onion,13,1719.0,Robertsganj APMC,6.453,0.0,23467.020719,79,M9,True
onion,13,1720.0,Aligarh APMC,0.6482,0.5193,14816.110438,61,M9,False
onion,13,1721.0,Akbarpur APMC,0.7364,0.4637,20301.298621,79,M9,False
onion,13,1722.0,Balrampur APMC,1.0095,0.3159,38491.123533,79,M9,False
onion,13,1727.0,Naugarh APMC,0.2292,0.8194,3047.628601,72,M9,False
onion,13,1729.0,Dadri APMC,-0.8477,0.4002,-14131.133759,57,M6,False
onion,13,1730.0,Haathras APMC,,,5892.209438,79,M9,False
onion,13,1731.0,Golagokarnath APMC,0.5449,0.5874,11575.177058,79,M9,False
onion,13,1732.0,Puranpur APMC,0.0443,0.9648,965.773187,79,M9,False
onion,13,1733.0,Bangarmau APMC,1.9358,0.058,17513.198339,57,M9,False
onion,13,1735.0,Bishalpur APMC,0.5468,0.5861,12390.764151,79,M9,False
onion,13,1737.0,Kayamganj APMC,0.2491,0.8039,1791.711794,79,M9,False
onion,13,1738.0,Konch APMC,-0.5937,0.5545,-8464.635811,78,M6,False
onion,13,1741.0,Bharthna APMC,-1.2045,0.2321,-34167.756658,79,M6,False
onion,13,1743.0,Jayas APMC,0.7272,0.4693,9694.020827,79,M9,False
onion,13,1746.0,Paliakala APMC,0.0437,0.9653,1645.855754,78,M9,False
onion,13,1749.0,Sirsa APMC,0.9394,0.3509,16688.570213,67,M9,False
onion,13,1754.0,Gangoh APMC,-1.2089,0.2303,-9097.131527,79,M6,False
onion,13,1755.0,Charra APMC,,,27423.296862,79,M9,False
onion,13,1759.0,Khair APMC,1.3408,0.1848,16573.555647,64,M9,False
onion,13,1760.0,Safdarganj APMC,-0.1796,0.8579,-1743.498799,79,M6,False
onion,13,1763.0,Naanpara APMC,0.7264,0.4698,14180.366539,79,M9,False
onion,13,1768.0,Baripaal APMC,-0.286,0.7757,-3681.750278,79,M6,False
onion,13,1770.0,Jasvantnagar APMC,0.8219,0.4136,12751.646071,79,M9,False
onion,13,1772.0,Tulsipur APMC,-1.6788,0.0981,-6458.511748,64,M6,False
onion,13,1773.0,Anandnagar APMC,1.0249,0.3086,20818.072589,79,M9,False
onion,13,1774.0,Mehmoodabad APMC,0.4439,0.6583,8142.794886,79,M9,False
onion,13,1776.0,Shahabad(New Mandi) APMC,0.8701,0.3882,26205.741954,53,M9,False
onion,13,1778.0,Dudhi APMC,-1.9883,0.0506,-33558.574262,73,M6,False
onion,13,1780.0,Mugrabaadshahpur APMC,0.7805,0.4375,15436.35602,79,M9,False
onion,13,1783.0,Gulavati APMC,-0.5843,0.5607,-3844.440257,79,M6,False
onion,13,1785.0,Rampurmaniharan APMC,0.3971,0.6929,31968.534463,55,M9,False
onion,13,1788.0,Sambhal APMC,0.3814,0.7039,3445.722927,79,M9,False
onion,13,1791.0,Najibabad APMC,0.3098,0.758,11633.733097,50,M9,False
onion,13,1793.0,Jalaun APMC,0.4034,0.6882,14614.020791,57,M9,False
onion,13,1804.0,Barwala APMC,1.4062,0.161,98647.368247,236,M9,False
onion,13,1805.0,Barara APMC,1.3687,0.1725,86198.878258,219,M9,False
onion,13,1808.0,Naraingarh APMC,1.6521,0.0999,87594.65338,236,M9,False
onion,13,1809.0,Shahzadpur APMC,1.9097,0.0574,66169.411801,236,M9,False
onion,13,1810.0,Jagadhri APMC,1.2464,0.2139,102032.343828,236,M9,False
onion,13,1811.0,Chhachrauli APMC,1.4159,0.1581,104964.747193,236,M9,False
onion,13,1812.0,Mustafabad APMC,1.6296,0.1045,127535.012786,236,M9,False
onion,13,1813.0,Sadhaura APMC,1.2833,0.2006,93348.523181,236,M9,False
onion,13,1814.0,Radaur APMC,1.3535,0.1772,86411.039677,235,M9,False
onion,13,1823.0,Farukh Nagar APMC,1.1952,0.2332,58599.386873,236,M9,False
onion,13,1826.0,Punhana APMC,1.0512,0.2943,66138.286774,220,M9,False
onion,13,1827.0,Tauru APMC,1.2875,0.1992,131563.989186,236,M9,False
onion,13,1828.0,Barwala(Hisar) APMC,0.7017,0.4837,45322.595671,194,M9,False
onion,13,1833.0,Jakhal APMC,1.4101,0.1598,120480.878507,236,M9,False
onion,13,1839.0,Dhand APMC,1.4492,0.1486,158334.017195,236,M9,False
onion,13,1842.0,Siwan APMC,1.2719,0.2047,130472.994022,236,M9,False
onion,13,1852.0,Madlauda APMC,1.6343,0.1035,140705.700534,236,M9,False
onion,13,1853.0,Samalkha APMC,0.984,0.3262,42215.389492,220,M9,False
onion,13,1860.0,Meham APMC,1.5072,0.1331,83214.261721,236,M9,False
onion,13,1864.0,Ganaur APMC,1.3979,0.1634,129677.5155,236,M9,False
onion,13,1868.0,Bowenpally APMC,0.929,0.3558,35589.342264,79,M9,False
onion,13,1894.0,Parner APMC,0.1361,0.8919,7152.677192,236,M9,False
onion,13,1895.0,Devala APMC,0.3216,0.748,24822.230906,236,M9,False
onion,13,1939.0,Ramtek APMC,0.7281,0.4673,73602.364383,236,M9,False
onion,13,1966.0,Gopiganj APMC,0.7519,0.4548,27940.642962,67,M9,False
onion,13,1967.0,Karvi APMC,-0.0826,0.9344,-1792.261706,70,M6,False
onion,13,1971.0,Aroor APMC,1.5925,0.1127,1101897.651664,216,M9,False
onion,13,1973.0,Kuruppanthura Market,1.5546,0.1214,1373673.84378,233,M9,False
onion,13,1974.0,Chelakkara Market,1.3431,0.1805,562275.485696,236,M9,False
onion,13,1975.0,Munnar Market,1.658,0.0987,605923.081243,236,M9,False
onion,13,1977.0,Kottakkal Market,1.2481,0.2132,355142.538146,236,M9,False
onion,13,1978.0,Angamaly Market,1.4127,0.1591,825832.169836,236,M9,False
onion,13,1979.0,Kallachi Market,1.3973,0.1636,491564.702398,236,M9,False
onion,13,1980.0,Taliparamba Market,0.9871,0.3259,586773.810241,105,M9,False
onion,13,1981.0,Neeleswaram APMC,1.309,0.1918,523414.567593,236,M9,False
onion,13,1986.0,Madhavapuram Market,1.5527,0.1218,585629.497621,236,M9,False
onion,13,2007.0,Piravam Market,1.6655,0.0971,621487.150405,236,M9,False
onion,13,2008.0,Aralamoodu Market,1.5287,0.1277,907168.627161,236,M9,False
onion,13,2013.0,Anchal Market,1.8202,0.07,359201.173423,236,M9,False
onion,13,2015.0,Chengannur Market,1.3639,0.1739,858944.125636,236,M9,False
onion,13,2016.0,Kayamkulam Market,1.3217,0.1876,399332.814804,236,M9,False
onion,13,2017.0,Harippad APMC,1.3406,0.1819,126557.807991,170,M9,False
onion,13,2019.0,Pampady Market,1.3959,0.1641,662777.130643,236,M9,False
onion,13,2020.0,Ettumanoor Market,1.1868,0.2365,674795.658196,236,M9,False
onion,13,2021.0,Kanjirappally Market,1.3294,0.185,1306494.078874,236,M9,False
onion,13,2022.0,Pala Market,1.5116,0.132,1416421.972163,236,M9,False
onion,13,2024.0,Chalakudy Market,1.4123,0.1592,720874.522437,236,M9,False
onion,13,2025.0,Irinjalakkuda APMC,1.5392,0.1251,384670.296397,236,M9,False
onion,13,2026.0,Chavakkad Market,1.4262,0.1551,693836.331447,236,M9,False
onion,13,2027.0,Wadakkanchery Market,1.3705,0.1718,693042.421344,236,M9,False
onion,13,2035.0,Kanjangadu Market,1.2627,0.2079,396499.803398,236,M9,False
onion,13,2036.0,Vamanapuram Market,1.5802,0.1154,518890.361139,236,M9,False
onion,13,2039.0,Rahata APMC,0.7377,0.4614,49311.687744,236,M9,False
onion,13,2076.0,Badnawar APMC,-0.9682,0.3347,-36081.798048,132,M6,False
onion,13,2086.0,Narsinghgarh APMC,0.3198,0.7494,9010.465607,236,M9,False
onion,13,2088.0,Sailana APMC,0.242,0.809,8080.358108,236,M9,False
onion,13,2097.0,Shajapur APMC,0.1749,0.8614,16633.593147,133,M9,False
onion,13,2103.0,Kalapipal APMC,0.2261,0.8213,8153.661431,236,M9,False
onion,13,2130.0,Rahuri(Vambori) APMC,0.3936,0.6942,14384.255272,236,M9,False
onion,13,2139.0,Lasalgaon(Niphad) APMC,0.4168,0.6772,34550.332564,236,M9,False
onion,13,2141.0,Dindori(Vani) APMC,0.4185,0.6761,32654.172786,168,M9,False
onion,13,2142.0,Pimpalgaon Baswant(Saykheda) APMC,0.4819,0.6303,32698.72021,236,M9,False
onion,13,2146.0,Junnar(Otur) APMC,0.6749,0.5004,58887.673812,236,M9,False
onion,13,2147.0,Khed(Chakan) APMC,0.7289,0.4668,44029.432014,236,M9,False
onion,13,2148.0,Pune(Pimpri) APMC,1.1299,0.2597,73736.905625,236,M9,False
onion,13,2149.0,Pune(Khadiki) APMC,0.8077,0.4201,23418.678309,236,M9,False
onion,13,2150.0,"Sangli(Phale, Bhajipala Market) APMC",0.4379,0.6618,14913.210712,236,M9,False
onion,13,2163.0,Chandrapur(Ganjwad) APMC,0.8759,0.382,69744.095644,236,M9,False
onion,13,2173.0,Kathua (F&V),1.2061,0.229,180017.081705,236,M9,False
onion,13,2176.0,Thrippunithura Market,1.2687,0.2058,551418.451369,236,M9,False
onion,13,2177.0,Pattambi Market,1.3675,0.1728,781832.338232,236,M9,False
onion,13,2181.0,Khekda APMC,0.2665,0.7905,4660.980347,79,M9,False
onion,13,2182.0,Jahangirabad APMC,-0.0085,0.9932,-230.703853,79,M6,False
onion,13,2183.0,Siyana APMC,-0.6036,0.5481,-12716.850892,70,M6,False
onion,13,2184.0,Sikanderabad APMC,0.1047,0.9169,1474.779479,71,M9,False
onion,13,2185.0,Anoop Shahar APMC,,,-9827.992202,63,M6,False
onion,13,2186.0,Sikarpur APMC,0.3075,0.7593,8568.329576,79,M9,False
onion,13,2188.0,Chutmalpur APMC,-0.0267,0.9788,-494.37635,63,M6,False
onion,13,2190.0,Kairana APMC,-0.3463,0.73,-9381.628341,79,M6,False
onion,13,2191.0,Thanabhavan APMC,0.3106,0.757,6859.854242,79,M9,False
onion,13,2193.0,Fatehabad APMC,-0.4791,0.6332,-7478.712661,79,M6,False
onion,13,2195.0,Khairagarh APMC,-1.6863,0.0957,-28243.90427,79,M6,False
onion,13,2196.0,Jagnair APMC,1.2514,0.2145,17672.508847,79,M9,False
onion,13,2198.0,Samsabad APMC,-0.5525,0.5822,-16819.061118,79,M6,False
onion,13,2200.0,Shadabad APMC,0.3625,0.7179,14619.134696,79,M9,False
onion,13,2203.0,Awagarh APMC,-2.1134,0.0378,-23651.604656,79,M6,True
onion,13,2209.0,Dhanaura APMC,0.0032,0.9974,49.692842,79,M9,False
onion,13,2212.0,Anwala APMC,0.3565,0.7224,5767.503299,79,M9,False
onion,13,2216.0,Shahaswan APMC,-1.4738,0.1446,-11817.093466,78,M6,False
onion,13,2219.0,Uttaripura APMC,-0.4109,0.6828,-7944.279809,53,M6,False
onion,13,2225.0,Lalganj APMC,0.8822,0.3804,31885.469459,79,M9,False
onion,13,2227.0,Salon APMC,-0.0038,0.997,-18.218855,69,M6,False
onion,13,2229.0,Hargaon (Laharpur) APMC,-0.0675,0.9464,-1611.118635,79,M6,False
onion,13,2239.0,Rudauli APMC,1.7655,0.0831,42786.306817,55,M9,False
onion,13,2240.0,Nawabganj APMC,0.6209,0.5364,11492.25122,79,M9,False
onion,13,2243.0,Ahirora APMC,0.5562,0.5797,25192.472513,79,M9,False
onion,13,2244.0,Doharighat APMC,1.4847,0.1422,71856.537385,69,M9,False
onion,13,2249.0,Khalilabad APMC,,,21651.107232,74,M9,False
onion,13,2250.0,Gadaura APMC,0.9698,0.3365,9781.785918,55,M9,False
onion,13,2252.0,Payagpur APMC,-0.6442,0.5219,-6051.094753,63,M6,False
onion,13,2266.0,Kalyani APMC,0.1676,0.8673,15356.881924,79,M9,False
onion,13,2268.0,Baruipur(Canning) APMC,0.1112,0.9118,17210.100001,79,M9,False
onion,13,2269.0,Uluberia APMC,0.3985,0.6913,68049.753749,79,M9,False
onion,13,2270.0,Sheoraphuly APMC,-0.8687,0.3877,-69643.005069,79,M6,False
onion,13,2318.0,Rajgarh APMC,0.3496,0.727,13820.069352,206,M9,False
onion,13,2325.0,Shamgarh APMC,0.0177,0.9859,1055.573305,133,M9,False
onion,13,2422.0,Thirupathur APMC,1.3078,0.1948,174630.674501,79,M9,False
onion,13,2441.0,Ambala City(Subji Mandi) APMC,1.3443,0.1804,51534.76644,193,M9,False
onion,13,2444.0,FerozpurZirkha(Nagina) APMC,1.3108,0.1912,98445.314071,236,M9,False
onion,13,2451.0,Panchkul(Kalka) APMC,1.8279,0.0703,178770.172672,111,M9,False
onion,13,2481.0,Kota (F&V) APMC,-1.0383,0.3034,-140626.896551,59,M6,False
onion,13,2487.0,Jalandhar City(Jalandhar) APMC,0.154,0.878,5590.364697,79,M9,False
onion,13,2490.0,Nawan Shahar(Subzi Mandi) APMC,2.4902,0.0149,40434.626443,79,M9,True
onion,13,2505.0,Rampuraphul(Nabha Mandi) APMC,0.4306,0.668,7993.392315,79,M9,False
onion,13,2510.0,Mukerian(Talwara) APMC,1.9364,0.0566,124295.326748,75,M9,False
onion,13,2521.0,SMY Nadaun,1.3877,0.1665,281788.284436,236,M9,False
onion,13,2524.0,SMY Takoli,1.3835,0.1678,263833.955239,236,M9,False
onion,13,2526.0,SMY Baijnath,1.3503,0.1782,269550.902658,236,M9,False
onion,13,2527.0,SMY Nagrota Bagwan,1.2966,0.1963,236134.631259,202,M9,False
onion,13,2528.0,SMY Jassur,1.2104,0.2276,254457.643381,193,M9,False
onion,13,2529.0,SMY Jaisinghpur,1.4431,0.1503,342508.460547,236,M9,False
onion,13,2536.0,Belacoba APMC,0.6446,0.5211,78090.184089,79,M9,False
onion,13,2537.0,Siliguri APMC,-0.0638,0.9493,-3008.58488,79,M6,False
onion,13,2543.0,Ahmedabad(Chimanbhai Patal Market Vasana) APMC,0.683,0.4953,54476.544339,236,M9,False
onion,13,2545.0,Rajkot(Veg.Sub Yard) APMC,0.4722,0.6372,12899.251384,236,M9,False
onion,13,2549.0,Dahod(Veg. Market) APMC,0.9885,0.3239,66452.479998,236,M9,False
onion,13,2551.0,Vadodara(Sayajipura) APMC,0.8142,0.4163,55844.915428,236,M9,False
onion,13,2571.0,"Anand(Veg,Yard,Anand) APMC",0.9338,0.3514,40605.781286,236,M9,False
onion,13,2668.0,Kottarakkara Market,1.5801,0.1154,600206.561468,236,M9,False
onion,13,2673.0,Mannar Market,1.4972,0.1357,900192.571109,236,M9,False
onion,13,2674.0,Athirampuzha Market,1.4822,0.1396,869552.017058,236,M9,False
onion,13,2675.0,Thalayolaparambu Market,1.4033,0.1618,678194.298044,236,M9,False
onion,13,2677.0,Vandiperiyar Market,1.6753,0.0953,709057.316624,227,M9,False
onion,13,2679.0,Kattappana Market,1.5683,0.1182,605777.787447,236,M9,False
onion,13,2680.0,Perumbavoor Market,1.1767,0.2405,370420.116251,236,M9,False
onion,13,2681.0,Kothamangalam Market,0.8881,0.3754,286225.716828,236,M9,False
onion,13,2683.0,Vadakkenchery Market,1.4267,0.155,1254446.670896,236,M9,False
onion,13,2684.0,Perinthalmanna Market,1.5353,0.126,205246.413516,236,M9,False
onion,13,2685.0,Parappanangadi Market,0.7479,0.4554,39878.491539,187,M9,False
onion,13,2686.0,Thirurrangadi Market,0.9898,0.3233,336440.877037,236,M9,False
onion,13,2687.0,Kondotty Market,1.2086,0.2282,416651.803482,214,M9,False
onion,13,2689.0,Perambra Market,1.1013,0.2719,380797.983442,236,M9,False
onion,13,2690.0,Mukkom Market,1.1384,0.2561,446049.248247,236,M9,False
onion,13,2691.0,Quilandy Market,1.2736,0.204,442606.419023,236,M9,False
onion,13,2692.0,Thamarassery Market,1.079,0.2817,327429.292575,236,M9,False
onion,13,2693.0,Chala Market,1.4918,0.1371,1140947.120002,236,M9,False
onion,13,2696.0,Phillaur(Apra Mandi) APMC,2.6443,0.01,96229.697234,73,M9,True
onion,13,2701.0,Garh Shankar(Mahalpur) APMC,0.3492,0.7279,11122.049077,78,M9,False
onion,13,2703.0,Mumbai-Onion & Potato Market APMC,0.33,0.7417,19480.934916,236,M9,False
onion,13,2704.0,Amrawati(Frui & Veg. Market) APMC,0.8064,0.4208,28626.661758,236,M9,False
onion,13,2708.0,Newasa(Ghodegaon) APMC,0.8628,0.3891,56729.296306,236,M9,False
onion,13,2713.0,Bonai APMC,1.1302,0.26,270820.273884,165,M9,False
onion,13,2714.0,Bargarh(Barapalli) APMC,1.0447,0.2973,138010.690404,219,M9,False
onion,13,2721.0,Keonjhar(Dhekikote) APMC,1.1902,0.2353,350725.96163,216,M9,False
onion,13,2738.0,Udaipur (F&V) APMC,-1.512,0.1346,-64356.234093,79,M6,False
onion,13,2739.0,Chomu FV APMC,-0.7419,0.4604,-91819.829791,79,M6,False
onion,13,2744.0,Bassi APMC,-0.7225,0.4722,-126731.812875,79,M6,False
onion,13,2773.0,Mehsana(Mehsana Veg) APMC,0.9584,0.3389,53322.150411,236,M9,False
onion,13,2774.0,Deesa(Deesa Veg Yard) APMC,0.9283,0.3542,79899.522821,236,M9,False
onion,13,2800.0,Khandhla APMC,-0.5646,0.5744,-15783.057375,62,M6,False
onion,13,2803.0,Noida APMC,0.4507,0.654,11320.866759,57,M9,False
onion,13,2894.0,Bara Bazar (Posta Bazar) APMC,0.8411,0.4029,30529.149064,79,M9,False
onion,13,2897.0,Habra APMC,0.7534,0.4535,33592.404735,79,M9,False
onion,13,2899.0,Durgapur APMC,0.7411,0.4609,27119.582417,79,M9,False
onion,13,2902.0,Gajol APMC,-0.5302,0.5975,-50854.733369,79,M6,False
onion,13,2905.0,Balarampur APMC,1.2803,0.2042,71728.680769,79,M9,False
onion,13,2910.0,"New Grain Market , Faridabad APMC",1.1901,0.2352,53655.558703,234,M9,False
onion,13,2940.0,Tiruchengode APMC,2.3029,0.024,169941.731868,79,M9,True
onion,13,2970.0,Thuraiyur APMC,1.8817,0.0636,220973.41203,79,M9,False
onion,13,3039.0,SMY Santoshgarh,1.2571,0.21,169982.221555,236,M9,False
onion,13,3045.0,Harda(F&V) APMC,0.6804,0.4976,34727.595358,114,M9,False
onion,13,3046.0,Indore APMC,0.4102,0.6823,56448.835393,133,M9,False
onion,13,3048.0,Badnawar(F&V) APMC,0.493,0.6228,17639.564514,142,M9,False
onion,13,3054.0,Dewas(F&V) APMC,1.19,0.2361,38999.002778,138,M9,False
onion,13,3059.0,Lashkar(F&V) APMC,0.1832,0.8549,6288.534776,140,M9,False
onion,13,3067.0,Sagar(F&V) APMC,-0.1215,0.9035,-5260.735066,140,M6,False
onion,13,3071.0,Jabalpur(F&V) APMC,0.7358,0.4631,10008.424173,140,M9,False
onion,13,3075.0,Chhindwara(F&V) APMC,0.7207,0.4726,21776.42296,115,M9,False
onion,13,3080.0,Tusura APMC,3.6727,0.0003,65342.018339,156,M9,True
onion,13,3086.0,Godbhaga APMC,1.2534,0.2119,418665.388516,159,M9,False
onion,13,3092.0,Saharpada APMC,1.3112,0.1911,360541.151093,223,M9,False
onion,13,3098.0,Kalyanpur APMC,1.182,0.2408,124481.463332,79,M9,False
onion,13,3099.0,Jampuijala APMC,1.4074,0.1637,383273.815939,71,M9,False
onion,13,3102.0,Gondatwisa APMC,1.599,0.1142,453574.77742,73,M9,False
onion,13,3104.0,Silachhari APMC,2.7856,0.0067,405505.152195,79,M9,True
onion,13,3105.0,Barpathari APMC,1.7057,0.0921,112877.253325,79,M9,False
onion,13,3117.0,Asansol APMC,0.451,0.6532,22829.059823,79,M9,False
onion,13,3128.0,Junnar(Alephata) APMC,0.4852,0.628,40185.089819,236,M9,False
onion,13,3130.0,Junnar(Narayangaon) APMC,0.6791,0.4978,43010.18187,211,M9,False
onion,13,3142.0,Kamthi APMC,1.2531,0.2114,124706.588013,236,M9,False
onion,13,3218.0,Tiphra APMC,0.0928,0.9262,3555.347486,214,M9,False
onion,13,3297.0,Khariar APMC,1.433,0.1534,506660.959672,201,M9,False
onion,13,3299.0,Chuliaposi APMC,1.3559,0.1771,714740.815204,154,M9,False
onion,13,3306.0,Nilagiri APMC,1.0016,0.3187,47642.054709,113,M9,False
onion,13,3308.0,Hindol APMC,1.1803,0.2391,269446.672706,236,M9,False
onion,13,3339.0,Falakata APMC,0.5297,0.5985,46763.40836,55,M9,False
onion,13,3340.0,Moynaguri APMC,0.9946,0.323,122763.849483,79,M9,False
onion,13,3341.0,Karsiyang(Matigara) APMC,2.4065,0.0185,415897.580879,79,M9,True
onion,13,3343.0,Raiganj APMC,0.1754,0.8615,18153.540897,49,M9,False
onion,13,3344.0,Gangarampur(Dakshin Dinajpur) APMC,-0.036,0.9714,-3203.615796,73,M6,False
onion,13,3346.0,Diamond Harbour(South 24-pgs) APMC,0.6725,0.5033,97895.403146,79,M9,False
onion,13,3347.0,Kalipur APMC,0.2325,0.8167,9296.561153,79,M9,False
onion,13,3349.0,Ranaghat APMC,0.5127,0.6096,37046.344847,79,M9,False
onion,13,3350.0,Chakdah APMC,0.8193,0.4151,44955.281254,79,M9,False
onion,13,3352.0,Garbeta(Medinipur) APMC,0.5565,0.5795,18321.848263,79,M9,False
onion,13,3354.0,Kasipur APMC,0.5887,0.5578,30343.131444,79,M9,False
onion,13,3355.0,Sainthia APMC,1.1077,0.2714,83874.561269,79,M9,False
onion,13,3393.0,Broadway market Market,1.2263,0.2223,786262.13145,133,M9,False
onion,13,3394.0,North Paravur Market,1.7291,0.0861,2571450.866716,134,M9,False
onion,13,3440.0,GarhShankar (Kotfatuhi) APMC,0.2646,0.7921,7646.033089,79,M9,False
onion,13,3445.0,APMC Azadpur,-0.0736,0.9414,-3306.636975,236,M6,False
onion,13,3448.0,Lasalgaon(Vinchur) APMC,0.5602,0.5759,43658.430525,236,M9,False
onion,13,3449.0,Pune(Manjri) APMC,0.5146,0.6073,31173.460636,236,M9,False
onion,13,3450.0,Pune(Moshi) APMC,0.58,0.5625,14541.34004,236,M9,False
onion,13,3452.0,Agriculture Produce Market Committee Hingna,1.0529,0.2943,123523.261318,132,M9,False
onion,13,3458.0,Umrane APMC,0.7568,0.4499,37039.516784,236,M9,False
onion,13,3462.0,Nampur APMC,0.6646,0.5069,46542.466804,236,M9,False
onion,13,3500.0,Batengoo Anantnag (F&V),-1.1722,0.2498,-145252.98659,33,M6,False
onion,13,3517.0,PMY Kangni Mandi,1.0226,0.314,97672.794341,34,M9,False
onion,13,3626.0,Dablirathan APMC,-0.8316,0.4087,-30342.990234,65,M6,False
onion,13,3677.0,Kanchanpur,3.1268,0.0025,342688.221286,75,M9,True
onion,13,3680.0,Kadamtala,2.5278,0.0135,109866.789976,79,M9,True
onion,13,3953.0,Tajpur APMC,0.9785,0.3293,180553.860688,163,M9,False
onion,13,3956.0,Sheohar APMC,1.2386,0.217,304871.748358,194,M9,False
onion,13,3996.0,"Laxmi-Sopan Agriculture Produce Marketing Co Ltd, Barshi, Dist Solapur",1.4679,0.145,58615.780422,109,M9,False
onion,13,4025.0,"Omchatinya Multi State Agro Purpose Co-Op Society, Dist Ahilyanagar",0.6456,0.5197,39535.412832,135,M9,False
onion,13,4038.0,"Shivsiddha Govind Producer Company Ltd Sanchalit Khajgi Krush Utpann Bajar, Samati-Nashik",0.802,0.4245,208260.588397,101,M9,False
onion,13,4055.0,Ariyalur(Uzhavar Sandhai),0.8257,0.4115,135886.054111,79,M9,False
onion,13,4056.0,Jeyankondam (Uzhavar Sandhai ),1.251,0.2147,226910.225257,79,M9,False
onion,13,4057.0,RSPuram(Uzhavar Sandhai ),0.873,0.3854,91632.253276,79,M9,False
onion,13,4058.0,Singanallur(Uzhavar Sandhai ),1.2933,0.1997,70146.90744,79,M9,False
onion,13,4059.0,Pollachi(Uzhavar Sandhai ),0.9541,0.343,150554.722637,79,M9,False
onion,13,4060.0,Mettupalayam(Uzhavar Sandhai ),1.178,0.2424,129202.189265,79,M9,False
onion,13,4061.0,Kurichi(Uzhavar Sandhai ),1.0679,0.2889,96744.798138,79,M9,False
onion,13,4062.0,Sulur(Uzhavar Sandhai ),1.0647,0.2903,74677.98661,79,M9,False
onion,13,4063.0,Vadavalli(Uzhavar Sandhai ),0.5902,0.5568,47334.42216,79,M9,False
onion,13,4064.0,Sundarapuram(Uzhavar Sandhai ),0.8938,0.3742,53944.575147,79,M9,False
onion,13,4065.0,Cuddalore(Uzhavar Sandhai ),1.3731,0.1737,183758.325726,79,M9,False
onion,13,4066.0,Chidambaram(Uzhavar Sandhai ),1.196,0.2353,186319.108865,79,M9,False
onion,13,4067.0,Viruthachalam(Uzhavar Sandhai ),0.9417,0.3493,92769.47377,79,M9,False
onion,13,4068.0,Panruti(Uzhavar Sandhai ),1.1028,0.2735,132834.329923,79,M9,False
onion,13,4070.0,Dharmapuri(Uzhavar Sandhai ),1.1266,0.2634,129474.244284,79,M9,False
onion,13,4071.0,Pennagaram(Uzhavar Sandhai ),1.4979,0.1382,180167.633718,79,M9,False
onion,13,4072.0,Palacode(Uzhavar Sandhai ),1.1711,0.2451,170741.68407,79,M9,False
onion,13,4073.0,Harur(Uzhavar Sandhai ),1.1978,0.2346,158890.39694,79,M9,False
onion,13,4074.0,AJattihalli(Uzhavar Sandhai ),1.0079,0.3166,162763.012568,79,M9,False
onion,13,4075.0,Dindigul(Uzhavar Sandhai ),1.0378,0.3026,195378.913504,79,M9,False
onion,13,4076.0,Palani(Uzhavar Sandhai ),0.8646,0.3899,150476.045096,79,M9,False
onion,13,4077.0,Chinnalapatti(Uzhavar Sandhai ),1.1615,0.249,183598.939891,79,M9,False
onion,13,4080.0,Vedasanthur(Uzhavar Sandhai ),1.2745,0.2063,234442.133772,79,M9,False
onion,13,4081.0,Sampath Nagar(Uzhavar Sandhai ),1.1989,0.2342,219353.460501,79,M9,False
onion,13,4082.0,Gobichettipalayam(Uzhavar Sandhai ),1.1553,0.2515,185247.586781,79,M9,False
onion,13,4083.0,Sathiyamagalam(Uzhavar Sandhai ),1.3881,0.169,202699.41182,79,M9,False
onion,13,4085.0,Perundurai(Uzhavar Sandhai ),1.5577,0.1234,202142.671384,79,M9,False
onion,13,4086.0,Thalavadi(Uzhavar Sandhai ),1.5319,0.1296,201952.239761,79,M9,False
onion,13,4087.0,Kancheepuram(Uzhavar Sandhai ),0.7504,0.4553,85477.472421,79,M9,False
onion,13,4088.0,Padappai(Uzhavar Sandhai ),1.0084,0.3164,98320.163566,79,M9,False
onion,13,4089.0,Sunguvarchatram(Uzhavar Sandhai ),1.0691,0.2883,120274.468025,79,M9,False
onion,13,4090.0,Kundrathur(Uzhavar Sandhai ),0.9475,0.3463,116937.083206,79,M9,False
onion,13,4091.0,Karur(Uzhavar Sandhai ),1.023,0.3095,209354.875781,79,M9,False
onion,13,4092.0,Kulithalai(Uzhavar Sandhai ),1.1535,0.2522,161530.382168,79,M9,False
onion,13,4093.0,Velayuthampalayam(Uzhavar Sandhai ),0.9185,0.3627,111750.783998,52,M9,False
onion,13,4096.0,Hosur(Uzhavar Sandhai ),1.0389,0.3021,216952.776737,79,M9,False
onion,13,4097.0,Krishnagiri(Uzhavar Sandhai ),1.1554,0.2515,116279.119033,79,M9,False
onion,13,4098.0,Kaveripattinam(Uzhavar Sandhai ),1.204,0.2322,82827.991701,79,M9,False
onion,13,4099.0,Denkanikottai(Uzhavar Sandhai ),1.2263,0.2238,194669.845529,79,M9,False
onion,13,4100.0,Avallapalli(Uzhavar Sandhai ),1.2508,0.2147,172688.314971,79,M9,False
onion,13,4102.0,Chokkikulam(Uzhavar Sandhai ),1.1636,0.2481,156734.449048,79,M9,False
onion,13,4103.0,Palanganatham(Uzhavar Sandhai ),0.926,0.3573,110330.921333,79,M9,False
onion,13,4104.0,Usilampatti(Uzhavar Sandhai ),,,179014.694387,34,M9,False
onion,13,4105.0,Thirumangalam(Uzhavar Sandhai ),1.0683,0.2887,214204.096385,79,M9,False
onion,13,4106.0,Melur(Uzhavar Sandhai ),1.0772,0.2847,203362.16673,79,M9,False
onion,13,4107.0,Anaiyur(Uzhavar Sandhai ),1.0831,0.2821,186528.357036,79,M9,False
onion,13,4108.0,Mayiladuthurai(Uzhavar Sandhai ),0.8538,0.3958,151998.712408,79,M9,False
onion,13,4109.0,Nagapattinam(Uzhavar Sandhai ),0.1694,0.8659,14072.175363,79,M9,False
onion,13,4110.0,Sirkali(Uzhavar Sandhai ),1.4483,0.1515,132845.82709,79,M9,False
onion,13,4111.0,Namakkal(Uzhavar Sandhai ),0.854,0.3957,138525.998193,79,M9,False
onion,13,4113.0,Rasipuram(Uzhavar Sandhai ),1.1189,0.2666,182791.257128,79,M9,False
onion,13,4114.0,Kumarapalayam(Uzhavar Sandhai ),1.7583,0.0826,72030.126002,79,M9,False
onion,13,4115.0,Paramathivelur(Uzhavar Sandhai ),1.4126,0.1618,170609.224973,79,M9,False
onion,13,4116.0,Mohanur(Uzhavar Sandhai ),1.5029,0.1369,255846.194057,79,M9,False
onion,13,4117.0,Udhagamandalam(Uzhavar Sandhai ),0.9885,0.326,193913.274885,79,M9,False
onion,13,4118.0,Coonoor(Uzhavar Sandhai ),1.0337,0.3045,125801.749064,79,M9,False
onion,13,4120.0,Gudalur(Uzhavar Sandhai ),1.4645,0.1471,272917.42692,79,M9,False
onion,13,4121.0,Perambalur(Uzhavar Sandhai ),1.0523,0.2959,212239.434355,79,M9,False
onion,13,4123.0,Pudukottai(Uzhavar Sandhai ),1.2956,0.1989,366145.254759,79,M9,False
onion,13,4124.0,Aranthangi(Uzhavar Sandhai ),1.3809,0.1713,258849.193134,79,M9,False
onion,13,4125.0,Alangudi(Uzhavar Sandhai ),1.4856,0.1418,279734.414929,72,M9,False
onion,13,4126.0,Gandarvakottai(Uzhavar Sandhai ),1.2911,0.2005,234241.617989,79,M9,False
onion,13,4127.0,Karambakkudi(Uzhavar Sandhai ),1.2829,0.2033,237992.640569,79,M9,False
onion,13,4128.0,Viralimalai(Uzhavar Sandhai ),1.6674,0.0994,322914.631318,79,M9,False
onion,13,4129.0,Ramanathapuram(Uzhavar Sandhai ),1.527,0.1308,229879.882197,79,M9,False
onion,13,4130.0,Paramakudi(Uzhavar Sandhai ),1.3207,0.1905,287538.266845,79,M9,False
onion,13,4132.0,Sooramangalam(Uzhavar Sandhai ),1.1754,0.2434,164900.541792,79,M9,False
onion,13,4133.0,Ammapet(Uzhavar Sandhai ),1.4577,0.1489,224910.29234,79,M9,False
onion,13,4134.0,Athur(Uzhavar Sandhai ),1.1266,0.2634,162703.638643,79,M9,False
onion,13,4135.0,Thathakapatti(Uzhavar Sandhai ),1.4479,0.1516,183273.286556,79,M9,False
onion,13,4136.0,Mettur(Uzhavar Sandhai ),1.2706,0.2077,165059.143898,79,M9,False
onion,13,4137.0,Attayampatti(Uzhavar Sandhai ),1.153,0.2531,96377.769166,66,M9,False
onion,13,4138.0,Hasthampatti(Uzhavar Sandhai ),1.2514,0.2145,201627.514738,79,M9,False
onion,13,4139.0,Elampillai(Uzhavar Sandhai ),1.4009,0.1652,213228.25312,79,M9,False
onion,13,4140.0,Thammampatti (Uzhavar Sandhai ),1.4965,0.1386,273766.701267,79,M9,False
onion,13,4141.0,Jalagandapuram(Uzhavar Sandhai ),1.5487,0.1255,224591.851199,79,M9,False
onion,13,4142.0,Edapadi (Uzhavar Sandhai ),1.2204,0.226,178464.154802,79,M9,False
onion,13,4143.0,Sivagangai (Uzhavar Sandhai ),1.427,0.1576,219624.664975,79,M9,False
onion,13,4144.0,Devakottai (Uzhavar Sandhai ),1.6268,0.1078,178787.313297,79,M9,False
onion,13,4145.0,Karaikudi(Uzhavar Sandhai ),1.6243,0.1084,254213.756547,79,M9,False
onion,13,4146.0,Tirupatthur(Uzhavar Sandhai ),1.4748,0.1443,182618.083013,79,M9,False
onion,13,4147.0,Singampunari(Uzhavar Sandhai ),1.4408,0.1537,191615.30591,79,M9,False
onion,13,4148.0,Thanjavur(Uzhavar Sandhai ),1.066,0.2897,148168.090081,79,M9,False
onion,13,4149.0,Kumbakonam (Uzhavar Sandhai ),1.1298,0.262,180119.189919,79,M9,False
onion,13,4150.0,Pattukottai(Uzhavar Sandhai ),1.5314,0.1297,135017.169409,79,M9,False
onion,13,4152.0,Papanasam(Uzhavar Sandhai ),1.8536,0.0676,255197.369535,79,M9,False
onion,13,4153.0,Theni(Uzhavar Sandhai ),1.483,0.1421,91203.533134,79,M9,False
onion,13,4154.0,Kambam(Uzhavar Sandhai ),1.0758,0.2853,97643.079135,79,M9,False
onion,13,4155.0,Bodinayakanur(Uzhavar Sandhai ),1.4327,0.1559,212927.832765,79,M9,False
onion,13,4156.0,Periyakulam(Uzhavar Sandhai ),1.1391,0.2581,139643.607418,79,M9,False
onion,13,4157.0,Devaram(Uzhavar Sandhai ),1.2518,0.2144,165349.508832,79,M9,False
onion,13,4158.0,Andipatti(Uzhavar Sandhai ),1.1421,0.2569,129231.933224,79,M9,False
onion,13,4159.0,Chinnamanur(Uzhavar Sandhai ),1.2219,0.2254,165229.412126,79,M9,False
onion,13,4160.0,Palayamkottai(Uzhavar Sandhai ),1.0636,0.2908,158287.25583,79,M9,False
onion,13,4162.0,Melapalayam(Uzhavar Sandhai ),1.1765,0.243,130517.476652,79,M9,False
onion,13,4164.0,NGO Colony(Uzhavar Sandhai ),1.0678,0.2889,110440.814018,79,M9,False
onion,13,4166.0,Tiruvallur(Uzhavar Sandhai ),1.1982,0.2344,165684.523633,79,M9,False
onion,13,4167.0,Ambattur(Uzhavar Sandhai ),1.2703,0.2078,198978.726895,79,M9,False
onion,13,4168.0,Paruthipattu(Uzhavar Sandhai ),1.0666,0.2894,144862.298961,79,M9,False
onion,13,4169.0,Naravarikuppam(Uzhavar Sandhai ),1.0953,0.2768,182703.125803,79,M9,False
onion,13,4170.0,Perambakkam(Uzhavar Sandhai ),1.2383,0.2193,218902.5618,79,M9,False
onion,13,4172.0,Mannargudi I(Uzhavar Sandhai ),1.3685,0.1751,179473.259057,79,M9,False
onion,13,4173.0,Tiruvarur(Uzhavar Sandhai ),0.0203,0.9839,3498.541074,64,M9,False
onion,13,4174.0,Needamangalam(Uzhavar Sandhai ),1.7424,0.0854,269063.049237,79,M9,False
onion,13,4175.0,Muthupettai(Uzhavar Sandhai ),0.9936,0.3235,203483.008508,79,M9,False
onion,13,4176.0,Mannargudi II(Uzhavar Sandhai ),1.4994,0.1378,188083.765644,79,M9,False
onion,13,4178.0,Tuticorin(Uzhavar Sandhai ),1.1507,0.2534,163745.675385,79,M9,False
onion,13,4179.0,Kovilpatti(Uzhavar Sandhai ),1.257,0.2125,257386.587289,79,M9,False
onion,13,4180.0,Tiruvannamalai(Uzhavar Sandhai ),0.8233,0.4129,132586.536274,79,M9,False
onion,13,4181.0,Polur(Uzhavar Sandhai ),0.8352,0.4061,105158.038319,79,M9,False
onion,13,4182.0,Arani(Uzhavar Sandhai ),1.0302,0.3061,73198.706691,79,M9,False
onion,13,4183.0,Cheyyar(Uzhavar Sandhai ),1.1663,0.247,100045.167383,79,M9,False
onion,13,4184.0,Chengam(Uzhavar Sandhai ),0.7255,0.4703,44503.118228,79,M9,False
onion,13,4185.0,Vandavasi(Uzhavar Sandhai ),1.3037,0.1974,171925.438663,60,M9,False
onion,13,4186.0,Keelpennathur(Uzhavar Sandhai ),1.744,0.0851,231391.101062,79,M9,False
onion,13,4188.0,Anna nagar(Uzhavar Sandhai ),1.55,0.1252,263705.585709,79,M9,False
onion,13,4191.0,Manapparai(Uzhavar Sandhai ),1.5057,0.1362,214616.568203,79,M9,False
onion,13,4192.0,Musiri(Uzhavar Sandhai ),1.225,0.2243,199103.718324,79,M9,False
onion,13,4194.0,Lalgudi(Uzhavar Sandhai ),1.6758,0.0978,239791.855461,79,M9,False
onion,13,4195.0,Manachanallur(Uzhavar Sandhai ),1.8626,0.0663,220247.097927,79,M9,False
onion,13,4197.0,Katpadi (Uzhavar Sandhai ),1.3477,0.1817,183261.823742,79,M9,False
onion,13,4198.0,Gudiyatham(Uzhavar Sandhai ),1.2832,0.2032,189030.875359,79,M9,False
onion,13,4199.0,Kahithapattarai(Uzhavar Sandhai ),1.3255,0.1889,101349.474721,79,M9,False
onion,13,4202.0,Gingee(Uzhavar Sandhai ),1.4826,0.1422,154415.805279,79,M9,False
onion,13,4203.0,Aruppukottai(Uzhavar Sandhai ),1.0842,0.2816,157232.887135,79,M9,False
onion,13,4204.0,Rajapalayam(Uzhavar Sandhai ),1.4786,0.1433,201627.606948,79,M9,False
onion,13,4205.0,Srivilliputhur(Uzhavar Sandhai ),1.5038,0.1367,185368.188757,79,M9,False
onion,13,4206.0,Virudhunagar(Uzhavar Sandhai ),1.325,0.189,122101.519305,79,M9,False
onion,13,4207.0,Sivakasi(Uzhavar Sandhai ),1.4722,0.145,275013.885467,79,M9,False
onion,13,4208.0,Sathur(Uzhavar Sandhai ),1.4371,0.1547,218802.484244,79,M9,False
onion,13,4209.0,Kariyapatti(Uzhavar Sandhai ),1.4845,0.1417,194321.12092,79,M9,False
onion,13,4210.0,Thalavaipuram(Uzhavar Sandhai ),1.556,0.1238,244280.410268,79,M9,False
onion,13,4212.0,Myladi(Uzhavar Sandhai ),1.7301,0.0876,317921.011546,79,M9,False
onion,13,4213.0,Pallavaram(Uzhavar Sandhai ),1.2138,0.2285,158694.615413,79,M9,False
onion,13,4214.0,Chengalpet(Uzhavar Sandhai ),1.0131,0.3141,182120.382165,79,M9,False
onion,13,4215.0,Medavakkam(Uzhavar Sandhai ),0.7896,0.4322,192925.235365,79,M9,False
onion,13,4216.0,Nanganallur(Uzhavar Sandhai ),1.9834,0.0508,218795.300269,79,M9,False
onion,13,4217.0,Madhuranthagam(Uzhavar Sandhai ),1.7533,0.0847,242437.956982,61,M9,False
onion,13,4219.0,Jameenrayapettai(Uzhavar Sandhai ),1.1956,0.2355,174161.662106,79,M9,False
onion,13,4220.0,Guduvancheri(Uzhavar Sandhai ),0.865,0.3897,168134.166409,79,M9,False
onion,13,4221.0,Thirukalukundram(Uzhavar Sandhai ),1.6004,0.1136,109961.148591,79,M9,False
onion,13,4222.0,Kallakurichi(Uzhavar Sandhai ),1.5701,0.1204,284655.977685,79,M9,False
onion,13,4224.0,Sankarapuram(Uzhavar Sandhai ),1.6719,0.0985,267675.512712,79,M9,False
onion,13,4225.0,Ranipettai(Uzhavar Sandhai ),1.2094,0.2302,125194.893743,79,M9,False
onion,13,4226.0,Arcot(Uzhavar Sandhai ),1.0623,0.2914,118283.455522,79,M9,False
onion,13,4227.0,Sankarankoil(Uzhavar Sandhai ),1.6393,0.1052,210540.495357,79,M9,False
onion,13,4228.0,Tenkasi(Uzhavar Sandhai ),1.1925,0.2367,169417.765765,79,M9,False
onion,13,4229.0,Vaniyampadi(Uzhavar Sandhai ),1.4263,0.1578,176599.305867,79,M9,False
onion,13,4231.0,Natrampalli(Uzhavar Sandhai ),0.8171,0.4164,131530.820388,79,M9,False
onion,13,4234.0,Tiruppur (North) (Uzhavar Sandhai ),0.8919,0.3752,93204.060727,79,M9,False
onion,13,4235.0,Tiruppur (South) (Uzhavar Sandhai ),0.0634,0.9496,5927.858924,79,M9,False
onion,13,4236.0,Dharapuram(Uzhavar Sandhai ),0.839,0.404,175172.129522,79,M9,False
onion,13,4237.0,Kangayam(Uzhavar Sandhai ),1.4388,0.1542,132530.452589,79,M9,False
onion,13,4240.0,Balarampuram Market,1.6198,0.109,327907.586759,86,M9,False
onion,13,4398.0,Kakching Market APMC,1.3086,0.1951,2897410.464825,68,M9,False
onion,13,4402.0,SMY Jogindernagar,0.8544,0.3978,211320.434475,42,M9,False
onion,13,4429.0,Badwani(F&V) APMC,-1.4158,0.161,-15697.09788,75,M6,False
onion,13,4464.0,Hoshangabad(F&V) APMC,-1.9986,0.0509,-41176.157336,53,M6,False
onion,13,4475.0,Kalapipal(F&V) APMC,-1.0836,0.2821,-42315.764641,73,M6,False
onion,13,4503.0,Manawar(F&V) APMC,-0.6265,0.5336,-12036.108369,55,M6,False
onion,13,4523.0,Petlawad(F&V) APMC,-0.3901,0.6982,-17662.992737,48,M6,False
onion,13,4524.0,Pipariya(F&V) APMC,-0.1069,0.9152,-5445.800497,74,M6,False
onion,13,4532.0,Sabalgarh(F&V) APMC,0.9731,0.3341,10859.164791,66,M9,False
onion,13,4533.0,Sailana(F&V) APMC,-0.799,0.4268,-54818.08283,75,M6,False
onion,13,4534.0,Sanawad(F&V) APMC,-1.8227,0.0741,-44794.124752,53,M6,False
onion,13,4539.0,Sendhwa(F&V) APMC,-0.4624,0.6452,-18330.322532,75,M6,False
onion,13,4666.0,Rampurhat APMC,0.8688,0.3876,24824.723786,79,M9,False
onion,13,4681.0,Ayodhya APMC,0.7815,0.4369,15564.935955,79,M9,False
onion,13,4707.0,"Fruit&Vegetable Market,Gazipur APMC",1.4616,0.1533,103852.683976,34,M9,False
onion,13,4846.0,Karimangalam(Uzhavar Sandhai),-0.2083,0.8356,-25809.493717,71,M6,False
onion,13,4849.0,Pallikonda(Uzhavar Sandhai),-0.3132,0.7553,-40848.12063,57,M6,False
onion,13,4850.0,Perampet(Uzhavar Sandhai),-0.0699,0.9446,-6858.445252,49,M6,False
onion,13,4851.0,Peravurani(Uzhavar Sandhai),0.6826,0.4977,234385.306908,57,M9,False
onion,13,4852.0,Ponnamaravathi(Uzhavar Sandhai),0.6854,0.4963,134210.100094,50,M9,False
onion,26,2.0,Mahboob Manison APMC,-0.4046,0.6871,-104051.603873,66,M6,False
onion,26,11.0,Sadasivpet APMC,-0.8228,0.4136,-315420.129525,66,M6,False
onion,26,43.0,Chandigarh (Grain/F&V) APMC,1.1699,0.2433,218781.369738,221,M9,False
onion,26,54.0,Bharuch APMC,0.2382,0.8122,29931.648682,101,M9,False
onion,26,55.0,Mahuva(Station Road) APMC,0.669,0.5042,82929.512903,223,M9,False
onion,26,61.0,Gondal APMC,0.3372,0.7363,57935.152095,211,M9,False
onion,26,62.0,Morbi APMC,0.3758,0.7075,57173.961382,223,M9,False
onion,26,64.0,Surat APMC,0.6152,0.539,119516.334166,223,M9,False
onion,26,69.0,PMY Kangra,0.7785,0.4371,340123.213818,223,M9,False
onion,26,70.0,PMY Kullu,0.8504,0.396,321189.670024,223,M9,False
onion,26,71.0,PMY Paonta Sahib,1.1879,0.2362,294477.007799,223,M9,False
onion,26,72.0,PMY Kather Solan,1.1382,0.2566,176856.274246,171,M9,False
onion,26,75.0,Fatehabad APMC,-0.2114,0.8329,-38230.489755,175,M6,False
onion,26,79.0,Narwana APMC,0.5574,0.5778,106279.7404,223,M9,False
onion,26,85.0,Ladwa APMC,0.0261,0.9792,7015.460209,223,M9,False
onion,26,86.0,Pehowa APMC,0.6268,0.5314,66373.560652,223,M9,False
onion,26,87.0,Thanesar APMC,0.3267,0.7442,62764.752457,222,M9,False
onion,26,89.0,Shahabad APMC,0.6339,0.5268,132165.290501,223,M9,False
onion,26,92.0,kalanwali APMC,1.4649,0.145,163072.126051,157,M9,False
onion,26,97.0,Parimpore Srinagar (F&V),0.6872,0.4927,259867.273549,203,M9,False
onion,26,98.0,Udhampur (F&V),0.9461,0.3451,326940.814292,223,M9,False
onion,26,99.0,Bangalore APMC,0.3508,0.7262,86410.514616,163,M9,False
onion,26,101.0,Belgaum APMC,0.3484,0.728,98414.325289,169,M9,False
onion,26,105.0,Bijapur APMC,0.7839,0.4343,135280.517145,162,M9,False
onion,26,106.0,Davangere APMC,0.1945,0.846,34327.607421,223,M9,False
onion,26,108.0,Hubli (Amaragol) APMC,-0.0324,0.9742,-4822.628209,223,M6,False
onion,26,115.0,Mysuru APMC,0.5987,0.5501,157516.277997,207,M9,False
onion,26,116.0,Raichur APMC,1.0144,0.3143,270278.953035,64,M9,False
onion,26,126.0,Aluva Market,1.325,0.1865,382756.725963,223,M9,False
onion,26,128.0,Thalasserry Market,-0.1792,0.8582,-20418.880616,92,M6,False
onion,26,129.0,Kannur APMC,1.2423,0.2154,386873.608816,223,M9,False
onion,26,132.0,Kottayam Market,0.1671,0.8674,98831.218874,223,M9,False
onion,26,134.0,Manjeri Market,1.2616,0.2084,373872.826658,223,M9,False
onion,26,135.0,Palakkad Market,0.2665,0.7901,184647.407112,223,M9,False
onion,26,136.0,Koduvayoor Market,0.1176,0.9065,64793.659656,223,M9,False
onion,26,139.0,Thrissur Market,0.1729,0.8629,82328.457786,223,M9,False
onion,26,140.0,Kodungalloor Market,0.9933,0.3218,335636.964523,203,M9,False
onion,26,145.0,Ahilyanagar APMC,1.016,0.3107,163998.961768,223,M9,False
onion,26,149.0,Dhule APMC,0.8415,0.4009,170022.419343,223,M9,False
onion,26,151.0,Jalgaon APMC,0.804,0.4223,107455.908771,223,M9,False
onion,26,152.0,Kolhapur APMC,0.7624,0.4466,99419.742031,223,M9,False
onion,26,155.0,Nagpur APMC,0.3615,0.7181,81527.23499,223,M9,False
onion,26,159.0,Yeola APMC,0.698,0.4859,143136.724945,223,M9,False
onion,26,160.0,Nasik APMC,0.6734,0.5014,150048.025559,223,M9,False
onion,26,161.0,Lasalgaon APMC,0.4977,0.6192,113803.367932,223,M9,False
onion,26,162.0,Pimpalgaon Baswant APMC,0.5116,0.6094,124652.015307,223,M9,False
onion,26,164.0,Pune APMC,1.0376,0.3006,206376.233254,223,M9,False
onion,26,168.0,SHRI.SIDDHESHWAR APMC,0.7006,0.4843,101588.84456,223,M9,False
onion,26,169.0,Kalyan APMC,0.1949,0.8458,76131.450257,125,M9,False
onion,26,171.0,Lamlong Bazaar APMC,1.2432,0.2154,1062071.285778,184,M9,False
onion,26,172.0,Bhopal APMC,-0.2973,0.7668,-84441.954375,119,M6,False
onion,26,173.0,Bhopal(F&V) APMC,0.9703,0.3346,232004.725091,87,M9,False
onion,26,179.0,Indore(F&V) APMC,0.0333,0.9735,9187.692479,114,M9,False
onion,26,182.0,Neemuch APMC,0.3179,0.7508,63785.753736,223,M9,False
onion,26,184.0,Rajnandgaon APMC,0.9116,0.363,180529.306368,223,M9,False
onion,26,186.0,Ujjain APMC,0.4591,0.647,196490.587716,120,M9,False
onion,26,199.0,Bargarh APMC,1.1706,0.243,248387.211838,223,M9,False
onion,26,206.0,Kesinga APMC,1.0476,0.296,588451.160397,223,M9,False
onion,26,207.0,Bhawanipatna APMC,0.93,0.3541,404102.951119,133,M9,False
onion,26,216.0,Tarantaran APMC,-0.7681,0.4452,-157096.367331,66,M6,False
onion,26,218.0,Fazilka APMC,-0.8384,0.4049,-377552.642044,66,M6,False
onion,26,219.0,Jalalabad APMC,-0.7079,0.4815,-376248.508379,66,M6,False
onion,26,220.0,Ferozepur Cantt. APMC,-0.6582,0.5139,-204760.923676,44,M6,False
onion,26,226.0,Khanna APMC,-0.7503,0.4558,-179215.009972,66,M6,False
onion,26,228.0,Baghapurana APMC,-0.6989,0.4873,-396081.605817,61,M6,False
onion,26,230.0,Muktsar APMC,-0.6368,0.5265,-92264.998004,66,M6,False
onion,26,231.0,Malout APMC,-0.67,0.5052,-206357.198632,66,M6,False
onion,26,232.0,Patiala APMC,-0.6342,0.5282,-198127.404479,66,M6,False
onion,26,233.0,Patran APMC,-0.7378,0.4633,-199712.63546,66,M6,False
onion,26,235.0,Nabha APMC,-0.7761,0.4405,-243291.113659,66,M6,False
onion,26,237.0,Dhuri APMC,-0.7546,0.4532,-340767.676009,66,M6,False
onion,26,239.0,Sunam APMC,-0.7374,0.4636,-255008.263909,66,M6,False
onion,26,240.0,Bhawanigarh APMC,-0.7257,0.4706,-230535.07493,66,M6,False
onion,26,247.0,Baran APMC,0.3818,0.7038,130960.720774,66,M9,False
onion,26,250.0,Bhilwara APMC,-1.176,0.2439,-130512.944964,66,M6,False
onion,26,253.0,Pratapgarh APMC,-1.2732,0.2075,-156328.353173,66,M6,False
onion,26,259.0,Sangriya APMC,-2.3219,0.0234,-37983.890277,66,M6,True
onion,26,261.0,Jaipur (F&V) APMC,-1.1336,0.2611,-113534.97873,66,M6,False
onion,26,265.0,Nawalgarh APMC,,,-153180.328686,63,M6,False
onion,26,266.0,Jodhpur (F&V) APMC,,,-42461.09367,66,M6,False
onion,26,292.0,Ulundurpettai APMC,-1.3699,0.1754,-206692.969237,66,M6,False
onion,26,296.0,Teliamura APMC,-0.7498,0.4561,-164581.515089,66,M6,False
onion,26,297.0,Agra APMC,-0.8657,0.3898,-68098.40072,66,M6,False
onion,26,298.0,Prayagraj APMC,-0.7858,0.4348,-198896.363901,66,M6,False
onion,26,299.0,Bahraich APMC,-0.7734,0.4421,-64421.218227,66,M6,False
onion,26,301.0,Barabanki APMC,-0.9649,0.3405,-154320.280279,40,M6,False
onion,26,302.0,Bareilly APMC,-0.7928,0.4319,-262864.49513,48,M6,False
onion,26,303.0,Dehradoon APMC,0.2126,0.8323,12721.283536,65,M9,False
onion,26,305.0,Farukhabad APMC,,,-18318.666649,66,M6,False
onion,26,306.0,Ghaziabad APMC,-0.773,0.4438,-402148.284676,44,M6,False
onion,26,307.0,Gorakhpur APMC,-0.7731,0.4423,-103362.760651,66,M6,False
onion,26,308.0,Hardoi APMC,-1.0761,0.2882,-125567.799043,42,M6,False
onion,26,309.0,Etawah APMC,-0.7765,0.4415,-257610.483338,46,M6,False
onion,26,310.0,Jaunpur APMC,-0.742,0.4608,-261397.367727,66,M6,False
onion,26,311.0,Kanpur(Grain) APMC,-0.6845,0.4961,-241882.189286,66,M6,False
onion,26,313.0,Lakhimpur APMC,-0.7394,0.4623,-152121.943537,66,M6,False
onion,26,315.0,Lucknow APMC,-0.8456,0.4009,-265420.05137,66,M6,False
onion,26,317.0,Meerut APMC,-1.5672,0.1256,-292551.942407,38,M6,False
onion,26,318.0,Muradabad APMC,-0.8476,0.4012,-126221.704119,46,M6,False
onion,26,319.0,Kashipur APMC,0.9419,0.3497,40815.968887,66,M9,False
onion,26,320.0,Pilibhit APMC,-0.644,0.5219,-49007.302212,66,M6,False
onion,26,321.0,Saharanpur APMC,-1.048,0.3008,-299457.773832,42,M6,False
onion,26,324.0,Sitapur APMC,-0.7964,0.4296,-159804.746349,50,M6,False
onion,26,325.0,Kicchha APMC,2.3153,0.0238,163594.212208,66,M9,True
onion,26,326.0,Rudrapur APMC,-0.8411,0.4034,-38939.429684,66,M6,False
onion,26,328.0,Barasat APMC,-0.6414,0.5235,-316307.080746,66,M6,False
onion,26,329.0,Bankura Sadar APMC,-0.7372,0.4637,-405335.248232,66,M6,False
onion,26,330.0,Bolpur APMC,-0.6823,0.4975,-350251.166947,66,M6,False
onion,26,331.0,Kalna APMC,-0.7212,0.4734,-369019.979026,66,M6,False
onion,26,332.0,Katwa APMC,-0.9397,0.3508,-101454.442763,66,M6,False
onion,26,334.0,Pandua APMC,-0.73,0.468,-324947.213231,66,M6,False
onion,26,335.0,Dhupguri APMC,-0.6951,0.4895,-388756.032342,66,M6,False
onion,26,336.0,Samsi APMC,-0.8172,0.4168,-307340.262141,66,M6,False
onion,26,337.0,English Bazar APMC,-0.6999,0.4876,-344027.629035,46,M6,False
onion,26,338.0,Tamluk (Medinipur E) APMC,-0.7297,0.4682,-345906.775395,66,M6,False
onion,26,341.0,Karimpur APMC,-0.73,0.468,-339210.67371,66,M6,False
onion,26,342.0,Bethuadahari APMC,-0.7792,0.4387,-350619.601798,66,M6,False
onion,26,406.0,Durg APMC,0.9365,0.3501,299564.33496,223,M9,False
onion,26,414.0,Raigarh APMC,1.3758,0.1703,216883.519599,223,M9,False
onion,26,423.0,APMC Keshopur,0.9095,0.3641,189799.667014,223,M9,False
onion,26,424.0,APMC Shahdara,1.6121,0.1088,317962.687425,174,M9,False
onion,26,441.0,Bhuj APMC,0.9929,0.3227,316098.902127,127,M9,False
onion,26,450.0,Vadhvan APMC,1.6628,0.098,194276.709652,194,M9,False
onion,26,452.0,Panipat APMC,0.5349,0.5932,47651.353925,223,M9,False
onion,26,454.0,Sonepat APMC,0.6725,0.502,124031.172636,223,M9,False
onion,26,455.0,Rohtak APMC,0.0856,0.9319,6168.282734,219,M9,False
onion,26,456.0,Jhajjar APMC,0.5639,0.5734,131589.334415,223,M9,False
onion,26,457.0,Rewari APMC,0.2971,0.7667,43094.163774,223,M9,False
onion,26,459.0,Gurgaon APMC,0.3657,0.7149,68513.020327,223,M9,False
onion,26,462.0,PMY Una,1.0677,0.2868,328321.534151,223,M9,False
onion,26,463.0,PMY Chamba,0.9423,0.347,354370.406287,223,M9,False
onion,26,464.0,PMY Bilaspur,1.002,0.3174,329046.338387,223,M9,False
onion,26,465.0,SMY Dhanotu,1.1136,0.2666,306668.495051,223,M9,False
onion,26,466.0,PMY Hamirpur,0.8876,0.3757,313809.136113,223,M9,False
onion,26,467.0,PMY Dhalli Shimla,1.017,0.3103,292354.810687,223,M9,False
onion,26,468.0,SMY Palampur,0.889,0.375,357476.795694,223,M9,False
onion,26,471.0,SMY Bhuntar,0.868,0.3863,308352.58954,223,M9,False
onion,26,472.0,Narwal Jammu (F&V),1.0512,0.2943,305190.556893,223,M9,False
onion,26,489.0,Doddaballapur APMC,0.2775,0.7818,79255.7619,158,M9,False
onion,26,515.0,Palayam Market,1.123,0.2627,327575.599295,214,M9,False
onion,26,522.0,Mandsaur APMC,0.8061,0.421,145748.149276,223,M9,False
onion,26,523.0,Khandwa APMC,-1.1151,0.267,-145038.241483,120,M6,False
onion,26,526.0,Sehore APMC,0.5777,0.5641,134006.126298,223,M9,False
onion,26,528.0,Ashta APMC,0.4848,0.6284,123436.211488,182,M9,False
onion,26,530.0,Morena APMC,-0.2952,0.7683,-55234.296041,120,M6,False
onion,26,550.0,Chandvad APMC,0.5962,0.5517,124951.497431,223,M9,False
onion,26,551.0,Manmad APMC,0.4838,0.629,98413.429074,223,M9,False
onion,26,553.0,Manchar APMC,0.3633,0.7167,83706.555988,223,M9,False
onion,26,554.0,Lonand APMC,0.6311,0.5286,97863.342073,223,M9,False
onion,26,555.0,Pandharpur APMC,2.2377,0.0272,197296.329897,117,M9,True
onion,26,557.0,Chattrapati Sambhajinagar APMC,0.6882,0.4921,107036.185246,223,M9,False
onion,26,574.0,Malkapur APMC,0.7191,0.4729,108798.648466,223,M9,False
onion,26,594.0,Khariar Road APMC,1.2893,0.1986,480791.616988,223,M9,False
onion,26,595.0,Bolangir APMC,-0.609,0.5436,-106332.293366,130,M6,False
onion,26,599.0,Pathankot APMC,-0.7436,0.4601,-373106.454359,58,M6,False
onion,26,600.0,Gurdaspur APMC,-0.7693,0.4445,-291386.430625,66,M6,False
onion,26,603.0,Bathinda APMC,-0.7551,0.4529,-405502.155405,66,M6,False
onion,26,605.0,Raman APMC,-0.7537,0.4538,-391844.837267,66,M6,False
onion,26,611.0,Mukerian APMC,-0.7468,0.4579,-404650.396243,65,M6,False
onion,26,614.0,Phagwara APMC,-0.7839,0.436,-307913.329975,66,M6,False
onion,26,615.0,Budalada APMC,-0.7366,0.464,-418277.323284,66,M6,False
onion,26,617.0,Giddarbaha APMC,-0.7296,0.4683,-415720.289106,65,M6,False
onion,26,619.0,Dudhansadhan APMC,-0.7695,0.4444,-458811.199752,66,M6,False
onion,26,621.0,Ropar APMC,-0.7924,0.431,-395258.418123,66,M6,False
onion,26,627.0,Churu APMC,-1.2011,0.2341,-122228.303954,66,M6,False
onion,26,630.0,Jaisalmer APMC,-0.8845,0.3802,-134582.901501,57,M6,False
onion,26,638.0,Sikar APMC,-0.4363,0.664,-42463.375668,66,M6,False
onion,26,647.0,Buland Shahr APMC,-0.7472,0.4576,-139985.694653,66,M6,False
onion,26,649.0,Baraut APMC,-0.7892,0.4343,-251601.711644,44,M6,False
onion,26,650.0,Shamli APMC,,,-215555.754543,32,M6,False
onion,26,653.0,Mathura APMC,-0.9129,0.3647,-279144.817329,66,M6,False
onion,26,654.0,Rampur APMC,-1.0127,0.3174,-142713.367171,40,M6,False
onion,26,655.0,Badayoun APMC,-1.5405,0.1315,-259996.956008,40,M6,False
onion,26,656.0,Chandausi APMC,-1.6149,0.114,-52762.647165,42,M6,False
onion,26,657.0,Raibareilly APMC,-1.0207,0.3112,-185066.300448,66,M6,False
onion,26,658.0,Gonda APMC,-0.7963,0.4287,-343703.631582,66,M6,False
onion,26,660.0,Pratapgarh APMC,-1.0765,0.2857,-9641.370565,66,M6,False
onion,26,662.0,Basti APMC,-0.9327,0.3544,-173528.419721,66,M6,False
onion,26,663.0,Azamgarh APMC,-0.7546,0.4532,-213692.400334,66,M6,False
onion,26,666.0,Jhansi APMC,-0.6307,0.5315,-108345.587997,44,M6,False
onion,26,667.0,Rishikesh APMC,-0.9866,0.3275,-13476.384937,66,M6,False
onion,26,668.0,Vikasnagar APMC,,,36555.125775,65,M9,False
onion,26,669.0,Khateema APMC,,,72324.99431,66,M9,False
onion,26,670.0,Burdwan APMC,-0.7553,0.4528,-413084.731904,65,M6,False
onion,26,671.0,Medinipur(West) APMC,-0.7166,0.4762,-358405.801137,66,M6,False
onion,26,672.0,Birbhum APMC,-0.7145,0.4775,-409919.980315,66,M6,False
onion,26,673.0,Purulia APMC,-0.6211,0.5374,-304634.088322,49,M6,False
onion,26,674.0,Nadia APMC,-0.7504,0.4557,-352120.033951,66,M6,False
onion,26,675.0,Jalpaiguri Sadar APMC,-0.7391,0.4625,-437873.418617,66,M6,False
onion,26,676.0,Alipurduar APMC,-0.7542,0.4534,-265750.766126,66,M6,False
onion,26,678.0,Pabiacherra APMC,-0.7816,0.4373,-219233.192417,66,M6,False
onion,26,679.0,Melaghar APMC,-0.6736,0.503,-192497.083425,66,M6,False
onion,26,681.0,Vadaseri APMC,-0.9487,0.3463,-344237.408725,66,M6,False
onion,26,683.0,Panisagar APMC,-1.5046,0.1373,-136933.760946,66,M6,False
onion,26,709.0,Chikkamagaluru APMC,0.6931,0.489,135458.913185,223,M9,False
onion,26,728.0,Kalaburagi APMC,0.3215,0.7481,34408.047667,223,M9,False
onion,26,735.0,Hassan APMC,0.3151,0.753,41767.605825,201,M9,False
onion,26,742.0,Chickkaballapura APMC,0.7603,0.448,151645.447631,203,M9,False
onion,26,753.0,Shimoga APMC,0.8192,0.4135,184277.05536,223,M9,False
onion,26,793.0,Lalru APMC,-0.7239,0.4717,-418755.19909,66,M6,False
onion,26,795.0,Fatehpur APMC,-0.7644,0.4474,-272815.811398,66,M6,False
onion,26,796.0,Auraiya APMC,-0.8085,0.4218,-247631.536581,66,M6,False
onion,26,799.0,Ramkrishanpur(Howrah) APMC,-0.7585,0.4509,-482899.301359,66,M6,False
onion,26,801.0,Bishnupur(Bankura) APMC,-0.6887,0.4942,-443704.165107,52,M6,False
onion,26,802.0,Mapusa APMC,1.5285,0.1278,199880.356292,223,M9,False
onion,26,813.0,Sangamner APMC,0.7972,0.4262,129712.655427,223,M9,False
onion,26,816.0,Firozabad APMC,-0.8973,0.3729,-68639.522469,66,M6,False
onion,26,820.0,Ghatal APMC,-0.6686,0.5072,-469269.711852,46,M6,False
onion,26,821.0,Champadanga APMC,-0.7513,0.4552,-410310.52204,66,M6,False
onion,26,822.0,Jangipur APMC,-0.7265,0.4702,-239879.460787,66,M6,False
onion,26,823.0,Udupi APMC,1.1236,0.2624,275544.846445,223,M9,False
onion,26,931.0,Kurnool APMC,0.4064,0.6849,83355.044227,199,M9,False
onion,26,1061.0,Udumalpet APMC,-0.8257,0.412,-229910.557946,66,M6,False
onion,26,1070.0,Haldwani APMC,-1.3729,0.1745,-99659.623814,66,M6,False
onion,26,1071.0,Haridwar Union APMC,-2.967,0.0042,-57158.103722,66,M6,True
onion,26,1072.0,Ramnagar APMC,0.1266,0.8996,12011.874274,66,M9,False
onion,26,1073.0,Roorkee APMC,-2.9706,0.0042,-196495.503272,66,M6,True
onion,26,1074.0,Kotadwara APMC,3.5166,0.0008,115484.294036,66,M9,True
onion,26,1077.0,Manglaur APMC,2.0581,0.0436,97678.092557,66,M9,True
onion,26,1078.0,Gudimalkapur APMC,-1.2881,0.2023,-174879.298811,66,M6,False
onion,26,1079.0,Gohana APMC,0.7562,0.4503,126116.587877,223,M9,False
onion,26,1081.0,Thodupuzha Market,-0.0173,0.9862,-10042.272687,223,M6,False
onion,26,1085.0,Jaora APMC,0.8967,0.3709,170450.34372,223,M9,False
onion,26,1086.0,Shujalpur APMC,0.504,0.6148,97846.317281,223,M9,False
onion,26,1108.0,Ambala Cantt. APMC,0.652,0.5152,111077.313351,205,M9,False
onion,26,1110.0,Ballabhgarh APMC,0.6439,0.5203,77125.045156,223,M9,False
onion,26,1111.0,Sohna APMC,0.4384,0.6616,85124.692282,223,M9,False
onion,26,1113.0,Mohindergarh APMC,0.8383,0.4029,133831.345824,193,M9,False
onion,26,1119.0,Thoubal APMC,1.2058,0.2294,1109179.837054,184,M9,False
onion,26,1128.0,Sirhind APMC,-0.7229,0.4723,-293549.03514,66,M6,False
onion,26,1130.0,Mansa APMC,-0.7745,0.4415,-414515.900411,65,M6,False
onion,26,1139.0,Kasganj APMC,,,-47941.39995,42,M6,False
onion,26,1140.0,Amroha APMC,-1.0014,0.3222,-99239.926146,44,M6,False
onion,26,1141.0,Pukharayan APMC,-0.7441,0.4595,-131629.509465,66,M6,False
onion,26,1142.0,Kosikalan APMC,,,-53285.250924,40,M6,False
onion,26,1143.0,Unnao APMC,-0.7828,0.4366,-263925.849854,66,M6,False
onion,26,1147.0,Padra APMC,0.3688,0.7126,85717.140672,223,M9,False
onion,26,1204.0,Jharsuguda APMC,1.2351,0.2182,596805.545379,205,M9,False
onion,26,1214.0,Tindivanam APMC,-0.7037,0.4841,-164653.064426,66,M6,False
onion,26,1236.0,Agar APMC,0.0796,0.9367,37796.870665,103,M9,False
onion,26,1275.0,Kapadvanj APMC,0.7933,0.4285,137740.704467,223,M9,False
onion,26,1282.0,Jamkhed APMC,0.9382,0.3491,125049.121606,223,M9,False
onion,26,1283.0,Kopargaon APMC,0.613,0.5405,137905.942089,223,M9,False
onion,26,1284.0,Pathardi APMC,0.9109,0.3634,145773.098644,223,M9,False
onion,26,1285.0,Shevgaon APMC,0.4971,0.6196,89527.240231,205,M9,False
onion,26,1287.0,Shrirampur APMC,1.5058,0.1342,177584.515777,155,M9,False
onion,26,1290.0,Bhusaval APMC,0.6034,0.5469,115493.243964,223,M9,False
onion,26,1297.0,Karjat APMC,0.1316,0.8955,25350.257541,113,M9,False
onion,26,1298.0,Kalvan APMC,0.6455,0.5193,196267.71945,223,M9,False
onion,26,1299.0,Nandgaon APMC,0.5744,0.5663,118752.740557,223,M9,False
onion,26,1304.0,Vadgaonpeth APMC,0.4883,0.626,143198.005381,173,M9,False
onion,26,1306.0,Junnar APMC,0.4768,0.634,134147.734854,223,M9,False
onion,26,1310.0,Karad APMC,0.576,0.5652,134963.689156,223,M9,False
onion,26,1313.0,Satara APMC,0.8369,0.4036,143813.221936,223,M9,False
onion,26,1314.0,Vaduj APMC,-1.8922,0.0659,-564878.104692,40,M6,False
onion,26,1315.0,Vai APMC,1.0433,0.2979,265478.911812,223,M9,False
onion,26,1318.0,Mangal Wedha APMC,0.5127,0.6087,112552.333542,223,M9,False
onion,26,1321.0,Lasur Station APMC,0.8887,0.3751,160330.632411,223,M9,False
onion,26,1322.0,Vaijpur APMC,0.7127,0.4768,149805.229479,223,M9,False
onion,26,1377.0,Bayana APMC,,,-76239.876639,66,M6,False
onion,26,1385.0,Sujangarh APMC,0.2214,0.8255,82612.930998,66,M9,False
onion,26,1386.0,Bhadara APMC,-1.0029,0.3196,-273537.96262,66,M6,False
onion,26,1387.0,Goluwala APMC,-0.8843,0.3798,-311654.152963,66,M6,False
onion,26,1389.0,Rawatsar APMC,0.5057,0.6148,29181.639176,66,M9,False
onion,26,1418.0,Rajsamand APMC,-1.7603,0.0831,-37427.627899,66,M6,False
onion,26,1427.0,Zira APMC,-0.7733,0.4421,-361685.540185,66,M6,False
onion,26,1428.0,Dinanagar APMC,-0.7229,0.4724,-439756.409267,66,M6,False
onion,26,1433.0,Garh Shankar APMC,-0.7406,0.4616,-263133.655345,66,M6,False
onion,26,1434.0,Tanda Urmur APMC,-5.5077,0.0,-552171.513453,38,M6,True
onion,26,1441.0,Doraha APMC,-0.7396,0.4622,-322257.947535,66,M6,False
onion,26,1443.0,Ludhiana APMC,-0.8512,0.3978,-202331.036398,66,M6,False
onion,26,1446.0,Sahnewal APMC,-0.7503,0.4558,-380099.675571,66,M6,False
onion,26,1449.0,Nihal Singh Wala APMC,-0.6885,0.4936,-344384.468794,66,M6,False
onion,26,1456.0,Rajpura APMC,-0.7058,0.4828,-274398.919341,66,M6,False
onion,26,1457.0,Chamkaur Sahib APMC,-0.7643,0.4474,-408863.863838,66,M6,False
onion,26,1458.0,Kharar APMC,-0.7978,0.4279,-405935.467865,66,M6,False
onion,26,1459.0,Kurali APMC,-0.7473,0.4576,-317414.195074,65,M6,False
onion,26,1464.0,Bassi Pathana APMC,-0.7465,0.4581,-387644.712891,65,M6,False
onion,26,1466.0,Khamano APMC,-1.0893,0.2801,-496996.422261,65,M6,False
onion,26,1469.0,Vellore APMC,-0.5776,0.5655,-90494.055559,66,M6,False
onion,26,1498.0,Jahajharpur APMC,0.7599,0.4486,277975.5837,140,M9,False
onion,26,1507.0,Boudh APMC,0.9404,0.3483,484093.300296,172,M9,False
onion,26,1510.0,Sargipali APMC,1.6732,0.0957,449780.302928,223,M9,False
onion,26,1511.0,Udala APMC,1.1011,0.272,469612.566735,223,M9,False
onion,26,1513.0,Jaleswar APMC,1.5477,0.1234,485100.094175,186,M9,False
onion,26,1516.0,Kamakhyanagar APMC,0.83,0.4075,405376.585913,223,M9,False
onion,26,1520.0,Keonjhar APMC,0.5466,0.5853,272547.514673,202,M9,False
onion,26,1523.0,Balugaon APMC,1.6608,0.0982,414819.202814,223,M9,False
onion,26,1525.0,Birmaharajpur APMC,0.9291,0.3543,530598.148175,155,M9,False
onion,26,1527.0,Hinjilicut APMC,1.4298,0.1545,640152.255039,178,M9,False
onion,26,1537.0,Porbandar APMC,0.4138,0.6794,79913.914455,223,M9,False
onion,26,1569.0,Bhagta Bhai Ka APMC,-0.7121,0.479,-391016.566479,66,M6,False
onion,26,1570.0,Talwandi Sabo APMC,-0.6448,0.5214,-388533.55029,66,M6,False
onion,26,1573.0,Mamdot APMC,-0.6959,0.4894,-135984.469182,57,M6,False
onion,26,1575.0,F.G.Churian APMC,-0.7602,0.4513,-643097.927791,44,M6,False
onion,26,1585.0,Banur APMC,-0.5772,0.5658,-223360.114106,66,M6,False
onion,26,1587.0,Dera Bassi APMC,-0.6945,0.4898,-172047.195402,66,M6,False
onion,26,1588.0,Ghanaur APMC,-0.7784,0.4392,-236039.127561,66,M6,False
onion,26,1593.0,Lehra Gaga APMC,-0.6975,0.488,-353424.309224,65,M6,False
onion,26,1601.0,Akole APMC,0.4707,0.6383,107140.148089,223,M9,False
onion,26,1606.0,Rayya APMC,1.2471,0.2168,101943.905513,66,M9,False
onion,26,1610.0,Ajmer(F&V) APMC,-0.5283,0.5991,-97242.413377,66,M6,False
onion,26,1611.0,Bikaner (F&V) APMC,0.925,0.3584,44153.738407,66,M9,False
onion,26,1614.0,Sriganganagar (F&V) APMC,-0.9784,0.3331,-302162.382395,46,M6,False
onion,26,1633.0,Satana APMC,0.7088,0.4792,189941.345898,223,M9,False
onion,26,1634.0,Rahuri APMC,0.8248,0.4104,121806.0739,223,M9,False
onion,26,1637.0,Akluj APMC,0.8286,0.4082,166134.070959,223,M9,False
onion,26,1644.0,Sinner APMC,0.7385,0.461,171190.730268,223,M9,False
onion,26,1663.0,Sitarganj APMC,0.1963,0.845,18024.707302,66,M9,False
onion,26,1704.0,Dasda APMC,-1.5789,0.1197,-283041.717058,60,M6,False
onion,26,1715.0,Kopaganj APMC,-0.8589,0.3936,-204257.951037,66,M6,False
onion,26,1716.0,Partaval APMC,-0.6891,0.4932,-65956.549934,66,M6,False
onion,26,1718.0,Kannauj APMC,,,-21891.763797,44,M6,False
onion,26,1719.0,Robertsganj APMC,-0.7376,0.4634,-227442.490179,66,M6,False
onion,26,1720.0,Aligarh APMC,-0.7646,0.4483,-238382.981894,48,M6,False
onion,26,1721.0,Akbarpur APMC,-0.7566,0.452,-266309.178115,66,M6,False
onion,26,1722.0,Balrampur APMC,0.8161,0.4175,38061.410984,66,M9,False
onion,26,1727.0,Naugarh APMC,,,12348.232141,59,M9,False
onion,26,1729.0,Dadri APMC,-0.7767,0.4416,-395368.210521,44,M6,False
onion,26,1730.0,Haathras APMC,-0.7874,0.4339,-228016.173218,66,M6,False
onion,26,1731.0,Golagokarnath APMC,-1.0328,0.3055,-42998.517671,66,M6,False
onion,26,1732.0,Puranpur APMC,-0.7327,0.4664,-260153.243507,66,M6,False
onion,26,1733.0,Bangarmau APMC,-0.8034,0.4262,-210458.29902,44,M6,False
onion,26,1735.0,Bishalpur APMC,-1.0599,0.2931,-68307.783083,66,M6,False
onion,26,1737.0,Kayamganj APMC,-0.7665,0.4462,-228254.425494,66,M6,False
onion,26,1738.0,Konch APMC,,,3539.210372,65,M9,False
onion,26,1741.0,Bharthna APMC,-0.7941,0.4301,-263881.308196,66,M6,False
onion,26,1743.0,Jayas APMC,-0.7588,0.4507,-95212.138325,66,M6,False
onion,26,1746.0,Paliakala APMC,-0.7711,0.4435,-210709.974885,65,M6,False
onion,26,1749.0,Sirsa APMC,-0.398,0.6923,-41315.445986,54,M6,False
onion,26,1754.0,Gangoh APMC,-0.4847,0.6295,-161711.169368,66,M6,False
onion,26,1755.0,Charra APMC,-0.6319,0.5297,-142661.566034,66,M6,False
onion,26,1759.0,Khair APMC,,,-1081.621463,51,M6,False
onion,26,1760.0,Safdarganj APMC,0.5425,0.5893,27613.815,66,M9,False
onion,26,1763.0,Naanpara APMC,0.9019,0.3704,43664.344561,66,M9,False
onion,26,1768.0,Baripaal APMC,-0.6321,0.5295,-237460.978723,66,M6,False
onion,26,1770.0,Jasvantnagar APMC,-0.7399,0.462,-227681.138402,66,M6,False
onion,26,1772.0,Tulsipur APMC,-1.7681,0.0831,-15069.762757,51,M6,False
onion,26,1773.0,Anandnagar APMC,-0.5293,0.5984,-74708.454384,66,M6,False
onion,26,1774.0,Mehmoodabad APMC,,,-18129.471163,66,M6,False
onion,26,1776.0,Shahabad(New Mandi) APMC,-1.4226,0.1628,-125879.064796,40,M6,False
onion,26,1778.0,Dudhi APMC,-0.7372,0.4639,-293115.982687,60,M6,False
onion,26,1780.0,Mugrabaadshahpur APMC,,,-19474.541713,66,M6,False
onion,26,1783.0,Gulavati APMC,-0.0686,0.9455,-1971.109868,66,M6,False
onion,26,1785.0,Rampurmaniharan APMC,-2.3506,0.0236,-132526.813465,42,M6,True
onion,26,1788.0,Sambhal APMC,-0.7011,0.4858,-99090.207435,66,M6,False
onion,26,1791.0,Najibabad APMC,,,-88196.985113,37,M6,False
onion,26,1793.0,Jalaun APMC,-1.0288,0.3093,-121258.699657,44,M6,False
onion,26,1804.0,Barwala APMC,0.6297,0.5296,121776.426603,223,M9,False
onion,26,1805.0,Barara APMC,1.4418,0.1509,223503.854284,206,M9,False
onion,26,1808.0,Naraingarh APMC,0.6363,0.5252,107509.769016,223,M9,False
onion,26,1809.0,Shahzadpur APMC,0.6865,0.4931,59258.313912,223,M9,False
onion,26,1810.0,Jagadhri APMC,0.4976,0.6193,101213.693914,223,M9,False
onion,26,1811.0,Chhachrauli APMC,0.4849,0.6282,108422.03123,223,M9,False
onion,26,1812.0,Mustafabad APMC,0.5476,0.5845,133314.282404,223,M9,False
onion,26,1813.0,Sadhaura APMC,0.821,0.4126,140643.945944,223,M9,False
onion,26,1814.0,Radaur APMC,0.3238,0.7464,61039.748011,222,M9,False
onion,26,1823.0,Farukh Nagar APMC,0.2879,0.7737,51411.161174,223,M9,False
onion,26,1826.0,Punhana APMC,0.7714,0.4413,97132.761905,215,M9,False
onion,26,1827.0,Tauru APMC,0.3666,0.7143,90149.425692,223,M9,False
onion,26,1828.0,Barwala(Hisar) APMC,0.1157,0.908,28858.415779,168,M9,False
onion,26,1833.0,Jakhal APMC,0.4274,0.6695,101623.932494,223,M9,False
onion,26,1839.0,Dhand APMC,0.4101,0.6821,100522.785736,223,M9,False
onion,26,1842.0,Siwan APMC,0.4406,0.6599,101183.59986,223,M9,False
onion,26,1852.0,Madlauda APMC,0.5742,0.5664,112708.251975,223,M9,False
onion,26,1853.0,Samalkha APMC,0.6658,0.5063,68245.433877,207,M9,False
onion,26,1860.0,Meham APMC,0.2118,0.8325,36496.406816,223,M9,False
onion,26,1864.0,Ganaur APMC,0.2833,0.7772,61821.238986,223,M9,False
onion,26,1868.0,Bowenpally APMC,-1.2075,0.2316,-84546.991782,66,M6,False
onion,26,1894.0,Parner APMC,0.4791,0.6323,111255.819096,223,M9,False
onion,26,1895.0,Devala APMC,0.4828,0.6297,121452.236708,223,M9,False
onion,26,1939.0,Ramtek APMC,0.4829,0.6297,106077.530452,223,M9,False
onion,26,1966.0,Gopiganj APMC,0.3167,0.7527,15941.711368,54,M9,False
onion,26,1967.0,Karvi APMC,,,-23547.732691,57,M6,False
onion,26,1971.0,Aroor APMC,0.3523,0.725,231798.658704,203,M9,False
onion,26,1973.0,Kuruppanthura Market,0.1612,0.8721,125241.801779,220,M9,False
onion,26,1974.0,Chelakkara Market,1.1193,0.2642,467285.560618,223,M9,False
onion,26,1975.0,Munnar Market,0.1422,0.8871,66691.051228,223,M9,False
onion,26,1977.0,Kottakkal Market,1.5901,0.1132,356879.882054,223,M9,False
onion,26,1978.0,Angamaly Market,1.0967,0.274,471518.431277,223,M9,False
onion,26,1979.0,Kallachi Market,1.6404,0.1023,529230.603884,223,M9,False
onion,26,1980.0,Taliparamba Market,-0.2944,0.7691,-79932.613083,92,M6,False
onion,26,1981.0,Neeleswaram APMC,1.0891,0.2773,349638.437907,223,M9,False
onion,26,1986.0,Madhavapuram Market,0.9716,0.3323,318013.005504,223,M9,False
onion,26,2007.0,Piravam Market,1.5719,0.1174,486053.536426,223,M9,False
onion,26,2008.0,Aralamoodu Market,0.9971,0.3198,468897.846746,223,M9,False
onion,26,2013.0,Anchal Market,0.4521,0.6516,114749.957012,223,M9,False
onion,26,2015.0,Chengannur Market,0.3734,0.7092,190331.949603,223,M9,False
onion,26,2016.0,Kayamkulam Market,-0.0355,0.9717,-15537.360593,223,M6,False
onion,26,2017.0,Harippad APMC,-1.0764,0.2835,-287899.772498,144,M6,False
onion,26,2019.0,Pampady Market,1.3277,0.1856,477139.035225,223,M9,False
onion,26,2020.0,Ettumanoor Market,0.2946,0.7686,163523.278703,223,M9,False
onion,26,2021.0,Kanjirappally Market,0.5688,0.5701,406804.065375,223,M9,False
onion,26,2022.0,Pala Market,0.3417,0.7329,260015.818856,223,M9,False
onion,26,2024.0,Chalakudy Market,0.647,0.5183,311237.601662,223,M9,False
onion,26,2025.0,Irinjalakkuda APMC,1.0044,0.3163,289642.317256,223,M9,False
onion,26,2026.0,Chavakkad Market,0.9228,0.3571,387131.217476,223,M9,False
onion,26,2027.0,Wadakkanchery Market,1.0606,0.29,421855.399712,223,M9,False
onion,26,2035.0,Kanjangadu Market,1.2339,0.2185,330104.946483,223,M9,False
onion,26,2036.0,Vamanapuram Market,0.771,0.4415,281517.972433,223,M9,False
onion,26,2039.0,Rahata APMC,0.6707,0.5031,151668.622886,223,M9,False
onion,26,2076.0,Badnawar APMC,2.7419,0.0071,153759.48855,119,M9,True
onion,26,2086.0,Narsinghgarh APMC,0.7421,0.4588,139301.490774,223,M9,False
onion,26,2088.0,Sailana APMC,0.6914,0.49,129600.321816,223,M9,False
onion,26,2097.0,Shajapur APMC,0.2694,0.7881,112524.716298,120,M9,False
onion,26,2103.0,Kalapipal APMC,1.1517,0.2507,211929.085266,223,M9,False
onion,26,2130.0,Rahuri(Vambori) APMC,0.7721,0.4409,157400.458457,223,M9,False
onion,26,2139.0,Lasalgaon(Niphad) APMC,0.6143,0.5396,150325.465775,223,M9,False
onion,26,2141.0,Dindori(Vani) APMC,-0.0374,0.9702,-9033.050466,173,M6,False
onion,26,2142.0,Pimpalgaon Baswant(Saykheda) APMC,0.733,0.4643,163128.649025,223,M9,False
onion,26,2146.0,Junnar(Otur) APMC,0.445,0.6567,112306.007729,223,M9,False
onion,26,2147.0,Khed(Chakan) APMC,0.6172,0.5378,119820.687612,223,M9,False
onion,26,2148.0,Pune(Pimpri) APMC,0.7957,0.4271,160721.578734,223,M9,False
onion,26,2149.0,Pune(Khadiki) APMC,2.0868,0.038,195881.224223,223,M9,True
onion,26,2150.0,"Sangli(Phale, Bhajipala Market) APMC",0.7532,0.4521,138988.994211,223,M9,False
onion,26,2163.0,Chandrapur(Ganjwad) APMC,0.0953,0.9242,25203.137797,223,M9,False
onion,26,2173.0,Kathua (F&V),1.2926,0.1975,341074.467518,223,M9,False
onion,26,2176.0,Thrippunithura Market,1.1472,0.2525,365783.441462,223,M9,False
onion,26,2177.0,Pattambi Market,0.3321,0.7401,164715.036018,223,M9,False
onion,26,2181.0,Khekda APMC,-0.6601,0.5115,-322117.640193,66,M6,False
onion,26,2182.0,Jahangirabad APMC,-0.6627,0.5099,-148668.724031,66,M6,False
onion,26,2183.0,Siyana APMC,,,40901.891978,57,M9,False
onion,26,2184.0,Sikanderabad APMC,-0.7354,0.4651,-404227.326372,58,M6,False
onion,26,2185.0,Anoop Shahar APMC,-1.3327,0.1888,-18059.843428,50,M6,False
onion,26,2186.0,Sikarpur APMC,-0.3227,0.748,-35645.250392,66,M6,False
onion,26,2188.0,Chutmalpur APMC,-0.7907,0.4329,-112725.721206,50,M6,False
onion,26,2190.0,Kairana APMC,-0.3635,0.7174,-28564.62328,66,M6,False
onion,26,2191.0,Thanabhavan APMC,-0.8445,0.4015,-80462.51001,66,M6,False
onion,26,2193.0,Fatehabad APMC,1.0153,0.3137,14505.843006,66,M9,False
onion,26,2195.0,Khairagarh APMC,-0.606,0.5466,-205328.282758,66,M6,False
onion,26,2196.0,Jagnair APMC,0.7684,0.445,70917.898784,66,M9,False
onion,26,2198.0,Samsabad APMC,-0.3972,0.6925,-114838.024791,66,M6,False
onion,26,2200.0,Shadabad APMC,-0.5882,0.5585,-354815.456709,66,M6,False
onion,26,2203.0,Awagarh APMC,-0.5072,0.6137,-11297.302704,66,M6,False
onion,26,2209.0,Dhanaura APMC,-1.279,0.2054,-73786.557084,66,M6,False
onion,26,2212.0,Anwala APMC,-0.6721,0.5039,-145633.719757,66,M6,False
onion,26,2216.0,Shahaswan APMC,,,-6082.736593,65,M6,False
onion,26,2219.0,Uttaripura APMC,,,-17828.253507,43,M6,False
onion,26,2225.0,Lalganj APMC,-0.7603,0.4499,-247980.907491,66,M6,False
onion,26,2227.0,Salon APMC,-0.9594,0.3415,-17815.625587,56,M6,False
onion,26,2229.0,Hargaon (Laharpur) APMC,-0.8123,0.4196,-104047.246018,66,M6,False
onion,26,2239.0,Rudauli APMC,,,-91129.574617,42,M6,False
onion,26,2240.0,Nawabganj APMC,-0.7923,0.4311,-121560.928189,66,M6,False
onion,26,2243.0,Ahirora APMC,-0.8104,0.4207,-132228.516792,66,M6,False
onion,26,2244.0,Doharighat APMC,-0.488,0.6275,-50968.973031,56,M6,False
onion,26,2249.0,Khalilabad APMC,-0.6926,0.4912,-136635.759685,61,M6,False
onion,26,2250.0,Gadaura APMC,,,-83956.218552,42,M6,False
onion,26,2252.0,Payagpur APMC,,,-35222.927872,50,M6,False
onion,26,2266.0,Kalyani APMC,-0.6761,0.5014,-241617.199673,66,M6,False
onion,26,2268.0,Baruipur(Canning) APMC,-0.5943,0.5544,-265774.141815,66,M6,False
onion,26,2269.0,Uluberia APMC,-0.5962,0.5531,-168126.851094,66,M6,False
onion,26,2270.0,Sheoraphuly APMC,-0.7368,0.4639,-329637.246047,66,M6,False
onion,26,2318.0,Rajgarh APMC,1.6645,0.0977,315534.483998,191,M9,False
onion,26,2325.0,Shamgarh APMC,0.107,0.9149,36701.700881,120,M9,False
onion,26,2422.0,Thirupathur APMC,-0.8809,0.3816,-179549.560694,66,M6,False
onion,26,2441.0,Ambala City(Subji Mandi) APMC,-0.293,0.7699,-41543.826004,167,M6,False
onion,26,2444.0,FerozpurZirkha(Nagina) APMC,0.5729,0.5673,94788.770315,223,M9,False
onion,26,2451.0,Panchkul(Kalka) APMC,-0.664,0.5085,-196752.517807,83,M6,False
onion,26,2481.0,Kota (F&V) APMC,-0.3696,0.7134,-214212.617681,46,M6,False
onion,26,2487.0,Jalandhar City(Jalandhar) APMC,-0.6726,0.5036,-193238.226366,66,M6,False
onion,26,2490.0,Nawan Shahar(Subzi Mandi) APMC,-0.7391,0.4625,-356311.400723,66,M6,False
onion,26,2505.0,Rampuraphul(Nabha Mandi) APMC,-0.7723,0.4427,-267978.236772,66,M6,False
onion,26,2510.0,Mukerian(Talwara) APMC,-0.6665,0.5076,-334452.967883,62,M6,False
onion,26,2521.0,SMY Nadaun,0.8319,0.4064,300187.517399,223,M9,False
onion,26,2524.0,SMY Takoli,0.9966,0.3201,319267.188095,223,M9,False
onion,26,2526.0,SMY Baijnath,0.7901,0.4303,286826.175812,223,M9,False
onion,26,2527.0,SMY Nagrota Bagwan,0.4896,0.625,149131.83183,183,M9,False
onion,26,2528.0,SMY Jassur,0.9167,0.3605,308419.052177,189,M9,False
onion,26,2529.0,SMY Jaisinghpur,0.6893,0.4913,312387.070675,223,M9,False
onion,26,2536.0,Belacoba APMC,-0.6788,0.4997,-343213.533301,66,M6,False
onion,26,2537.0,Siliguri APMC,-0.7304,0.4678,-400210.807894,66,M6,False
onion,26,2543.0,Ahmedabad(Chimanbhai Patal Market Vasana) APMC,0.3967,0.692,98803.025308,223,M9,False
onion,26,2545.0,Rajkot(Veg.Sub Yard) APMC,0.6868,0.4929,105910.765907,223,M9,False
onion,26,2549.0,Dahod(Veg. Market) APMC,0.299,0.7652,62111.750918,223,M9,False
onion,26,2551.0,Vadodara(Sayajipura) APMC,0.3428,0.7321,80153.386394,223,M9,False
onion,26,2571.0,"Anand(Veg,Yard,Anand) APMC",0.3353,0.7377,47920.350676,223,M9,False
onion,26,2668.0,Kottarakkara Market,0.8653,0.3878,382377.878254,223,M9,False
onion,26,2673.0,Mannar Market,0.4557,0.649,237679.318068,223,M9,False
onion,26,2674.0,Athirampuzha Market,0.2813,0.7787,144700.173637,223,M9,False
onion,26,2675.0,Thalayolaparambu Market,0.1573,0.8752,73096.07454,223,M9,False
onion,26,2677.0,Vandiperiyar Market,1.2074,0.2286,409575.187107,214,M9,False
onion,26,2679.0,Kattappana Market,-0.0667,0.9469,-36428.908966,223,M6,False
onion,26,2680.0,Perumbavoor Market,1.3334,0.1838,392422.684473,223,M9,False
onion,26,2681.0,Kothamangalam Market,0.059,0.953,16092.334065,223,M9,False
onion,26,2683.0,Vadakkenchery Market,0.4136,0.6795,256313.559172,223,M9,False
onion,26,2684.0,Perinthalmanna Market,1.6914,0.0922,378210.648677,223,M9,False
onion,26,2685.0,Parappanangadi Market,1.097,0.2743,141606.915753,161,M9,False
onion,26,2686.0,Thirurrangadi Market,1.3198,0.1883,431156.284803,223,M9,False
onion,26,2687.0,Kondotty Market,1.2811,0.2016,352543.190849,203,M9,False
onion,26,2689.0,Perambra Market,1.2192,0.2241,361807.848696,223,M9,False
onion,26,2690.0,Mukkom Market,1.3125,0.1907,468210.080917,223,M9,False
onion,26,2691.0,Quilandy Market,1.1675,0.2442,371292.34181,223,M9,False
onion,26,2692.0,Thamarassery Market,1.2061,0.2291,357770.332584,223,M9,False
onion,26,2693.0,Chala Market,0.322,0.7478,207512.88745,223,M9,False
onion,26,2696.0,Phillaur(Apra Mandi) APMC,-0.727,0.4701,-329146.568589,60,M6,False
onion,26,2701.0,Garh Shankar(Mahalpur) APMC,-0.7437,0.4598,-254216.331232,65,M6,False
onion,26,2703.0,Mumbai-Onion & Potato Market APMC,0.4618,0.6447,91935.070048,223,M9,False
onion,26,2704.0,Amrawati(Frui & Veg. Market) APMC,0.3394,0.7346,55823.536117,223,M9,False
onion,26,2708.0,Newasa(Ghodegaon) APMC,0.5733,0.567,137728.910983,223,M9,False
onion,26,2713.0,Bonai APMC,0.4035,0.6871,191031.095697,155,M9,False
onion,26,2714.0,Bargarh(Barapalli) APMC,1.1113,0.2678,267752.397535,206,M9,False
onion,26,2721.0,Keonjhar(Dhekikote) APMC,0.5679,0.5707,287511.673658,210,M9,False
onion,26,2738.0,Udaipur (F&V) APMC,-0.4241,0.6729,-40824.977102,66,M6,False
onion,26,2739.0,Chomu FV APMC,-0.6369,0.5265,-162776.59412,66,M6,False
onion,26,2744.0,Bassi APMC,-0.6608,0.5111,-227958.566122,66,M6,False
onion,26,2773.0,Mehsana(Mehsana Veg) APMC,0.4231,0.6726,85413.528694,223,M9,False
onion,26,2774.0,Deesa(Deesa Veg Yard) APMC,0.5899,0.5558,139853.7236,223,M9,False
onion,26,2800.0,Khandhla APMC,-0.7043,0.4846,-265889.835301,49,M6,False
onion,26,2803.0,Noida APMC,-0.7374,0.4649,-497366.427514,44,M6,False
onion,26,2894.0,Bara Bazar (Posta Bazar) APMC,-0.7531,0.4541,-499933.630267,66,M6,False
onion,26,2897.0,Habra APMC,-0.7381,0.4631,-393744.329057,66,M6,False
onion,26,2899.0,Durgapur APMC,-0.74,0.462,-416164.495811,66,M6,False
onion,26,2902.0,Gajol APMC,-0.7514,0.4551,-375772.443077,66,M6,False
onion,26,2905.0,Balarampur APMC,-0.667,0.5071,-355285.8909,66,M6,False
onion,26,2910.0,"New Grain Market , Faridabad APMC",0.2168,0.8285,30890.350444,221,M9,False
onion,26,2940.0,Tiruchengode APMC,-0.8518,0.3975,-128570.094681,66,M6,False
onion,26,2970.0,Thuraiyur APMC,-0.7339,0.4656,-102360.564209,66,M6,False
onion,26,3039.0,SMY Santoshgarh,0.9704,0.3329,235422.544735,223,M9,False
onion,26,3045.0,Harda(F&V) APMC,0.344,0.7316,135367.194074,99,M9,False
onion,26,3046.0,Indore APMC,0.2058,0.8373,98647.006897,120,M9,False
onion,26,3048.0,Badnawar(F&V) APMC,1.3344,0.1847,278789.617754,116,M9,False
onion,26,3054.0,Dewas(F&V) APMC,1.7338,0.0857,273844.227561,112,M9,False
onion,26,3059.0,Lashkar(F&V) APMC,0.2132,0.8316,53897.644585,114,M9,False
onion,26,3067.0,Sagar(F&V) APMC,0.6269,0.532,136135.560522,114,M9,False
onion,26,3071.0,Jabalpur(F&V) APMC,1.6958,0.0927,141553.095514,114,M9,False
onion,26,3075.0,Chhindwara(F&V) APMC,-0.0803,0.9362,-30856.347321,89,M6,False
onion,26,3080.0,Tusura APMC,-0.5786,0.5639,-98641.990393,130,M6,False
onion,26,3086.0,Godbhaga APMC,1.3544,0.1776,527428.166804,153,M9,False
onion,26,3092.0,Saharpada APMC,0.5471,0.5849,250114.271927,215,M9,False
onion,26,3098.0,Kalyanpur APMC,-0.8372,0.4056,-171665.043342,66,M6,False
onion,26,3099.0,Jampuijala APMC,,,-699460.50977,58,M6,False
onion,26,3102.0,Gondatwisa APMC,-1.1833,0.2414,-552554.393208,60,M6,False
onion,26,3104.0,Silachhari APMC,-1.6337,0.1072,-333710.088384,66,M6,False
onion,26,3105.0,Barpathari APMC,-0.7453,0.4588,-155651.746146,66,M6,False
onion,26,3117.0,Asansol APMC,-0.7412,0.4613,-410686.55239,66,M6,False
onion,26,3128.0,Junnar(Alephata) APMC,0.3949,0.6933,95633.392305,223,M9,False
onion,26,3130.0,Junnar(Narayangaon) APMC,0.9881,0.3243,203188.325091,198,M9,False
onion,26,3142.0,Kamthi APMC,0.118,0.9062,33363.366312,223,M9,False
onion,26,3218.0,Tiphra APMC,0.8441,0.3996,188968.523624,201,M9,False
onion,26,3297.0,Khariar APMC,1.4234,0.1563,599082.699772,183,M9,False
onion,26,3299.0,Chuliaposi APMC,1.0319,0.3039,757767.400052,141,M9,False
onion,26,3306.0,Nilagiri APMC,1.0782,0.2836,237032.938211,100,M9,False
onion,26,3308.0,Hindol APMC,1.1382,0.2563,376408.610373,223,M9,False
onion,26,3339.0,Falakata APMC,-0.5769,0.5672,-308758.879249,42,M6,False
onion,26,3340.0,Moynaguri APMC,-0.653,0.516,-328289.307928,66,M6,False
onion,26,3341.0,Karsiyang(Matigara) APMC,-0.6806,0.4985,-408813.14229,66,M6,False
onion,26,3343.0,Raiganj APMC,,,-671546.941624,36,M6,False
onion,26,3344.0,Gangarampur(Dakshin Dinajpur) APMC,-0.6474,0.5199,-410993.99554,60,M6,False
onion,26,3346.0,Diamond Harbour(South 24-pgs) APMC,-0.6731,0.5032,-414702.507124,66,M6,False
onion,26,3347.0,Kalipur APMC,-0.7159,0.4766,-456472.31045,66,M6,False
onion,26,3349.0,Ranaghat APMC,-0.7006,0.4861,-347952.641686,66,M6,False
onion,26,3350.0,Chakdah APMC,-0.7018,0.4853,-310559.859807,66,M6,False
onion,26,3352.0,Garbeta(Medinipur) APMC,-0.7039,0.484,-388351.136027,66,M6,False
onion,26,3354.0,Kasipur APMC,-0.6882,0.4938,-377935.509967,66,M6,False
onion,26,3355.0,Sainthia APMC,-0.6854,0.4955,-425766.400642,66,M6,False
onion,26,3393.0,Broadway market Market,0.8389,0.4032,447474.669122,120,M9,False
onion,26,3394.0,North Paravur Market,0.2238,0.8233,201377.985083,121,M9,False
onion,26,3440.0,GarhShankar (Kotfatuhi) APMC,-0.745,0.4589,-289731.322769,66,M6,False
onion,26,3445.0,APMC Azadpur,1.213,0.2264,197470.59588,223,M9,False
onion,26,3448.0,Lasalgaon(Vinchur) APMC,0.4228,0.6729,98804.65662,223,M9,False
onion,26,3449.0,Pune(Manjri) APMC,0.7847,0.4335,155505.8447,223,M9,False
onion,26,3450.0,Pune(Moshi) APMC,0.7443,0.4575,119502.472296,223,M9,False
onion,26,3452.0,Agriculture Produce Market Committee Hingna,0.0176,0.986,7640.503636,122,M9,False
onion,26,3458.0,Umrane APMC,0.513,0.6084,126419.771222,223,M9,False
onion,26,3462.0,Nampur APMC,0.5443,0.5868,127496.525834,223,M9,False
onion,26,3626.0,Dablirathan APMC,,,-63325.35722,52,M6,False
onion,26,3677.0,Kanchanpur,-20.4163,0.0,-243326.186483,62,M6,True
onion,26,3680.0,Kadamtala,-1.2655,0.2102,-96628.345321,66,M6,False
onion,26,3953.0,Tajpur APMC,1.0645,0.2889,248994.382536,145,M9,False
onion,26,3956.0,Sheohar APMC,0.7867,0.4324,231058.851085,192,M9,False
onion,26,3996.0,"Laxmi-Sopan Agriculture Produce Marketing Co Ltd, Barshi, Dist Solapur",-0.5039,0.6156,-170786.219285,90,M6,False
onion,26,4025.0,"Omchatinya Multi State Agro Purpose Co-Op Society, Dist Ahilyanagar",-0.0911,0.9275,-33861.332296,125,M6,False
onion,26,4038.0,"Shivsiddha Govind Producer Company Ltd Sanchalit Khajgi Krush Utpann Bajar, Samati-Nashik",0.8674,0.3881,422447.31845,89,M9,False
onion,26,4055.0,Ariyalur(Uzhavar Sandhai),-0.8226,0.4137,-328924.738544,66,M6,False
onion,26,4056.0,Jeyankondam (Uzhavar Sandhai ),-1.0078,0.3173,-310026.427192,66,M6,False
onion,26,4057.0,RSPuram(Uzhavar Sandhai ),-0.8504,0.3982,-128714.444838,66,M6,False
onion,26,4058.0,Singanallur(Uzhavar Sandhai ),-0.7299,0.4681,-168877.912171,66,M6,False
onion,26,4059.0,Pollachi(Uzhavar Sandhai ),-0.7108,0.4797,-257794.764616,66,M6,False
onion,26,4060.0,Mettupalayam(Uzhavar Sandhai ),-0.7247,0.4713,-212732.49725,66,M6,False
onion,26,4061.0,Kurichi(Uzhavar Sandhai ),-0.7356,0.4646,-273147.953629,66,M6,False
onion,26,4062.0,Sulur(Uzhavar Sandhai ),-0.6979,0.4878,-234891.460404,66,M6,False
onion,26,4063.0,Vadavalli(Uzhavar Sandhai ),-0.7661,0.4464,-135989.860245,66,M6,False
onion,26,4064.0,Sundarapuram(Uzhavar Sandhai ),-0.7319,0.4669,-174315.82277,66,M6,False
onion,26,4065.0,Cuddalore(Uzhavar Sandhai ),-1.2337,0.2218,-258959.202414,66,M6,False
onion,26,4066.0,Chidambaram(Uzhavar Sandhai ),-0.889,0.3773,-313267.564035,66,M6,False
onion,26,4067.0,Viruthachalam(Uzhavar Sandhai ),-0.7148,0.4773,-273599.782546,66,M6,False
onion,26,4068.0,Panruti(Uzhavar Sandhai ),-0.801,0.4261,-295178.881481,66,M6,False
onion,26,4070.0,Dharmapuri(Uzhavar Sandhai ),-0.8095,0.4212,-202657.017564,66,M6,False
onion,26,4071.0,Pennagaram(Uzhavar Sandhai ),-0.9658,0.3377,-261226.473458,66,M6,False
onion,26,4072.0,Palacode(Uzhavar Sandhai ),-0.8231,0.4135,-377260.139174,66,M6,False
onion,26,4073.0,Harur(Uzhavar Sandhai ),-0.8692,0.3879,-303716.188203,66,M6,False
onion,26,4074.0,AJattihalli(Uzhavar Sandhai ),-0.7562,0.4522,-236661.041403,66,M6,False
onion,26,4075.0,Dindigul(Uzhavar Sandhai ),-0.9425,0.3494,-195287.237374,66,M6,False
onion,26,4076.0,Palani(Uzhavar Sandhai ),-0.8142,0.4185,-246741.92803,66,M6,False
onion,26,4077.0,Chinnalapatti(Uzhavar Sandhai ),-0.9094,0.3665,-190736.812516,66,M6,False
onion,26,4080.0,Vedasanthur(Uzhavar Sandhai ),-0.865,0.3902,-351332.452678,66,M6,False
onion,26,4081.0,Sampath Nagar(Uzhavar Sandhai ),-0.8011,0.426,-246087.665183,66,M6,False
onion,26,4082.0,Gobichettipalayam(Uzhavar Sandhai ),-0.7747,0.4413,-189425.099674,66,M6,False
onion,26,4083.0,Sathiyamagalam(Uzhavar Sandhai ),-0.8268,0.4114,-232124.07009,66,M6,False
onion,26,4085.0,Perundurai(Uzhavar Sandhai ),-1.059,0.2935,-171337.645112,66,M6,False
onion,26,4086.0,Thalavadi(Uzhavar Sandhai ),-0.8797,0.3823,-246518.947975,66,M6,False
onion,26,4087.0,Kancheepuram(Uzhavar Sandhai ),-0.9872,0.3272,-168250.853588,66,M6,False
onion,26,4088.0,Padappai(Uzhavar Sandhai ),-0.6686,0.5061,-197556.353789,66,M6,False
onion,26,4089.0,Sunguvarchatram(Uzhavar Sandhai ),-0.6672,0.507,-104731.929399,66,M6,False
onion,26,4090.0,Kundrathur(Uzhavar Sandhai ),-0.6153,0.5405,-127132.184077,66,M6,False
onion,26,4091.0,Karur(Uzhavar Sandhai ),-0.8599,0.393,-174687.724143,66,M6,False
onion,26,4092.0,Kulithalai(Uzhavar Sandhai ),-0.8953,0.3739,-180205.96997,66,M6,False
onion,26,4093.0,Velayuthampalayam(Uzhavar Sandhai ),-0.7036,0.4859,-58762.167772,39,M6,False
onion,26,4096.0,Hosur(Uzhavar Sandhai ),-0.6999,0.4865,-225143.800443,66,M6,False
onion,26,4097.0,Krishnagiri(Uzhavar Sandhai ),-0.7062,0.4826,-215070.900462,66,M6,False
onion,26,4098.0,Kaveripattinam(Uzhavar Sandhai ),-0.7878,0.4337,-208114.625026,66,M6,False
onion,26,4099.0,Denkanikottai(Uzhavar Sandhai ),-0.7605,0.4497,-270526.062021,66,M6,False
onion,26,4100.0,Avallapalli(Uzhavar Sandhai ),-0.7664,0.4462,-287467.481928,66,M6,False
onion,26,4102.0,Chokkikulam(Uzhavar Sandhai ),-0.8367,0.4058,-164952.166676,66,M6,False
onion,26,4103.0,Palanganatham(Uzhavar Sandhai ),-0.8245,0.4127,-165975.109244,66,M6,False
onion,26,4105.0,Thirumangalam(Uzhavar Sandhai ),-0.8001,0.4265,-169971.289489,66,M6,False
onion,26,4106.0,Melur(Uzhavar Sandhai ),-0.9,0.3715,-174497.245405,66,M6,False
onion,26,4107.0,Anaiyur(Uzhavar Sandhai ),-0.9437,0.3488,-152349.982099,66,M6,False
onion,26,4108.0,Mayiladuthurai(Uzhavar Sandhai ),-0.7411,0.4613,-176645.493999,66,M6,False
onion,26,4109.0,Nagapattinam(Uzhavar Sandhai ),-1.1991,0.2348,-95155.999173,66,M6,False
onion,26,4110.0,Sirkali(Uzhavar Sandhai ),-0.9344,0.3536,-137810.192795,66,M6,False
onion,26,4111.0,Namakkal(Uzhavar Sandhai ),-0.8243,0.4128,-270482.200705,66,M6,False
onion,26,4113.0,Rasipuram(Uzhavar Sandhai ),-1.0239,0.3097,-253701.909565,66,M6,False
onion,26,4114.0,Kumarapalayam(Uzhavar Sandhai ),-1.3076,0.1956,-195335.197687,66,M6,False
onion,26,4115.0,Paramathivelur(Uzhavar Sandhai ),-1.2184,0.2275,-318963.891416,66,M6,False
onion,26,4116.0,Mohanur(Uzhavar Sandhai ),-1.0199,0.3116,-232919.240403,66,M6,False
onion,26,4117.0,Udhagamandalam(Uzhavar Sandhai ),-0.7608,0.4495,-230623.439891,66,M6,False
onion,26,4118.0,Coonoor(Uzhavar Sandhai ),-1.0052,0.3185,-272338.123194,66,M6,False
onion,26,4120.0,Gudalur(Uzhavar Sandhai ),-0.9232,0.3593,-359400.748178,66,M6,False
onion,26,4121.0,Perambalur(Uzhavar Sandhai ),-1.0106,0.316,-344218.479772,66,M6,False
onion,26,4123.0,Pudukottai(Uzhavar Sandhai ),-0.9243,0.3588,-449620.336694,66,M6,False
onion,26,4124.0,Aranthangi(Uzhavar Sandhai ),-0.8861,0.3788,-505280.898503,66,M6,False
onion,26,4125.0,Alangudi(Uzhavar Sandhai ),-1.0676,0.2901,-485543.4071,59,M6,False
onion,26,4126.0,Gandarvakottai(Uzhavar Sandhai ),-0.9874,0.3271,-295828.910792,66,M6,False
onion,26,4127.0,Karambakkudi(Uzhavar Sandhai ),-1.0339,0.305,-295309.573992,66,M6,False
onion,26,4128.0,Viralimalai(Uzhavar Sandhai ),-1.087,0.2811,-612476.198311,66,M6,False
onion,26,4129.0,Ramanathapuram(Uzhavar Sandhai ),-1.0212,0.311,-497410.909116,66,M6,False
onion,26,4130.0,Paramakudi(Uzhavar Sandhai ),-1.1552,0.2523,-263503.014534,66,M6,False
onion,26,4132.0,Sooramangalam(Uzhavar Sandhai ),-1.1927,0.2373,-228744.157391,66,M6,False
onion,26,4133.0,Ammapet(Uzhavar Sandhai ),-1.0716,0.2879,-295993.309029,66,M6,False
onion,26,4134.0,Athur(Uzhavar Sandhai ),-1.0387,0.3028,-262375.946999,66,M6,False
onion,26,4135.0,Thathakapatti(Uzhavar Sandhai ),-1.5,0.1384,-202709.871162,66,M6,False
onion,26,4136.0,Mettur(Uzhavar Sandhai ),-1.1109,0.2707,-175974.159634,66,M6,False
onion,26,4137.0,Attayampatti(Uzhavar Sandhai ),-4.9993,0.0,-143563.844145,53,M6,True
onion,26,4138.0,Hasthampatti(Uzhavar Sandhai ),-1.1608,0.25,-216148.623561,66,M6,False
onion,26,4139.0,Elampillai(Uzhavar Sandhai ),-1.5068,0.1367,-224090.003656,66,M6,False
onion,26,4140.0,Thammampatti (Uzhavar Sandhai ),-1.1918,0.2377,-216310.841505,66,M6,False
onion,26,4141.0,Jalagandapuram(Uzhavar Sandhai ),-1.1328,0.2614,-357467.068391,66,M6,False
onion,26,4142.0,Edapadi (Uzhavar Sandhai ),-1.0767,0.2856,-190080.725191,66,M6,False
onion,26,4143.0,Sivagangai (Uzhavar Sandhai ),,,-117313.554251,66,M6,False
onion,26,4144.0,Devakottai (Uzhavar Sandhai ),-5.5472,0.0,-187177.203291,66,M6,True
onion,26,4145.0,Karaikudi(Uzhavar Sandhai ),-1.1695,0.2465,-338728.955995,66,M6,False
onion,26,4146.0,Tirupatthur(Uzhavar Sandhai ),-1.4197,0.1605,-186628.567064,66,M6,False
onion,26,4147.0,Singampunari(Uzhavar Sandhai ),-1.2668,0.2097,-160049.248535,66,M6,False
onion,26,4148.0,Thanjavur(Uzhavar Sandhai ),-0.8787,0.3828,-200708.536074,66,M6,False
onion,26,4149.0,Kumbakonam (Uzhavar Sandhai ),-1.0471,0.2989,-338142.081138,66,M6,False
onion,26,4150.0,Pattukottai(Uzhavar Sandhai ),-2.3144,0.0238,-236008.754675,66,M6,True
onion,26,4152.0,Papanasam(Uzhavar Sandhai ),-1.1773,0.2434,-457921.339114,66,M6,False
onion,26,4153.0,Theni(Uzhavar Sandhai ),-0.7524,0.4545,-181238.59385,66,M6,False
onion,26,4154.0,Kambam(Uzhavar Sandhai ),-0.7353,0.4648,-232340.09745,66,M6,False
onion,26,4155.0,Bodinayakanur(Uzhavar Sandhai ),-0.8628,0.3914,-224026.124431,66,M6,False
onion,26,4156.0,Periyakulam(Uzhavar Sandhai ),-0.7291,0.4686,-233785.040211,66,M6,False
onion,26,4157.0,Devaram(Uzhavar Sandhai ),-0.8361,0.4061,-235832.633465,66,M6,False
onion,26,4158.0,Andipatti(Uzhavar Sandhai ),-0.7387,0.4627,-230698.533325,66,M6,False
onion,26,4159.0,Chinnamanur(Uzhavar Sandhai ),-0.8001,0.4266,-223654.081162,66,M6,False
onion,26,4160.0,Palayamkottai(Uzhavar Sandhai ),-0.7002,0.4863,-203360.143355,66,M6,False
onion,26,4162.0,Melapalayam(Uzhavar Sandhai ),-0.7546,0.4532,-211238.834506,66,M6,False
onion,26,4164.0,NGO Colony(Uzhavar Sandhai ),-0.7389,0.4626,-228406.04706,66,M6,False
onion,26,4166.0,Tiruvallur(Uzhavar Sandhai ),-0.9736,0.3338,-262217.731634,66,M6,False
onion,26,4167.0,Ambattur(Uzhavar Sandhai ),-0.9886,0.3265,-226458.022925,66,M6,False
onion,26,4168.0,Paruthipattu(Uzhavar Sandhai ),-0.8261,0.4118,-261315.479752,66,M6,False
onion,26,4169.0,Naravarikuppam(Uzhavar Sandhai ),-0.8688,0.3881,-207379.26083,66,M6,False
onion,26,4170.0,Perambakkam(Uzhavar Sandhai ),-0.9627,0.3392,-259873.366465,66,M6,False
onion,26,4172.0,Mannargudi I(Uzhavar Sandhai ),-1.1013,0.2748,-351367.901847,66,M6,False
onion,26,4173.0,Tiruvarur(Uzhavar Sandhai ),,,-191171.559892,51,M6,False
onion,26,4174.0,Needamangalam(Uzhavar Sandhai ),-0.8788,0.3828,-345076.965707,66,M6,False
onion,26,4175.0,Muthupettai(Uzhavar Sandhai ),-1.8991,0.062,-500237.206476,66,M6,False
onion,26,4176.0,Mannargudi II(Uzhavar Sandhai ),-1.1555,0.2521,-375769.246491,66,M6,False
onion,26,4178.0,Tuticorin(Uzhavar Sandhai ),-1.0814,0.2835,-242221.342691,66,M6,False
onion,26,4179.0,Kovilpatti(Uzhavar Sandhai ),-1.1475,0.2554,-281823.127672,66,M6,False
onion,26,4180.0,Tiruvannamalai(Uzhavar Sandhai ),-0.78,0.4382,-249467.739574,66,M6,False
onion,26,4181.0,Polur(Uzhavar Sandhai ),-0.7533,0.454,-233198.84251,66,M6,False
onion,26,4182.0,Arani(Uzhavar Sandhai ),-0.7383,0.463,-231978.658897,66,M6,False
onion,26,4183.0,Cheyyar(Uzhavar Sandhai ),-0.7448,0.4591,-296711.526851,66,M6,False
onion,26,4184.0,Chengam(Uzhavar Sandhai ),-0.8699,0.3876,-216347.30509,66,M6,False
onion,26,4185.0,Vandavasi(Uzhavar Sandhai ),-0.7417,0.462,-426168.529043,47,M6,False
onion,26,4186.0,Keelpennathur(Uzhavar Sandhai ),-0.8635,0.391,-156812.467281,66,M6,False
onion,26,4188.0,Anna nagar(Uzhavar Sandhai ),-1.3823,0.1716,-310744.376956,66,M6,False
onion,26,4191.0,Manapparai(Uzhavar Sandhai ),-1.6101,0.1122,-345646.914911,66,M6,False
onion,26,4192.0,Musiri(Uzhavar Sandhai ),-1.03,0.3068,-361903.350791,66,M6,False
onion,26,4194.0,Lalgudi(Uzhavar Sandhai ),-1.3323,0.1874,-300438.137764,66,M6,False
onion,26,4195.0,Manachanallur(Uzhavar Sandhai ),-1.3758,0.1736,-313525.934805,66,M6,False
onion,26,4197.0,Katpadi (Uzhavar Sandhai ),-0.6845,0.4961,-221537.004708,66,M6,False
onion,26,4198.0,Gudiyatham(Uzhavar Sandhai ),-0.8882,0.3777,-288655.354812,66,M6,False
onion,26,4199.0,Kahithapattarai(Uzhavar Sandhai ),-0.7216,0.4731,-248853.231767,66,M6,False
onion,26,4202.0,Gingee(Uzhavar Sandhai ),-0.8144,0.4184,-264918.322377,66,M6,False
onion,26,4203.0,Aruppukottai(Uzhavar Sandhai ),-0.9113,0.3655,-209184.833359,66,M6,False
onion,26,4204.0,Rajapalayam(Uzhavar Sandhai ),-1.1053,0.2731,-328780.057345,66,M6,False
onion,26,4205.0,Srivilliputhur(Uzhavar Sandhai ),-1.0932,0.2783,-219655.474323,66,M6,False
onion,26,4206.0,Virudhunagar(Uzhavar Sandhai ),-0.8588,0.3936,-330058.782452,66,M6,False
onion,26,4207.0,Sivakasi(Uzhavar Sandhai ),-0.973,0.3342,-316476.752428,66,M6,False
onion,26,4208.0,Sathur(Uzhavar Sandhai ),-1.0056,0.3183,-307903.06332,66,M6,False
onion,26,4209.0,Kariyapatti(Uzhavar Sandhai ),-1.1389,0.2589,-220020.082765,66,M6,False
onion,26,4210.0,Thalavaipuram(Uzhavar Sandhai ),-1.4001,0.1662,-340264.97861,66,M6,False
onion,26,4212.0,Myladi(Uzhavar Sandhai ),-1.3314,0.1877,-559862.581083,66,M6,False
onion,26,4213.0,Pallavaram(Uzhavar Sandhai ),-0.8982,0.3724,-202091.892275,66,M6,False
onion,26,4214.0,Chengalpet(Uzhavar Sandhai ),-0.9031,0.3698,-174701.334691,66,M6,False
onion,26,4215.0,Medavakkam(Uzhavar Sandhai ),-0.8226,0.4137,-320476.51419,66,M6,False
onion,26,4216.0,Nanganallur(Uzhavar Sandhai ),-0.8721,0.3863,-148047.752138,66,M6,False
onion,26,4217.0,Madhuranthagam(Uzhavar Sandhai ),,,-501855.613775,48,M6,False
onion,26,4219.0,Jameenrayapettai(Uzhavar Sandhai ),-0.8812,0.3815,-236747.761896,66,M6,False
onion,26,4220.0,Guduvancheri(Uzhavar Sandhai ),-0.475,0.6364,-173668.830598,66,M6,False
onion,26,4221.0,Thirukalukundram(Uzhavar Sandhai ),-1.5661,0.1222,-176606.271082,66,M6,False
onion,26,4222.0,Kallakurichi(Uzhavar Sandhai ),-1.0926,0.2786,-466309.104315,66,M6,False
onion,26,4224.0,Sankarapuram(Uzhavar Sandhai ),-0.9621,0.3395,-605747.916847,66,M6,False
onion,26,4225.0,Ranipettai(Uzhavar Sandhai ),-0.7528,0.4543,-229615.920082,66,M6,False
onion,26,4226.0,Arcot(Uzhavar Sandhai ),-0.762,0.4488,-218796.915876,66,M6,False
onion,26,4227.0,Sankarankoil(Uzhavar Sandhai ),-1.1039,0.2737,-212570.895258,66,M6,False
onion,26,4228.0,Tenkasi(Uzhavar Sandhai ),-0.6394,0.5248,-107207.121253,66,M6,False
onion,26,4229.0,Vaniyampadi(Uzhavar Sandhai ),-0.7633,0.4481,-238281.52516,66,M6,False
onion,26,4231.0,Natrampalli(Uzhavar Sandhai ),-0.7026,0.4848,-160193.109461,66,M6,False
onion,26,4234.0,Tiruppur (North) (Uzhavar Sandhai ),-0.6501,0.5179,-154460.286529,66,M6,False
onion,26,4235.0,Tiruppur (South) (Uzhavar Sandhai ),-0.6621,0.5103,-127037.138393,66,M6,False
onion,26,4236.0,Dharapuram(Uzhavar Sandhai ),-0.6266,0.5331,-194483.781156,66,M6,False
onion,26,4237.0,Kangayam(Uzhavar Sandhai ),-0.7819,0.4371,-138956.885031,66,M6,False
onion,26,4240.0,Balarampuram Market,-0.729,0.4684,-139207.316562,73,M6,False
onion,26,4398.0,Kakching Market APMC,0.3662,0.7157,161409.339068,53,M9,False
onion,26,4429.0,Badwani(F&V) APMC,-0.3287,0.7435,-47271.28941,62,M6,False
onion,26,4464.0,Hoshangabad(F&V) APMC,0.0797,0.937,5238.524449,35,M9,False
onion,26,4475.0,Kalapipal(F&V) APMC,-0.5319,0.5968,-215420.321601,60,M6,False
onion,26,4503.0,Manawar(F&V) APMC,,,56742.891094,37,M9,False
onion,26,4523.0,Petlawad(F&V) APMC,-0.7152,0.4782,-343987.965684,46,M6,False
onion,26,4524.0,Pipariya(F&V) APMC,-0.6908,0.4924,-343581.924453,61,M6,False
onion,26,4532.0,Sabalgarh(F&V) APMC,,,72367.495789,53,M9,False
onion,26,4533.0,Sailana(F&V) APMC,-0.5969,0.5528,-326934.287227,62,M6,False
onion,26,4534.0,Sanawad(F&V) APMC,-0.7435,0.4612,-488951.995001,44,M6,False
onion,26,4539.0,Sendhwa(F&V) APMC,1.0617,0.2925,132259.90485,62,M9,False
onion,26,4666.0,Rampurhat APMC,-0.6904,0.4924,-431346.275552,66,M6,False
onion,26,4681.0,Ayodhya APMC,-0.7086,0.4811,-127195.461947,66,M6,False
onion,26,4846.0,Karimangalam(Uzhavar Sandhai),-0.7485,0.4573,-981843.749422,58,M6,False
onion,26,4849.0,Pallikonda(Uzhavar Sandhai),-0.7835,0.4376,-689234.915401,44,M6,False
onion,26,4850.0,Perampet(Uzhavar Sandhai),,,-871845.914242,36,M6,False
onion,26,4851.0,Peravurani(Uzhavar Sandhai),-0.8002,0.428,-789439.882149,44,M6,False
onion,26,4852.0,Ponnamaravathi(Uzhavar Sandhai),,,-1029210.78318,37,M6,False
potato,1,303.0,Dehradoon APMC,0.574,0.5665,445.595119,248,M9,False
potato,1,319.0,Kashipur APMC,-1.3517,0.1777,-1238.11212,246,M6,False
potato,1,325.0,Kicchha APMC,3.0912,0.0023,1989.024228,218,M9,True
potato,1,326.0,Rudrapur APMC,2.0583,0.0406,2410.45335,243,M9,True
potato,1,328.0,Barasat APMC,4.1591,0.0,15402.111936,248,M9,True
potato,1,329.0,Bankura Sadar APMC,4.4986,0.0,10076.594721,248,M9,True
potato,1,330.0,Bolpur APMC,2.0092,0.0456,5111.731897,248,M9,True
potato,1,331.0,Kalna APMC,4.7718,0.0,15972.623173,248,M9,True
potato,1,332.0,Katwa APMC,2.3064,0.022,6930.358935,237,M9,True
potato,1,333.0,Coochbehar APMC,2.0368,0.0427,4432.56283,248,M9,True
potato,1,334.0,Pandua APMC,4.8209,0.0,14229.897325,248,M9,True
potato,1,335.0,Dhupguri APMC,3.8563,0.0001,10400.487213,248,M9,True
potato,1,336.0,Samsi APMC,1.9758,0.0493,5621.45084,248,M9,True
potato,1,337.0,English Bazar APMC,0.3006,0.764,637.606842,236,M9,False
potato,1,338.0,Tamluk (Medinipur E) APMC,4.1552,0.0,13683.555026,248,M9,True
potato,1,341.0,Karimpur APMC,3.6648,0.0003,14456.810883,248,M9,True
potato,1,342.0,Bethuadahari APMC,3.4239,0.0007,12315.237162,248,M9,True
potato,1,343.0,Islampur APMC,2.9818,0.0032,6706.269731,248,M9,True
potato,1,667.0,Rishikesh APMC,1.1421,0.2545,3087.72571,248,M9,False
potato,1,668.0,Vikasnagar APMC,2.3138,0.0215,2148.594048,248,M9,True
potato,1,669.0,Khateema APMC,1.476,0.1412,1076.309054,248,M9,False
potato,1,670.0,Burdwan APMC,4.7371,0.0,14381.94518,248,M9,True
potato,1,671.0,Medinipur(West) APMC,3.7221,0.0002,10152.666301,248,M9,True
potato,1,672.0,Birbhum APMC,3.0759,0.0023,7001.529129,248,M9,True
potato,1,673.0,Purulia APMC,3.7814,0.0002,8473.743776,232,M9,True
potato,1,674.0,Nadia APMC,4.2736,0.0,13951.584311,248,M9,True
potato,1,675.0,Jalpaiguri Sadar APMC,3.8933,0.0001,10227.947576,248,M9,True
potato,1,676.0,Alipurduar APMC,4.475,0.0,11761.793714,248,M9,True
potato,1,677.0,Kalimpong APMC,4.9629,0.0,52863.122726,234,M9,True
potato,1,799.0,Ramkrishanpur(Howrah) APMC,3.7598,0.0002,14929.517475,248,M9,True
potato,1,801.0,Bishnupur(Bankura) APMC,3.5845,0.0004,7184.231586,239,M9,True
potato,1,817.0,Dinhata APMC,3.5421,0.0005,6408.179772,248,M9,True
potato,1,819.0,Toofanganj APMC,3.1832,0.0016,6096.591164,248,M9,True
potato,1,820.0,Ghatal APMC,4.123,0.0001,11663.280299,248,M9,True
potato,1,821.0,Champadanga APMC,3.8918,0.0001,11882.0831,248,M9,True
potato,1,822.0,Jangipur APMC,3.1974,0.0016,9039.783152,248,M9,True
potato,1,1070.0,Haldwani APMC,0.933,0.3517,1056.299291,248,M9,False
potato,1,1071.0,Haridwar Union APMC,1.2496,0.2126,841.279763,248,M9,False
potato,1,1072.0,Ramnagar APMC,1.188,0.2361,5301.405553,230,M9,False
potato,1,1073.0,Roorkee APMC,-0.4226,0.673,-281.680992,248,M6,False
potato,1,1074.0,Kotadwara APMC,1.1692,0.2434,1946.368721,248,M9,False
potato,1,1077.0,Manglaur APMC,1.146,0.2529,1466.767737,248,M9,False
potato,1,1663.0,Sitarganj APMC,0.1609,0.8723,218.108237,248,M9,False
potato,1,1664.0,Jaspur(UC) APMC,0.0399,0.9682,52.342838,219,M9,False
potato,1,2265.0,Kandi APMC,4.2064,0.0,12012.065842,248,M9,True
potato,1,2266.0,Kalyani APMC,3.7658,0.0002,13531.367784,248,M9,True
potato,1,2269.0,Uluberia APMC,3.7301,0.0002,14763.269106,248,M9,True
potato,1,2270.0,Sheoraphuly APMC,3.8347,0.0002,12179.832442,248,M9,True
potato,1,2534.0,Mathabhanga APMC,2.9921,0.0031,5817.693113,236,M9,True
potato,1,2535.0,Haldibari APMC,3.4459,0.0007,7096.211344,236,M9,True
potato,1,2536.0,Belacoba APMC,3.7936,0.0002,10485.97007,248,M9,True
potato,1,2537.0,Siliguri APMC,5.0519,0.0,10638.412311,248,M9,True
potato,1,2894.0,Bara Bazar (Posta Bazar) APMC,3.4971,0.0006,12082.781267,248,M9,True
potato,1,2897.0,Habra APMC,3.9289,0.0001,17578.827439,248,M9,True
potato,1,2898.0,Khatra APMC,3.434,0.0007,6541.290666,248,M9,True
potato,1,2899.0,Durgapur APMC,4.9895,0.0,13243.498204,248,M9,True
potato,1,2900.0,Memari APMC,4.6991,0.0,14602.228734,248,M9,True
potato,1,2901.0,Pundibari APMC,1.9669,0.0503,4153.215695,248,M9,False
potato,1,2902.0,Gajol APMC,2.2974,0.0224,6407.660898,248,M9,True
potato,1,2903.0,Jhargram APMC,4.6067,0.0,10468.216118,248,M9,True
potato,1,2904.0,Beldanga APMC,2.9966,0.003,9255.842624,248,M9,True
potato,1,2905.0,Balarampur APMC,4.5769,0.0,12555.71084,248,M9,True
potato,1,3117.0,Asansol APMC,4.4811,0.0,13327.161746,248,M9,True
potato,1,3338.0,Bhagwanpur(Naveen Mandi Sthal) APMC,2.3015,0.0223,1393.984907,222,M9,True
potato,1,3339.0,Falakata APMC,3.8229,0.0002,10689.437133,233,M9,True
potato,1,3340.0,Moynaguri APMC,3.1578,0.0018,9246.355005,248,M9,True
potato,1,3341.0,Karsiyang(Matigara) APMC,4.9306,0.0,48443.174074,248,M9,True
potato,1,3344.0,Gangarampur(Dakshin Dinajpur) APMC,2.502,0.013,5870.394169,248,M9,True
potato,1,3345.0,Jiaganj APMC,2.6618,0.0083,8328.700862,248,M9,True
potato,1,3346.0,Diamond Harbour(South 24-pgs) APMC,3.4948,0.0006,13915.855817,248,M9,True
potato,1,3347.0,Kalipur APMC,4.6515,0.0,13576.002876,248,M9,True
potato,1,3348.0,Guskara APMC,2.846,0.0048,7580.063466,237,M9,True
potato,1,3349.0,Ranaghat APMC,4.3423,0.0,15196.820376,248,M9,True
potato,1,3350.0,Chakdah APMC,4.1039,0.0001,13621.5856,248,M9,True
potato,1,3351.0,Indus(Bankura Sadar) APMC,4.4331,0.0,9999.664026,248,M9,True
potato,1,3352.0,Garbeta(Medinipur) APMC,4.2906,0.0,11450.376526,248,M9,True
potato,1,3353.0,Kolaghat APMC,4.5038,0.0,14179.1088,248,M9,True
potato,1,3354.0,Kasipur APMC,4.662,0.0,10402.364863,248,M9,True
potato,1,3355.0,Sainthia APMC,3.9194,0.0001,8693.572202,248,M9,True
potato,1,4666.0,Rampurhat APMC,3.7931,0.0002,9100.360501,248,M9,True
potato,1,4667.0,Balurghat APMC,2.4389,0.0155,6688.93497,236,M9,True
potato,1,4670.0,Baxirhat APMC,2.9746,0.0032,5866.131139,236,M9,True
potato,1,4671.0,Mekhliganj APMC,3.5766,0.0004,6503.897302,248,M9,True
potato,4,303.0,Dehradoon APMC,2.5489,0.0114,7049.249711,245,M9,True
potato,4,319.0,Kashipur APMC,-0.2618,0.7937,-478.8626,243,M6,False
potato,4,325.0,Kicchha APMC,0.8983,0.37,1790.805782,212,M9,False
potato,4,326.0,Rudrapur APMC,-0.1866,0.8521,-678.03145,240,M6,False
potato,4,328.0,Barasat APMC,0.8424,0.4004,10297.331697,245,M9,False
potato,4,329.0,Bankura Sadar APMC,-0.9621,0.3369,-9620.14453,245,M6,False
potato,4,330.0,Bolpur APMC,1.273,0.2042,16599.464009,245,M9,False
potato,4,331.0,Kalna APMC,-0.6099,0.5425,-5218.519364,245,M6,False
potato,4,332.0,Katwa APMC,0.613,0.5405,7456.412112,231,M9,False
potato,4,333.0,Coochbehar APMC,-1.2323,0.219,-10987.820227,245,M6,False
potato,4,334.0,Pandua APMC,-0.551,0.5822,-5099.266724,245,M6,False
potato,4,335.0,Dhupguri APMC,-1.3543,0.1769,-14707.249641,245,M6,False
potato,4,336.0,Samsi APMC,-0.5403,0.5895,-7134.932525,245,M6,False
potato,4,337.0,English Bazar APMC,-0.2105,0.8335,-2621.445744,230,M6,False
potato,4,338.0,Tamluk (Medinipur E) APMC,1.3943,0.1645,19723.070275,245,M9,False
potato,4,341.0,Karimpur APMC,1.2743,0.2038,13007.697378,245,M9,False
potato,4,342.0,Bethuadahari APMC,0.9547,0.3407,18271.135721,245,M9,False
potato,4,343.0,Islampur APMC,-0.5121,0.609,-5383.30787,245,M6,False
potato,4,667.0,Rishikesh APMC,1.1751,0.2411,6759.550457,245,M9,False
potato,4,668.0,Vikasnagar APMC,1.1409,0.255,2368.96895,245,M9,False
potato,4,669.0,Khateema APMC,-1.2029,0.2302,-3571.379392,245,M6,False
potato,4,670.0,Burdwan APMC,0.2922,0.7704,3287.942394,245,M9,False
potato,4,671.0,Medinipur(West) APMC,-0.7205,0.4719,-6508.491884,245,M6,False
potato,4,672.0,Birbhum APMC,0.3756,0.7076,3506.420675,245,M9,False
potato,4,673.0,Purulia APMC,-0.7299,0.4662,-6054.222022,226,M6,False
potato,4,674.0,Nadia APMC,0.5504,0.5825,7503.89278,245,M9,False
potato,4,675.0,Jalpaiguri Sadar APMC,-1.3904,0.1657,-15851.131653,245,M6,False
potato,4,676.0,Alipurduar APMC,-1.4647,0.1443,-13984.294474,245,M6,False
potato,4,677.0,Kalimpong APMC,3.3876,0.0008,74930.171057,228,M9,True
potato,4,799.0,Ramkrishanpur(Howrah) APMC,0.9125,0.3624,14668.042801,245,M9,False
potato,4,801.0,Bishnupur(Bankura) APMC,-1.0608,0.2899,-9861.049489,233,M6,False
potato,4,817.0,Dinhata APMC,-0.8809,0.3792,-7905.007887,245,M6,False
potato,4,819.0,Toofanganj APMC,-0.9572,0.3394,-8586.851044,245,M6,False
potato,4,820.0,Ghatal APMC,-1.0446,0.2972,-10755.136138,245,M6,False
potato,4,821.0,Champadanga APMC,-0.1445,0.8852,-1601.192169,245,M6,False
potato,4,822.0,Jangipur APMC,0.3455,0.73,5875.640961,245,M9,False
potato,4,1070.0,Haldwani APMC,-0.2595,0.7955,-1037.847239,245,M6,False
potato,4,1071.0,Haridwar Union APMC,1.0754,0.2833,2326.381032,245,M9,False
potato,4,1072.0,Ramnagar APMC,-0.7529,0.4523,-3853.990322,224,M6,False
potato,4,1073.0,Roorkee APMC,0.8686,0.3859,3317.197082,245,M9,False
potato,4,1074.0,Kotadwara APMC,-0.7362,0.4623,-2858.506574,245,M6,False
potato,4,1077.0,Manglaur APMC,1.0079,0.3145,4402.936803,245,M9,False
potato,4,1663.0,Sitarganj APMC,-0.0182,0.9855,-43.785136,245,M6,False
potato,4,1664.0,Jaspur(UC) APMC,0.4899,0.6247,2184.670299,213,M9,False
potato,4,2265.0,Kandi APMC,-1.6098,0.1087,-19394.903083,245,M6,False
potato,4,2266.0,Kalyani APMC,1.2278,0.2207,13681.539979,245,M9,False
potato,4,2269.0,Uluberia APMC,1.0083,0.3143,13575.186903,245,M9,False
potato,4,2270.0,Sheoraphuly APMC,-0.3793,0.7048,-4228.483813,245,M6,False
potato,4,2534.0,Mathabhanga APMC,-0.6519,0.5151,-5375.099268,230,M6,False
potato,4,2535.0,Haldibari APMC,-0.8201,0.413,-6233.108659,230,M6,False
potato,4,2536.0,Belacoba APMC,-1.4831,0.1393,-15101.196842,245,M6,False
potato,4,2537.0,Siliguri APMC,-1.4207,0.1567,-11397.814475,245,M6,False
potato,4,2894.0,Bara Bazar (Posta Bazar) APMC,0.3858,0.7,4202.155341,245,M9,False
potato,4,2897.0,Habra APMC,-0.0733,0.9417,-930.415731,245,M6,False
potato,4,2898.0,Khatra APMC,-1.0403,0.2992,-9669.129786,245,M6,False
potato,4,2899.0,Durgapur APMC,-1.2398,0.2162,-12786.013775,245,M6,False
potato,4,2900.0,Memari APMC,-0.03,0.9761,-293.863156,245,M6,False
potato,4,2901.0,Pundibari APMC,-1.3912,0.1654,-11869.652873,245,M6,False
potato,4,2902.0,Gajol APMC,-1.0366,0.301,-11885.504621,245,M6,False
potato,4,2903.0,Jhargram APMC,0.4931,0.6224,5269.439473,245,M9,False
potato,4,2904.0,Beldanga APMC,-1.3342,0.1834,-17629.288342,245,M6,False
potato,4,2905.0,Balarampur APMC,-1.1424,0.2544,-11143.488486,245,M6,False
potato,4,3117.0,Asansol APMC,-0.6338,0.5268,-7545.931489,245,M6,False
potato,4,3338.0,Bhagwanpur(Naveen Mandi Sthal) APMC,-1.4172,0.1579,-2334.62833,213,M6,False
potato,4,3339.0,Falakata APMC,-1.144,0.2538,-13118.13517,227,M6,False
potato,4,3340.0,Moynaguri APMC,-1.2554,0.2105,-15640.335404,245,M6,False
potato,4,3341.0,Karsiyang(Matigara) APMC,3.2478,0.0013,69038.506406,245,M9,True
potato,4,3344.0,Gangarampur(Dakshin Dinajpur) APMC,-1.0479,0.2957,-14951.34825,245,M6,False
potato,4,3345.0,Jiaganj APMC,-0.1833,0.8547,-2272.934778,245,M6,False
potato,4,3346.0,Diamond Harbour(South 24-pgs) APMC,1.2254,0.2216,19523.581397,245,M9,False
potato,4,3347.0,Kalipur APMC,-0.4632,0.6436,-4789.20749,245,M6,False
potato,4,3348.0,Guskara APMC,0.9268,0.355,10515.767449,231,M9,False
potato,4,3349.0,Ranaghat APMC,0.5441,0.5869,7672.686833,245,M9,False
potato,4,3350.0,Chakdah APMC,0.5215,0.6025,7627.236118,245,M9,False
potato,4,3351.0,Indus(Bankura Sadar) APMC,-1.2016,0.2307,-12602.308729,245,M6,False
potato,4,3352.0,Garbeta(Medinipur) APMC,-1.2365,0.2175,-9378.313142,245,M6,False
potato,4,3353.0,Kolaghat APMC,1.1128,0.2669,15702.31345,245,M9,False
potato,4,3354.0,Kasipur APMC,-1.1389,0.2559,-9130.056292,245,M6,False
potato,4,3355.0,Sainthia APMC,-1.0009,0.3179,-9762.308282,245,M6,False
potato,4,4666.0,Rampurhat APMC,-1.1513,0.2507,-11529.327796,245,M6,False
potato,4,4667.0,Balurghat APMC,-1.337,0.1826,-22522.508035,230,M6,False
potato,4,4670.0,Baxirhat APMC,-1.1205,0.2637,-10108.172129,230,M6,False
potato,4,4671.0,Mekhliganj APMC,-0.8781,0.3808,-7100.61578,245,M6,False
potato,13,303.0,Dehradoon APMC,-0.0073,0.9942,-72.235203,236,M6,False
potato,13,319.0,Kashipur APMC,0.165,0.8691,1665.191953,234,M9,False
potato,13,325.0,Kicchha APMC,0.348,0.7282,6074.129006,194,M9,False
potato,13,326.0,Rudrapur APMC,-0.6177,0.5374,-14733.210161,231,M6,False
potato,13,328.0,Barasat APMC,0.0754,0.94,3993.493562,236,M9,False
potato,13,329.0,Bankura Sadar APMC,0.7199,0.4723,30835.279509,236,M9,False
potato,13,330.0,Bolpur APMC,-0.3917,0.6956,-19074.685163,236,M6,False
potato,13,331.0,Kalna APMC,0.4132,0.6798,20263.643724,236,M9,False
potato,13,332.0,Katwa APMC,-0.1842,0.854,-7491.196172,218,M6,False
potato,13,333.0,Coochbehar APMC,0.9229,0.357,39265.178059,236,M9,False
potato,13,334.0,Pandua APMC,0.5954,0.5522,32237.015805,236,M9,False
potato,13,335.0,Dhupguri APMC,0.8939,0.3723,43304.716978,236,M9,False
potato,13,336.0,Samsi APMC,0.5081,0.6118,24015.663058,236,M9,False
potato,13,337.0,English Bazar APMC,-0.0825,0.9343,-2759.54973,216,M6,False
potato,13,338.0,Tamluk (Medinipur E) APMC,0.4038,0.6867,25309.58186,236,M9,False
potato,13,341.0,Karimpur APMC,0.4112,0.6813,32579.550339,236,M9,False
potato,13,342.0,Bethuadahari APMC,0.297,0.7667,16948.12273,236,M9,False
potato,13,343.0,Islampur APMC,0.6781,0.4984,29926.34511,236,M9,False
potato,13,667.0,Rishikesh APMC,-1.5144,0.1313,-34593.560646,236,M6,False
potato,13,668.0,Vikasnagar APMC,-0.4985,0.6186,-3829.096805,236,M6,False
potato,13,669.0,Khateema APMC,-0.7226,0.4707,-10911.334087,236,M6,False
potato,13,670.0,Burdwan APMC,0.4683,0.64,24761.075895,236,M9,False
potato,13,671.0,Medinipur(West) APMC,0.5324,0.595,23162.366849,236,M9,False
potato,13,672.0,Birbhum APMC,-0.2835,0.777,-10854.650944,236,M6,False
potato,13,673.0,Purulia APMC,0.681,0.4966,27132.010696,208,M9,False
potato,13,674.0,Nadia APMC,0.4309,0.6669,28309.978425,236,M9,False
potato,13,675.0,Jalpaiguri Sadar APMC,0.8529,0.3946,39644.142816,236,M9,False
potato,13,676.0,Alipurduar APMC,0.641,0.5222,24919.863948,236,M9,False
potato,13,677.0,Kalimpong APMC,-1.0814,0.2807,-64706.611802,212,M6,False
potato,13,799.0,Ramkrishanpur(Howrah) APMC,0.167,0.8675,10121.177153,236,M9,False
potato,13,801.0,Bishnupur(Bankura) APMC,0.6819,0.496,30277.63117,222,M9,False
potato,13,817.0,Dinhata APMC,0.7747,0.4393,33191.406935,236,M9,False
potato,13,819.0,Toofanganj APMC,0.7551,0.451,32465.193057,236,M9,False
potato,13,820.0,Ghatal APMC,0.5749,0.5659,26244.740797,236,M9,False
potato,13,821.0,Champadanga APMC,0.505,0.6141,28828.077608,236,M9,False
potato,13,822.0,Jangipur APMC,-0.1484,0.8821,-7259.917648,236,M6,False
potato,13,1070.0,Haldwani APMC,-0.8721,0.384,-33813.795777,236,M6,False
potato,13,1071.0,Haridwar Union APMC,-0.1743,0.8618,-2822.966213,236,M6,False
potato,13,1072.0,Ramnagar APMC,0.1558,0.8764,5928.982535,206,M9,False
potato,13,1073.0,Roorkee APMC,1.6878,0.0928,13066.582803,236,M9,False
potato,13,1074.0,Kotadwara APMC,-0.2897,0.7723,-6400.758443,236,M6,False
potato,13,1077.0,Manglaur APMC,-0.3594,0.7196,-6944.036875,236,M6,False
potato,13,1663.0,Sitarganj APMC,-0.9826,0.3268,-16582.312908,236,M6,False
potato,13,1664.0,Jaspur(UC) APMC,0.0433,0.9655,798.423937,195,M9,False
potato,13,2265.0,Kandi APMC,0.6336,0.527,27714.848925,236,M9,False
potato,13,2266.0,Kalyani APMC,0.5557,0.5789,38091.083938,236,M9,False
potato,13,2269.0,Uluberia APMC,0.5548,0.5796,38177.247806,236,M9,False
potato,13,2270.0,Sheoraphuly APMC,0.5126,0.6087,30296.798689,236,M9,False
potato,13,2534.0,Mathabhanga APMC,0.9419,0.3473,46102.981021,216,M9,False
potato,13,2535.0,Haldibari APMC,0.8625,0.3894,42253.546878,216,M9,False
potato,13,2536.0,Belacoba APMC,0.8605,0.3904,41422.934626,236,M9,False
potato,13,2537.0,Siliguri APMC,0.5199,0.6036,21244.555686,236,M9,False
potato,13,2894.0,Bara Bazar (Posta Bazar) APMC,0.6044,0.5462,38862.99376,236,M9,False
potato,13,2897.0,Habra APMC,0.472,0.6373,29781.958999,236,M9,False
potato,13,2898.0,Khatra APMC,0.6752,0.5002,28024.376238,236,M9,False
potato,13,2899.0,Durgapur APMC,0.4694,0.6392,21219.473647,236,M9,False
potato,13,2900.0,Memari APMC,0.5749,0.5659,31362.053835,236,M9,False
potato,13,2901.0,Pundibari APMC,0.9084,0.3646,39199.706469,236,M9,False
potato,13,2902.0,Gajol APMC,0.8781,0.3808,36317.36036,236,M9,False
potato,13,2903.0,Jhargram APMC,1.0044,0.3162,50010.565749,236,M9,False
potato,13,2904.0,Beldanga APMC,0.3489,0.7274,16724.742656,236,M9,False
potato,13,2905.0,Balarampur APMC,0.6188,0.5367,26113.034811,236,M9,False
potato,13,3117.0,Asansol APMC,0.4167,0.6773,20657.438949,236,M9,False
potato,13,3338.0,Bhagwanpur(Naveen Mandi Sthal) APMC,0.1279,0.8984,1506.687113,192,M9,False
potato,13,3339.0,Falakata APMC,0.9572,0.3396,45451.743372,210,M9,False
potato,13,3340.0,Moynaguri APMC,0.8972,0.3705,43634.94015,236,M9,False
potato,13,3341.0,Karsiyang(Matigara) APMC,-0.2054,0.8374,-12729.31679,236,M6,False
potato,13,3344.0,Gangarampur(Dakshin Dinajpur) APMC,1.0466,0.2964,48659.303122,236,M9,False
potato,13,3345.0,Jiaganj APMC,0.0944,0.9249,5216.261213,236,M9,False
potato,13,3346.0,Diamond Harbour(South 24-pgs) APMC,0.542,0.5883,37795.501863,236,M9,False
potato,13,3347.0,Kalipur APMC,0.6461,0.5189,32736.206533,236,M9,False
potato,13,3348.0,Guskara APMC,0.1342,0.8934,5343.999289,218,M9,False
potato,13,3349.0,Ranaghat APMC,0.3508,0.726,20749.019317,236,M9,False
potato,13,3350.0,Chakdah APMC,0.4073,0.6842,23657.594247,236,M9,False
potato,13,3351.0,Indus(Bankura Sadar) APMC,0.826,0.4096,42772.792604,236,M9,False
potato,13,3352.0,Garbeta(Medinipur) APMC,0.7038,0.4822,33265.268367,236,M9,False
potato,13,3353.0,Kolaghat APMC,0.4898,0.6248,28979.525478,236,M9,False
potato,13,3354.0,Kasipur APMC,0.85,0.3962,43028.035393,236,M9,False
potato,13,3355.0,Sainthia APMC,0.7183,0.4733,22295.556194,236,M9,False
potato,13,4666.0,Rampurhat APMC,0.8355,0.4043,25736.76566,236,M9,False
potato,13,4667.0,Balurghat APMC,0.783,0.4345,39420.163187,216,M9,False
potato,13,4670.0,Baxirhat APMC,0.8023,0.4233,43069.334475,216,M9,False
potato,13,4671.0,Mekhliganj APMC,0.8742,0.3829,38274.029956,236,M9,False
potato,26,303.0,Dehradoon APMC,-1.0179,0.3098,-7607.918437,223,M6,False
potato,26,319.0,Kashipur APMC,0.6759,0.4998,7671.906463,221,M9,False
potato,26,325.0,Kicchha APMC,0.5827,0.5609,20547.902229,172,M9,False
potato,26,326.0,Rudrapur APMC,-0.3196,0.7496,-8534.208484,218,M6,False
potato,26,328.0,Barasat APMC,-1.3785,0.1694,-42070.465287,223,M6,False
potato,26,329.0,Bankura Sadar APMC,-0.8542,0.3939,-24861.040786,223,M6,False
potato,26,330.0,Bolpur APMC,0.2122,0.8322,3938.135696,223,M9,False
potato,26,331.0,Kalna APMC,-0.9343,0.3512,-17518.484762,223,M6,False
potato,26,332.0,Katwa APMC,-0.7573,0.4497,-15564.85071,205,M6,False
potato,26,333.0,Coochbehar APMC,-1.5278,0.128,-37259.450278,223,M6,False
potato,26,334.0,Pandua APMC,-0.8336,0.4054,-15408.979268,223,M6,False
potato,26,335.0,Dhupguri APMC,-0.9839,0.3262,-28871.162051,223,M6,False
potato,26,336.0,Samsi APMC,-2.094,0.0374,-44226.945968,223,M6,True
potato,26,337.0,English Bazar APMC,-0.9733,0.3316,-17815.746708,203,M6,False
potato,26,338.0,Tamluk (Medinipur E) APMC,-0.8042,0.4222,-20600.021332,223,M6,False
potato,26,341.0,Karimpur APMC,-1.4953,0.1363,-24209.836855,223,M6,False
potato,26,342.0,Bethuadahari APMC,-1.2644,0.2074,-21374.131605,223,M6,False
potato,26,343.0,Islampur APMC,-0.6742,0.5009,-24436.695121,223,M6,False
potato,26,667.0,Rishikesh APMC,0.3842,0.7012,7454.592522,223,M9,False
potato,26,668.0,Vikasnagar APMC,0.5163,0.6062,7705.887747,223,M9,False
potato,26,669.0,Khateema APMC,1.4177,0.1577,9850.405901,223,M9,False
potato,26,670.0,Burdwan APMC,-1.1057,0.2701,-15874.837271,223,M6,False
potato,26,671.0,Medinipur(West) APMC,-0.9186,0.3593,-18718.150165,223,M6,False
potato,26,672.0,Birbhum APMC,-0.5428,0.5878,-13015.200747,223,M6,False
potato,26,673.0,Purulia APMC,-1.2919,0.1978,-42530.269623,206,M6,False
potato,26,674.0,Nadia APMC,-1.657,0.0989,-39549.028396,223,M6,False
potato,26,675.0,Jalpaiguri Sadar APMC,-0.9276,0.3546,-28836.082316,223,M6,False
potato,26,676.0,Alipurduar APMC,-0.7957,0.427,-20421.445001,223,M6,False
potato,26,677.0,Kalimpong APMC,0.8301,0.4074,104289.9985,210,M9,False
potato,26,799.0,Ramkrishanpur(Howrah) APMC,-1.7997,0.0733,-35723.985583,223,M6,False
potato,26,801.0,Bishnupur(Bankura) APMC,-1.0339,0.3024,-29413.424447,209,M6,False
potato,26,817.0,Dinhata APMC,-1.0482,0.2957,-36524.033294,223,M6,False
potato,26,819.0,Toofanganj APMC,-1.0923,0.2759,-37219.929844,223,M6,False
potato,26,820.0,Ghatal APMC,-0.6245,0.5329,-16025.889188,223,M6,False
potato,26,821.0,Champadanga APMC,-1.6766,0.095,-28875.892649,223,M6,False
potato,26,822.0,Jangipur APMC,0.0176,0.986,633.867697,223,M9,False
potato,26,1070.0,Haldwani APMC,-0.421,0.6742,-7725.025914,223,M6,False
potato,26,1071.0,Haridwar Union APMC,-0.599,0.5498,-12745.337243,223,M6,False
potato,26,1072.0,Ramnagar APMC,0.3576,0.721,6018.049088,193,M9,False
potato,26,1073.0,Roorkee APMC,-0.0579,0.9538,-771.588301,223,M6,False
potato,26,1074.0,Kotadwara APMC,-0.0854,0.932,-1517.472311,223,M6,False
potato,26,1077.0,Manglaur APMC,0.3424,0.7324,4990.914903,223,M9,False
potato,26,1663.0,Sitarganj APMC,-0.4948,0.6212,-9633.331467,223,M6,False
potato,26,1664.0,Jaspur(UC) APMC,-0.4911,0.6239,-9829.108064,178,M6,False
potato,26,2265.0,Kandi APMC,-1.2067,0.2288,-36240.658876,223,M6,False
potato,26,2266.0,Kalyani APMC,-1.4293,0.1543,-25338.778902,223,M6,False
potato,26,2269.0,Uluberia APMC,-1.5507,0.1224,-37578.849433,223,M6,False
potato,26,2270.0,Sheoraphuly APMC,-1.5327,0.1268,-26932.427076,223,M6,False
potato,26,2534.0,Mathabhanga APMC,-1.9007,0.0588,-45338.627183,203,M6,False
potato,26,2535.0,Haldibari APMC,-1.6621,0.098,-47130.838742,203,M6,False
potato,26,2536.0,Belacoba APMC,-1.0938,0.2752,-30526.808622,223,M6,False
potato,26,2537.0,Siliguri APMC,-0.539,0.5904,-17744.246721,223,M6,False
potato,26,2894.0,Bara Bazar (Posta Bazar) APMC,-1.969,0.0502,-27224.117438,223,M6,False
potato,26,2897.0,Habra APMC,-1.4847,0.139,-32790.38724,223,M6,False
potato,26,2898.0,Khatra APMC,-0.7679,0.4433,-22493.157148,223,M6,False
potato,26,2899.0,Durgapur APMC,-0.0841,0.933,-2329.347983,223,M6,False
potato,26,2900.0,Memari APMC,-0.9275,0.3547,-17992.018221,223,M6,False
potato,26,2901.0,Pundibari APMC,-1.4373,0.152,-36339.164924,223,M6,False
potato,26,2902.0,Gajol APMC,-1.3441,0.1803,-41587.169884,223,M6,False
potato,26,2903.0,Jhargram APMC,-1.194,0.2337,-19268.552271,223,M6,False
potato,26,2904.0,Beldanga APMC,-0.4706,0.6384,-10464.909321,223,M6,False
potato,26,2905.0,Balarampur APMC,-1.1834,0.2379,-27412.243339,223,M6,False
potato,26,3117.0,Asansol APMC,-0.0846,0.9326,-1812.980209,223,M6,False
potato,26,3338.0,Bhagwanpur(Naveen Mandi Sthal) APMC,3.0342,0.0028,18084.71687,179,M9,True
potato,26,3339.0,Falakata APMC,-1.1957,0.2332,-43498.806345,197,M6,False
potato,26,3340.0,Moynaguri APMC,-1.0417,0.2987,-32506.567919,223,M6,False
potato,26,3341.0,Karsiyang(Matigara) APMC,0.8786,0.3806,60170.035774,223,M9,False
potato,26,3344.0,Gangarampur(Dakshin Dinajpur) APMC,-1.2889,0.1988,-36808.469808,223,M6,False
potato,26,3345.0,Jiaganj APMC,0.288,0.7736,5250.237347,223,M9,False
potato,26,3346.0,Diamond Harbour(South 24-pgs) APMC,-1.2464,0.2139,-25701.408122,223,M6,False
potato,26,3347.0,Kalipur APMC,-0.4037,0.6868,-5285.546579,223,M6,False
potato,26,3348.0,Guskara APMC,-0.1597,0.8732,-2729.493286,205,M6,False
potato,26,3349.0,Ranaghat APMC,-1.3461,0.1797,-19733.061297,223,M6,False
potato,26,3350.0,Chakdah APMC,-1.5827,0.1149,-29024.745268,223,M6,False
potato,26,3351.0,Indus(Bankura Sadar) APMC,-0.8552,0.3934,-21410.201107,223,M6,False
potato,26,3352.0,Garbeta(Medinipur) APMC,-0.576,0.5652,-17488.994355,223,M6,False
potato,26,3353.0,Kolaghat APMC,-0.5258,0.5996,-13515.838996,223,M6,False
potato,26,3354.0,Kasipur APMC,-0.8927,0.373,-24861.141823,223,M6,False
potato,26,3355.0,Sainthia APMC,-0.7939,0.4281,-27060.65913,223,M6,False
potato,26,4666.0,Rampurhat APMC,-0.584,0.5598,-23308.317752,223,M6,False
potato,26,4667.0,Balurghat APMC,-0.707,0.4804,-30355.501049,203,M6,False
potato,26,4670.0,Baxirhat APMC,-1.7762,0.0772,-53089.346999,203,M6,False
potato,26,4671.0,Mekhliganj APMC,-0.8036,0.4225,-31891.926689,223,M6,False
