crop,horizon_weeks,market_id,market,DM_stat,p_value,mean_d,n,better_model,significant_5pct
tomato,1,2.0,Mahboob Manison APMC,1.8712,0.0627,58938.439995,216,M7,False
tomato,1,9.0,Shadnagar APMC,-0.481,0.631,-5885.256818,247,M6,False
tomato,1,19.0,Warangal APMC,0.1643,0.8697,1844.757478,222,M7,False
tomato,1,43.0,Chandigarh (Grain/F&V) APMC,0.1142,0.9092,4951.354942,245,M7,False
tomato,1,54.0,Bharuch APMC,2.132,0.0349,14942.265448,128,M7,True
tomato,1,57.0,Nadiad APMC,-0.0395,0.9685,-492.322687,158,M6,False
tomato,1,62.0,Morbi APMC,1.1679,0.244,26721.325337,247,M7,False
tomato,1,64.0,Surat APMC,1.1031,0.2711,19736.43845,247,M7,False
tomato,1,66.0,Ahmedabad APMC,1.3082,0.192,38329.652649,247,M7,False
tomato,1,69.0,PMY Kangra,-0.6816,0.4961,-16706.83675,247,M6,False
tomato,1,70.0,PMY Kullu,0.7608,0.4475,13890.353178,247,M7,False
tomato,1,71.0,PMY Paonta Sahib,1.3662,0.1731,30695.994827,247,M7,False
tomato,1,72.0,PMY Kather Solan,1.1911,0.2349,23040.300318,217,M7,False
tomato,1,75.0,Fatehabad APMC,-0.1133,0.9099,-1156.79497,220,M6,False
tomato,1,79.0,Narwana APMC,0.487,0.6267,8939.009743,247,M7,False
tomato,1,80.0,Safidon APMC,1.5656,0.1187,17269.688604,247,M7,False
tomato,1,85.0,Ladwa APMC,1.288,0.199,18967.278945,247,M7,False
tomato,1,86.0,Pehowa APMC,2.098,0.0369,12281.294815,247,M7,True
tomato,1,87.0,Thanesar APMC,1.6451,0.1012,40208.37148,246,M7,False
tomato,1,89.0,Shahabad APMC,0.8827,0.3783,13819.403273,247,M7,False
tomato,1,92.0,kalanwali APMC,-0.0502,0.96,-774.465791,212,M6,False
tomato,1,97.0,Parimpore Srinagar (F&V),-1.2394,0.2164,-24356.358494,247,M6,False
tomato,1,98.0,Udhampur (F&V),1.0737,0.284,21450.938781,247,M7,False
tomato,1,100.0,"Binny Mill (F&V), Bengaluru APMC",1.7942,0.074,54601.434785,247,M7,False
tomato,1,106.0,Davangere APMC,0.8013,0.4238,15644.276282,247,M7,False
tomato,1,112.0,Kolar APMC,1.4709,0.1426,25502.57905,247,M7,False
tomato,1,115.0,Mysuru APMC,1.7908,0.0745,39580.224169,247,M7,False
tomato,1,125.0,Ernakulam Market,-0.1981,0.8431,-3273.703445,246,M6,False
tomato,1,126.0,Aluva Market,2.2763,0.0237,97368.912321,247,M7,True
tomato,1,128.0,Thalasserry Market,0.0765,0.9391,2161.295269,116,M7,False
tomato,1,131.0,Kollam Market,2.8739,0.0044,160941.890086,247,M7,True
tomato,1,132.0,Kottayam Market,1.5852,0.1142,63430.610451,247,M7,False
tomato,1,134.0,Manjeri Market,1.8802,0.0613,64187.906651,247,M7,False
tomato,1,135.0,Palakkad Market,1.4673,0.1436,61588.251403,247,M7,False
tomato,1,136.0,Koduvayoor Market,-1.0434,0.2978,-23079.502254,247,M6,False
tomato,1,139.0,Thrissur Market,-1.1408,0.2551,-26678.683338,247,M6,False
tomato,1,140.0,Kodungalloor Market,0.3662,0.7145,18222.202538,235,M7,False
tomato,1,145.0,Ahilyanagar APMC,1.3818,0.1683,14992.009717,247,M7,False
tomato,1,151.0,Jalgaon APMC,1.2347,0.2181,16801.198407,247,M7,False
tomato,1,152.0,Kolhapur APMC,1.7516,0.0811,20398.973843,247,M7,False
tomato,1,154.0,Mumbai APMC,1.2453,0.2142,32090.318628,247,M7,False
tomato,1,155.0,Nagpur APMC,1.6257,0.1053,50314.200272,247,M7,False
tomato,1,160.0,Nasik APMC,1.4488,0.1487,28078.710292,247,M7,False
tomato,1,162.0,Pimpalgaon Baswant APMC,0.9921,0.3222,22289.359225,237,M7,False
tomato,1,164.0,Pune APMC,1.6428,0.1017,19861.407171,247,M7,False
tomato,1,168.0,SHRI.SIDDHESHWAR APMC,1.3331,0.1837,11773.551631,247,M7,False
tomato,1,173.0,Bhopal(F&V) APMC,1.3626,0.175,12651.03643,153,M7,False
tomato,1,179.0,Indore(F&V) APMC,0.8172,0.415,8819.620266,170,M7,False
tomato,1,184.0,Rajnandgaon APMC,0.6839,0.4947,9857.463225,247,M7,False
tomato,1,198.0,Attabira APMC,0.5242,0.6006,9136.249463,223,M7,False
tomato,1,199.0,Bargarh APMC,0.5727,0.5674,13963.620022,247,M7,False
tomato,1,200.0,Bhadrak APMC,1.835,0.0682,71936.578147,179,M7,False
tomato,1,202.0,Kantabaji APMC,1.4163,0.158,23955.341484,245,M7,False
tomato,1,203.0,Kendrapara APMC,2.8793,0.0043,131316.760353,247,M7,True
tomato,1,206.0,Kesinga APMC,2.6118,0.0096,161326.875211,247,M7,True
tomato,1,207.0,Bhawanipatna APMC,1.8552,0.065,64147.300577,211,M7,False
tomato,1,214.0,Rayagada APMC,1.4105,0.1601,66897.175571,183,M7,False
tomato,1,216.0,Tarantaran APMC,-0.4003,0.6893,-6838.741785,236,M6,False
tomato,1,218.0,Fazilka APMC,-1.2543,0.2109,-9765.15056,247,M6,False
tomato,1,219.0,Jalalabad APMC,-0.3394,0.7346,-4414.660877,247,M6,False
tomato,1,226.0,Khanna APMC,-0.2732,0.7849,-2636.518468,247,M6,False
tomato,1,227.0,Jagraon APMC,-0.37,0.7118,-4884.117036,167,M6,False
tomato,1,228.0,Baghapurana APMC,-0.8307,0.407,-9902.925307,236,M6,False
tomato,1,230.0,Muktsar APMC,0.5059,0.6135,15601.916934,193,M7,False
tomato,1,231.0,Malout APMC,-0.5236,0.601,-12371.191913,247,M6,False
tomato,1,233.0,Patran APMC,0.3356,0.7374,4745.696466,247,M7,False
tomato,1,234.0,Samana APMC,-0.979,0.3286,-10627.855495,230,M6,False
tomato,1,235.0,Nabha APMC,0.3055,0.7603,9802.11344,220,M7,False
tomato,1,236.0,Barnala APMC,-0.963,0.3368,-22574.24114,181,M6,False
tomato,1,237.0,Dhuri APMC,-1.5395,0.1251,-11447.22306,220,M6,False
tomato,1,238.0,Malerkotla APMC,-0.6469,0.5185,-5001.036866,181,M6,False
tomato,1,239.0,Sunam APMC,0.1651,0.8691,1215.076731,212,M7,False
tomato,1,240.0,Bhawanigarh APMC,-1.0517,0.294,-14149.414687,247,M6,False
tomato,1,244.0,Alwar APMC,2.255,0.029,66722.078376,46,M7,True
tomato,1,247.0,Baran APMC,-3.1445,0.0021,-8966.241363,123,M6,True
tomato,1,250.0,Bhilwara APMC,-0.5244,0.6005,-11702.561208,247,M6,False
tomato,1,261.0,Jaipur (F&V) APMC,0.8358,0.4041,21267.039517,236,M7,False
tomato,1,266.0,Jodhpur (F&V) APMC,0.3359,0.7387,4661.833039,41,M7,False
tomato,1,292.0,Ulundurpettai APMC,0.8011,0.4247,20975.980538,118,M7,False
tomato,1,295.0,Bishalgarh APMC,3.3977,0.0008,250671.54222,222,M7,True
tomato,1,296.0,Teliamura APMC,-1.4466,0.1493,-17198.313775,238,M6,False
tomato,1,297.0,Agra APMC,-0.0299,0.9762,-428.87633,247,M6,False
tomato,1,298.0,Prayagraj APMC,-0.2657,0.7907,-2229.794319,247,M6,False
tomato,1,299.0,Bahraich APMC,1.0608,0.2898,16868.622779,247,M7,False
tomato,1,300.0,Ballia APMC,0.1468,0.8834,2307.538078,233,M7,False
tomato,1,301.0,Barabanki APMC,1.1336,0.2581,16368.865512,247,M7,False
tomato,1,302.0,Bareilly APMC,-0.8723,0.3839,-14318.991555,247,M6,False
tomato,1,303.0,Dehradoon APMC,-0.0415,0.9669,-419.594607,225,M6,False
tomato,1,305.0,Farukhabad APMC,0.6046,0.5461,7162.442979,227,M7,False
tomato,1,306.0,Ghaziabad APMC,0.4261,0.6704,4004.679825,233,M7,False
tomato,1,307.0,Gorakhpur APMC,0.6809,0.4965,10185.44689,247,M7,False
tomato,1,308.0,Hardoi APMC,0.1125,0.9106,1342.335462,233,M7,False
tomato,1,309.0,Etawah APMC,1.3804,0.1687,13042.741045,247,M7,False
tomato,1,310.0,Jaunpur APMC,0.2807,0.7791,3946.403693,247,M7,False
tomato,1,311.0,Kanpur(Grain) APMC,0.5732,0.567,8431.324316,247,M7,False
tomato,1,313.0,Lakhimpur APMC,0.6922,0.4894,10579.566829,247,M7,False
tomato,1,314.0,Lalitpur APMC,0.6961,0.4871,8828.632706,221,M7,False
tomato,1,315.0,Lucknow APMC,0.897,0.3706,14206.411377,247,M7,False
tomato,1,316.0,Mainpuri APMC,0.2457,0.8062,2832.792839,209,M7,False
tomato,1,317.0,Meerut APMC,-0.1559,0.8762,-2025.92849,233,M6,False
tomato,1,318.0,Muradabad APMC,-0.5816,0.5614,-7257.444087,235,M6,False
tomato,1,319.0,Kashipur APMC,-0.5005,0.6172,-4403.154359,245,M6,False
tomato,1,320.0,Pilibhit APMC,-0.2601,0.795,-3480.452737,247,M6,False
tomato,1,321.0,Saharanpur APMC,-0.9229,0.357,-8398.46604,232,M6,False
tomato,1,322.0,Shahjahanpur APMC,-0.2486,0.8039,-3461.433885,232,M6,False
tomato,1,324.0,Sitapur APMC,0.2948,0.7684,3749.065763,237,M7,False
tomato,1,326.0,Rudrapur APMC,1.4808,0.14,33658.945336,242,M7,False
tomato,1,328.0,Barasat APMC,2.0768,0.0389,56797.233493,247,M7,True
tomato,1,331.0,Kalna APMC,1.9557,0.0516,65798.955715,247,M7,False
tomato,1,333.0,Coochbehar APMC,1.048,0.2957,30133.124705,247,M7,False
tomato,1,334.0,Pandua APMC,1.5843,0.1144,45250.723427,247,M7,False
tomato,1,382.0,Dhing APMC,0.7946,0.429,10040.914217,90,M7,False
tomato,1,406.0,Durg APMC,-0.6974,0.4862,-9252.229399,247,M6,False
tomato,1,414.0,Raigarh APMC,0.8214,0.4122,22267.802438,247,M7,False
tomato,1,423.0,APMC Keshopur,1.2002,0.2312,52010.591081,247,M7,False
tomato,1,424.0,APMC Shahdara,-0.8718,0.3844,-22890.982827,199,M6,False
tomato,1,434.0,Ankleshwar APMC,1.2643,0.2073,19893.993992,247,M7,False
tomato,1,450.0,Vadhvan APMC,1.3264,0.1859,34408.809477,247,M7,False
tomato,1,452.0,Panipat APMC,1.7137,0.0878,13391.746224,247,M7,False
tomato,1,454.0,Sonepat APMC,0.6378,0.5242,7075.822135,246,M7,False
tomato,1,455.0,Rohtak APMC,2.2446,0.0257,36970.082119,243,M7,True
tomato,1,456.0,Jhajjar APMC,0.6567,0.512,17559.953254,247,M7,False
tomato,1,457.0,Rewari APMC,0.6435,0.5205,8980.950035,247,M7,False
tomato,1,459.0,Gurgaon APMC,0.9528,0.3416,9154.355317,247,M7,False
tomato,1,462.0,PMY Una,0.8085,0.4196,27877.89503,247,M7,False
tomato,1,463.0,PMY Chamba,0.5832,0.5603,18253.659575,247,M7,False
tomato,1,464.0,PMY Bilaspur,-0.0588,0.9532,-917.456819,247,M6,False
tomato,1,465.0,SMY Dhanotu,-0.0902,0.9282,-1265.598162,247,M6,False
tomato,1,466.0,PMY Hamirpur,1.6508,0.1001,65670.60838,247,M7,False
tomato,1,467.0,PMY Dhalli Shimla,0.2451,0.8066,4565.974747,247,M7,False
tomato,1,468.0,SMY Palampur,0.8424,0.4004,14061.823654,247,M7,False
tomato,1,471.0,SMY Bhuntar,1.3916,0.1653,17366.794802,247,M7,False
tomato,1,472.0,Narwal Jammu (F&V),1.2412,0.2157,31575.101041,247,M7,False
tomato,1,489.0,Doddaballapur APMC,1.7769,0.077,36395.921298,221,M7,False
tomato,1,491.0,Srinivasapur APMC,1.383,0.1681,30147.579547,213,M7,False
tomato,1,492.0,Gauribidanur APMC,0.8484,0.3971,9964.634229,222,M7,False
tomato,1,497.0,Gundlupet APMC,1.4071,0.1607,34363.667762,247,M7,False
tomato,1,499.0,K.R. Pet APMC,0.9996,0.3185,7931.596461,247,M7,False
tomato,1,515.0,Palayam Market,1.0779,0.2822,17688.503021,236,M7,False
tomato,1,530.0,Morena APMC,-0.2417,0.8094,-3533.462677,144,M6,False
tomato,1,555.0,Pandharpur APMC,2.5675,0.0109,37280.387686,216,M7,True
tomato,1,557.0,Chattrapati Sambhajinagar APMC,1.8862,0.0604,48988.830911,247,M7,False
tomato,1,591.0,Koraput APMC,0.7556,0.4508,8678.379191,212,M7,False
tomato,1,592.0,Baripada APMC,2.5345,0.0119,99044.968012,247,M7,True
tomato,1,593.0,Padampur APMC,-0.0671,0.9466,-6781.283672,174,M6,False
tomato,1,594.0,Khariar Road APMC,2.5329,0.0119,135007.422146,247,M7,True
tomato,1,595.0,Bolangir APMC,2.4933,0.0136,121018.468605,180,M7,True
tomato,1,598.0,Patti APMC,0.3213,0.7483,8640.03622,234,M7,False
tomato,1,600.0,Gurdaspur APMC,-0.9339,0.3516,-11267.671145,187,M6,False
tomato,1,603.0,Bathinda APMC,-0.2479,0.8044,-3882.786363,247,M6,False
tomato,1,605.0,Raman APMC,-0.2776,0.7816,-3747.66871,247,M6,False
tomato,1,606.0,Faridkot APMC,0.3403,0.7341,8533.159302,174,M7,False
tomato,1,608.0,Firozepur City APMC,0.7382,0.4611,26435.016173,231,M7,False
tomato,1,613.0,Samrala APMC,2.3109,0.0218,31864.247459,217,M7,True
tomato,1,614.0,Phagwara APMC,-1.1731,0.242,-12332.74771,228,M6,False
tomato,1,615.0,Budalada APMC,-0.2809,0.779,-4512.047682,247,M6,False
tomato,1,617.0,Giddarbaha APMC,-0.5696,0.5696,-11020.36803,215,M6,False
tomato,1,619.0,Dudhansadhan APMC,0.7359,0.4625,9238.391037,247,M7,False
tomato,1,621.0,Ropar APMC,2.1741,0.0353,97207.448112,44,M7,True
tomato,1,627.0,Churu APMC,1.5199,0.1298,16192.179585,247,M7,False
tomato,1,631.0,Jalore APMC,1.5259,0.1283,19299.247715,247,M7,False
tomato,1,636.0,Jhunjhunu APMC,1.5763,0.1166,25471.132533,200,M7,False
tomato,1,638.0,Sikar APMC,0.9962,0.3201,11806.038091,247,M7,False
tomato,1,642.0,Abu Road APMC,-0.733,0.4642,-6294.059071,247,M6,False
tomato,1,647.0,Buland Shahr APMC,-0.4375,0.6621,-4158.532948,247,M6,False
tomato,1,649.0,Baraut APMC,0.9779,0.3291,7019.529738,234,M7,False
tomato,1,650.0,Shamli APMC,0.0083,0.9934,87.995382,237,M7,False
tomato,1,651.0,Khatauli APMC,-0.58,0.5626,-6590.898692,192,M6,False
tomato,1,652.0,Etah APMC,-1.4371,0.152,-13983.160911,247,M6,False
tomato,1,653.0,Mathura APMC,0.5997,0.5493,7266.611192,247,M7,False
tomato,1,654.0,Rampur APMC,-0.9404,0.3481,-13108.230265,219,M6,False
tomato,1,655.0,Badayoun APMC,-0.4669,0.641,-5994.117073,247,M6,False
tomato,1,656.0,Chandausi APMC,-0.1191,0.9053,-1451.990358,247,M6,False
tomato,1,657.0,Raibareilly APMC,0.9967,0.3199,14023.658803,247,M7,False
tomato,1,658.0,Gonda APMC,0.415,0.6785,8043.146135,247,M7,False
tomato,1,659.0,Sultanpur APMC,0.6676,0.5051,10112.591156,232,M7,False
tomato,1,660.0,Pratapgarh APMC,0.9056,0.366,13247.755136,247,M7,False
tomato,1,661.0,Devariya APMC,0.3422,0.7325,4304.038865,222,M7,False
tomato,1,662.0,Basti APMC,0.8536,0.3942,11284.83465,247,M7,False
tomato,1,663.0,Azamgarh APMC,-0.0666,0.947,-1126.483021,247,M6,False
tomato,1,664.0,Mirzapur APMC,-0.1788,0.8583,-2387.317741,224,M6,False
tomato,1,666.0,Jhansi APMC,1.8295,0.0686,21386.755025,237,M7,False
tomato,1,667.0,Rishikesh APMC,1.2615,0.2083,21839.334727,247,M7,False
tomato,1,668.0,Vikasnagar APMC,1.238,0.2169,12670.9163,247,M7,False
tomato,1,669.0,Khateema APMC,0.6708,0.503,6783.534791,247,M7,False
tomato,1,670.0,Burdwan APMC,1.9781,0.049,59391.907493,247,M7,True
tomato,1,671.0,Medinipur(West) APMC,1.2104,0.2273,33715.742791,247,M7,False
tomato,1,672.0,Birbhum APMC,2.0572,0.0407,94457.40335,247,M7,True
tomato,1,675.0,Jalpaiguri Sadar APMC,-0.5117,0.6094,-10960.883767,219,M6,False
tomato,1,676.0,Alipurduar APMC,2.0457,0.0419,75736.680861,247,M7,True
tomato,1,681.0,Vadaseri APMC,0.6984,0.4863,26368.744109,118,M7,False
tomato,1,682.0,Muzzafarnagar APMC,0.4589,0.6468,4188.590688,228,M7,False
tomato,1,683.0,Panisagar APMC,0.903,0.3675,18450.333894,234,M7,False
tomato,1,690.0,Channapatna APMC,0.9273,0.3552,34311.420253,161,M7,False
tomato,1,707.0,Chamarajanagar APMC,1.5381,0.1253,21136.879534,247,M7,False
tomato,1,709.0,Chikkamagaluru APMC,1.6953,0.0913,35634.145525,247,M7,False
tomato,1,728.0,Kalaburagi APMC,1.6246,0.1055,27254.395848,247,M7,False
tomato,1,735.0,Hassan APMC,1.5104,0.1325,46716.550982,210,M7,False
tomato,1,742.0,Chickkaballapura APMC,2.1973,0.0289,34232.016291,247,M7,True
tomato,1,743.0,Chintamani APMC,1.6081,0.1091,21410.287338,247,M7,False
tomato,1,744.0,Bangarpet APMC,0.2737,0.7846,5328.417198,221,M7,False
tomato,1,745.0,Ramanagara APMC,1.7327,0.0844,54178.789711,247,M7,False
tomato,1,753.0,Shimoga APMC,1.6453,0.1012,32121.424282,247,M7,False
tomato,1,793.0,Lalru APMC,1.6562,0.099,23035.008147,247,M7,False
tomato,1,794.0,Morinda APMC,0.2571,0.7974,4072.91998,182,M7,False
tomato,1,795.0,Fatehpur APMC,-0.2431,0.8081,-2822.545143,247,M6,False
tomato,1,796.0,Auraiya APMC,0.9388,0.3487,10391.700252,247,M7,False
tomato,1,797.0,Mahoba APMC,1.2059,0.2292,22089.88657,212,M7,False
tomato,1,799.0,Ramkrishanpur(Howrah) APMC,1.7594,0.0797,54485.348444,247,M7,False
tomato,1,813.0,Sangamner APMC,0.5281,0.5979,7677.947681,235,M7,False
tomato,1,816.0,Firozabad APMC,-0.3399,0.7342,-3585.450538,247,M6,False
tomato,1,820.0,Ghatal APMC,-0.7223,0.4714,-13380.909541,138,M6,False
tomato,1,821.0,Champadanga APMC,1.6568,0.0988,55816.393841,247,M7,False
tomato,1,823.0,Udupi APMC,0.5325,0.595,22138.66658,183,M7,False
tomato,1,892.0,Ibrahimputnam APMC,-0.2028,0.8395,-3510.187751,219,M6,False
tomato,1,987.0,Pattikonda APMC,0.5752,0.5659,9564.375264,175,M7,False
tomato,1,1048.0,Venkateswarnagar APMC,1.5518,0.122,14853.951266,238,M7,False
tomato,1,1061.0,Udumalpet APMC,0.7936,0.429,21937.067346,118,M7,False
tomato,1,1070.0,Haldwani APMC,1.5912,0.1128,18523.181925,247,M7,False
tomato,1,1071.0,Haridwar Union APMC,-0.3816,0.7031,-3959.440297,247,M6,False
tomato,1,1072.0,Ramnagar APMC,-1.2192,0.224,-22995.860345,230,M6,False
tomato,1,1073.0,Roorkee APMC,0.6523,0.5148,2913.508134,247,M7,False
tomato,1,1074.0,Kotadwara APMC,-2.1966,0.029,-21533.913321,247,M6,True
tomato,1,1077.0,Manglaur APMC,-0.0598,0.9524,-696.162748,247,M6,False
tomato,1,1078.0,Gudimalkapur APMC,0.7338,0.4638,6038.542781,247,M7,False
tomato,1,1079.0,Gohana APMC,-0.8226,0.4116,-8911.906816,247,M6,False
tomato,1,1081.0,Thodupuzha Market,1.7092,0.0887,93734.297839,247,M7,False
tomato,1,1108.0,Ambala Cantt. APMC,-0.8702,0.3852,-11719.175949,215,M6,False
tomato,1,1110.0,Ballabhgarh APMC,1.1016,0.2717,20004.986392,247,M7,False
tomato,1,1111.0,Sohna APMC,0.2916,0.7709,4024.629241,247,M7,False
tomato,1,1113.0,Mohindergarh APMC,1.6041,0.1101,27478.83835,230,M7,False
tomato,1,1124.0,Bahadajholla APMC,-0.2439,0.8076,-3803.781299,210,M6,False
tomato,1,1125.0,Panposh APMC,1.1533,0.25,36692.924779,228,M7,False
tomato,1,1128.0,Sirhind APMC,-0.3491,0.7273,-4790.666374,247,M6,False
tomato,1,1130.0,Mansa APMC,0.8765,0.3816,13275.083293,247,M7,False
tomato,1,1132.0,Madanganj Kishangarh APMC,-0.8553,0.3934,-11985.029129,200,M6,False
tomato,1,1138.0,Bijnaur APMC,0.3655,0.7151,4612.202538,234,M7,False
tomato,1,1139.0,Kasganj APMC,-1.1714,0.2426,-10798.342463,247,M6,False
tomato,1,1140.0,Amroha APMC,-0.3691,0.7124,-4785.814408,235,M6,False
tomato,1,1141.0,Pukharayan APMC,0.2714,0.7863,2953.130278,247,M7,False
tomato,1,1142.0,Kosikalan APMC,0.2913,0.7711,2699.689454,247,M7,False
tomato,1,1143.0,Unnao APMC,0.8207,0.4126,10730.781478,247,M7,False
tomato,1,1147.0,Padra APMC,1.0311,0.3035,22747.857299,247,M7,False
tomato,1,1202.0,Sangareddy APMC,-0.5863,0.5585,-7984.806962,167,M6,False
tomato,1,1204.0,Jharsuguda APMC,0.8458,0.4039,28950.694801,33,M7,False
tomato,1,1214.0,Tindivanam APMC,-0.6056,0.5459,-16190.018665,118,M6,False
tomato,1,1273.0,Navsari APMC,-0.9196,0.3591,-23595.468515,167,M6,False
tomato,1,1275.0,Kapadvanj APMC,1.4626,0.1449,28270.340775,247,M7,False
tomato,1,1287.0,Shrirampur APMC,0.3276,0.7435,8100.883318,247,M7,False
tomato,1,1290.0,Bhusaval APMC,0.5802,0.5623,11216.035955,247,M7,False
tomato,1,1304.0,Vadgaonpeth APMC,1.8928,0.0596,26976.060325,247,M7,False
tomato,1,1308.0,Islampur APMC,0.9497,0.3432,15297.704244,247,M7,False
tomato,1,1310.0,Karad APMC,1.4041,0.1616,26821.232833,247,M7,False
tomato,1,1312.0,Phaltan APMC,0.9351,0.3506,8287.884978,247,M7,False
tomato,1,1313.0,Satara APMC,0.6406,0.5224,8042.49648,247,M7,False
tomato,1,1315.0,Vai APMC,-0.4586,0.6469,-7642.737519,247,M6,False
tomato,1,1318.0,Mangal Wedha APMC,1.4854,0.1387,25469.012278,247,M7,False
tomato,1,1355.0,Kalmeshwar APMC,1.4326,0.1532,35387.187748,247,M7,False
tomato,1,1372.0,Bijaynagar APMC,1.1014,0.2719,8158.122094,226,M7,False
tomato,1,1377.0,Bayana APMC,-0.1097,0.9127,-811.049862,195,M6,False
tomato,1,1385.0,Sujangarh APMC,-2.3426,0.0199,-8367.604275,247,M6,True
tomato,1,1386.0,Bhadara APMC,-1.7413,0.0829,-18735.457925,247,M6,False
tomato,1,1387.0,Goluwala APMC,-0.6291,0.5298,-11074.988791,247,M6,False
tomato,1,1389.0,Rawatsar APMC,-0.8488,0.3968,-6812.39604,247,M6,False
tomato,1,1391.0,Suratgarh APMC,0.9207,0.3583,27576.825149,200,M7,False
tomato,1,1416.0,Chittorgarh APMC,3.0189,0.003,123241.282277,144,M7,True
tomato,1,1418.0,Rajsamand APMC,1.4465,0.1493,45321.403699,247,M7,False
tomato,1,1427.0,Zira APMC,1.327,0.1857,25582.563335,247,M7,False
tomato,1,1428.0,Dinanagar APMC,0.1089,0.9134,1838.129609,247,M7,False
tomato,1,1432.0,Dasuya APMC,0.7554,0.4509,21224.805223,189,M7,False
tomato,1,1433.0,Garh Shankar APMC,-0.1951,0.8455,-3366.023662,247,M6,False
tomato,1,1434.0,Tanda Urmur APMC,0.3831,0.702,7128.456474,231,M7,False
tomato,1,1438.0,Lohian Khas APMC,-0.5815,0.5616,-3125.785877,205,M6,False
tomato,1,1441.0,Doraha APMC,0.8358,0.4041,21067.674494,247,M7,False
tomato,1,1446.0,Sahnewal APMC,1.0993,0.2727,26907.818219,247,M7,False
tomato,1,1452.0,Bariwala APMC,-1.5033,0.1342,-25837.551558,228,M6,False
tomato,1,1456.0,Rajpura APMC,0.7969,0.4263,13804.703807,247,M7,False
tomato,1,1457.0,Chamkaur Sahib APMC,-0.5425,0.5881,-8676.567895,217,M6,False
tomato,1,1458.0,Kharar APMC,0.8988,0.3696,22622.20441,247,M7,False
tomato,1,1464.0,Bassi Pathana APMC,1.4659,0.144,40571.178194,247,M7,False
tomato,1,1466.0,Khamano APMC,1.661,0.098,43125.67603,247,M7,False
tomato,1,1469.0,Vellore APMC,-0.6318,0.5287,-18990.395426,118,M6,False
tomato,1,1504.0,Nimapara APMC,-0.854,0.3985,-27405.587625,39,M6,False
tomato,1,1505.0,Parlakhemundi APMC,-0.1777,0.8592,-4142.964603,223,M6,False
tomato,1,1506.0,Bhanjanagar APMC,1.5681,0.1181,53090.124932,247,M7,False
tomato,1,1507.0,Boudh APMC,2.1605,0.032,165892.268316,196,M7,True
tomato,1,1510.0,Sargipali APMC,1.4764,0.1411,43021.421822,247,M7,False
tomato,1,1511.0,Udala APMC,0.8194,0.4133,18901.731724,247,M7,False
tomato,1,1512.0,Karanjia APMC,-0.3783,0.707,-25879.005353,45,M6,False
tomato,1,1513.0,Jaleswar APMC,1.2222,0.223,27642.239788,209,M7,False
tomato,1,1516.0,Kamakhyanagar APMC,2.3199,0.0212,213900.585589,247,M7,True
tomato,1,1519.0,Betnoti APMC,0.3809,0.7037,2506.098978,186,M7,False
tomato,1,1520.0,Keonjhar APMC,3.2994,0.0011,140233.977506,247,M7,True
tomato,1,1523.0,Balugaon APMC,1.8719,0.0624,76685.502787,247,M7,False
tomato,1,1525.0,Birmaharajpur APMC,1.3662,0.1734,104653.934098,201,M7,False
tomato,1,1527.0,Hinjilicut APMC,0.6853,0.4939,16213.017608,216,M7,False
tomato,1,1537.0,Porbandar APMC,0.7656,0.4447,21055.645593,247,M7,False
tomato,1,1569.0,Bhagta Bhai Ka APMC,-1.5311,0.127,-24019.862745,247,M6,False
tomato,1,1570.0,Talwandi Sabo APMC,0.2653,0.791,5878.016918,238,M7,False
tomato,1,1573.0,Mamdot APMC,1.8433,0.0668,49406.554457,197,M7,False
tomato,1,1579.0,Bilga APMC,0.6039,0.5466,5166.114391,207,M7,False
tomato,1,1587.0,Dera Bassi APMC,0.8075,0.4202,4230.614578,238,M7,False
tomato,1,1593.0,Lehra Gaga APMC,0.9884,0.3239,18621.707953,247,M7,False
tomato,1,1595.0,Sangrur APMC,-1.8128,0.0716,-30669.437312,176,M6,False
tomato,1,1598.0,Palitana APMC,0.5767,0.5649,20351.368717,167,M7,False
tomato,1,1602.0,Mulbagal APMC,0.5106,0.6101,6237.94067,247,M7,False
tomato,1,1606.0,Rayya APMC,0.336,0.7371,2303.165752,247,M7,False
tomato,1,1610.0,Ajmer(F&V) APMC,0.6126,0.5407,3741.190071,247,M7,False
tomato,1,1614.0,Sriganganagar (F&V) APMC,-0.7072,0.4802,-9489.604626,223,M6,False
tomato,1,1626.0,Damnagar APMC,0.7948,0.4275,26073.208818,247,M7,False
tomato,1,1631.0,Panvel APMC,1.1423,0.2545,31622.779535,244,M7,False
tomato,1,1634.0,Rahuri APMC,0.5063,0.6132,5013.130041,222,M7,False
tomato,1,1637.0,Akluj APMC,0.7226,0.4711,5406.586262,144,M7,False
tomato,1,1651.0,Ratnagiri (Nachane) APMC,-1.3481,0.1789,-29361.610595,247,M6,False
tomato,1,1658.0,Patan APMC,-0.7329,0.4643,-4439.214514,247,M6,False
tomato,1,1663.0,Sitarganj APMC,-0.2978,0.7661,-3066.319435,247,M6,False
tomato,1,1664.0,Jaspur(UC) APMC,1.4385,0.1517,31905.160975,218,M7,False
tomato,1,1700.0,Champaknagar APMC,3.3884,0.0008,262064.950129,239,M7,True
tomato,1,1702.0,Garjee APMC,2.0078,0.0458,75604.649295,247,M7,True
tomato,1,1715.0,Kopaganj APMC,0.5383,0.5909,6189.965668,247,M7,False
tomato,1,1716.0,Partaval APMC,0.5643,0.5732,8835.878252,210,M7,False
tomato,1,1717.0,Orai APMC,0.9994,0.3186,17810.591223,247,M7,False
tomato,1,1718.0,Kannauj APMC,0.3346,0.7382,3907.283443,236,M7,False
tomato,1,1719.0,Robertsganj APMC,0.1897,0.8497,2253.774635,247,M7,False
tomato,1,1720.0,Aligarh APMC,-0.3028,0.7623,-4060.132524,247,M6,False
tomato,1,1721.0,Akbarpur APMC,-0.3281,0.7431,-5107.181587,247,M6,False
tomato,1,1722.0,Balrampur APMC,0.3881,0.6983,5681.103449,238,M7,False
tomato,1,1723.0,Chandoli APMC,0.5594,0.5764,7528.597639,235,M7,False
tomato,1,1724.0,Ajuha APMC,-0.1016,0.9191,-1174.451567,247,M6,False
tomato,1,1725.0,Banda APMC,1.3238,0.1869,23013.693259,226,M7,False
tomato,1,1726.0,Hapur APMC,-0.5439,0.587,-5588.800738,247,M6,False
tomato,1,1727.0,Naugarh APMC,0.5636,0.5736,8366.506316,237,M7,False
tomato,1,1729.0,Dadri APMC,-0.9726,0.3317,-10251.812737,247,M6,False
tomato,1,1730.0,Haathras APMC,-0.0614,0.9511,-860.020206,247,M6,False
tomato,1,1731.0,Golagokarnath APMC,1.2021,0.2305,20000.250885,247,M7,False
tomato,1,1732.0,Puranpur APMC,-0.2235,0.8233,-3049.442602,247,M6,False
tomato,1,1733.0,Bangarmau APMC,0.8656,0.3876,11096.224738,234,M7,False
tomato,1,1735.0,Bishalpur APMC,-0.5477,0.5844,-7720.116034,247,M6,False
tomato,1,1736.0,Tilhar APMC,-1.5419,0.1245,-14711.405777,232,M6,False
tomato,1,1737.0,Kayamganj APMC,0.2523,0.801,2896.873122,232,M7,False
tomato,1,1738.0,Konch APMC,1.3224,0.1873,22556.564349,247,M7,False
tomato,1,1739.0,Mauranipur APMC,1.1414,0.255,19768.614451,211,M7,False
tomato,1,1740.0,Sahiyapur APMC,0.8776,0.3812,12793.719223,206,M7,False
tomato,1,1741.0,Bharthna APMC,1.3254,0.1863,13688.958137,247,M7,False
tomato,1,1742.0,Chaandpur APMC,1.7641,0.079,18051.238376,231,M7,False
tomato,1,1743.0,Jayas APMC,0.5676,0.5709,7632.031972,224,M7,False
tomato,1,1744.0,Ujhani APMC,-1.2987,0.1958,-30951.046034,170,M6,False
tomato,1,1746.0,Paliakala APMC,-2.272,0.0243,-24456.043362,173,M6,True
tomato,1,1747.0,Atarra APMC,1.0884,0.2776,20171.072882,227,M7,False
tomato,1,1748.0,Bindki APMC,0.5232,0.6014,6429.889796,233,M7,False
tomato,1,1750.0,Gurusarai APMC,0.8778,0.3816,25937.530314,143,M7,False
tomato,1,1751.0,Sehjanwa APMC,1.4986,0.1356,30701.409366,200,M7,False
tomato,1,1752.0,Jhijhank APMC,0.2035,0.839,3285.805886,153,M7,False
tomato,1,1753.0,Khurja APMC,-0.5756,0.5655,-5349.135355,234,M6,False
tomato,1,1754.0,Gangoh APMC,0.3879,0.6984,6379.667456,233,M7,False
tomato,1,1755.0,Charra APMC,0.9007,0.3687,12111.138251,236,M7,False
tomato,1,1757.0,Ghiraur APMC,0.3656,0.7151,4521.104253,209,M7,False
tomato,1,1758.0,Shikohabad APMC,0.0771,0.9386,468.780188,167,M7,False
tomato,1,1759.0,Khair APMC,-0.6349,0.5261,-7503.766893,247,M6,False
tomato,1,1760.0,Safdarganj APMC,0.8088,0.4194,11161.407436,247,M7,False
tomato,1,1761.0,Jafarganj APMC,0.2998,0.7646,4773.166769,216,M7,False
tomato,1,1763.0,Naanpara APMC,0.9926,0.322,17404.049702,223,M7,False
tomato,1,1764.0,Jasra APMC,0.3708,0.7111,4169.930825,247,M7,False
tomato,1,1765.0,Dibiapur APMC,-0.5114,0.6096,-1771.277767,213,M6,False
tomato,1,1768.0,Baripaal APMC,-0.6525,0.5147,-4876.646083,247,M6,False
tomato,1,1770.0,Jasvantnagar APMC,1.4174,0.1576,15166.861326,247,M7,False
tomato,1,1771.0,Nautnava APMC,-1.0991,0.273,-4084.500458,213,M6,False
tomato,1,1772.0,Tulsipur APMC,1.022,0.3079,17121.625011,233,M7,False
tomato,1,1773.0,Anandnagar APMC,1.3142,0.1901,16920.764161,225,M7,False
tomato,1,1774.0,Mehmoodabad APMC,-1.054,0.2933,-8826.89392,176,M6,False
tomato,1,1777.0,Madhoganj APMC,0.6706,0.5032,8012.16574,232,M7,False
tomato,1,1778.0,Dudhi APMC,-0.9025,0.3677,-6428.781613,247,M6,False
tomato,1,1779.0,Shahganj APMC,0.9349,0.3509,12492.619659,221,M7,False
tomato,1,1780.0,Mugrabaadshahpur APMC,0.3563,0.7219,5321.930437,237,M7,False
tomato,1,1785.0,Rampurmaniharan APMC,2.1775,0.0305,22185.263454,233,M7,True
tomato,1,1787.0,Hasanpur APMC,-0.7042,0.482,-3587.92126,247,M6,False
tomato,1,1788.0,Sambhal APMC,-0.3089,0.7577,-1306.074506,247,M6,False
tomato,1,1790.0,Bilsi APMC,0.1185,0.9058,2109.278712,188,M7,False
tomato,1,1791.0,Najibabad APMC,-0.3338,0.7389,-1083.782296,191,M6,False
tomato,1,1793.0,Jalaun APMC,0.8468,0.398,15468.065962,247,M7,False
tomato,1,1794.0,Maudaha APMC,0.664,0.5077,16011.875144,158,M7,False
tomato,1,1795.0,Bharuasumerpur APMC,0.6852,0.494,10632.196628,215,M7,False
tomato,1,1799.0,Chirgaon APMC,1.2585,0.2097,22448.198973,204,M7,False
tomato,1,1800.0,Moth APMC,1.1787,0.2399,21794.026358,204,M7,False
tomato,1,1804.0,Barwala APMC,1.5132,0.1315,16887.55839,247,M7,False
tomato,1,1805.0,Barara APMC,0.7244,0.4696,3487.707686,221,M7,False
tomato,1,1808.0,Naraingarh APMC,0.7107,0.4779,4887.496888,247,M7,False
tomato,1,1809.0,Shahzadpur APMC,1.6869,0.0929,18960.040879,247,M7,False
tomato,1,1810.0,Jagadhri APMC,1.7139,0.0878,28257.553961,247,M7,False
tomato,1,1811.0,Chhachrauli APMC,0.969,0.3335,18478.728716,247,M7,False
tomato,1,1812.0,Mustafabad APMC,-0.3402,0.734,-2825.325041,247,M6,False
tomato,1,1813.0,Sadhaura APMC,0.4347,0.6641,6932.730209,247,M7,False
tomato,1,1814.0,Radaur APMC,1.3466,0.1794,14506.24525,246,M7,False
tomato,1,1823.0,Farukh Nagar APMC,0.958,0.339,7552.992084,247,M7,False
tomato,1,1826.0,Punhana APMC,-2.465,0.0144,-25255.739422,247,M6,True
tomato,1,1827.0,Tauru APMC,0.8728,0.3836,25780.693964,247,M7,False
tomato,1,1828.0,Barwala(Hisar) APMC,0.2945,0.7687,5478.264012,217,M7,False
tomato,1,1833.0,Jakhal APMC,0.8566,0.3925,19421.180213,247,M7,False
tomato,1,1839.0,Dhand APMC,0.3937,0.6942,5048.011537,247,M7,False
tomato,1,1842.0,Siwan APMC,-1.0364,0.301,-8541.511872,247,M6,False
tomato,1,1844.0,Gharaunda APMC,0.3546,0.7232,6108.150135,247,M7,False
tomato,1,1852.0,Madlauda APMC,1.5257,0.1284,18132.610378,247,M7,False
tomato,1,1853.0,Samalkha APMC,1.0539,0.293,23577.838688,237,M7,False
tomato,1,1860.0,Meham APMC,0.4876,0.6263,4362.120962,247,M7,False
tomato,1,1861.0,Sampla APMC,0.3203,0.749,5769.659487,245,M7,False
tomato,1,1864.0,Ganaur APMC,1.0664,0.2873,20572.093446,247,M7,False
tomato,1,1868.0,Bowenpally APMC,0.9176,0.3597,7971.099617,247,M7,False
tomato,1,1896.0,Navapur APMC,0.8818,0.3792,18812.26141,163,M7,False
tomato,1,1902.0,Vita APMC,0.5967,0.5514,7976.284047,202,M7,False
tomato,1,1903.0,Palus APMC,1.2178,0.2245,13164.486108,247,M7,False
tomato,1,1939.0,Ramtek APMC,1.8488,0.0657,64661.076778,247,M7,False
tomato,1,1967.0,Karvi APMC,0.5151,0.607,6961.409206,247,M7,False
tomato,1,1973.0,Kuruppanthura Market,0.9752,0.3304,39684.525933,242,M7,False
tomato,1,1974.0,Chelakkara Market,1.4231,0.156,52371.582106,247,M7,False
tomato,1,1975.0,Munnar Market,2.0687,0.0396,122992.909369,247,M7,True
tomato,1,1977.0,Kottakkal Market,2.0327,0.0432,67984.598742,247,M7,True
tomato,1,1978.0,Angamaly Market,2.115,0.0354,111710.413141,247,M7,True
tomato,1,1979.0,Kallachi Market,-0.2502,0.8026,-5000.438398,247,M6,False
tomato,1,1980.0,Taliparamba Market,1.6884,0.0937,37266.822594,135,M7,False
tomato,1,1986.0,Madhavapuram Market,1.7733,0.0775,96369.377257,224,M7,False
tomato,1,1987.0,Mulakalacheruvu APMC,-0.1599,0.8732,-1991.865194,175,M6,False
tomato,1,2006.0,Sasthamkotta Market,2.1804,0.0302,132715.957302,247,M7,True
tomato,1,2007.0,Piravam Market,2.5297,0.012,119254.970586,247,M7,True
tomato,1,2008.0,Aralamoodu Market,1.2154,0.2254,57190.181044,247,M7,False
tomato,1,2011.0,Neyyatinkara Market,1.6237,0.1058,78555.115994,234,M7,False
tomato,1,2012.0,Attingal Market,2.3488,0.0196,131492.237648,247,M7,True
tomato,1,2013.0,Anchal Market,2.292,0.0228,85960.447217,247,M7,True
tomato,1,2015.0,Chengannur Market,1.0644,0.2882,45108.047525,247,M7,False
tomato,1,2016.0,Kayamkulam Market,2.403,0.017,100089.039686,247,M7,True
tomato,1,2019.0,Pampady Market,2.2402,0.026,102063.685121,247,M7,True
tomato,1,2020.0,Ettumanoor Market,2.296,0.0225,102516.495585,247,M7,True
tomato,1,2021.0,Kanjirappally Market,0.8947,0.3718,58455.585768,247,M7,False
tomato,1,2022.0,Pala Market,2.0754,0.039,101353.030621,247,M7,True
tomato,1,2024.0,Chalakudy Market,2.127,0.0344,115210.865819,247,M7,True
tomato,1,2026.0,Chavakkad Market,1.9343,0.0542,63079.63715,247,M7,False
tomato,1,2027.0,Wadakkanchery Market,0.72,0.4722,19308.048332,247,M7,False
tomato,1,2032.0,Kuthuparambu Market,0.6799,0.4977,13405.489998,141,M7,False
tomato,1,2034.0,Manjeswaram Market,2.34,0.0201,80568.031342,247,M7,True
tomato,1,2035.0,Kanjangadu Market,2.1089,0.036,75767.916156,247,M7,True
tomato,1,2036.0,Vamanapuram Market,2.3695,0.0186,64634.339226,247,M7,True
tomato,1,2039.0,Rahata APMC,2.1904,0.0294,20423.3186,247,M7,True
tomato,1,2147.0,Khed(Chakan) APMC,0.7534,0.452,13645.516863,247,M7,False
tomato,1,2148.0,Pune(Pimpri) APMC,0.5561,0.5787,9040.901585,247,M7,False
tomato,1,2149.0,Pune(Khadiki) APMC,0.452,0.6516,1954.188832,247,M7,False
tomato,1,2163.0,Chandrapur(Ganjwad) APMC,0.8559,0.3929,10993.27188,247,M7,False
tomato,1,2173.0,Kathua (F&V),1.1257,0.2614,29370.524829,247,M7,False
tomato,1,2176.0,Thrippunithura Market,1.475,0.1415,78996.802216,247,M7,False
tomato,1,2177.0,Pattambi Market,-0.4368,0.6626,-11813.313633,247,M6,False
tomato,1,2181.0,Khekda APMC,0.8982,0.37,9909.89755,247,M7,False
tomato,1,2182.0,Jahangirabad APMC,-0.4693,0.6393,-5007.756874,247,M6,False
tomato,1,2183.0,Siyana APMC,-0.3945,0.6936,-2846.67204,219,M6,False
tomato,1,2184.0,Sikanderabad APMC,-1.9944,0.0473,-23600.069734,226,M6,True
tomato,1,2185.0,Anoop Shahar APMC,1.0773,0.2825,15671.421564,232,M7,False
tomato,1,2186.0,Sikarpur APMC,-0.4808,0.6312,-6186.225563,222,M6,False
tomato,1,2188.0,Chutmalpur APMC,0.1642,0.8697,617.37375,238,M7,False
tomato,1,2190.0,Kairana APMC,1.3884,0.1663,13744.579183,238,M7,False
tomato,1,2191.0,Thanabhavan APMC,1.1048,0.2703,10730.500726,247,M7,False
tomato,1,2193.0,Fatehabad APMC,0.5836,0.5601,5982.117864,237,M7,False
tomato,1,2194.0,Achnera APMC,-0.6191,0.5365,-14902.283461,213,M6,False
tomato,1,2195.0,Khairagarh APMC,0.7011,0.4841,10252.687373,203,M7,False
tomato,1,2196.0,Jagnair APMC,1.2321,0.2191,22424.154044,247,M7,False
tomato,1,2197.0,Fatehpur Sikri APMC,0.491,0.6239,6061.747887,222,M7,False
tomato,1,2198.0,Samsabad APMC,1.3214,0.1876,16466.246502,247,M7,False
tomato,1,2200.0,Shadabad APMC,-0.62,0.5358,-12015.091857,247,M6,False
tomato,1,2203.0,Awagarh APMC,-0.1176,0.9065,-947.337324,247,M6,False
tomato,1,2204.0,Sirsaganj APMC,0.2876,0.7739,3929.473686,200,M7,False
tomato,1,2205.0,Tundla APMC,-0.3127,0.7548,-4055.084592,247,M6,False
tomato,1,2206.0,Kiratpur APMC,0.607,0.5445,5349.887491,235,M7,False
tomato,1,2209.0,Dhanaura APMC,0.1595,0.8734,369.918485,247,M7,False
tomato,1,2212.0,Anwala APMC,-0.1153,0.9083,-884.260833,247,M6,False
tomato,1,2214.0,Wazirganj APMC,-0.25,0.8028,-3985.852528,204,M6,False
tomato,1,2218.0,Choubepur APMC,0.4185,0.676,7375.971033,215,M7,False
tomato,1,2222.0,Mohamadabad APMC,-0.9016,0.3689,-31755.374796,132,M6,False
tomato,1,2223.0,Achalda APMC,0.2,0.8416,2868.263426,213,M7,False
tomato,1,2227.0,Salon APMC,-2.3255,0.0218,-20483.253235,117,M6,True
tomato,1,2228.0,Viswan APMC,0.396,0.6926,6096.089832,194,M7,False
tomato,1,2236.0,Muskara APMC,0.7051,0.4815,14642.166859,210,M7,False
tomato,1,2239.0,Rudauli APMC,0.0739,0.9412,1156.092064,233,M7,False
tomato,1,2240.0,Nawabganj APMC,-0.6619,0.5087,-7323.918449,247,M6,False
tomato,1,2243.0,Ahirora APMC,1.0747,0.2837,14779.972392,217,M7,False
tomato,1,2244.0,Doharighat APMC,0.1332,0.8942,1503.646039,230,M7,False
tomato,1,2245.0,Rasda APMC,0.1901,0.8494,2733.900802,229,M7,False
tomato,1,2246.0,Chitwadagaon APMC,-0.168,0.8668,-2421.30531,207,M6,False
tomato,1,2248.0,Chorichora APMC,1.3247,0.1868,21685.774224,192,M7,False
tomato,1,2249.0,Khalilabad APMC,0.9682,0.3339,9201.182221,247,M7,False
tomato,1,2250.0,Gadaura APMC,1.3773,0.1703,15788.355088,165,M7,False
tomato,1,2254.0,Valangaiman APMC,-1.1585,0.249,-32546.181986,118,M6,False
tomato,1,2269.0,Uluberia APMC,2.0404,0.0424,56109.20692,247,M7,True
tomato,1,2270.0,Sheoraphuly APMC,1.7195,0.0868,53578.416406,247,M7,False
tomato,1,2272.0,Egra/contai APMC,2.1682,0.0311,66468.744234,247,M7,True
tomato,1,2373.0,Gandai APMC,-0.5861,0.5591,-5256.969698,100,M6,False
tomato,1,2422.0,Thirupathur APMC,-0.6445,0.5205,-20635.972121,118,M6,False
tomato,1,2444.0,FerozpurZirkha(Nagina) APMC,0.7645,0.4453,11449.312946,247,M7,False
tomato,1,2481.0,Kota (F&V) APMC,0.4786,0.6327,7843.957717,236,M7,False
tomato,1,2487.0,Jalandhar City(Jalandhar) APMC,0.045,0.9641,348.041343,247,M7,False
tomato,1,2490.0,Nawan Shahar(Subzi Mandi) APMC,1.165,0.2456,17556.578226,173,M7,False
tomato,1,2498.0,Amritsar(Amritsar Mewa Mandi) APMC,-0.4731,0.6367,-8920.909377,200,M6,False
tomato,1,2510.0,Mukerian(Talwara) APMC,2.2936,0.0227,52880.93714,227,M7,True
tomato,1,2521.0,SMY Nadaun,1.0336,0.3024,37860.618377,247,M7,False
tomato,1,2524.0,SMY Takoli,0.7232,0.4703,7370.90043,247,M7,False
tomato,1,2526.0,SMY Baijnath,1.7601,0.0796,77084.78485,247,M7,False
tomato,1,2527.0,SMY Nagrota Bagwan,0.692,0.4897,16445.000062,225,M7,False
tomato,1,2528.0,SMY Jassur,0.8297,0.4076,32966.076096,221,M7,False
tomato,1,2529.0,SMY Jaisinghpur,0.328,0.7432,5389.044458,247,M7,False
tomato,1,2537.0,Siliguri APMC,1.1816,0.2385,29665.922419,247,M7,False
tomato,1,2545.0,Rajkot(Veg.Sub Yard) APMC,1.2395,0.2163,29435.723927,247,M7,False
tomato,1,2549.0,Dahod(Veg. Market) APMC,0.792,0.4291,10052.317001,247,M7,False
tomato,1,2551.0,Vadodara(Sayajipura) APMC,1.3629,0.1742,27705.012493,247,M7,False
tomato,1,2556.0,"Kalol(Veg,Market,Kalol) APMC",0.5159,0.6065,7178.75106,199,M7,False
tomato,1,2571.0,"Anand(Veg,Yard,Anand) APMC",1.8055,0.0722,48553.112161,247,M7,False
tomato,1,2584.0,Mansa(Manas Veg Yard) APMC,1.1114,0.2675,22809.129603,247,M7,False
tomato,1,2668.0,Kottarakkara Market,2.5986,0.0099,133005.068725,247,M7,True
tomato,1,2670.0,Chathanoor Market,2.3978,0.0172,145033.453466,247,M7,True
tomato,1,2673.0,Mannar Market,1.2588,0.2093,49635.623088,247,M7,False
tomato,1,2674.0,Athirampuzha Market,1.2211,0.2232,45557.429049,247,M7,False
tomato,1,2675.0,Thalayolaparambu Market,-0.6146,0.5394,-18699.382543,247,M6,False
tomato,1,2676.0,Adimali Market,2.2923,0.0227,99657.36652,246,M7,True
tomato,1,2677.0,Vandiperiyar Market,-1.3362,0.1828,-16748.029262,239,M6,False
tomato,1,2679.0,Kattappana Market,2.165,0.0313,122824.793938,247,M7,True
tomato,1,2680.0,Perumbavoor Market,2.258,0.0248,96704.891522,247,M7,True
tomato,1,2681.0,Kothamangalam Market,1.7426,0.0826,74203.905582,247,M7,False
tomato,1,2682.0,vadakarapathy Market,-1.4961,0.1362,-24729.711998,208,M6,False
tomato,1,2683.0,Vadakkenchery Market,2.5207,0.0123,92433.253633,247,M7,True
tomato,1,2684.0,Perinthalmanna Market,0.6132,0.5403,8280.403235,237,M7,False
tomato,1,2685.0,Parappanangadi Market,0.1278,0.8984,4523.601788,209,M7,False
tomato,1,2686.0,Thirurrangadi Market,0.2419,0.809,5129.476453,247,M7,False
tomato,1,2687.0,Kondotty Market,2.1163,0.0354,78204.88039,234,M7,True
tomato,1,2689.0,Perambra Market,2.6753,0.008,102870.533045,237,M7,True
tomato,1,2690.0,Mukkom Market,0.2537,0.8,9020.456544,190,M7,False
tomato,1,2691.0,Quilandy Market,0.2822,0.778,6562.762754,247,M7,False
tomato,1,2692.0,Thamarassery Market,-0.7539,0.4516,-18304.748214,247,M6,False
tomato,1,2693.0,Chala Market,2.431,0.0158,113150.239436,247,M7,True
tomato,1,2696.0,Phillaur(Apra Mandi) APMC,-1.0012,0.3179,-12542.338159,201,M6,False
tomato,1,2701.0,Garh Shankar(Mahalpur) APMC,0.4062,0.685,11004.630839,216,M7,False
tomato,1,2704.0,Amrawati(Frui & Veg. Market) APMC,1.3779,0.1695,26846.467559,247,M7,False
tomato,1,2713.0,Bonai APMC,2.8987,0.0041,91719.332509,219,M7,True
tomato,1,2714.0,Bargarh(Barapalli) APMC,1.396,0.1643,45785.874731,193,M7,False
tomato,1,2720.0,Kendrapara(Marshaghai) APMC,3.141,0.0019,99592.680061,247,M7,True
tomato,1,2721.0,Keonjhar(Dhekikote) APMC,3.2124,0.0015,135613.956747,247,M7,True
tomato,1,2738.0,Udaipur (F&V) APMC,1.8524,0.0652,31015.360672,238,M7,False
tomato,1,2739.0,Chomu FV APMC,-0.7761,0.4384,-12372.391814,247,M6,False
tomato,1,2744.0,Bassi APMC,0.5719,0.5679,9326.00267,247,M7,False
tomato,1,2758.0,HanumangarhTown APMC,-1.8533,0.0653,-21024.910722,197,M6,False
tomato,1,2773.0,Mehsana(Mehsana Veg) APMC,1.1029,0.2711,27841.302198,247,M7,False
tomato,1,2774.0,Deesa(Deesa Veg Yard) APMC,0.544,0.5869,11687.623413,247,M7,False
tomato,1,2800.0,Khandhla APMC,3.4339,0.0007,11138.540078,237,M7,True
tomato,1,2803.0,Noida APMC,-0.165,0.8691,-1805.47808,247,M6,False
tomato,1,2808.0,Milak APMC,-0.7967,0.4265,-11909.240779,223,M6,False
tomato,1,2896.0,Sealdah Koley Market APMC,2.1982,0.0289,75803.002648,247,M7,True
tomato,1,2897.0,Habra APMC,1.7811,0.0761,58349.653114,247,M7,False
tomato,1,2898.0,Khatra APMC,1.9501,0.0523,102420.706976,247,M7,False
tomato,1,2899.0,Durgapur APMC,1.7836,0.0757,50189.180176,247,M7,False
tomato,1,2900.0,Memari APMC,1.8446,0.0663,44982.025012,247,M7,False
tomato,1,2901.0,Pundibari APMC,1.5171,0.1308,43177.052449,199,M7,False
tomato,1,2905.0,Balarampur APMC,-1.2907,0.198,-12131.604146,247,M6,False
tomato,1,2907.0,Chevella APMC,0.9845,0.3259,22355.426186,240,M7,False
tomato,1,2910.0,"New Grain Market , Faridabad APMC",1.167,0.2444,24191.001993,245,M7,False
tomato,1,2940.0,Tiruchengode APMC,0.2336,0.8157,7421.79028,118,M7,False
tomato,1,2970.0,Thuraiyur APMC,-0.4942,0.6223,-18610.440024,93,M6,False
tomato,1,3014.0,Kalikiri APMC,0.1411,0.8879,1732.518213,247,M7,False
tomato,1,3018.0,L B Nagar APMC,0.3804,0.704,4850.632215,211,M7,False
tomato,1,3044.0,Bagepalli APMC,-1.2755,0.2036,-13360.225386,212,M6,False
tomato,1,3045.0,Harda(F&V) APMC,0.5304,0.5966,11055.596585,146,M7,False
tomato,1,3050.0,Khandwa(F&V) APMC,-3.118,0.0021,-7903.075719,168,M6,True
tomato,1,3054.0,Dewas(F&V) APMC,-0.8735,0.3836,-3884.471197,168,M6,False
tomato,1,3059.0,Lashkar(F&V) APMC,1.6811,0.0946,43096.428651,170,M7,False
tomato,1,3067.0,Sagar(F&V) APMC,1.685,0.0938,44270.75759,169,M7,False
tomato,1,3071.0,Jabalpur(F&V) APMC,0.7665,0.4444,5457.909408,169,M7,False
tomato,1,3075.0,Chhindwara(F&V) APMC,-1.9895,0.0487,-10611.199701,137,M6,True
tomato,1,3080.0,Tusura APMC,2.3431,0.0202,112412.144211,179,M7,True
tomato,1,3084.0,Saraskana APMC,2.7123,0.0072,106617.40792,224,M7,True
tomato,1,3086.0,Godbhaga APMC,1.3229,0.1875,57848.96179,192,M7,False
tomato,1,3087.0,Sahidngar APMC,2.1406,0.0339,97861.932426,155,M7,True
tomato,1,3089.0,Sarankul APMC,0.6777,0.4987,10955.614137,203,M7,False
tomato,1,3092.0,Saharpada APMC,3.1434,0.0019,130878.256042,247,M7,True
tomato,1,3093.0,Sohela APMC,-0.09,0.9284,-8872.676076,161,M6,False
tomato,1,3100.0,Sonamura APMC,2.3041,0.0221,96663.64327,247,M7,True
tomato,1,3105.0,Barpathari APMC,0.1881,0.8509,3302.871151,238,M7,False
tomato,1,3117.0,Asansol APMC,1.8212,0.0698,61941.84463,247,M7,False
tomato,1,3130.0,Junnar(Narayangaon) APMC,0.5338,0.5939,8788.866284,247,M7,False
tomato,1,3142.0,Kamthi APMC,0.8845,0.3773,22998.870035,247,M7,False
tomato,1,3218.0,Tiphra APMC,0.5021,0.6161,5525.378127,234,M7,False
tomato,1,3297.0,Khariar APMC,2.2014,0.0287,113554.041709,224,M7,True
tomato,1,3299.0,Chuliaposi APMC,0.7283,0.4675,24325.353222,166,M7,False
tomato,1,3300.0,Gopa APMC,2.6034,0.0098,102834.223714,247,M7,True
tomato,1,3301.0,Pattamundai APMC,2.4901,0.0134,80806.943959,247,M7,True
tomato,1,3302.0,Chatta Krushak Bazar APMC,2.6344,0.009,94994.380215,247,M7,True
tomato,1,3306.0,Nilagiri APMC,-2.1419,0.0332,-18768.013096,237,M6,True
tomato,1,3308.0,Hindol APMC,2.5345,0.0119,75276.029434,247,M7,True
tomato,1,3327.0,Mahabubnagar(Rythu Bazar) APMC,0.8056,0.4214,26289.049741,215,M7,False
tomato,1,3332.0,Mehndipatnam(Rythu Bazar) APMC,0.5003,0.6174,8591.832035,211,M7,False
tomato,1,3339.0,Falakata APMC,1.1683,0.2439,36705.511111,233,M7,False
tomato,1,3341.0,Karsiyang(Matigara) APMC,1.7575,0.0801,84524.494887,247,M7,False
tomato,1,3344.0,Gangarampur(Dakshin Dinajpur) APMC,2.2953,0.0226,113858.593627,247,M7,True
tomato,1,3346.0,Diamond Harbour(South 24-pgs) APMC,2.0997,0.0368,89530.446664,247,M7,True
tomato,1,3347.0,Kalipur APMC,1.7636,0.079,51016.627665,247,M7,False
tomato,1,3349.0,Ranaghat APMC,1.8479,0.0658,77308.444036,247,M7,False
tomato,1,3350.0,Chakdah APMC,1.783,0.0758,90697.558126,247,M7,False
tomato,1,3352.0,Garbeta(Medinipur) APMC,1.0548,0.2925,28591.943483,247,M7,False
tomato,1,3354.0,Kasipur APMC,-0.5066,0.6149,-11974.855378,45,M6,False
tomato,1,3355.0,Sainthia APMC,1.7387,0.0833,70211.333575,247,M7,False
tomato,1,3374.0,Vankaner(Sub yard) APMC,1.2544,0.2115,61429.017125,161,M7,False
tomato,1,3393.0,Broadway market Market,-1.4514,0.1489,-37567.483547,144,M6,False
tomato,1,3394.0,North Paravur Market,0.7658,0.445,15579.53965,145,M7,False
tomato,1,3445.0,APMC Azadpur,0.3269,0.744,5831.023586,247,M7,False
tomato,1,3449.0,Pune(Manjri) APMC,0.7507,0.4535,17399.838894,247,M7,False
tomato,1,3450.0,Pune(Moshi) APMC,0.5573,0.5778,7050.2538,247,M7,False
tomato,1,3452.0,Agriculture Produce Market Committee Hingna,1.428,0.1549,78156.400508,198,M7,False
tomato,1,3517.0,PMY Kangni Mandi,-0.5995,0.5519,-20827.333183,45,M6,False
tomato,1,3626.0,Dablirathan APMC,2.2723,0.0259,18950.210343,76,M7,True
tomato,1,3673.0,Boxonagar,2.6933,0.0076,115512.479725,247,M7,True
tomato,1,3680.0,Kadamtala,1.1347,0.2576,22500.035587,247,M7,False
tomato,1,4055.0,Ariyalur(Uzhavar Sandhai),2.552,0.012,51764.470559,114,M7,True
tomato,1,4056.0,Jeyankondam (Uzhavar Sandhai ),1.4721,0.1438,37884.404803,114,M7,False
tomato,1,4057.0,RSPuram(Uzhavar Sandhai ),-0.5723,0.5687,-23873.979398,84,M6,False
tomato,1,4058.0,Singanallur(Uzhavar Sandhai ),0.0654,0.948,1983.745866,114,M7,False
tomato,1,4059.0,Pollachi(Uzhavar Sandhai ),-0.1405,0.8885,-4654.730853,114,M6,False
tomato,1,4060.0,Mettupalayam(Uzhavar Sandhai ),0.6779,0.4992,18882.124601,114,M7,False
tomato,1,4061.0,Kurichi(Uzhavar Sandhai ),-0.5426,0.5886,-20894.510592,97,M6,False
tomato,1,4062.0,Sulur(Uzhavar Sandhai ),-0.0518,0.9588,-1606.938886,114,M6,False
tomato,1,4063.0,Vadavalli(Uzhavar Sandhai ),-0.4562,0.6491,-16017.834704,114,M6,False
tomato,1,4064.0,Sundarapuram(Uzhavar Sandhai ),-0.1916,0.8485,-6928.745981,87,M6,False
tomato,1,4065.0,Cuddalore(Uzhavar Sandhai ),-0.5496,0.5837,-15003.709925,114,M6,False
tomato,1,4066.0,Chidambaram(Uzhavar Sandhai ),0.5723,0.5684,13042.939906,103,M7,False
tomato,1,4067.0,Viruthachalam(Uzhavar Sandhai ),0.2613,0.7944,8249.18801,114,M7,False
tomato,1,4068.0,Panruti(Uzhavar Sandhai ),-0.3225,0.7477,-6845.358716,114,M6,False
tomato,1,4069.0,Vadalur(Uzhavar Sandhai ),-0.3032,0.7637,-11629.972559,33,M6,False
tomato,1,4070.0,Dharmapuri(Uzhavar Sandhai ),-0.3099,0.7572,-8125.073692,114,M6,False
tomato,1,4071.0,Pennagaram(Uzhavar Sandhai ),-0.997,0.3209,-28445.550076,114,M6,False
tomato,1,4072.0,Palacode(Uzhavar Sandhai ),-1.146,0.2548,-35892.561944,92,M6,False
tomato,1,4073.0,Harur(Uzhavar Sandhai ),-0.2991,0.7654,-8340.026552,114,M6,False
tomato,1,4074.0,AJattihalli(Uzhavar Sandhai ),-0.854,0.3951,-24761.214137,104,M6,False
tomato,1,4075.0,Dindigul(Uzhavar Sandhai ),-0.3549,0.7233,-9342.722198,114,M6,False
tomato,1,4076.0,Palani(Uzhavar Sandhai ),0.0394,0.9686,1044.758957,114,M7,False
tomato,1,4077.0,Chinnalapatti(Uzhavar Sandhai ),0.8221,0.4127,23078.439662,114,M7,False
tomato,1,4080.0,Vedasanthur(Uzhavar Sandhai ),-0.6978,0.4867,-18203.068185,114,M6,False
tomato,1,4081.0,Sampath Nagar(Uzhavar Sandhai ),-1.1425,0.2564,-43397.675104,88,M6,False
tomato,1,4082.0,Gobichettipalayam(Uzhavar Sandhai ),0.3964,0.6926,11043.237377,114,M7,False
tomato,1,4083.0,Sathiyamagalam(Uzhavar Sandhai ),-0.3925,0.6957,-13522.511652,85,M6,False
tomato,1,4084.0,Periyar Nagar(Uzhavar Sandhai ),-0.1275,0.8988,-3653.496404,114,M6,False
tomato,1,4085.0,Perundurai(Uzhavar Sandhai ),0.4315,0.6669,11650.151282,114,M7,False
tomato,1,4086.0,Thalavadi(Uzhavar Sandhai ),-0.8697,0.387,-37137.640356,84,M6,False
tomato,1,4087.0,Kancheepuram(Uzhavar Sandhai ),-0.4284,0.6692,-13216.698115,114,M6,False
tomato,1,4088.0,Padappai(Uzhavar Sandhai ),-0.7396,0.461,-19060.077625,114,M6,False
tomato,1,4089.0,Sunguvarchatram(Uzhavar Sandhai ),-1.526,0.1298,-41337.850688,114,M6,False
tomato,1,4090.0,Kundrathur(Uzhavar Sandhai ),0.303,0.7625,7438.110493,114,M7,False
tomato,1,4091.0,Karur(Uzhavar Sandhai ),0.4223,0.6736,10654.973753,114,M7,False
tomato,1,4092.0,Kulithalai(Uzhavar Sandhai ),0.9824,0.328,25023.818752,114,M7,False
tomato,1,4093.0,Velayuthampalayam(Uzhavar Sandhai ),-0.4981,0.6197,-12323.386795,90,M6,False
tomato,1,4094.0,Pallapatti (Uzhavar Sandhai ),1.4116,0.1608,37017.170086,114,M7,False
tomato,1,4095.0,Vengamedu(Uzhavar Sandhai ),0.4189,0.6782,16300.086034,32,M7,False
tomato,1,4096.0,Hosur(Uzhavar Sandhai ),0.1007,0.92,2768.12245,114,M7,False
tomato,1,4097.0,Krishnagiri(Uzhavar Sandhai ),0.9883,0.3251,27230.599902,114,M7,False
tomato,1,4098.0,Kaveripattinam(Uzhavar Sandhai ),-0.1124,0.9107,-2907.782186,100,M6,False
tomato,1,4099.0,Denkanikottai(Uzhavar Sandhai ),-0.3352,0.7381,-8964.378651,114,M6,False
tomato,1,4100.0,Avallapalli(Uzhavar Sandhai ),-0.5712,0.569,-16644.221997,114,M6,False
tomato,1,4102.0,Chokkikulam(Uzhavar Sandhai ),1.6334,0.1052,47945.225349,114,M7,False
tomato,1,4103.0,Palanganatham(Uzhavar Sandhai ),0.5709,0.5692,18202.441233,114,M7,False
tomato,1,4104.0,Usilampatti(Uzhavar Sandhai ),2.1457,0.0375,84995.416776,45,M7,True
tomato,1,4105.0,Thirumangalam(Uzhavar Sandhai ),1.5009,0.1362,39974.359759,114,M7,False
tomato,1,4106.0,Melur(Uzhavar Sandhai ),1.4971,0.1372,45265.053691,114,M7,False
tomato,1,4107.0,Anaiyur(Uzhavar Sandhai ),1.536,0.1273,42914.029661,114,M7,False
tomato,1,4108.0,Mayiladuthurai(Uzhavar Sandhai ),0.9174,0.3609,21635.264889,114,M7,False
tomato,1,4109.0,Nagapattinam(Uzhavar Sandhai ),-0.2101,0.8339,-4954.113966,114,M6,False
tomato,1,4110.0,Sirkali(Uzhavar Sandhai ),-0.7326,0.4653,-18429.697422,114,M6,False
tomato,1,4113.0,Rasipuram(Uzhavar Sandhai ),0.3244,0.7463,8845.873971,114,M7,False
tomato,1,4114.0,Kumarapalayam(Uzhavar Sandhai ),0.1192,0.9053,3353.32108,114,M7,False
tomato,1,4115.0,Paramathivelur(Uzhavar Sandhai ),2.4581,0.0155,68279.302138,114,M7,True
tomato,1,4116.0,Mohanur(Uzhavar Sandhai ),1.7567,0.0817,41919.813063,114,M7,False
tomato,1,4117.0,Udhagamandalam(Uzhavar Sandhai ),0.2894,0.7728,8726.33382,114,M7,False
tomato,1,4118.0,Coonoor(Uzhavar Sandhai ),1.2711,0.2063,37973.20386,114,M7,False
tomato,1,4120.0,Gudalur(Uzhavar Sandhai ),0.1606,0.8727,5354.171872,114,M7,False
tomato,1,4121.0,Perambalur(Uzhavar Sandhai ),1.1708,0.2446,29896.013223,95,M7,False
tomato,1,4123.0,Pudukottai(Uzhavar Sandhai ),0.6693,0.5047,17063.517773,114,M7,False
tomato,1,4124.0,Aranthangi(Uzhavar Sandhai ),1.9383,0.0551,43696.498257,114,M7,False
tomato,1,4125.0,Alangudi(Uzhavar Sandhai ),0.3804,0.7045,10399.646658,105,M7,False
tomato,1,4126.0,Gandarvakottai(Uzhavar Sandhai ),0.3947,0.6938,10782.168058,114,M7,False
tomato,1,4127.0,Karambakkudi(Uzhavar Sandhai ),0.7802,0.4369,20065.424829,114,M7,False
tomato,1,4128.0,Viralimalai(Uzhavar Sandhai ),0.1223,0.9029,3034.552715,114,M7,False
tomato,1,4129.0,Ramanathapuram(Uzhavar Sandhai ),2.2917,0.0238,59875.747182,114,M7,True
tomato,1,4130.0,Paramakudi(Uzhavar Sandhai ),1.6196,0.1084,50669.798912,103,M7,False
tomato,1,4131.0,Kamuthi(Uzhavar Sandhai ),3.2397,0.002,186950.96062,58,M7,True
tomato,1,4132.0,Sooramangalam(Uzhavar Sandhai ),-0.3043,0.7615,-8217.255389,114,M6,False
tomato,1,4133.0,Ammapet(Uzhavar Sandhai ),0.0102,0.9919,317.405923,114,M7,False
tomato,1,4134.0,Athur(Uzhavar Sandhai ),0.2292,0.8192,7347.190897,98,M7,False
tomato,1,4135.0,Thathakapatti(Uzhavar Sandhai ),-1.2783,0.2038,-32722.97706,114,M6,False
tomato,1,4136.0,Mettur(Uzhavar Sandhai ),-0.8754,0.3834,-27231.075669,104,M6,False
tomato,1,4137.0,Attayampatti(Uzhavar Sandhai ),-0.4855,0.6282,-13435.86211,114,M6,False
tomato,1,4138.0,Hasthampatti(Uzhavar Sandhai ),-0.7267,0.4689,-20273.187477,114,M6,False
tomato,1,4139.0,Elampillai(Uzhavar Sandhai ),-0.2737,0.7848,-7424.920204,114,M6,False
tomato,1,4140.0,Thammampatti (Uzhavar Sandhai ),-1.018,0.3112,-30672.034538,97,M6,False
tomato,1,4141.0,Jalagandapuram(Uzhavar Sandhai ),-0.8369,0.4048,-27340.3804,93,M6,False
tomato,1,4142.0,Edapadi (Uzhavar Sandhai ),-0.7537,0.4528,-21342.276633,101,M6,False
tomato,1,4143.0,Sivagangai (Uzhavar Sandhai ),1.3136,0.1916,39830.177239,114,M7,False
tomato,1,4144.0,Devakottai (Uzhavar Sandhai ),1.989,0.0491,48393.59487,114,M7,True
tomato,1,4145.0,Karaikudi(Uzhavar Sandhai ),1.7437,0.0839,40316.563886,114,M7,False
tomato,1,4146.0,Tirupatthur(Uzhavar Sandhai ),1.6901,0.0941,41838.167637,103,M7,False
tomato,1,4147.0,Singampunari(Uzhavar Sandhai ),-0.001,0.9992,-34.904317,92,M6,False
tomato,1,4148.0,Thanjavur(Uzhavar Sandhai ),0.9344,0.3521,27743.984281,114,M7,False
tomato,1,4149.0,Kumbakonam (Uzhavar Sandhai ),-0.1136,0.9098,-2920.531339,114,M6,False
tomato,1,4150.0,Pattukottai(Uzhavar Sandhai ),0.4386,0.6618,11447.945,114,M7,False
tomato,1,4151.0,Tirukattupalli(Uzhavar Sandhai ),0.7444,0.4621,27169.362082,33,M7,False
tomato,1,4152.0,Papanasam(Uzhavar Sandhai ),0.3959,0.6929,10172.665723,114,M7,False
tomato,1,4153.0,Theni(Uzhavar Sandhai ),-0.5543,0.5807,-18474.171472,90,M6,False
tomato,1,4154.0,Kambam(Uzhavar Sandhai ),0.103,0.9182,3074.480114,91,M7,False
tomato,1,4155.0,Bodinayakanur(Uzhavar Sandhai ),1.6388,0.104,44778.815559,114,M7,False
tomato,1,4156.0,Periyakulam(Uzhavar Sandhai ),-0.588,0.5579,-19119.759309,97,M6,False
tomato,1,4157.0,Devaram(Uzhavar Sandhai ),1.1267,0.2622,30582.926624,114,M7,False
tomato,1,4158.0,Andipatti(Uzhavar Sandhai ),0.9071,0.3663,24680.248763,114,M7,False
tomato,1,4159.0,Chinnamanur(Uzhavar Sandhai ),-0.3246,0.7463,-10374.567685,91,M6,False
tomato,1,4160.0,Palayamkottai(Uzhavar Sandhai ),2.9736,0.0036,86295.865218,114,M7,True
tomato,1,4161.0,Kandiyaperi(Uzhavar Sandhai ),2.6824,0.0087,78792.457738,89,M7,True
tomato,1,4162.0,Melapalayam(Uzhavar Sandhai ),2.2093,0.0298,67408.726488,88,M7,True
tomato,1,4163.0,Ambasamudram(Uzhavar Sandhai ),0.6365,0.526,16995.229286,96,M7,False
tomato,1,4164.0,NGO Colony(Uzhavar Sandhai ),2.8681,0.0049,70291.307935,114,M7,True
tomato,1,4165.0,Tiruthani(Uzhavar Sandhai ),0.3058,0.7617,12471.398592,33,M7,False
tomato,1,4166.0,Tiruvallur(Uzhavar Sandhai ),0.0562,0.9553,1300.819283,114,M7,False
tomato,1,4167.0,Ambattur(Uzhavar Sandhai ),1.1165,0.2666,28161.805522,114,M7,False
tomato,1,4168.0,Paruthipattu(Uzhavar Sandhai ),0.0558,0.9556,1293.362018,114,M7,False
tomato,1,4169.0,Naravarikuppam(Uzhavar Sandhai ),1.3851,0.1687,39745.992985,114,M7,False
tomato,1,4170.0,Perambakkam(Uzhavar Sandhai ),-0.5502,0.5833,-15572.550463,114,M6,False
tomato,1,4172.0,Mannargudi I(Uzhavar Sandhai ),-0.077,0.9388,-1789.408278,114,M6,False
tomato,1,4173.0,Tiruvarur(Uzhavar Sandhai ),-0.8561,0.3938,-20432.844865,114,M6,False
tomato,1,4174.0,Needamangalam(Uzhavar Sandhai ),-1.0452,0.2982,-28372.671307,114,M6,False
tomato,1,4175.0,Muthupettai(Uzhavar Sandhai ),-0.1613,0.8721,-3538.783696,114,M6,False
tomato,1,4176.0,Mannargudi II(Uzhavar Sandhai ),0.5495,0.5837,12919.35063,114,M7,False
tomato,1,4178.0,Tuticorin(Uzhavar Sandhai ),2.4289,0.0167,65886.582076,114,M7,True
tomato,1,4179.0,Kovilpatti(Uzhavar Sandhai ),-0.0097,0.9923,-363.804905,84,M6,False
tomato,1,4180.0,Tiruvannamalai(Uzhavar Sandhai ),-0.3384,0.7357,-11251.307111,114,M6,False
tomato,1,4181.0,Polur(Uzhavar Sandhai ),-0.2594,0.7958,-5977.848725,114,M6,False
tomato,1,4182.0,Arani(Uzhavar Sandhai ),-0.0566,0.9549,-1408.572086,114,M6,False
tomato,1,4183.0,Cheyyar(Uzhavar Sandhai ),-1.133,0.2605,-26936.999732,84,M6,False
tomato,1,4184.0,Chengam(Uzhavar Sandhai ),0.2257,0.8218,5886.371048,114,M7,False
tomato,1,4186.0,Keelpennathur(Uzhavar Sandhai ),-0.0698,0.9445,-1609.203636,114,M6,False
tomato,1,4187.0,Tamarainagar(Uzhavar Sandhai ),-0.5675,0.5715,-17319.96877,114,M6,False
tomato,1,4188.0,Anna nagar(Uzhavar Sandhai ),0.4389,0.6616,10803.186713,114,M7,False
tomato,1,4191.0,Manapparai(Uzhavar Sandhai ),0.4173,0.6776,12257.611222,84,M7,False
tomato,1,4192.0,Musiri(Uzhavar Sandhai ),0.2317,0.8172,5606.064521,114,M7,False
tomato,1,4193.0,Thiruverumbur(Uzhavar Sandhai ),0.5482,0.5874,22293.923383,33,M7,False
tomato,1,4194.0,Lalgudi(Uzhavar Sandhai ),0.6467,0.5191,16288.31206,114,M7,False
tomato,1,4195.0,Manachanallur(Uzhavar Sandhai ),0.7311,0.4662,19968.285126,114,M7,False
tomato,1,4197.0,Katpadi (Uzhavar Sandhai ),-0.0652,0.9481,-2091.952515,100,M6,False
tomato,1,4198.0,Gudiyatham(Uzhavar Sandhai ),1.4075,0.162,28968.956372,114,M7,False
tomato,1,4199.0,Kahithapattarai(Uzhavar Sandhai ),-0.2894,0.7728,-8295.680742,105,M6,False
tomato,1,4201.0,Villupuram(Uzhavar Sandhai ),-0.0127,0.99,-531.867977,33,M6,False
tomato,1,4202.0,Gingee(Uzhavar Sandhai ),-0.6229,0.5346,-18803.508854,114,M6,False
tomato,1,4203.0,Aruppukottai(Uzhavar Sandhai ),1.2215,0.2244,30336.967629,114,M7,False
tomato,1,4204.0,Rajapalayam(Uzhavar Sandhai ),1.2657,0.2082,35712.421513,114,M7,False
tomato,1,4205.0,Srivilliputhur(Uzhavar Sandhai ),0.8313,0.4076,22011.665902,114,M7,False
tomato,1,4206.0,Virudhunagar(Uzhavar Sandhai ),1.5021,0.1359,32142.431199,114,M7,False
tomato,1,4207.0,Sivakasi(Uzhavar Sandhai ),0.8336,0.4063,19104.493882,114,M7,False
tomato,1,4208.0,Sathur(Uzhavar Sandhai ),0.4953,0.6214,11248.520251,114,M7,False
tomato,1,4209.0,Kariyapatti(Uzhavar Sandhai ),1.131,0.2605,30242.891477,114,M7,False
tomato,1,4210.0,Thalavaipuram(Uzhavar Sandhai ),0.7335,0.4648,23842.101127,114,M7,False
tomato,1,4212.0,Myladi(Uzhavar Sandhai ),1.5878,0.1151,40044.772967,114,M7,False
tomato,1,4213.0,Pallavaram(Uzhavar Sandhai ),0.5658,0.5727,12286.785916,114,M7,False
tomato,1,4214.0,Chengalpet(Uzhavar Sandhai ),-0.0499,0.9603,-1184.539348,114,M6,False
tomato,1,4215.0,Medavakkam(Uzhavar Sandhai ),-0.1395,0.8893,-2374.867811,114,M6,False
tomato,1,4216.0,Nanganallur(Uzhavar Sandhai ),-1.6847,0.0951,-43889.714591,102,M6,False
tomato,1,4217.0,Madhuranthagam(Uzhavar Sandhai ),-1.7589,0.0813,-32280.456327,114,M6,False
tomato,1,4219.0,Jameenrayapettai(Uzhavar Sandhai ),0.1558,0.8765,4125.987398,114,M7,False
tomato,1,4220.0,Guduvancheri(Uzhavar Sandhai ),-0.6051,0.5463,-17355.103732,114,M6,False
tomato,1,4221.0,Thirukalukundram(Uzhavar Sandhai ),-0.4898,0.6252,-10555.500048,114,M6,False
tomato,1,4222.0,Kallakurichi(Uzhavar Sandhai ),0.6314,0.5291,17360.916409,114,M7,False
tomato,1,4224.0,Sankarapuram(Uzhavar Sandhai ),1.1117,0.2686,29524.002897,114,M7,False
tomato,1,4225.0,Ranipettai(Uzhavar Sandhai ),-1.0144,0.3133,-32281.932853,84,M6,False
tomato,1,4226.0,Arcot(Uzhavar Sandhai ),-1.0532,0.2945,-28808.287699,114,M6,False
tomato,1,4227.0,Sankarankoil(Uzhavar Sandhai ),1.0223,0.309,27021.727969,104,M7,False
tomato,1,4228.0,Tenkasi(Uzhavar Sandhai ),0.6175,0.5385,18157.130417,88,M7,False
tomato,1,4229.0,Vaniyampadi(Uzhavar Sandhai ),0.7496,0.455,18572.631093,114,M7,False
tomato,1,4231.0,Natrampalli(Uzhavar Sandhai ),0.2989,0.7656,7886.725884,114,M7,False
tomato,1,4232.0,Palladam(Uzhavar Sandhai ),-0.7382,0.4621,-21266.592434,103,M6,False
tomato,1,4234.0,Tiruppur (North) (Uzhavar Sandhai ),-1.0205,0.3097,-28949.330903,114,M6,False
tomato,1,4235.0,Tiruppur (South) (Uzhavar Sandhai ),0.0912,0.9275,2690.504647,93,M7,False
tomato,1,4236.0,Dharapuram(Uzhavar Sandhai ),-0.4004,0.6897,-11258.870046,104,M6,False
tomato,1,4237.0,Kangayam(Uzhavar Sandhai ),-0.2832,0.7775,-7967.294465,114,M6,False
tomato,1,4240.0,Balarampuram Market,0.978,0.3305,26124.623733,97,M7,False
tomato,1,4247.0,Balugaon APMC,0.4487,0.6548,9515.619713,81,M7,False
tomato,1,4251.0,Ambagan APMC,0.4351,0.6646,3736.726445,91,M7,False
tomato,1,4252.0,Haibargaon APMC,0.3236,0.747,3186.268725,91,M7,False
tomato,1,4295.0,Barpeta Road APMC,-0.9787,0.3309,-15317.116083,76,M6,False
tomato,1,4390.0,Manjhanpur APMC,-1.2675,0.2085,-18872.840468,86,M6,False
tomato,1,4402.0,SMY Jogindernagar,0.7432,0.4607,18742.457176,53,M7,False
tomato,1,4407.0,SMY Takarla,0.875,0.3877,30579.326982,35,M7,False
tomato,1,4429.0,Badwani(F&V) APMC,-2.1073,0.0378,-5005.809045,93,M6,True
tomato,1,4464.0,Hoshangabad(F&V) APMC,-0.5438,0.5882,-3426.033663,76,M6,False
tomato,1,4469.0,Jawra(F&V) APMC,-0.7122,0.4784,-30506.876275,83,M6,False
tomato,1,4478.0,Karera(F&V) APMC,-0.9684,0.3385,-7844.817042,42,M6,False
tomato,1,4491.0,Kukshi(F&V) APMC,-1.2644,0.2129,-6960.951017,44,M6,False
tomato,1,4499.0,Maihar(F&V) APMC,0.8245,0.4142,4336.190551,44,M7,False
tomato,1,4503.0,Manawar(F&V) APMC,-0.9422,0.349,-4090.815554,78,M6,False
tomato,1,4523.0,Petlawad(F&V) APMC,0.9339,0.3529,4518.630516,91,M7,False
tomato,1,4524.0,Pipariya(F&V) APMC,1.6673,0.0989,15948.496417,92,M7,False
tomato,1,4529.0,Rehli(F&V) APMC,-1.1544,0.2547,-17330.34175,44,M6,False
tomato,1,4531.0,Rewa(F&V) APMC,-0.6857,0.4949,-2243.406867,82,M6,False
tomato,1,4532.0,Sabalgarh(F&V) APMC,0.7009,0.4852,5787.284692,88,M7,False
tomato,1,4534.0,Sanawad(F&V) APMC,0.1699,0.8655,2482.45989,80,M7,False
tomato,1,4535.0,Sanwer(F&V) APMC,0.6702,0.5063,4440.516513,44,M7,False
tomato,1,4538.0,Sehore(F&V) APMC,0.2494,0.8036,1253.881756,91,M7,False
tomato,1,4539.0,Sendhwa(F&V) APMC,-0.523,0.6022,-1836.012748,93,M6,False
tomato,1,4540.0,Seoni(F&V) APMC,0.8332,0.4109,6195.068886,33,M7,False
tomato,1,4557.0,Timarni(F&V) APMC,-1.8483,0.0678,-18570.110787,92,M6,False
tomato,1,4665.0,Chhibramau APMC,-0.8831,0.3784,-6377.369878,169,M6,False
tomato,1,4667.0,Balurghat APMC,2.3164,0.0215,121969.634704,211,M7,True
tomato,1,4681.0,Ayodhya APMC,2.7251,0.0077,29892.854179,90,M7,True
tomato,1,4707.0,"Fruit&Vegetable Market,Gazipur APMC",1.8713,0.068,37970.70242,45,M7,False
tomato,1,4790.0,Valmikipuram APMC,1.5886,0.1193,44257.558524,45,M7,False
tomato,1,4834.0,Doomdumia APMC,1.9709,0.0559,34634.842878,40,M7,False
tomato,1,4846.0,Karimangalam(Uzhavar Sandhai),-0.8709,0.391,-38551.497188,30,M6,False
tomato,1,4848.0,Mecheri(Uzhavar Sandhai),-0.5997,0.5531,-20315.552889,32,M6,False
tomato,1,4849.0,Pallikonda(Uzhavar Sandhai),-0.7158,0.4795,-31847.450455,32,M6,False
tomato,1,4850.0,Perampet(Uzhavar Sandhai),1.8608,0.0723,29877.082305,32,M7,False
tomato,1,4851.0,Peravurani(Uzhavar Sandhai),0.2605,0.7962,10445.564623,32,M7,False
tomato,1,4852.0,Ponnamaravathi(Uzhavar Sandhai),-0.6743,0.5051,-33858.820542,32,M6,False
tomato,1,4853.0,Vazhapadi(Uzhavar Sandhai),-0.4001,0.6918,-11579.180609,32,M6,False
tomato,1,4854.0,Vedaranyam(Uzhavar Sandhai),-1.2789,0.2104,-28447.987748,32,M6,False
tomato,1,4855.0,Gandhigramam(Uzhavar Sandhai),0.3473,0.7307,15670.975084,32,M7,False
tomato,4,2.0,Mahboob Manison APMC,0.3779,0.7059,11748.360315,213,M7,False
tomato,4,9.0,Shadnagar APMC,0.489,0.6253,7464.214012,244,M7,False
tomato,4,19.0,Warangal APMC,1.4757,0.1415,41273.859173,216,M7,False
tomato,4,43.0,Chandigarh (Grain/F&V) APMC,0.7628,0.4463,28898.393303,242,M7,False
tomato,4,54.0,Bharuch APMC,-1.0784,0.283,-18627.89155,122,M6,False
tomato,4,57.0,Nadiad APMC,-1.4093,0.1608,-54941.741385,155,M6,False
tomato,4,62.0,Morbi APMC,1.421,0.1566,59082.981262,244,M7,False
tomato,4,64.0,Surat APMC,1.5714,0.1174,42250.446508,244,M7,False
tomato,4,66.0,Ahmedabad APMC,0.963,0.3365,36385.442683,244,M7,False
tomato,4,69.0,PMY Kangra,1.8708,0.0626,105822.774124,244,M7,False
tomato,4,70.0,PMY Kullu,1.6556,0.0991,69046.532872,244,M7,False
tomato,4,71.0,PMY Paonta Sahib,1.8147,0.0708,113386.714786,244,M7,False
tomato,4,72.0,PMY Kather Solan,1.497,0.1359,73869.465876,208,M7,False
tomato,4,75.0,Fatehabad APMC,-0.9942,0.3213,-21818.821989,214,M6,False
tomato,4,79.0,Narwana APMC,0.0701,0.9442,1827.385445,244,M7,False
tomato,4,80.0,Safidon APMC,0.3667,0.7141,8908.407605,244,M7,False
tomato,4,85.0,Ladwa APMC,-1.3714,0.1715,-58396.028123,244,M6,False
tomato,4,86.0,Pehowa APMC,0.1631,0.8706,2315.155914,244,M7,False
tomato,4,87.0,Thanesar APMC,1.3274,0.1856,49041.558001,243,M7,False
tomato,4,89.0,Shahabad APMC,1.3593,0.1753,27158.908022,244,M7,False
tomato,4,92.0,kalanwali APMC,0.9626,0.3369,32426.206943,205,M7,False
tomato,4,97.0,Parimpore Srinagar (F&V),1.2115,0.2269,71001.020506,244,M7,False
tomato,4,98.0,Udhampur (F&V),2.6039,0.0098,128581.048966,244,M7,True
tomato,4,100.0,"Binny Mill (F&V), Bengaluru APMC",0.2353,0.8141,11861.342652,244,M7,False
tomato,4,106.0,Davangere APMC,-0.054,0.957,-1810.123109,244,M6,False
tomato,4,112.0,Kolar APMC,-0.1588,0.874,-4594.622774,244,M6,False
tomato,4,115.0,Mysuru APMC,-0.3156,0.7526,-11792.162743,244,M6,False
tomato,4,125.0,Ernakulam Market,-0.0705,0.9438,-7629.682999,243,M6,False
tomato,4,126.0,Aluva Market,0.0754,0.9399,8377.149686,244,M7,False
tomato,4,128.0,Thalasserry Market,-0.1852,0.8534,-24366.714131,113,M6,False
tomato,4,131.0,Kollam Market,0.0444,0.9646,18559.669532,244,M7,False
tomato,4,132.0,Kottayam Market,-0.5456,0.5859,-59717.687836,244,M6,False
tomato,4,134.0,Manjeri Market,-0.2222,0.8244,-17189.177597,244,M6,False
tomato,4,135.0,Palakkad Market,-0.0544,0.9567,-4127.835512,244,M6,False
tomato,4,136.0,Koduvayoor Market,-0.3952,0.693,-30438.535948,244,M6,False
tomato,4,139.0,Thrissur Market,-0.8048,0.4217,-70020.951606,244,M6,False
tomato,4,140.0,Kodungalloor Market,-0.4634,0.6435,-38743.022158,229,M6,False
tomato,4,145.0,Ahilyanagar APMC,1.1474,0.2523,34584.519058,244,M7,False
tomato,4,151.0,Jalgaon APMC,-0.4095,0.6825,-17026.805069,244,M6,False
tomato,4,152.0,Kolhapur APMC,1.0105,0.3132,28309.743034,244,M7,False
tomato,4,154.0,Mumbai APMC,0.5809,0.5619,33883.400947,244,M7,False
tomato,4,155.0,Nagpur APMC,0.1258,0.9,6106.694654,244,M7,False
tomato,4,160.0,Nasik APMC,1.742,0.0828,56171.960612,244,M7,False
tomato,4,162.0,Pimpalgaon Baswant APMC,0.0138,0.989,625.783488,231,M7,False
tomato,4,164.0,Pune APMC,1.1413,0.2549,33348.268554,244,M7,False
tomato,4,168.0,SHRI.SIDDHESHWAR APMC,1.3824,0.1681,33251.776306,244,M7,False
tomato,4,173.0,Bhopal(F&V) APMC,3.1297,0.0021,45543.004916,144,M7,True
tomato,4,179.0,Indore(F&V) APMC,1.7811,0.0768,32043.138162,161,M7,False
tomato,4,184.0,Rajnandgaon APMC,1.3865,0.1669,28140.116746,244,M7,False
tomato,4,198.0,Attabira APMC,1.5742,0.1169,95737.84759,214,M7,False
tomato,4,199.0,Bargarh APMC,1.3428,0.1806,71849.911739,244,M7,False
tomato,4,200.0,Bhadrak APMC,1.4503,0.1488,102447.018435,170,M7,False
tomato,4,202.0,Kantabaji APMC,0.9504,0.3429,66247.682655,242,M7,False
tomato,4,203.0,Kendrapara APMC,1.663,0.0976,165481.575079,244,M7,False
tomato,4,206.0,Kesinga APMC,1.6251,0.1054,505680.077005,244,M7,False
tomato,4,207.0,Bhawanipatna APMC,0.3475,0.7285,32656.442186,201,M7,False
tomato,4,214.0,Rayagada APMC,0.8393,0.4024,29301.2566,180,M7,False
tomato,4,216.0,Tarantaran APMC,0.2614,0.794,10002.384907,230,M7,False
tomato,4,218.0,Fazilka APMC,-0.8419,0.4007,-35106.511437,244,M6,False
tomato,4,219.0,Jalalabad APMC,0.3436,0.7314,7551.522313,244,M7,False
tomato,4,226.0,Khanna APMC,-0.863,0.389,-14154.485209,244,M6,False
tomato,4,227.0,Jagraon APMC,-1.5809,0.1159,-42119.512936,158,M6,False
tomato,4,228.0,Baghapurana APMC,0.2048,0.8379,7971.378373,230,M7,False
tomato,4,230.0,Muktsar APMC,0.4397,0.6606,16239.564752,190,M7,False
tomato,4,231.0,Malout APMC,-0.4287,0.6685,-13290.481201,244,M6,False
tomato,4,233.0,Patran APMC,0.0485,0.9614,1200.978359,244,M7,False
tomato,4,234.0,Samana APMC,-0.9663,0.3349,-26610.856903,224,M6,False
tomato,4,235.0,Nabha APMC,-0.1341,0.8934,-3810.501084,214,M6,False
tomato,4,236.0,Barnala APMC,-0.7646,0.4455,-21917.097381,178,M6,False
tomato,4,237.0,Dhuri APMC,-0.188,0.851,-5759.293575,214,M6,False
tomato,4,238.0,Malerkotla APMC,-0.2894,0.7726,-5701.155008,172,M6,False
tomato,4,239.0,Sunam APMC,-1.1111,0.2678,-48500.58118,203,M6,False
tomato,4,240.0,Bhawanigarh APMC,0.9859,0.3251,32380.321484,244,M7,False
tomato,4,244.0,Alwar APMC,-1.2856,0.2056,-97835.337944,43,M6,False
tomato,4,247.0,Baran APMC,2.1722,0.0319,15797.864999,117,M7,True
tomato,4,250.0,Bhilwara APMC,0.954,0.341,42221.100144,244,M7,False
tomato,4,261.0,Jaipur (F&V) APMC,0.5464,0.5853,19257.013303,230,M7,False
tomato,4,266.0,Jodhpur (F&V) APMC,-0.4525,0.6536,-8519.719803,38,M6,False
tomato,4,292.0,Ulundurpettai APMC,-0.6481,0.5182,-84855.748518,115,M6,False
tomato,4,295.0,Bishalgarh APMC,1.305,0.1933,286931.748179,216,M7,False
tomato,4,296.0,Teliamura APMC,1.5294,0.1275,148719.804675,232,M7,False
tomato,4,297.0,Agra APMC,0.1356,0.8923,3266.321751,244,M7,False
tomato,4,298.0,Prayagraj APMC,1.7847,0.0755,21490.838293,244,M7,False
tomato,4,299.0,Bahraich APMC,1.6881,0.0927,63768.106802,244,M7,False
tomato,4,300.0,Ballia APMC,1.2694,0.2056,28606.605819,227,M7,False
tomato,4,301.0,Barabanki APMC,1.7532,0.0808,63481.193179,244,M7,False
tomato,4,302.0,Bareilly APMC,0.5547,0.5796,11806.306745,244,M7,False
tomato,4,303.0,Dehradoon APMC,-0.1512,0.88,-2922.68517,219,M6,False
tomato,4,305.0,Farukhabad APMC,0.4109,0.6816,10286.313017,221,M7,False
tomato,4,306.0,Ghaziabad APMC,0.6573,0.5117,21674.407389,227,M7,False
tomato,4,307.0,Gorakhpur APMC,1.6561,0.099,56914.181383,244,M7,False
tomato,4,308.0,Hardoi APMC,1.2453,0.2143,46440.210019,227,M7,False
tomato,4,309.0,Etawah APMC,1.4039,0.1616,31622.787122,244,M7,False
tomato,4,310.0,Jaunpur APMC,1.9493,0.0524,48848.840556,244,M7,False
tomato,4,311.0,Kanpur(Grain) APMC,1.069,0.2861,26208.272418,244,M7,False
tomato,4,313.0,Lakhimpur APMC,0.9463,0.3449,24833.958794,244,M7,False
tomato,4,314.0,Lalitpur APMC,1.0957,0.2745,24416.286677,215,M7,False
tomato,4,315.0,Lucknow APMC,1.1231,0.2625,49141.995009,244,M7,False
tomato,4,316.0,Mainpuri APMC,0.0842,0.933,2376.212761,206,M7,False
tomato,4,317.0,Meerut APMC,-0.2056,0.8373,-8453.832868,227,M6,False
tomato,4,318.0,Muradabad APMC,0.1087,0.9135,2759.695071,229,M7,False
tomato,4,319.0,Kashipur APMC,-0.2472,0.8049,-7908.231522,242,M6,False
tomato,4,320.0,Pilibhit APMC,1.1902,0.2351,24719.606484,244,M7,False
tomato,4,321.0,Saharanpur APMC,0.3551,0.7228,11694.828331,226,M7,False
tomato,4,322.0,Shahjahanpur APMC,1.2625,0.2081,33443.334413,226,M7,False
tomato,4,324.0,Sitapur APMC,1.053,0.2934,31892.608545,231,M7,False
tomato,4,326.0,Rudrapur APMC,0.5218,0.6023,12663.173779,239,M7,False
tomato,4,328.0,Barasat APMC,0.4438,0.6576,22477.648171,244,M7,False
tomato,4,331.0,Kalna APMC,0.7221,0.4709,28541.714174,244,M7,False
tomato,4,333.0,Coochbehar APMC,0.4239,0.672,32073.890067,244,M7,False
tomato,4,334.0,Pandua APMC,-0.0599,0.9523,-3275.315006,244,M6,False
tomato,4,382.0,Dhing APMC,-0.2537,0.8004,-13490.894914,84,M6,False
tomato,4,406.0,Durg APMC,0.9936,0.3214,32228.287705,244,M7,False
tomato,4,414.0,Raigarh APMC,1.7217,0.0864,56671.626226,244,M7,False
tomato,4,423.0,APMC Keshopur,1.3404,0.1814,76621.005807,244,M7,False
tomato,4,424.0,APMC Shahdara,0.9453,0.3457,33336.29829,196,M7,False
tomato,4,434.0,Ankleshwar APMC,1.6883,0.0926,45777.752765,244,M7,False
tomato,4,450.0,Vadhvan APMC,1.7369,0.0837,72544.377048,244,M7,False
tomato,4,452.0,Panipat APMC,1.1125,0.267,17888.211947,244,M7,False
tomato,4,454.0,Sonepat APMC,0.3468,0.729,9091.279505,243,M7,False
tomato,4,455.0,Rohtak APMC,1.4678,0.1435,18061.017624,240,M7,False
tomato,4,456.0,Jhajjar APMC,1.6711,0.096,110182.658399,244,M7,False
tomato,4,457.0,Rewari APMC,1.3481,0.1789,23638.114209,244,M7,False
tomato,4,459.0,Gurgaon APMC,1.306,0.1928,21565.266543,244,M7,False
tomato,4,462.0,PMY Una,1.9933,0.0473,115559.402753,244,M7,True
tomato,4,463.0,PMY Chamba,1.9053,0.0579,142916.747931,244,M7,False
tomato,4,464.0,PMY Bilaspur,1.6181,0.1069,78060.691167,244,M7,False
tomato,4,465.0,SMY Dhanotu,1.5446,0.1237,45882.446032,244,M7,False
tomato,4,466.0,PMY Hamirpur,1.8396,0.067,161678.66879,244,M7,False
tomato,4,467.0,PMY Dhalli Shimla,1.9914,0.0476,98935.199353,244,M7,True
tomato,4,468.0,SMY Palampur,1.5021,0.1344,68165.734352,244,M7,False
tomato,4,471.0,SMY Bhuntar,1.6923,0.0919,53202.276521,244,M7,False
tomato,4,472.0,Narwal Jammu (F&V),1.3731,0.171,72434.607383,244,M7,False
tomato,4,489.0,Doddaballapur APMC,0.4288,0.6685,20358.304043,215,M7,False
tomato,4,491.0,Srinivasapur APMC,-0.3515,0.7256,-11428.158266,201,M6,False
tomato,4,492.0,Gauribidanur APMC,0.1354,0.8925,5207.876299,216,M7,False
tomato,4,497.0,Gundlupet APMC,-0.6334,0.5271,-24974.100509,244,M6,False
tomato,4,499.0,K.R. Pet APMC,-0.233,0.8159,-3837.316831,244,M6,False
tomato,4,515.0,Palayam Market,-0.1501,0.8808,-7588.036289,233,M6,False
tomato,4,530.0,Morena APMC,-1.0272,0.3061,-37595.565215,141,M6,False
tomato,4,555.0,Pandharpur APMC,1.3392,0.182,26369.397553,204,M7,False
tomato,4,557.0,Chattrapati Sambhajinagar APMC,0.1347,0.893,5761.551331,244,M7,False
tomato,4,591.0,Koraput APMC,1.1748,0.2415,98467.29196,203,M7,False
tomato,4,592.0,Baripada APMC,1.0418,0.2986,84225.893033,244,M7,False
tomato,4,593.0,Padampur APMC,1.1691,0.244,179982.132601,167,M7,False
tomato,4,594.0,Khariar Road APMC,0.8182,0.4141,82274.509133,244,M7,False
tomato,4,595.0,Bolangir APMC,-0.9984,0.3195,-32130.565693,173,M6,False
tomato,4,598.0,Patti APMC,-0.9414,0.3475,-27588.767485,231,M6,False
tomato,4,600.0,Gurdaspur APMC,-0.2909,0.7715,-10227.557395,176,M6,False
tomato,4,603.0,Bathinda APMC,-0.6773,0.4989,-26089.74645,244,M6,False
tomato,4,605.0,Raman APMC,0.2166,0.8287,7332.167128,244,M7,False
tomato,4,606.0,Faridkot APMC,-2.0419,0.0428,-45373.777643,162,M6,True
tomato,4,608.0,Firozepur City APMC,0.3237,0.7464,13257.605899,225,M7,False
tomato,4,613.0,Samrala APMC,0.6904,0.4907,18724.614205,211,M7,False
tomato,4,614.0,Phagwara APMC,-0.334,0.7387,-7859.309285,222,M6,False
tomato,4,615.0,Budalada APMC,0.4857,0.6276,14154.531912,244,M7,False
tomato,4,617.0,Giddarbaha APMC,1.0063,0.3154,43873.168142,206,M7,False
tomato,4,619.0,Dudhansadhan APMC,0.4825,0.6299,11861.480436,244,M7,False
tomato,4,621.0,Ropar APMC,-0.2584,0.7974,-53409.031447,41,M6,False
tomato,4,627.0,Churu APMC,0.2766,0.7823,7525.757663,244,M7,False
tomato,4,631.0,Jalore APMC,1.7988,0.0733,57766.436695,244,M7,False
tomato,4,636.0,Jhunjhunu APMC,-0.3818,0.703,-5238.060953,194,M6,False
tomato,4,638.0,Sikar APMC,-0.4868,0.6268,-12471.531999,244,M6,False
tomato,4,642.0,Abu Road APMC,-0.0271,0.9784,-472.592112,244,M6,False
tomato,4,647.0,Buland Shahr APMC,0.1878,0.8512,4957.444132,244,M7,False
tomato,4,649.0,Baraut APMC,-0.0964,0.9233,-2775.529557,228,M6,False
tomato,4,650.0,Shamli APMC,0.8034,0.4226,24908.132653,231,M7,False
tomato,4,651.0,Khatauli APMC,-0.4122,0.6807,-8145.293683,180,M6,False
tomato,4,652.0,Etah APMC,0.5814,0.5615,14525.000587,244,M7,False
tomato,4,653.0,Mathura APMC,0.4955,0.6207,14912.848111,244,M7,False
tomato,4,654.0,Rampur APMC,0.6356,0.5257,19666.621787,216,M7,False
tomato,4,655.0,Badayoun APMC,0.7022,0.4832,17105.410367,244,M7,False
tomato,4,656.0,Chandausi APMC,0.3328,0.7396,7712.113463,244,M7,False
tomato,4,657.0,Raibareilly APMC,1.1634,0.2458,35260.162927,244,M7,False
tomato,4,658.0,Gonda APMC,1.2025,0.2303,54845.991873,244,M7,False
tomato,4,659.0,Sultanpur APMC,1.63,0.1045,65416.712221,226,M7,False
tomato,4,660.0,Pratapgarh APMC,1.2268,0.2211,47092.113147,244,M7,False
tomato,4,661.0,Devariya APMC,1.307,0.1926,48345.811848,219,M7,False
tomato,4,662.0,Basti APMC,1.7313,0.0847,67005.066197,244,M7,False
tomato,4,663.0,Azamgarh APMC,1.8213,0.0698,62670.908447,244,M7,False
tomato,4,664.0,Mirzapur APMC,1.2972,0.1959,33940.67046,220,M7,False
tomato,4,666.0,Jhansi APMC,1.3472,0.1792,24959.331719,231,M7,False
tomato,4,667.0,Rishikesh APMC,1.2279,0.2207,41927.700284,244,M7,False
tomato,4,668.0,Vikasnagar APMC,0.6941,0.4883,12549.302398,244,M7,False
tomato,4,669.0,Khateema APMC,0.3523,0.7249,3989.379205,244,M7,False
tomato,4,670.0,Burdwan APMC,0.3908,0.6963,14215.66329,244,M7,False
tomato,4,671.0,Medinipur(West) APMC,0.1148,0.9087,8096.640384,244,M7,False
tomato,4,672.0,Birbhum APMC,0.2829,0.7775,14670.513429,244,M7,False
tomato,4,675.0,Jalpaiguri Sadar APMC,0.5922,0.5544,34051.047022,213,M7,False
tomato,4,676.0,Alipurduar APMC,-0.1845,0.8538,-10552.550636,244,M6,False
tomato,4,681.0,Vadaseri APMC,-1.0052,0.3169,-103871.168851,115,M6,False
tomato,4,682.0,Muzzafarnagar APMC,0.6824,0.4957,21933.955954,222,M7,False
tomato,4,683.0,Panisagar APMC,0.8421,0.4006,68040.065221,230,M7,False
tomato,4,690.0,Channapatna APMC,0.9836,0.3268,36492.978321,155,M7,False
tomato,4,707.0,Chamarajanagar APMC,0.6843,0.4944,19697.646232,244,M7,False
tomato,4,709.0,Chikkamagaluru APMC,0.9099,0.3638,30418.586401,244,M7,False
tomato,4,728.0,Kalaburagi APMC,0.7946,0.4276,15023.929149,244,M7,False
tomato,4,735.0,Hassan APMC,0.4412,0.6595,18869.319659,198,M7,False
tomato,4,742.0,Chickkaballapura APMC,0.6237,0.5334,18616.363704,244,M7,False
tomato,4,743.0,Chintamani APMC,-0.3436,0.7314,-6928.252397,244,M6,False
tomato,4,744.0,Bangarpet APMC,-0.0361,0.9712,-1683.360231,215,M6,False
tomato,4,745.0,Ramanagara APMC,0.0188,0.985,899.391465,244,M7,False
tomato,4,753.0,Shimoga APMC,0.6454,0.5192,23806.070171,244,M7,False
tomato,4,793.0,Lalru APMC,1.8248,0.0693,79197.31148,244,M7,False
tomato,4,794.0,Morinda APMC,-0.9203,0.3587,-18392.597676,171,M6,False
tomato,4,795.0,Fatehpur APMC,1.3034,0.1937,29114.903395,244,M7,False
tomato,4,796.0,Auraiya APMC,0.6416,0.5217,18377.481122,244,M7,False
tomato,4,797.0,Mahoba APMC,1.0055,0.3158,26247.535764,209,M7,False
tomato,4,799.0,Ramkrishanpur(Howrah) APMC,0.4622,0.6444,26374.837723,244,M7,False
tomato,4,813.0,Sangamner APMC,0.8658,0.3875,27749.966002,229,M7,False
tomato,4,816.0,Firozabad APMC,0.5272,0.5985,10566.861295,244,M7,False
tomato,4,820.0,Ghatal APMC,0.5053,0.6142,71774.464202,132,M7,False
tomato,4,821.0,Champadanga APMC,-0.0126,0.99,-638.251674,244,M6,False
tomato,4,823.0,Udupi APMC,0.5702,0.5693,36479.003127,180,M7,False
tomato,4,892.0,Ibrahimputnam APMC,0.3437,0.7314,13503.325386,213,M7,False
tomato,4,987.0,Pattikonda APMC,2.1426,0.0336,98301.71213,163,M7,True
tomato,4,1048.0,Venkateswarnagar APMC,1.0159,0.3107,21741.022343,235,M7,False
tomato,4,1061.0,Udumalpet APMC,-0.7088,0.4799,-70530.81077,115,M6,False
tomato,4,1070.0,Haldwani APMC,-0.5097,0.6107,-10187.824303,244,M6,False
tomato,4,1071.0,Haridwar Union APMC,0.4404,0.6601,10009.742195,244,M7,False
tomato,4,1072.0,Ramnagar APMC,0.0068,0.9946,241.258542,224,M7,False
tomato,4,1073.0,Roorkee APMC,0.5912,0.5549,8809.740047,244,M7,False
tomato,4,1074.0,Kotadwara APMC,-0.2826,0.7777,-9215.5874,244,M6,False
tomato,4,1077.0,Manglaur APMC,-0.3277,0.7434,-8209.994577,244,M6,False
tomato,4,1078.0,Gudimalkapur APMC,2.0548,0.041,34686.799942,244,M7,True
tomato,4,1079.0,Gohana APMC,1.1646,0.2453,42334.91332,244,M7,False
tomato,4,1081.0,Thodupuzha Market,-0.7707,0.4416,-82313.698253,244,M6,False
tomato,4,1108.0,Ambala Cantt. APMC,0.1522,0.8792,2660.905767,206,M7,False
tomato,4,1110.0,Ballabhgarh APMC,1.1825,0.2382,23431.026312,244,M7,False
tomato,4,1111.0,Sohna APMC,0.996,0.3202,30100.573336,244,M7,False
tomato,4,1113.0,Mohindergarh APMC,2.0076,0.0459,38113.393088,224,M7,True
tomato,4,1124.0,Bahadajholla APMC,0.5649,0.5728,21007.201279,201,M7,False
tomato,4,1125.0,Panposh APMC,2.1274,0.0345,117457.349204,225,M7,True
tomato,4,1128.0,Sirhind APMC,0.9896,0.3234,28249.349727,244,M7,False
tomato,4,1130.0,Mansa APMC,-1.6107,0.1085,-76907.961844,244,M6,False
tomato,4,1132.0,Madanganj Kishangarh APMC,0.412,0.6808,9756.114961,197,M7,False
tomato,4,1138.0,Bijnaur APMC,0.5619,0.5747,14281.524025,228,M7,False
tomato,4,1139.0,Kasganj APMC,0.8011,0.4239,20096.739814,244,M7,False
tomato,4,1140.0,Amroha APMC,-0.287,0.7744,-7250.553937,229,M6,False
tomato,4,1141.0,Pukharayan APMC,0.0771,0.9386,1755.617655,244,M7,False
tomato,4,1142.0,Kosikalan APMC,1.0323,0.3029,27299.904038,244,M7,False
tomato,4,1143.0,Unnao APMC,1.4563,0.1466,44332.833771,244,M7,False
tomato,4,1147.0,Padra APMC,0.987,0.3246,39060.29738,244,M7,False
tomato,4,1202.0,Sangareddy APMC,0.5186,0.6048,17901.877059,161,M7,False
tomato,4,1204.0,Jharsuguda APMC,-1.9459,0.0614,-266621.427749,30,M6,False
tomato,4,1214.0,Tindivanam APMC,-1.4811,0.1413,-160449.843107,115,M6,False
tomato,4,1273.0,Navsari APMC,0.0367,0.9708,1370.648764,164,M7,False
tomato,4,1275.0,Kapadvanj APMC,0.9387,0.3488,33147.867079,244,M7,False
tomato,4,1287.0,Shrirampur APMC,0.9277,0.3545,27790.475967,244,M7,False
tomato,4,1290.0,Bhusaval APMC,0.299,0.7652,9560.29575,244,M7,False
tomato,4,1304.0,Vadgaonpeth APMC,1.2282,0.2206,38341.231881,244,M7,False
tomato,4,1308.0,Islampur APMC,0.6543,0.5135,21976.726344,244,M7,False
tomato,4,1310.0,Karad APMC,0.8556,0.3931,41299.590673,244,M7,False
tomato,4,1312.0,Phaltan APMC,1.0418,0.2985,19894.930784,244,M7,False
tomato,4,1313.0,Satara APMC,0.2292,0.8189,7942.073067,244,M7,False
tomato,4,1315.0,Vai APMC,0.2764,0.7825,10781.747382,244,M7,False
tomato,4,1318.0,Mangal Wedha APMC,0.1966,0.8443,7240.617823,244,M7,False
tomato,4,1355.0,Kalmeshwar APMC,0.4172,0.6769,15096.780396,244,M7,False
tomato,4,1372.0,Bijaynagar APMC,1.5347,0.1263,22525.220144,223,M7,False
tomato,4,1377.0,Bayana APMC,-0.95,0.3434,-14776.180553,183,M6,False
tomato,4,1385.0,Sujangarh APMC,0.0012,0.999,29.777642,244,M7,False
tomato,4,1386.0,Bhadara APMC,0.7107,0.478,36433.532216,244,M7,False
tomato,4,1387.0,Goluwala APMC,0.7845,0.4335,29993.858102,244,M7,False
tomato,4,1389.0,Rawatsar APMC,0.1819,0.8558,4536.77769,244,M7,False
tomato,4,1391.0,Suratgarh APMC,-0.9253,0.3559,-28862.143566,197,M6,False
tomato,4,1416.0,Chittorgarh APMC,0.825,0.4108,57559.798798,138,M7,False
tomato,4,1418.0,Rajsamand APMC,0.9933,0.3215,55836.574138,244,M7,False
tomato,4,1427.0,Zira APMC,0.9383,0.349,39346.733761,244,M7,False
tomato,4,1428.0,Dinanagar APMC,1.8539,0.065,67147.805656,244,M7,False
tomato,4,1432.0,Dasuya APMC,2.2713,0.0243,270167.895948,180,M7,True
tomato,4,1433.0,Garh Shankar APMC,-0.4922,0.623,-14244.0388,244,M6,False
tomato,4,1434.0,Tanda Urmur APMC,1.8312,0.0684,84540.67233,225,M7,False
tomato,4,1438.0,Lohian Khas APMC,-0.3258,0.7449,-6889.123409,199,M6,False
tomato,4,1441.0,Doraha APMC,0.8919,0.3733,32693.770425,244,M7,False
tomato,4,1446.0,Sahnewal APMC,0.6904,0.4906,28846.760726,244,M7,False
tomato,4,1452.0,Bariwala APMC,0.4803,0.6315,13233.342376,222,M7,False
tomato,4,1456.0,Rajpura APMC,-0.9459,0.3451,-19728.906731,244,M6,False
tomato,4,1457.0,Chamkaur Sahib APMC,0.7638,0.4459,41946.649898,211,M7,False
tomato,4,1458.0,Kharar APMC,1.3724,0.1712,53729.623911,244,M7,False
tomato,4,1464.0,Bassi Pathana APMC,1.5145,0.1312,59728.230178,244,M7,False
tomato,4,1466.0,Khamano APMC,1.5998,0.1109,89167.893633,244,M7,False
tomato,4,1469.0,Vellore APMC,-1.3013,0.1958,-102484.908177,115,M6,False
tomato,4,1504.0,Nimapara APMC,-0.7858,0.4373,-103950.67939,36,M6,False
tomato,4,1505.0,Parlakhemundi APMC,-0.1974,0.8437,-6490.261938,214,M6,False
tomato,4,1506.0,Bhanjanagar APMC,0.3846,0.7009,26379.218041,244,M7,False
tomato,4,1507.0,Boudh APMC,1.1739,0.2419,165915.399237,193,M7,False
tomato,4,1510.0,Sargipali APMC,1.5664,0.1186,85816.751146,244,M7,False
tomato,4,1511.0,Udala APMC,1.4669,0.1437,138570.482455,244,M7,False
tomato,4,1512.0,Karanjia APMC,-0.1144,0.9095,-25422.256913,42,M6,False
tomato,4,1513.0,Jaleswar APMC,1.8669,0.0634,73660.531225,203,M7,False
tomato,4,1516.0,Kamakhyanagar APMC,1.7095,0.0886,307863.453576,244,M7,False
tomato,4,1519.0,Betnoti APMC,-1.072,0.2852,-20009.007294,178,M6,False
tomato,4,1520.0,Keonjhar APMC,1.5985,0.1112,67154.473428,244,M7,False
tomato,4,1523.0,Balugaon APMC,1.3841,0.1676,108028.421478,244,M7,False
tomato,4,1525.0,Birmaharajpur APMC,1.5492,0.123,296361.754983,192,M7,False
tomato,4,1527.0,Hinjilicut APMC,1.6245,0.1058,86477.289461,210,M7,False
tomato,4,1537.0,Porbandar APMC,2.0196,0.0445,137891.849645,244,M7,True
tomato,4,1569.0,Bhagta Bhai Ka APMC,1.2278,0.2207,40752.141012,244,M7,False
tomato,4,1570.0,Talwandi Sabo APMC,-0.4586,0.6469,-18719.99484,235,M6,False
tomato,4,1573.0,Mamdot APMC,0.229,0.8191,13165.280665,188,M7,False
tomato,4,1579.0,Bilga APMC,-0.9026,0.3679,-24594.840313,195,M6,False
tomato,4,1587.0,Dera Bassi APMC,1.2452,0.2143,37512.574656,232,M7,False
tomato,4,1593.0,Lehra Gaga APMC,0.7791,0.4367,23815.607684,244,M7,False
tomato,4,1595.0,Sangrur APMC,-0.8935,0.3729,-39242.682422,164,M6,False
tomato,4,1598.0,Palitana APMC,1.2411,0.2164,124809.928416,164,M7,False
tomato,4,1602.0,Mulbagal APMC,0.3017,0.7632,5381.040503,244,M7,False
tomato,4,1606.0,Rayya APMC,0.2043,0.8383,3631.190081,244,M7,False
tomato,4,1610.0,Ajmer(F&V) APMC,0.3183,0.7506,8774.40635,244,M7,False
tomato,4,1614.0,Sriganganagar (F&V) APMC,0.5823,0.561,36580.600403,214,M7,False
tomato,4,1626.0,Damnagar APMC,1.2417,0.2156,165886.375988,244,M7,False
tomato,4,1631.0,Panvel APMC,0.7262,0.4684,41069.926627,241,M7,False
tomato,4,1634.0,Rahuri APMC,0.4806,0.6313,12495.55451,213,M7,False
tomato,4,1637.0,Akluj APMC,-0.9755,0.331,-25587.716117,141,M6,False
tomato,4,1651.0,Ratnagiri (Nachane) APMC,-0.5195,0.6039,-15501.66721,244,M6,False
tomato,4,1658.0,Patan APMC,0.9469,0.3447,9911.928263,244,M7,False
tomato,4,1663.0,Sitarganj APMC,0.0113,0.991,310.696777,244,M7,False
tomato,4,1664.0,Jaspur(UC) APMC,0.4952,0.621,11799.430149,212,M7,False
tomato,4,1700.0,Champaknagar APMC,2.3627,0.019,542424.944176,236,M7,True
tomato,4,1702.0,Garjee APMC,1.6584,0.0985,226593.020778,244,M7,False
tomato,4,1715.0,Kopaganj APMC,1.967,0.0503,45505.525901,244,M7,False
tomato,4,1716.0,Partaval APMC,1.0414,0.2989,44221.574178,207,M7,False
tomato,4,1717.0,Orai APMC,0.6116,0.5414,15552.523194,244,M7,False
tomato,4,1718.0,Kannauj APMC,0.6407,0.5223,17287.0127,230,M7,False
tomato,4,1719.0,Robertsganj APMC,0.6887,0.4916,17145.235429,244,M7,False
tomato,4,1720.0,Aligarh APMC,-0.2361,0.8136,-5460.926805,244,M6,False
tomato,4,1721.0,Akbarpur APMC,1.7883,0.075,56566.559073,244,M7,False
tomato,4,1722.0,Balrampur APMC,0.9847,0.3258,41140.835954,232,M7,False
tomato,4,1723.0,Chandoli APMC,1.7506,0.0814,43311.904648,229,M7,False
tomato,4,1724.0,Ajuha APMC,0.9384,0.349,21577.994126,244,M7,False
tomato,4,1725.0,Banda APMC,0.917,0.3601,32365.684108,223,M7,False
tomato,4,1726.0,Hapur APMC,-0.3909,0.6962,-12143.26074,244,M6,False
tomato,4,1727.0,Naugarh APMC,0.7933,0.4284,31111.383664,231,M7,False
tomato,4,1729.0,Dadri APMC,0.1352,0.8926,4459.639634,244,M7,False
tomato,4,1730.0,Haathras APMC,-0.3015,0.7633,-7703.187162,244,M6,False
tomato,4,1731.0,Golagokarnath APMC,-0.2266,0.8209,-7554.148272,244,M6,False
tomato,4,1732.0,Puranpur APMC,0.7571,0.4497,14024.659084,244,M7,False
tomato,4,1733.0,Bangarmau APMC,1.0665,0.2873,38037.53786,228,M7,False
tomato,4,1735.0,Bishalpur APMC,0.5625,0.5743,12165.50474,244,M7,False
tomato,4,1736.0,Tilhar APMC,-0.6656,0.5063,-19411.978638,226,M6,False
tomato,4,1737.0,Kayamganj APMC,0.5661,0.5719,15843.091614,229,M7,False
tomato,4,1738.0,Konch APMC,2.9499,0.0035,32435.470604,244,M7,True
tomato,4,1739.0,Mauranipur APMC,0.9794,0.3285,26737.352211,208,M7,False
tomato,4,1740.0,Sahiyapur APMC,1.5772,0.1163,27910.835199,203,M7,False
tomato,4,1741.0,Bharthna APMC,0.2984,0.7657,8576.426813,244,M7,False
tomato,4,1742.0,Chaandpur APMC,-0.4233,0.6725,-5426.513265,225,M6,False
tomato,4,1743.0,Jayas APMC,1.6199,0.1067,70804.540477,221,M7,False
tomato,4,1744.0,Ujhani APMC,0.5831,0.5607,17269.711292,158,M7,False
tomato,4,1746.0,Paliakala APMC,0.4144,0.6791,15536.998034,164,M7,False
tomato,4,1747.0,Atarra APMC,0.7455,0.4568,21096.622534,221,M7,False
tomato,4,1748.0,Bindki APMC,1.1182,0.2647,20334.176839,227,M7,False
tomato,4,1750.0,Gurusarai APMC,0.7849,0.4339,36061.817815,140,M7,False
tomato,4,1751.0,Sehjanwa APMC,-0.3714,0.7107,-13380.95242,197,M6,False
tomato,4,1752.0,Jhijhank APMC,1.4221,0.1571,38709.516216,147,M7,False
tomato,4,1753.0,Khurja APMC,0.5483,0.584,15517.193721,231,M7,False
tomato,4,1754.0,Gangoh APMC,0.4582,0.6472,19186.29804,227,M7,False
tomato,4,1755.0,Charra APMC,0.4129,0.6801,18362.1726,230,M7,False
tomato,4,1757.0,Ghiraur APMC,0.1496,0.8812,4039.300449,206,M7,False
tomato,4,1758.0,Shikohabad APMC,-0.1262,0.8998,-2112.199087,157,M6,False
tomato,4,1759.0,Khair APMC,0.2816,0.7785,10263.913559,244,M7,False
tomato,4,1760.0,Safdarganj APMC,1.5614,0.1197,58652.734398,244,M7,False
tomato,4,1761.0,Jafarganj APMC,1.434,0.153,68588.628529,213,M7,False
tomato,4,1763.0,Naanpara APMC,1.12,0.2639,47861.071588,220,M7,False
tomato,4,1764.0,Jasra APMC,1.5375,0.1255,35536.081267,244,M7,False
tomato,4,1765.0,Dibiapur APMC,1.844,0.0667,17558.091013,201,M7,False
tomato,4,1768.0,Baripaal APMC,0.0453,0.9639,750.367505,244,M7,False
tomato,4,1770.0,Jasvantnagar APMC,0.5315,0.5956,12446.324236,244,M7,False
tomato,4,1771.0,Nautnava APMC,-0.4229,0.6728,-6620.932804,204,M6,False
tomato,4,1772.0,Tulsipur APMC,1.3321,0.1842,66567.638752,230,M7,False
tomato,4,1773.0,Anandnagar APMC,1.8403,0.0671,55026.255046,219,M7,False
tomato,4,1774.0,Mehmoodabad APMC,0.1728,0.863,6112.844016,169,M7,False
tomato,4,1777.0,Madhoganj APMC,1.0611,0.2898,33927.125348,226,M7,False
tomato,4,1778.0,Dudhi APMC,0.0372,0.9704,718.498328,244,M7,False
tomato,4,1779.0,Shahganj APMC,1.5459,0.1236,34902.919006,215,M7,False
tomato,4,1780.0,Mugrabaadshahpur APMC,0.9241,0.3564,25702.298985,231,M7,False
tomato,4,1785.0,Rampurmaniharan APMC,1.5561,0.1211,32291.65451,227,M7,False
tomato,4,1787.0,Hasanpur APMC,3.1639,0.0018,14413.127999,244,M7,True
tomato,4,1788.0,Sambhal APMC,-0.8691,0.3856,-20316.903535,244,M6,False
tomato,4,1790.0,Bilsi APMC,0.825,0.4105,21005.36955,182,M7,False
tomato,4,1791.0,Najibabad APMC,-0.8308,0.4072,-5213.762983,178,M6,False
tomato,4,1793.0,Jalaun APMC,1.0808,0.2808,19137.282252,244,M7,False
tomato,4,1794.0,Maudaha APMC,1.3967,0.1646,33595.572528,152,M7,False
tomato,4,1795.0,Bharuasumerpur APMC,0.5332,0.5945,19195.105161,212,M7,False
tomato,4,1799.0,Chirgaon APMC,2.0863,0.0382,39190.855574,201,M7,True
tomato,4,1800.0,Moth APMC,1.3299,0.1851,30397.747303,201,M7,False
tomato,4,1804.0,Barwala APMC,0.7132,0.4764,11375.007434,244,M7,False
tomato,4,1805.0,Barara APMC,0.6832,0.4952,5557.976928,218,M7,False
tomato,4,1808.0,Naraingarh APMC,0.1595,0.8734,2260.122925,244,M7,False
tomato,4,1809.0,Shahzadpur APMC,0.3743,0.7085,4546.673109,244,M7,False
tomato,4,1810.0,Jagadhri APMC,1.7954,0.0738,39328.586816,244,M7,False
tomato,4,1811.0,Chhachrauli APMC,0.6357,0.5256,23263.185975,244,M7,False
tomato,4,1812.0,Mustafabad APMC,0.0735,0.9415,1327.708335,244,M7,False
tomato,4,1813.0,Sadhaura APMC,-0.7663,0.4442,-16373.680564,244,M6,False
tomato,4,1814.0,Radaur APMC,-0.3254,0.7451,-8046.588949,243,M6,False
tomato,4,1823.0,Farukh Nagar APMC,0.152,0.8793,4308.081642,244,M7,False
tomato,4,1826.0,Punhana APMC,1.6688,0.0964,54071.109438,244,M7,False
tomato,4,1827.0,Tauru APMC,2.0295,0.0435,153129.383953,244,M7,True
tomato,4,1828.0,Barwala(Hisar) APMC,1.2858,0.1999,42761.801261,211,M7,False
tomato,4,1833.0,Jakhal APMC,0.8167,0.4149,30487.739577,244,M7,False
tomato,4,1839.0,Dhand APMC,1.6185,0.1068,49001.816977,244,M7,False
tomato,4,1842.0,Siwan APMC,1.3327,0.1839,24733.85975,244,M7,False
tomato,4,1844.0,Gharaunda APMC,2.0022,0.0464,74949.589947,244,M7,True
tomato,4,1852.0,Madlauda APMC,2.3256,0.0209,42199.516513,244,M7,True
tomato,4,1853.0,Samalkha APMC,1.7007,0.0904,39338.923112,231,M7,False
tomato,4,1860.0,Meham APMC,1.3257,0.1862,26853.461429,244,M7,False
tomato,4,1861.0,Sampla APMC,1.4441,0.15,77419.510426,242,M7,False
tomato,4,1864.0,Ganaur APMC,1.5337,0.1264,82217.386994,244,M7,False
tomato,4,1868.0,Bowenpally APMC,0.8812,0.3791,19440.949621,244,M7,False
tomato,4,1896.0,Navapur APMC,1.9077,0.0584,87335.746015,148,M7,False
tomato,4,1902.0,Vita APMC,0.5595,0.5765,16638.711833,193,M7,False
tomato,4,1903.0,Palus APMC,0.3507,0.7262,8890.453921,244,M7,False
tomato,4,1939.0,Ramtek APMC,1.708,0.0889,57862.970304,244,M7,False
tomato,4,1967.0,Karvi APMC,0.9741,0.331,28160.15919,244,M7,False
tomato,4,1973.0,Kuruppanthura Market,1.8072,0.072,420090.384922,239,M7,False
tomato,4,1974.0,Chelakkara Market,-1.3317,0.1842,-116472.803756,244,M6,False
tomato,4,1975.0,Munnar Market,-0.6136,0.54,-58349.523634,244,M6,False
tomato,4,1977.0,Kottakkal Market,-0.8742,0.3829,-80315.535748,244,M6,False
tomato,4,1978.0,Angamaly Market,1.1023,0.2714,141186.02356,244,M7,False
tomato,4,1979.0,Kallachi Market,-0.5253,0.5998,-49477.576776,244,M6,False
tomato,4,1980.0,Taliparamba Market,0.6333,0.5276,132509.515703,132,M7,False
tomato,4,1986.0,Madhavapuram Market,-0.3765,0.7069,-39511.427451,215,M6,False
tomato,4,1987.0,Mulakalacheruvu APMC,-1.1182,0.2651,-36216.766004,166,M6,False
tomato,4,2006.0,Sasthamkotta Market,0.0403,0.9679,4127.731655,244,M7,False
tomato,4,2007.0,Piravam Market,0.123,0.9022,17457.376104,244,M7,False
tomato,4,2008.0,Aralamoodu Market,0.5582,0.5772,85508.657693,244,M7,False
tomato,4,2011.0,Neyyatinkara Market,1.2537,0.2112,117682.823667,228,M7,False
tomato,4,2012.0,Attingal Market,-0.0012,0.9991,-131.816946,244,M6,False
tomato,4,2013.0,Anchal Market,1.7761,0.077,237820.382075,244,M7,False
tomato,4,2015.0,Chengannur Market,0.1869,0.8519,23214.672916,244,M7,False
tomato,4,2016.0,Kayamkulam Market,-0.0728,0.942,-6480.75796,244,M6,False
tomato,4,2019.0,Pampady Market,0.3306,0.7412,39312.091214,244,M7,False
tomato,4,2020.0,Ettumanoor Market,-0.2829,0.7775,-34221.600105,244,M6,False
tomato,4,2021.0,Kanjirappally Market,2.0332,0.0431,552809.785011,244,M7,True
tomato,4,2022.0,Pala Market,0.9395,0.3484,156111.050217,244,M7,False
tomato,4,2024.0,Chalakudy Market,0.3667,0.7142,52083.616918,244,M7,False
tomato,4,2026.0,Chavakkad Market,-0.4278,0.6692,-38603.431448,244,M6,False
tomato,4,2027.0,Wadakkanchery Market,-0.5795,0.5628,-48996.896064,244,M6,False
tomato,4,2032.0,Kuthuparambu Market,-0.0084,0.9933,-1707.730887,138,M6,False
tomato,4,2034.0,Manjeswaram Market,-0.0922,0.9266,-9982.365932,244,M6,False
tomato,4,2035.0,Kanjangadu Market,-0.3608,0.7185,-37005.706353,244,M6,False
tomato,4,2036.0,Vamanapuram Market,-0.5258,0.5995,-41025.364695,244,M6,False
tomato,4,2039.0,Rahata APMC,0.279,0.7805,6345.537526,244,M7,False
tomato,4,2147.0,Khed(Chakan) APMC,0.2687,0.7884,11622.524006,244,M7,False
tomato,4,2148.0,Pune(Pimpri) APMC,-0.1679,0.8668,-4805.315215,244,M6,False
tomato,4,2149.0,Pune(Khadiki) APMC,1.4793,0.1403,21841.256805,244,M7,False
tomato,4,2163.0,Chandrapur(Ganjwad) APMC,1.1155,0.2657,30641.975955,244,M7,False
tomato,4,2173.0,Kathua (F&V),1.1053,0.2701,65801.204665,244,M7,False
tomato,4,2176.0,Thrippunithura Market,1.5141,0.1313,238414.247646,244,M7,False
tomato,4,2177.0,Pattambi Market,-0.5562,0.5786,-53363.859332,244,M6,False
tomato,4,2181.0,Khekda APMC,-0.6685,0.5044,-13144.426108,244,M6,False
tomato,4,2182.0,Jahangirabad APMC,0.3423,0.7324,9044.711492,244,M7,False
tomato,4,2183.0,Siyana APMC,-1.3255,0.1864,-21768.956291,216,M6,False
tomato,4,2184.0,Sikanderabad APMC,0.5093,0.6111,9856.421817,220,M7,False
tomato,4,2185.0,Anoop Shahar APMC,0.8068,0.4206,20307.99964,229,M7,False
tomato,4,2186.0,Sikarpur APMC,-0.4527,0.6512,-7559.10397,216,M6,False
tomato,4,2188.0,Chutmalpur APMC,0.8904,0.3742,12347.920664,232,M7,False
tomato,4,2190.0,Kairana APMC,0.3665,0.7143,5500.605626,232,M7,False
tomato,4,2191.0,Thanabhavan APMC,0.7846,0.4334,13805.515303,244,M7,False
tomato,4,2193.0,Fatehabad APMC,0.2654,0.791,4123.62118,231,M7,False
tomato,4,2194.0,Achnera APMC,-0.2015,0.8405,-4457.962077,206,M6,False
tomato,4,2195.0,Khairagarh APMC,0.4135,0.6797,16522.908623,194,M7,False
tomato,4,2196.0,Jagnair APMC,1.6878,0.0927,37139.066692,244,M7,False
tomato,4,2197.0,Fatehpur Sikri APMC,-0.1724,0.8633,-3362.525745,213,M6,False
tomato,4,2198.0,Samsabad APMC,0.9975,0.3195,12404.083352,244,M7,False
tomato,4,2200.0,Shadabad APMC,-0.4989,0.6183,-16147.908249,244,M6,False
tomato,4,2203.0,Awagarh APMC,0.7722,0.4407,12763.633255,244,M7,False
tomato,4,2204.0,Sirsaganj APMC,0.9695,0.3335,18172.549931,197,M7,False
tomato,4,2205.0,Tundla APMC,-0.1454,0.8845,-3279.457126,244,M6,False
tomato,4,2206.0,Kiratpur APMC,0.2086,0.835,6442.788517,231,M7,False
tomato,4,2209.0,Dhanaura APMC,1.5305,0.1272,13994.069224,244,M7,False
tomato,4,2212.0,Anwala APMC,0.7053,0.4813,19666.309723,244,M7,False
tomato,4,2214.0,Wazirganj APMC,0.0839,0.9332,2062.692308,198,M7,False
tomato,4,2218.0,Choubepur APMC,0.5272,0.5986,18278.379134,209,M7,False
tomato,4,2222.0,Mohamadabad APMC,-0.2354,0.8143,-11186.987375,129,M6,False
tomato,4,2223.0,Achalda APMC,0.7605,0.4478,22365.987019,210,M7,False
tomato,4,2227.0,Salon APMC,-0.3315,0.7409,-15161.672378,114,M6,False
tomato,4,2228.0,Viswan APMC,0.3033,0.762,10877.080889,191,M7,False
tomato,4,2236.0,Muskara APMC,0.4543,0.6501,14637.490852,207,M7,False
tomato,4,2239.0,Rudauli APMC,1.1175,0.265,39536.938422,227,M7,False
tomato,4,2240.0,Nawabganj APMC,0.8065,0.4208,21192.709243,244,M7,False
tomato,4,2243.0,Ahirora APMC,0.3893,0.6974,7199.376873,210,M7,False
tomato,4,2244.0,Doharighat APMC,2.0111,0.0455,77609.770962,227,M7,True
tomato,4,2245.0,Rasda APMC,0.5725,0.5676,13318.209947,226,M7,False
tomato,4,2246.0,Chitwadagaon APMC,0.8474,0.3978,25198.684321,201,M7,False
tomato,4,2248.0,Chorichora APMC,0.8254,0.4102,33432.364134,186,M7,False
tomato,4,2249.0,Khalilabad APMC,1.737,0.0837,13531.81316,244,M7,False
tomato,4,2250.0,Gadaura APMC,-0.7434,0.4584,-17747.910235,156,M6,False
tomato,4,2254.0,Valangaiman APMC,-1.0753,0.2845,-124115.915526,115,M6,False
tomato,4,2269.0,Uluberia APMC,0.4919,0.6232,17576.149404,244,M7,False
tomato,4,2270.0,Sheoraphuly APMC,-1.8102,0.0715,-82156.713721,244,M6,False
tomato,4,2272.0,Egra/contai APMC,0.7669,0.4439,25553.82892,244,M7,False
tomato,4,2373.0,Gandai APMC,1.3192,0.1902,43663.858571,97,M7,False
tomato,4,2422.0,Thirupathur APMC,-1.016,0.3118,-103428.839804,115,M6,False
tomato,4,2444.0,FerozpurZirkha(Nagina) APMC,0.8756,0.3821,20744.535884,244,M7,False
tomato,4,2481.0,Kota (F&V) APMC,-0.6332,0.5272,-21544.233429,230,M6,False
tomato,4,2487.0,Jalandhar City(Jalandhar) APMC,-0.3143,0.7536,-12958.653373,244,M6,False
tomato,4,2490.0,Nawan Shahar(Subzi Mandi) APMC,-2.0883,0.0384,-84948.095057,161,M6,True
tomato,4,2498.0,Amritsar(Amritsar Mewa Mandi) APMC,-1.087,0.2785,-41965.216768,185,M6,False
tomato,4,2510.0,Mukerian(Talwara) APMC,1.2756,0.2035,76980.557358,218,M7,False
tomato,4,2521.0,SMY Nadaun,1.1937,0.2338,104741.481526,244,M7,False
tomato,4,2524.0,SMY Takoli,1.3279,0.1854,29262.374978,244,M7,False
tomato,4,2526.0,SMY Baijnath,1.2656,0.2069,117404.935573,244,M7,False
tomato,4,2527.0,SMY Nagrota Bagwan,1.2956,0.1965,86783.974158,219,M7,False
tomato,4,2528.0,SMY Jassur,0.8307,0.4071,41693.350201,212,M7,False
tomato,4,2529.0,SMY Jaisinghpur,0.9383,0.349,61012.852762,244,M7,False
tomato,4,2537.0,Siliguri APMC,0.7706,0.4417,48717.729825,244,M7,False
tomato,4,2545.0,Rajkot(Veg.Sub Yard) APMC,1.0171,0.3101,38843.668716,244,M7,False
tomato,4,2549.0,Dahod(Veg. Market) APMC,0.9149,0.3611,26607.39989,244,M7,False
tomato,4,2551.0,Vadodara(Sayajipura) APMC,0.6813,0.4963,31115.28812,244,M7,False
tomato,4,2556.0,"Kalol(Veg,Market,Kalol) APMC",0.7257,0.4689,27206.71114,189,M7,False
tomato,4,2571.0,"Anand(Veg,Yard,Anand) APMC",0.4474,0.655,16636.993784,244,M7,False
tomato,4,2584.0,Mansa(Manas Veg Yard) APMC,1.1845,0.2374,45176.914672,244,M7,False
tomato,4,2668.0,Kottarakkara Market,1.1717,0.2425,219757.858134,244,M7,False
tomato,4,2670.0,Chathanoor Market,0.8067,0.4206,150769.372418,244,M7,False
tomato,4,2673.0,Mannar Market,0.5426,0.5879,56355.495107,244,M7,False
tomato,4,2674.0,Athirampuzha Market,-0.1203,0.9044,-15033.843476,244,M6,False
tomato,4,2675.0,Thalayolaparambu Market,0.1172,0.9068,16746.975217,244,M7,False
tomato,4,2676.0,Adimali Market,1.4262,0.1551,170153.407717,243,M7,False
tomato,4,2677.0,Vandiperiyar Market,0.1566,0.8757,10579.02176,236,M7,False
tomato,4,2679.0,Kattappana Market,1.5112,0.132,118674.13775,244,M7,False
tomato,4,2680.0,Perumbavoor Market,-0.4782,0.633,-48889.773073,244,M6,False
tomato,4,2681.0,Kothamangalam Market,-0.0457,0.9636,-5824.456622,244,M6,False
tomato,4,2682.0,vadakarapathy Market,-0.7331,0.4644,-68101.377561,196,M6,False
tomato,4,2683.0,Vadakkenchery Market,0.1327,0.8945,16027.530141,244,M7,False
tomato,4,2684.0,Perinthalmanna Market,0.2235,0.8233,9180.455885,231,M7,False
tomato,4,2685.0,Parappanangadi Market,-0.281,0.779,-11174.128378,203,M6,False
tomato,4,2686.0,Thirurrangadi Market,0.2001,0.8415,12931.68956,244,M7,False
tomato,4,2687.0,Kondotty Market,-0.7081,0.4796,-34510.37969,228,M6,False
tomato,4,2689.0,Perambra Market,-0.1289,0.8976,-11340.376641,231,M6,False
tomato,4,2690.0,Mukkom Market,-1.1244,0.2623,-94151.70024,187,M6,False
tomato,4,2691.0,Quilandy Market,0.0679,0.9459,4516.088557,244,M7,False
tomato,4,2692.0,Thamarassery Market,-0.4983,0.6187,-32233.246356,244,M6,False
tomato,4,2693.0,Chala Market,0.2277,0.8201,15526.29059,244,M7,False
tomato,4,2696.0,Phillaur(Apra Mandi) APMC,0.0559,0.9555,1732.433484,192,M7,False
tomato,4,2701.0,Garh Shankar(Mahalpur) APMC,-0.3791,0.705,-12033.96022,210,M6,False
tomato,4,2704.0,Amrawati(Frui & Veg. Market) APMC,0.0835,0.9335,2904.448124,244,M7,False
tomato,4,2713.0,Bonai APMC,1.6015,0.1108,149832.213246,210,M7,False
tomato,4,2714.0,Bargarh(Barapalli) APMC,0.6939,0.4886,50832.105924,184,M7,False
tomato,4,2720.0,Kendrapara(Marshaghai) APMC,1.4837,0.1392,156884.757082,244,M7,False
tomato,4,2721.0,Keonjhar(Dhekikote) APMC,1.2944,0.1968,53561.021255,244,M7,False
tomato,4,2738.0,Udaipur (F&V) APMC,0.2237,0.8232,8184.712246,232,M7,False
tomato,4,2739.0,Chomu FV APMC,-0.4654,0.6421,-20144.40667,244,M6,False
tomato,4,2744.0,Bassi APMC,0.5086,0.6115,31443.107257,244,M7,False
tomato,4,2758.0,HanumangarhTown APMC,0.0529,0.9579,1106.16745,188,M7,False
tomato,4,2773.0,Mehsana(Mehsana Veg) APMC,1.5826,0.1148,53921.338156,244,M7,False
tomato,4,2774.0,Deesa(Deesa Veg Yard) APMC,1.0595,0.2904,51230.139123,244,M7,False
tomato,4,2800.0,Khandhla APMC,-0.4962,0.6202,-6065.579946,231,M6,False
tomato,4,2803.0,Noida APMC,-0.8063,0.4208,-32821.992757,244,M6,False
tomato,4,2808.0,Milak APMC,-0.7473,0.4557,-19164.616928,214,M6,False
tomato,4,2896.0,Sealdah Koley Market APMC,0.5244,0.6005,27700.391801,244,M7,False
tomato,4,2897.0,Habra APMC,1.2244,0.222,41362.169566,244,M7,False
tomato,4,2898.0,Khatra APMC,0.4914,0.6236,27615.248325,244,M7,False
tomato,4,2899.0,Durgapur APMC,-0.3908,0.6963,-17246.371396,244,M6,False
tomato,4,2900.0,Memari APMC,-0.0579,0.9539,-1586.759568,244,M6,False
tomato,4,2901.0,Pundibari APMC,0.0791,0.9371,5836.2975,190,M7,False
tomato,4,2905.0,Balarampur APMC,-0.2294,0.8188,-4097.13638,244,M6,False
tomato,4,2907.0,Chevella APMC,-1.01,0.3135,-47313.727606,237,M6,False
tomato,4,2910.0,"New Grain Market , Faridabad APMC",0.8778,0.3809,24707.25407,242,M7,False
tomato,4,2940.0,Tiruchengode APMC,-1.6402,0.1037,-321294.571947,115,M6,False
tomato,4,2970.0,Thuraiyur APMC,-1.6413,0.1044,-385984.381668,87,M6,False
tomato,4,3014.0,Kalikiri APMC,0.4254,0.6709,14179.850286,244,M7,False
tomato,4,3018.0,L B Nagar APMC,0.705,0.4816,20740.770453,205,M7,False
tomato,4,3044.0,Bagepalli APMC,1.0455,0.297,21513.380762,206,M7,False
tomato,4,3045.0,Harda(F&V) APMC,1.8278,0.0698,57897.50506,137,M7,False
tomato,4,3050.0,Khandwa(F&V) APMC,1.5656,0.1194,31673.787878,159,M7,False
tomato,4,3054.0,Dewas(F&V) APMC,0.4775,0.6336,10459.585671,159,M7,False
tomato,4,3059.0,Lashkar(F&V) APMC,2.9429,0.0037,64038.493113,161,M7,True
tomato,4,3067.0,Sagar(F&V) APMC,3.0477,0.0027,62519.700217,160,M7,True
tomato,4,3071.0,Jabalpur(F&V) APMC,2.6696,0.0084,49801.861456,160,M7,True
tomato,4,3075.0,Chhindwara(F&V) APMC,1.5612,0.1209,36823.943532,131,M7,False
tomato,4,3080.0,Tusura APMC,-0.8347,0.4051,-21856.702221,173,M6,False
tomato,4,3084.0,Saraskana APMC,0.586,0.5585,46137.874061,218,M7,False
tomato,4,3086.0,Godbhaga APMC,1.3187,0.189,95613.447796,179,M7,False
tomato,4,3087.0,Sahidngar APMC,1.2653,0.2078,103868.322541,146,M7,False
tomato,4,3089.0,Sarankul APMC,1.9016,0.0587,50802.495785,191,M7,False
tomato,4,3092.0,Saharpada APMC,1.5586,0.1204,71955.426581,244,M7,False
tomato,4,3093.0,Sohela APMC,0.9196,0.3593,130408.837454,149,M7,False
tomato,4,3100.0,Sonamura APMC,1.4566,0.1465,167906.260468,244,M7,False
tomato,4,3105.0,Barpathari APMC,1.8892,0.0601,361528.049893,232,M7,False
tomato,4,3117.0,Asansol APMC,0.1711,0.8643,8506.032546,244,M7,False
tomato,4,3130.0,Junnar(Narayangaon) APMC,0.4254,0.6709,14139.132077,244,M7,False
tomato,4,3142.0,Kamthi APMC,0.7426,0.4584,34133.481593,244,M7,False
tomato,4,3218.0,Tiphra APMC,1.1731,0.242,29892.226105,228,M7,False
tomato,4,3297.0,Khariar APMC,0.9904,0.3231,125075.008629,218,M7,False
tomato,4,3299.0,Chuliaposi APMC,1.5474,0.1237,249464.492699,163,M7,False
tomato,4,3300.0,Gopa APMC,1.2641,0.2074,88234.476218,244,M7,False
tomato,4,3301.0,Pattamundai APMC,1.553,0.1217,180260.852709,244,M7,False
tomato,4,3302.0,Chatta Krushak Bazar APMC,1.6017,0.1105,196575.538739,244,M7,False
tomato,4,3306.0,Nilagiri APMC,0.5998,0.5492,15196.050643,231,M7,False
tomato,4,3308.0,Hindol APMC,1.1156,0.2657,89213.709434,244,M7,False
tomato,4,3327.0,Mahabubnagar(Rythu Bazar) APMC,0.695,0.4878,52935.875695,206,M7,False
tomato,4,3332.0,Mehndipatnam(Rythu Bazar) APMC,0.7076,0.48,34551.469719,205,M7,False
tomato,4,3339.0,Falakata APMC,-0.0088,0.993,-549.655474,227,M6,False
tomato,4,3341.0,Karsiyang(Matigara) APMC,1.3648,0.1736,175870.720266,244,M7,False
tomato,4,3344.0,Gangarampur(Dakshin Dinajpur) APMC,0.604,0.5464,33967.285899,244,M7,False
tomato,4,3346.0,Diamond Harbour(South 24-pgs) APMC,0.7316,0.4651,57188.263091,244,M7,False
tomato,4,3347.0,Kalipur APMC,0.3702,0.7115,24927.112831,244,M7,False
tomato,4,3349.0,Ranaghat APMC,1.0452,0.297,86256.877126,244,M7,False
tomato,4,3350.0,Chakdah APMC,0.6491,0.5169,44051.668622,244,M7,False
tomato,4,3352.0,Garbeta(Medinipur) APMC,0.5619,0.5747,46973.101445,244,M7,False
tomato,4,3354.0,Kasipur APMC,1.0215,0.313,137738.298113,42,M7,False
tomato,4,3355.0,Sainthia APMC,-0.136,0.8919,-7993.129001,244,M6,False
tomato,4,3374.0,Vankaner(Sub yard) APMC,2.2359,0.0268,128659.887834,155,M7,True
tomato,4,3393.0,Broadway market Market,0.3462,0.7297,50953.871906,141,M7,False
tomato,4,3394.0,North Paravur Market,-0.1618,0.8717,-22544.393547,142,M6,False
tomato,4,3445.0,APMC Azadpur,0.2819,0.7783,9190.40071,244,M7,False
tomato,4,3449.0,Pune(Manjri) APMC,0.7263,0.4683,39929.197816,244,M7,False
tomato,4,3450.0,Pune(Moshi) APMC,0.9337,0.3514,23961.874643,244,M7,False
tomato,4,3452.0,Agriculture Produce Market Committee Hingna,1.5271,0.1284,96353.677396,195,M7,False
tomato,4,3517.0,PMY Kangni Mandi,1.5084,0.1391,68697.400888,42,M7,False
tomato,4,3626.0,Dablirathan APMC,0.531,0.597,44367.901235,73,M7,False
tomato,4,3673.0,Boxonagar,1.6455,0.1012,229273.237903,244,M7,False
tomato,4,3680.0,Kadamtala,0.9079,0.3648,67673.078501,244,M7,False
tomato,4,4055.0,Ariyalur(Uzhavar Sandhai),0.5268,0.5994,70430.494384,111,M7,False
tomato,4,4056.0,Jeyankondam (Uzhavar Sandhai ),1.4939,0.1381,205142.902008,111,M7,False
tomato,4,4057.0,RSPuram(Uzhavar Sandhai ),-0.7091,0.4804,-64020.246532,78,M6,False
tomato,4,4058.0,Singanallur(Uzhavar Sandhai ),-0.16,0.8732,-14963.777224,111,M6,False
tomato,4,4059.0,Pollachi(Uzhavar Sandhai ),0.0351,0.9721,3472.398261,111,M7,False
tomato,4,4060.0,Mettupalayam(Uzhavar Sandhai ),0.0379,0.9699,4419.88754,111,M7,False
tomato,4,4061.0,Kurichi(Uzhavar Sandhai ),-1.5649,0.1211,-104045.575204,91,M6,False
tomato,4,4062.0,Sulur(Uzhavar Sandhai ),0.4992,0.6186,56383.102799,111,M7,False
tomato,4,4063.0,Vadavalli(Uzhavar Sandhai ),0.3392,0.7351,40091.727555,111,M7,False
tomato,4,4064.0,Sundarapuram(Uzhavar Sandhai ),-0.7326,0.4659,-69117.068586,81,M6,False
tomato,4,4065.0,Cuddalore(Uzhavar Sandhai ),0.5437,0.5877,60512.953316,111,M7,False
tomato,4,4066.0,Chidambaram(Uzhavar Sandhai ),0.9287,0.3554,93806.986622,97,M7,False
tomato,4,4067.0,Viruthachalam(Uzhavar Sandhai ),0.8784,0.3816,110397.267616,111,M7,False
tomato,4,4068.0,Panruti(Uzhavar Sandhai ),1.1937,0.2352,109292.340103,111,M7,False
tomato,4,4069.0,Vadalur(Uzhavar Sandhai ),0.9504,0.3498,145637.080542,30,M7,False
tomato,4,4070.0,Dharmapuri(Uzhavar Sandhai ),0.198,0.8434,18619.644933,111,M7,False
tomato,4,4071.0,Pennagaram(Uzhavar Sandhai ),-0.223,0.8239,-19593.742548,111,M6,False
tomato,4,4072.0,Palacode(Uzhavar Sandhai ),0.2086,0.8353,21108.084255,83,M7,False
tomato,4,4073.0,Harur(Uzhavar Sandhai ),0.2179,0.8279,20598.702878,111,M7,False
tomato,4,4074.0,AJattihalli(Uzhavar Sandhai ),-0.0727,0.9422,-5194.863965,98,M6,False
tomato,4,4075.0,Dindigul(Uzhavar Sandhai ),0.1177,0.9065,14359.146587,111,M7,False
tomato,4,4076.0,Palani(Uzhavar Sandhai ),-0.3666,0.7146,-28701.335254,111,M6,False
tomato,4,4077.0,Chinnalapatti(Uzhavar Sandhai ),0.1534,0.8784,19963.190975,111,M7,False
tomato,4,4080.0,Vedasanthur(Uzhavar Sandhai ),0.0466,0.9629,3828.06221,111,M7,False
tomato,4,4081.0,Sampath Nagar(Uzhavar Sandhai ),0.3541,0.7242,38111.513266,82,M7,False
tomato,4,4082.0,Gobichettipalayam(Uzhavar Sandhai ),0.5073,0.613,61607.999592,111,M7,False
tomato,4,4083.0,Sathiyamagalam(Uzhavar Sandhai ),0.2952,0.7686,37622.863774,78,M7,False
tomato,4,4084.0,Periyar Nagar(Uzhavar Sandhai ),0.3514,0.7259,34659.048763,111,M7,False
tomato,4,4085.0,Perundurai(Uzhavar Sandhai ),0.4678,0.6409,53719.230602,111,M7,False
tomato,4,4086.0,Thalavadi(Uzhavar Sandhai ),-0.5624,0.5755,-53011.620279,78,M6,False
tomato,4,4087.0,Kancheepuram(Uzhavar Sandhai ),0.582,0.5617,53622.101095,111,M7,False
tomato,4,4088.0,Padappai(Uzhavar Sandhai ),0.3048,0.7611,34465.530438,111,M7,False
tomato,4,4089.0,Sunguvarchatram(Uzhavar Sandhai ),0.4362,0.6635,57113.902549,111,M7,False
tomato,4,4090.0,Kundrathur(Uzhavar Sandhai ),0.9837,0.3274,117389.714793,111,M7,False
tomato,4,4091.0,Karur(Uzhavar Sandhai ),0.1583,0.8745,18013.740736,111,M7,False
tomato,4,4092.0,Kulithalai(Uzhavar Sandhai ),0.0228,0.9819,2335.833229,111,M7,False
tomato,4,4093.0,Velayuthampalayam(Uzhavar Sandhai ),0.2094,0.8347,27690.356186,84,M7,False
tomato,4,4094.0,Pallapatti (Uzhavar Sandhai ),-0.0386,0.9693,-3969.367509,111,M6,False
tomato,4,4096.0,Hosur(Uzhavar Sandhai ),0.0653,0.9481,6441.382179,111,M7,False
tomato,4,4097.0,Krishnagiri(Uzhavar Sandhai ),-0.9608,0.3387,-71088.008088,111,M6,False
tomato,4,4098.0,Kaveripattinam(Uzhavar Sandhai ),0.9407,0.3493,108001.469496,94,M7,False
tomato,4,4099.0,Denkanikottai(Uzhavar Sandhai ),0.0075,0.994,677.228045,111,M7,False
tomato,4,4100.0,Avallapalli(Uzhavar Sandhai ),0.1887,0.8506,19643.348544,111,M7,False
tomato,4,4102.0,Chokkikulam(Uzhavar Sandhai ),0.3027,0.7627,35139.66554,111,M7,False
tomato,4,4103.0,Palanganatham(Uzhavar Sandhai ),0.2609,0.7947,25962.842462,111,M7,False
tomato,4,4104.0,Usilampatti(Uzhavar Sandhai ),0.4603,0.6478,87033.773624,42,M7,False
tomato,4,4105.0,Thirumangalam(Uzhavar Sandhai ),0.0536,0.9574,5932.407323,111,M7,False
tomato,4,4106.0,Melur(Uzhavar Sandhai ),0.2436,0.808,25125.161859,111,M7,False
tomato,4,4107.0,Anaiyur(Uzhavar Sandhai ),0.0921,0.9268,10096.410225,111,M7,False
tomato,4,4108.0,Mayiladuthurai(Uzhavar Sandhai ),0.7097,0.4794,72846.065649,111,M7,False
tomato,4,4109.0,Nagapattinam(Uzhavar Sandhai ),0.5027,0.6162,57135.403792,111,M7,False
tomato,4,4110.0,Sirkali(Uzhavar Sandhai ),0.9815,0.3285,104562.837941,111,M7,False
tomato,4,4113.0,Rasipuram(Uzhavar Sandhai ),0.8984,0.3709,79314.347056,111,M7,False
tomato,4,4114.0,Kumarapalayam(Uzhavar Sandhai ),0.1879,0.8513,18850.832996,111,M7,False
tomato,4,4115.0,Paramathivelur(Uzhavar Sandhai ),1.2197,0.2252,148813.882881,111,M7,False
tomato,4,4116.0,Mohanur(Uzhavar Sandhai ),0.5619,0.5754,65324.08251,111,M7,False
tomato,4,4117.0,Udhagamandalam(Uzhavar Sandhai ),0.7921,0.43,92170.778289,111,M7,False
tomato,4,4118.0,Coonoor(Uzhavar Sandhai ),1.0141,0.3128,102239.764184,111,M7,False
tomato,4,4120.0,Gudalur(Uzhavar Sandhai ),0.4951,0.6215,47081.853691,111,M7,False
tomato,4,4121.0,Perambalur(Uzhavar Sandhai ),0.3995,0.6905,63611.978404,89,M7,False
tomato,4,4123.0,Pudukottai(Uzhavar Sandhai ),1.0254,0.3074,122854.614543,111,M7,False
tomato,4,4124.0,Aranthangi(Uzhavar Sandhai ),0.7742,0.4405,99045.089944,111,M7,False
tomato,4,4125.0,Alangudi(Uzhavar Sandhai ),0.8702,0.3863,110519.568036,99,M7,False
tomato,4,4126.0,Gandarvakottai(Uzhavar Sandhai ),0.6699,0.5043,74882.894163,111,M7,False
tomato,4,4127.0,Karambakkudi(Uzhavar Sandhai ),0.5451,0.5868,66511.684874,111,M7,False
tomato,4,4128.0,Viralimalai(Uzhavar Sandhai ),0.8606,0.3913,97424.292212,111,M7,False
tomato,4,4129.0,Ramanathapuram(Uzhavar Sandhai ),0.7482,0.4559,87643.053093,111,M7,False
tomato,4,4130.0,Paramakudi(Uzhavar Sandhai ),1.4463,0.1513,211624.982192,97,M7,False
tomato,4,4131.0,Kamuthi(Uzhavar Sandhai ),0.2358,0.8145,44959.430131,53,M7,False
tomato,4,4132.0,Sooramangalam(Uzhavar Sandhai ),-0.0067,0.9947,-821.596523,111,M6,False
tomato,4,4133.0,Ammapet(Uzhavar Sandhai ),0.4964,0.6206,54183.542947,111,M7,False
tomato,4,4134.0,Athur(Uzhavar Sandhai ),0.411,0.682,37125.440375,92,M7,False
tomato,4,4135.0,Thathakapatti(Uzhavar Sandhai ),-0.3014,0.7637,-31550.40541,111,M6,False
tomato,4,4136.0,Mettur(Uzhavar Sandhai ),0.1694,0.8658,20168.362815,98,M7,False
tomato,4,4137.0,Attayampatti(Uzhavar Sandhai ),0.2828,0.7778,31565.550015,111,M7,False
tomato,4,4138.0,Hasthampatti(Uzhavar Sandhai ),-0.1316,0.8955,-14568.456765,111,M6,False
tomato,4,4139.0,Elampillai(Uzhavar Sandhai ),0.2777,0.7818,30751.286707,111,M7,False
tomato,4,4140.0,Thammampatti (Uzhavar Sandhai ),0.3715,0.7111,45282.21005,91,M7,False
tomato,4,4141.0,Jalagandapuram(Uzhavar Sandhai ),-0.0912,0.9276,-11068.014966,87,M6,False
tomato,4,4142.0,Edapadi (Uzhavar Sandhai ),0.1378,0.8907,16357.408212,95,M7,False
tomato,4,4143.0,Sivagangai (Uzhavar Sandhai ),0.3675,0.7139,41970.79874,111,M7,False
tomato,4,4144.0,Devakottai (Uzhavar Sandhai ),0.599,0.5504,66803.358976,111,M7,False
tomato,4,4145.0,Karaikudi(Uzhavar Sandhai ),0.7417,0.4598,78943.361657,111,M7,False
tomato,4,4146.0,Tirupatthur(Uzhavar Sandhai ),0.6927,0.4902,72323.031371,97,M7,False
tomato,4,4147.0,Singampunari(Uzhavar Sandhai ),0.2938,0.7696,37797.662374,86,M7,False
tomato,4,4148.0,Thanjavur(Uzhavar Sandhai ),0.484,0.6294,55304.603939,111,M7,False
tomato,4,4149.0,Kumbakonam (Uzhavar Sandhai ),0.755,0.4519,79677.940828,111,M7,False
tomato,4,4150.0,Pattukottai(Uzhavar Sandhai ),0.7703,0.4428,80261.877171,111,M7,False
tomato,4,4151.0,Tirukattupalli(Uzhavar Sandhai ),0.6051,0.5498,97668.415375,30,M7,False
tomato,4,4152.0,Papanasam(Uzhavar Sandhai ),0.7278,0.4683,73175.226007,111,M7,False
tomato,4,4153.0,Theni(Uzhavar Sandhai ),-0.4241,0.6726,-38654.455437,84,M6,False
tomato,4,4154.0,Kambam(Uzhavar Sandhai ),-0.9711,0.3343,-61164.48391,85,M6,False
tomato,4,4155.0,Bodinayakanur(Uzhavar Sandhai ),0.0432,0.9656,3606.00501,111,M7,False
tomato,4,4156.0,Periyakulam(Uzhavar Sandhai ),-0.5897,0.5569,-47909.387156,91,M6,False
tomato,4,4157.0,Devaram(Uzhavar Sandhai ),-0.3136,0.7544,-27770.37749,111,M6,False
tomato,4,4158.0,Andipatti(Uzhavar Sandhai ),-0.1072,0.9149,-9902.172071,111,M6,False
tomato,4,4159.0,Chinnamanur(Uzhavar Sandhai ),-0.232,0.8171,-17471.224471,85,M6,False
tomato,4,4160.0,Palayamkottai(Uzhavar Sandhai ),0.6892,0.4922,87919.958239,111,M7,False
tomato,4,4161.0,Kandiyaperi(Uzhavar Sandhai ),-0.2975,0.7669,-48546.159683,83,M6,False
tomato,4,4162.0,Melapalayam(Uzhavar Sandhai ),-0.1264,0.8997,-19787.444695,82,M6,False
tomato,4,4163.0,Ambasamudram(Uzhavar Sandhai ),-0.6574,0.5126,-71467.727497,90,M6,False
tomato,4,4164.0,NGO Colony(Uzhavar Sandhai ),0.4463,0.6563,52143.372029,111,M7,False
tomato,4,4165.0,Tiruthani(Uzhavar Sandhai ),0.2908,0.7733,41274.769809,30,M7,False
tomato,4,4166.0,Tiruvallur(Uzhavar Sandhai ),1.2012,0.2322,145202.696642,111,M7,False
tomato,4,4167.0,Ambattur(Uzhavar Sandhai ),0.8066,0.4216,88912.696286,111,M7,False
tomato,4,4168.0,Paruthipattu(Uzhavar Sandhai ),0.6901,0.4916,78780.735624,111,M7,False
tomato,4,4169.0,Naravarikuppam(Uzhavar Sandhai ),1.0542,0.2941,126612.704233,111,M7,False
tomato,4,4170.0,Perambakkam(Uzhavar Sandhai ),0.5945,0.5534,78039.408137,111,M7,False
tomato,4,4172.0,Mannargudi I(Uzhavar Sandhai ),0.9126,0.3635,110721.409674,111,M7,False
tomato,4,4173.0,Tiruvarur(Uzhavar Sandhai ),1.4579,0.1477,157734.895054,111,M7,False
tomato,4,4174.0,Needamangalam(Uzhavar Sandhai ),0.7232,0.4711,74365.951167,111,M7,False
tomato,4,4175.0,Muthupettai(Uzhavar Sandhai ),1.294,0.1984,142956.151604,111,M7,False
tomato,4,4176.0,Mannargudi II(Uzhavar Sandhai ),0.9347,0.352,107840.586086,111,M7,False
tomato,4,4178.0,Tuticorin(Uzhavar Sandhai ),0.418,0.6768,43257.604411,111,M7,False
tomato,4,4179.0,Kovilpatti(Uzhavar Sandhai ),-0.2152,0.8302,-22020.433204,78,M6,False
tomato,4,4180.0,Tiruvannamalai(Uzhavar Sandhai ),-0.0502,0.96,-6023.430834,111,M6,False
tomato,4,4181.0,Polur(Uzhavar Sandhai ),0.3667,0.7145,37824.88979,111,M7,False
tomato,4,4182.0,Arani(Uzhavar Sandhai ),-0.0988,0.9214,-9737.211032,111,M6,False
tomato,4,4183.0,Cheyyar(Uzhavar Sandhai ),0.4647,0.6434,57572.366286,78,M7,False
tomato,4,4184.0,Chengam(Uzhavar Sandhai ),0.093,0.926,9207.889365,111,M7,False
tomato,4,4186.0,Keelpennathur(Uzhavar Sandhai ),1.1221,0.2643,139774.479758,111,M7,False
tomato,4,4187.0,Tamarainagar(Uzhavar Sandhai ),0.3156,0.7529,40382.888833,111,M7,False
tomato,4,4188.0,Anna nagar(Uzhavar Sandhai ),0.3557,0.7227,39637.15821,111,M7,False
tomato,4,4191.0,Manapparai(Uzhavar Sandhai ),0.1237,0.9018,15097.175846,78,M7,False
tomato,4,4192.0,Musiri(Uzhavar Sandhai ),0.3818,0.7034,36878.667097,111,M7,False
tomato,4,4193.0,Thiruverumbur(Uzhavar Sandhai ),0.535,0.5967,107049.472004,30,M7,False
tomato,4,4194.0,Lalgudi(Uzhavar Sandhai ),0.3505,0.7266,39496.713854,111,M7,False
tomato,4,4195.0,Manachanallur(Uzhavar Sandhai ),0.7865,0.4332,84834.629059,111,M7,False
tomato,4,4197.0,Katpadi (Uzhavar Sandhai ),0.6602,0.5107,66469.494416,94,M7,False
tomato,4,4198.0,Gudiyatham(Uzhavar Sandhai ),-0.287,0.7747,-15805.503368,111,M6,False
tomato,4,4199.0,Kahithapattarai(Uzhavar Sandhai ),-0.0815,0.9352,-6016.252074,99,M6,False
tomato,4,4201.0,Villupuram(Uzhavar Sandhai ),0.5163,0.6096,88340.951436,30,M7,False
tomato,4,4202.0,Gingee(Uzhavar Sandhai ),0.4554,0.6497,49883.218338,111,M7,False
tomato,4,4203.0,Aruppukottai(Uzhavar Sandhai ),0.6829,0.4961,81360.96281,111,M7,False
tomato,4,4204.0,Rajapalayam(Uzhavar Sandhai ),0.752,0.4537,93686.526225,111,M7,False
tomato,4,4205.0,Srivilliputhur(Uzhavar Sandhai ),0.3659,0.7152,39144.959782,111,M7,False
tomato,4,4206.0,Virudhunagar(Uzhavar Sandhai ),0.7393,0.4613,71703.712145,111,M7,False
tomato,4,4207.0,Sivakasi(Uzhavar Sandhai ),0.8021,0.4242,74657.27269,111,M7,False
tomato,4,4208.0,Sathur(Uzhavar Sandhai ),1.1321,0.26,114345.405166,111,M7,False
tomato,4,4209.0,Kariyapatti(Uzhavar Sandhai ),0.7355,0.4636,75047.888255,111,M7,False
tomato,4,4210.0,Thalavaipuram(Uzhavar Sandhai ),0.9473,0.3456,111255.680943,111,M7,False
tomato,4,4212.0,Myladi(Uzhavar Sandhai ),0.8772,0.3823,76970.481016,111,M7,False
tomato,4,4213.0,Pallavaram(Uzhavar Sandhai ),0.858,0.3928,110882.845522,111,M7,False
tomato,4,4214.0,Chengalpet(Uzhavar Sandhai ),0.978,0.3302,129338.193598,111,M7,False
tomato,4,4215.0,Medavakkam(Uzhavar Sandhai ),0.4716,0.6381,48174.933119,111,M7,False
tomato,4,4216.0,Nanganallur(Uzhavar Sandhai ),1.7008,0.0923,231074.937033,96,M7,False
tomato,4,4217.0,Madhuranthagam(Uzhavar Sandhai ),0.9727,0.3328,94974.516917,111,M7,False
tomato,4,4219.0,Jameenrayapettai(Uzhavar Sandhai ),0.7102,0.4791,79101.670755,111,M7,False
tomato,4,4220.0,Guduvancheri(Uzhavar Sandhai ),0.6224,0.5349,74560.25838,111,M7,False
tomato,4,4221.0,Thirukalukundram(Uzhavar Sandhai ),0.7068,0.4812,70103.045083,111,M7,False
tomato,4,4222.0,Kallakurichi(Uzhavar Sandhai ),0.5258,0.6001,55799.303625,111,M7,False
tomato,4,4224.0,Sankarapuram(Uzhavar Sandhai ),0.8012,0.4247,87233.904614,111,M7,False
tomato,4,4225.0,Ranipettai(Uzhavar Sandhai ),0.8129,0.4188,104070.71403,78,M7,False
tomato,4,4226.0,Arcot(Uzhavar Sandhai ),0.8522,0.396,94159.597394,111,M7,False
tomato,4,4227.0,Sankarankoil(Uzhavar Sandhai ),0.4972,0.6201,49523.420462,98,M7,False
tomato,4,4228.0,Tenkasi(Uzhavar Sandhai ),-0.3556,0.723,-33082.389491,82,M6,False
tomato,4,4229.0,Vaniyampadi(Uzhavar Sandhai ),0.01,0.992,1436.424275,111,M7,False
tomato,4,4231.0,Natrampalli(Uzhavar Sandhai ),0.0275,0.9781,2581.052974,111,M7,False
tomato,4,4232.0,Palladam(Uzhavar Sandhai ),0.1156,0.9082,10456.380818,97,M7,False
tomato,4,4234.0,Tiruppur (North) (Uzhavar Sandhai ),-0.0607,0.9517,-5559.457315,111,M6,False
tomato,4,4235.0,Tiruppur (South) (Uzhavar Sandhai ),-0.9701,0.3347,-63435.907583,87,M6,False
tomato,4,4236.0,Dharapuram(Uzhavar Sandhai ),-0.1465,0.8838,-12760.376628,98,M6,False
tomato,4,4237.0,Kangayam(Uzhavar Sandhai ),0.4203,0.6751,45568.719884,111,M7,False
tomato,4,4240.0,Balarampuram Market,1.5074,0.1351,291399.792855,94,M7,False
tomato,4,4247.0,Balugaon APMC,0.9531,0.3438,81280.543973,72,M7,False
tomato,4,4251.0,Ambagan APMC,1.1669,0.2465,71471.83403,85,M7,False
tomato,4,4252.0,Haibargaon APMC,1.551,0.1247,126456.616724,85,M7,False
tomato,4,4295.0,Barpeta Road APMC,0.8817,0.381,53013.848728,70,M7,False
tomato,4,4390.0,Manjhanpur APMC,0.5288,0.5984,36249.727319,83,M7,False
tomato,4,4402.0,SMY Jogindernagar,1.5185,0.1353,135528.426571,50,M7,False
tomato,4,4407.0,SMY Takarla,-0.8425,0.406,-102886.64676,32,M6,False
tomato,4,4429.0,Badwani(F&V) APMC,0.2303,0.8184,1600.903778,87,M7,False
tomato,4,4464.0,Hoshangabad(F&V) APMC,-0.7677,0.4453,-9396.8276,70,M6,False
tomato,4,4469.0,Jawra(F&V) APMC,-0.8442,0.4013,-41078.624358,74,M6,False
tomato,4,4478.0,Karera(F&V) APMC,-0.4877,0.6288,-8388.207712,36,M6,False
tomato,4,4491.0,Kukshi(F&V) APMC,-1.9432,0.0596,-19448.254305,38,M6,False
tomato,4,4499.0,Maihar(F&V) APMC,-1.0115,0.3184,-24221.137093,38,M6,False
tomato,4,4503.0,Manawar(F&V) APMC,0.3347,0.7388,4024.096642,72,M7,False
tomato,4,4523.0,Petlawad(F&V) APMC,-2.3796,0.0196,-43746.015408,85,M6,True
tomato,4,4524.0,Pipariya(F&V) APMC,0.6999,0.4859,21435.029648,86,M7,False
tomato,4,4529.0,Rehli(F&V) APMC,1.6306,0.1115,65940.305174,38,M7,False
tomato,4,4531.0,Rewa(F&V) APMC,1.1468,0.2551,14960.991971,76,M7,False
tomato,4,4532.0,Sabalgarh(F&V) APMC,0.4581,0.6481,5565.531028,82,M7,False
tomato,4,4534.0,Sanawad(F&V) APMC,-1.5873,0.1169,-84829.022889,71,M6,False
tomato,4,4535.0,Sanwer(F&V) APMC,0.982,0.3325,39603.903463,38,M7,False
tomato,4,4538.0,Sehore(F&V) APMC,-0.2076,0.8361,-5679.185092,85,M6,False
tomato,4,4539.0,Sendhwa(F&V) APMC,-0.1502,0.8809,-1653.271452,87,M6,False
tomato,4,4540.0,Seoni(F&V) APMC,-2.8862,0.0073,-26666.507027,30,M6,True
tomato,4,4557.0,Timarni(F&V) APMC,-0.918,0.3612,-42204.471753,86,M6,False
tomato,4,4665.0,Chhibramau APMC,0.1154,0.9083,4988.947202,161,M7,False
tomato,4,4667.0,Balurghat APMC,1.0359,0.3015,129986.563421,205,M7,False
tomato,4,4681.0,Ayodhya APMC,-0.7182,0.4746,-40050.524266,87,M6,False
tomato,4,4707.0,"Fruit&Vegetable Market,Gazipur APMC",1.1055,0.2754,71180.697999,42,M7,False
tomato,4,4790.0,Valmikipuram APMC,1.1959,0.2386,154832.437509,42,M7,False
tomato,4,4834.0,Doomdumia APMC,-0.988,0.3297,-60959.621216,37,M6,False
tomato,13,2.0,Mahboob Manison APMC,-0.0888,0.9293,-5078.567742,204,M6,False
tomato,13,9.0,Shadnagar APMC,0.4264,0.6702,9311.058653,235,M7,False
tomato,13,19.0,Warangal APMC,0.9172,0.3602,33337.350131,201,M7,False
tomato,13,43.0,Chandigarh (Grain/F&V) APMC,-0.3644,0.7159,-22805.169708,233,M6,False
tomato,13,54.0,Bharuch APMC,-0.4749,0.6358,-11232.597423,113,M6,False
tomato,13,57.0,Nadiad APMC,0.338,0.7359,4291.849988,146,M7,False
tomato,13,62.0,Morbi APMC,0.5085,0.6116,29474.360375,235,M7,False
tomato,13,64.0,Surat APMC,0.2768,0.7822,11451.607985,235,M7,False
tomato,13,66.0,Ahmedabad APMC,0.6366,0.525,41619.712854,235,M7,False
tomato,13,69.0,PMY Kangra,0.5022,0.616,43108.772592,235,M7,False
tomato,13,70.0,PMY Kullu,0.392,0.6954,26408.338058,235,M7,False
tomato,13,71.0,PMY Paonta Sahib,0.1028,0.9182,12883.558905,235,M7,False
tomato,13,72.0,PMY Kather Solan,-1.3066,0.1929,-50892.76898,188,M6,False
tomato,13,75.0,Fatehabad APMC,1.1362,0.2573,48096.52404,196,M7,False
tomato,13,79.0,Narwana APMC,1.4114,0.1595,37673.19872,235,M7,False
tomato,13,80.0,Safidon APMC,0.8477,0.3975,19346.02478,235,M7,False
tomato,13,85.0,Ladwa APMC,0.8214,0.4122,28456.086145,235,M7,False
tomato,13,86.0,Pehowa APMC,-0.4231,0.6726,-5983.492986,235,M6,False
tomato,13,87.0,Thanesar APMC,0.3012,0.7635,16002.207106,234,M7,False
tomato,13,89.0,Shahabad APMC,2.882,0.0043,43934.675914,235,M7,True
tomato,13,92.0,kalanwali APMC,1.3033,0.1941,62206.134651,187,M7,False
tomato,13,97.0,Parimpore Srinagar (F&V),0.5154,0.6068,56421.708826,235,M7,False
tomato,13,98.0,Udhampur (F&V),0.8721,0.3841,50242.080283,235,M7,False
tomato,13,100.0,"Binny Mill (F&V), Bengaluru APMC",0.8212,0.4124,65230.528769,235,M7,False
tomato,13,106.0,Davangere APMC,0.0404,0.9678,2584.159058,235,M7,False
tomato,13,112.0,Kolar APMC,-0.3605,0.7188,-14840.980421,235,M6,False
tomato,13,115.0,Mysuru APMC,0.6894,0.4912,30523.689782,235,M7,False
tomato,13,125.0,Ernakulam Market,-1.036,0.3013,-103629.327825,234,M6,False
tomato,13,126.0,Aluva Market,-0.5095,0.6109,-62963.801972,235,M6,False
tomato,13,128.0,Thalasserry Market,-0.8119,0.4187,-172564.494685,104,M6,False
tomato,13,131.0,Kollam Market,-1.0352,0.3017,-196273.003164,235,M6,False
tomato,13,132.0,Kottayam Market,-0.7518,0.4529,-85956.40388,235,M6,False
tomato,13,134.0,Manjeri Market,-0.9609,0.3376,-91231.418762,235,M6,False
tomato,13,135.0,Palakkad Market,-0.6261,0.5319,-55938.861627,235,M6,False
tomato,13,136.0,Koduvayoor Market,0.0212,0.9831,1467.416329,235,M7,False
tomato,13,139.0,Thrissur Market,0.0147,0.9883,809.881262,235,M7,False
tomato,13,140.0,Kodungalloor Market,-0.2959,0.7676,-31762.205283,215,M6,False
tomato,13,145.0,Ahilyanagar APMC,-0.1021,0.9188,-3551.000929,235,M6,False
tomato,13,151.0,Jalgaon APMC,-0.8919,0.3734,-63028.292659,235,M6,False
tomato,13,152.0,Kolhapur APMC,-0.2934,0.7695,-10318.1351,235,M6,False
tomato,13,154.0,Mumbai APMC,-0.0999,0.9205,-4651.136312,235,M6,False
tomato,13,155.0,Nagpur APMC,0.5679,0.5707,41603.08716,235,M7,False
tomato,13,160.0,Nasik APMC,0.6321,0.528,13550.942306,235,M7,False
tomato,13,162.0,Pimpalgaon Baswant APMC,-0.328,0.7432,-15027.940794,219,M6,False
tomato,13,164.0,Pune APMC,-0.1447,0.8851,-5293.642329,235,M6,False
tomato,13,168.0,SHRI.SIDDHESHWAR APMC,0.1079,0.9142,1707.895152,235,M7,False
tomato,13,173.0,Bhopal(F&V) APMC,,,-21010.599182,117,M6,False
tomato,13,179.0,Indore(F&V) APMC,0.2136,0.8312,1130.183246,139,M7,False
tomato,13,184.0,Rajnandgaon APMC,1.4365,0.1522,76241.560149,235,M7,False
tomato,13,198.0,Attabira APMC,1.1624,0.2465,129348.729414,200,M7,False
tomato,13,199.0,Bargarh APMC,0.9151,0.3611,105959.595619,235,M7,False
tomato,13,200.0,Bhadrak APMC,1.4803,0.141,272239.469751,143,M7,False
tomato,13,202.0,Kantabaji APMC,1.0802,0.2812,114339.515973,233,M7,False
tomato,13,203.0,Kendrapara APMC,1.7928,0.0743,296739.889777,235,M7,False
tomato,13,206.0,Kesinga APMC,1.7613,0.0795,359042.532533,235,M7,False
tomato,13,207.0,Bhawanipatna APMC,0.4158,0.678,28551.79831,183,M7,False
tomato,13,214.0,Rayagada APMC,1.465,0.1448,121694.752716,171,M7,False
tomato,13,216.0,Tarantaran APMC,-0.4293,0.6681,-14093.426963,217,M6,False
tomato,13,218.0,Fazilka APMC,1.059,0.2907,28923.411916,235,M7,False
tomato,13,219.0,Jalalabad APMC,0.4059,0.6852,8583.837835,235,M7,False
tomato,13,226.0,Khanna APMC,1.671,0.0961,28853.264816,235,M7,False
tomato,13,227.0,Jagraon APMC,0.7115,0.4781,30739.259369,131,M7,False
tomato,13,228.0,Baghapurana APMC,-0.2231,0.8237,-5288.547972,217,M6,False
tomato,13,230.0,Muktsar APMC,0.5279,0.5982,28258.314779,181,M7,False
tomato,13,231.0,Malout APMC,0.8565,0.3926,23436.055286,235,M7,False
tomato,13,233.0,Patran APMC,2.7887,0.0057,28901.924822,235,M7,True
tomato,13,234.0,Samana APMC,0.0133,0.9894,205.332268,206,M7,False
tomato,13,235.0,Nabha APMC,1.9913,0.0478,47501.303711,196,M7,True
tomato,13,236.0,Barnala APMC,0.8175,0.4148,20099.89228,169,M7,False
tomato,13,237.0,Dhuri APMC,-1.0676,0.287,-28567.839532,196,M6,False
tomato,13,238.0,Malerkotla APMC,2.0973,0.0376,31592.746262,156,M7,True
tomato,13,239.0,Sunam APMC,0.4614,0.6451,8191.736275,178,M7,False
tomato,13,240.0,Bhawanigarh APMC,0.3897,0.6971,6999.929739,235,M7,False
tomato,13,244.0,Alwar APMC,1.3446,0.1879,137413.854911,34,M7,False
tomato,13,247.0,Baran APMC,0.6292,0.5307,17687.597969,101,M7,False
tomato,13,250.0,Bhilwara APMC,1.6411,0.1021,51479.677582,235,M7,False
tomato,13,261.0,Jaipur (F&V) APMC,1.5449,0.1238,96701.21817,217,M7,False
tomato,13,292.0,Ulundurpettai APMC,-0.6466,0.5193,-38020.51998,106,M6,False
tomato,13,295.0,Bishalgarh APMC,1.3905,0.1659,360436.34952,198,M7,False
tomato,13,296.0,Teliamura APMC,1.6253,0.1055,173653.784724,221,M7,False
tomato,13,297.0,Agra APMC,1.8318,0.0683,46181.411975,235,M7,False
tomato,13,298.0,Prayagraj APMC,0.5909,0.5552,12646.626355,235,M7,False
tomato,13,299.0,Bahraich APMC,1.6617,0.0979,74342.471971,235,M7,False
tomato,13,300.0,Ballia APMC,0.048,0.9618,1309.038279,211,M7,False
tomato,13,301.0,Barabanki APMC,1.5507,0.1223,46882.745462,235,M7,False
tomato,13,302.0,Bareilly APMC,0.3332,0.7393,7427.069411,235,M7,False
tomato,13,303.0,Dehradoon APMC,0.6237,0.5335,16660.527808,201,M7,False
tomato,13,305.0,Farukhabad APMC,0.7362,0.4624,10659.235525,208,M7,False
tomato,13,306.0,Ghaziabad APMC,0.4101,0.6822,9112.673476,211,M7,False
tomato,13,307.0,Gorakhpur APMC,1.6276,0.105,67434.665864,235,M7,False
tomato,13,308.0,Hardoi APMC,1.6517,0.1001,44493.263665,211,M7,False
tomato,13,309.0,Etawah APMC,1.7457,0.0822,36826.500332,235,M7,False
tomato,13,310.0,Jaunpur APMC,1.0429,0.2981,33604.69301,235,M7,False
tomato,13,311.0,Kanpur(Grain) APMC,1.6495,0.1004,35069.847285,235,M7,False
tomato,13,313.0,Lakhimpur APMC,1.53,0.1274,67544.979786,235,M7,False
tomato,13,314.0,Lalitpur APMC,0.6145,0.5395,21236.850941,211,M7,False
tomato,13,315.0,Lucknow APMC,1.4405,0.1511,34942.393929,235,M7,False
tomato,13,316.0,Mainpuri APMC,0.8682,0.3864,20369.325306,197,M7,False
tomato,13,317.0,Meerut APMC,-0.7175,0.4738,-40756.819264,211,M6,False
tomato,13,318.0,Muradabad APMC,0.9481,0.3441,24699.420532,215,M7,False
tomato,13,319.0,Kashipur APMC,0.4727,0.6368,10522.552725,233,M7,False
tomato,13,320.0,Pilibhit APMC,0.677,0.4991,21607.401714,235,M7,False
tomato,13,321.0,Saharanpur APMC,1.2072,0.2287,30966.999656,209,M7,False
tomato,13,322.0,Shahjahanpur APMC,-0.346,0.7297,-8232.961913,209,M6,False
tomato,13,324.0,Sitapur APMC,1.168,0.2441,27541.953933,219,M7,False
tomato,13,326.0,Rudrapur APMC,-0.074,0.9411,-4615.153552,230,M6,False
tomato,13,328.0,Barasat APMC,0.9071,0.3653,93404.859781,235,M7,False
tomato,13,331.0,Kalna APMC,1.0465,0.2964,83438.516883,235,M7,False
tomato,13,333.0,Coochbehar APMC,0.3558,0.7223,43895.686877,235,M7,False
tomato,13,334.0,Pandua APMC,0.8259,0.4097,81143.846572,235,M7,False
tomato,13,382.0,Dhing APMC,1.65,0.1037,126587.436547,67,M7,False
tomato,13,406.0,Durg APMC,0.8336,0.4053,39550.241964,235,M7,False
tomato,13,414.0,Raigarh APMC,1.0952,0.2746,100415.4988,235,M7,False
tomato,13,423.0,APMC Keshopur,1.5317,0.127,100114.120997,235,M7,False
tomato,13,424.0,APMC Shahdara,2.0192,0.0449,86575.517742,187,M7,True
tomato,13,434.0,Ankleshwar APMC,0.4817,0.6305,15680.892274,235,M7,False
tomato,13,450.0,Vadhvan APMC,0.7033,0.4826,40933.316655,235,M7,False
tomato,13,452.0,Panipat APMC,3.1847,0.0016,40720.357023,235,M7,True
tomato,13,454.0,Sonepat APMC,1.1332,0.2583,34325.860151,234,M7,False
tomato,13,455.0,Rohtak APMC,2.4817,0.0138,36706.483676,231,M7,True
tomato,13,456.0,Jhajjar APMC,1.1343,0.2578,77530.055394,235,M7,False
tomato,13,457.0,Rewari APMC,2.7463,0.0065,48953.779153,235,M7,True
tomato,13,459.0,Gurgaon APMC,2.2232,0.0272,59748.009564,235,M7,True
tomato,13,462.0,PMY Una,-0.1511,0.88,-14558.174359,235,M6,False
tomato,13,463.0,PMY Chamba,0.075,0.9403,8285.422685,235,M7,False
tomato,13,464.0,PMY Bilaspur,0.612,0.5412,47161.828508,235,M7,False
tomato,13,465.0,SMY Dhanotu,0.6973,0.4863,43173.888623,235,M7,False
tomato,13,466.0,PMY Hamirpur,0.0449,0.9642,6115.885678,235,M7,False
tomato,13,467.0,PMY Dhalli Shimla,0.6017,0.548,41749.750629,235,M7,False
tomato,13,468.0,SMY Palampur,0.608,0.5438,47980.720547,235,M7,False
tomato,13,471.0,SMY Bhuntar,-0.2034,0.839,-14115.094603,235,M6,False
tomato,13,472.0,Narwal Jammu (F&V),0.8443,0.3993,56955.026616,235,M7,False
tomato,13,489.0,Doddaballapur APMC,0.0293,0.9767,1454.725948,197,M7,False
tomato,13,491.0,Srinivasapur APMC,0.2263,0.8212,15518.402297,179,M7,False
tomato,13,492.0,Gauribidanur APMC,0.0191,0.9848,926.580861,198,M7,False
tomato,13,497.0,Gundlupet APMC,0.8303,0.4072,37027.79331,235,M7,False
tomato,13,499.0,K.R. Pet APMC,-0.454,0.6502,-7800.683761,235,M6,False
tomato,13,515.0,Palayam Market,-0.0036,0.9971,-112.208365,224,M6,False
tomato,13,530.0,Morena APMC,-0.0801,0.9362,-3086.692382,132,M6,False
tomato,13,555.0,Pandharpur APMC,-0.2866,0.7748,-10787.373216,196,M6,False
tomato,13,557.0,Chattrapati Sambhajinagar APMC,-0.5446,0.5866,-29665.176577,235,M6,False
tomato,13,591.0,Koraput APMC,1.232,0.2196,99610.195867,181,M7,False
tomato,13,592.0,Baripada APMC,1.6905,0.0923,283099.485816,235,M7,False
tomato,13,593.0,Padampur APMC,1.2054,0.2298,226242.348347,161,M7,False
tomato,13,594.0,Khariar Road APMC,1.6572,0.0988,187405.827795,235,M7,False
tomato,13,595.0,Bolangir APMC,1.2437,0.2155,96567.573019,155,M7,False
tomato,13,598.0,Patti APMC,0.3627,0.7172,14807.731284,222,M7,False
tomato,13,600.0,Gurdaspur APMC,1.7255,0.0863,54898.43913,167,M7,False
tomato,13,603.0,Bathinda APMC,1.4489,0.1487,39910.540251,235,M7,False
tomato,13,605.0,Raman APMC,-0.7038,0.4822,-17813.291251,235,M6,False
tomato,13,606.0,Faridkot APMC,0.7427,0.459,5801.098446,132,M7,False
tomato,13,608.0,Firozepur City APMC,0.37,0.7118,10082.317865,207,M7,False
tomato,13,613.0,Samrala APMC,1.7222,0.0867,46923.648188,193,M7,False
tomato,13,614.0,Phagwara APMC,1.9933,0.0476,81642.466002,204,M7,True
tomato,13,615.0,Budalada APMC,-0.0565,0.955,-1015.285319,235,M6,False
tomato,13,617.0,Giddarbaha APMC,0.5466,0.5853,12542.674302,193,M7,False
tomato,13,619.0,Dudhansadhan APMC,1.6668,0.0969,55754.521381,235,M7,False
tomato,13,621.0,Ropar APMC,,,56176.661838,32,M7,False
tomato,13,627.0,Churu APMC,1.4602,0.1456,54053.657618,235,M7,False
tomato,13,631.0,Jalore APMC,1.1865,0.2366,20519.228343,235,M7,False
tomato,13,636.0,Jhunjhunu APMC,0.3502,0.7266,8602.311767,176,M7,False
tomato,13,638.0,Sikar APMC,1.2596,0.2091,21234.67646,235,M7,False
tomato,13,642.0,Abu Road APMC,-1.064,0.2884,-48056.092537,235,M6,False
tomato,13,647.0,Buland Shahr APMC,1.2184,0.2243,24112.205832,235,M7,False
tomato,13,649.0,Baraut APMC,0.853,0.3946,18591.965882,213,M7,False
tomato,13,650.0,Shamli APMC,0.8315,0.4066,16485.614321,219,M7,False
tomato,13,651.0,Khatauli APMC,0.7204,0.4724,5334.554557,154,M7,False
tomato,13,652.0,Etah APMC,1.3757,0.1702,28214.363684,235,M7,False
tomato,13,653.0,Mathura APMC,1.7019,0.0901,36658.553554,235,M7,False
tomato,13,654.0,Rampur APMC,1.6063,0.1097,40955.62418,207,M7,False
tomato,13,655.0,Badayoun APMC,-0.1363,0.8917,-2446.403151,235,M6,False
tomato,13,656.0,Chandausi APMC,1.2839,0.2005,34099.098727,235,M7,False
tomato,13,657.0,Raibareilly APMC,0.9567,0.3397,25527.451354,235,M7,False
tomato,13,658.0,Gonda APMC,1.1602,0.2472,51755.616297,235,M7,False
tomato,13,659.0,Sultanpur APMC,1.1141,0.2665,31962.369709,209,M7,False
tomato,13,660.0,Pratapgarh APMC,1.764,0.079,52252.973028,235,M7,False
tomato,13,661.0,Devariya APMC,1.4045,0.1616,36519.47525,211,M7,False
tomato,13,662.0,Basti APMC,1.441,0.1509,42939.486249,235,M7,False
tomato,13,663.0,Azamgarh APMC,1.1294,0.2599,31753.892846,235,M7,False
tomato,13,664.0,Mirzapur APMC,1.1333,0.2584,34917.107589,214,M7,False
tomato,13,666.0,Jhansi APMC,1.8255,0.0693,53460.851316,219,M7,False
tomato,13,667.0,Rishikesh APMC,0.7822,0.4349,26586.577241,235,M7,False
tomato,13,668.0,Vikasnagar APMC,0.048,0.9618,814.700225,235,M7,False
tomato,13,669.0,Khateema APMC,1.2795,0.202,16905.432404,235,M7,False
tomato,13,670.0,Burdwan APMC,1.1182,0.2646,97251.769707,235,M7,False
tomato,13,671.0,Medinipur(West) APMC,0.9687,0.3337,100167.007119,235,M7,False
tomato,13,672.0,Birbhum APMC,1.6247,0.1056,129289.65519,235,M7,False
tomato,13,675.0,Jalpaiguri Sadar APMC,1.1631,0.2462,118586.769818,195,M7,False
tomato,13,676.0,Alipurduar APMC,1.4748,0.1416,140973.910198,235,M7,False
tomato,13,681.0,Vadaseri APMC,-1.9469,0.0542,-121937.54589,106,M6,False
tomato,13,682.0,Muzzafarnagar APMC,0.5536,0.5805,12243.887277,204,M7,False
tomato,13,683.0,Panisagar APMC,1.4326,0.1534,144881.389124,224,M7,False
tomato,13,690.0,Channapatna APMC,0.5404,0.5898,43530.260909,137,M7,False
tomato,13,707.0,Chamarajanagar APMC,-0.1621,0.8713,-4215.113084,235,M6,False
tomato,13,709.0,Chikkamagaluru APMC,0.2721,0.7858,13291.449272,235,M7,False
tomato,13,728.0,Kalaburagi APMC,0.6223,0.5343,51880.782027,235,M7,False
tomato,13,735.0,Hassan APMC,0.1627,0.8709,12573.456563,181,M7,False
tomato,13,742.0,Chickkaballapura APMC,0.9698,0.3331,44302.227768,235,M7,False
tomato,13,743.0,Chintamani APMC,0.2147,0.8302,6738.438931,235,M7,False
tomato,13,744.0,Bangarpet APMC,-0.1118,0.9111,-7383.126046,197,M6,False
tomato,13,745.0,Ramanagara APMC,0.504,0.6147,30421.546559,235,M7,False
tomato,13,753.0,Shimoga APMC,0.4069,0.6844,19501.827332,235,M7,False
tomato,13,793.0,Lalru APMC,1.4704,0.1428,53770.968716,235,M7,False
tomato,13,794.0,Morinda APMC,-0.9549,0.3412,-27170.213564,144,M6,False
tomato,13,795.0,Fatehpur APMC,0.7003,0.4844,15576.04987,235,M7,False
tomato,13,796.0,Auraiya APMC,1.2827,0.2009,31562.566464,235,M7,False
tomato,13,797.0,Mahoba APMC,0.9914,0.3227,33230.658487,200,M7,False
tomato,13,799.0,Ramkrishanpur(Howrah) APMC,0.6083,0.5436,69179.770386,235,M7,False
tomato,13,813.0,Sangamner APMC,-0.3775,0.7062,-12124.163054,223,M6,False
tomato,13,816.0,Firozabad APMC,1.8593,0.0642,43632.856649,235,M7,False
tomato,13,820.0,Ghatal APMC,1.1579,0.2494,165552.828821,114,M7,False
tomato,13,821.0,Champadanga APMC,0.9803,0.328,95318.532229,235,M7,False
tomato,13,823.0,Udupi APMC,1.1401,0.2558,109295.534484,171,M7,False
tomato,13,892.0,Ibrahimputnam APMC,1.1669,0.2447,29791.396279,195,M7,False
tomato,13,987.0,Pattikonda APMC,0.4503,0.6533,27506.91404,130,M7,False
tomato,13,1048.0,Venkateswarnagar APMC,-0.8553,0.3933,-46883.614829,226,M6,False
tomato,13,1061.0,Udumalpet APMC,1.4955,0.1378,50994.582541,106,M7,False
tomato,13,1070.0,Haldwani APMC,0.7308,0.4656,16085.102522,235,M7,False
tomato,13,1071.0,Haridwar Union APMC,0.7575,0.4495,16148.971989,235,M7,False
tomato,13,1072.0,Ramnagar APMC,0.1915,0.8483,9135.137105,207,M7,False
tomato,13,1073.0,Roorkee APMC,-0.4249,0.6713,-4608.006268,235,M6,False
tomato,13,1074.0,Kotadwara APMC,0.9885,0.3239,19368.950251,235,M7,False
tomato,13,1077.0,Manglaur APMC,0.8886,0.3751,14712.166926,235,M7,False
tomato,13,1078.0,Gudimalkapur APMC,-1.1752,0.2411,-35062.16985,235,M6,False
tomato,13,1079.0,Gohana APMC,1.6327,0.1039,79461.29698,235,M7,False
tomato,13,1081.0,Thodupuzha Market,-0.4837,0.6291,-51723.464522,235,M6,False
tomato,13,1108.0,Ambala Cantt. APMC,1.8155,0.0711,35582.50407,184,M7,False
tomato,13,1110.0,Ballabhgarh APMC,2.463,0.0145,83464.603991,235,M7,True
tomato,13,1111.0,Sohna APMC,1.4607,0.1454,49182.433654,235,M7,False
tomato,13,1113.0,Mohindergarh APMC,2.7831,0.0059,70105.779037,206,M7,True
tomato,13,1124.0,Bahadajholla APMC,1.5725,0.1176,159661.801235,182,M7,False
tomato,13,1125.0,Panposh APMC,1.3009,0.1947,163725.704025,216,M7,False
tomato,13,1128.0,Sirhind APMC,1.3023,0.1941,28900.085603,235,M7,False
tomato,13,1130.0,Mansa APMC,-0.2981,0.7659,-17010.445715,235,M6,False
tomato,13,1132.0,Madanganj Kishangarh APMC,1.1692,0.2438,55133.758121,188,M7,False
tomato,13,1138.0,Bijnaur APMC,0.4751,0.6352,5443.708907,213,M7,False
tomato,13,1139.0,Kasganj APMC,0.2928,0.7699,8081.011027,235,M7,False
tomato,13,1140.0,Amroha APMC,0.8289,0.4081,16780.613167,215,M7,False
tomato,13,1141.0,Pukharayan APMC,1.5227,0.1292,52747.639852,235,M7,False
tomato,13,1142.0,Kosikalan APMC,1.6669,0.0969,32991.648134,235,M7,False
tomato,13,1143.0,Unnao APMC,1.297,0.1959,36460.397179,235,M7,False
tomato,13,1147.0,Padra APMC,0.1999,0.8417,10796.829825,235,M7,False
tomato,13,1202.0,Sangareddy APMC,-1.2801,0.2026,-107763.01044,143,M6,False
tomato,13,1214.0,Tindivanam APMC,-0.8983,0.3711,-25349.833565,106,M6,False
tomato,13,1273.0,Navsari APMC,0.0796,0.9367,3405.290918,155,M7,False
tomato,13,1275.0,Kapadvanj APMC,-0.0927,0.9262,-4370.816838,235,M6,False
tomato,13,1287.0,Shrirampur APMC,-0.2367,0.8131,-11015.880311,235,M6,False
tomato,13,1290.0,Bhusaval APMC,-0.3356,0.7375,-20208.129858,235,M6,False
tomato,13,1304.0,Vadgaonpeth APMC,-0.2073,0.8359,-6474.219068,235,M6,False
tomato,13,1308.0,Islampur APMC,-0.2812,0.7788,-10282.215302,235,M6,False
tomato,13,1310.0,Karad APMC,-0.3933,0.6944,-20546.491874,235,M6,False
tomato,13,1312.0,Phaltan APMC,-0.0969,0.9229,-2542.637977,235,M6,False
tomato,13,1313.0,Satara APMC,-0.4274,0.6695,-23356.563977,235,M6,False
tomato,13,1315.0,Vai APMC,-0.3327,0.7397,-19272.30327,235,M6,False
tomato,13,1318.0,Mangal Wedha APMC,-0.9343,0.3511,-56027.316593,235,M6,False
tomato,13,1355.0,Kalmeshwar APMC,0.1071,0.9148,5949.228961,235,M7,False
tomato,13,1372.0,Bijaynagar APMC,1.2118,0.2269,14644.90605,214,M7,False
tomato,13,1377.0,Bayana APMC,0.5491,0.5837,11250.323958,152,M7,False
tomato,13,1385.0,Sujangarh APMC,-0.2644,0.7917,-4386.470759,235,M6,False
tomato,13,1386.0,Bhadara APMC,1.2105,0.2273,50060.464086,235,M7,False
tomato,13,1387.0,Goluwala APMC,0.7373,0.4617,22790.241992,235,M7,False
tomato,13,1389.0,Rawatsar APMC,0.8485,0.397,18641.97808,235,M7,False
tomato,13,1391.0,Suratgarh APMC,1.6082,0.1095,151213.206696,188,M7,False
tomato,13,1416.0,Chittorgarh APMC,1.1167,0.2662,160064.429389,129,M7,False
tomato,13,1418.0,Rajsamand APMC,1.0841,0.2794,43791.937595,235,M7,False
tomato,13,1427.0,Zira APMC,0.1053,0.9163,3535.0969,235,M7,False
tomato,13,1428.0,Dinanagar APMC,-0.8378,0.403,-27708.320726,235,M6,False
tomato,13,1432.0,Dasuya APMC,1.1322,0.2593,118061.840862,160,M7,False
tomato,13,1433.0,Garh Shankar APMC,1.5323,0.1268,37285.618556,235,M7,False
tomato,13,1434.0,Tanda Urmur APMC,-0.3154,0.7528,-19187.289194,207,M6,False
tomato,13,1438.0,Lohian Khas APMC,0.9039,0.3672,10030.463811,190,M7,False
tomato,13,1441.0,Doraha APMC,0.3734,0.7092,14667.462193,235,M7,False
tomato,13,1446.0,Sahnewal APMC,0.186,0.8526,11014.234745,235,M7,False
tomato,13,1452.0,Bariwala APMC,0.3763,0.7071,9886.810816,212,M7,False
tomato,13,1456.0,Rajpura APMC,1.996,0.0471,52357.385748,235,M7,True
tomato,13,1457.0,Chamkaur Sahib APMC,-1.7658,0.079,-66980.706128,193,M6,False
tomato,13,1458.0,Kharar APMC,0.6743,0.5008,21628.085469,235,M7,False
tomato,13,1464.0,Bassi Pathana APMC,1.0432,0.2979,78523.191489,235,M7,False
tomato,13,1466.0,Khamano APMC,0.7659,0.4445,54454.308453,235,M7,False
tomato,13,1469.0,Vellore APMC,0.5592,0.5772,22396.654344,106,M7,False
tomato,13,1505.0,Parlakhemundi APMC,2.4025,0.0172,162269.08532,195,M7,True
tomato,13,1506.0,Bhanjanagar APMC,1.3806,0.1687,105442.699932,235,M7,False
tomato,13,1507.0,Boudh APMC,0.9293,0.3539,112638.014273,184,M7,False
tomato,13,1510.0,Sargipali APMC,1.1542,0.2496,123264.65756,235,M7,False
tomato,13,1511.0,Udala APMC,1.2358,0.2178,144228.724258,235,M7,False
tomato,13,1512.0,Karanjia APMC,,,215796.507977,33,M7,False
tomato,13,1513.0,Jaleswar APMC,1.0305,0.3041,180390.116195,185,M7,False
tomato,13,1516.0,Kamakhyanagar APMC,0.9027,0.3676,197868.561449,235,M7,False
tomato,13,1519.0,Betnoti APMC,0.1341,0.8935,4142.560663,164,M7,False
tomato,13,1520.0,Keonjhar APMC,0.6881,0.492,82075.619904,235,M7,False
tomato,13,1523.0,Balugaon APMC,1.0766,0.2828,115238.081464,235,M7,False
tomato,13,1525.0,Birmaharajpur APMC,1.6457,0.1017,278012.865332,172,M7,False
tomato,13,1527.0,Hinjilicut APMC,1.1123,0.2674,115033.866662,199,M7,False
tomato,13,1537.0,Porbandar APMC,1.2058,0.2291,99421.292782,235,M7,False
tomato,13,1569.0,Bhagta Bhai Ka APMC,-0.4849,0.6282,-19587.392889,235,M6,False
tomato,13,1570.0,Talwandi Sabo APMC,-0.5702,0.5691,-13812.195035,226,M6,False
tomato,13,1573.0,Mamdot APMC,-0.6835,0.4952,-29094.965973,169,M6,False
tomato,13,1579.0,Bilga APMC,-0.9108,0.3635,-18478.217125,189,M6,False
tomato,13,1587.0,Dera Bassi APMC,-0.1522,0.8792,-2358.724665,221,M6,False
tomato,13,1593.0,Lehra Gaga APMC,0.7759,0.4386,32800.76608,235,M7,False
tomato,13,1595.0,Sangrur APMC,1.6238,0.1067,32414.322643,137,M7,False
tomato,13,1598.0,Palitana APMC,-1.126,0.2619,-47626.238075,155,M6,False
tomato,13,1602.0,Mulbagal APMC,-0.9458,0.3452,-21129.42312,235,M6,False
tomato,13,1606.0,Rayya APMC,1.2939,0.197,44950.811242,235,M7,False
tomato,13,1610.0,Ajmer(F&V) APMC,1.0599,0.2903,26747.732923,235,M7,False
tomato,13,1614.0,Sriganganagar (F&V) APMC,-0.1641,0.8698,-5596.430864,195,M6,False
tomato,13,1626.0,Damnagar APMC,0.3465,0.7293,39387.107025,235,M7,False
tomato,13,1631.0,Panvel APMC,-0.0724,0.9424,-7957.368681,232,M6,False
tomato,13,1634.0,Rahuri APMC,-0.4962,0.6203,-13729.112939,199,M6,False
tomato,13,1637.0,Akluj APMC,-1.3007,0.1957,-105578.205113,132,M6,False
tomato,13,1651.0,Ratnagiri (Nachane) APMC,-0.5607,0.5756,-19684.560729,235,M6,False
tomato,13,1658.0,Patan APMC,-0.2499,0.8029,-6344.816269,235,M6,False
tomato,13,1663.0,Sitarganj APMC,0.4756,0.6348,11107.212184,235,M7,False
tomato,13,1664.0,Jaspur(UC) APMC,1.2124,0.2268,68198.305006,194,M7,False
tomato,13,1700.0,Champaknagar APMC,1.4084,0.1604,241477.143821,228,M7,False
tomato,13,1702.0,Garjee APMC,1.2789,0.2022,200529.76291,235,M7,False
tomato,13,1715.0,Kopaganj APMC,0.5003,0.6173,20213.791909,235,M7,False
tomato,13,1716.0,Partaval APMC,0.8404,0.4017,25927.84836,198,M7,False
tomato,13,1717.0,Orai APMC,1.4804,0.1401,50055.197133,235,M7,False
tomato,13,1718.0,Kannauj APMC,0.984,0.3262,17018.732806,217,M7,False
tomato,13,1719.0,Robertsganj APMC,0.9919,0.3223,32146.568332,235,M7,False
tomato,13,1720.0,Aligarh APMC,1.7418,0.0829,44537.837548,235,M7,False
tomato,13,1721.0,Akbarpur APMC,0.9517,0.3422,22693.713556,235,M7,False
tomato,13,1722.0,Balrampur APMC,1.6033,0.1103,57151.233047,221,M7,False
tomato,13,1723.0,Chandoli APMC,0.4477,0.6548,16174.328743,215,M7,False
tomato,13,1724.0,Ajuha APMC,1.0146,0.3114,22943.762881,235,M7,False
tomato,13,1725.0,Banda APMC,1.4174,0.1578,44911.722034,214,M7,False
tomato,13,1726.0,Hapur APMC,0.6894,0.4913,14670.570685,235,M7,False
tomato,13,1727.0,Naugarh APMC,0.6874,0.4926,15511.4755,227,M7,False
tomato,13,1729.0,Dadri APMC,0.6275,0.5309,15039.445591,235,M7,False
tomato,13,1730.0,Haathras APMC,0.4316,0.6664,9345.536351,235,M7,False
tomato,13,1731.0,Golagokarnath APMC,-0.5162,0.6062,-23390.991855,235,M6,False
tomato,13,1732.0,Puranpur APMC,0.9577,0.3392,21609.456582,235,M7,False
tomato,13,1733.0,Bangarmau APMC,1.0463,0.2966,22491.058638,213,M7,False
tomato,13,1735.0,Bishalpur APMC,0.6101,0.5424,11749.480625,235,M7,False
tomato,13,1736.0,Tilhar APMC,-0.1082,0.914,-3942.16487,209,M6,False
tomato,13,1737.0,Kayamganj APMC,1.2144,0.2259,20706.56817,220,M7,False
tomato,13,1738.0,Konch APMC,1.1351,0.2575,40697.345354,235,M7,False
tomato,13,1739.0,Mauranipur APMC,0.9065,0.3658,35924.752309,199,M7,False
tomato,13,1740.0,Sahiyapur APMC,0.3025,0.7626,5957.16083,194,M7,False
tomato,13,1741.0,Bharthna APMC,0.7198,0.4724,9091.770766,235,M7,False
tomato,13,1742.0,Chaandpur APMC,-0.0694,0.9447,-916.023758,207,M6,False
tomato,13,1743.0,Jayas APMC,0.783,0.4345,19780.181306,212,M7,False
tomato,13,1744.0,Ujhani APMC,-1.5838,0.1158,-56770.984967,124,M6,False
tomato,13,1746.0,Paliakala APMC,-0.1765,0.8602,-5182.143762,137,M6,False
tomato,13,1747.0,Atarra APMC,0.7818,0.4352,25792.04112,203,M7,False
tomato,13,1748.0,Bindki APMC,0.7043,0.482,22100.327331,211,M7,False
tomato,13,1750.0,Gurusarai APMC,0.7138,0.4767,40342.17102,131,M7,False
tomato,13,1751.0,Sehjanwa APMC,-0.426,0.6706,-9396.142535,188,M6,False
tomato,13,1752.0,Jhijhank APMC,1.056,0.293,21278.365625,129,M7,False
tomato,13,1753.0,Khurja APMC,1.3312,0.1845,31469.910324,222,M7,False
tomato,13,1754.0,Gangoh APMC,0.7712,0.4414,21526.248068,211,M7,False
tomato,13,1755.0,Charra APMC,0.1207,0.9041,5282.396142,217,M7,False
tomato,13,1757.0,Ghiraur APMC,0.7282,0.4674,19572.548948,197,M7,False
tomato,13,1758.0,Shikohabad APMC,,,8315.338973,141,M7,False
tomato,13,1759.0,Khair APMC,0.6649,0.5068,18286.665139,235,M7,False
tomato,13,1760.0,Safdarganj APMC,1.5133,0.1316,56278.473289,235,M7,False
tomato,13,1761.0,Jafarganj APMC,0.7832,0.4344,23487.254314,204,M7,False
tomato,13,1763.0,Naanpara APMC,0.4324,0.6659,14227.018497,211,M7,False
tomato,13,1764.0,Jasra APMC,1.1697,0.2433,29445.623664,235,M7,False
tomato,13,1765.0,Dibiapur APMC,-1.4398,0.1516,-18089.274322,185,M6,False
tomato,13,1768.0,Baripaal APMC,1.1956,0.2331,29339.533516,235,M7,False
tomato,13,1770.0,Jasvantnagar APMC,0.5089,0.6113,7989.928699,235,M7,False
tomato,13,1771.0,Nautnava APMC,-1.1285,0.2606,-22472.388912,178,M6,False
tomato,13,1772.0,Tulsipur APMC,1.8893,0.0602,49100.039149,221,M7,False
tomato,13,1773.0,Anandnagar APMC,1.4031,0.1621,48031.065228,201,M7,False
tomato,13,1774.0,Mehmoodabad APMC,0.4416,0.6594,14564.870609,153,M7,False
tomato,13,1777.0,Madhoganj APMC,1.4569,0.1467,34230.227574,209,M7,False
tomato,13,1778.0,Dudhi APMC,1.1941,0.2336,27669.205354,235,M7,False
tomato,13,1779.0,Shahganj APMC,0.5306,0.5963,19037.351009,200,M7,False
tomato,13,1780.0,Mugrabaadshahpur APMC,0.9446,0.3459,26190.686749,219,M7,False
tomato,13,1785.0,Rampurmaniharan APMC,0.8548,0.3937,30407.227323,211,M7,False
tomato,13,1787.0,Hasanpur APMC,1.7889,0.0749,26018.428949,235,M7,False
tomato,13,1788.0,Sambhal APMC,1.3807,0.1687,25918.91042,235,M7,False
tomato,13,1790.0,Bilsi APMC,-1.1433,0.2546,-54336.214921,167,M6,False
tomato,13,1791.0,Najibabad APMC,0.638,0.5244,13824.049881,158,M7,False
tomato,13,1793.0,Jalaun APMC,0.8557,0.393,30173.319621,235,M7,False
tomato,13,1794.0,Maudaha APMC,0.4667,0.6414,22487.432843,134,M7,False
tomato,13,1795.0,Bharuasumerpur APMC,0.7554,0.4509,24919.827213,203,M7,False
tomato,13,1799.0,Chirgaon APMC,0.418,0.6764,21242.73829,192,M7,False
tomato,13,1800.0,Moth APMC,0.5985,0.5502,23628.168941,192,M7,False
tomato,13,1804.0,Barwala APMC,1.2553,0.2106,24498.628987,235,M7,False
tomato,13,1805.0,Barara APMC,1.2316,0.2195,20527.564783,209,M7,False
tomato,13,1808.0,Naraingarh APMC,0.3918,0.6955,11032.865177,235,M7,False
tomato,13,1809.0,Shahzadpur APMC,0.0953,0.9242,1028.634182,235,M7,False
tomato,13,1810.0,Jagadhri APMC,1.2906,0.1981,27712.226444,235,M7,False
tomato,13,1811.0,Chhachrauli APMC,0.5579,0.5775,24267.170313,235,M7,False
tomato,13,1812.0,Mustafabad APMC,0.9848,0.3258,34389.78625,235,M7,False
tomato,13,1813.0,Sadhaura APMC,2.0257,0.0439,27821.380941,235,M7,True
tomato,13,1814.0,Radaur APMC,-2.4227,0.0162,-16617.826206,234,M6,True
tomato,13,1823.0,Farukh Nagar APMC,0.704,0.4821,14672.039073,235,M7,False
tomato,13,1826.0,Punhana APMC,1.1483,0.252,35595.44289,235,M7,False
tomato,13,1827.0,Tauru APMC,1.5224,0.1293,77734.053133,235,M7,False
tomato,13,1828.0,Barwala(Hisar) APMC,0.7395,0.4605,15623.733308,193,M7,False
tomato,13,1833.0,Jakhal APMC,0.2806,0.7793,7559.934857,235,M7,False
tomato,13,1839.0,Dhand APMC,0.3644,0.7159,11606.213105,235,M7,False
tomato,13,1842.0,Siwan APMC,1.4454,0.1497,23052.354893,235,M7,False
tomato,13,1844.0,Gharaunda APMC,1.2821,0.2011,57787.456149,235,M7,False
tomato,13,1852.0,Madlauda APMC,1.0354,0.3015,18598.000957,235,M7,False
tomato,13,1853.0,Samalkha APMC,1.8398,0.0672,31551.645804,219,M7,False
tomato,13,1860.0,Meham APMC,1.9514,0.0522,34140.681701,235,M7,False
tomato,13,1861.0,Sampla APMC,0.9157,0.3608,56234.918154,233,M7,False
tomato,13,1864.0,Ganaur APMC,0.8352,0.4045,42051.113567,235,M7,False
tomato,13,1868.0,Bowenpally APMC,0.1146,0.9089,3503.996829,235,M7,False
tomato,13,1896.0,Navapur APMC,,,48399.932771,108,M7,False
tomato,13,1902.0,Vita APMC,-0.4858,0.6277,-23212.053739,174,M6,False
tomato,13,1903.0,Palus APMC,-0.6013,0.5482,-21923.282806,235,M6,False
tomato,13,1939.0,Ramtek APMC,0.6696,0.5038,39125.453027,235,M7,False
tomato,13,1967.0,Karvi APMC,0.8692,0.3856,34307.255893,235,M7,False
tomato,13,1973.0,Kuruppanthura Market,0.9648,0.3356,168059.396283,230,M7,False
tomato,13,1974.0,Chelakkara Market,0.655,0.5131,49630.561542,235,M7,False
tomato,13,1975.0,Munnar Market,-1.0556,0.2923,-91538.12813,235,M6,False
tomato,13,1977.0,Kottakkal Market,-0.9227,0.3571,-92341.499701,235,M6,False
tomato,13,1978.0,Angamaly Market,-0.4353,0.6638,-64618.777266,235,M6,False
tomato,13,1979.0,Kallachi Market,-0.7886,0.4312,-83004.57394,235,M6,False
tomato,13,1980.0,Taliparamba Market,-0.6155,0.5394,-145779.687547,123,M6,False
tomato,13,1986.0,Madhavapuram Market,-0.9497,0.3434,-93387.846032,197,M6,False
tomato,13,1987.0,Mulakalacheruvu APMC,1.2177,0.2254,63411.967031,139,M7,False
tomato,13,2006.0,Sasthamkotta Market,-1.3303,0.1847,-183280.427649,235,M6,False
tomato,13,2007.0,Piravam Market,-0.5228,0.6016,-71128.938964,235,M6,False
tomato,13,2008.0,Aralamoodu Market,0.428,0.6691,39052.71255,235,M7,False
tomato,13,2011.0,Neyyatinkara Market,-0.6254,0.5324,-75402.051196,213,M6,False
tomato,13,2012.0,Attingal Market,-0.8156,0.4156,-113202.976996,235,M6,False
tomato,13,2013.0,Anchal Market,-0.0226,0.982,-3917.135436,235,M6,False
tomato,13,2015.0,Chengannur Market,-0.5772,0.5644,-77493.924037,235,M6,False
tomato,13,2016.0,Kayamkulam Market,-0.6025,0.5474,-67952.948114,235,M6,False
tomato,13,2019.0,Pampady Market,-0.6172,0.5377,-79993.442051,235,M6,False
tomato,13,2020.0,Ettumanoor Market,-1.1036,0.2709,-129099.467894,235,M6,False
tomato,13,2021.0,Kanjirappally Market,0.0871,0.9307,22992.577928,235,M7,False
tomato,13,2022.0,Pala Market,-0.5199,0.6036,-61632.536072,235,M6,False
tomato,13,2024.0,Chalakudy Market,-0.1661,0.8682,-18795.836235,235,M6,False
tomato,13,2026.0,Chavakkad Market,-1.1447,0.2535,-96769.106172,235,M6,False
tomato,13,2027.0,Wadakkanchery Market,-0.9826,0.3268,-66555.786459,235,M6,False
tomato,13,2032.0,Kuthuparambu Market,-0.6175,0.538,-137137.371966,129,M6,False
tomato,13,2034.0,Manjeswaram Market,-0.9443,0.346,-112049.725661,235,M6,False
tomato,13,2035.0,Kanjangadu Market,-0.5071,0.6125,-61946.118027,235,M6,False
tomato,13,2036.0,Vamanapuram Market,-0.9347,0.3509,-101477.990281,235,M6,False
tomato,13,2039.0,Rahata APMC,-0.8568,0.3925,-33754.265293,235,M6,False
tomato,13,2147.0,Khed(Chakan) APMC,-0.4003,0.6893,-23066.372119,235,M6,False
tomato,13,2148.0,Pune(Pimpri) APMC,-0.5332,0.5944,-19036.250454,235,M6,False
tomato,13,2149.0,Pune(Khadiki) APMC,-0.7252,0.469,-9902.796511,235,M6,False
tomato,13,2163.0,Chandrapur(Ganjwad) APMC,0.0396,0.9685,1046.463772,235,M7,False
tomato,13,2173.0,Kathua (F&V),1.046,0.2966,67401.673048,235,M7,False
tomato,13,2176.0,Thrippunithura Market,-0.0441,0.9648,-7487.737411,235,M6,False
tomato,13,2177.0,Pattambi Market,-0.817,0.4147,-65069.000658,235,M6,False
tomato,13,2181.0,Khekda APMC,-0.093,0.926,-1829.347734,235,M6,False
tomato,13,2182.0,Jahangirabad APMC,1.0065,0.3152,17215.11869,235,M7,False
tomato,13,2183.0,Siyana APMC,-0.5516,0.5818,-8445.186388,207,M6,False
tomato,13,2184.0,Sikanderabad APMC,0.938,0.3494,17472.348398,202,M7,False
tomato,13,2185.0,Anoop Shahar APMC,0.9182,0.3595,27418.566278,220,M7,False
tomato,13,2186.0,Sikarpur APMC,0.1309,0.896,3308.733453,204,M7,False
tomato,13,2188.0,Chutmalpur APMC,-0.0108,0.9914,-96.142971,221,M6,False
tomato,13,2190.0,Kairana APMC,-0.0572,0.9544,-676.958639,221,M6,False
tomato,13,2191.0,Thanabhavan APMC,-0.3508,0.726,-6843.566991,235,M6,False
tomato,13,2193.0,Fatehabad APMC,-0.0693,0.9448,-536.574379,219,M6,False
tomato,13,2194.0,Achnera APMC,0.6294,0.5299,17890.831874,191,M7,False
tomato,13,2195.0,Khairagarh APMC,-0.5529,0.5811,-32284.110837,171,M6,False
tomato,13,2196.0,Jagnair APMC,2.1555,0.0321,68609.262529,235,M7,True
tomato,13,2197.0,Fatehpur Sikri APMC,-0.2198,0.8262,-6282.690824,193,M6,False
tomato,13,2198.0,Samsabad APMC,2.8124,0.0053,64072.758235,235,M7,True
tomato,13,2200.0,Shadabad APMC,0.6431,0.5208,24112.146021,235,M7,False
tomato,13,2203.0,Awagarh APMC,1.6453,0.1012,29608.785474,235,M7,False
tomato,13,2204.0,Sirsaganj APMC,0.8524,0.3951,15280.06198,188,M7,False
tomato,13,2205.0,Tundla APMC,1.4113,0.1595,46876.735279,235,M7,False
tomato,13,2206.0,Kiratpur APMC,0.9525,0.3419,25750.80051,225,M7,False
tomato,13,2209.0,Dhanaura APMC,-0.1998,0.8418,-5142.301059,235,M6,False
tomato,13,2212.0,Anwala APMC,0.6211,0.5351,13076.199567,235,M7,False
tomato,13,2214.0,Wazirganj APMC,-1.1435,0.2543,-23042.981367,187,M6,False
tomato,13,2218.0,Choubepur APMC,0.7486,0.455,14177.284996,191,M7,False
tomato,13,2222.0,Mohamadabad APMC,0.5582,0.5778,18241.606583,120,M7,False
tomato,13,2223.0,Achalda APMC,1.1213,0.2635,23545.202937,201,M7,False
tomato,13,2227.0,Salon APMC,1.0703,0.287,32481.235561,105,M7,False
tomato,13,2228.0,Viswan APMC,1.1873,0.2367,30864.76516,182,M7,False
tomato,13,2236.0,Muskara APMC,1.0153,0.3112,34376.070526,198,M7,False
tomato,13,2239.0,Rudauli APMC,1.7432,0.0828,39041.313556,211,M7,False
tomato,13,2240.0,Nawabganj APMC,1.5326,0.1267,48799.092901,235,M7,False
tomato,13,2243.0,Ahirora APMC,1.9356,0.0544,48943.782692,195,M7,False
tomato,13,2244.0,Doharighat APMC,0.4503,0.653,18658.534556,218,M7,False
tomato,13,2245.0,Rasda APMC,0.2567,0.7977,8371.474457,217,M7,False
tomato,13,2246.0,Chitwadagaon APMC,0.4027,0.6877,14876.088575,192,M7,False
tomato,13,2248.0,Chorichora APMC,0.3125,0.755,11762.064023,174,M7,False
tomato,13,2249.0,Khalilabad APMC,0.7539,0.4517,14341.37621,235,M7,False
tomato,13,2250.0,Gadaura APMC,,,16779.380319,129,M7,False
tomato,13,2254.0,Valangaiman APMC,-1.9054,0.0595,-85779.953046,106,M6,False
tomato,13,2269.0,Uluberia APMC,0.7794,0.4365,107159.04648,235,M7,False
tomato,13,2270.0,Sheoraphuly APMC,0.991,0.3227,108088.675318,235,M7,False
tomato,13,2272.0,Egra/contai APMC,0.9646,0.3358,69542.151144,235,M7,False
tomato,13,2373.0,Gandai APMC,4.3404,0.0,170374.203943,88,M7,True
tomato,13,2422.0,Thirupathur APMC,-1.1739,0.2431,-63943.130068,106,M6,False
tomato,13,2444.0,FerozpurZirkha(Nagina) APMC,2.5706,0.0108,92385.351044,235,M7,True
tomato,13,2481.0,Kota (F&V) APMC,1.1166,0.2654,33052.682058,217,M7,False
tomato,13,2487.0,Jalandhar City(Jalandhar) APMC,0.1104,0.9122,2323.373089,235,M7,False
tomato,13,2490.0,Nawan Shahar(Subzi Mandi) APMC,0.2013,0.8408,6435.405198,143,M7,False
tomato,13,2498.0,Amritsar(Amritsar Mewa Mandi) APMC,-1.4758,0.1419,-11862.756271,166,M6,False
tomato,13,2510.0,Mukerian(Talwara) APMC,0.7871,0.4322,32540.540832,203,M7,False
tomato,13,2521.0,SMY Nadaun,0.3416,0.733,41436.563086,235,M7,False
tomato,13,2524.0,SMY Takoli,0.8192,0.4135,41328.841721,235,M7,False
tomato,13,2526.0,SMY Baijnath,0.6063,0.5449,62999.520211,235,M7,False
tomato,13,2527.0,SMY Nagrota Bagwan,1.2806,0.2018,126597.560831,201,M7,False
tomato,13,2528.0,SMY Jassur,1.1955,0.2334,136094.898586,192,M7,False
tomato,13,2529.0,SMY Jaisinghpur,0.3342,0.7385,30810.09716,235,M7,False
tomato,13,2537.0,Siliguri APMC,1.1048,0.2704,87944.406712,235,M7,False
tomato,13,2545.0,Rajkot(Veg.Sub Yard) APMC,1.0245,0.3067,59382.577767,235,M7,False
tomato,13,2549.0,Dahod(Veg. Market) APMC,0.6704,0.5033,23576.552523,235,M7,False
tomato,13,2551.0,Vadodara(Sayajipura) APMC,0.4216,0.6737,24520.774715,235,M7,False
tomato,13,2556.0,"Kalol(Veg,Market,Kalol) APMC",-0.926,0.3558,-48935.758842,168,M6,False
tomato,13,2571.0,"Anand(Veg,Yard,Anand) APMC",0.1752,0.8611,9968.617055,235,M7,False
tomato,13,2584.0,Mansa(Manas Veg Yard) APMC,-0.4234,0.6724,-26789.39546,235,M6,False
tomato,13,2668.0,Kottarakkara Market,-0.4548,0.6497,-84353.06605,235,M6,False
tomato,13,2670.0,Chathanoor Market,-0.5772,0.5643,-168585.241569,235,M6,False
tomato,13,2673.0,Mannar Market,-0.2572,0.7973,-25539.93019,235,M6,False
tomato,13,2674.0,Athirampuzha Market,-0.7745,0.4394,-91516.176236,235,M6,False
tomato,13,2675.0,Thalayolaparambu Market,-0.6302,0.5292,-80537.551788,235,M6,False
tomato,13,2676.0,Adimali Market,0.275,0.7836,37993.700737,234,M7,False
tomato,13,2677.0,Vandiperiyar Market,-0.6766,0.4993,-68559.066983,227,M6,False
tomato,13,2679.0,Kattappana Market,0.2433,0.808,21724.238072,235,M7,False
tomato,13,2680.0,Perumbavoor Market,-0.1588,0.8739,-12581.103932,235,M6,False
tomato,13,2681.0,Kothamangalam Market,-1.1104,0.2679,-97489.232327,235,M6,False
tomato,13,2682.0,vadakarapathy Market,1.0265,0.3061,55676.178704,171,M7,False
tomato,13,2683.0,Vadakkenchery Market,0.2774,0.7817,19803.084168,235,M7,False
tomato,13,2684.0,Perinthalmanna Market,-0.8206,0.4128,-38748.306981,219,M6,False
tomato,13,2685.0,Parappanangadi Market,-0.4987,0.6186,-57851.473219,185,M6,False
tomato,13,2686.0,Thirurrangadi Market,-1.03,0.3041,-93217.033812,235,M6,False
tomato,13,2687.0,Kondotty Market,-0.251,0.802,-17529.570771,213,M6,False
tomato,13,2689.0,Perambra Market,-0.3921,0.6954,-29756.151138,219,M6,False
tomato,13,2690.0,Mukkom Market,-0.4863,0.6274,-52911.528191,178,M6,False
tomato,13,2691.0,Quilandy Market,-0.5343,0.5936,-41413.634944,235,M6,False
tomato,13,2692.0,Thamarassery Market,-0.1959,0.8449,-8911.523865,235,M6,False
tomato,13,2693.0,Chala Market,-0.6528,0.5145,-73251.981315,235,M6,False
tomato,13,2696.0,Phillaur(Apra Mandi) APMC,-0.2177,0.828,-4358.824504,174,M6,False
tomato,13,2701.0,Garh Shankar(Mahalpur) APMC,1.2663,0.207,58745.587477,192,M7,False
tomato,13,2704.0,Amrawati(Frui & Veg. Market) APMC,-0.2197,0.8263,-8130.875634,235,M6,False
tomato,13,2713.0,Bonai APMC,1.7068,0.0895,302359.022224,195,M7,False
tomato,13,2714.0,Bargarh(Barapalli) APMC,0.5888,0.5567,90170.465239,172,M7,False
tomato,13,2720.0,Kendrapara(Marshaghai) APMC,2.2587,0.0248,338836.857028,235,M7,True
tomato,13,2721.0,Keonjhar(Dhekikote) APMC,1.6165,0.1073,140082.084477,235,M7,False
tomato,13,2738.0,Udaipur (F&V) APMC,0.8013,0.4238,25711.574536,221,M7,False
tomato,13,2739.0,Chomu FV APMC,1.7578,0.0801,69058.214554,235,M7,False
tomato,13,2744.0,Bassi APMC,0.819,0.4136,89485.296919,235,M7,False
tomato,13,2758.0,HanumangarhTown APMC,1.6905,0.0929,57719.007568,161,M7,False
tomato,13,2773.0,Mehsana(Mehsana Veg) APMC,0.5703,0.569,33011.738068,235,M7,False
tomato,13,2774.0,Deesa(Deesa Veg Yard) APMC,1.1098,0.2682,70106.002428,235,M7,False
tomato,13,2800.0,Khandhla APMC,1.5343,0.1264,16708.470818,219,M7,False
tomato,13,2803.0,Noida APMC,1.1894,0.2355,44847.165443,235,M7,False
tomato,13,2808.0,Milak APMC,0.1983,0.843,2289.262328,205,M7,False
tomato,13,2896.0,Sealdah Koley Market APMC,0.8708,0.3847,98236.891565,235,M7,False
tomato,13,2897.0,Habra APMC,1.3294,0.185,99566.966836,235,M7,False
tomato,13,2898.0,Khatra APMC,1.0695,0.2859,146106.313026,235,M7,False
tomato,13,2899.0,Durgapur APMC,0.8481,0.3972,69926.536511,235,M7,False
tomato,13,2900.0,Memari APMC,0.9748,0.3307,81930.260657,235,M7,False
tomato,13,2901.0,Pundibari APMC,-0.883,0.3785,-50431.269289,165,M6,False
tomato,13,2905.0,Balarampur APMC,1.1095,0.2683,80476.353115,235,M7,False
tomato,13,2907.0,Chevella APMC,-0.637,0.5248,-29121.085406,228,M6,False
tomato,13,2910.0,"New Grain Market , Faridabad APMC",1.4106,0.1597,39039.762556,233,M7,False
tomato,13,2940.0,Tiruchengode APMC,-0.5927,0.5547,-31966.482457,106,M6,False
tomato,13,2970.0,Thuraiyur APMC,-0.9059,0.3682,-67654.173225,69,M6,False
tomato,13,3014.0,Kalikiri APMC,0.9723,0.3319,35869.391296,235,M7,False
tomato,13,3018.0,L B Nagar APMC,-0.2992,0.7651,-12483.420132,187,M6,False
tomato,13,3044.0,Bagepalli APMC,0.3727,0.7098,5153.322114,188,M7,False
tomato,13,3045.0,Harda(F&V) APMC,,,41788.418939,113,M7,False
tomato,13,3050.0,Khandwa(F&V) APMC,-3.3028,0.0012,-22967.018004,136,M6,True
tomato,13,3054.0,Dewas(F&V) APMC,-0.9185,0.36,-17954.821484,137,M6,False
tomato,13,3059.0,Lashkar(F&V) APMC,0.941,0.3483,27627.397975,139,M7,False
tomato,13,3067.0,Sagar(F&V) APMC,0.897,0.3713,42079.36888,137,M7,False
tomato,13,3071.0,Jabalpur(F&V) APMC,1.7337,0.0852,39621.086337,137,M7,False
tomato,13,3075.0,Chhindwara(F&V) APMC,-1.3834,0.1693,-27909.750378,113,M6,False
tomato,13,3080.0,Tusura APMC,1.6294,0.1053,132409.443355,155,M7,False
tomato,13,3084.0,Saraskana APMC,2.1569,0.0322,366752.359177,200,M7,True
tomato,13,3086.0,Godbhaga APMC,1.4838,0.1398,237609.943364,163,M7,False
tomato,13,3087.0,Sahidngar APMC,1.3102,0.1927,352137.288013,119,M7,False
tomato,13,3089.0,Sarankul APMC,1.6972,0.0914,182377.054597,179,M7,False
tomato,13,3092.0,Saharpada APMC,1.7177,0.0872,176649.699267,235,M7,False
tomato,13,3093.0,Sohela APMC,1.1159,0.2666,261179.72062,127,M7,False
tomato,13,3100.0,Sonamura APMC,1.5893,0.1133,218808.248743,235,M7,False
tomato,13,3105.0,Barpathari APMC,1.1402,0.2555,191641.958645,221,M7,False
tomato,13,3117.0,Asansol APMC,1.1955,0.2331,100237.922136,235,M7,False
tomato,13,3130.0,Junnar(Narayangaon) APMC,0.1643,0.8696,9174.57078,235,M7,False
tomato,13,3142.0,Kamthi APMC,-0.1723,0.8633,-14986.280226,235,M6,False
tomato,13,3218.0,Tiphra APMC,1.4964,0.136,91824.138773,213,M7,False
tomato,13,3297.0,Khariar APMC,1.8481,0.0661,226332.529214,200,M7,False
tomato,13,3299.0,Chuliaposi APMC,1.3549,0.1774,262929.045534,154,M7,False
tomato,13,3300.0,Gopa APMC,2.0992,0.0369,265879.281585,235,M7,True
tomato,13,3301.0,Pattamundai APMC,2.2948,0.0226,387364.425313,235,M7,True
tomato,13,3302.0,Chatta Krushak Bazar APMC,2.3381,0.0202,385372.450998,235,M7,True
tomato,13,3306.0,Nilagiri APMC,1.0199,0.3089,60333.770352,220,M7,False
tomato,13,3308.0,Hindol APMC,1.5381,0.1254,156129.390292,235,M7,False
tomato,13,3327.0,Mahabubnagar(Rythu Bazar) APMC,1.4806,0.1405,114146.478916,180,M7,False
tomato,13,3332.0,Mehndipatnam(Rythu Bazar) APMC,0.5077,0.6122,19901.067061,190,M7,False
tomato,13,3339.0,Falakata APMC,1.2829,0.201,108398.019032,211,M7,False
tomato,13,3341.0,Karsiyang(Matigara) APMC,1.5063,0.1333,218999.748827,235,M7,False
tomato,13,3344.0,Gangarampur(Dakshin Dinajpur) APMC,1.6652,0.0972,171367.444328,235,M7,False
tomato,13,3346.0,Diamond Harbour(South 24-pgs) APMC,1.917,0.0565,162769.009999,235,M7,False
tomato,13,3347.0,Kalipur APMC,1.5825,0.1149,146777.286054,235,M7,False
tomato,13,3349.0,Ranaghat APMC,1.2884,0.1989,151542.334739,235,M7,False
tomato,13,3350.0,Chakdah APMC,1.3724,0.1712,163735.876724,235,M7,False
tomato,13,3352.0,Garbeta(Medinipur) APMC,1.3706,0.1718,144635.990249,235,M7,False
tomato,13,3354.0,Kasipur APMC,1.918,0.0641,71200.709469,33,M7,False
tomato,13,3355.0,Sainthia APMC,1.7647,0.0789,148394.847978,235,M7,False
tomato,13,3374.0,Vankaner(Sub yard) APMC,0.8439,0.4002,107660.035478,137,M7,False
tomato,13,3393.0,Broadway market Market,0.2588,0.7962,57932.530364,132,M7,False
tomato,13,3394.0,North Paravur Market,-1.025,0.3072,-264910.755211,133,M6,False
tomato,13,3445.0,APMC Azadpur,1.131,0.2592,50439.742455,235,M7,False
tomato,13,3449.0,Pune(Manjri) APMC,0.2056,0.8373,13336.8418,235,M7,False
tomato,13,3450.0,Pune(Moshi) APMC,-0.469,0.6395,-28963.176012,235,M6,False
tomato,13,3452.0,Agriculture Produce Market Committee Hingna,0.4794,0.6322,39024.410799,186,M7,False
tomato,13,3517.0,PMY Kangni Mandi,2.5655,0.0152,158891.737641,33,M7,True
tomato,13,3626.0,Dablirathan APMC,-0.2999,0.7652,-23876.923631,64,M6,False
tomato,13,3673.0,Boxonagar,1.4629,0.1448,234536.024131,235,M7,False
tomato,13,3680.0,Kadamtala,1.5409,0.1247,156891.087834,235,M7,False
tomato,13,4055.0,Ariyalur(Uzhavar Sandhai),0.2678,0.7894,28339.950987,102,M7,False
tomato,13,4056.0,Jeyankondam (Uzhavar Sandhai ),1.0239,0.3083,112208.82523,102,M7,False
tomato,13,4057.0,RSPuram(Uzhavar Sandhai ),0.4085,0.6844,16477.365623,60,M7,False
tomato,13,4058.0,Singanallur(Uzhavar Sandhai ),1.4048,0.1632,112815.638972,102,M7,False
tomato,13,4059.0,Pollachi(Uzhavar Sandhai ),2.2689,0.0254,183269.503368,102,M7,True
tomato,13,4060.0,Mettupalayam(Uzhavar Sandhai ),1.6532,0.1014,111962.003897,102,M7,False
tomato,13,4061.0,Kurichi(Uzhavar Sandhai ),1.0302,0.3064,128050.717582,73,M7,False
tomato,13,4062.0,Sulur(Uzhavar Sandhai ),2.7107,0.0079,119529.289168,102,M7,True
tomato,13,4063.0,Vadavalli(Uzhavar Sandhai ),1.9064,0.0594,145303.265929,102,M7,False
tomato,13,4064.0,Sundarapuram(Uzhavar Sandhai ),0.843,0.4025,74038.385738,63,M7,False
tomato,13,4065.0,Cuddalore(Uzhavar Sandhai ),1.5798,0.1173,89348.369404,102,M7,False
tomato,13,4066.0,Chidambaram(Uzhavar Sandhai ),1.1331,0.2604,86773.089221,84,M7,False
tomato,13,4067.0,Viruthachalam(Uzhavar Sandhai ),1.5327,0.1285,137557.573505,102,M7,False
tomato,13,4068.0,Panruti(Uzhavar Sandhai ),1.5586,0.1222,160733.053097,102,M7,False
tomato,13,4070.0,Dharmapuri(Uzhavar Sandhai ),3.7282,0.0003,100500.222542,102,M7,True
tomato,13,4071.0,Pennagaram(Uzhavar Sandhai ),3.508,0.0007,146764.7365,102,M7,True
tomato,13,4072.0,Palacode(Uzhavar Sandhai ),-0.1968,0.8446,-5462.271358,72,M6,False
tomato,13,4073.0,Harur(Uzhavar Sandhai ),1.3628,0.176,44120.496543,102,M7,False
tomato,13,4074.0,AJattihalli(Uzhavar Sandhai ),0.6719,0.5035,43876.727359,86,M7,False
tomato,13,4075.0,Dindigul(Uzhavar Sandhai ),1.6382,0.1045,155513.059075,102,M7,False
tomato,13,4076.0,Palani(Uzhavar Sandhai ),2.1081,0.0375,160080.802131,102,M7,True
tomato,13,4077.0,Chinnalapatti(Uzhavar Sandhai ),1.3357,0.1847,110352.691298,102,M7,False
tomato,13,4080.0,Vedasanthur(Uzhavar Sandhai ),1.0458,0.2981,104930.785097,102,M7,False
tomato,13,4081.0,Sampath Nagar(Uzhavar Sandhai ),-0.1727,0.8634,-11581.31586,64,M6,False
tomato,13,4082.0,Gobichettipalayam(Uzhavar Sandhai ),1.0408,0.3004,73966.253027,102,M7,False
tomato,13,4083.0,Sathiyamagalam(Uzhavar Sandhai ),-5.9901,0.0,-33960.18209,63,M6,True
tomato,13,4084.0,Periyar Nagar(Uzhavar Sandhai ),1.7934,0.0759,108572.00432,102,M7,False
tomato,13,4085.0,Perundurai(Uzhavar Sandhai ),1.3934,0.1665,57434.122082,102,M7,False
tomato,13,4086.0,Thalavadi(Uzhavar Sandhai ),-1.4956,0.1401,-60106.274679,60,M6,False
tomato,13,4087.0,Kancheepuram(Uzhavar Sandhai ),1.3484,0.1806,57277.322956,102,M7,False
tomato,13,4088.0,Padappai(Uzhavar Sandhai ),0.8881,0.3766,143029.858735,102,M7,False
tomato,13,4089.0,Sunguvarchatram(Uzhavar Sandhai ),0.8454,0.3999,75946.913359,102,M7,False
tomato,13,4090.0,Kundrathur(Uzhavar Sandhai ),0.8879,0.3767,125048.647942,102,M7,False
tomato,13,4091.0,Karur(Uzhavar Sandhai ),1.683,0.0955,116704.43328,102,M7,False
tomato,13,4092.0,Kulithalai(Uzhavar Sandhai ),1.8188,0.0719,136611.428063,102,M7,False
tomato,13,4093.0,Velayuthampalayam(Uzhavar Sandhai ),0.4526,0.6523,60541.434289,66,M7,False
tomato,13,4094.0,Pallapatti (Uzhavar Sandhai ),1.6511,0.1018,139427.744103,102,M7,False
tomato,13,4096.0,Hosur(Uzhavar Sandhai ),0.9958,0.3217,34181.342631,102,M7,False
tomato,13,4097.0,Krishnagiri(Uzhavar Sandhai ),1.8088,0.0735,61697.62707,102,M7,False
tomato,13,4098.0,Kaveripattinam(Uzhavar Sandhai ),0.6665,0.5071,46733.609767,78,M7,False
tomato,13,4099.0,Denkanikottai(Uzhavar Sandhai ),2.5078,0.0137,132340.034176,102,M7,True
tomato,13,4100.0,Avallapalli(Uzhavar Sandhai ),2.3905,0.0187,105888.477405,102,M7,True
tomato,13,4102.0,Chokkikulam(Uzhavar Sandhai ),2.0165,0.0464,171485.496844,102,M7,True
tomato,13,4103.0,Palanganatham(Uzhavar Sandhai ),1.7284,0.087,136818.549419,102,M7,False
tomato,13,4104.0,Usilampatti(Uzhavar Sandhai ),,,183442.534033,33,M7,False
tomato,13,4105.0,Thirumangalam(Uzhavar Sandhai ),1.3839,0.1694,105276.679474,102,M7,False
tomato,13,4106.0,Melur(Uzhavar Sandhai ),1.4107,0.1614,76485.426311,102,M7,False
tomato,13,4107.0,Anaiyur(Uzhavar Sandhai ),1.3743,0.1724,77264.117053,102,M7,False
tomato,13,4108.0,Mayiladuthurai(Uzhavar Sandhai ),1.3605,0.1767,172849.444278,102,M7,False
tomato,13,4109.0,Nagapattinam(Uzhavar Sandhai ),1.1555,0.2506,155355.08006,102,M7,False
tomato,13,4110.0,Sirkali(Uzhavar Sandhai ),1.5551,0.123,197786.410001,102,M7,False
tomato,13,4113.0,Rasipuram(Uzhavar Sandhai ),1.2206,0.2251,91986.745779,102,M7,False
tomato,13,4114.0,Kumarapalayam(Uzhavar Sandhai ),2.6003,0.0107,81769.606783,102,M7,True
tomato,13,4115.0,Paramathivelur(Uzhavar Sandhai ),1.2569,0.2117,137378.716662,102,M7,False
tomato,13,4116.0,Mohanur(Uzhavar Sandhai ),1.3585,0.1773,100521.576322,102,M7,False
tomato,13,4117.0,Udhagamandalam(Uzhavar Sandhai ),1.8618,0.0655,168766.818604,102,M7,False
tomato,13,4118.0,Coonoor(Uzhavar Sandhai ),2.1187,0.0366,122771.318651,102,M7,True
tomato,13,4120.0,Gudalur(Uzhavar Sandhai ),2.2001,0.0301,143968.763716,102,M7,True
tomato,13,4121.0,Perambalur(Uzhavar Sandhai ),0.929,0.3561,82034.723798,71,M7,False
tomato,13,4123.0,Pudukottai(Uzhavar Sandhai ),1.4309,0.1555,140008.655827,102,M7,False
tomato,13,4124.0,Aranthangi(Uzhavar Sandhai ),1.1397,0.2571,109183.283667,102,M7,False
tomato,13,4125.0,Alangudi(Uzhavar Sandhai ),0.894,0.3738,112061.094907,88,M7,False
tomato,13,4126.0,Gandarvakottai(Uzhavar Sandhai ),1.4458,0.1513,99398.824516,102,M7,False
tomato,13,4127.0,Karambakkudi(Uzhavar Sandhai ),1.746,0.0839,160112.73826,102,M7,False
tomato,13,4128.0,Viralimalai(Uzhavar Sandhai ),1.3323,0.1858,79870.662801,102,M7,False
tomato,13,4129.0,Ramanathapuram(Uzhavar Sandhai ),0.9181,0.3608,156413.209833,102,M7,False
tomato,13,4130.0,Paramakudi(Uzhavar Sandhai ),0.9293,0.3554,93999.44509,84,M7,False
tomato,13,4131.0,Kamuthi(Uzhavar Sandhai ),1.8986,0.0643,463365.943856,44,M7,False
tomato,13,4132.0,Sooramangalam(Uzhavar Sandhai ),0.6233,0.5345,50366.731952,102,M7,False
tomato,13,4133.0,Ammapet(Uzhavar Sandhai ),1.4999,0.1367,130949.65946,102,M7,False
tomato,13,4134.0,Athur(Uzhavar Sandhai ),0.0197,0.9843,685.953216,74,M7,False
tomato,13,4135.0,Thathakapatti(Uzhavar Sandhai ),1.2952,0.1982,97195.596839,102,M7,False
tomato,13,4136.0,Mettur(Uzhavar Sandhai ),0.9629,0.3383,68497.882903,86,M7,False
tomato,13,4137.0,Attayampatti(Uzhavar Sandhai ),1.7795,0.0782,81341.432447,102,M7,False
tomato,13,4138.0,Hasthampatti(Uzhavar Sandhai ),1.6134,0.1098,137440.720875,102,M7,False
tomato,13,4139.0,Elampillai(Uzhavar Sandhai ),1.2606,0.2104,73998.201288,102,M7,False
tomato,13,4140.0,Thammampatti (Uzhavar Sandhai ),,,-52026.691211,73,M6,False
tomato,13,4141.0,Jalagandapuram(Uzhavar Sandhai ),0.7442,0.4593,96636.994322,69,M7,False
tomato,13,4142.0,Edapadi (Uzhavar Sandhai ),0.8542,0.3956,87191.424948,80,M7,False
tomato,13,4143.0,Sivagangai (Uzhavar Sandhai ),1.4904,0.1392,94979.967706,102,M7,False
tomato,13,4144.0,Devakottai (Uzhavar Sandhai ),1.088,0.2792,149464.137715,102,M7,False
tomato,13,4145.0,Karaikudi(Uzhavar Sandhai ),1.2819,0.2028,109865.331337,102,M7,False
tomato,13,4146.0,Tirupatthur(Uzhavar Sandhai ),1.1485,0.254,141937.175448,84,M7,False
tomato,13,4147.0,Singampunari(Uzhavar Sandhai ),0.7242,0.4715,55743.833234,68,M7,False
tomato,13,4148.0,Thanjavur(Uzhavar Sandhai ),1.0232,0.3087,43392.948496,102,M7,False
tomato,13,4149.0,Kumbakonam (Uzhavar Sandhai ),1.1963,0.2344,115265.39225,102,M7,False
tomato,13,4150.0,Pattukottai(Uzhavar Sandhai ),1.0334,0.3039,89098.799327,102,M7,False
tomato,13,4152.0,Papanasam(Uzhavar Sandhai ),1.0773,0.2839,123277.857361,102,M7,False
tomato,13,4153.0,Theni(Uzhavar Sandhai ),-0.7107,0.4798,-14374.111296,66,M6,False
tomato,13,4154.0,Kambam(Uzhavar Sandhai ),,,6914.092225,67,M7,False
tomato,13,4155.0,Bodinayakanur(Uzhavar Sandhai ),1.5275,0.1298,137798.156778,102,M7,False
tomato,13,4156.0,Periyakulam(Uzhavar Sandhai ),,,-4095.058359,73,M6,False
tomato,13,4157.0,Devaram(Uzhavar Sandhai ),1.8971,0.0607,138930.678838,102,M7,False
tomato,13,4158.0,Andipatti(Uzhavar Sandhai ),1.7524,0.0827,132457.830567,102,M7,False
tomato,13,4159.0,Chinnamanur(Uzhavar Sandhai ),0.1835,0.855,8655.350543,67,M7,False
tomato,13,4160.0,Palayamkottai(Uzhavar Sandhai ),0.8776,0.3823,94253.203685,102,M7,False
tomato,13,4161.0,Kandiyaperi(Uzhavar Sandhai ),0.9308,0.3554,157193.141035,65,M7,False
tomato,13,4162.0,Melapalayam(Uzhavar Sandhai ),-0.2138,0.8314,-8816.876235,64,M6,False
tomato,13,4163.0,Ambasamudram(Uzhavar Sandhai ),0.9543,0.3432,96347.515211,72,M7,False
tomato,13,4164.0,NGO Colony(Uzhavar Sandhai ),1.4151,0.1601,92171.147658,102,M7,False
tomato,13,4166.0,Tiruvallur(Uzhavar Sandhai ),0.9708,0.334,52492.158895,102,M7,False
tomato,13,4167.0,Ambattur(Uzhavar Sandhai ),0.9819,0.3285,94928.165319,102,M7,False
tomato,13,4168.0,Paruthipattu(Uzhavar Sandhai ),-0.6112,0.5424,-23529.42125,102,M6,False
tomato,13,4169.0,Naravarikuppam(Uzhavar Sandhai ),0.5623,0.5752,22422.661742,102,M7,False
tomato,13,4170.0,Perambakkam(Uzhavar Sandhai ),0.0044,0.9965,208.185468,102,M7,False
tomato,13,4172.0,Mannargudi I(Uzhavar Sandhai ),1.0094,0.3152,68077.499743,102,M7,False
tomato,13,4173.0,Tiruvarur(Uzhavar Sandhai ),1.4476,0.1508,90203.026857,102,M7,False
tomato,13,4174.0,Needamangalam(Uzhavar Sandhai ),0.7312,0.4664,47997.359477,102,M7,False
tomato,13,4175.0,Muthupettai(Uzhavar Sandhai ),1.0852,0.2804,94280.304058,102,M7,False
tomato,13,4176.0,Mannargudi II(Uzhavar Sandhai ),0.679,0.4987,35045.981019,102,M7,False
tomato,13,4178.0,Tuticorin(Uzhavar Sandhai ),1.0989,0.2744,88738.435873,102,M7,False
tomato,13,4179.0,Kovilpatti(Uzhavar Sandhai ),1.2717,0.2085,38725.591201,60,M7,False
tomato,13,4180.0,Tiruvannamalai(Uzhavar Sandhai ),1.8061,0.0739,107659.503258,102,M7,False
tomato,13,4181.0,Polur(Uzhavar Sandhai ),1.3001,0.1965,91535.61922,102,M7,False
tomato,13,4182.0,Arani(Uzhavar Sandhai ),1.1304,0.261,92624.182266,102,M7,False
tomato,13,4183.0,Cheyyar(Uzhavar Sandhai ),-1.4937,0.1406,-69262.531653,60,M6,False
tomato,13,4184.0,Chengam(Uzhavar Sandhai ),1.2822,0.2027,60565.38859,102,M7,False
tomato,13,4186.0,Keelpennathur(Uzhavar Sandhai ),1.5039,0.1357,201797.345916,102,M7,False
tomato,13,4187.0,Tamarainagar(Uzhavar Sandhai ),2.3341,0.0216,71366.969161,102,M7,True
tomato,13,4188.0,Anna nagar(Uzhavar Sandhai ),0.6402,0.5235,38654.295608,102,M7,False
tomato,13,4191.0,Manapparai(Uzhavar Sandhai ),-0.9715,0.3352,-53459.690633,60,M6,False
tomato,13,4192.0,Musiri(Uzhavar Sandhai ),0.2758,0.7832,15411.672206,102,M7,False
tomato,13,4194.0,Lalgudi(Uzhavar Sandhai ),0.5267,0.5996,28565.248509,102,M7,False
tomato,13,4195.0,Manachanallur(Uzhavar Sandhai ),0.4594,0.6469,20125.52498,102,M7,False
tomato,13,4197.0,Katpadi (Uzhavar Sandhai ),0.6994,0.4864,26337.174091,78,M7,False
tomato,13,4198.0,Gudiyatham(Uzhavar Sandhai ),1.6191,0.1086,79975.447488,102,M7,False
tomato,13,4199.0,Kahithapattarai(Uzhavar Sandhai ),1.6234,0.1081,90525.415621,88,M7,False
tomato,13,4202.0,Gingee(Uzhavar Sandhai ),2.4555,0.0158,111153.612667,102,M7,True
tomato,13,4203.0,Aruppukottai(Uzhavar Sandhai ),1.014,0.313,55944.053015,102,M7,False
tomato,13,4204.0,Rajapalayam(Uzhavar Sandhai ),1.2452,0.2159,68723.394903,102,M7,False
tomato,13,4205.0,Srivilliputhur(Uzhavar Sandhai ),1.1155,0.2673,62486.792182,102,M7,False
tomato,13,4206.0,Virudhunagar(Uzhavar Sandhai ),1.9366,0.0556,105038.4759,102,M7,False
tomato,13,4207.0,Sivakasi(Uzhavar Sandhai ),1.6945,0.0933,114941.179884,102,M7,False
tomato,13,4208.0,Sathur(Uzhavar Sandhai ),1.3417,0.1827,79564.173707,102,M7,False
tomato,13,4209.0,Kariyapatti(Uzhavar Sandhai ),1.1775,0.2418,66909.941157,102,M7,False
tomato,13,4210.0,Thalavaipuram(Uzhavar Sandhai ),1.3761,0.1718,103859.772003,102,M7,False
tomato,13,4212.0,Myladi(Uzhavar Sandhai ),1.0796,0.2829,107042.722021,102,M7,False
tomato,13,4213.0,Pallavaram(Uzhavar Sandhai ),1.2522,0.2134,119526.596633,102,M7,False
tomato,13,4214.0,Chengalpet(Uzhavar Sandhai ),1.3995,0.1647,103334.548715,102,M7,False
tomato,13,4215.0,Medavakkam(Uzhavar Sandhai ),0.8819,0.38,81539.832269,102,M7,False
tomato,13,4216.0,Nanganallur(Uzhavar Sandhai ),0.7362,0.4637,58105.88002,82,M7,False
tomato,13,4217.0,Madhuranthagam(Uzhavar Sandhai ),1.9121,0.0587,111669.217895,102,M7,False
tomato,13,4219.0,Jameenrayapettai(Uzhavar Sandhai ),1.154,0.2512,98699.345787,102,M7,False
tomato,13,4220.0,Guduvancheri(Uzhavar Sandhai ),0.8082,0.4209,47972.50493,102,M7,False
tomato,13,4221.0,Thirukalukundram(Uzhavar Sandhai ),1.1099,0.2697,55846.217543,102,M7,False
tomato,13,4222.0,Kallakurichi(Uzhavar Sandhai ),0.9454,0.3467,58020.938281,102,M7,False
tomato,13,4224.0,Sankarapuram(Uzhavar Sandhai ),1.1584,0.2494,70828.705719,102,M7,False
tomato,13,4225.0,Ranipettai(Uzhavar Sandhai ),-0.5214,0.6041,-34175.544873,60,M6,False
tomato,13,4226.0,Arcot(Uzhavar Sandhai ),0.309,0.7579,11445.282097,102,M7,False
tomato,13,4227.0,Sankarankoil(Uzhavar Sandhai ),1.4699,0.1453,74584.794952,86,M7,False
tomato,13,4228.0,Tenkasi(Uzhavar Sandhai ),-0.1214,0.9037,-10517.895772,64,M6,False
tomato,13,4229.0,Vaniyampadi(Uzhavar Sandhai ),-4.8434,0.0,-38597.502753,102,M6,True
tomato,13,4231.0,Natrampalli(Uzhavar Sandhai ),0.57,0.5699,53679.54498,102,M7,False
tomato,13,4232.0,Palladam(Uzhavar Sandhai ),0.8344,0.4064,58271.56979,84,M7,False
tomato,13,4234.0,Tiruppur (North) (Uzhavar Sandhai ),0.8781,0.382,48432.767849,102,M7,False
tomato,13,4235.0,Tiruppur (South) (Uzhavar Sandhai ),-1.8466,0.0692,-28109.304222,69,M6,False
tomato,13,4236.0,Dharapuram(Uzhavar Sandhai ),1.0163,0.3124,115976.24287,86,M7,False
tomato,13,4237.0,Kangayam(Uzhavar Sandhai ),2.0315,0.0448,86474.121493,102,M7,True
tomato,13,4240.0,Balarampuram Market,-0.8204,0.4143,-212233.849417,85,M6,False
tomato,13,4247.0,Balugaon APMC,0.2457,0.8069,36179.686664,51,M7,False
tomato,13,4251.0,Ambagan APMC,-1.264,0.2107,-163060.431469,67,M6,False
tomato,13,4252.0,Haibargaon APMC,-1.4639,0.148,-167761.550662,67,M6,False
tomato,13,4295.0,Barpeta Road APMC,-0.0263,0.9791,-1606.320469,53,M6,False
tomato,13,4390.0,Manjhanpur APMC,0.3806,0.7046,24395.643005,74,M7,False
tomato,13,4402.0,SMY Jogindernagar,1.4116,0.1658,349027.68321,41,M7,False
tomato,13,4429.0,Badwani(F&V) APMC,3.5811,0.0006,58302.216208,74,M7,True
tomato,13,4464.0,Hoshangabad(F&V) APMC,2.6289,0.0113,92344.751007,52,M7,True
tomato,13,4469.0,Jawra(F&V) APMC,-1.2366,0.2213,-124318.575613,58,M6,False
tomato,13,4503.0,Manawar(F&V) APMC,,,56440.406884,54,M7,False
tomato,13,4523.0,Petlawad(F&V) APMC,2.4041,0.0189,81962.41838,71,M7,True
tomato,13,4524.0,Pipariya(F&V) APMC,-0.7268,0.4697,-58402.813415,73,M6,False
tomato,13,4531.0,Rewa(F&V) APMC,,,-12085.18016,58,M6,False
tomato,13,4532.0,Sabalgarh(F&V) APMC,0.9068,0.3678,26212.352211,67,M7,False
tomato,13,4534.0,Sanawad(F&V) APMC,1.8855,0.0651,122833.618903,52,M7,False
tomato,13,4538.0,Sehore(F&V) APMC,-0.1528,0.879,-6015.252361,71,M6,False
tomato,13,4539.0,Sendhwa(F&V) APMC,1.6604,0.1011,95468.960557,74,M7,False
tomato,13,4557.0,Timarni(F&V) APMC,-1.202,0.2334,-103013.059133,72,M6,False
tomato,13,4665.0,Chhibramau APMC,0.4742,0.6361,18126.200244,147,M7,False
tomato,13,4667.0,Balurghat APMC,1.1116,0.2677,199159.902031,187,M7,False
tomato,13,4681.0,Ayodhya APMC,0.4038,0.6875,46687.780963,78,M7,False
tomato,13,4707.0,"Fruit&Vegetable Market,Gazipur APMC",,,-93425.525281,33,M6,False
tomato,13,4790.0,Valmikipuram APMC,,,6898.875957,33,M7,False
tomato,26,2.0,Mahboob Manison APMC,-0.149,0.8817,-5903.944931,191,M6,False
tomato,26,9.0,Shadnagar APMC,0.3902,0.6967,20275.288836,222,M7,False
tomato,26,19.0,Warangal APMC,-0.6422,0.5215,-16945.864714,188,M6,False
tomato,26,43.0,Chandigarh (Grain/F&V) APMC,0.0767,0.939,10270.760833,220,M7,False
tomato,26,54.0,Bharuch APMC,0.5391,0.591,41172.036286,100,M7,False
tomato,26,57.0,Nadiad APMC,1.1849,0.2382,307025.192762,133,M7,False
tomato,26,62.0,Morbi APMC,2.7222,0.007,204728.084447,222,M7,True
tomato,26,64.0,Surat APMC,2.9619,0.0034,84552.132613,222,M7,True
tomato,26,66.0,Ahmedabad APMC,3.3758,0.0009,252179.373885,222,M7,True
tomato,26,69.0,PMY Kangra,0.9792,0.3285,102277.069491,222,M7,False
tomato,26,70.0,PMY Kullu,0.2789,0.7806,17310.553414,222,M7,False
tomato,26,71.0,PMY Paonta Sahib,0.6784,0.4982,86106.35572,222,M7,False
tomato,26,72.0,PMY Kather Solan,-0.245,0.8067,-17436.0717,170,M6,False
tomato,26,75.0,Fatehabad APMC,0.9835,0.3268,41603.735148,173,M7,False
tomato,26,79.0,Narwana APMC,1.8433,0.0666,123873.316686,222,M7,False
tomato,26,80.0,Safidon APMC,1.3701,0.172,70964.136987,222,M7,False
tomato,26,85.0,Ladwa APMC,-0.9832,0.3266,-118024.447644,222,M6,False
tomato,26,86.0,Pehowa APMC,,,10871.936004,222,M7,False
tomato,26,87.0,Thanesar APMC,1.8088,0.0718,68343.823634,221,M7,False
tomato,26,89.0,Shahabad APMC,1.0081,0.3145,42667.854134,222,M7,False
tomato,26,92.0,kalanwali APMC,0.4476,0.655,10915.918605,178,M7,False
tomato,26,97.0,Parimpore Srinagar (F&V),1.1381,0.2563,158894.945649,222,M7,False
tomato,26,98.0,Udhampur (F&V),0.6781,0.4984,52493.880538,222,M7,False
tomato,26,100.0,"Binny Mill (F&V), Bengaluru APMC",0.6918,0.4898,57807.323959,222,M7,False
tomato,26,106.0,Davangere APMC,-0.8942,0.3722,-53364.04945,222,M6,False
tomato,26,112.0,Kolar APMC,-0.0015,0.9988,-77.577852,222,M6,False
tomato,26,115.0,Mysuru APMC,-0.099,0.9212,-3369.668242,222,M6,False
tomato,26,125.0,Ernakulam Market,-0.3981,0.691,-61628.918857,221,M6,False
tomato,26,126.0,Aluva Market,-0.5643,0.5731,-87916.107283,222,M6,False
tomato,26,128.0,Thalasserry Market,-1.4016,0.1645,-536864.781663,91,M6,False
tomato,26,131.0,Kollam Market,-0.8235,0.4111,-334330.57266,222,M6,False
tomato,26,132.0,Kottayam Market,0.6053,0.5456,74855.478549,222,M7,False
tomato,26,134.0,Manjeri Market,-1.0596,0.2905,-228464.130073,222,M6,False
tomato,26,135.0,Palakkad Market,-0.7704,0.4419,-152547.750037,222,M6,False
tomato,26,136.0,Koduvayoor Market,-1.158,0.2481,-376790.155556,222,M6,False
tomato,26,139.0,Thrissur Market,-1.0732,0.2843,-215769.87349,222,M6,False
tomato,26,140.0,Kodungalloor Market,-0.8228,0.4116,-150954.831192,202,M6,False
tomato,26,145.0,Ahilyanagar APMC,-0.1125,0.9106,-5298.987172,222,M6,False
tomato,26,151.0,Jalgaon APMC,0.6015,0.5481,18725.030968,222,M7,False
tomato,26,152.0,Kolhapur APMC,-0.284,0.7767,-13058.568262,222,M6,False
tomato,26,154.0,Mumbai APMC,1.765,0.0789,74258.052228,222,M7,False
tomato,26,155.0,Nagpur APMC,1.7509,0.0814,194947.017964,222,M7,False
tomato,26,160.0,Nasik APMC,0.3834,0.7018,7592.268322,222,M7,False
tomato,26,162.0,Pimpalgaon Baswant APMC,1.178,0.2401,28220.257026,214,M7,False
tomato,26,164.0,Pune APMC,0.0833,0.9337,4250.007291,222,M7,False
tomato,26,168.0,SHRI.SIDDHESHWAR APMC,0.0536,0.9573,1010.150483,222,M7,False
tomato,26,173.0,Bhopal(F&V) APMC,3.6859,0.0004,83766.275686,87,M7,True
tomato,26,179.0,Indore(F&V) APMC,,,42635.72193,113,M7,False
tomato,26,184.0,Rajnandgaon APMC,2.1152,0.0355,102578.254575,222,M7,True
tomato,26,198.0,Attabira APMC,0.4772,0.6337,29468.992979,202,M7,False
tomato,26,199.0,Bargarh APMC,0.2216,0.8249,8348.652535,222,M7,False
tomato,26,200.0,Bhadrak APMC,0.3267,0.7445,22932.793732,112,M7,False
tomato,26,202.0,Kantabaji APMC,-0.759,0.4487,-99123.537798,220,M6,False
tomato,26,203.0,Kendrapara APMC,1.5043,0.1339,333145.583629,222,M7,False
tomato,26,206.0,Kesinga APMC,1.6465,0.1011,574425.811181,222,M7,False
tomato,26,207.0,Bhawanipatna APMC,0.6426,0.5214,97774.671802,168,M7,False
tomato,26,214.0,Rayagada APMC,0.2849,0.7761,21373.500803,158,M7,False
tomato,26,216.0,Tarantaran APMC,1.0982,0.2734,119725.296268,204,M7,False
tomato,26,218.0,Fazilka APMC,0.3225,0.7474,22925.092826,222,M7,False
tomato,26,219.0,Jalalabad APMC,0.6136,0.5401,32592.194701,222,M7,False
tomato,26,226.0,Khanna APMC,0.2407,0.81,3541.358637,222,M7,False
tomato,26,227.0,Jagraon APMC,0.3498,0.7273,35777.968756,98,M7,False
tomato,26,228.0,Baghapurana APMC,0.4828,0.6298,26585.530504,204,M7,False
tomato,26,230.0,Muktsar APMC,-0.1507,0.8804,-6551.357617,168,M6,False
tomato,26,231.0,Malout APMC,-0.7652,0.445,-66937.591649,222,M6,False
tomato,26,233.0,Patran APMC,0.4246,0.6716,18911.167283,222,M7,False
tomato,26,234.0,Samana APMC,1.1653,0.2454,39444.690635,192,M7,False
tomato,26,235.0,Nabha APMC,1.0908,0.2769,54326.46743,172,M7,False
tomato,26,236.0,Barnala APMC,0.9014,0.3687,73072.287763,156,M7,False
tomato,26,237.0,Dhuri APMC,0.8398,0.4022,37746.406334,172,M7,False
tomato,26,238.0,Malerkotla APMC,-0.1981,0.8433,-3475.822079,143,M6,False
tomato,26,239.0,Sunam APMC,-0.7481,0.4555,-97516.900814,160,M6,False
tomato,26,240.0,Bhawanigarh APMC,0.7096,0.4787,34197.468576,222,M7,False
tomato,26,247.0,Baran APMC,0.8393,0.4036,32778.36732,89,M7,False
tomato,26,250.0,Bhilwara APMC,0.9351,0.3508,26064.358074,222,M7,False
tomato,26,261.0,Jaipur (F&V) APMC,3.4826,0.0006,98648.952021,204,M7,True
tomato,26,292.0,Ulundurpettai APMC,1.3433,0.1825,137758.015728,93,M7,False
tomato,26,295.0,Bishalgarh APMC,0.8083,0.42,633564.231758,176,M7,False
tomato,26,296.0,Teliamura APMC,0.6076,0.5441,199391.569549,208,M7,False
tomato,26,297.0,Agra APMC,1.0327,0.3029,42087.861915,222,M7,False
tomato,26,298.0,Prayagraj APMC,0.8364,0.4038,34189.163711,222,M7,False
tomato,26,299.0,Bahraich APMC,1.2761,0.2033,67546.090397,222,M7,False
tomato,26,300.0,Ballia APMC,1.1531,0.2503,49993.120246,198,M7,False
tomato,26,301.0,Barabanki APMC,1.0701,0.2858,51587.531696,222,M7,False
tomato,26,302.0,Bareilly APMC,1.1517,0.2507,54525.095183,222,M7,False
tomato,26,303.0,Dehradoon APMC,-0.611,0.542,-28489.453092,182,M6,False
tomato,26,305.0,Farukhabad APMC,0.5554,0.5792,27310.463884,204,M7,False
tomato,26,306.0,Ghaziabad APMC,0.9165,0.3605,39604.010266,198,M7,False
tomato,26,307.0,Gorakhpur APMC,0.8374,0.4033,41158.040318,222,M7,False
tomato,26,308.0,Hardoi APMC,0.9084,0.3648,39960.638567,198,M7,False
tomato,26,309.0,Etawah APMC,0.5212,0.6028,21190.997001,222,M7,False
tomato,26,310.0,Jaunpur APMC,1.2991,0.1953,56511.086669,222,M7,False
tomato,26,311.0,Kanpur(Grain) APMC,1.0728,0.2845,39377.521505,222,M7,False
tomato,26,313.0,Lakhimpur APMC,1.6255,0.1055,73087.924365,222,M7,False
tomato,26,314.0,Lalitpur APMC,0.7822,0.435,31428.756158,198,M7,False
tomato,26,315.0,Lucknow APMC,0.8964,0.371,45730.844066,222,M7,False
tomato,26,316.0,Mainpuri APMC,1.0334,0.3028,50923.757815,184,M7,False
tomato,26,317.0,Meerut APMC,0.9127,0.3625,41737.33227,198,M7,False
tomato,26,318.0,Muradabad APMC,1.5298,0.1276,63657.035208,202,M7,False
tomato,26,319.0,Kashipur APMC,0.5347,0.5934,15473.380064,220,M7,False
tomato,26,320.0,Pilibhit APMC,0.9176,0.3598,47186.823882,222,M7,False
tomato,26,321.0,Saharanpur APMC,1.4663,0.1442,70103.909356,196,M7,False
tomato,26,322.0,Shahjahanpur APMC,1.3467,0.1796,61546.709155,196,M7,False
tomato,26,324.0,Sitapur APMC,1.1445,0.2537,59528.63091,206,M7,False
tomato,26,326.0,Rudrapur APMC,0.4837,0.6291,19172.891518,217,M7,False
tomato,26,328.0,Barasat APMC,1.7444,0.0825,227554.410934,222,M7,False
tomato,26,331.0,Kalna APMC,0.1435,0.886,25823.114763,222,M7,False
tomato,26,333.0,Coochbehar APMC,1.2623,0.2082,230776.346214,222,M7,False
tomato,26,334.0,Pandua APMC,1.4467,0.1494,166303.297333,222,M7,False
tomato,26,382.0,Dhing APMC,,,-42088.788428,54,M6,False
tomato,26,406.0,Durg APMC,0.2526,0.8008,13306.068709,222,M7,False
tomato,26,414.0,Raigarh APMC,1.4528,0.1477,217795.156795,222,M7,False
tomato,26,423.0,APMC Keshopur,1.3434,0.1805,87890.230752,222,M7,False
tomato,26,424.0,APMC Shahdara,1.5137,0.1319,40426.506852,174,M7,False
tomato,26,434.0,Ankleshwar APMC,1.7866,0.0754,54073.305327,222,M7,False
tomato,26,450.0,Vadhvan APMC,2.5181,0.0125,176010.830915,222,M7,True
tomato,26,452.0,Panipat APMC,0.8889,0.375,25875.082215,222,M7,False
tomato,26,454.0,Sonepat APMC,0.8589,0.3914,43329.243425,221,M7,False
tomato,26,455.0,Rohtak APMC,-2.2502,0.0254,-24161.787218,218,M6,True
tomato,26,456.0,Jhajjar APMC,1.7947,0.0741,173812.891758,222,M7,False
tomato,26,457.0,Rewari APMC,1.0151,0.3112,34462.353419,222,M7,False
tomato,26,459.0,Gurgaon APMC,0.8334,0.4055,23251.143161,222,M7,False
tomato,26,462.0,PMY Una,0.9843,0.3261,112966.540006,222,M7,False
tomato,26,463.0,PMY Chamba,1.1549,0.2494,169569.454216,222,M7,False
tomato,26,464.0,PMY Bilaspur,0.7068,0.4804,59226.60525,222,M7,False
tomato,26,465.0,SMY Dhanotu,0.7748,0.4393,51076.150256,222,M7,False
tomato,26,466.0,PMY Hamirpur,1.4795,0.1404,217445.487505,222,M7,False
tomato,26,467.0,PMY Dhalli Shimla,1.0146,0.3114,99328.47185,222,M7,False
tomato,26,468.0,SMY Palampur,0.8509,0.3957,86243.21439,222,M7,False
tomato,26,471.0,SMY Bhuntar,-0.1628,0.8708,-10240.542096,222,M6,False
tomato,26,472.0,Narwal Jammu (F&V),1.2505,0.2124,93986.953365,222,M7,False
tomato,26,489.0,Doddaballapur APMC,0.095,0.9244,3730.582481,174,M7,False
tomato,26,491.0,Srinivasapur APMC,2.3909,0.0179,25038.930142,178,M7,True
tomato,26,492.0,Gauribidanur APMC,,,-35941.391627,176,M6,False
tomato,26,497.0,Gundlupet APMC,1.0573,0.2915,53704.472374,222,M7,False
tomato,26,499.0,K.R. Pet APMC,-1.4076,0.1606,-33010.041498,222,M6,False
tomato,26,515.0,Palayam Market,-1.2149,0.2258,-177974.94518,211,M6,False
tomato,26,530.0,Morena APMC,-0.0322,0.9744,-3740.874033,119,M6,False
tomato,26,555.0,Pandharpur APMC,-0.2351,0.8144,-13555.372694,174,M6,False
tomato,26,557.0,Chattrapati Sambhajinagar APMC,0.1104,0.9122,5858.819313,222,M7,False
tomato,26,591.0,Koraput APMC,0.2215,0.825,30017.842457,163,M7,False
tomato,26,592.0,Baripada APMC,1.131,0.2593,234107.271566,222,M7,False
tomato,26,593.0,Padampur APMC,1.3118,0.1916,229092.178454,151,M7,False
tomato,26,594.0,Khariar Road APMC,1.2284,0.2206,215247.780858,222,M7,False
tomato,26,595.0,Bolangir APMC,-1.9003,0.0596,-235862.643488,131,M6,False
tomato,26,598.0,Patti APMC,0.3375,0.7361,11046.616964,209,M7,False
tomato,26,600.0,Gurdaspur APMC,0.1239,0.9016,11842.130767,141,M7,False
tomato,26,603.0,Bathinda APMC,0.6,0.5491,20638.044833,222,M7,False
tomato,26,605.0,Raman APMC,1.8009,0.0731,88012.877565,222,M7,False
tomato,26,606.0,Faridkot APMC,1.3898,0.1671,29393.078493,122,M7,False
tomato,26,608.0,Firozepur City APMC,1.0301,0.3042,36712.762995,199,M7,False
tomato,26,613.0,Samrala APMC,1.0212,0.3087,53422.752515,167,M7,False
tomato,26,614.0,Phagwara APMC,1.2966,0.1964,84227.114933,188,M7,False
tomato,26,615.0,Budalada APMC,0.7746,0.4394,35809.885417,222,M7,False
tomato,26,617.0,Giddarbaha APMC,0.7846,0.4338,97715.31181,172,M7,False
tomato,26,619.0,Dudhansadhan APMC,0.305,0.7606,15936.598451,222,M7,False
tomato,26,627.0,Churu APMC,1.8502,0.0656,23707.637136,222,M7,False
tomato,26,631.0,Jalore APMC,1.7095,0.0888,45716.517902,222,M7,False
tomato,26,636.0,Jhunjhunu APMC,-0.7573,0.4501,-55506.334628,150,M6,False
tomato,26,638.0,Sikar APMC,,,28759.555662,222,M7,False
tomato,26,642.0,Abu Road APMC,0.9478,0.3443,33763.760528,222,M7,False
tomato,26,647.0,Buland Shahr APMC,1.5148,0.1312,68699.660796,222,M7,False
tomato,26,649.0,Baraut APMC,1.5331,0.1268,44756.698231,200,M7,False
tomato,26,650.0,Shamli APMC,1.4279,0.1548,73437.586842,206,M7,False
tomato,26,651.0,Khatauli APMC,0.9477,0.345,17375.587202,136,M7,False
tomato,26,652.0,Etah APMC,1.3141,0.1902,50125.443882,222,M7,False
tomato,26,653.0,Mathura APMC,0.8742,0.383,32644.715133,222,M7,False
tomato,26,654.0,Rampur APMC,1.2027,0.2306,54602.330031,194,M7,False
tomato,26,655.0,Badayoun APMC,0.9681,0.334,47569.245883,222,M7,False
tomato,26,656.0,Chandausi APMC,1.2661,0.2068,52184.724684,222,M7,False
tomato,26,657.0,Raibareilly APMC,0.6435,0.5206,25787.603902,222,M7,False
tomato,26,658.0,Gonda APMC,1.478,0.1408,90097.785938,222,M7,False
tomato,26,659.0,Sultanpur APMC,0.6682,0.5048,32375.412788,196,M7,False
tomato,26,660.0,Pratapgarh APMC,0.5399,0.5898,29054.699968,222,M7,False
tomato,26,661.0,Devariya APMC,1.0257,0.3063,56072.036188,198,M7,False
tomato,26,662.0,Basti APMC,1.2615,0.2085,57868.660781,222,M7,False
tomato,26,663.0,Azamgarh APMC,0.4308,0.667,25745.168731,222,M7,False
tomato,26,664.0,Mirzapur APMC,1.456,0.147,64343.467046,201,M7,False
tomato,26,666.0,Jhansi APMC,0.5373,0.5917,15434.243753,206,M7,False
tomato,26,667.0,Rishikesh APMC,0.0976,0.9223,1680.915239,222,M7,False
tomato,26,668.0,Vikasnagar APMC,-0.1016,0.9192,-3166.570696,222,M6,False
tomato,26,669.0,Khateema APMC,-1.0303,0.304,-21138.139746,222,M6,False
tomato,26,670.0,Burdwan APMC,1.4625,0.145,172976.939119,222,M7,False
tomato,26,671.0,Medinipur(West) APMC,1.887,0.0605,248380.412686,222,M7,False
tomato,26,672.0,Birbhum APMC,1.4375,0.152,245485.283316,222,M7,False
tomato,26,675.0,Jalpaiguri Sadar APMC,1.318,0.1893,154504.347108,170,M7,False
tomato,26,676.0,Alipurduar APMC,1.3851,0.1674,205600.687943,222,M7,False
tomato,26,681.0,Vadaseri APMC,2.7666,0.0068,418194.87029,93,M7,True
tomato,26,682.0,Muzzafarnagar APMC,1.2609,0.2089,66889.063596,188,M7,False
tomato,26,683.0,Panisagar APMC,0.741,0.4595,185055.397987,211,M7,False
tomato,26,690.0,Channapatna APMC,-0.3342,0.7389,-20510.315189,111,M6,False
tomato,26,707.0,Chamarajanagar APMC,0.3784,0.7055,13361.897066,222,M7,False
tomato,26,709.0,Chikkamagaluru APMC,0.1378,0.8906,5908.18786,222,M7,False
tomato,26,728.0,Kalaburagi APMC,-0.9432,0.3466,-58810.529023,222,M6,False
tomato,26,735.0,Hassan APMC,2.6675,0.0084,64965.259314,165,M7,True
tomato,26,742.0,Chickkaballapura APMC,-0.6413,0.522,-32094.809463,222,M6,False
tomato,26,743.0,Chintamani APMC,0.3407,0.7337,16385.442214,222,M7,False
tomato,26,744.0,Bangarpet APMC,-0.7795,0.4367,-101025.433199,174,M6,False
tomato,26,745.0,Ramanagara APMC,0.8576,0.392,60525.568958,222,M7,False
tomato,26,753.0,Shimoga APMC,-0.8202,0.413,-44664.116162,222,M6,False
tomato,26,793.0,Lalru APMC,1.7327,0.0845,129732.850021,222,M7,False
tomato,26,794.0,Morinda APMC,0.5668,0.5719,21425.125136,121,M7,False
tomato,26,795.0,Fatehpur APMC,0.749,0.4547,33632.762987,222,M7,False
tomato,26,796.0,Auraiya APMC,0.822,0.412,36900.491853,222,M7,False
tomato,26,797.0,Mahoba APMC,1.0044,0.3165,53675.357255,187,M7,False
tomato,26,799.0,Ramkrishanpur(Howrah) APMC,1.9362,0.0541,243023.575333,222,M7,False
tomato,26,813.0,Sangamner APMC,-1.0016,0.3177,-39160.691131,212,M6,False
tomato,26,816.0,Firozabad APMC,0.6888,0.4916,31282.154095,222,M7,False
tomato,26,820.0,Ghatal APMC,2.0714,0.0409,340765.283202,100,M7,True
tomato,26,821.0,Champadanga APMC,1.6987,0.0908,187939.351197,222,M7,False
tomato,26,823.0,Udupi APMC,,,-21250.725374,158,M6,False
tomato,26,892.0,Ibrahimputnam APMC,-0.5887,0.5568,-22221.207937,177,M6,False
tomato,26,987.0,Pattikonda APMC,1.2446,0.2161,76912.444213,106,M7,False
tomato,26,1048.0,Venkateswarnagar APMC,-0.294,0.7691,-11385.495777,213,M6,False
tomato,26,1061.0,Udumalpet APMC,2.2728,0.0254,128433.978196,93,M7,True
tomato,26,1070.0,Haldwani APMC,-1.6508,0.1002,-22756.9828,222,M6,False
tomato,26,1071.0,Haridwar Union APMC,0.0322,0.9744,443.938374,222,M7,False
tomato,26,1072.0,Ramnagar APMC,-0.1119,0.911,-5758.768811,194,M6,False
tomato,26,1073.0,Roorkee APMC,,,-3721.555433,222,M6,False
tomato,26,1074.0,Kotadwara APMC,-0.7905,0.4301,-32738.52093,222,M6,False
tomato,26,1077.0,Manglaur APMC,-0.7451,0.457,-9307.246429,222,M6,False
tomato,26,1078.0,Gudimalkapur APMC,-1.1328,0.2585,-36992.788218,222,M6,False
tomato,26,1079.0,Gohana APMC,1.5761,0.1164,145296.345964,222,M7,False
tomato,26,1081.0,Thodupuzha Market,-0.6221,0.5345,-163071.571092,222,M6,False
tomato,26,1108.0,Ambala Cantt. APMC,-0.3056,0.7603,-13029.997162,176,M6,False
tomato,26,1110.0,Ballabhgarh APMC,1.0967,0.274,55661.826501,222,M7,False
tomato,26,1111.0,Sohna APMC,1.6409,0.1022,93311.80522,222,M7,False
tomato,26,1113.0,Mohindergarh APMC,1.0215,0.3083,51284.813013,192,M7,False
tomato,26,1124.0,Bahadajholla APMC,0.9944,0.3214,102745.867862,177,M7,False
tomato,26,1125.0,Panposh APMC,1.1066,0.2698,147508.654267,203,M7,False
tomato,26,1128.0,Sirhind APMC,1.3183,0.1888,55138.961243,222,M7,False
tomato,26,1130.0,Mansa APMC,-0.6825,0.4956,-117967.730679,222,M6,False
tomato,26,1132.0,Madanganj Kishangarh APMC,0.916,0.3609,35384.705125,175,M7,False
tomato,26,1138.0,Bijnaur APMC,1.5571,0.121,71621.610037,200,M7,False
tomato,26,1139.0,Kasganj APMC,1.0706,0.2855,44372.393242,222,M7,False
tomato,26,1140.0,Amroha APMC,1.54,0.1251,66945.2358,202,M7,False
tomato,26,1141.0,Pukharayan APMC,0.3943,0.6937,18504.775251,222,M7,False
tomato,26,1142.0,Kosikalan APMC,0.8175,0.4145,32826.856314,222,M7,False
tomato,26,1143.0,Unnao APMC,0.8039,0.4223,36298.156854,222,M7,False
tomato,26,1147.0,Padra APMC,2.8487,0.0048,130041.114616,222,M7,True
tomato,26,1202.0,Sangareddy APMC,0.2452,0.8067,2366.418496,120,M7,False
tomato,26,1214.0,Tindivanam APMC,,,64751.653881,93,M7,False
tomato,26,1273.0,Navsari APMC,3.4555,0.0007,88316.398994,142,M7,True
tomato,26,1275.0,Kapadvanj APMC,6.2452,0.0,162583.445399,222,M7,True
tomato,26,1287.0,Shrirampur APMC,-0.8909,0.374,-35067.359207,222,M6,False
tomato,26,1290.0,Bhusaval APMC,0.4868,0.6269,12453.72566,222,M7,False
tomato,26,1304.0,Vadgaonpeth APMC,-0.0075,0.994,-361.996095,222,M6,False
tomato,26,1308.0,Islampur APMC,0.0716,0.943,2420.764358,222,M7,False
tomato,26,1310.0,Karad APMC,-0.4407,0.6599,-18516.319081,222,M6,False
tomato,26,1312.0,Phaltan APMC,-0.6278,0.5308,-35061.34145,222,M6,False
tomato,26,1313.0,Satara APMC,0.2691,0.7881,10593.468625,222,M7,False
tomato,26,1315.0,Vai APMC,-0.119,0.9054,-4761.608759,222,M6,False
tomato,26,1318.0,Mangal Wedha APMC,-0.5167,0.6059,-22527.608389,222,M6,False
tomato,26,1355.0,Kalmeshwar APMC,2.3647,0.0189,142699.76703,222,M7,True
tomato,26,1372.0,Bijaynagar APMC,1.2609,0.2088,40580.410631,201,M7,False
tomato,26,1377.0,Bayana APMC,-1.0507,0.2952,-17751.494421,142,M6,False
tomato,26,1385.0,Sujangarh APMC,-0.6156,0.5388,-18154.647499,222,M6,False
tomato,26,1386.0,Bhadara APMC,1.8326,0.0682,71888.981968,222,M7,False
tomato,26,1387.0,Goluwala APMC,2.0649,0.0401,101676.192129,222,M7,True
tomato,26,1389.0,Rawatsar APMC,1.6168,0.1073,45955.601379,222,M7,False
tomato,26,1391.0,Suratgarh APMC,-0.2835,0.7771,-4005.382716,175,M6,False
tomato,26,1416.0,Chittorgarh APMC,,,-4394.502306,116,M6,False
tomato,26,1418.0,Rajsamand APMC,1.0105,0.3134,29866.335934,222,M7,False
tomato,26,1427.0,Zira APMC,1.5439,0.124,94982.804624,222,M7,False
tomato,26,1428.0,Dinanagar APMC,1.809,0.0718,66607.435604,222,M7,False
tomato,26,1432.0,Dasuya APMC,1.0555,0.2929,170807.917324,148,M7,False
tomato,26,1433.0,Garh Shankar APMC,1.4376,0.152,55615.263169,222,M7,False
tomato,26,1434.0,Tanda Urmur APMC,1.5244,0.129,162711.347702,194,M7,False
tomato,26,1438.0,Lohian Khas APMC,-1.0795,0.2818,-12173.653098,179,M6,False
tomato,26,1441.0,Doraha APMC,2.0481,0.0417,90341.245364,222,M7,True
tomato,26,1446.0,Sahnewal APMC,1.513,0.1317,73337.700333,222,M7,False
tomato,26,1452.0,Bariwala APMC,-0.1337,0.8937,-7774.699349,205,M6,False
tomato,26,1456.0,Rajpura APMC,0.6573,0.5117,31238.684089,222,M7,False
tomato,26,1457.0,Chamkaur Sahib APMC,1.9564,0.0521,97554.030879,167,M7,False
tomato,26,1458.0,Kharar APMC,1.1507,0.2511,149310.019988,222,M7,False
tomato,26,1464.0,Bassi Pathana APMC,1.0455,0.297,59295.855039,222,M7,False
tomato,26,1466.0,Khamano APMC,1.9675,0.0504,298740.199818,222,M7,False
tomato,26,1469.0,Vellore APMC,,,100909.271747,93,M7,False
tomato,26,1505.0,Parlakhemundi APMC,-0.054,0.957,-4013.942932,190,M6,False
tomato,26,1506.0,Bhanjanagar APMC,0.1076,0.9144,8537.208311,222,M7,False
tomato,26,1507.0,Boudh APMC,0.8301,0.4077,108844.026867,171,M7,False
tomato,26,1510.0,Sargipali APMC,1.219,0.2241,119523.815266,222,M7,False
tomato,26,1511.0,Udala APMC,1.2377,0.2172,239447.756499,222,M7,False
tomato,26,1513.0,Jaleswar APMC,1.2514,0.2125,237597.266597,172,M7,False
tomato,26,1516.0,Kamakhyanagar APMC,1.26,0.209,907053.358783,222,M7,False
tomato,26,1519.0,Betnoti APMC,0.5479,0.5846,25006.775842,155,M7,False
tomato,26,1520.0,Keonjhar APMC,1.0556,0.2923,95075.158374,222,M7,False
tomato,26,1523.0,Balugaon APMC,-0.2239,0.823,-32043.479188,222,M6,False
tomato,26,1525.0,Birmaharajpur APMC,0.04,0.9682,5486.418035,146,M7,False
tomato,26,1527.0,Hinjilicut APMC,-0.2306,0.8179,-9965.268318,193,M6,False
tomato,26,1537.0,Porbandar APMC,2.1224,0.0349,295794.988873,222,M7,True
tomato,26,1569.0,Bhagta Bhai Ka APMC,0.9904,0.323,68591.229958,222,M7,False
tomato,26,1570.0,Talwandi Sabo APMC,1.5049,0.1338,89722.731072,213,M7,False
tomato,26,1573.0,Mamdot APMC,1.5944,0.113,107314.315609,149,M7,False
tomato,26,1579.0,Bilga APMC,-1.0574,0.2918,-20506.801596,175,M6,False
tomato,26,1587.0,Dera Bassi APMC,1.0767,0.2828,37141.362678,208,M7,False
tomato,26,1593.0,Lehra Gaga APMC,2.259,0.0249,129121.084522,222,M7,True
tomato,26,1595.0,Sangrur APMC,0.7831,0.4351,47417.350049,124,M7,False
tomato,26,1598.0,Palitana APMC,1.4678,0.1444,290093.206274,142,M7,False
tomato,26,1602.0,Mulbagal APMC,0.079,0.9371,3765.601795,222,M7,False
tomato,26,1606.0,Rayya APMC,0.7168,0.4743,50069.045288,222,M7,False
tomato,26,1610.0,Ajmer(F&V) APMC,1.2989,0.1953,40235.992833,222,M7,False
tomato,26,1614.0,Sriganganagar (F&V) APMC,1.207,0.229,60978.766547,182,M7,False
tomato,26,1626.0,Damnagar APMC,2.4571,0.0148,298256.432814,222,M7,True
tomato,26,1631.0,Panvel APMC,1.1773,0.2404,266291.57611,219,M7,False
tomato,26,1634.0,Rahuri APMC,-0.6311,0.5287,-33357.916353,182,M6,False
tomato,26,1637.0,Akluj APMC,-1.3273,0.187,-71539.078251,119,M6,False
tomato,26,1651.0,Ratnagiri (Nachane) APMC,0.7337,0.4639,35066.844487,222,M7,False
tomato,26,1658.0,Patan APMC,-0.9027,0.3677,-24855.265204,222,M6,False
tomato,26,1663.0,Sitarganj APMC,0.8613,0.39,19940.586907,222,M7,False
tomato,26,1664.0,Jaspur(UC) APMC,-0.6108,0.5421,-11559.881656,177,M6,False
tomato,26,1700.0,Champaknagar APMC,1.5008,0.1349,1128214.028961,215,M7,False
tomato,26,1702.0,Garjee APMC,1.2669,0.2065,557284.823301,222,M7,False
tomato,26,1715.0,Kopaganj APMC,-0.3614,0.7181,-16477.821251,222,M6,False
tomato,26,1716.0,Partaval APMC,1.075,0.2838,63436.901214,185,M7,False
tomato,26,1717.0,Orai APMC,1.0918,0.2761,39458.125119,222,M7,False
tomato,26,1718.0,Kannauj APMC,0.8542,0.394,39397.553912,205,M7,False
tomato,26,1719.0,Robertsganj APMC,1.019,0.3093,43862.125003,222,M7,False
tomato,26,1720.0,Aligarh APMC,0.8597,0.3909,40157.002483,222,M7,False
tomato,26,1721.0,Akbarpur APMC,0.37,0.7117,20289.106239,222,M7,False
tomato,26,1722.0,Balrampur APMC,1.2611,0.2087,56953.82669,215,M7,False
tomato,26,1723.0,Chandoli APMC,0.6848,0.4942,33962.734888,212,M7,False
tomato,26,1724.0,Ajuha APMC,0.6818,0.4961,31117.875228,222,M7,False
tomato,26,1725.0,Banda APMC,0.8759,0.3821,38960.418188,201,M7,False
tomato,26,1726.0,Hapur APMC,1.6968,0.0911,60551.587577,222,M7,False
tomato,26,1727.0,Naugarh APMC,0.8362,0.404,38541.723117,214,M7,False
tomato,26,1729.0,Dadri APMC,1.5938,0.1124,60343.999075,222,M7,False
tomato,26,1730.0,Haathras APMC,1.0576,0.2914,49955.697151,222,M7,False
tomato,26,1731.0,Golagokarnath APMC,0.7342,0.4636,30068.074324,222,M7,False
tomato,26,1732.0,Puranpur APMC,1.0567,0.2918,50862.847174,222,M7,False
tomato,26,1733.0,Bangarmau APMC,0.9154,0.3611,44133.881049,200,M7,False
tomato,26,1735.0,Bishalpur APMC,1.4515,0.1481,67069.506121,222,M7,False
tomato,26,1736.0,Tilhar APMC,6.2494,0.0,34501.231304,196,M7,True
tomato,26,1737.0,Kayamganj APMC,0.7377,0.4616,32654.264645,207,M7,False
tomato,26,1738.0,Konch APMC,0.629,0.53,29137.148746,222,M7,False
tomato,26,1739.0,Mauranipur APMC,0.8775,0.3813,44743.553165,186,M7,False
tomato,26,1740.0,Sahiyapur APMC,-0.0791,0.937,-5350.451221,181,M6,False
tomato,26,1741.0,Bharthna APMC,1.0273,0.3054,38159.156202,222,M7,False
tomato,26,1742.0,Chaandpur APMC,1.2505,0.2126,22788.694131,194,M7,False
tomato,26,1743.0,Jayas APMC,0.5944,0.5529,35240.158737,200,M7,False
tomato,26,1744.0,Ujhani APMC,,,150559.577507,95,M7,False
tomato,26,1746.0,Paliakala APMC,,,93546.605874,110,M7,False
tomato,26,1747.0,Atarra APMC,0.8198,0.4134,36448.18032,186,M7,False
tomato,26,1748.0,Bindki APMC,0.8683,0.3863,45762.33583,198,M7,False
tomato,26,1750.0,Gurusarai APMC,1.5377,0.1268,98319.15608,118,M7,False
tomato,26,1751.0,Sehjanwa APMC,-0.8754,0.3826,-35127.681811,175,M6,False
tomato,26,1752.0,Jhijhank APMC,-0.9211,0.3591,-26872.910444,107,M6,False
tomato,26,1753.0,Khurja APMC,1.1901,0.2354,58750.596274,209,M7,False
tomato,26,1754.0,Gangoh APMC,2.1456,0.0331,67838.599162,198,M7,True
tomato,26,1755.0,Charra APMC,0.6606,0.5096,38463.618182,204,M7,False
tomato,26,1757.0,Ghiraur APMC,0.9481,0.3443,51557.698576,184,M7,False
tomato,26,1758.0,Shikohabad APMC,-1.0115,0.3138,-19118.440227,118,M6,False
tomato,26,1759.0,Khair APMC,1.8286,0.0688,120842.201218,222,M7,False
tomato,26,1760.0,Safdarganj APMC,0.9439,0.3463,47512.91519,222,M7,False
tomato,26,1761.0,Jafarganj APMC,1.0234,0.3074,66535.3807,191,M7,False
tomato,26,1763.0,Naanpara APMC,0.5225,0.6019,23527.796018,198,M7,False
tomato,26,1764.0,Jasra APMC,0.7278,0.4675,35614.623511,222,M7,False
tomato,26,1765.0,Dibiapur APMC,-0.8915,0.3738,-14749.489003,182,M6,False
tomato,26,1768.0,Baripaal APMC,0.1662,0.8681,3728.063273,222,M7,False
tomato,26,1770.0,Jasvantnagar APMC,1.0533,0.2933,38362.471983,222,M7,False
tomato,26,1771.0,Nautnava APMC,1.0404,0.2997,26242.646367,162,M7,False
tomato,26,1772.0,Tulsipur APMC,0.8451,0.399,46686.98835,208,M7,False
tomato,26,1773.0,Anandnagar APMC,0.9388,0.3491,44055.143071,182,M7,False
tomato,26,1774.0,Mehmoodabad APMC,2.9344,0.004,92406.186743,128,M7,True
tomato,26,1777.0,Madhoganj APMC,1.1786,0.24,55001.063372,196,M7,False
tomato,26,1778.0,Dudhi APMC,2.2308,0.0267,46873.406442,222,M7,True
tomato,26,1779.0,Shahganj APMC,1.0964,0.2743,52372.701858,190,M7,False
tomato,26,1780.0,Mugrabaadshahpur APMC,1.2289,0.2205,58825.873174,214,M7,False
tomato,26,1785.0,Rampurmaniharan APMC,-0.3903,0.6968,-9721.288814,198,M6,False
tomato,26,1787.0,Hasanpur APMC,1.0969,0.2739,20982.59552,222,M7,False
tomato,26,1788.0,Sambhal APMC,0.4351,0.6639,7871.98918,222,M7,False
tomato,26,1790.0,Bilsi APMC,1.198,0.2328,78609.338285,154,M7,False
tomato,26,1791.0,Najibabad APMC,-0.4419,0.6593,-6936.41606,136,M6,False
tomato,26,1793.0,Jalaun APMC,1.88,0.0614,75064.075131,222,M7,False
tomato,26,1794.0,Maudaha APMC,0.5191,0.6046,48511.635571,121,M7,False
tomato,26,1795.0,Bharuasumerpur APMC,1.0618,0.2897,51036.508491,190,M7,False
tomato,26,1799.0,Chirgaon APMC,0.8838,0.378,50111.826313,179,M7,False
tomato,26,1800.0,Moth APMC,1.0744,0.2841,51467.2439,179,M7,False
tomato,26,1804.0,Barwala APMC,1.23,0.22,45942.581112,222,M7,False
tomato,26,1805.0,Barara APMC,,,22464.533946,196,M7,False
tomato,26,1808.0,Naraingarh APMC,1.0872,0.2781,31632.26538,222,M7,False
tomato,26,1809.0,Shahzadpur APMC,0.9092,0.3642,48254.139293,222,M7,False
tomato,26,1810.0,Jagadhri APMC,1.4988,0.1354,52376.69411,222,M7,False
tomato,26,1811.0,Chhachrauli APMC,1.3609,0.1749,47263.599421,222,M7,False
tomato,26,1812.0,Mustafabad APMC,0.7501,0.454,33246.732215,222,M7,False
tomato,26,1813.0,Sadhaura APMC,1.6092,0.109,63845.907141,222,M7,False
tomato,26,1814.0,Radaur APMC,-0.6807,0.4968,-3757.081162,221,M6,False
tomato,26,1823.0,Farukh Nagar APMC,3.5647,0.0004,66776.86451,222,M7,True
tomato,26,1826.0,Punhana APMC,1.4602,0.1457,121862.654574,222,M7,False
tomato,26,1827.0,Tauru APMC,1.6361,0.1032,153437.861958,222,M7,False
tomato,26,1828.0,Barwala(Hisar) APMC,3.5981,0.0004,130303.088186,167,M7,True
tomato,26,1833.0,Jakhal APMC,1.6698,0.0964,114570.912476,222,M7,False
tomato,26,1839.0,Dhand APMC,0.1634,0.8703,5843.755389,222,M7,False
tomato,26,1842.0,Siwan APMC,1.3994,0.1631,61702.835096,222,M7,False
tomato,26,1844.0,Gharaunda APMC,1.349,0.1787,140884.386452,222,M7,False
tomato,26,1852.0,Madlauda APMC,1.593,0.1126,113578.954495,222,M7,False
tomato,26,1853.0,Samalkha APMC,1.0526,0.2937,49519.893654,206,M7,False
tomato,26,1860.0,Meham APMC,1.3112,0.1911,65319.938537,222,M7,False
tomato,26,1861.0,Sampla APMC,1.5836,0.1147,173127.750494,220,M7,False
tomato,26,1864.0,Ganaur APMC,1.3599,0.1752,89517.068047,222,M7,False
tomato,26,1868.0,Bowenpally APMC,-0.5558,0.5789,-28607.399904,222,M6,False
tomato,26,1896.0,Navapur APMC,,,4984.370416,91,M7,False
tomato,26,1902.0,Vita APMC,0.0542,0.9568,4212.879767,161,M7,False
tomato,26,1903.0,Palus APMC,-0.1181,0.9061,-5197.207976,222,M6,False
tomato,26,1939.0,Ramtek APMC,2.6535,0.0085,133829.667344,222,M7,True
tomato,26,1967.0,Karvi APMC,1.3161,0.1895,54469.177304,222,M7,False
tomato,26,1973.0,Kuruppanthura Market,1.0255,0.3063,369496.305603,217,M7,False
tomato,26,1974.0,Chelakkara Market,-0.8563,0.3928,-331579.639825,222,M6,False
tomato,26,1975.0,Munnar Market,-0.1998,0.8418,-37539.7074,222,M6,False
tomato,26,1977.0,Kottakkal Market,-0.8402,0.4017,-165612.526187,222,M6,False
tomato,26,1978.0,Angamaly Market,0.6347,0.5263,175078.056606,222,M7,False
tomato,26,1979.0,Kallachi Market,-1.0829,0.28,-244305.613284,222,M6,False
tomato,26,1980.0,Taliparamba Market,-1.1947,0.2348,-780171.979972,110,M6,False
tomato,26,1986.0,Madhavapuram Market,-1.0601,0.2904,-375530.694941,191,M6,False
tomato,26,1987.0,Mulakalacheruvu APMC,-0.3968,0.6923,-18120.7121,109,M6,False
tomato,26,2006.0,Sasthamkotta Market,-1.5355,0.1261,-372072.980847,222,M6,False
tomato,26,2007.0,Piravam Market,0.771,0.4415,189188.70316,222,M7,False
tomato,26,2008.0,Aralamoodu Market,1.4692,0.1432,224164.238341,222,M7,False
tomato,26,2011.0,Neyyatinkara Market,0.0347,0.9723,3905.169483,200,M7,False
tomato,26,2012.0,Attingal Market,-0.6609,0.5093,-192207.590822,222,M6,False
tomato,26,2013.0,Anchal Market,-0.3363,0.737,-217146.850701,222,M6,False
tomato,26,2015.0,Chengannur Market,-0.2413,0.8096,-78924.205776,222,M6,False
tomato,26,2016.0,Kayamkulam Market,-1.1245,0.262,-337811.835888,222,M6,False
tomato,26,2019.0,Pampady Market,0.3003,0.7643,92210.170571,222,M7,False
tomato,26,2020.0,Ettumanoor Market,-0.4872,0.6266,-133711.396286,222,M6,False
tomato,26,2021.0,Kanjirappally Market,2.0371,0.0428,964510.284235,222,M7,True
tomato,26,2022.0,Pala Market,1.0344,0.3021,249598.521563,222,M7,False
tomato,26,2024.0,Chalakudy Market,-0.0279,0.9778,-8949.170948,222,M6,False
tomato,26,2026.0,Chavakkad Market,-0.8722,0.384,-250714.159766,222,M6,False
tomato,26,2027.0,Wadakkanchery Market,-0.9735,0.3314,-260447.571927,222,M6,False
tomato,26,2032.0,Kuthuparambu Market,-0.9984,0.3202,-590309.713211,116,M6,False
tomato,26,2034.0,Manjeswaram Market,-1.0323,0.303,-305810.995437,222,M6,False
tomato,26,2035.0,Kanjangadu Market,-1.0867,0.2784,-346900.912804,222,M6,False
tomato,26,2036.0,Vamanapuram Market,-0.7107,0.478,-367905.334505,222,M6,False
tomato,26,2039.0,Rahata APMC,-0.4369,0.6626,-16212.448798,222,M6,False
tomato,26,2147.0,Khed(Chakan) APMC,0.062,0.9506,3500.259515,222,M7,False
tomato,26,2148.0,Pune(Pimpri) APMC,-0.0664,0.9472,-2107.331999,222,M6,False
tomato,26,2149.0,Pune(Khadiki) APMC,1.244,0.2148,32575.549632,222,M7,False
tomato,26,2163.0,Chandrapur(Ganjwad) APMC,0.1306,0.8962,4254.41446,222,M7,False
tomato,26,2173.0,Kathua (F&V),1.041,0.299,104513.296531,222,M7,False
tomato,26,2176.0,Thrippunithura Market,1.2393,0.2166,293281.804009,222,M7,False
tomato,26,2177.0,Pattambi Market,-0.9371,0.3497,-238844.616974,222,M6,False
tomato,26,2181.0,Khekda APMC,1.0756,0.2833,29584.79602,222,M7,False
tomato,26,2182.0,Jahangirabad APMC,1.739,0.0834,67687.4509,222,M7,False
tomato,26,2183.0,Siyana APMC,-0.2527,0.8008,-6795.218969,194,M6,False
tomato,26,2184.0,Sikanderabad APMC,0.4523,0.6516,10974.46401,184,M7,False
tomato,26,2185.0,Anoop Shahar APMC,2.0223,0.0444,71779.151597,207,M7,True
tomato,26,2186.0,Sikarpur APMC,0.0259,0.9793,607.124529,199,M7,False
tomato,26,2188.0,Chutmalpur APMC,-1.26,0.2091,-19832.638661,208,M6,False
tomato,26,2190.0,Kairana APMC,-0.91,0.3639,-6972.524586,208,M6,False
tomato,26,2191.0,Thanabhavan APMC,1.58,0.1155,27068.7794,222,M7,False
tomato,26,2193.0,Fatehabad APMC,-0.8765,0.3818,-4203.065558,206,M6,False
tomato,26,2194.0,Achnera APMC,1.8866,0.061,76008.716408,168,M7,False
tomato,26,2195.0,Khairagarh APMC,3.6306,0.0004,123838.835646,145,M7,True
tomato,26,2196.0,Jagnair APMC,1.1858,0.237,60725.400595,222,M7,False
tomato,26,2197.0,Fatehpur Sikri APMC,0.5467,0.5852,27645.032149,180,M7,False
tomato,26,2198.0,Samsabad APMC,-1.5766,0.1163,-16879.73908,222,M6,False
tomato,26,2200.0,Shadabad APMC,0.8239,0.4109,24405.919655,222,M7,False
tomato,26,2203.0,Awagarh APMC,-0.3233,0.7468,-8860.598757,222,M6,False
tomato,26,2204.0,Sirsaganj APMC,-0.0832,0.9338,-2700.932885,175,M6,False
tomato,26,2205.0,Tundla APMC,1.1006,0.2723,50648.524295,222,M7,False
tomato,26,2206.0,Kiratpur APMC,1.7447,0.0825,52932.358666,212,M7,False
tomato,26,2209.0,Dhanaura APMC,0.8247,0.4104,18029.879864,222,M7,False
tomato,26,2212.0,Anwala APMC,0.7572,0.4497,60903.003765,222,M7,False
tomato,26,2214.0,Wazirganj APMC,0.9758,0.3305,51582.623388,174,M7,False
tomato,26,2218.0,Choubepur APMC,0.4679,0.6404,23396.355474,188,M7,False
tomato,26,2222.0,Mohamadabad APMC,2.288,0.0241,100945.090846,108,M7,True
tomato,26,2223.0,Achalda APMC,1.044,0.2978,52462.093684,188,M7,False
tomato,26,2227.0,Salon APMC,,,111432.477369,92,M7,False
tomato,26,2228.0,Viswan APMC,1.1922,0.2349,71117.2948,170,M7,False
tomato,26,2236.0,Muskara APMC,0.8256,0.4101,43228.705276,185,M7,False
tomato,26,2239.0,Rudauli APMC,0.8998,0.3693,32206.030921,198,M7,False
tomato,26,2240.0,Nawabganj APMC,1.1359,0.2572,49116.904832,222,M7,False
tomato,26,2243.0,Ahirora APMC,-0.7477,0.4556,-15282.39925,178,M6,False
tomato,26,2244.0,Doharighat APMC,0.7968,0.4265,81058.352455,205,M7,False
tomato,26,2245.0,Rasda APMC,1.3909,0.1658,62213.226341,204,M7,False
tomato,26,2246.0,Chitwadagaon APMC,1.4613,0.1457,73075.791707,184,M7,False
tomato,26,2248.0,Chorichora APMC,0.8831,0.3785,49441.714966,162,M7,False
tomato,26,2249.0,Khalilabad APMC,-0.2934,0.7695,-5842.968932,222,M6,False
tomato,26,2250.0,Gadaura APMC,0.2904,0.7721,9265.994746,113,M7,False
tomato,26,2254.0,Valangaiman APMC,,,161636.102227,93,M7,False
tomato,26,2269.0,Uluberia APMC,1.7723,0.0777,301696.913783,222,M7,False
tomato,26,2270.0,Sheoraphuly APMC,1.7239,0.0861,199694.067254,222,M7,False
tomato,26,2272.0,Egra/contai APMC,0.4708,0.6382,56845.482428,222,M7,False
tomato,26,2373.0,Gandai APMC,,,21622.947273,75,M7,False
tomato,26,2422.0,Thirupathur APMC,,,114665.884945,93,M7,False
tomato,26,2444.0,FerozpurZirkha(Nagina) APMC,1.2753,0.2035,88242.908551,222,M7,False
tomato,26,2481.0,Kota (F&V) APMC,1.8601,0.0643,34636.010689,204,M7,False
tomato,26,2487.0,Jalandhar City(Jalandhar) APMC,0.1979,0.8433,9135.38445,222,M7,False
tomato,26,2490.0,Nawan Shahar(Subzi Mandi) APMC,2.8547,0.0051,155771.276598,122,M7,True
tomato,26,2498.0,Amritsar(Amritsar Mewa Mandi) APMC,1.678,0.0952,56869.02138,173,M7,False
tomato,26,2510.0,Mukerian(Talwara) APMC,1.4822,0.1399,106943.732993,190,M7,False
tomato,26,2521.0,SMY Nadaun,1.4845,0.1391,215810.49279,222,M7,False
tomato,26,2524.0,SMY Takoli,-0.693,0.489,-67623.202448,222,M6,False
tomato,26,2526.0,SMY Baijnath,1.2042,0.2298,141429.918266,222,M7,False
tomato,26,2527.0,SMY Nagrota Bagwan,1.0393,0.3001,30954.077325,182,M7,False
tomato,26,2528.0,SMY Jassur,0.862,0.3898,137833.867428,188,M7,False
tomato,26,2529.0,SMY Jaisinghpur,1.0992,0.2729,117282.231042,222,M7,False
tomato,26,2537.0,Siliguri APMC,1.47,0.143,121104.101207,222,M7,False
tomato,26,2545.0,Rajkot(Veg.Sub Yard) APMC,2.7809,0.0059,191965.272572,222,M7,True
tomato,26,2549.0,Dahod(Veg. Market) APMC,2.7468,0.0065,100661.192451,222,M7,True
tomato,26,2551.0,Vadodara(Sayajipura) APMC,4.3228,0.0,171795.989068,222,M7,True
tomato,26,2556.0,"Kalol(Veg,Market,Kalol) APMC",1.2804,0.2024,122279.10785,148,M7,False
tomato,26,2571.0,"Anand(Veg,Yard,Anand) APMC",2.0781,0.0389,95337.544438,222,M7,True
tomato,26,2584.0,Mansa(Manas Veg Yard) APMC,2.9411,0.0036,225431.558126,222,M7,True
tomato,26,2668.0,Kottarakkara Market,-0.3875,0.6988,-250342.024485,222,M6,False
tomato,26,2670.0,Chathanoor Market,1.7056,0.0895,1073178.35309,222,M7,False
tomato,26,2673.0,Mannar Market,-0.589,0.5564,-286139.916394,222,M6,False
tomato,26,2674.0,Athirampuzha Market,-0.5955,0.5521,-137060.475345,222,M6,False
tomato,26,2675.0,Thalayolaparambu Market,-0.6847,0.4943,-219522.592734,222,M6,False
tomato,26,2676.0,Adimali Market,1.2519,0.2119,317837.777156,221,M7,False
tomato,26,2677.0,Vandiperiyar Market,0.2363,0.8134,54599.082908,214,M7,False
tomato,26,2679.0,Kattappana Market,-0.2606,0.7947,-80472.998394,222,M6,False
tomato,26,2680.0,Perumbavoor Market,-0.4734,0.6364,-82529.879359,222,M6,False
tomato,26,2681.0,Kothamangalam Market,-0.7582,0.4491,-209865.884443,222,M6,False
tomato,26,2682.0,vadakarapathy Market,-1.0472,0.2964,-260369.722522,178,M6,False
tomato,26,2683.0,Vadakkenchery Market,0.182,0.8558,27468.220313,222,M7,False
tomato,26,2684.0,Perinthalmanna Market,-1.0312,0.3037,-229929.370516,206,M6,False
tomato,26,2685.0,Parappanangadi Market,0.0649,0.9484,1130.291755,159,M7,False
tomato,26,2686.0,Thirurrangadi Market,-0.7395,0.4604,-75660.486952,222,M6,False
tomato,26,2687.0,Kondotty Market,-1.2619,0.2084,-140393.785306,203,M6,False
tomato,26,2689.0,Perambra Market,-1.0439,0.2978,-194110.124615,206,M6,False
tomato,26,2690.0,Mukkom Market,-0.8446,0.3996,-258188.777981,165,M6,False
tomato,26,2691.0,Quilandy Market,-1.0248,0.3066,-166242.08231,222,M6,False
tomato,26,2692.0,Thamarassery Market,-1.517,0.1307,-187273.380397,222,M6,False
tomato,26,2693.0,Chala Market,-0.6372,0.5247,-128294.328479,222,M6,False
tomato,26,2696.0,Phillaur(Apra Mandi) APMC,1.4211,0.1573,120284.545709,153,M7,False
tomato,26,2701.0,Garh Shankar(Mahalpur) APMC,0.7646,0.4455,54365.795175,176,M7,False
tomato,26,2704.0,Amrawati(Frui & Veg. Market) APMC,1.3024,0.1941,58224.731122,222,M7,False
tomato,26,2713.0,Bonai APMC,1.1955,0.2335,257432.255332,180,M7,False
tomato,26,2714.0,Bargarh(Barapalli) APMC,-0.04,0.9681,-3393.136322,154,M6,False
tomato,26,2720.0,Kendrapara(Marshaghai) APMC,1.5089,0.1327,371233.730027,222,M7,False
tomato,26,2721.0,Keonjhar(Dhekikote) APMC,0.9427,0.3468,96303.502923,222,M7,False
tomato,26,2738.0,Udaipur (F&V) APMC,1.4184,0.1576,14798.375421,208,M7,False
tomato,26,2739.0,Chomu FV APMC,,,36293.025131,222,M7,False
tomato,26,2744.0,Bassi APMC,1.5848,0.1144,159938.951379,222,M7,False
tomato,26,2758.0,HanumangarhTown APMC,-1.4899,0.1387,-52291.237909,131,M6,False
tomato,26,2773.0,Mehsana(Mehsana Veg) APMC,5.1541,0.0,185572.500891,222,M7,True
tomato,26,2774.0,Deesa(Deesa Veg Yard) APMC,3.1379,0.0019,218708.196216,222,M7,True
tomato,26,2800.0,Khandhla APMC,-1.5597,0.1204,-12544.045637,206,M6,False
tomato,26,2803.0,Noida APMC,1.2808,0.2016,51671.083398,222,M7,False
tomato,26,2808.0,Milak APMC,1.0265,0.3059,47352.803464,197,M7,False
tomato,26,2896.0,Sealdah Koley Market APMC,1.6649,0.0974,255251.282951,222,M7,False
tomato,26,2897.0,Habra APMC,1.6305,0.1044,134473.041035,222,M7,False
tomato,26,2898.0,Khatra APMC,1.9553,0.0518,381879.328041,222,M7,False
tomato,26,2899.0,Durgapur APMC,0.9013,0.3684,119106.267074,222,M7,False
tomato,26,2900.0,Memari APMC,1.5227,0.1293,174626.143944,222,M7,False
tomato,26,2901.0,Pundibari APMC,1.3942,0.1654,199034.96598,146,M7,False
tomato,26,2905.0,Balarampur APMC,1.3308,0.1846,125219.195052,222,M7,False
tomato,26,2907.0,Chevella APMC,-1.3853,0.1674,-45560.951694,215,M6,False
tomato,26,2910.0,"New Grain Market , Faridabad APMC",1.8034,0.0727,53351.824736,220,M7,False
tomato,26,2940.0,Tiruchengode APMC,,,119857.594104,93,M7,False
tomato,26,2970.0,Thuraiyur APMC,,,88379.38094,47,M7,False
tomato,26,3014.0,Kalikiri APMC,1.8034,0.0727,40027.675557,222,M7,False
tomato,26,3018.0,L B Nagar APMC,-0.0753,0.94,-1063.992504,168,M6,False
tomato,26,3044.0,Bagepalli APMC,-0.415,0.6787,-25353.803812,162,M6,False
tomato,26,3045.0,Harda(F&V) APMC,,,65862.269748,98,M7,False
tomato,26,3050.0,Khandwa(F&V) APMC,1.0328,0.304,74499.540058,110,M7,False
tomato,26,3054.0,Dewas(F&V) APMC,0.8301,0.4083,58020.336035,111,M7,False
tomato,26,3059.0,Lashkar(F&V) APMC,0.7395,0.4612,65913.597368,113,M7,False
tomato,26,3067.0,Sagar(F&V) APMC,0.9656,0.3364,83528.913866,111,M7,False
tomato,26,3071.0,Jabalpur(F&V) APMC,1.3197,0.1897,42970.115211,111,M7,False
tomato,26,3075.0,Chhindwara(F&V) APMC,2.0083,0.0478,10099.020257,87,M7,True
tomato,26,3080.0,Tusura APMC,-1.4805,0.1412,-311550.182625,129,M6,False
tomato,26,3084.0,Saraskana APMC,1.2027,0.2306,190985.895108,183,M7,False
tomato,26,3086.0,Godbhaga APMC,0.3432,0.7319,36610.825002,158,M7,False
tomato,26,3087.0,Sahidngar APMC,0.5566,0.5791,117087.812416,92,M7,False
tomato,26,3089.0,Sarankul APMC,0.6854,0.4941,52711.763542,165,M7,False
tomato,26,3092.0,Saharpada APMC,1.3746,0.1707,133185.562987,222,M7,False
tomato,26,3093.0,Sohela APMC,3.4986,0.0007,264667.027668,121,M7,True
tomato,26,3100.0,Sonamura APMC,1.1489,0.2519,423148.369256,222,M7,False
tomato,26,3105.0,Barpathari APMC,1.0506,0.2946,476647.88835,208,M7,False
tomato,26,3117.0,Asansol APMC,0.8415,0.401,109101.978256,222,M7,False
tomato,26,3130.0,Junnar(Narayangaon) APMC,0.0639,0.9491,3080.340553,222,M7,False
tomato,26,3142.0,Kamthi APMC,1.8092,0.0718,204934.709215,222,M7,False
tomato,26,3218.0,Tiphra APMC,1.4506,0.1485,106514.352391,200,M7,False
tomato,26,3297.0,Khariar APMC,1.1722,0.2427,184676.784567,183,M7,False
tomato,26,3299.0,Chuliaposi APMC,0.701,0.4845,90348.421898,141,M7,False
tomato,26,3300.0,Gopa APMC,1.4667,0.1439,220783.867409,222,M7,False
tomato,26,3301.0,Pattamundai APMC,1.4732,0.1421,331579.713907,222,M7,False
tomato,26,3302.0,Chatta Krushak Bazar APMC,1.5297,0.1275,374243.802232,222,M7,False
tomato,26,3306.0,Nilagiri APMC,1.0408,0.2992,67479.601181,207,M7,False
tomato,26,3308.0,Hindol APMC,0.955,0.3406,184011.650685,222,M7,False
tomato,26,3327.0,Mahabubnagar(Rythu Bazar) APMC,,,50250.148537,166,M7,False
tomato,26,3332.0,Mehndipatnam(Rythu Bazar) APMC,,,24286.266111,177,M7,False
tomato,26,3339.0,Falakata APMC,0.8741,0.3831,120309.705919,198,M7,False
tomato,26,3341.0,Karsiyang(Matigara) APMC,1.6671,0.0969,414929.615929,222,M7,False
tomato,26,3344.0,Gangarampur(Dakshin Dinajpur) APMC,2.1887,0.0297,331971.135841,222,M7,True
tomato,26,3346.0,Diamond Harbour(South 24-pgs) APMC,1.9734,0.0497,263977.097071,222,M7,True
tomato,26,3347.0,Kalipur APMC,1.9905,0.0478,253116.449347,222,M7,True
tomato,26,3349.0,Ranaghat APMC,1.9409,0.0535,338462.109586,222,M7,False
tomato,26,3350.0,Chakdah APMC,1.8188,0.0703,297303.142963,222,M7,False
tomato,26,3352.0,Garbeta(Medinipur) APMC,2.2514,0.0253,330904.415868,222,M7,True
tomato,26,3355.0,Sainthia APMC,1.2403,0.2162,253405.597882,222,M7,False
tomato,26,3374.0,Vankaner(Sub yard) APMC,0.8161,0.4162,190885.39339,114,M7,False
tomato,26,3393.0,Broadway market Market,1.5199,0.1312,741109.332016,119,M7,False
tomato,26,3394.0,North Paravur Market,0.2218,0.8248,112299.22053,120,M7,False
tomato,26,3445.0,APMC Azadpur,-0.5933,0.5536,-75280.612223,222,M6,False
tomato,26,3449.0,Pune(Manjri) APMC,0.8559,0.393,53064.670362,222,M7,False
tomato,26,3450.0,Pune(Moshi) APMC,-0.2143,0.8305,-12263.871444,222,M6,False
tomato,26,3452.0,Agriculture Produce Market Committee Hingna,1.6129,0.1086,184336.607969,173,M7,False
tomato,26,3626.0,Dablirathan APMC,,,170045.804989,51,M7,False
tomato,26,3673.0,Boxonagar,1.206,0.2291,521870.578368,222,M7,False
tomato,26,3680.0,Kadamtala,0.6992,0.4851,179369.402452,222,M7,False
tomato,26,4055.0,Ariyalur(Uzhavar Sandhai),4.0062,0.0001,632935.815345,89,M7,True
tomato,26,4056.0,Jeyankondam (Uzhavar Sandhai ),2.2043,0.0301,489203.466747,89,M7,True
tomato,26,4057.0,RSPuram(Uzhavar Sandhai ),,,132802.900629,34,M7,False
tomato,26,4058.0,Singanallur(Uzhavar Sandhai ),10.5712,0.0,262609.364376,89,M7,True
tomato,26,4059.0,Pollachi(Uzhavar Sandhai ),1.8549,0.067,212120.020244,89,M7,False
tomato,26,4060.0,Mettupalayam(Uzhavar Sandhai ),5.865,0.0,297689.277092,89,M7,True
tomato,26,4061.0,Kurichi(Uzhavar Sandhai ),,,181466.992713,59,M7,False
tomato,26,4062.0,Sulur(Uzhavar Sandhai ),,,233823.314404,89,M7,False
tomato,26,4063.0,Vadavalli(Uzhavar Sandhai ),,,242693.543365,89,M7,False
tomato,26,4064.0,Sundarapuram(Uzhavar Sandhai ),,,163865.335783,39,M7,False
tomato,26,4065.0,Cuddalore(Uzhavar Sandhai ),,,178656.124107,89,M7,False
tomato,26,4066.0,Chidambaram(Uzhavar Sandhai ),2.7533,0.0075,381551.334246,71,M7,True
tomato,26,4067.0,Viruthachalam(Uzhavar Sandhai ),,,387610.575828,89,M7,False
tomato,26,4068.0,Panruti(Uzhavar Sandhai ),,,205986.87806,89,M7,False
tomato,26,4070.0,Dharmapuri(Uzhavar Sandhai ),1.7003,0.0926,136664.765157,89,M7,False
tomato,26,4071.0,Pennagaram(Uzhavar Sandhai ),1.9615,0.053,221832.950231,89,M7,False
tomato,26,4072.0,Palacode(Uzhavar Sandhai ),,,58101.539612,53,M7,False
tomato,26,4073.0,Harur(Uzhavar Sandhai ),,,152752.950673,89,M7,False
tomato,26,4074.0,AJattihalli(Uzhavar Sandhai ),0.9715,0.3345,120390.126168,73,M7,False
tomato,26,4075.0,Dindigul(Uzhavar Sandhai ),1.9029,0.0603,413241.617861,89,M7,False
tomato,26,4076.0,Palani(Uzhavar Sandhai ),2.0934,0.0392,109165.887399,89,M7,True
tomato,26,4077.0,Chinnalapatti(Uzhavar Sandhai ),2.9141,0.0045,399605.082322,89,M7,True
tomato,26,4080.0,Vedasanthur(Uzhavar Sandhai ),,,156521.339117,89,M7,False
tomato,26,4081.0,Sampath Nagar(Uzhavar Sandhai ),,,110361.113074,41,M7,False
tomato,26,4082.0,Gobichettipalayam(Uzhavar Sandhai ),6.6989,0.0,315966.314661,89,M7,True
tomato,26,4083.0,Sathiyamagalam(Uzhavar Sandhai ),,,201307.013906,40,M7,False
tomato,26,4084.0,Periyar Nagar(Uzhavar Sandhai ),,,130611.303061,89,M7,False
tomato,26,4085.0,Perundurai(Uzhavar Sandhai ),,,285433.116826,89,M7,False
tomato,26,4086.0,Thalavadi(Uzhavar Sandhai ),,,61722.300441,34,M7,False
tomato,26,4087.0,Kancheepuram(Uzhavar Sandhai ),,,259082.40614,89,M7,False
tomato,26,4088.0,Padappai(Uzhavar Sandhai ),,,244510.213853,89,M7,False
tomato,26,4089.0,Sunguvarchatram(Uzhavar Sandhai ),3.5121,0.0007,384091.964326,89,M7,True
tomato,26,4090.0,Kundrathur(Uzhavar Sandhai ),1.5558,0.1233,273253.821875,89,M7,False
tomato,26,4091.0,Karur(Uzhavar Sandhai ),3.634,0.0005,354265.240202,89,M7,True
tomato,26,4092.0,Kulithalai(Uzhavar Sandhai ),5.6598,0.0,394800.842623,89,M7,True
tomato,26,4093.0,Velayuthampalayam(Uzhavar Sandhai ),,,112408.68459,45,M7,False
tomato,26,4094.0,Pallapatti (Uzhavar Sandhai ),4.6077,0.0,425702.447273,89,M7,True
tomato,26,4096.0,Hosur(Uzhavar Sandhai ),2.4285,0.0172,209844.00075,89,M7,True
tomato,26,4097.0,Krishnagiri(Uzhavar Sandhai ),1.2151,0.2276,89110.216806,89,M7,False
tomato,26,4098.0,Kaveripattinam(Uzhavar Sandhai ),1.9901,0.0509,346363.188994,65,M7,False
tomato,26,4099.0,Denkanikottai(Uzhavar Sandhai ),1.9256,0.0574,158032.870773,89,M7,False
tomato,26,4100.0,Avallapalli(Uzhavar Sandhai ),2.3055,0.0235,175643.122488,89,M7,True
tomato,26,4102.0,Chokkikulam(Uzhavar Sandhai ),2.863,0.0052,402333.271366,89,M7,True
tomato,26,4103.0,Palanganatham(Uzhavar Sandhai ),,,313242.144481,89,M7,False
tomato,26,4105.0,Thirumangalam(Uzhavar Sandhai ),2.5041,0.0141,372576.197991,89,M7,True
tomato,26,4106.0,Melur(Uzhavar Sandhai ),2.6521,0.0095,359457.090726,89,M7,True
tomato,26,4107.0,Anaiyur(Uzhavar Sandhai ),2.6827,0.0087,369058.348939,89,M7,True
tomato,26,4108.0,Mayiladuthurai(Uzhavar Sandhai ),3.6672,0.0004,468282.933982,89,M7,True
tomato,26,4109.0,Nagapattinam(Uzhavar Sandhai ),,,265403.457693,89,M7,False
tomato,26,4110.0,Sirkali(Uzhavar Sandhai ),4.5531,0.0,341008.018302,89,M7,True
tomato,26,4113.0,Rasipuram(Uzhavar Sandhai ),2.027,0.0457,286118.743071,89,M7,True
tomato,26,4114.0,Kumarapalayam(Uzhavar Sandhai ),,,299246.963683,89,M7,False
tomato,26,4115.0,Paramathivelur(Uzhavar Sandhai ),3.4082,0.001,354986.878048,89,M7,True
tomato,26,4116.0,Mohanur(Uzhavar Sandhai ),2.6434,0.0097,428414.125639,89,M7,True
tomato,26,4117.0,Udhagamandalam(Uzhavar Sandhai ),8.0135,0.0,300434.854454,89,M7,True
tomato,26,4118.0,Coonoor(Uzhavar Sandhai ),2.379,0.0195,469241.417904,89,M7,True
tomato,26,4120.0,Gudalur(Uzhavar Sandhai ),,,234258.766064,89,M7,False
tomato,26,4121.0,Perambalur(Uzhavar Sandhai ),,,568985.67085,55,M7,False
tomato,26,4123.0,Pudukottai(Uzhavar Sandhai ),2.3903,0.019,383572.304965,89,M7,True
tomato,26,4124.0,Aranthangi(Uzhavar Sandhai ),2.2255,0.0286,439078.50185,89,M7,True
tomato,26,4125.0,Alangudi(Uzhavar Sandhai ),3.2897,0.0015,454700.54446,75,M7,True
tomato,26,4126.0,Gandarvakottai(Uzhavar Sandhai ),2.8525,0.0054,351103.606517,89,M7,True
tomato,26,4127.0,Karambakkudi(Uzhavar Sandhai ),3.2537,0.0016,423744.164807,89,M7,True
tomato,26,4128.0,Viralimalai(Uzhavar Sandhai ),,,318196.483858,89,M7,False
tomato,26,4129.0,Ramanathapuram(Uzhavar Sandhai ),4.114,0.0001,562316.92484,89,M7,True
tomato,26,4130.0,Paramakudi(Uzhavar Sandhai ),1.8337,0.071,585906.174463,71,M7,False
tomato,26,4131.0,Kamuthi(Uzhavar Sandhai ),,,422965.078574,35,M7,False
tomato,26,4132.0,Sooramangalam(Uzhavar Sandhai ),,,231127.929242,89,M7,False
tomato,26,4133.0,Ammapet(Uzhavar Sandhai ),,,242059.422626,89,M7,False
tomato,26,4134.0,Athur(Uzhavar Sandhai ),,,194349.754581,61,M7,False
tomato,26,4135.0,Thathakapatti(Uzhavar Sandhai ),,,282124.312879,89,M7,False
tomato,26,4136.0,Mettur(Uzhavar Sandhai ),,,338020.20073,73,M7,False
tomato,26,4137.0,Attayampatti(Uzhavar Sandhai ),,,273685.393533,89,M7,False
tomato,26,4138.0,Hasthampatti(Uzhavar Sandhai ),2.7439,0.0074,230981.891844,89,M7,True
tomato,26,4139.0,Elampillai(Uzhavar Sandhai ),,,258605.77477,89,M7,False
tomato,26,4140.0,Thammampatti (Uzhavar Sandhai ),,,303619.730899,59,M7,False
tomato,26,4141.0,Jalagandapuram(Uzhavar Sandhai ),,,105427.99694,51,M7,False
tomato,26,4142.0,Edapadi (Uzhavar Sandhai ),,,100920.982249,67,M7,False
tomato,26,4143.0,Sivagangai (Uzhavar Sandhai ),3.1943,0.0019,521410.223955,89,M7,True
tomato,26,4144.0,Devakottai (Uzhavar Sandhai ),4.0889,0.0001,414059.898474,89,M7,True
tomato,26,4145.0,Karaikudi(Uzhavar Sandhai ),3.8371,0.0002,488408.796176,89,M7,True
tomato,26,4146.0,Tirupatthur(Uzhavar Sandhai ),,,583195.164521,71,M7,False
tomato,26,4147.0,Singampunari(Uzhavar Sandhai ),,,394893.555929,49,M7,False
tomato,26,4148.0,Thanjavur(Uzhavar Sandhai ),3.5171,0.0007,350902.011308,89,M7,True
tomato,26,4149.0,Kumbakonam (Uzhavar Sandhai ),2.4055,0.0182,516043.294434,89,M7,True
tomato,26,4150.0,Pattukottai(Uzhavar Sandhai ),2.2202,0.029,479615.386709,89,M7,True
tomato,26,4152.0,Papanasam(Uzhavar Sandhai ),3.29,0.0014,495619.645691,89,M7,True
tomato,26,4153.0,Theni(Uzhavar Sandhai ),,,-9597.920277,45,M6,False
tomato,26,4154.0,Kambam(Uzhavar Sandhai ),,,115552.728731,47,M7,False
tomato,26,4155.0,Bodinayakanur(Uzhavar Sandhai ),,,148735.37172,89,M7,False
tomato,26,4156.0,Periyakulam(Uzhavar Sandhai ),,,135406.105208,59,M7,False
tomato,26,4157.0,Devaram(Uzhavar Sandhai ),11.7091,0.0,144887.796614,89,M7,True
tomato,26,4158.0,Andipatti(Uzhavar Sandhai ),2.0594,0.0424,159934.16859,89,M7,True
tomato,26,4159.0,Chinnamanur(Uzhavar Sandhai ),1.5821,0.1205,124360.183004,47,M7,False
tomato,26,4160.0,Palayamkottai(Uzhavar Sandhai ),2.6033,0.0108,559130.337686,89,M7,True
tomato,26,4161.0,Kandiyaperi(Uzhavar Sandhai ),,,452707.84536,43,M7,False
tomato,26,4162.0,Melapalayam(Uzhavar Sandhai ),,,363211.936693,41,M7,False
tomato,26,4163.0,Ambasamudram(Uzhavar Sandhai ),,,199770.089924,57,M7,False
tomato,26,4164.0,NGO Colony(Uzhavar Sandhai ),8.5022,0.0,572249.291388,89,M7,True
tomato,26,4166.0,Tiruvallur(Uzhavar Sandhai ),2.317,0.0228,348398.583798,89,M7,True
tomato,26,4167.0,Ambattur(Uzhavar Sandhai ),2.4005,0.0185,460343.433864,89,M7,True
tomato,26,4168.0,Paruthipattu(Uzhavar Sandhai ),3.2988,0.0014,377166.911602,89,M7,True
tomato,26,4169.0,Naravarikuppam(Uzhavar Sandhai ),2.9943,0.0036,319026.827476,89,M7,True
tomato,26,4170.0,Perambakkam(Uzhavar Sandhai ),1.7595,0.082,350814.085543,89,M7,False
tomato,26,4172.0,Mannargudi I(Uzhavar Sandhai ),2.0061,0.0479,345469.090054,89,M7,True
tomato,26,4173.0,Tiruvarur(Uzhavar Sandhai ),16.4203,0.0,294096.746056,89,M7,True
tomato,26,4174.0,Needamangalam(Uzhavar Sandhai ),,,297279.729452,89,M7,False
tomato,26,4175.0,Muthupettai(Uzhavar Sandhai ),2.5054,0.0141,341576.170338,89,M7,True
tomato,26,4176.0,Mannargudi II(Uzhavar Sandhai ),,,363639.635618,89,M7,False
tomato,26,4178.0,Tuticorin(Uzhavar Sandhai ),2.0733,0.0411,409451.919525,89,M7,True
tomato,26,4179.0,Kovilpatti(Uzhavar Sandhai ),,,206774.250618,34,M7,False
tomato,26,4180.0,Tiruvannamalai(Uzhavar Sandhai ),,,161740.968149,89,M7,False
tomato,26,4181.0,Polur(Uzhavar Sandhai ),,,171820.387661,89,M7,False
tomato,26,4182.0,Arani(Uzhavar Sandhai ),,,237453.240259,89,M7,False
tomato,26,4183.0,Cheyyar(Uzhavar Sandhai ),,,109993.350466,34,M7,False
tomato,26,4184.0,Chengam(Uzhavar Sandhai ),,,150083.850181,89,M7,False
tomato,26,4186.0,Keelpennathur(Uzhavar Sandhai ),1.1526,0.2522,288562.179149,89,M7,False
tomato,26,4187.0,Tamarainagar(Uzhavar Sandhai ),,,168116.215457,89,M7,False
tomato,26,4188.0,Anna nagar(Uzhavar Sandhai ),2.3076,0.0234,404093.850769,89,M7,True
tomato,26,4191.0,Manapparai(Uzhavar Sandhai ),,,235574.020548,34,M7,False
tomato,26,4192.0,Musiri(Uzhavar Sandhai ),3.9376,0.0002,298878.779061,89,M7,True
tomato,26,4194.0,Lalgudi(Uzhavar Sandhai ),3.3676,0.0011,335293.975875,89,M7,True
tomato,26,4195.0,Manachanallur(Uzhavar Sandhai ),,,291945.358652,89,M7,False
tomato,26,4197.0,Katpadi (Uzhavar Sandhai ),1.7021,0.0936,181196.835268,65,M7,False
tomato,26,4198.0,Gudiyatham(Uzhavar Sandhai ),1.2198,0.2258,27141.914057,89,M7,False
tomato,26,4199.0,Kahithapattarai(Uzhavar Sandhai ),2.1158,0.0377,65768.185334,75,M7,True
tomato,26,4202.0,Gingee(Uzhavar Sandhai ),,,200689.811124,89,M7,False
tomato,26,4203.0,Aruppukottai(Uzhavar Sandhai ),9.8523,0.0,330182.9763,89,M7,True
tomato,26,4204.0,Rajapalayam(Uzhavar Sandhai ),2.9969,0.0035,288047.632349,89,M7,True
tomato,26,4205.0,Srivilliputhur(Uzhavar Sandhai ),4.8328,0.0,283017.029835,89,M7,True
tomato,26,4206.0,Virudhunagar(Uzhavar Sandhai ),,,319640.393885,89,M7,False
tomato,26,4207.0,Sivakasi(Uzhavar Sandhai ),,,323878.604885,89,M7,False
tomato,26,4208.0,Sathur(Uzhavar Sandhai ),6.6302,0.0,341606.110634,89,M7,True
tomato,26,4209.0,Kariyapatti(Uzhavar Sandhai ),7.3903,0.0,349494.075913,89,M7,True
tomato,26,4210.0,Thalavaipuram(Uzhavar Sandhai ),,,330810.986189,89,M7,False
tomato,26,4212.0,Myladi(Uzhavar Sandhai ),2.7364,0.0075,578113.948285,89,M7,True
tomato,26,4213.0,Pallavaram(Uzhavar Sandhai ),,,278063.394876,89,M7,False
tomato,26,4214.0,Chengalpet(Uzhavar Sandhai ),7.3191,0.0,376036.305413,89,M7,True
tomato,26,4215.0,Medavakkam(Uzhavar Sandhai ),7.987,0.0,319368.29201,89,M7,True
tomato,26,4216.0,Nanganallur(Uzhavar Sandhai ),1.6267,0.1084,327312.257621,69,M7,False
tomato,26,4217.0,Madhuranthagam(Uzhavar Sandhai ),6.4948,0.0,163982.687595,89,M7,True
tomato,26,4219.0,Jameenrayapettai(Uzhavar Sandhai ),,,301500.060628,89,M7,False
tomato,26,4220.0,Guduvancheri(Uzhavar Sandhai ),,,260813.949219,89,M7,False
tomato,26,4221.0,Thirukalukundram(Uzhavar Sandhai ),2.2328,0.0281,275730.369396,89,M7,True
tomato,26,4222.0,Kallakurichi(Uzhavar Sandhai ),,,343666.977058,89,M7,False
tomato,26,4224.0,Sankarapuram(Uzhavar Sandhai ),,,228943.510097,89,M7,False
tomato,26,4225.0,Ranipettai(Uzhavar Sandhai ),,,149179.752564,34,M7,False
tomato,26,4226.0,Arcot(Uzhavar Sandhai ),,,255912.340536,89,M7,False
tomato,26,4227.0,Sankarankoil(Uzhavar Sandhai ),0.9376,0.3516,332608.084494,73,M7,False
tomato,26,4228.0,Tenkasi(Uzhavar Sandhai ),,,156779.583372,41,M7,False
tomato,26,4229.0,Vaniyampadi(Uzhavar Sandhai ),1.6026,0.1126,297606.607651,89,M7,False
tomato,26,4231.0,Natrampalli(Uzhavar Sandhai ),2.0456,0.0438,202487.91203,89,M7,True
tomato,26,4232.0,Palladam(Uzhavar Sandhai ),1.3762,0.1732,211074.449249,71,M7,False
tomato,26,4234.0,Tiruppur (North) (Uzhavar Sandhai ),,,123474.001806,89,M7,False
tomato,26,4235.0,Tiruppur (South) (Uzhavar Sandhai ),-0.6246,0.5351,-59691.79767,51,M6,False
tomato,26,4236.0,Dharapuram(Uzhavar Sandhai ),0.7154,0.4767,81258.044891,73,M7,False
tomato,26,4237.0,Kangayam(Uzhavar Sandhai ),6.0495,0.0,257883.311313,89,M7,True
tomato,26,4240.0,Balarampuram Market,1.3209,0.1908,1840921.388515,72,M7,False
tomato,26,4247.0,Balugaon APMC,,,-24004.498255,56,M6,False
tomato,26,4251.0,Ambagan APMC,-0.618,0.5392,-100543.390287,54,M6,False
tomato,26,4252.0,Haibargaon APMC,-0.6906,0.4929,-119292.653536,54,M6,False
tomato,26,4295.0,Barpeta Road APMC,-0.0878,0.9305,-17935.335845,41,M6,False
tomato,26,4390.0,Manjhanpur APMC,1.4933,0.1406,204742.85856,61,M7,False
tomato,26,4429.0,Badwani(F&V) APMC,-0.6266,0.5333,-149813.448304,61,M6,False
tomato,26,4464.0,Hoshangabad(F&V) APMC,,,-444900.721449,35,M6,False
tomato,26,4469.0,Jawra(F&V) APMC,,,-127293.791108,56,M6,False
tomato,26,4503.0,Manawar(F&V) APMC,,,-300472.126777,37,M6,False
tomato,26,4523.0,Petlawad(F&V) APMC,,,-98018.654619,58,M6,False
tomato,26,4524.0,Pipariya(F&V) APMC,,,163741.130491,60,M7,False
tomato,26,4531.0,Rewa(F&V) APMC,-0.2749,0.7847,-55010.738361,45,M6,False
tomato,26,4532.0,Sabalgarh(F&V) APMC,-0.4378,0.6633,-61603.44204,54,M6,False
tomato,26,4534.0,Sanawad(F&V) APMC,-0.2653,0.7921,-60738.820891,43,M6,False
tomato,26,4538.0,Sehore(F&V) APMC,,,-90129.276477,58,M6,False
tomato,26,4539.0,Sendhwa(F&V) APMC,,,-138341.420364,61,M6,False
tomato,26,4557.0,Timarni(F&V) APMC,,,98879.563398,59,M7,False
tomato,26,4665.0,Chhibramau APMC,2.4823,0.0144,121486.280391,121,M7,True
tomato,26,4667.0,Balurghat APMC,0.8516,0.3957,286412.105849,161,M7,False
tomato,26,4681.0,Ayodhya APMC,0.3571,0.7222,150753.48145,65,M7,False
onion,1,2.0,Mahboob Manison APMC,-2.6507,0.0095,-13445.361517,90,M6,True
onion,1,11.0,Sadasivpet APMC,-1.6681,0.0988,-17188.681871,90,M6,False
onion,1,43.0,Chandigarh (Grain/F&V) APMC,-0.9315,0.3525,-6996.232674,245,M6,False
onion,1,54.0,Bharuch APMC,-1.9196,0.0572,-13128.133723,128,M6,False
onion,1,55.0,Mahuva(Station Road) APMC,-1.1607,0.2469,-2885.312694,247,M6,False
onion,1,61.0,Gondal APMC,-1.1795,0.2394,-4756.192255,233,M6,False
onion,1,62.0,Morbi APMC,1.1555,0.249,4582.135252,247,M7,False
onion,1,64.0,Surat APMC,0.3028,0.7623,1423.973163,247,M7,False
onion,1,69.0,PMY Kangra,-0.73,0.4661,-5483.115229,247,M6,False
onion,1,70.0,PMY Kullu,0.7681,0.4431,5619.354236,247,M7,False
onion,1,71.0,PMY Paonta Sahib,0.1222,0.9028,1074.291224,247,M7,False
onion,1,72.0,PMY Kather Solan,0.4833,0.6293,2898.675904,217,M7,False
onion,1,75.0,Fatehabad APMC,0.0902,0.9282,773.286593,221,M7,False
onion,1,79.0,Narwana APMC,-0.68,0.4971,-3358.613278,247,M6,False
onion,1,85.0,Ladwa APMC,-0.4244,0.6716,-4836.337834,247,M6,False
onion,1,86.0,Pehowa APMC,0.5892,0.5562,4851.768886,247,M7,False
onion,1,87.0,Thanesar APMC,1.1747,0.2413,7801.657189,246,M7,False
onion,1,89.0,Shahabad APMC,0.7825,0.4347,4626.058901,247,M7,False
onion,1,92.0,kalanwali APMC,-0.9155,0.361,-6299.063955,198,M6,False
onion,1,97.0,Parimpore Srinagar (F&V),-0.805,0.4216,-10321.904733,226,M6,False
onion,1,98.0,Udhampur (F&V),-1.0123,0.3124,-6819.618651,247,M6,False
onion,1,99.0,Bangalore APMC,-1.1697,0.2434,-6395.516023,212,M6,False
onion,1,101.0,Belgaum APMC,0.8647,0.3882,9208.573612,213,M7,False
onion,1,105.0,Bijapur APMC,2.199,0.029,18950.545691,211,M7,True
onion,1,106.0,Davangere APMC,-0.2511,0.8019,-1315.539976,247,M6,False
onion,1,108.0,Hubli (Amaragol) APMC,0.8693,0.3855,2931.409044,247,M7,False
onion,1,115.0,Mysuru APMC,-1.5365,0.1258,-9386.46743,237,M6,False
onion,1,116.0,Raichur APMC,1.1149,0.2668,3352.442711,139,M7,False
onion,1,126.0,Aluva Market,1.1729,0.242,8369.57309,247,M7,False
onion,1,128.0,Thalasserry Market,3.3199,0.0012,50239.694952,116,M7,True
onion,1,129.0,Kannur APMC,-0.0742,0.9409,-595.382823,247,M6,False
onion,1,132.0,Kottayam Market,-0.0102,0.9918,-127.026306,247,M6,False
onion,1,134.0,Manjeri Market,1.5357,0.1259,14074.113992,247,M7,False
onion,1,135.0,Palakkad Market,-1.533,0.1266,-27932.849431,247,M6,False
onion,1,136.0,Koduvayoor Market,-1.2172,0.2247,-16620.011579,247,M6,False
onion,1,139.0,Thrissur Market,0.2366,0.8132,4216.634354,247,M7,False
onion,1,140.0,Kodungalloor Market,2.8815,0.0043,27539.914115,235,M7,True
onion,1,145.0,Ahilyanagar APMC,-0.7872,0.4319,-3313.485028,247,M6,False
onion,1,149.0,Dhule APMC,-0.5395,0.59,-2996.198222,247,M6,False
onion,1,151.0,Jalgaon APMC,0.3209,0.7486,1762.210111,247,M7,False
onion,1,152.0,Kolhapur APMC,-0.6626,0.5082,-2059.88397,247,M6,False
onion,1,155.0,Nagpur APMC,-1.7348,0.084,-15838.806845,247,M6,False
onion,1,159.0,Yeola APMC,-0.7932,0.4284,-4469.73464,247,M6,False
onion,1,160.0,Nasik APMC,-0.536,0.5924,-3775.251516,247,M6,False
onion,1,161.0,Lasalgaon APMC,-0.2077,0.8356,-1446.5859,247,M6,False
onion,1,162.0,Pimpalgaon Baswant APMC,-1.2769,0.2028,-9109.975817,247,M6,False
onion,1,164.0,Pune APMC,-1.5103,0.1322,-8144.918266,247,M6,False
onion,1,168.0,SHRI.SIDDHESHWAR APMC,-0.1758,0.8606,-857.510763,247,M6,False
onion,1,169.0,Kalyan APMC,-0.1266,0.8995,-1421.836882,149,M6,False
onion,1,171.0,Lamlong Bazaar APMC,-1.0074,0.3149,-14237.855139,220,M6,False
onion,1,172.0,Bhopal APMC,0.6808,0.4971,5318.857761,143,M7,False
onion,1,173.0,Bhopal(F&V) APMC,1.7823,0.0767,7111.378562,153,M7,False
onion,1,179.0,Indore(F&V) APMC,1.3775,0.1702,6709.582497,170,M7,False
onion,1,182.0,Neemuch APMC,0.1376,0.8907,777.227619,247,M7,False
onion,1,184.0,Rajnandgaon APMC,0.0111,0.9912,94.489453,247,M7,False
onion,1,186.0,Ujjain APMC,-0.5292,0.5975,-4174.639213,144,M6,False
onion,1,199.0,Bargarh APMC,1.6696,0.0963,11334.421287,247,M7,False
onion,1,206.0,Kesinga APMC,-1.1432,0.2541,-22440.611093,247,M6,False
onion,1,207.0,Bhawanipatna APMC,0.8281,0.4087,8630.683064,179,M7,False
onion,1,216.0,Tarantaran APMC,0.4917,0.6242,1899.169314,90,M7,False
onion,1,218.0,Fazilka APMC,1.234,0.2205,14741.186918,90,M7,False
onion,1,219.0,Jalalabad APMC,0.9492,0.3451,6030.688128,90,M7,False
onion,1,220.0,Ferozepur Cantt. APMC,1.1121,0.2697,12603.666479,75,M7,False
onion,1,226.0,Khanna APMC,0.2748,0.7841,1942.416601,90,M7,False
onion,1,228.0,Baghapurana APMC,1.0497,0.2969,7462.8083,85,M7,False
onion,1,230.0,Muktsar APMC,1.1994,0.2336,18611.921232,90,M7,False
onion,1,231.0,Malout APMC,2.5535,0.0124,21211.726801,90,M7,True
onion,1,232.0,Patiala APMC,-0.9905,0.3246,-18078.848755,90,M6,False
onion,1,233.0,Patran APMC,-1.3959,0.1662,-6432.448907,90,M6,False
onion,1,234.0,Samana APMC,0.2885,0.7739,3964.021092,67,M7,False
onion,1,235.0,Nabha APMC,-0.5558,0.5798,-3727.407552,90,M6,False
onion,1,237.0,Dhuri APMC,0.5385,0.5915,3759.875222,90,M7,False
onion,1,239.0,Sunam APMC,-1.2989,0.1973,-6475.766429,90,M6,False
onion,1,240.0,Bhawanigarh APMC,0.678,0.4995,4609.470738,90,M7,False
onion,1,244.0,Alwar APMC,0.308,0.7595,4255.168902,45,M7,False
onion,1,247.0,Baran APMC,0.2149,0.8303,1219.764447,90,M7,False
onion,1,250.0,Bhilwara APMC,0.7636,0.4472,8269.471823,90,M7,False
onion,1,253.0,Pratapgarh APMC,-0.0004,0.9997,-2.342061,90,M6,False
onion,1,259.0,Sangriya APMC,0.4494,0.6542,6498.982531,90,M7,False
onion,1,261.0,Jaipur (F&V) APMC,-2.505,0.0141,-15767.343521,90,M6,True
onion,1,265.0,Nawalgarh APMC,-0.0751,0.9403,-419.433717,87,M6,False
onion,1,266.0,Jodhpur (F&V) APMC,-1.5507,0.1245,-7958.756498,90,M6,False
onion,1,292.0,Ulundurpettai APMC,0.3307,0.7417,6725.282579,90,M7,False
onion,1,296.0,Teliamura APMC,0.5264,0.5999,5389.988104,90,M7,False
onion,1,297.0,Agra APMC,-0.8449,0.4004,-8454.886264,90,M6,False
onion,1,298.0,Prayagraj APMC,-1.3946,0.1666,-30011.754342,90,M6,False
onion,1,299.0,Bahraich APMC,-0.4353,0.6644,-2384.664179,90,M6,False
onion,1,301.0,Barabanki APMC,-0.3498,0.7275,-2135.665249,75,M6,False
onion,1,302.0,Bareilly APMC,0.3,0.765,3339.659993,79,M7,False
onion,1,303.0,Dehradoon APMC,-0.9133,0.3636,-15242.735045,89,M6,False
onion,1,305.0,Farukhabad APMC,-0.127,0.8992,-771.489789,90,M6,False
onion,1,306.0,Ghaziabad APMC,-0.4748,0.6363,-3971.863751,77,M6,False
onion,1,307.0,Gorakhpur APMC,1.081,0.2826,5677.594761,90,M7,False
onion,1,308.0,Hardoi APMC,-1.1619,0.249,-7738.382174,76,M6,False
onion,1,309.0,Etawah APMC,-0.5615,0.5761,-4112.395439,78,M6,False
onion,1,310.0,Jaunpur APMC,-1.1292,0.2618,-7398.89109,90,M6,False
onion,1,311.0,Kanpur(Grain) APMC,-1.2922,0.1996,-9668.649774,90,M6,False
onion,1,313.0,Lakhimpur APMC,-1.1159,0.2675,-4486.413842,90,M6,False
onion,1,315.0,Lucknow APMC,-0.1082,0.9141,-994.21889,90,M6,False
onion,1,317.0,Meerut APMC,-0.9354,0.3526,-13170.380891,74,M6,False
onion,1,318.0,Muradabad APMC,0.3111,0.7566,1872.546995,78,M7,False
onion,1,319.0,Kashipur APMC,-2.4928,0.0145,-14425.043873,90,M6,True
onion,1,320.0,Pilibhit APMC,-1.1063,0.2716,-5510.095794,90,M6,False
onion,1,321.0,Saharanpur APMC,-1.638,0.1056,-9238.401583,76,M6,False
onion,1,324.0,Sitapur APMC,-0.0212,0.9831,-136.493355,80,M6,False
onion,1,325.0,Kicchha APMC,-2.2737,0.0254,-8181.786852,90,M6,True
onion,1,326.0,Rudrapur APMC,-0.3734,0.7097,-2652.321764,90,M6,False
onion,1,328.0,Barasat APMC,2.2284,0.0284,29455.527337,90,M7,True
onion,1,329.0,Bankura Sadar APMC,-0.505,0.6148,-4448.852358,90,M6,False
onion,1,330.0,Bolpur APMC,1.0701,0.2875,11053.284079,90,M7,False
onion,1,331.0,Kalna APMC,1.4489,0.1509,18006.130841,90,M7,False
onion,1,332.0,Katwa APMC,0.0128,0.9898,113.512494,90,M7,False
onion,1,334.0,Pandua APMC,0.3095,0.7577,3403.931735,90,M7,False
onion,1,335.0,Dhupguri APMC,2.1767,0.0321,26221.161135,90,M7,True
onion,1,336.0,Samsi APMC,1.961,0.053,19035.926671,90,M7,False
onion,1,337.0,English Bazar APMC,-0.2726,0.7859,-2304.945199,78,M6,False
onion,1,338.0,Tamluk (Medinipur E) APMC,0.4977,0.6199,3065.414556,90,M7,False
onion,1,341.0,Karimpur APMC,-0.4646,0.6434,-2931.521391,90,M6,False
onion,1,342.0,Bethuadahari APMC,1.2604,0.2108,9075.240103,90,M7,False
onion,1,343.0,Islampur APMC,2.1581,0.0364,31552.604712,45,M7,True
onion,1,406.0,Durg APMC,-0.4137,0.6795,-2336.955923,247,M6,False
onion,1,414.0,Raigarh APMC,0.3278,0.7434,1820.06297,247,M7,False
onion,1,423.0,APMC Keshopur,0.4029,0.6874,2684.107536,247,M7,False
onion,1,424.0,APMC Shahdara,0.6295,0.5297,6455.844673,199,M7,False
onion,1,441.0,Bhuj APMC,-0.2524,0.8011,-2668.273633,167,M6,False
onion,1,450.0,Vadhvan APMC,1.4519,0.1479,22479.703432,224,M7,False
onion,1,452.0,Panipat APMC,-1.0584,0.2909,-3564.128422,247,M6,False
onion,1,454.0,Sonepat APMC,-0.8701,0.3851,-5968.449382,247,M6,False
onion,1,455.0,Rohtak APMC,-0.1473,0.883,-715.720278,243,M6,False
onion,1,456.0,Jhajjar APMC,-0.8998,0.3691,-5743.925677,247,M6,False
onion,1,457.0,Rewari APMC,0.2509,0.8021,934.795862,247,M7,False
onion,1,459.0,Gurgaon APMC,-0.153,0.8785,-654.317254,247,M6,False
onion,1,462.0,PMY Una,0.2082,0.8352,1322.956535,247,M7,False
onion,1,463.0,PMY Chamba,-1.1084,0.2688,-9483.805963,247,M6,False
onion,1,464.0,PMY Bilaspur,1.2845,0.2002,8121.757424,247,M7,False
onion,1,465.0,SMY Dhanotu,0.5884,0.5568,3910.358476,247,M7,False
onion,1,466.0,PMY Hamirpur,0.5659,0.5719,3771.186514,247,M7,False
onion,1,467.0,PMY Dhalli Shimla,2.4854,0.0136,20494.53482,247,M7,True
onion,1,468.0,SMY Palampur,-1.8479,0.0658,-17175.7695,247,M6,False
onion,1,471.0,SMY Bhuntar,-0.1176,0.9065,-865.894727,247,M6,False
onion,1,472.0,Narwal Jammu (F&V),-1.2135,0.2261,-10613.074027,247,M6,False
onion,1,489.0,Doddaballapur APMC,-0.2538,0.7999,-2632.985311,207,M6,False
onion,1,515.0,Palayam Market,2.1763,0.0305,20643.00303,247,M7,True
onion,1,522.0,Mandsaur APMC,1.7158,0.0875,10941.755457,247,M7,False
onion,1,523.0,Khandwa APMC,-1.9343,0.055,-15749.711723,144,M6,False
onion,1,526.0,Sehore APMC,0.3788,0.7052,2492.529481,247,M7,False
onion,1,528.0,Ashta APMC,-0.0137,0.9891,-72.587149,217,M6,False
onion,1,530.0,Morena APMC,-0.6894,0.4917,-5790.445695,144,M6,False
onion,1,550.0,Chandvad APMC,-0.9643,0.3358,-5942.64365,247,M6,False
onion,1,551.0,Manmad APMC,-0.4341,0.6646,-2071.858879,247,M6,False
onion,1,553.0,Manchar APMC,1.1606,0.2469,9088.450624,247,M7,False
onion,1,554.0,Lonand APMC,0.6876,0.4924,3867.395443,247,M7,False
onion,1,555.0,Pandharpur APMC,-0.5326,0.5951,-3498.63741,155,M6,False
onion,1,557.0,Chattrapati Sambhajinagar APMC,0.414,0.6792,1609.921765,247,M7,False
onion,1,574.0,Malkapur APMC,-0.3917,0.6956,-1946.164779,247,M6,False
onion,1,594.0,Khariar Road APMC,-1.5504,0.1223,-21164.983339,247,M6,False
onion,1,595.0,Bolangir APMC,-0.7184,0.4734,-6179.919736,179,M6,False
onion,1,598.0,Patti APMC,2.0688,0.0421,24083.659531,75,M7,True
onion,1,599.0,Pathankot APMC,-1.6831,0.0963,-15326.483392,80,M6,False
onion,1,600.0,Gurdaspur APMC,-0.1841,0.8544,-1463.533741,90,M6,False
onion,1,603.0,Bathinda APMC,1.0381,0.302,8339.091062,90,M7,False
onion,1,605.0,Raman APMC,-0.4514,0.6528,-4113.499131,90,M6,False
onion,1,611.0,Mukerian APMC,0.6432,0.5218,4441.136593,89,M7,False
onion,1,614.0,Phagwara APMC,-0.2125,0.8322,-2216.715075,90,M6,False
onion,1,615.0,Budalada APMC,-0.1667,0.868,-1706.019479,90,M6,False
onion,1,617.0,Giddarbaha APMC,-1.0576,0.2931,-13780.459295,89,M6,False
onion,1,619.0,Dudhansadhan APMC,2.0763,0.0408,23913.693095,90,M7,True
onion,1,621.0,Ropar APMC,-0.0604,0.9519,-560.893537,90,M6,False
onion,1,627.0,Churu APMC,-1.5176,0.1327,-8110.987992,90,M6,False
onion,1,630.0,Jaisalmer APMC,0.3964,0.6929,2718.795391,81,M7,False
onion,1,636.0,Jhunjhunu APMC,0.5869,0.5603,2872.098974,45,M7,False
onion,1,638.0,Sikar APMC,-3.0497,0.003,-12376.858655,90,M6,True
onion,1,647.0,Buland Shahr APMC,0.5303,0.5972,4348.37609,90,M7,False
onion,1,649.0,Baraut APMC,-1.5801,0.1182,-10043.498477,77,M6,False
onion,1,650.0,Shamli APMC,-0.5802,0.5637,-6072.318668,71,M6,False
onion,1,653.0,Mathura APMC,0.2948,0.7688,2078.664317,90,M7,False
onion,1,654.0,Rampur APMC,-1.2524,0.2144,-6017.156835,75,M6,False
onion,1,655.0,Badayoun APMC,-0.8657,0.3895,-7550.031632,75,M6,False
onion,1,656.0,Chandausi APMC,-1.3542,0.1798,-4417.874438,76,M6,False
onion,1,657.0,Raibareilly APMC,-0.5751,0.5667,-7188.717428,90,M6,False
onion,1,658.0,Gonda APMC,1.816,0.0727,19535.395372,90,M7,False
onion,1,660.0,Pratapgarh APMC,1.8323,0.0702,10021.080006,90,M7,False
onion,1,662.0,Basti APMC,1.6304,0.1066,15427.136855,90,M7,False
onion,1,663.0,Azamgarh APMC,-1.3954,0.1664,-16530.937436,90,M6,False
onion,1,666.0,Jhansi APMC,-0.7683,0.4447,-2901.478982,77,M6,False
onion,1,667.0,Rishikesh APMC,-1.7829,0.078,-10897.319486,90,M6,False
onion,1,668.0,Vikasnagar APMC,-1.4965,0.1381,-13890.171222,89,M6,False
onion,1,669.0,Khateema APMC,-1.2398,0.2183,-12679.512288,90,M6,False
onion,1,670.0,Burdwan APMC,1.7111,0.0906,11520.137185,89,M7,False
onion,1,671.0,Medinipur(West) APMC,1.0304,0.3056,7488.084258,90,M7,False
onion,1,672.0,Birbhum APMC,1.2995,0.1971,13867.900863,90,M7,False
onion,1,673.0,Purulia APMC,2.7532,0.0074,35903.837655,74,M7,True
onion,1,674.0,Nadia APMC,1.6308,0.1065,13643.879722,90,M7,False
onion,1,675.0,Jalpaiguri Sadar APMC,2.0855,0.0399,19640.484477,90,M7,True
onion,1,676.0,Alipurduar APMC,0.7825,0.436,7064.467814,90,M7,False
onion,1,678.0,Pabiacherra APMC,-0.3413,0.7337,-4076.899346,90,M6,False
onion,1,679.0,Melaghar APMC,1.6395,0.1046,14295.381328,90,M7,False
onion,1,681.0,Vadaseri APMC,-0.6004,0.5498,-13175.72983,90,M6,False
onion,1,683.0,Panisagar APMC,0.1724,0.8635,1470.340834,90,M7,False
onion,1,709.0,Chikkamagaluru APMC,-0.7754,0.4388,-6185.690105,247,M6,False
onion,1,728.0,Kalaburagi APMC,2.0427,0.0421,12213.21367,247,M7,True
onion,1,735.0,Hassan APMC,-1.2163,0.2251,-7107.161229,234,M6,False
onion,1,742.0,Chickkaballapura APMC,0.5682,0.5704,7599.682558,235,M7,False
onion,1,753.0,Shimoga APMC,-1.1921,0.2344,-11376.788704,247,M6,False
onion,1,793.0,Lalru APMC,-0.9533,0.343,-9410.913094,90,M6,False
onion,1,795.0,Fatehpur APMC,1.4241,0.1579,12865.691389,90,M7,False
onion,1,796.0,Auraiya APMC,0.774,0.441,7105.063494,90,M7,False
onion,1,799.0,Ramkrishanpur(Howrah) APMC,-0.6211,0.5361,-10574.170615,90,M6,False
onion,1,801.0,Bishnupur(Bankura) APMC,1.6247,0.1082,18942.6036,81,M7,False
onion,1,802.0,Mapusa APMC,0.0494,0.9606,238.489978,247,M7,False
onion,1,813.0,Sangamner APMC,0.5742,0.5663,1952.832274,247,M7,False
onion,1,816.0,Firozabad APMC,-0.6005,0.5497,-3567.903295,90,M6,False
onion,1,820.0,Ghatal APMC,-1.3142,0.1927,-8738.783797,78,M6,False
onion,1,821.0,Champadanga APMC,0.3261,0.7451,1854.800191,90,M7,False
onion,1,822.0,Jangipur APMC,-1.2582,0.2116,-9241.393137,90,M6,False
onion,1,823.0,Udupi APMC,-1.9728,0.0496,-22267.495963,247,M6,True
onion,1,931.0,Kurnool APMC,0.2288,0.8192,1263.161968,233,M7,False
onion,1,1061.0,Udumalpet APMC,-0.741,0.4606,-10942.827342,90,M6,False
onion,1,1070.0,Haldwani APMC,-2.2174,0.0291,-19730.436742,90,M6,True
onion,1,1071.0,Haridwar Union APMC,-3.6898,0.0004,-40538.095809,90,M6,True
onion,1,1072.0,Ramnagar APMC,0.9971,0.3214,8837.686068,90,M7,False
onion,1,1073.0,Roorkee APMC,2.2055,0.03,17595.30245,90,M7,True
onion,1,1074.0,Kotadwara APMC,1.4179,0.1597,7845.433776,90,M7,False
onion,1,1077.0,Manglaur APMC,-1.5949,0.1143,-10401.674208,90,M6,False
onion,1,1078.0,Gudimalkapur APMC,-1.2851,0.2021,-8442.526876,90,M6,False
onion,1,1079.0,Gohana APMC,-0.1559,0.8762,-694.677372,247,M6,False
onion,1,1081.0,Thodupuzha Market,-0.3642,0.716,-4276.023905,247,M6,False
onion,1,1085.0,Jaora APMC,-0.2997,0.7647,-2521.930464,247,M6,False
onion,1,1086.0,Shujalpur APMC,-1.0796,0.2814,-9040.882478,247,M6,False
onion,1,1108.0,Ambala Cantt. APMC,-1.3839,0.1677,-7505.058111,236,M6,False
onion,1,1110.0,Ballabhgarh APMC,0.2317,0.817,1079.115504,247,M7,False
onion,1,1111.0,Sohna APMC,0.2603,0.7949,1470.981857,247,M7,False
onion,1,1113.0,Mohindergarh APMC,0.1189,0.9055,467.419887,230,M7,False
onion,1,1119.0,Thoubal APMC,-0.7161,0.4747,-11204.793504,220,M6,False
onion,1,1128.0,Sirhind APMC,1.2307,0.2217,11769.68025,90,M7,False
onion,1,1130.0,Mansa APMC,-0.4917,0.6241,-4653.446437,89,M6,False
onion,1,1139.0,Kasganj APMC,-3.5107,0.0008,-10354.816609,76,M6,True
onion,1,1140.0,Amroha APMC,-0.5768,0.5658,-4334.317723,77,M6,False
onion,1,1141.0,Pukharayan APMC,-0.2082,0.8355,-2002.657986,90,M6,False
onion,1,1142.0,Kosikalan APMC,-0.5896,0.5573,-2046.45831,75,M6,False
onion,1,1143.0,Unnao APMC,-1.6368,0.1052,-21357.509421,90,M6,False
onion,1,1147.0,Padra APMC,0.5516,0.5817,3977.345823,247,M7,False
onion,1,1193.0,"Kukatpally,RBZ",-1.9237,0.0623,-71109.628516,37,M6,False
onion,1,1204.0,Jharsuguda APMC,-1.6746,0.0954,-20175.267958,236,M6,False
onion,1,1214.0,Tindivanam APMC,1.2727,0.2064,18013.570686,90,M7,False
onion,1,1236.0,Agar APMC,0.6511,0.5162,6282.472141,127,M7,False
onion,1,1275.0,Kapadvanj APMC,1.1925,0.2342,6913.065065,247,M7,False
onion,1,1282.0,Jamkhed APMC,0.8154,0.4156,3395.869984,247,M7,False
onion,1,1283.0,Kopargaon APMC,-0.5748,0.566,-3347.309882,247,M6,False
onion,1,1284.0,Pathardi APMC,0.9706,0.3327,4151.419746,247,M7,False
onion,1,1285.0,Shevgaon APMC,-1.1206,0.2636,-4703.780937,236,M6,False
onion,1,1287.0,Shrirampur APMC,-1.8416,0.067,-8743.105794,207,M6,False
onion,1,1290.0,Bhusaval APMC,0.5757,0.5654,3315.565861,247,M7,False
onion,1,1297.0,Karjat APMC,0.4569,0.6485,2803.247075,135,M7,False
onion,1,1298.0,Kalvan APMC,-0.1083,0.9139,-821.008462,247,M6,False
onion,1,1299.0,Nandgaon APMC,-0.0327,0.974,-169.933779,247,M6,False
onion,1,1304.0,Vadgaonpeth APMC,-1.2089,0.228,-11355.980914,220,M6,False
onion,1,1306.0,Junnar APMC,0.0548,0.9563,722.0727,247,M7,False
onion,1,1310.0,Karad APMC,-1.9653,0.0505,-13040.154287,247,M6,False
onion,1,1313.0,Satara APMC,-0.4364,0.6629,-2024.973682,247,M6,False
onion,1,1314.0,Vaduj APMC,-0.2001,0.842,-2708.906663,64,M6,False
onion,1,1315.0,Vai APMC,0.5714,0.5683,5165.006655,247,M7,False
onion,1,1318.0,Mangal Wedha APMC,-0.3674,0.7136,-1875.839865,247,M6,False
onion,1,1321.0,Lasur Station APMC,-2.1595,0.0318,-13358.913816,247,M6,True
onion,1,1322.0,Vaijpur APMC,-0.3159,0.7524,-1783.635592,247,M6,False
onion,1,1377.0,Bayana APMC,-2.6497,0.0095,-18252.736375,90,M6,True
onion,1,1385.0,Sujangarh APMC,-0.3286,0.7432,-1593.65023,90,M6,False
onion,1,1386.0,Bhadara APMC,0.3366,0.7372,2771.735708,90,M7,False
onion,1,1387.0,Goluwala APMC,0.5373,0.5924,6978.834378,90,M7,False
onion,1,1389.0,Rawatsar APMC,0.5888,0.5575,6324.968766,90,M7,False
onion,1,1418.0,Rajsamand APMC,-0.4134,0.6803,-2505.637349,90,M6,False
onion,1,1427.0,Zira APMC,0.5711,0.5694,4892.662449,90,M7,False
onion,1,1428.0,Dinanagar APMC,1.818,0.0724,16651.20131,90,M7,False
onion,1,1429.0,Quadian APMC,0.035,0.9722,467.479274,42,M7,False
onion,1,1433.0,Garh Shankar APMC,0.4066,0.6853,3365.660907,90,M7,False
onion,1,1434.0,Tanda Urmur APMC,2.0961,0.0395,27278.350026,74,M7,True
onion,1,1435.0,Adampur APMC,2.4639,0.0178,51438.883841,44,M7,True
onion,1,1441.0,Doraha APMC,1.2187,0.2262,9305.37032,90,M7,False
onion,1,1443.0,Ludhiana APMC,0.6205,0.5365,2966.583302,90,M7,False
onion,1,1446.0,Sahnewal APMC,1.6829,0.0959,13646.228388,90,M7,False
onion,1,1449.0,Nihal Singh Wala APMC,1.1178,0.2667,8936.290966,90,M7,False
onion,1,1456.0,Rajpura APMC,1.015,0.3129,9772.617118,90,M7,False
onion,1,1457.0,Chamkaur Sahib APMC,1.2372,0.2193,20601.27882,90,M7,False
onion,1,1458.0,Kharar APMC,0.8552,0.3948,10306.388205,90,M7,False
onion,1,1459.0,Kurali APMC,-0.2333,0.8161,-1799.625577,89,M6,False
onion,1,1464.0,Bassi Pathana APMC,1.3091,0.1939,13657.334947,89,M7,False
onion,1,1466.0,Khamano APMC,-1.7805,0.0785,-73525.441484,89,M6,False
onion,1,1469.0,Vellore APMC,0.5307,0.5969,7965.086628,90,M7,False
onion,1,1498.0,Jahajharpur APMC,-2.1326,0.0343,-26832.983474,188,M6,True
onion,1,1507.0,Boudh APMC,0.64,0.523,7084.561137,196,M7,False
onion,1,1510.0,Sargipali APMC,-0.1024,0.9186,-747.905847,247,M6,False
onion,1,1511.0,Udala APMC,-1.8177,0.0703,-12482.166816,247,M6,False
onion,1,1513.0,Jaleswar APMC,-0.0312,0.9751,-216.415642,209,M6,False
onion,1,1516.0,Kamakhyanagar APMC,-1.5781,0.1158,-22128.580114,247,M6,False
onion,1,1520.0,Keonjhar APMC,0.5473,0.5847,6214.213269,224,M7,False
onion,1,1523.0,Balugaon APMC,-0.0078,0.9938,-71.873115,247,M6,False
onion,1,1525.0,Birmaharajpur APMC,-0.7446,0.4574,-9156.141778,204,M6,False
onion,1,1527.0,Hinjilicut APMC,-2.0531,0.0414,-22453.180367,202,M6,True
onion,1,1537.0,Porbandar APMC,0.5888,0.5565,4063.853428,247,M7,False
onion,1,1569.0,Bhagta Bhai Ka APMC,1.6286,0.1069,19353.886447,90,M7,False
onion,1,1570.0,Talwandi Sabo APMC,1.2994,0.1972,15287.71714,90,M7,False
onion,1,1573.0,Mamdot APMC,0.2142,0.831,1095.13024,79,M7,False
onion,1,1575.0,F.G.Churian APMC,0.3211,0.7491,6618.710009,77,M7,False
onion,1,1585.0,Banur APMC,1.1984,0.2339,11859.712262,90,M7,False
onion,1,1587.0,Dera Bassi APMC,0.7863,0.4338,3915.987602,90,M7,False
onion,1,1588.0,Ghanaur APMC,0.8,0.4258,7330.067049,90,M7,False
onion,1,1593.0,Lehra Gaga APMC,0.7021,0.4844,8910.395792,89,M7,False
onion,1,1601.0,Akole APMC,-2.095,0.0372,-13792.563429,247,M6,True
onion,1,1606.0,Rayya APMC,0.63,0.5303,3063.707386,90,M7,False
onion,1,1610.0,Ajmer(F&V) APMC,-1.0743,0.2856,-6641.269507,90,M6,False
onion,1,1611.0,Bikaner (F&V) APMC,-1.2837,0.2026,-8998.990932,90,M6,False
onion,1,1614.0,Sriganganagar (F&V) APMC,-2.0591,0.0429,-15604.709765,78,M6,True
onion,1,1633.0,Satana APMC,-2.7734,0.006,-21910.925431,247,M6,True
onion,1,1634.0,Rahuri APMC,-0.1704,0.8648,-1022.620086,247,M6,False
onion,1,1637.0,Akluj APMC,-1.3378,0.1822,-8332.159907,247,M6,False
onion,1,1644.0,Sinner APMC,-2.1463,0.0328,-14293.572236,247,M6,True
onion,1,1663.0,Sitarganj APMC,-0.5366,0.5929,-4594.258213,90,M6,False
onion,1,1704.0,Dasda APMC,2.1851,0.0317,22031.220495,84,M7,True
onion,1,1715.0,Kopaganj APMC,-2.1915,0.031,-11927.696437,90,M6,True
onion,1,1716.0,Partaval APMC,-0.9,0.3706,-4426.418057,90,M6,False
onion,1,1718.0,Kannauj APMC,0.9544,0.343,10224.229536,75,M7,False
onion,1,1719.0,Robertsganj APMC,-0.7159,0.4759,-6884.730845,90,M6,False
onion,1,1720.0,Aligarh APMC,-1.6626,0.1004,-11368.917839,79,M6,False
onion,1,1721.0,Akbarpur APMC,-1.1216,0.2651,-13011.659451,90,M6,False
onion,1,1722.0,Balrampur APMC,-0.7146,0.4767,-3148.758342,90,M6,False
onion,1,1727.0,Naugarh APMC,0.6058,0.5463,3370.986495,83,M7,False
onion,1,1729.0,Dadri APMC,2.039,0.0449,15374.403369,77,M7,True
onion,1,1730.0,Haathras APMC,-1.394,0.1668,-8828.902243,90,M6,False
onion,1,1731.0,Golagokarnath APMC,-0.0374,0.9702,-151.625767,90,M6,False
onion,1,1732.0,Puranpur APMC,0.6792,0.4988,13008.689522,90,M7,False
onion,1,1733.0,Bangarmau APMC,-0.537,0.5929,-3402.660851,77,M6,False
onion,1,1735.0,Bishalpur APMC,1.6749,0.0975,13111.447566,90,M7,False
onion,1,1737.0,Kayamganj APMC,1.4581,0.1483,13101.732611,90,M7,False
onion,1,1738.0,Konch APMC,-2.8642,0.0052,-12058.130929,89,M6,True
onion,1,1741.0,Bharthna APMC,-0.7063,0.4819,-6896.403812,90,M6,False
onion,1,1743.0,Jayas APMC,-0.428,0.6697,-2057.910004,90,M6,False
onion,1,1746.0,Paliakala APMC,1.3007,0.1968,7895.776709,89,M7,False
onion,1,1749.0,Sirsa APMC,-1.1441,0.256,-4311.14679,81,M6,False
onion,1,1754.0,Gangoh APMC,-0.6792,0.4988,-5048.721273,90,M6,False
onion,1,1755.0,Charra APMC,-0.2858,0.7757,-1504.340237,90,M6,False
onion,1,1759.0,Khair APMC,-1.2817,0.2039,-10872.208466,76,M6,False
onion,1,1760.0,Safdarganj APMC,-1.5848,0.1166,-4692.128687,90,M6,False
onion,1,1763.0,Naanpara APMC,0.723,0.4716,6466.120575,90,M7,False
onion,1,1764.0,Jasra APMC,1.4718,0.1451,8375.147164,80,M7,False
onion,1,1768.0,Baripaal APMC,0.0804,0.9361,661.023251,90,M7,False
onion,1,1770.0,Jasvantnagar APMC,-0.9048,0.368,-6745.968019,90,M6,False
onion,1,1772.0,Tulsipur APMC,-2.6559,0.0097,-11440.57851,76,M6,True
onion,1,1773.0,Anandnagar APMC,-0.043,0.9658,-192.543068,90,M6,False
onion,1,1774.0,Mehmoodabad APMC,-0.8763,0.3832,-4644.972915,90,M6,False
onion,1,1776.0,Shahabad(New Mandi) APMC,-0.5311,0.597,-2483.623162,75,M6,False
onion,1,1778.0,Dudhi APMC,0.3691,0.713,2395.199709,84,M7,False
onion,1,1780.0,Mugrabaadshahpur APMC,0.507,0.6134,3433.928577,90,M7,False
onion,1,1783.0,Gulavati APMC,-0.5941,0.554,-2370.299082,90,M6,False
onion,1,1785.0,Rampurmaniharan APMC,2.2119,0.03,16714.69113,76,M7,True
onion,1,1788.0,Sambhal APMC,0.7672,0.445,5218.747816,90,M7,False
onion,1,1791.0,Najibabad APMC,-0.3189,0.7508,-1971.981368,73,M6,False
onion,1,1793.0,Jalaun APMC,1.435,0.1554,12920.761089,77,M7,False
onion,1,1804.0,Barwala APMC,-1.6724,0.0957,-7512.798598,247,M6,False
onion,1,1805.0,Barara APMC,-1.2634,0.2077,-4158.357688,230,M6,False
onion,1,1808.0,Naraingarh APMC,-0.0502,0.96,-231.694668,247,M6,False
onion,1,1809.0,Shahzadpur APMC,-0.8019,0.4234,-2755.564561,247,M6,False
onion,1,1810.0,Jagadhri APMC,0.4817,0.6305,2930.052584,247,M7,False
onion,1,1811.0,Chhachrauli APMC,-0.0336,0.9732,-210.784009,247,M6,False
onion,1,1812.0,Mustafabad APMC,-1.6117,0.1083,-12055.709015,247,M6,False
onion,1,1813.0,Sadhaura APMC,-1.3776,0.1696,-6494.698809,247,M6,False
onion,1,1814.0,Radaur APMC,-2.1456,0.0329,-8945.295564,246,M6,True
onion,1,1823.0,Farukh Nagar APMC,0.9444,0.3459,5294.45315,247,M7,False
onion,1,1826.0,Punhana APMC,-1.8193,0.0701,-10471.176662,237,M6,False
onion,1,1827.0,Tauru APMC,0.3125,0.7549,2277.506185,247,M7,False
onion,1,1828.0,Barwala(Hisar) APMC,0.1308,0.8961,685.982016,217,M7,False
onion,1,1833.0,Jakhal APMC,-1.291,0.1979,-8543.319523,247,M6,False
onion,1,1839.0,Dhand APMC,1.3757,0.1702,9867.922917,247,M7,False
onion,1,1842.0,Siwan APMC,1.3897,0.1659,8562.199913,247,M7,False
onion,1,1852.0,Madlauda APMC,-0.3709,0.711,-1817.086315,247,M6,False
onion,1,1853.0,Samalkha APMC,0.495,0.6211,3160.5147,237,M7,False
onion,1,1860.0,Meham APMC,-1.4345,0.1527,-7595.506632,247,M6,False
onion,1,1864.0,Ganaur APMC,-1.2595,0.2091,-7770.472503,247,M6,False
onion,1,1868.0,Bowenpally APMC,-2.6698,0.009,-23619.725465,90,M6,True
onion,1,1894.0,Parner APMC,0.1459,0.8841,774.876076,247,M7,False
onion,1,1895.0,Devala APMC,-1.6985,0.0907,-9093.845961,247,M6,False
onion,1,1939.0,Ramtek APMC,-1.3966,0.1638,-11634.590769,247,M6,False
onion,1,1966.0,Gopiganj APMC,-1.8126,0.0737,-8843.273925,79,M6,False
onion,1,1967.0,Karvi APMC,0.5631,0.5748,3743.099222,90,M7,False
onion,1,1971.0,Aroor APMC,-0.1145,0.909,-1326.35634,235,M6,False
onion,1,1973.0,Kuruppanthura Market,-2.8686,0.0045,-53357.684658,244,M6,True
onion,1,1974.0,Chelakkara Market,0.1306,0.8962,812.027777,247,M7,False
onion,1,1975.0,Munnar Market,-3.7457,0.0002,-85644.706942,247,M6,True
onion,1,1977.0,Kottakkal Market,1.2465,0.2138,15269.151123,247,M7,False
onion,1,1978.0,Angamaly Market,0.6737,0.5012,7111.054627,247,M7,False
onion,1,1979.0,Kallachi Market,0.2851,0.7758,2727.982525,247,M7,False
onion,1,1980.0,Taliparamba Market,-1.2141,0.2272,-17703.412428,116,M6,False
onion,1,1981.0,Neeleswaram APMC,-0.5018,0.6162,-3925.964808,247,M6,False
onion,1,1986.0,Madhavapuram Market,-1.3702,0.1719,-26220.733178,247,M6,False
onion,1,2007.0,Piravam Market,0.3506,0.7262,3886.042392,247,M7,False
onion,1,2008.0,Aralamoodu Market,-0.9926,0.3219,-12006.910692,247,M6,False
onion,1,2013.0,Anchal Market,1.0864,0.2783,10312.641665,247,M7,False
onion,1,2015.0,Chengannur Market,-0.4585,0.647,-5981.756152,247,M6,False
onion,1,2016.0,Kayamkulam Market,1.8549,0.0648,20190.493649,247,M7,False
onion,1,2017.0,Harippad APMC,-1.1385,0.2563,-16693.975263,193,M6,False
onion,1,2019.0,Pampady Market,-1.045,0.2971,-10322.470706,247,M6,False
onion,1,2020.0,Ettumanoor Market,1.9593,0.0512,25629.205722,247,M7,False
onion,1,2021.0,Kanjirappally Market,-1.1229,0.2626,-19162.409879,247,M6,False
onion,1,2022.0,Pala Market,-3.0879,0.0022,-44748.591525,247,M6,True
onion,1,2024.0,Chalakudy Market,-1.3705,0.1718,-12595.834717,247,M6,False
onion,1,2025.0,Irinjalakkuda APMC,-1.6747,0.0953,-15703.710692,247,M6,False
onion,1,2026.0,Chavakkad Market,-0.3309,0.741,-2587.906757,247,M6,False
onion,1,2027.0,Wadakkanchery Market,0.5989,0.5498,6512.629615,247,M7,False
onion,1,2035.0,Kanjangadu Market,0.9173,0.3599,7355.840678,247,M7,False
onion,1,2036.0,Vamanapuram Market,-1.7828,0.0758,-19728.820252,247,M6,False
onion,1,2039.0,Rahata APMC,-1.0629,0.2889,-8613.981938,247,M6,False
onion,1,2076.0,Badnawar APMC,-1.9044,0.0589,-11759.533209,143,M6,False
onion,1,2086.0,Narsinghgarh APMC,1.2167,0.2249,6353.224521,247,M7,False
onion,1,2088.0,Sailana APMC,0.5213,0.6026,2785.053122,247,M7,False
onion,1,2097.0,Shajapur APMC,0.2212,0.8252,1713.178552,144,M7,False
onion,1,2103.0,Kalapipal APMC,1.2951,0.1965,8272.930782,247,M7,False
onion,1,2130.0,Rahuri(Vambori) APMC,1.4288,0.1543,6980.603741,247,M7,False
onion,1,2139.0,Lasalgaon(Niphad) APMC,-2.6348,0.009,-16769.398912,247,M6,True
onion,1,2141.0,Dindori(Vani) APMC,-0.2096,0.8342,-1280.032873,207,M6,False
onion,1,2142.0,Pimpalgaon Baswant(Saykheda) APMC,-2.5838,0.0103,-13053.469361,247,M6,True
onion,1,2146.0,Junnar(Otur) APMC,-2.1844,0.0299,-15397.114676,247,M6,True
onion,1,2147.0,Khed(Chakan) APMC,-1.4888,0.1378,-6539.288811,247,M6,False
onion,1,2148.0,Pune(Pimpri) APMC,-0.577,0.5645,-2675.05617,247,M6,False
onion,1,2149.0,Pune(Khadiki) APMC,0.0861,0.9315,219.985073,247,M7,False
onion,1,2150.0,"Sangli(Phale, Bhajipala Market) APMC",0.115,0.9086,471.82671,247,M7,False
onion,1,2163.0,Chandrapur(Ganjwad) APMC,-0.2062,0.8368,-1866.011839,247,M6,False
onion,1,2173.0,Kathua (F&V),-0.9242,0.3563,-7569.074614,247,M6,False
onion,1,2176.0,Thrippunithura Market,1.0226,0.3075,7989.856957,247,M7,False
onion,1,2177.0,Pattambi Market,-0.5859,0.5585,-7433.12016,247,M6,False
onion,1,2180.0,Muradnagar APMC,-0.9417,0.3496,-6231.924621,71,M6,False
onion,1,2181.0,Khekda APMC,0.1756,0.861,1029.969494,90,M7,False
onion,1,2182.0,Jahangirabad APMC,-0.277,0.7824,-1532.598809,90,M6,False
onion,1,2183.0,Siyana APMC,-1.6651,0.0994,-5295.040756,90,M6,False
onion,1,2184.0,Sikanderabad APMC,1.6592,0.1009,16632.398628,84,M7,False
onion,1,2185.0,Anoop Shahar APMC,-0.849,0.3986,-4352.311131,75,M6,False
onion,1,2186.0,Sikarpur APMC,-1.705,0.0917,-11803.68657,90,M6,False
onion,1,2188.0,Chutmalpur APMC,0.6437,0.5216,3749.448693,80,M7,False
onion,1,2190.0,Kairana APMC,-1.0129,0.3139,-5793.677603,90,M6,False
onion,1,2191.0,Thanabhavan APMC,0.5901,0.5566,3245.998873,90,M7,False
onion,1,2193.0,Fatehabad APMC,-1.7271,0.0876,-5468.010997,90,M6,False
onion,1,2195.0,Khairagarh APMC,-0.1537,0.8782,-1157.287159,90,M6,False
onion,1,2196.0,Jagnair APMC,-2.0163,0.0468,-10848.338604,90,M6,True
onion,1,2198.0,Samsabad APMC,0.2813,0.7791,1336.967331,90,M7,False
onion,1,2200.0,Shadabad APMC,-0.7037,0.4835,-8860.308786,90,M6,False
onion,1,2203.0,Awagarh APMC,-0.7334,0.4652,-4985.156367,90,M6,False
onion,1,2209.0,Dhanaura APMC,0.2064,0.8369,1065.007347,90,M7,False
onion,1,2212.0,Anwala APMC,-2.128,0.0361,-9637.495671,90,M6,True
onion,1,2216.0,Shahaswan APMC,-0.7481,0.4564,-3952.336807,89,M6,False
onion,1,2219.0,Uttaripura APMC,0.0138,0.9891,160.368852,75,M7,False
onion,1,2225.0,Lalganj APMC,0.0025,0.998,16.881466,90,M7,False
onion,1,2227.0,Salon APMC,-2.0606,0.0426,-6073.947121,81,M6,True
onion,1,2229.0,Hargaon (Laharpur) APMC,-0.7692,0.4438,-5636.454447,90,M6,False
onion,1,2239.0,Rudauli APMC,-0.3857,0.7008,-2513.289924,76,M6,False
onion,1,2240.0,Nawabganj APMC,0.5234,0.602,4242.280909,90,M7,False
onion,1,2243.0,Ahirora APMC,-0.8625,0.3907,-11233.60627,90,M6,False
onion,1,2244.0,Doharighat APMC,-0.1476,0.883,-3278.906385,78,M6,False
onion,1,2249.0,Khalilabad APMC,-0.7086,0.4805,-3990.651186,85,M6,False
onion,1,2250.0,Gadaura APMC,-0.9314,0.3546,-2954.571887,76,M6,False
onion,1,2252.0,Payagpur APMC,-1.8504,0.0682,-15557.268143,75,M6,False
onion,1,2266.0,Kalyani APMC,2.2415,0.0275,20449.784764,90,M7,True
onion,1,2268.0,Baruipur(Canning) APMC,3.2587,0.0016,36945.504908,90,M7,True
onion,1,2269.0,Uluberia APMC,0.6466,0.5195,9335.047155,90,M7,False
onion,1,2270.0,Sheoraphuly APMC,-0.6405,0.5235,-5174.541014,90,M6,False
onion,1,2318.0,Rajgarh APMC,-0.6165,0.5382,-3112.598689,229,M6,False
onion,1,2325.0,Shamgarh APMC,2.5539,0.0117,19374.672235,144,M7,True
onion,1,2422.0,Thirupathur APMC,0.2269,0.821,2698.715044,90,M7,False
onion,1,2441.0,Ambala City(Subji Mandi) APMC,1.6279,0.105,15822.623867,216,M7,False
onion,1,2444.0,FerozpurZirkha(Nagina) APMC,-0.6593,0.5103,-5040.804619,247,M6,False
onion,1,2451.0,Panchkul(Kalka) APMC,2.256,0.0256,18220.849493,146,M7,True
onion,1,2481.0,Kota (F&V) APMC,-2.8387,0.0058,-25487.495309,78,M6,True
onion,1,2487.0,Jalandhar City(Jalandhar) APMC,1.4114,0.1616,7002.54492,90,M7,False
onion,1,2490.0,Nawan Shahar(Subzi Mandi) APMC,0.187,0.8521,1677.91502,90,M7,False
onion,1,2505.0,Rampuraphul(Nabha Mandi) APMC,1.5429,0.1264,15824.075748,90,M7,False
onion,1,2510.0,Mukerian(Talwara) APMC,0.4012,0.6893,3935.753576,86,M7,False
onion,1,2521.0,SMY Nadaun,0.6588,0.5107,4248.676214,247,M7,False
onion,1,2524.0,SMY Takoli,-0.7359,0.4625,-6500.854012,247,M6,False
onion,1,2526.0,SMY Baijnath,-0.7311,0.4654,-5551.928446,247,M6,False
onion,1,2527.0,SMY Nagrota Bagwan,-0.328,0.7432,-2696.003686,225,M6,False
onion,1,2528.0,SMY Jassur,0.7509,0.4535,10518.318337,221,M7,False
onion,1,2529.0,SMY Jaisinghpur,-1.6966,0.091,-15111.043968,247,M6,False
onion,1,2536.0,Belacoba APMC,0.3244,0.7464,3879.334755,90,M7,False
onion,1,2537.0,Siliguri APMC,2.2531,0.0267,25458.404769,90,M7,True
onion,1,2543.0,Ahmedabad(Chimanbhai Patal Market Vasana) APMC,-0.4171,0.677,-2171.008585,247,M6,False
onion,1,2545.0,Rajkot(Veg.Sub Yard) APMC,-0.5723,0.5676,-2956.570224,247,M6,False
onion,1,2549.0,Dahod(Veg. Market) APMC,0.1201,0.9045,693.590402,247,M7,False
onion,1,2551.0,Vadodara(Sayajipura) APMC,-0.811,0.4181,-5378.065345,247,M6,False
onion,1,2571.0,"Anand(Veg,Yard,Anand) APMC",0.497,0.6196,2493.290856,247,M7,False
onion,1,2668.0,Kottarakkara Market,-0.1741,0.8619,-2066.036089,247,M6,False
onion,1,2673.0,Mannar Market,-0.4864,0.6271,-8014.21711,247,M6,False
onion,1,2674.0,Athirampuzha Market,1.4892,0.1377,20986.146525,247,M7,False
onion,1,2675.0,Thalayolaparambu Market,0.9596,0.3382,12935.068213,247,M7,False
onion,1,2677.0,Vandiperiyar Market,-1.1998,0.2314,-16330.799533,238,M6,False
onion,1,2679.0,Kattappana Market,-0.0655,0.9478,-1009.266261,247,M6,False
onion,1,2680.0,Perumbavoor Market,0.1309,0.8959,975.93845,247,M7,False
onion,1,2681.0,Kothamangalam Market,0.725,0.4691,8160.384417,247,M7,False
onion,1,2683.0,Vadakkenchery Market,-1.9578,0.0514,-30663.423692,247,M6,False
onion,1,2684.0,Perinthalmanna Market,0.8933,0.3725,7149.03609,247,M7,False
onion,1,2685.0,Parappanangadi Market,-0.5292,0.5973,-5373.294355,210,M6,False
onion,1,2686.0,Thirurrangadi Market,1.2302,0.2198,9343.961581,247,M7,False
onion,1,2687.0,Kondotty Market,0.7536,0.4518,7294.56636,234,M7,False
onion,1,2689.0,Perambra Market,2.5478,0.0114,20608.653317,247,M7,True
onion,1,2690.0,Mukkom Market,2.2743,0.0238,17946.627244,247,M7,True
onion,1,2691.0,Quilandy Market,0.8451,0.3989,8668.299349,247,M7,False
onion,1,2692.0,Thamarassery Market,1.4076,0.1605,11230.019589,247,M7,False
onion,1,2693.0,Chala Market,-1.7609,0.0795,-28091.365127,247,M6,False
onion,1,2696.0,Phillaur(Apra Mandi) APMC,2.0129,0.0473,26810.636568,85,M7,True
onion,1,2701.0,Garh Shankar(Mahalpur) APMC,-0.149,0.8819,-1522.302318,89,M6,False
onion,1,2703.0,Mumbai-Onion & Potato Market APMC,-0.563,0.5739,-3008.616085,247,M6,False
onion,1,2704.0,Amrawati(Frui & Veg. Market) APMC,0.8565,0.3925,4095.332981,247,M7,False
onion,1,2708.0,Newasa(Ghodegaon) APMC,-0.5115,0.6094,-2392.913882,247,M6,False
onion,1,2713.0,Bonai APMC,-0.3594,0.7197,-5200.803719,177,M6,False
onion,1,2714.0,Bargarh(Barapalli) APMC,0.627,0.5313,4581.126183,230,M7,False
onion,1,2721.0,Keonjhar(Dhekikote) APMC,2.5569,0.0112,28236.851873,232,M7,True
onion,1,2738.0,Udaipur (F&V) APMC,-0.8504,0.3974,-4991.92395,90,M6,False
onion,1,2739.0,Chomu FV APMC,-1.1039,0.2726,-8201.751028,90,M6,False
onion,1,2744.0,Bassi APMC,-0.6026,0.5483,-9516.33058,90,M6,False
onion,1,2773.0,Mehsana(Mehsana Veg) APMC,0.3566,0.7217,2258.728071,247,M7,False
onion,1,2774.0,Deesa(Deesa Veg Yard) APMC,0.4339,0.6647,3452.136996,247,M7,False
onion,1,2800.0,Khandhla APMC,-0.4988,0.6194,-4753.558844,79,M6,False
onion,1,2803.0,Noida APMC,-0.4032,0.6879,-3254.088654,77,M6,False
onion,1,2894.0,Bara Bazar (Posta Bazar) APMC,1.2639,0.2095,19842.100145,90,M7,False
onion,1,2897.0,Habra APMC,1.6942,0.0937,14558.675145,90,M7,False
onion,1,2899.0,Durgapur APMC,2.2153,0.0293,16600.939734,90,M7,True
onion,1,2902.0,Gajol APMC,2.5772,0.0116,25582.599154,90,M7,True
onion,1,2905.0,Balarampur APMC,0.7137,0.4773,8557.948522,90,M7,False
onion,1,2910.0,"New Grain Market , Faridabad APMC",0.9169,0.3601,6010.927628,245,M7,False
onion,1,2940.0,Tiruchengode APMC,0.9201,0.36,19186.852999,90,M7,False
onion,1,2970.0,Thuraiyur APMC,0.2885,0.7736,4958.619037,90,M7,False
onion,1,3039.0,SMY Santoshgarh,0.427,0.6698,3391.894287,247,M7,False
onion,1,3045.0,Harda(F&V) APMC,1.0636,0.2893,8684.956645,146,M7,False
onion,1,3046.0,Indore APMC,-0.266,0.7906,-2329.249603,144,M6,False
onion,1,3048.0,Badnawar(F&V) APMC,-0.6417,0.5219,-2117.909577,171,M6,False
onion,1,3054.0,Dewas(F&V) APMC,-2.4455,0.0155,-5919.706756,168,M6,True
onion,1,3059.0,Lashkar(F&V) APMC,-0.4898,0.6249,-1829.299278,170,M6,False
onion,1,3067.0,Sagar(F&V) APMC,-1.814,0.0715,-9946.015399,170,M6,False
onion,1,3071.0,Jabalpur(F&V) APMC,1.0504,0.295,3175.44566,170,M7,False
onion,1,3075.0,Chhindwara(F&V) APMC,0.7591,0.4491,6404.225957,138,M7,False
onion,1,3080.0,Tusura APMC,-0.3442,0.7311,-3908.277811,179,M6,False
onion,1,3086.0,Godbhaga APMC,-1.2565,0.2106,-14008.396551,181,M6,False
onion,1,3092.0,Saharpada APMC,1.7778,0.0767,19663.653023,237,M7,False
onion,1,3098.0,Kalyanpur APMC,1.2611,0.2106,17843.184512,90,M7,False
onion,1,3099.0,Jampuijala APMC,1.8373,0.0698,23333.31218,82,M7,False
onion,1,3102.0,Gondatwisa APMC,-4.0906,0.0001,-37125.45007,84,M6,True
onion,1,3104.0,Silachhari APMC,-1.9179,0.0583,-30321.606067,90,M6,False
onion,1,3105.0,Barpathari APMC,0.9846,0.3275,10370.716835,90,M7,False
onion,1,3117.0,Asansol APMC,1.2785,0.2044,9692.20096,90,M7,False
onion,1,3128.0,Junnar(Alephata) APMC,-0.2526,0.8008,-1440.583618,247,M6,False
onion,1,3130.0,Junnar(Narayangaon) APMC,-1.248,0.2134,-7509.362105,222,M6,False
onion,1,3142.0,Kamthi APMC,-1.7569,0.0802,-11142.711856,247,M6,False
onion,1,3218.0,Tiphra APMC,-1.4235,0.1559,-7430.722502,234,M6,False
onion,1,3297.0,Khariar APMC,-1.3708,0.1718,-13751.451375,224,M6,False
onion,1,3299.0,Chuliaposi APMC,-1.5838,0.1151,-13441.709516,166,M6,False
onion,1,3306.0,Nilagiri APMC,1.1274,0.2618,7293.22285,125,M7,False
onion,1,3308.0,Hindol APMC,2.4344,0.0156,16064.263099,247,M7,True
onion,1,3339.0,Falakata APMC,-0.0114,0.991,-97.598704,76,M6,False
onion,1,3340.0,Moynaguri APMC,0.4484,0.655,5057.20306,90,M7,False
onion,1,3341.0,Karsiyang(Matigara) APMC,0.8243,0.412,21917.552212,90,M7,False
onion,1,3343.0,Raiganj APMC,-0.3798,0.7054,-4722.423387,60,M6,False
onion,1,3344.0,Gangarampur(Dakshin Dinajpur) APMC,1.6501,0.1027,16830.12035,84,M7,False
onion,1,3346.0,Diamond Harbour(South 24-pgs) APMC,2.785,0.0065,38013.046054,90,M7,True
onion,1,3347.0,Kalipur APMC,0.1965,0.8447,1505.230533,90,M7,False
onion,1,3349.0,Ranaghat APMC,0.2248,0.8226,1688.300005,90,M7,False
onion,1,3350.0,Chakdah APMC,0.7064,0.4818,6218.975033,90,M7,False
onion,1,3352.0,Garbeta(Medinipur) APMC,1.5032,0.1363,13002.254941,90,M7,False
onion,1,3354.0,Kasipur APMC,-1.1687,0.2457,-13247.396221,90,M6,False
onion,1,3355.0,Sainthia APMC,0.654,0.5148,7754.693863,90,M7,False
onion,1,3393.0,Broadway market Market,-0.4278,0.6694,-8140.455586,144,M6,False
onion,1,3394.0,North Paravur Market,-1.0082,0.3151,-38330.162902,145,M6,False
onion,1,3440.0,GarhShankar (Kotfatuhi) APMC,-0.3234,0.7472,-2715.763863,90,M6,False
onion,1,3445.0,APMC Azadpur,-0.4902,0.6245,-3516.210867,247,M6,False
onion,1,3448.0,Lasalgaon(Vinchur) APMC,0.0182,0.9855,119.262653,247,M7,False
onion,1,3449.0,Pune(Manjri) APMC,0.219,0.8268,897.509696,247,M7,False
onion,1,3450.0,Pune(Moshi) APMC,-0.332,0.7402,-1268.430289,247,M6,False
onion,1,3452.0,Agriculture Produce Market Committee Hingna,-1.2614,0.2092,-8474.065433,144,M6,False
onion,1,3458.0,Umrane APMC,-1.7711,0.0778,-10913.707184,247,M6,False
onion,1,3462.0,Nampur APMC,-0.1794,0.8578,-1214.690323,247,M6,False
onion,1,3500.0,Batengoo Anantnag (F&V),-1.6451,0.1072,-45719.868408,44,M6,False
onion,1,3517.0,PMY Kangni Mandi,0.9394,0.3527,12575.141068,45,M7,False
onion,1,3626.0,Dablirathan APMC,0.3428,0.7327,2189.926611,76,M7,False
onion,1,3675.0,Halahali,-0.8016,0.4291,-15236.555676,31,M6,False
onion,1,3677.0,Kanchanpur,0.7693,0.4439,6791.733372,86,M7,False
onion,1,3680.0,Kadamtala,1.3137,0.1923,11663.407613,90,M7,False
onion,1,3953.0,Tajpur APMC,0.2392,0.8112,1929.741318,187,M7,False
onion,1,3956.0,Sheohar APMC,-2.5598,0.0112,-34335.029039,214,M6,True
onion,1,3996.0,"Laxmi-Sopan Agriculture Produce Marketing Co Ltd, Barshi, Dist Solapur",-0.6696,0.5044,-6614.636152,126,M6,False
onion,1,4025.0,"Omchatinya Multi State Agro Purpose Co-Op Society, Dist Ahilyanagar",-0.9275,0.3551,-8335.320857,155,M6,False
onion,1,4038.0,"Shivsiddha Govind Producer Company Ltd Sanchalit Khajgi Krush Utpann Bajar, Samati-Nashik",-0.4169,0.6775,-5015.502265,135,M6,False
onion,1,4055.0,Ariyalur(Uzhavar Sandhai),0.9241,0.3579,12201.771903,90,M7,False
onion,1,4056.0,Jeyankondam (Uzhavar Sandhai ),-0.4106,0.6824,-6016.839438,90,M6,False
onion,1,4057.0,RSPuram(Uzhavar Sandhai ),0.7467,0.4572,10733.538225,90,M7,False
onion,1,4058.0,Singanallur(Uzhavar Sandhai ),0.4739,0.6367,7108.952978,90,M7,False
onion,1,4059.0,Pollachi(Uzhavar Sandhai ),-0.3736,0.7096,-6306.392954,90,M6,False
onion,1,4060.0,Mettupalayam(Uzhavar Sandhai ),-0.7726,0.4418,-11013.126668,90,M6,False
onion,1,4061.0,Kurichi(Uzhavar Sandhai ),-0.1525,0.8791,-1751.264771,90,M6,False
onion,1,4062.0,Sulur(Uzhavar Sandhai ),0.6077,0.5449,8188.982464,90,M7,False
onion,1,4063.0,Vadavalli(Uzhavar Sandhai ),0.742,0.4601,10597.67776,90,M7,False
onion,1,4064.0,Sundarapuram(Uzhavar Sandhai ),0.2039,0.8389,2678.85694,90,M7,False
onion,1,4065.0,Cuddalore(Uzhavar Sandhai ),0.4217,0.6742,7018.813885,90,M7,False
onion,1,4066.0,Chidambaram(Uzhavar Sandhai ),-1.3048,0.1953,-19476.104537,90,M6,False
onion,1,4067.0,Viruthachalam(Uzhavar Sandhai ),-0.4404,0.6607,-4161.092019,90,M6,False
onion,1,4068.0,Panruti(Uzhavar Sandhai ),0.454,0.6509,6243.149152,90,M7,False
onion,1,4069.0,Vadalur(Uzhavar Sandhai ),-0.2353,0.8155,-4368.108021,33,M6,False
onion,1,4070.0,Dharmapuri(Uzhavar Sandhai ),-1.0319,0.3049,-15426.222022,90,M6,False
onion,1,4071.0,Pennagaram(Uzhavar Sandhai ),-0.0047,0.9963,-83.245201,90,M6,False
onion,1,4072.0,Palacode(Uzhavar Sandhai ),-0.7903,0.4314,-12158.29641,90,M6,False
onion,1,4073.0,Harur(Uzhavar Sandhai ),0.3373,0.7367,4392.291509,90,M7,False
onion,1,4074.0,AJattihalli(Uzhavar Sandhai ),-0.0422,0.9665,-535.577378,90,M6,False
onion,1,4075.0,Dindigul(Uzhavar Sandhai ),-0.2623,0.7937,-5488.491808,90,M6,False
onion,1,4076.0,Palani(Uzhavar Sandhai ),-0.1272,0.8991,-1835.684644,90,M6,False
onion,1,4077.0,Chinnalapatti(Uzhavar Sandhai ),-0.6595,0.5113,-11198.028202,90,M6,False
onion,1,4080.0,Vedasanthur(Uzhavar Sandhai ),-2.2172,0.0292,-55484.88946,90,M6,True
onion,1,4081.0,Sampath Nagar(Uzhavar Sandhai ),-0.7217,0.4724,-12454.721732,90,M6,False
onion,1,4082.0,Gobichettipalayam(Uzhavar Sandhai ),-0.7323,0.4659,-12835.538651,90,M6,False
onion,1,4083.0,Sathiyamagalam(Uzhavar Sandhai ),-0.5451,0.5871,-7405.922941,90,M6,False
onion,1,4085.0,Perundurai(Uzhavar Sandhai ),-0.5426,0.5888,-7472.6869,90,M6,False
onion,1,4086.0,Thalavadi(Uzhavar Sandhai ),-0.8271,0.4104,-10973.032829,90,M6,False
onion,1,4087.0,Kancheepuram(Uzhavar Sandhai ),0.9871,0.3263,19304.097222,90,M7,False
onion,1,4088.0,Padappai(Uzhavar Sandhai ),-0.874,0.3845,-12749.226966,90,M6,False
onion,1,4089.0,Sunguvarchatram(Uzhavar Sandhai ),0.9215,0.3593,11093.066188,90,M7,False
onion,1,4090.0,Kundrathur(Uzhavar Sandhai ),0.672,0.5033,7404.47547,90,M7,False
onion,1,4091.0,Karur(Uzhavar Sandhai ),-0.4795,0.6328,-8762.836795,90,M6,False
onion,1,4092.0,Kulithalai(Uzhavar Sandhai ),-0.5592,0.5775,-8355.524649,90,M6,False
onion,1,4093.0,Velayuthampalayam(Uzhavar Sandhai ),0.4577,0.6487,8978.812361,64,M7,False
onion,1,4096.0,Hosur(Uzhavar Sandhai ),-0.9166,0.3618,-16285.438578,90,M6,False
onion,1,4097.0,Krishnagiri(Uzhavar Sandhai ),-0.2077,0.836,-2866.099967,90,M6,False
onion,1,4098.0,Kaveripattinam(Uzhavar Sandhai ),-0.4349,0.6647,-5293.497807,90,M6,False
onion,1,4099.0,Denkanikottai(Uzhavar Sandhai ),-1.2066,0.2308,-19548.596831,90,M6,False
onion,1,4100.0,Avallapalli(Uzhavar Sandhai ),-0.7672,0.445,-12493.976098,90,M6,False
onion,1,4102.0,Chokkikulam(Uzhavar Sandhai ),-0.3289,0.743,-5183.584977,90,M6,False
onion,1,4103.0,Palanganatham(Uzhavar Sandhai ),0.1841,0.8544,2756.192593,90,M7,False
onion,1,4104.0,Usilampatti(Uzhavar Sandhai ),-1.911,0.0625,-47410.196845,45,M6,False
onion,1,4105.0,Thirumangalam(Uzhavar Sandhai ),-0.8675,0.388,-15252.606297,90,M6,False
onion,1,4106.0,Melur(Uzhavar Sandhai ),-0.5775,0.5651,-9576.086079,90,M6,False
onion,1,4107.0,Anaiyur(Uzhavar Sandhai ),-0.2472,0.8053,-3989.15648,90,M6,False
onion,1,4108.0,Mayiladuthurai(Uzhavar Sandhai ),0.6764,0.5005,9854.262274,90,M7,False
onion,1,4109.0,Nagapattinam(Uzhavar Sandhai ),1.8768,0.0638,14896.400865,90,M7,False
onion,1,4110.0,Sirkali(Uzhavar Sandhai ),1.3643,0.1759,23406.882707,90,M7,False
onion,1,4111.0,Namakkal(Uzhavar Sandhai ),-0.5658,0.573,-8187.418432,90,M6,False
onion,1,4113.0,Rasipuram(Uzhavar Sandhai ),0.6019,0.5488,12778.855527,90,M7,False
onion,1,4114.0,Kumarapalayam(Uzhavar Sandhai ),0.5905,0.5564,8865.343792,90,M7,False
onion,1,4115.0,Paramathivelur(Uzhavar Sandhai ),-0.195,0.8459,-4119.517099,90,M6,False
onion,1,4116.0,Mohanur(Uzhavar Sandhai ),-0.0379,0.9699,-548.42419,90,M6,False
onion,1,4117.0,Udhagamandalam(Uzhavar Sandhai ),-1.4221,0.1585,-20568.096402,90,M6,False
onion,1,4118.0,Coonoor(Uzhavar Sandhai ),-1.0034,0.3184,-17738.320303,90,M6,False
onion,1,4120.0,Gudalur(Uzhavar Sandhai ),-1.2743,0.2059,-18564.764631,90,M6,False
onion,1,4121.0,Perambalur(Uzhavar Sandhai ),-0.811,0.4195,-19151.312417,90,M6,False
onion,1,4123.0,Pudukottai(Uzhavar Sandhai ),-0.4174,0.6774,-12545.697762,90,M6,False
onion,1,4124.0,Aranthangi(Uzhavar Sandhai ),-0.931,0.3544,-11804.434686,90,M6,False
onion,1,4125.0,Alangudi(Uzhavar Sandhai ),-0.4953,0.6217,-8738.150539,83,M6,False
onion,1,4126.0,Gandarvakottai(Uzhavar Sandhai ),-1.0442,0.2992,-20382.396882,90,M6,False
onion,1,4127.0,Karambakkudi(Uzhavar Sandhai ),-0.9777,0.3309,-22075.112605,90,M6,False
onion,1,4128.0,Viralimalai(Uzhavar Sandhai ),-1.2283,0.2226,-27403.158273,90,M6,False
onion,1,4129.0,Ramanathapuram(Uzhavar Sandhai ),0.3827,0.7028,6030.467043,90,M7,False
onion,1,4130.0,Paramakudi(Uzhavar Sandhai ),0.3544,0.7239,5988.967357,90,M7,False
onion,1,4132.0,Sooramangalam(Uzhavar Sandhai ),-0.713,0.4777,-17195.606572,90,M6,False
onion,1,4133.0,Ammapet(Uzhavar Sandhai ),-0.9359,0.3519,-16849.40713,90,M6,False
onion,1,4134.0,Athur(Uzhavar Sandhai ),-0.6878,0.4934,-14199.930149,90,M6,False
onion,1,4135.0,Thathakapatti(Uzhavar Sandhai ),-0.8869,0.3775,-19027.098863,90,M6,False
onion,1,4136.0,Mettur(Uzhavar Sandhai ),-1.5743,0.119,-37290.022134,90,M6,False
onion,1,4137.0,Attayampatti(Uzhavar Sandhai ),0.6454,0.5206,13873.292858,78,M7,False
onion,1,4138.0,Hasthampatti(Uzhavar Sandhai ),-1.0935,0.2771,-25060.089122,90,M6,False
onion,1,4139.0,Elampillai(Uzhavar Sandhai ),-1.0898,0.2788,-22870.956492,90,M6,False
onion,1,4140.0,Thammampatti (Uzhavar Sandhai ),-1.0992,0.2746,-24055.81623,90,M6,False
onion,1,4141.0,Jalagandapuram(Uzhavar Sandhai ),-1.1675,0.2461,-22836.736784,90,M6,False
onion,1,4142.0,Edapadi (Uzhavar Sandhai ),-0.9293,0.3553,-21202.053531,90,M6,False
onion,1,4143.0,Sivagangai (Uzhavar Sandhai ),-0.9686,0.3354,-18408.170256,90,M6,False
onion,1,4144.0,Devakottai (Uzhavar Sandhai ),-0.1174,0.9068,-2318.662287,90,M6,False
onion,1,4145.0,Karaikudi(Uzhavar Sandhai ),-1.1196,0.2659,-27252.967481,90,M6,False
onion,1,4146.0,Tirupatthur(Uzhavar Sandhai ),0.3734,0.7097,6980.314957,90,M7,False
onion,1,4147.0,Singampunari(Uzhavar Sandhai ),0.4549,0.6503,8380.43973,90,M7,False
onion,1,4148.0,Thanjavur(Uzhavar Sandhai ),-1.041,0.3007,-17559.321593,90,M6,False
onion,1,4149.0,Kumbakonam (Uzhavar Sandhai ),-0.259,0.7962,-5122.528356,90,M6,False
onion,1,4150.0,Pattukottai(Uzhavar Sandhai ),-1.2716,0.2068,-19886.339262,90,M6,False
onion,1,4151.0,Tirukattupalli(Uzhavar Sandhai ),-0.551,0.5855,-13915.695187,33,M6,False
onion,1,4152.0,Papanasam(Uzhavar Sandhai ),0.3731,0.71,6453.789074,90,M7,False
onion,1,4153.0,Theni(Uzhavar Sandhai ),-0.7871,0.4333,-10038.122327,90,M6,False
onion,1,4154.0,Kambam(Uzhavar Sandhai ),-1.4146,0.1607,-19022.030884,90,M6,False
onion,1,4155.0,Bodinayakanur(Uzhavar Sandhai ),-0.9843,0.3276,-13217.483448,90,M6,False
onion,1,4156.0,Periyakulam(Uzhavar Sandhai ),-0.4612,0.6458,-6028.071301,90,M6,False
onion,1,4157.0,Devaram(Uzhavar Sandhai ),-1.2845,0.2023,-14995.525134,90,M6,False
onion,1,4158.0,Andipatti(Uzhavar Sandhai ),-1.5599,0.1223,-19995.698336,90,M6,False
onion,1,4159.0,Chinnamanur(Uzhavar Sandhai ),-1.0767,0.2845,-16860.602425,90,M6,False
onion,1,4160.0,Palayamkottai(Uzhavar Sandhai ),-0.422,0.6741,-4913.174781,90,M6,False
onion,1,4162.0,Melapalayam(Uzhavar Sandhai ),-0.1298,0.8971,-1808.086797,90,M6,False
onion,1,4164.0,NGO Colony(Uzhavar Sandhai ),0.3042,0.7617,4057.843222,90,M7,False
onion,1,4165.0,Tiruthani(Uzhavar Sandhai ),2.658,0.0122,68009.693165,33,M7,True
onion,1,4166.0,Tiruvallur(Uzhavar Sandhai ),1.3304,0.1868,17953.034183,90,M7,False
onion,1,4167.0,Ambattur(Uzhavar Sandhai ),0.6705,0.5043,7672.887664,90,M7,False
onion,1,4168.0,Paruthipattu(Uzhavar Sandhai ),1.0671,0.2888,13576.325482,90,M7,False
onion,1,4169.0,Naravarikuppam(Uzhavar Sandhai ),1.4683,0.1455,18081.210449,90,M7,False
onion,1,4170.0,Perambakkam(Uzhavar Sandhai ),0.1902,0.8496,2219.855335,90,M7,False
onion,1,4172.0,Mannargudi I(Uzhavar Sandhai ),-0.7748,0.4405,-20758.770382,90,M6,False
onion,1,4173.0,Tiruvarur(Uzhavar Sandhai ),-1.2283,0.2232,-29252.992729,76,M6,False
onion,1,4174.0,Needamangalam(Uzhavar Sandhai ),0.0766,0.9391,1607.969172,90,M7,False
onion,1,4175.0,Muthupettai(Uzhavar Sandhai ),-2.3601,0.0205,-31984.172592,90,M6,True
onion,1,4176.0,Mannargudi II(Uzhavar Sandhai ),-0.9553,0.342,-25468.344443,90,M6,False
onion,1,4178.0,Tuticorin(Uzhavar Sandhai ),-1.5487,0.125,-25266.07201,90,M6,False
onion,1,4179.0,Kovilpatti(Uzhavar Sandhai ),-1.1063,0.2716,-19772.09665,90,M6,False
onion,1,4180.0,Tiruvannamalai(Uzhavar Sandhai ),-0.5052,0.6147,-7187.716231,90,M6,False
onion,1,4181.0,Polur(Uzhavar Sandhai ),0.0906,0.928,1166.511462,90,M7,False
onion,1,4182.0,Arani(Uzhavar Sandhai ),0.2479,0.8048,3786.3046,90,M7,False
onion,1,4183.0,Cheyyar(Uzhavar Sandhai ),-0.161,0.8725,-2190.93343,90,M6,False
onion,1,4184.0,Chengam(Uzhavar Sandhai ),-0.526,0.6002,-7499.634065,90,M6,False
onion,1,4185.0,Vandavasi(Uzhavar Sandhai ),-1.7739,0.0805,-32795.948198,69,M6,False
onion,1,4186.0,Keelpennathur(Uzhavar Sandhai ),0.7201,0.4733,10409.462302,90,M7,False
onion,1,4188.0,Anna nagar(Uzhavar Sandhai ),-1.0208,0.3101,-29227.278715,90,M6,False
onion,1,4189.0,KKNagar(Uzhavar Sandhai ),0.025,0.9802,821.704236,33,M7,False
onion,1,4191.0,Manapparai(Uzhavar Sandhai ),-0.0872,0.9307,-1750.986005,90,M6,False
onion,1,4192.0,Musiri(Uzhavar Sandhai ),0.2205,0.826,4357.506517,90,M7,False
onion,1,4193.0,Thiruverumbur(Uzhavar Sandhai ),-0.3687,0.7147,-5192.145231,33,M6,False
onion,1,4194.0,Lalgudi(Uzhavar Sandhai ),-0.8127,0.4186,-18781.787249,90,M6,False
onion,1,4195.0,Manachanallur(Uzhavar Sandhai ),-0.5992,0.5506,-11856.893482,90,M6,False
onion,1,4197.0,Katpadi (Uzhavar Sandhai ),-0.8728,0.3851,-13385.954941,90,M6,False
onion,1,4198.0,Gudiyatham(Uzhavar Sandhai ),0.0682,0.9458,1030.254465,90,M7,False
onion,1,4199.0,Kahithapattarai(Uzhavar Sandhai ),-1.0646,0.29,-16450.174468,90,M6,False
onion,1,4201.0,Villupuram(Uzhavar Sandhai ),-1.3372,0.1906,-19355.20944,33,M6,False
onion,1,4202.0,Gingee(Uzhavar Sandhai ),-0.7313,0.4665,-8518.638014,90,M6,False
onion,1,4203.0,Aruppukottai(Uzhavar Sandhai ),-1.3068,0.1946,-16153.184941,90,M6,False
onion,1,4204.0,Rajapalayam(Uzhavar Sandhai ),-0.3025,0.763,-4817.749137,90,M6,False
onion,1,4205.0,Srivilliputhur(Uzhavar Sandhai ),0.2947,0.7689,5621.05942,90,M7,False
onion,1,4206.0,Virudhunagar(Uzhavar Sandhai ),1.0788,0.2836,21380.692511,90,M7,False
onion,1,4207.0,Sivakasi(Uzhavar Sandhai ),-1.5461,0.1256,-16987.522838,90,M6,False
onion,1,4208.0,Sathur(Uzhavar Sandhai ),-0.1181,0.9063,-1530.529371,90,M6,False
onion,1,4209.0,Kariyapatti(Uzhavar Sandhai ),-1.0994,0.2746,-13938.960864,90,M6,False
onion,1,4210.0,Thalavaipuram(Uzhavar Sandhai ),-0.2485,0.8043,-3942.654104,90,M6,False
onion,1,4212.0,Myladi(Uzhavar Sandhai ),-0.8965,0.3724,-18023.988825,90,M6,False
onion,1,4213.0,Pallavaram(Uzhavar Sandhai ),-0.365,0.716,-5628.927129,90,M6,False
onion,1,4214.0,Chengalpet(Uzhavar Sandhai ),0.119,0.9056,1918.879714,90,M7,False
onion,1,4215.0,Medavakkam(Uzhavar Sandhai ),0.2788,0.7811,5502.977867,90,M7,False
onion,1,4216.0,Nanganallur(Uzhavar Sandhai ),1.5025,0.1365,23534.446895,90,M7,False
onion,1,4217.0,Madhuranthagam(Uzhavar Sandhai ),0.5441,0.5879,16117.057156,79,M7,False
onion,1,4219.0,Jameenrayapettai(Uzhavar Sandhai ),-0.3825,0.703,-5884.054382,90,M6,False
onion,1,4220.0,Guduvancheri(Uzhavar Sandhai ),-0.4583,0.6479,-7554.088238,90,M6,False
onion,1,4221.0,Thirukalukundram(Uzhavar Sandhai ),-0.0835,0.9336,-936.002757,90,M6,False
onion,1,4222.0,Kallakurichi(Uzhavar Sandhai ),-0.5896,0.557,-12584.591899,90,M6,False
onion,1,4224.0,Sankarapuram(Uzhavar Sandhai ),-0.1415,0.8878,-2839.965749,90,M6,False
onion,1,4225.0,Ranipettai(Uzhavar Sandhai ),-0.5884,0.5578,-7193.448382,90,M6,False
onion,1,4226.0,Arcot(Uzhavar Sandhai ),-0.1353,0.8927,-1929.95293,90,M6,False
onion,1,4227.0,Sankarankoil(Uzhavar Sandhai ),1.1766,0.2425,17452.779466,90,M7,False
onion,1,4228.0,Tenkasi(Uzhavar Sandhai ),0.5035,0.6159,6663.229826,90,M7,False
onion,1,4229.0,Vaniyampadi(Uzhavar Sandhai ),-0.4928,0.6234,-8516.114506,90,M6,False
onion,1,4231.0,Natrampalli(Uzhavar Sandhai ),0.889,0.3764,19334.156841,90,M7,False
onion,1,4234.0,Tiruppur (North) (Uzhavar Sandhai ),-0.5657,0.573,-7633.318562,90,M6,False
onion,1,4235.0,Tiruppur (South) (Uzhavar Sandhai ),-0.2731,0.7854,-3358.168312,90,M6,False
onion,1,4236.0,Dharapuram(Uzhavar Sandhai ),-0.7113,0.4787,-10071.147405,90,M6,False
onion,1,4237.0,Kangayam(Uzhavar Sandhai ),0.582,0.562,9067.561056,90,M7,False
onion,1,4240.0,Balarampuram Market,-0.1077,0.9145,-2747.90649,97,M6,False
onion,1,4398.0,Kakching Market APMC,2.0954,0.0389,84257.139698,91,M7,True
onion,1,4402.0,SMY Jogindernagar,-1.458,0.1509,-43940.553468,53,M6,False
onion,1,4407.0,SMY Takarla,1.4046,0.169,15056.299209,36,M7,False
onion,1,4429.0,Badwani(F&V) APMC,-3.2708,0.0015,-34201.495853,93,M6,True
onion,1,4464.0,Hoshangabad(F&V) APMC,-0.3986,0.6913,-4690.201965,76,M6,False
onion,1,4475.0,Kalapipal(F&V) APMC,0.1977,0.8437,2998.629805,92,M7,False
onion,1,4478.0,Karera(F&V) APMC,3.0882,0.0036,12396.855834,42,M7,True
onion,1,4491.0,Kukshi(F&V) APMC,2.1083,0.041,17027.425416,43,M7,True
onion,1,4503.0,Manawar(F&V) APMC,0.1229,0.9025,1081.23414,78,M7,False
onion,1,4523.0,Petlawad(F&V) APMC,-0.1796,0.858,-2197.376631,77,M6,False
onion,1,4524.0,Pipariya(F&V) APMC,0.6485,0.5183,5160.817849,92,M7,False
onion,1,4529.0,Rehli(F&V) APMC,0.6075,0.5468,6268.353234,43,M7,False
onion,1,4532.0,Sabalgarh(F&V) APMC,-0.8025,0.4245,-10856.458458,87,M6,False
onion,1,4533.0,Sailana(F&V) APMC,1.0985,0.2748,10903.548028,93,M7,False
onion,1,4534.0,Sanawad(F&V) APMC,1.396,0.1666,23937.34799,80,M7,False
onion,1,4535.0,Sanwer(F&V) APMC,1.0457,0.3015,14426.60586,44,M7,False
onion,1,4539.0,Sendhwa(F&V) APMC,-1.6091,0.111,-11806.025576,93,M6,False
onion,1,4540.0,Seoni(F&V) APMC,0.7709,0.4463,4256.167138,34,M7,False
onion,1,4666.0,Rampurhat APMC,-1.1256,0.2634,-15812.400024,90,M6,False
onion,1,4681.0,Ayodhya APMC,1.4033,0.164,11381.087932,90,M7,False
onion,1,4707.0,"Fruit&Vegetable Market,Gazipur APMC",-0.1906,0.8497,-3343.241908,45,M6,False
onion,1,4846.0,Karimangalam(Uzhavar Sandhai),2.1637,0.0334,46514.053236,82,M7,True
onion,1,4849.0,Pallikonda(Uzhavar Sandhai),1.5935,0.1152,21513.105492,77,M7,False
onion,1,4850.0,Perampet(Uzhavar Sandhai),1.3855,0.1704,25854.627495,70,M7,False
onion,1,4851.0,Peravurani(Uzhavar Sandhai),2.9281,0.0045,64786.439692,77,M7,True
onion,1,4852.0,Ponnamaravathi(Uzhavar Sandhai),3.2694,0.0017,89248.623462,70,M7,True
onion,1,4853.0,Vazhapadi(Uzhavar Sandhai),-1.827,0.0773,-59138.324524,32,M6,False
onion,1,4854.0,Vedaranyam(Uzhavar Sandhai),1.2942,0.2052,12791.831782,32,M7,False
onion,1,4855.0,Gandhigramam(Uzhavar Sandhai),0.9254,0.3619,16783.604849,32,M7,False
onion,1,4906.0,Dhampur APMC,1.8828,0.0698,36346.217158,30,M7,False
onion,4,2.0,Mahboob Manison APMC,-1.01,0.3153,-14315.948828,87,M6,False
onion,4,11.0,Sadasivpet APMC,-1.1015,0.2738,-32398.598579,87,M6,False
onion,4,43.0,Chandigarh (Grain/F&V) APMC,-1.3837,0.1677,-25805.153592,242,M6,False
onion,4,54.0,Bharuch APMC,1.5761,0.1176,19327.298398,122,M7,False
onion,4,55.0,Mahuva(Station Road) APMC,-0.3364,0.7369,-3195.890754,244,M6,False
onion,4,61.0,Gondal APMC,0.5401,0.5897,7099.343064,227,M7,False
onion,4,62.0,Morbi APMC,-1.1809,0.2388,-13032.333352,244,M6,False
onion,4,64.0,Surat APMC,0.542,0.5883,9070.449005,244,M7,False
onion,4,69.0,PMY Kangra,-0.3323,0.7399,-5464.663566,244,M6,False
onion,4,70.0,PMY Kullu,0.3786,0.7053,4724.053608,244,M7,False
onion,4,71.0,PMY Paonta Sahib,-0.3442,0.731,-4628.007963,244,M6,False
onion,4,72.0,PMY Kather Solan,-0.5972,0.551,-6164.139161,208,M6,False
onion,4,75.0,Fatehabad APMC,-0.2447,0.8069,-4170.66415,215,M6,False
onion,4,79.0,Narwana APMC,-1.3737,0.1708,-19453.286528,244,M6,False
onion,4,85.0,Ladwa APMC,-1.9603,0.0511,-39623.943018,244,M6,False
onion,4,86.0,Pehowa APMC,1.4445,0.1499,19138.542339,244,M7,False
onion,4,87.0,Thanesar APMC,-0.1729,0.8629,-3574.346365,243,M6,False
onion,4,89.0,Shahabad APMC,-1.0676,0.2868,-20096.512902,244,M6,False
onion,4,92.0,kalanwali APMC,-0.8021,0.4235,-13577.634294,188,M6,False
onion,4,97.0,Parimpore Srinagar (F&V),-0.7246,0.4695,-14823.842388,217,M6,False
onion,4,98.0,Udhampur (F&V),-1.9001,0.0586,-25656.262805,244,M6,False
onion,4,99.0,Bangalore APMC,-0.8465,0.3983,-21197.569829,206,M6,False
onion,4,101.0,Belgaum APMC,-0.8983,0.3701,-24559.580076,206,M6,False
onion,4,105.0,Bijapur APMC,0.3661,0.7147,7286.02436,205,M7,False
onion,4,106.0,Davangere APMC,-1.1968,0.2325,-16455.157139,244,M6,False
onion,4,108.0,Hubli (Amaragol) APMC,-1.2079,0.2283,-11878.839851,244,M6,False
onion,4,115.0,Mysuru APMC,-0.6555,0.5128,-10030.977861,231,M6,False
onion,4,116.0,Raichur APMC,0.9857,0.3261,5204.266584,130,M7,False
onion,4,126.0,Aluva Market,-0.4342,0.6645,-10555.160072,244,M6,False
onion,4,128.0,Thalasserry Market,1.0631,0.29,52149.730443,113,M7,False
onion,4,129.0,Kannur APMC,0.0933,0.9257,2251.730118,244,M7,False
onion,4,132.0,Kottayam Market,-0.5956,0.552,-23522.56916,244,M6,False
onion,4,134.0,Manjeri Market,0.5237,0.601,13048.204499,244,M7,False
onion,4,135.0,Palakkad Market,-1.0114,0.3128,-55905.597553,244,M6,False
onion,4,136.0,Koduvayoor Market,-0.8058,0.4211,-34182.996563,244,M6,False
onion,4,139.0,Thrissur Market,0.1868,0.852,11708.434908,244,M7,False
onion,4,140.0,Kodungalloor Market,-0.0684,0.9455,-1561.259704,229,M6,False
onion,4,145.0,Ahilyanagar APMC,-1.2905,0.1981,-14857.582061,244,M6,False
onion,4,149.0,Dhule APMC,-0.9784,0.3288,-16407.678675,244,M6,False
onion,4,151.0,Jalgaon APMC,-1.1916,0.2346,-11777.631955,244,M6,False
onion,4,152.0,Kolhapur APMC,-1.0676,0.2868,-12948.363086,244,M6,False
onion,4,155.0,Nagpur APMC,-0.4768,0.6339,-6253.898861,244,M6,False
onion,4,159.0,Yeola APMC,-0.8692,0.3856,-12721.815339,244,M6,False
onion,4,160.0,Nasik APMC,-1.0028,0.317,-15499.036112,244,M6,False
onion,4,161.0,Lasalgaon APMC,0.3936,0.6942,6976.264532,244,M7,False
onion,4,162.0,Pimpalgaon Baswant APMC,-0.6253,0.5323,-11242.111003,244,M6,False
onion,4,164.0,Pune APMC,0.153,0.8785,2204.452711,244,M7,False
onion,4,168.0,SHRI.SIDDHESHWAR APMC,-2.0551,0.0409,-29397.311385,244,M6,True
onion,4,169.0,Kalyan APMC,-2.5575,0.0116,-57376.470971,146,M6,True
onion,4,171.0,Lamlong Bazaar APMC,1.0391,0.3,47385.538219,211,M7,False
onion,4,172.0,Bhopal APMC,1.112,0.2681,21236.28977,140,M7,False
onion,4,173.0,Bhopal(F&V) APMC,-1.7837,0.0766,-12289.056736,144,M6,False
onion,4,179.0,Indore(F&V) APMC,-0.7367,0.4624,-6651.007958,161,M6,False
onion,4,182.0,Neemuch APMC,0.2099,0.8339,2170.218311,244,M7,False
onion,4,184.0,Rajnandgaon APMC,-0.9371,0.3496,-10859.597197,244,M6,False
onion,4,186.0,Ujjain APMC,0.3428,0.7323,7377.289033,141,M7,False
onion,4,199.0,Bargarh APMC,-0.5345,0.5935,-8619.223238,244,M6,False
onion,4,206.0,Kesinga APMC,1.709,0.0887,50799.376003,244,M7,False
onion,4,207.0,Bhawanipatna APMC,0.624,0.5335,16815.936396,167,M7,False
onion,4,216.0,Tarantaran APMC,0.7165,0.4756,7690.857382,87,M7,False
onion,4,218.0,Fazilka APMC,-0.7543,0.4527,-34519.973449,87,M6,False
onion,4,219.0,Jalalabad APMC,-0.7955,0.4285,-42577.287013,87,M6,False
onion,4,220.0,Ferozepur Cantt. APMC,-0.9278,0.3568,-20380.263556,69,M6,False
onion,4,226.0,Khanna APMC,-0.0582,0.9537,-651.842279,87,M6,False
onion,4,228.0,Baghapurana APMC,-0.9196,0.3605,-36130.483572,82,M6,False
onion,4,230.0,Muktsar APMC,-1.2597,0.2112,-22351.254928,87,M6,False
onion,4,231.0,Malout APMC,-0.1837,0.8547,-3242.453336,87,M6,False
onion,4,232.0,Patiala APMC,-1.7904,0.0769,-54371.584197,87,M6,False
onion,4,233.0,Patran APMC,-1.8433,0.0687,-36109.755897,87,M6,False
onion,4,234.0,Samana APMC,-1.3266,0.1897,-30877.106012,61,M6,False
onion,4,235.0,Nabha APMC,-1.6028,0.1126,-36366.771958,87,M6,False
onion,4,237.0,Dhuri APMC,-0.5394,0.591,-13637.863249,87,M6,False
onion,4,239.0,Sunam APMC,-1.206,0.2311,-49108.530567,87,M6,False
onion,4,240.0,Bhawanigarh APMC,-0.7913,0.431,-22666.391533,87,M6,False
onion,4,244.0,Alwar APMC,0.1095,0.9134,8240.592942,42,M7,False
onion,4,247.0,Baran APMC,0.5609,0.5763,5841.309832,87,M7,False
onion,4,250.0,Bhilwara APMC,-0.5281,0.5988,-15558.508599,87,M6,False
onion,4,253.0,Pratapgarh APMC,-1.8019,0.0751,-46444.606832,87,M6,False
onion,4,259.0,Sangriya APMC,-0.2028,0.8398,-3142.425575,87,M6,False
onion,4,261.0,Jaipur (F&V) APMC,-1.9219,0.0579,-22350.520323,87,M6,False
onion,4,265.0,Nawalgarh APMC,-1.0864,0.2804,-11492.37311,84,M6,False
onion,4,266.0,Jodhpur (F&V) APMC,-2.4119,0.018,-43426.708553,87,M6,True
onion,4,292.0,Ulundurpettai APMC,-1.3735,0.1732,-94950.721386,87,M6,False
onion,4,296.0,Teliamura APMC,-2.4415,0.0167,-87524.374863,87,M6,True
onion,4,297.0,Agra APMC,-0.4475,0.6557,-6217.34329,87,M6,False
onion,4,298.0,Prayagraj APMC,-0.0872,0.9307,-1539.783178,87,M6,False
onion,4,299.0,Bahraich APMC,-2.2676,0.0259,-26017.035993,87,M6,True
onion,4,301.0,Barabanki APMC,-2.1201,0.0377,-23728.916004,69,M6,True
onion,4,302.0,Bareilly APMC,-1.7846,0.0785,-72111.904744,73,M6,False
onion,4,303.0,Dehradoon APMC,0.9956,0.3223,15651.292044,86,M7,False
onion,4,305.0,Farukhabad APMC,-1.6414,0.1044,-18016.979082,87,M6,False
onion,4,306.0,Ghaziabad APMC,0.3711,0.7117,6671.956546,71,M7,False
onion,4,307.0,Gorakhpur APMC,-2.0223,0.0463,-27486.173062,87,M6,True
onion,4,308.0,Hardoi APMC,-1.3073,0.1954,-15029.028751,70,M6,False
onion,4,309.0,Etawah APMC,-1.4778,0.1439,-36737.077428,72,M6,False
onion,4,310.0,Jaunpur APMC,-1.2647,0.2094,-41617.617959,87,M6,False
onion,4,311.0,Kanpur(Grain) APMC,-1.8759,0.0641,-24160.248975,87,M6,False
onion,4,313.0,Lakhimpur APMC,-1.589,0.1157,-20211.352503,87,M6,False
onion,4,315.0,Lucknow APMC,-0.838,0.4043,-17002.088201,87,M6,False
onion,4,317.0,Meerut APMC,-0.4187,0.6768,-11982.90718,68,M6,False
onion,4,318.0,Muradabad APMC,-2.176,0.0329,-31886.966095,72,M6,True
onion,4,319.0,Kashipur APMC,-1.4414,0.1531,-10261.945901,87,M6,False
onion,4,320.0,Pilibhit APMC,-1.7727,0.0798,-19572.543149,87,M6,False
onion,4,321.0,Saharanpur APMC,-1.5837,0.1178,-29940.207215,70,M6,False
onion,4,324.0,Sitapur APMC,-1.9827,0.0512,-33016.830094,74,M6,False
onion,4,325.0,Kicchha APMC,1.036,0.3031,5442.471984,87,M7,False
onion,4,326.0,Rudrapur APMC,0.3517,0.7259,5987.908529,87,M7,False
onion,4,328.0,Barasat APMC,-0.6025,0.5484,-17069.246853,87,M6,False
onion,4,329.0,Bankura Sadar APMC,-0.5253,0.6007,-23495.593186,87,M6,False
onion,4,330.0,Bolpur APMC,-1.4392,0.1537,-30096.916965,87,M6,False
onion,4,331.0,Kalna APMC,-0.557,0.579,-17318.093824,87,M6,False
onion,4,332.0,Katwa APMC,-0.6453,0.5204,-9421.873395,87,M6,False
onion,4,334.0,Pandua APMC,-0.7018,0.4847,-31236.977342,87,M6,False
onion,4,335.0,Dhupguri APMC,-0.578,0.5648,-10908.453688,87,M6,False
onion,4,336.0,Samsi APMC,-1.051,0.2962,-30519.565395,87,M6,False
onion,4,337.0,English Bazar APMC,-0.9394,0.3507,-49547.954322,72,M6,False
onion,4,338.0,Tamluk (Medinipur E) APMC,-0.4334,0.6658,-11541.774318,87,M6,False
onion,4,341.0,Karimpur APMC,0.323,0.7475,9834.697472,87,M7,False
onion,4,342.0,Bethuadahari APMC,-0.0076,0.9939,-254.983741,87,M6,False
onion,4,343.0,Islampur APMC,-0.4191,0.6774,-41493.997729,42,M6,False
onion,4,406.0,Durg APMC,-0.6982,0.4857,-13959.21843,244,M6,False
onion,4,414.0,Raigarh APMC,-0.987,0.3246,-10871.632414,244,M6,False
onion,4,423.0,APMC Keshopur,-0.5785,0.5635,-5916.929645,244,M6,False
onion,4,424.0,APMC Shahdara,-1.1624,0.2465,-15792.265533,196,M6,False
onion,4,441.0,Bhuj APMC,-0.4968,0.62,-14284.811867,161,M6,False
onion,4,450.0,Vadhvan APMC,-1.4231,0.1561,-35167.885112,218,M6,False
onion,4,452.0,Panipat APMC,-1.2756,0.2033,-8338.508547,244,M6,False
onion,4,454.0,Sonepat APMC,-0.3154,0.7528,-6586.774455,244,M6,False
onion,4,455.0,Rohtak APMC,-1.6823,0.0938,-20289.508152,240,M6,False
onion,4,456.0,Jhajjar APMC,-0.8016,0.4236,-17283.795988,244,M6,False
onion,4,457.0,Rewari APMC,-0.8034,0.4225,-12541.340738,244,M6,False
onion,4,459.0,Gurgaon APMC,-0.0394,0.9686,-663.80758,244,M6,False
onion,4,462.0,PMY Una,-1.0669,0.2871,-14061.089623,244,M6,False
onion,4,463.0,PMY Chamba,-0.2506,0.8023,-3801.640423,244,M6,False
onion,4,464.0,PMY Bilaspur,-0.922,0.3575,-10742.878121,244,M6,False
onion,4,465.0,SMY Dhanotu,-1.6626,0.0977,-18874.499845,244,M6,False
onion,4,466.0,PMY Hamirpur,-0.9095,0.364,-12883.432823,244,M6,False
onion,4,467.0,PMY Dhalli Shimla,-0.2813,0.7787,-2742.913326,244,M6,False
onion,4,468.0,SMY Palampur,-0.3431,0.7319,-5435.76666,244,M6,False
onion,4,471.0,SMY Bhuntar,-0.5822,0.561,-7586.280511,244,M6,False
onion,4,472.0,Narwal Jammu (F&V),-1.3408,0.1812,-21091.130333,244,M6,False
onion,4,489.0,Doddaballapur APMC,-1.7654,0.079,-58660.776197,201,M6,False
onion,4,515.0,Palayam Market,1.1193,0.2641,25142.239696,244,M7,False
onion,4,522.0,Mandsaur APMC,0.5017,0.6164,6890.640594,244,M7,False
onion,4,523.0,Khandwa APMC,-0.9708,0.3333,-21959.294231,141,M6,False
onion,4,526.0,Sehore APMC,-0.1377,0.8906,-1681.272161,244,M6,False
onion,4,528.0,Ashta APMC,0.0968,0.923,1228.616506,205,M7,False
onion,4,530.0,Morena APMC,-1.5739,0.1178,-18421.637107,141,M6,False
onion,4,550.0,Chandvad APMC,-0.052,0.9586,-803.202605,244,M6,False
onion,4,551.0,Manmad APMC,0.7242,0.4696,7809.562968,244,M7,False
onion,4,553.0,Manchar APMC,-0.9663,0.3349,-15500.98688,244,M6,False
onion,4,554.0,Lonand APMC,-1.7856,0.0754,-14728.494138,244,M6,False
onion,4,555.0,Pandharpur APMC,-0.0577,0.9541,-350.054242,139,M6,False
onion,4,557.0,Chattrapati Sambhajinagar APMC,-1.2202,0.2236,-16847.079993,244,M6,False
onion,4,574.0,Malkapur APMC,0.4797,0.6319,9817.216314,244,M7,False
onion,4,594.0,Khariar Road APMC,0.1811,0.8565,2900.20069,244,M7,False
onion,4,595.0,Bolangir APMC,-1.2244,0.2225,-19666.541263,173,M6,False
onion,4,598.0,Patti APMC,0.6666,0.5072,11638.623247,72,M7,False
onion,4,599.0,Pathankot APMC,-0.1581,0.8748,-3237.73446,74,M6,False
onion,4,600.0,Gurdaspur APMC,-0.6771,0.5002,-21545.925697,87,M6,False
onion,4,603.0,Bathinda APMC,0.1506,0.8806,4511.245376,87,M7,False
onion,4,605.0,Raman APMC,-0.745,0.4583,-28223.690029,87,M6,False
onion,4,611.0,Mukerian APMC,-0.821,0.4139,-42808.085628,86,M6,False
onion,4,614.0,Phagwara APMC,-1.1052,0.2722,-41123.688541,87,M6,False
onion,4,615.0,Budalada APMC,-0.6582,0.5122,-30352.9016,87,M6,False
onion,4,617.0,Giddarbaha APMC,-1.1302,0.2616,-43754.912114,86,M6,False
onion,4,619.0,Dudhansadhan APMC,-1.0872,0.28,-53950.358595,87,M6,False
onion,4,621.0,Ropar APMC,-0.5926,0.555,-22161.228752,87,M6,False
onion,4,627.0,Churu APMC,-0.7339,0.465,-11212.877138,87,M6,False
onion,4,630.0,Jaisalmer APMC,-0.4617,0.6456,-10207.522509,78,M6,False
onion,4,636.0,Jhunjhunu APMC,-1.0825,0.2853,-14034.331754,42,M6,False
onion,4,638.0,Sikar APMC,-3.7073,0.0004,-46121.764252,87,M6,True
onion,4,647.0,Buland Shahr APMC,-1.5967,0.114,-19355.149449,87,M6,False
onion,4,649.0,Baraut APMC,-1.9448,0.0558,-36469.633488,71,M6,False
onion,4,650.0,Shamli APMC,-1.0746,0.2866,-63697.670103,65,M6,False
onion,4,653.0,Mathura APMC,-0.6613,0.5102,-12777.436469,87,M6,False
onion,4,654.0,Rampur APMC,-2.6912,0.009,-30518.259873,69,M6,True
onion,4,655.0,Badayoun APMC,-0.1008,0.92,-2109.005935,69,M6,False
onion,4,656.0,Chandausi APMC,-2.4991,0.0148,-24570.250975,70,M6,True
onion,4,657.0,Raibareilly APMC,-0.0755,0.94,-1159.158727,87,M6,False
onion,4,658.0,Gonda APMC,-1.6888,0.0949,-49906.760248,87,M6,False
onion,4,660.0,Pratapgarh APMC,-1.1257,0.2634,-10602.767935,87,M6,False
onion,4,662.0,Basti APMC,-0.3127,0.7553,-6145.870578,87,M6,False
onion,4,663.0,Azamgarh APMC,-0.0479,0.9619,-781.697054,87,M6,False
onion,4,666.0,Jhansi APMC,-2.0797,0.0412,-11666.000758,71,M6,True
onion,4,667.0,Rishikesh APMC,0.6943,0.4893,11925.032168,87,M7,False
onion,4,668.0,Vikasnagar APMC,-0.3146,0.7539,-4262.610368,86,M6,False
onion,4,669.0,Khateema APMC,-0.3376,0.7365,-6449.288189,87,M6,False
onion,4,670.0,Burdwan APMC,-0.7105,0.4793,-22078.354361,86,M6,False
onion,4,671.0,Medinipur(West) APMC,-0.5846,0.5604,-23542.661076,87,M6,False
onion,4,672.0,Birbhum APMC,-1.2439,0.2169,-22457.764017,87,M6,False
onion,4,673.0,Purulia APMC,-0.8202,0.415,-14844.354354,68,M6,False
onion,4,674.0,Nadia APMC,-0.0037,0.9971,-89.374423,87,M6,False
onion,4,675.0,Jalpaiguri Sadar APMC,-1.8637,0.0658,-28075.944265,87,M6,False
onion,4,676.0,Alipurduar APMC,0.5142,0.6084,11833.151052,87,M7,False
onion,4,678.0,Pabiacherra APMC,-1.4358,0.1547,-49872.647313,87,M6,False
onion,4,679.0,Melaghar APMC,-1.8001,0.0754,-45207.94625,87,M6,False
onion,4,681.0,Vadaseri APMC,-2.3548,0.0208,-147237.944355,87,M6,True
onion,4,683.0,Panisagar APMC,-1.002,0.3192,-20967.964765,87,M6,False
onion,4,709.0,Chikkamagaluru APMC,-0.7724,0.4406,-10572.057979,244,M6,False
onion,4,728.0,Kalaburagi APMC,-0.8768,0.3815,-10383.66118,244,M6,False
onion,4,735.0,Hassan APMC,-2.1522,0.0324,-17455.785292,228,M6,True
onion,4,742.0,Chickkaballapura APMC,-0.0599,0.9523,-877.342783,229,M6,False
onion,4,753.0,Shimoga APMC,-0.3966,0.692,-7075.928572,244,M6,False
onion,4,793.0,Lalru APMC,-0.9346,0.3526,-41021.463117,87,M6,False
onion,4,795.0,Fatehpur APMC,-1.292,0.1998,-31886.325731,87,M6,False
onion,4,796.0,Auraiya APMC,-1.0409,0.3008,-25106.515536,87,M6,False
onion,4,799.0,Ramkrishanpur(Howrah) APMC,-1.5356,0.1283,-55854.788526,87,M6,False
onion,4,801.0,Bishnupur(Bankura) APMC,-0.8223,0.4136,-32537.192091,75,M6,False
onion,4,802.0,Mapusa APMC,0.0953,0.9241,985.18563,244,M7,False
onion,4,813.0,Sangamner APMC,-1.2359,0.2177,-13079.469368,244,M6,False
onion,4,816.0,Firozabad APMC,-1.0878,0.2797,-11576.464873,87,M6,False
onion,4,820.0,Ghatal APMC,-0.3011,0.7642,-18420.062819,72,M6,False
onion,4,821.0,Champadanga APMC,-0.7485,0.4562,-33972.598563,87,M6,False
onion,4,822.0,Jangipur APMC,-0.4577,0.6483,-8457.731044,87,M6,False
onion,4,823.0,Udupi APMC,-0.4299,0.6677,-7809.896466,244,M6,False
onion,4,931.0,Kurnool APMC,-0.1264,0.8995,-1073.864885,227,M6,False
onion,4,1061.0,Udumalpet APMC,-2.1465,0.0347,-96605.712748,87,M6,True
onion,4,1070.0,Haldwani APMC,-1.1874,0.2383,-6993.878122,87,M6,False
onion,4,1071.0,Haridwar Union APMC,-1.7282,0.0875,-27431.809083,87,M6,False
onion,4,1072.0,Ramnagar APMC,1.582,0.1173,29074.072209,87,M7,False
onion,4,1073.0,Roorkee APMC,-2.6887,0.0086,-43617.351213,87,M6,True
onion,4,1074.0,Kotadwara APMC,0.5387,0.5915,5967.987986,87,M7,False
onion,4,1077.0,Manglaur APMC,-0.4668,0.6418,-5812.120844,87,M6,False
onion,4,1078.0,Gudimalkapur APMC,-0.3885,0.6986,-3563.822282,87,M6,False
onion,4,1079.0,Gohana APMC,-1.2405,0.216,-19537.423435,244,M6,False
onion,4,1081.0,Thodupuzha Market,-0.6538,0.5138,-35531.655166,244,M6,False
onion,4,1085.0,Jaora APMC,0.1234,0.9019,1352.533682,244,M7,False
onion,4,1086.0,Shujalpur APMC,-0.188,0.851,-1871.050476,244,M6,False
onion,4,1108.0,Ambala Cantt. APMC,-0.3455,0.7301,-4674.961242,230,M6,False
onion,4,1110.0,Ballabhgarh APMC,-0.1422,0.8871,-1705.442912,244,M6,False
onion,4,1111.0,Sohna APMC,-0.5352,0.593,-9348.125893,244,M6,False
onion,4,1113.0,Mohindergarh APMC,-0.1848,0.8536,-2466.866588,224,M6,False
onion,4,1119.0,Thoubal APMC,0.9561,0.3401,55822.881149,211,M7,False
onion,4,1128.0,Sirhind APMC,-0.573,0.5681,-18671.515891,87,M6,False
onion,4,1130.0,Mansa APMC,-0.7684,0.4444,-19894.92114,86,M6,False
onion,4,1139.0,Kasganj APMC,-2.331,0.0227,-25483.942332,70,M6,True
onion,4,1140.0,Amroha APMC,-2.1609,0.0341,-29574.447379,71,M6,True
onion,4,1141.0,Pukharayan APMC,-1.5496,0.1249,-15898.21062,87,M6,False
onion,4,1142.0,Kosikalan APMC,-1.2789,0.2053,-13051.080221,69,M6,False
onion,4,1143.0,Unnao APMC,-0.4312,0.6674,-7921.708799,87,M6,False
onion,4,1147.0,Padra APMC,-1.0533,0.2933,-16604.683312,244,M6,False
onion,4,1193.0,"Kukatpally,RBZ",0.305,0.7623,9430.737841,34,M7,False
onion,4,1204.0,Jharsuguda APMC,-0.5484,0.5839,-4471.867834,230,M6,False
onion,4,1214.0,Tindivanam APMC,-0.3347,0.7387,-11524.375498,87,M6,False
onion,4,1236.0,Agar APMC,-1.1315,0.2601,-17043.670911,124,M6,False
onion,4,1275.0,Kapadvanj APMC,-0.2023,0.8398,-2677.265916,244,M6,False
onion,4,1282.0,Jamkhed APMC,-1.2601,0.2088,-15875.64775,244,M6,False
onion,4,1283.0,Kopargaon APMC,-0.9552,0.3404,-15992.698955,244,M6,False
onion,4,1284.0,Pathardi APMC,-1.0993,0.2727,-14392.814832,244,M6,False
onion,4,1285.0,Shevgaon APMC,-0.1923,0.8477,-2554.796788,230,M6,False
onion,4,1287.0,Shrirampur APMC,-0.1067,0.9152,-1808.601333,195,M6,False
onion,4,1290.0,Bhusaval APMC,-0.6611,0.5092,-12306.7043,244,M6,False
onion,4,1297.0,Karjat APMC,-0.2289,0.8193,-4085.729153,131,M6,False
onion,4,1298.0,Kalvan APMC,-1.0445,0.2973,-25596.702667,244,M6,False
onion,4,1299.0,Nandgaon APMC,-1.0663,0.2873,-10147.546661,244,M6,False
onion,4,1304.0,Vadgaonpeth APMC,-0.663,0.508,-9244.96052,214,M6,False
onion,4,1306.0,Junnar APMC,-0.8675,0.3865,-13091.401611,244,M6,False
onion,4,1310.0,Karad APMC,-0.8591,0.3911,-17621.182748,244,M6,False
onion,4,1313.0,Satara APMC,-0.3808,0.7037,-4460.191521,244,M6,False
onion,4,1314.0,Vaduj APMC,-1.1969,0.2361,-75624.385918,61,M6,False
onion,4,1315.0,Vai APMC,0.2985,0.7656,3101.723166,244,M7,False
onion,4,1318.0,Mangal Wedha APMC,-1.0008,0.3179,-22344.508792,244,M6,False
onion,4,1321.0,Lasur Station APMC,-1.1576,0.2482,-16636.229776,244,M6,False
onion,4,1322.0,Vaijpur APMC,-1.0425,0.2982,-16766.477537,244,M6,False
onion,4,1377.0,Bayana APMC,-2.0002,0.0486,-32373.149411,87,M6,True
onion,4,1385.0,Sujangarh APMC,-0.2665,0.7905,-3595.234389,87,M6,False
onion,4,1386.0,Bhadara APMC,-1.0864,0.2803,-23939.381603,87,M6,False
onion,4,1387.0,Goluwala APMC,-1.1351,0.2595,-34995.922126,87,M6,False
onion,4,1389.0,Rawatsar APMC,0.999,0.3206,12908.276137,87,M7,False
onion,4,1418.0,Rajsamand APMC,0.5648,0.5737,12237.708427,87,M7,False
onion,4,1427.0,Zira APMC,-0.7839,0.4353,-35838.551179,87,M6,False
onion,4,1428.0,Dinanagar APMC,-0.1979,0.8436,-8445.953028,87,M6,False
onion,4,1429.0,Quadian APMC,-0.2499,0.8041,-12002.963336,36,M6,False
onion,4,1433.0,Garh Shankar APMC,-0.9476,0.346,-18003.623782,87,M6,False
onion,4,1434.0,Tanda Urmur APMC,-0.8325,0.4081,-61028.618487,68,M6,False
onion,4,1435.0,Adampur APMC,-0.4571,0.6501,-48197.062556,41,M6,False
onion,4,1441.0,Doraha APMC,-1.4628,0.1472,-51919.070386,87,M6,False
onion,4,1443.0,Ludhiana APMC,-1.8771,0.0639,-36665.653539,87,M6,False
onion,4,1446.0,Sahnewal APMC,-1.2943,0.199,-52472.430088,87,M6,False
onion,4,1449.0,Nihal Singh Wala APMC,-1.1441,0.2557,-47018.61973,87,M6,False
onion,4,1456.0,Rajpura APMC,-0.9383,0.3507,-42428.85417,87,M6,False
onion,4,1457.0,Chamkaur Sahib APMC,-0.112,0.911,-5909.551193,87,M6,False
onion,4,1458.0,Kharar APMC,-0.799,0.4265,-48819.834667,87,M6,False
onion,4,1459.0,Kurali APMC,-1.108,0.271,-37902.057735,86,M6,False
onion,4,1464.0,Bassi Pathana APMC,-0.3198,0.7499,-10603.41476,86,M6,False
onion,4,1466.0,Khamano APMC,0.3395,0.7351,31524.288267,86,M7,False
onion,4,1469.0,Vellore APMC,0.3605,0.7193,9455.324127,87,M7,False
onion,4,1498.0,Jahajharpur APMC,1.2379,0.2174,41805.559978,179,M7,False
onion,4,1507.0,Boudh APMC,1.3694,0.1725,38594.025697,193,M7,False
onion,4,1510.0,Sargipali APMC,-0.138,0.8904,-1693.657925,244,M6,False
onion,4,1511.0,Udala APMC,0.5495,0.5831,8771.621542,244,M7,False
onion,4,1513.0,Jaleswar APMC,-0.0038,0.9969,-57.500868,203,M6,False
onion,4,1516.0,Kamakhyanagar APMC,-1.6082,0.1091,-136699.444637,244,M6,False
onion,4,1520.0,Keonjhar APMC,-0.3896,0.6972,-5100.283338,219,M6,False
onion,4,1523.0,Balugaon APMC,1.5047,0.1337,15472.715702,244,M7,False
onion,4,1525.0,Birmaharajpur APMC,-0.9722,0.3321,-23127.292026,194,M6,False
onion,4,1527.0,Hinjilicut APMC,-0.6171,0.5379,-9083.408038,199,M6,False
onion,4,1537.0,Porbandar APMC,-2.2931,0.0227,-36516.391493,244,M6,True
onion,4,1569.0,Bhagta Bhai Ka APMC,-0.9769,0.3314,-39376.701509,87,M6,False
onion,4,1570.0,Talwandi Sabo APMC,-1.3108,0.1934,-77659.535488,87,M6,False
onion,4,1573.0,Mamdot APMC,-1.6384,0.1057,-22750.982167,73,M6,False
onion,4,1575.0,F.G.Churian APMC,-0.0041,0.9968,-74.744576,71,M6,False
onion,4,1585.0,Banur APMC,0.8344,0.4064,28666.876261,87,M7,False
onion,4,1587.0,Dera Bassi APMC,0.1603,0.8731,3515.564423,87,M7,False
onion,4,1588.0,Ghanaur APMC,-1.2013,0.2329,-51301.412573,87,M6,False
onion,4,1593.0,Lehra Gaga APMC,-0.6422,0.5225,-23692.231255,86,M6,False
onion,4,1601.0,Akole APMC,-1.161,0.2468,-15747.285028,244,M6,False
onion,4,1606.0,Rayya APMC,0.6721,0.5033,7196.858966,87,M7,False
onion,4,1610.0,Ajmer(F&V) APMC,0.3537,0.7244,5282.249231,87,M7,False
onion,4,1611.0,Bikaner (F&V) APMC,-1.4999,0.1373,-12244.922908,87,M6,False
onion,4,1614.0,Sriganganagar (F&V) APMC,-0.3246,0.7464,-8095.733118,72,M6,False
onion,4,1633.0,Satana APMC,-0.5624,0.5743,-11509.856968,244,M6,False
onion,4,1634.0,Rahuri APMC,-1.6816,0.0939,-16072.311684,244,M6,False
onion,4,1637.0,Akluj APMC,-0.942,0.3471,-18668.11501,244,M6,False
onion,4,1644.0,Sinner APMC,-0.8234,0.4111,-11735.451163,244,M6,False
onion,4,1663.0,Sitarganj APMC,-0.8972,0.3721,-9441.813102,87,M6,False
onion,4,1704.0,Dasda APMC,-2.0086,0.048,-52787.172659,81,M6,True
onion,4,1715.0,Kopaganj APMC,-1.4822,0.142,-21132.268613,87,M6,False
onion,4,1716.0,Partaval APMC,-1.7332,0.0866,-22771.049656,87,M6,False
onion,4,1718.0,Kannauj APMC,-1.9695,0.053,-29440.18185,69,M6,False
onion,4,1719.0,Robertsganj APMC,-0.9648,0.3373,-9993.630496,87,M6,False
onion,4,1720.0,Aligarh APMC,-1.9638,0.0534,-29707.500324,73,M6,False
onion,4,1721.0,Akbarpur APMC,-1.7046,0.0919,-49505.176157,87,M6,False
onion,4,1722.0,Balrampur APMC,-0.8216,0.4136,-9704.042644,87,M6,False
onion,4,1727.0,Naugarh APMC,-1.4197,0.1596,-16065.226438,80,M6,False
onion,4,1729.0,Dadri APMC,-0.6402,0.5241,-12689.202253,71,M6,False
onion,4,1730.0,Haathras APMC,-1.5359,0.1282,-27250.274336,87,M6,False
onion,4,1731.0,Golagokarnath APMC,-0.2002,0.8418,-1996.560387,87,M6,False
onion,4,1732.0,Puranpur APMC,-1.8155,0.0729,-18947.08526,87,M6,False
onion,4,1733.0,Bangarmau APMC,-2.0858,0.0406,-27940.91872,71,M6,True
onion,4,1735.0,Bishalpur APMC,-2.6221,0.0103,-24670.58216,87,M6,True
onion,4,1737.0,Kayamganj APMC,-1.6407,0.1045,-25029.506378,87,M6,False
onion,4,1738.0,Konch APMC,-2.5995,0.011,-21178.34338,86,M6,True
onion,4,1741.0,Bharthna APMC,-1.5648,0.1213,-58899.575248,87,M6,False
onion,4,1743.0,Jayas APMC,-1.1068,0.2715,-9326.55744,87,M6,False
onion,4,1746.0,Paliakala APMC,0.153,0.8787,2129.899179,86,M7,False
onion,4,1749.0,Sirsa APMC,-2.621,0.0106,-11778.503706,75,M6,True
onion,4,1754.0,Gangoh APMC,-1.9027,0.0604,-26800.44897,87,M6,False
onion,4,1755.0,Charra APMC,-1.0766,0.2847,-14309.531117,87,M6,False
onion,4,1759.0,Khair APMC,-0.1176,0.9067,-689.974438,73,M6,False
onion,4,1760.0,Safdarganj APMC,-1.4251,0.1577,-13743.253103,87,M6,False
onion,4,1763.0,Naanpara APMC,-0.7883,0.4327,-4639.613871,87,M6,False
onion,4,1764.0,Jasra APMC,-0.4219,0.6743,-3288.335682,74,M6,False
onion,4,1768.0,Baripaal APMC,-1.6361,0.1055,-25910.784845,87,M6,False
onion,4,1770.0,Jasvantnagar APMC,-1.3678,0.1749,-33265.582718,87,M6,False
onion,4,1772.0,Tulsipur APMC,-0.6981,0.4874,-6089.053471,73,M6,False
onion,4,1773.0,Anandnagar APMC,-0.9346,0.3526,-7791.737664,87,M6,False
onion,4,1774.0,Mehmoodabad APMC,0.1529,0.8788,1984.748687,87,M7,False
onion,4,1776.0,Shahabad(New Mandi) APMC,-1.0551,0.2951,-13675.311651,69,M6,False
onion,4,1778.0,Dudhi APMC,1.0866,0.2805,21026.100172,81,M7,False
onion,4,1780.0,Mugrabaadshahpur APMC,-0.9898,0.325,-12324.282127,87,M6,False
onion,4,1783.0,Gulavati APMC,1.805,0.0746,7618.971859,87,M7,False
onion,4,1785.0,Rampurmaniharan APMC,0.9128,0.3645,14974.396983,70,M7,False
onion,4,1788.0,Sambhal APMC,-1.6473,0.1031,-11480.656321,87,M6,False
onion,4,1791.0,Najibabad APMC,-0.3017,0.7638,-2522.595377,67,M6,False
onion,4,1793.0,Jalaun APMC,-2.5868,0.0118,-43706.413058,71,M6,True
onion,4,1804.0,Barwala APMC,-1.6274,0.105,-25760.868909,244,M6,False
onion,4,1805.0,Barara APMC,-0.8061,0.421,-6976.623319,227,M6,False
onion,4,1808.0,Naraingarh APMC,-1.299,0.1952,-13033.82325,244,M6,False
onion,4,1809.0,Shahzadpur APMC,-0.7401,0.46,-2751.632412,244,M6,False
onion,4,1810.0,Jagadhri APMC,-1.2417,0.2156,-14739.761068,244,M6,False
onion,4,1811.0,Chhachrauli APMC,-0.8892,0.3748,-19203.110909,244,M6,False
onion,4,1812.0,Mustafabad APMC,-1.1312,0.2591,-23012.802631,244,M6,False
onion,4,1813.0,Sadhaura APMC,-1.6136,0.1079,-22888.554375,244,M6,False
onion,4,1814.0,Radaur APMC,0.1515,0.8797,777.351947,243,M7,False
onion,4,1823.0,Farukh Nagar APMC,-0.182,0.8557,-1782.958885,244,M6,False
onion,4,1826.0,Punhana APMC,-0.8518,0.3952,-10074.791535,231,M6,False
onion,4,1827.0,Tauru APMC,-0.7853,0.433,-13666.101246,244,M6,False
onion,4,1828.0,Barwala(Hisar) APMC,-1.0151,0.3112,-9846.213811,211,M6,False
onion,4,1833.0,Jakhal APMC,-0.8588,0.3913,-15225.671758,244,M6,False
onion,4,1839.0,Dhand APMC,-1.6332,0.1037,-15644.678187,244,M6,False
onion,4,1842.0,Siwan APMC,-1.1048,0.2703,-21935.302971,244,M6,False
onion,4,1852.0,Madlauda APMC,-1.145,0.2534,-16559.602859,244,M6,False
onion,4,1853.0,Samalkha APMC,0.3941,0.6939,5146.317099,231,M7,False
onion,4,1860.0,Meham APMC,-0.1677,0.867,-1996.469438,244,M6,False
onion,4,1864.0,Ganaur APMC,0.9187,0.3592,12430.056691,244,M7,False
onion,4,1868.0,Bowenpally APMC,0.9711,0.3342,14779.318286,87,M7,False
onion,4,1894.0,Parner APMC,-0.3772,0.7064,-6786.615997,244,M6,False
onion,4,1895.0,Devala APMC,-0.755,0.451,-11619.692139,244,M6,False
onion,4,1939.0,Ramtek APMC,-0.1007,0.9199,-1508.641329,244,M6,False
onion,4,1966.0,Gopiganj APMC,-0.6655,0.5077,-7161.861008,76,M6,False
onion,4,1967.0,Karvi APMC,-0.9018,0.3697,-10116.502124,87,M6,False
onion,4,1971.0,Aroor APMC,-1.2711,0.205,-73258.380369,229,M6,False
onion,4,1973.0,Kuruppanthura Market,-0.2932,0.7696,-15356.049956,241,M6,False
onion,4,1974.0,Chelakkara Market,0.9388,0.3488,22462.666943,244,M7,False
onion,4,1975.0,Munnar Market,-2.1646,0.0314,-97110.589629,244,M6,True
onion,4,1977.0,Kottakkal Market,0.0484,0.9614,913.14394,244,M7,False
onion,4,1978.0,Angamaly Market,0.3039,0.7615,10893.053295,244,M7,False
onion,4,1979.0,Kallachi Market,0.9697,0.3332,27730.908203,244,M7,False
onion,4,1980.0,Taliparamba Market,1.0255,0.3073,70283.555419,113,M7,False
onion,4,1981.0,Neeleswaram APMC,0.2879,0.7737,6625.314907,244,M7,False
onion,4,1986.0,Madhavapuram Market,-1.4114,0.1594,-52664.33341,244,M6,False
onion,4,2007.0,Piravam Market,-0.6606,0.5095,-29406.253039,244,M6,False
onion,4,2008.0,Aralamoodu Market,-0.0211,0.9832,-715.557409,244,M6,False
onion,4,2013.0,Anchal Market,-1.8126,0.0711,-40268.520744,244,M6,False
onion,4,2015.0,Chengannur Market,0.4145,0.6789,17771.002736,244,M7,False
onion,4,2016.0,Kayamkulam Market,0.2256,0.8217,5857.064405,244,M7,False
onion,4,2017.0,Harippad APMC,-1.2366,0.2178,-42895.482045,187,M6,False
onion,4,2019.0,Pampady Market,0.4938,0.6219,8815.813261,244,M7,False
onion,4,2020.0,Ettumanoor Market,0.8466,0.3981,24593.157407,244,M7,False
onion,4,2021.0,Kanjirappally Market,0.2763,0.7825,15144.009911,244,M7,False
onion,4,2022.0,Pala Market,-1.0966,0.2739,-55127.008562,244,M6,False
onion,4,2024.0,Chalakudy Market,1.1394,0.2557,35505.644939,244,M7,False
onion,4,2025.0,Irinjalakkuda APMC,-0.4278,0.6692,-8809.278083,244,M6,False
onion,4,2026.0,Chavakkad Market,0.5032,0.6153,15554.496682,244,M7,False
onion,4,2027.0,Wadakkanchery Market,0.5264,0.5991,16502.701159,244,M7,False
onion,4,2035.0,Kanjangadu Market,-0.8885,0.3752,-18971.414938,244,M6,False
onion,4,2036.0,Vamanapuram Market,0.586,0.5584,13455.43924,244,M7,False
onion,4,2039.0,Rahata APMC,0.273,0.7851,3960.901957,244,M7,False
onion,4,2076.0,Badnawar APMC,-1.9916,0.0484,-14510.272741,140,M6,True
onion,4,2086.0,Narsinghgarh APMC,0.2813,0.7787,3091.218815,244,M7,False
onion,4,2088.0,Sailana APMC,-1.1122,0.2671,-10461.220058,244,M6,False
onion,4,2097.0,Shajapur APMC,0.3177,0.7512,5228.774769,141,M7,False
onion,4,2103.0,Kalapipal APMC,1.0891,0.2772,11054.299132,244,M7,False
onion,4,2130.0,Rahuri(Vambori) APMC,-0.4421,0.6588,-6432.780937,244,M6,False
onion,4,2139.0,Lasalgaon(Niphad) APMC,-0.9706,0.3327,-18118.365373,244,M6,False
onion,4,2141.0,Dindori(Vani) APMC,-1.3989,0.1634,-22996.304168,195,M6,False
onion,4,2142.0,Pimpalgaon Baswant(Saykheda) APMC,-1.2124,0.2265,-18852.360343,244,M6,False
onion,4,2146.0,Junnar(Otur) APMC,-0.7673,0.4436,-15922.576353,244,M6,False
onion,4,2147.0,Khed(Chakan) APMC,0.0914,0.9272,925.925871,244,M7,False
onion,4,2148.0,Pune(Pimpri) APMC,-1.5932,0.1124,-17869.584979,244,M6,False
onion,4,2149.0,Pune(Khadiki) APMC,-1.149,0.2517,-6840.010419,244,M6,False
onion,4,2150.0,"Sangli(Phale, Bhajipala Market) APMC",-0.8276,0.4087,-9327.124054,244,M6,False
onion,4,2163.0,Chandrapur(Ganjwad) APMC,0.4781,0.633,6872.56175,244,M7,False
onion,4,2173.0,Kathua (F&V),-0.811,0.4182,-8432.766354,244,M6,False
onion,4,2176.0,Thrippunithura Market,0.1817,0.856,4497.151126,244,M7,False
onion,4,2177.0,Pattambi Market,0.1728,0.863,6695.23795,244,M7,False
onion,4,2180.0,Muradnagar APMC,-3.0255,0.0036,-43327.351347,65,M6,True
onion,4,2181.0,Khekda APMC,-2.5153,0.0138,-16890.130539,87,M6,True
onion,4,2182.0,Jahangirabad APMC,-1.5112,0.1344,-22813.023339,87,M6,False
onion,4,2183.0,Siyana APMC,-1.0826,0.282,-4600.042467,87,M6,False
onion,4,2184.0,Sikanderabad APMC,-0.7976,0.4275,-20398.17501,79,M6,False
onion,4,2185.0,Anoop Shahar APMC,-1.3869,0.1698,-7337.228453,72,M6,False
onion,4,2186.0,Sikarpur APMC,0.6114,0.5426,7628.772207,87,M7,False
onion,4,2188.0,Chutmalpur APMC,-1.4479,0.1519,-23172.089889,74,M6,False
onion,4,2190.0,Kairana APMC,-0.9297,0.3551,-4840.94613,87,M6,False
onion,4,2191.0,Thanabhavan APMC,-1.7388,0.0856,-20926.171902,87,M6,False
onion,4,2193.0,Fatehabad APMC,-1.2903,0.2004,-7103.099863,87,M6,False
onion,4,2195.0,Khairagarh APMC,-1.2454,0.2164,-33497.146475,87,M6,False
onion,4,2196.0,Jagnair APMC,1.0613,0.2915,3639.519331,87,M7,False
onion,4,2198.0,Samsabad APMC,-1.7769,0.0791,-27914.575231,87,M6,False
onion,4,2200.0,Shadabad APMC,-1.2469,0.2158,-39494.424024,87,M6,False
onion,4,2203.0,Awagarh APMC,2.0292,0.0455,14766.126357,87,M7,True
onion,4,2209.0,Dhanaura APMC,0.1564,0.8761,1715.891465,87,M7,False
onion,4,2212.0,Anwala APMC,-3.2433,0.0017,-33117.829358,87,M6,True
onion,4,2216.0,Shahaswan APMC,-1.0874,0.2799,-5354.235,86,M6,False
onion,4,2219.0,Uttaripura APMC,-1.4692,0.1464,-34028.375019,69,M6,False
onion,4,2225.0,Lalganj APMC,-1.7012,0.0925,-60156.404398,87,M6,False
onion,4,2227.0,Salon APMC,-1.4766,0.1439,-17428.476442,78,M6,False
onion,4,2229.0,Hargaon (Laharpur) APMC,-3.0323,0.0032,-42592.862151,87,M6,True
onion,4,2239.0,Rudauli APMC,-1.0383,0.3028,-15764.034453,70,M6,False
onion,4,2240.0,Nawabganj APMC,-2.0418,0.0442,-26929.838045,87,M6,True
onion,4,2243.0,Ahirora APMC,-1.0239,0.3087,-17551.67074,87,M6,False
onion,4,2244.0,Doharighat APMC,-1.7981,0.0762,-28120.150615,75,M6,False
onion,4,2249.0,Khalilabad APMC,-0.2741,0.7847,-2869.097482,82,M6,False
onion,4,2250.0,Gadaura APMC,-2.0269,0.0465,-11386.053074,70,M6,True
onion,4,2252.0,Payagpur APMC,-1.6062,0.1127,-26121.789842,72,M6,False
onion,4,2266.0,Kalyani APMC,-0.3815,0.7038,-11478.829199,87,M6,False
onion,4,2268.0,Baruipur(Canning) APMC,-0.6752,0.5014,-20236.014369,87,M6,False
onion,4,2269.0,Uluberia APMC,-1.1115,0.2694,-43041.027792,87,M6,False
onion,4,2270.0,Sheoraphuly APMC,-0.215,0.8303,-5774.960338,87,M6,False
onion,4,2318.0,Rajgarh APMC,0.8233,0.4112,8676.546558,223,M7,False
onion,4,2325.0,Shamgarh APMC,-0.384,0.7015,-7032.56446,141,M6,False
onion,4,2422.0,Thirupathur APMC,-1.3507,0.1803,-55182.185354,87,M6,False
onion,4,2441.0,Ambala City(Subji Mandi) APMC,-1.0853,0.279,-11993.005111,210,M6,False
onion,4,2444.0,FerozpurZirkha(Nagina) APMC,0.7816,0.4352,11947.233416,244,M7,False
onion,4,2451.0,Panchkul(Kalka) APMC,-0.2536,0.8002,-5215.359516,137,M6,False
onion,4,2481.0,Kota (F&V) APMC,-0.7893,0.4326,-18848.416108,72,M6,False
onion,4,2487.0,Jalandhar City(Jalandhar) APMC,-1.6973,0.0933,-17595.088883,87,M6,False
onion,4,2490.0,Nawan Shahar(Subzi Mandi) APMC,-0.2761,0.7831,-9660.539804,87,M6,False
onion,4,2505.0,Rampuraphul(Nabha Mandi) APMC,-0.7361,0.4637,-24092.596052,87,M6,False
onion,4,2510.0,Mukerian(Talwara) APMC,-0.9015,0.37,-41093.227798,83,M6,False
onion,4,2521.0,SMY Nadaun,-0.4075,0.684,-5050.545803,244,M6,False
onion,4,2524.0,SMY Takoli,-1.4539,0.1473,-19242.813996,244,M6,False
onion,4,2526.0,SMY Baijnath,-0.7955,0.4271,-12991.525477,244,M6,False
onion,4,2527.0,SMY Nagrota Bagwan,-0.4795,0.6321,-6698.602425,219,M6,False
onion,4,2528.0,SMY Jassur,-0.7689,0.4428,-15883.129693,212,M6,False
onion,4,2529.0,SMY Jaisinghpur,-0.1701,0.8651,-3452.801118,244,M6,False
onion,4,2536.0,Belacoba APMC,-0.8709,0.3862,-28791.451678,87,M6,False
onion,4,2537.0,Siliguri APMC,0.4423,0.6594,7539.417234,87,M7,False
onion,4,2543.0,Ahmedabad(Chimanbhai Patal Market Vasana) APMC,0.1768,0.8598,3327.366266,244,M7,False
onion,4,2545.0,Rajkot(Veg.Sub Yard) APMC,-0.3503,0.7264,-6452.245654,244,M6,False
onion,4,2549.0,Dahod(Veg. Market) APMC,-1.3919,0.1652,-19782.34652,244,M6,False
onion,4,2551.0,Vadodara(Sayajipura) APMC,-0.712,0.4772,-13161.144783,244,M6,False
onion,4,2571.0,"Anand(Veg,Yard,Anand) APMC",0.6812,0.4964,5402.149033,244,M7,False
onion,4,2668.0,Kottarakkara Market,-0.6713,0.5026,-16535.842749,244,M6,False
onion,4,2673.0,Mannar Market,0.1847,0.8536,5065.000602,244,M7,False
onion,4,2674.0,Athirampuzha Market,0.2196,0.8264,8340.355009,244,M7,False
onion,4,2675.0,Thalayolaparambu Market,-0.3269,0.744,-18402.223399,244,M6,False
onion,4,2677.0,Vandiperiyar Market,-0.9765,0.3298,-41114.073731,235,M6,False
onion,4,2679.0,Kattappana Market,-0.2176,0.8279,-6560.79565,244,M6,False
onion,4,2680.0,Perumbavoor Market,0.1633,0.8704,3325.677748,244,M7,False
onion,4,2681.0,Kothamangalam Market,0.7504,0.4538,19792.159099,244,M7,False
onion,4,2683.0,Vadakkenchery Market,-1.1634,0.2458,-104177.292491,244,M6,False
onion,4,2684.0,Perinthalmanna Market,-0.5135,0.6081,-7695.314784,244,M6,False
onion,4,2685.0,Parappanangadi Market,0.3203,0.7491,7480.021866,204,M7,False
onion,4,2686.0,Thirurrangadi Market,1.5858,0.1141,25952.197247,244,M7,False
onion,4,2687.0,Kondotty Market,-1.4151,0.1584,-110376.451502,228,M6,False
onion,4,2689.0,Perambra Market,0.2935,0.7694,6924.212632,244,M7,False
onion,4,2690.0,Mukkom Market,2.0086,0.0457,47718.204233,244,M7,True
onion,4,2691.0,Quilandy Market,-0.53,0.5966,-10246.93261,244,M6,False
onion,4,2692.0,Thamarassery Market,-0.955,0.3405,-28285.758651,244,M6,False
onion,4,2693.0,Chala Market,0.2188,0.827,10896.610301,244,M7,False
onion,4,2696.0,Phillaur(Apra Mandi) APMC,-1.2508,0.2146,-79220.704997,81,M6,False
onion,4,2701.0,Garh Shankar(Mahalpur) APMC,-1.242,0.2176,-35243.3862,86,M6,False
onion,4,2703.0,Mumbai-Onion & Potato Market APMC,0.4278,0.6692,7790.621049,244,M7,False
onion,4,2704.0,Amrawati(Frui & Veg. Market) APMC,1.2107,0.2272,8481.492844,244,M7,False
onion,4,2708.0,Newasa(Ghodegaon) APMC,-1.3983,0.1633,-26803.030382,244,M6,False
onion,4,2713.0,Bonai APMC,-0.675,0.5006,-16599.564692,171,M6,False
onion,4,2714.0,Bargarh(Barapalli) APMC,-0.9412,0.3476,-18608.706552,227,M6,False
onion,4,2721.0,Keonjhar(Dhekikote) APMC,-0.1234,0.9019,-2495.10094,226,M6,False
onion,4,2738.0,Udaipur (F&V) APMC,-2.3942,0.0188,-27645.878148,87,M6,True
onion,4,2739.0,Chomu FV APMC,-1.057,0.2935,-25646.061037,87,M6,False
onion,4,2744.0,Bassi APMC,-0.1265,0.8996,-6783.64058,87,M6,False
onion,4,2773.0,Mehsana(Mehsana Veg) APMC,0.1551,0.8769,2252.581938,244,M7,False
onion,4,2774.0,Deesa(Deesa Veg Yard) APMC,0.7881,0.4314,15186.316923,244,M7,False
onion,4,2800.0,Khandhla APMC,-0.4255,0.6718,-9415.303497,73,M6,False
onion,4,2803.0,Noida APMC,0.4546,0.6508,12519.448792,71,M7,False
onion,4,2894.0,Bara Bazar (Posta Bazar) APMC,-0.5242,0.6015,-28141.806008,87,M6,False
onion,4,2897.0,Habra APMC,-0.3528,0.7251,-8451.174295,87,M6,False
onion,4,2899.0,Durgapur APMC,-0.1005,0.9201,-3010.584523,87,M6,False
onion,4,2902.0,Gajol APMC,-0.6719,0.5034,-21619.868626,87,M6,False
onion,4,2905.0,Balarampur APMC,-1.3299,0.1871,-38548.154619,87,M6,False
onion,4,2910.0,"New Grain Market , Faridabad APMC",0.0536,0.9573,498.732196,242,M7,False
onion,4,2940.0,Tiruchengode APMC,-2.5538,0.0124,-99595.940385,87,M6,True
onion,4,2970.0,Thuraiyur APMC,-1.6341,0.1059,-81404.207162,87,M6,False
onion,4,3039.0,SMY Santoshgarh,-0.9879,0.3242,-11438.684354,244,M6,False
onion,4,3045.0,Harda(F&V) APMC,-1.6129,0.1091,-24144.353977,137,M6,False
onion,4,3046.0,Indore APMC,0.6414,0.5223,10962.528632,141,M7,False
onion,4,3048.0,Badnawar(F&V) APMC,-2.0616,0.0409,-4658.180778,162,M6,True
onion,4,3054.0,Dewas(F&V) APMC,-0.2168,0.8286,-958.450279,159,M6,False
onion,4,3059.0,Lashkar(F&V) APMC,-1.5994,0.1117,-10657.68606,161,M6,False
onion,4,3067.0,Sagar(F&V) APMC,-1.6112,0.1091,-12095.612732,161,M6,False
onion,4,3071.0,Jabalpur(F&V) APMC,0.3595,0.7197,2238.526101,161,M7,False
onion,4,3075.0,Chhindwara(F&V) APMC,-1.0969,0.2747,-13852.061911,132,M6,False
onion,4,3080.0,Tusura APMC,-1.7924,0.0748,-24176.956964,173,M6,False
onion,4,3086.0,Godbhaga APMC,1.5383,0.1258,15499.075882,172,M7,False
onion,4,3092.0,Saharpada APMC,0.1922,0.8477,3156.707864,231,M7,False
onion,4,3098.0,Kalyanpur APMC,-1.5836,0.117,-52629.251573,87,M6,False
onion,4,3099.0,Jampuijala APMC,-1.1775,0.2426,-33698.637151,79,M6,False
onion,4,3102.0,Gondatwisa APMC,0.6976,0.4875,14225.974649,81,M7,False
onion,4,3104.0,Silachhari APMC,-1.1245,0.2639,-49860.662098,87,M6,False
onion,4,3105.0,Barpathari APMC,-1.5368,0.128,-32197.717335,87,M6,False
onion,4,3117.0,Asansol APMC,-0.2755,0.7836,-9643.045557,87,M6,False
onion,4,3128.0,Junnar(Alephata) APMC,-0.5774,0.5642,-8449.691746,244,M6,False
onion,4,3130.0,Junnar(Narayangaon) APMC,0.3162,0.7522,5326.336131,219,M7,False
onion,4,3142.0,Kamthi APMC,-0.768,0.4432,-12810.135805,244,M6,False
onion,4,3218.0,Tiphra APMC,-0.4679,0.6403,-5655.24621,228,M6,False
onion,4,3297.0,Khariar APMC,1.2166,0.2251,27517.567069,218,M7,False
onion,4,3299.0,Chuliaposi APMC,0.6066,0.545,13472.52717,163,M7,False
onion,4,3306.0,Nilagiri APMC,-0.3405,0.7341,-2497.75216,122,M6,False
onion,4,3308.0,Hindol APMC,-0.1252,0.9004,-1583.397056,244,M6,False
onion,4,3339.0,Falakata APMC,-0.0985,0.9218,-3628.185738,70,M6,False
onion,4,3340.0,Moynaguri APMC,-1.3117,0.1931,-32783.762181,87,M6,False
onion,4,3341.0,Karsiyang(Matigara) APMC,-0.9717,0.3339,-51057.023821,87,M6,False
onion,4,3343.0,Raiganj APMC,-0.1859,0.8532,-11158.414144,57,M6,False
onion,4,3344.0,Gangarampur(Dakshin Dinajpur) APMC,-0.1551,0.8771,-7101.136561,81,M6,False
onion,4,3346.0,Diamond Harbour(South 24-pgs) APMC,-0.9857,0.3271,-25410.786045,87,M6,False
onion,4,3347.0,Kalipur APMC,-0.7593,0.4497,-34905.630892,87,M6,False
onion,4,3349.0,Ranaghat APMC,0.0151,0.988,471.438221,87,M7,False
onion,4,3350.0,Chakdah APMC,-0.0216,0.9828,-603.664037,87,M6,False
onion,4,3352.0,Garbeta(Medinipur) APMC,-0.4319,0.6669,-14120.2925,87,M6,False
onion,4,3354.0,Kasipur APMC,-0.0795,0.9368,-1681.385446,87,M6,False
onion,4,3355.0,Sainthia APMC,-1.5702,0.12,-33332.717659,87,M6,False
onion,4,3393.0,Broadway market Market,1.8158,0.0715,54637.358983,141,M7,False
onion,4,3394.0,North Paravur Market,-3.0715,0.0026,-486764.869475,142,M6,True
onion,4,3440.0,GarhShankar (Kotfatuhi) APMC,-0.7537,0.4531,-21232.166245,87,M6,False
onion,4,3445.0,APMC Azadpur,-1.832,0.0682,-13549.179427,244,M6,False
onion,4,3448.0,Lasalgaon(Vinchur) APMC,-0.7056,0.4811,-12159.201713,244,M6,False
onion,4,3449.0,Pune(Manjri) APMC,-1.7415,0.0829,-27013.783364,244,M6,False
onion,4,3450.0,Pune(Moshi) APMC,-0.6486,0.5172,-6861.793071,244,M6,False
onion,4,3452.0,Agriculture Produce Market Committee Hingna,-1.5746,0.1176,-32115.31626,140,M6,False
onion,4,3458.0,Umrane APMC,-0.7855,0.4329,-10005.972927,244,M6,False
onion,4,3462.0,Nampur APMC,0.5523,0.5813,7346.754319,244,M7,False
onion,4,3500.0,Batengoo Anantnag (F&V),-1.1189,0.2698,-65246.670174,41,M6,False
onion,4,3517.0,PMY Kangni Mandi,-0.3374,0.7375,-17427.731539,42,M6,False
onion,4,3626.0,Dablirathan APMC,-1.1984,0.2347,-10507.423887,73,M6,False
onion,4,3677.0,Kanchanpur,-0.0972,0.9228,-3141.48632,83,M6,False
onion,4,3680.0,Kadamtala,-0.9766,0.3315,-32774.290549,87,M6,False
onion,4,3953.0,Tajpur APMC,1.0641,0.2887,29045.218222,181,M7,False
onion,4,3956.0,Sheohar APMC,1.4923,0.1372,54357.619943,208,M7,False
onion,4,3996.0,"Laxmi-Sopan Agriculture Produce Marketing Co Ltd, Barshi, Dist Solapur",-1.5171,0.132,-44094.027087,117,M6,False
onion,4,4025.0,"Omchatinya Multi State Agro Purpose Co-Op Society, Dist Ahilyanagar",-0.0187,0.9851,-494.986823,149,M6,False
onion,4,4038.0,"Shivsiddha Govind Producer Company Ltd Sanchalit Khajgi Krush Utpann Bajar, Samati-Nashik",0.3737,0.7093,12962.350417,126,M7,False
onion,4,4055.0,Ariyalur(Uzhavar Sandhai),-0.7364,0.4635,-31588.51742,87,M6,False
onion,4,4056.0,Jeyankondam (Uzhavar Sandhai ),-1.4503,0.1506,-46394.496472,87,M6,False
onion,4,4057.0,RSPuram(Uzhavar Sandhai ),-1.0934,0.2773,-23244.765795,87,M6,False
onion,4,4058.0,Singanallur(Uzhavar Sandhai ),0.2144,0.8308,5590.715695,87,M7,False
onion,4,4059.0,Pollachi(Uzhavar Sandhai ),-0.4322,0.6667,-18026.327238,87,M6,False
onion,4,4060.0,Mettupalayam(Uzhavar Sandhai ),-0.6134,0.5412,-20332.081938,87,M6,False
onion,4,4061.0,Kurichi(Uzhavar Sandhai ),0.0748,0.9406,1615.929958,87,M7,False
onion,4,4062.0,Sulur(Uzhavar Sandhai ),0.0846,0.9327,2089.5199,87,M7,False
onion,4,4063.0,Vadavalli(Uzhavar Sandhai ),0.0143,0.9886,323.415793,87,M7,False
onion,4,4064.0,Sundarapuram(Uzhavar Sandhai ),-0.404,0.6872,-9523.408072,87,M6,False
onion,4,4065.0,Cuddalore(Uzhavar Sandhai ),-1.437,0.1544,-61689.313524,87,M6,False
onion,4,4066.0,Chidambaram(Uzhavar Sandhai ),-0.7513,0.4545,-27671.442692,87,M6,False
onion,4,4067.0,Viruthachalam(Uzhavar Sandhai ),-0.2862,0.7754,-5231.845596,87,M6,False
onion,4,4068.0,Panruti(Uzhavar Sandhai ),-0.1788,0.8585,-6180.015029,87,M6,False
onion,4,4069.0,Vadalur(Uzhavar Sandhai ),-1.5051,0.1431,-147589.078206,30,M6,False
onion,4,4070.0,Dharmapuri(Uzhavar Sandhai ),-0.3425,0.7328,-16807.282972,87,M6,False
onion,4,4071.0,Pennagaram(Uzhavar Sandhai ),-0.6949,0.489,-36684.526751,87,M6,False
onion,4,4072.0,Palacode(Uzhavar Sandhai ),-0.5173,0.6063,-21509.247484,87,M6,False
onion,4,4073.0,Harur(Uzhavar Sandhai ),-0.9186,0.3609,-35909.812033,87,M6,False
onion,4,4074.0,AJattihalli(Uzhavar Sandhai ),-0.3375,0.7366,-12869.132289,87,M6,False
onion,4,4075.0,Dindigul(Uzhavar Sandhai ),-1.5408,0.127,-70719.886953,87,M6,False
onion,4,4076.0,Palani(Uzhavar Sandhai ),-1.2599,0.2111,-51096.553082,87,M6,False
onion,4,4077.0,Chinnalapatti(Uzhavar Sandhai ),-0.8115,0.4193,-40409.44488,87,M6,False
onion,4,4080.0,Vedasanthur(Uzhavar Sandhai ),-1.001,0.3196,-40393.946777,87,M6,False
onion,4,4081.0,Sampath Nagar(Uzhavar Sandhai ),-1.2534,0.2135,-56098.962528,87,M6,False
onion,4,4082.0,Gobichettipalayam(Uzhavar Sandhai ),-0.6082,0.5446,-31860.491651,87,M6,False
onion,4,4083.0,Sathiyamagalam(Uzhavar Sandhai ),-0.6154,0.5399,-23438.053752,87,M6,False
onion,4,4085.0,Perundurai(Uzhavar Sandhai ),-0.9639,0.3378,-36999.881932,87,M6,False
onion,4,4086.0,Thalavadi(Uzhavar Sandhai ),-0.3597,0.7199,-12959.064963,87,M6,False
onion,4,4087.0,Kancheepuram(Uzhavar Sandhai ),-1.3475,0.1813,-57632.441863,87,M6,False
onion,4,4088.0,Padappai(Uzhavar Sandhai ),-0.3164,0.7524,-11024.067613,87,M6,False
onion,4,4089.0,Sunguvarchatram(Uzhavar Sandhai ),-0.3487,0.7281,-10319.370179,87,M6,False
onion,4,4090.0,Kundrathur(Uzhavar Sandhai ),-0.6136,0.5411,-18880.027705,87,M6,False
onion,4,4091.0,Karur(Uzhavar Sandhai ),-0.4747,0.6362,-27737.057049,87,M6,False
onion,4,4092.0,Kulithalai(Uzhavar Sandhai ),-0.7374,0.4629,-41081.770913,87,M6,False
onion,4,4093.0,Velayuthampalayam(Uzhavar Sandhai ),-0.6791,0.4997,-47188.209532,61,M6,False
onion,4,4096.0,Hosur(Uzhavar Sandhai ),-0.0715,0.9432,-3636.445521,87,M6,False
onion,4,4097.0,Krishnagiri(Uzhavar Sandhai ),0.0843,0.933,2406.70852,87,M7,False
onion,4,4098.0,Kaveripattinam(Uzhavar Sandhai ),-0.4152,0.679,-11553.061312,87,M6,False
onion,4,4099.0,Denkanikottai(Uzhavar Sandhai ),-0.5112,0.6105,-23349.239696,87,M6,False
onion,4,4100.0,Avallapalli(Uzhavar Sandhai ),-0.5075,0.6131,-22923.159913,87,M6,False
onion,4,4102.0,Chokkikulam(Uzhavar Sandhai ),-0.5974,0.5518,-30605.010716,87,M6,False
onion,4,4103.0,Palanganatham(Uzhavar Sandhai ),-0.7939,0.4294,-34323.560334,87,M6,False
onion,4,4104.0,Usilampatti(Uzhavar Sandhai ),-0.8015,0.4275,-116703.856846,42,M6,False
onion,4,4105.0,Thirumangalam(Uzhavar Sandhai ),-0.6382,0.525,-34346.902139,87,M6,False
onion,4,4106.0,Melur(Uzhavar Sandhai ),-0.7269,0.4693,-36106.283055,87,M6,False
onion,4,4107.0,Anaiyur(Uzhavar Sandhai ),-0.6539,0.5149,-30603.639567,87,M6,False
onion,4,4108.0,Mayiladuthurai(Uzhavar Sandhai ),-0.3662,0.7151,-10632.989018,87,M6,False
onion,4,4109.0,Nagapattinam(Uzhavar Sandhai ),-0.5588,0.5777,-11995.537153,87,M6,False
onion,4,4110.0,Sirkali(Uzhavar Sandhai ),-0.0669,0.9468,-3309.674824,87,M6,False
onion,4,4111.0,Namakkal(Uzhavar Sandhai ),-0.0962,0.9236,-4406.765786,87,M6,False
onion,4,4113.0,Rasipuram(Uzhavar Sandhai ),-1.6504,0.1025,-88008.426345,87,M6,False
onion,4,4114.0,Kumarapalayam(Uzhavar Sandhai ),-0.625,0.5336,-30208.229167,87,M6,False
onion,4,4115.0,Paramathivelur(Uzhavar Sandhai ),-0.9683,0.3356,-65466.33046,87,M6,False
onion,4,4116.0,Mohanur(Uzhavar Sandhai ),-1.3042,0.1956,-63430.72562,87,M6,False
onion,4,4117.0,Udhagamandalam(Uzhavar Sandhai ),-1.7225,0.0886,-72564.631025,87,M6,False
onion,4,4118.0,Coonoor(Uzhavar Sandhai ),-1.9634,0.0528,-84765.181634,87,M6,False
onion,4,4120.0,Gudalur(Uzhavar Sandhai ),-1.98,0.0509,-79135.033876,87,M6,False
onion,4,4121.0,Perambalur(Uzhavar Sandhai ),-2.0651,0.0419,-105551.031115,87,M6,True
onion,4,4123.0,Pudukottai(Uzhavar Sandhai ),-2.381,0.0195,-149143.363946,87,M6,True
onion,4,4124.0,Aranthangi(Uzhavar Sandhai ),-2.204,0.0302,-96485.631266,87,M6,True
onion,4,4125.0,Alangudi(Uzhavar Sandhai ),-2.4036,0.0186,-115755.611549,80,M6,True
onion,4,4126.0,Gandarvakottai(Uzhavar Sandhai ),-1.5586,0.1228,-97211.5614,87,M6,False
onion,4,4127.0,Karambakkudi(Uzhavar Sandhai ),-2.553,0.0124,-102217.956632,87,M6,True
onion,4,4128.0,Viralimalai(Uzhavar Sandhai ),-2.4581,0.016,-136196.699449,87,M6,True
onion,4,4129.0,Ramanathapuram(Uzhavar Sandhai ),-1.2122,0.2287,-52266.217223,87,M6,False
onion,4,4130.0,Paramakudi(Uzhavar Sandhai ),-2.2951,0.0242,-79104.738503,87,M6,True
onion,4,4132.0,Sooramangalam(Uzhavar Sandhai ),-1.3443,0.1824,-78237.671517,87,M6,False
onion,4,4133.0,Ammapet(Uzhavar Sandhai ),-1.4723,0.1446,-74495.732198,87,M6,False
onion,4,4134.0,Athur(Uzhavar Sandhai ),-1.3762,0.1723,-77340.438422,87,M6,False
onion,4,4135.0,Thathakapatti(Uzhavar Sandhai ),-1.3522,0.1799,-77056.083467,87,M6,False
onion,4,4136.0,Mettur(Uzhavar Sandhai ),-1.1452,0.2553,-74615.257725,87,M6,False
onion,4,4137.0,Attayampatti(Uzhavar Sandhai ),-1.2044,0.2323,-74266.604313,75,M6,False
onion,4,4138.0,Hasthampatti(Uzhavar Sandhai ),-1.5955,0.1143,-91068.824532,87,M6,False
onion,4,4139.0,Elampillai(Uzhavar Sandhai ),-1.2695,0.2077,-76306.058715,87,M6,False
onion,4,4140.0,Thammampatti (Uzhavar Sandhai ),-1.351,0.1802,-82794.201112,87,M6,False
onion,4,4141.0,Jalagandapuram(Uzhavar Sandhai ),-1.2349,0.2202,-71663.790553,87,M6,False
onion,4,4142.0,Edapadi (Uzhavar Sandhai ),-1.3813,0.1708,-79844.136275,87,M6,False
onion,4,4143.0,Sivagangai (Uzhavar Sandhai ),-1.7695,0.0804,-80737.156182,87,M6,False
onion,4,4144.0,Devakottai (Uzhavar Sandhai ),-1.5672,0.1207,-70393.091173,87,M6,False
onion,4,4145.0,Karaikudi(Uzhavar Sandhai ),-2.6235,0.0103,-134085.666578,87,M6,True
onion,4,4146.0,Tirupatthur(Uzhavar Sandhai ),-1.2136,0.2282,-62838.37175,87,M6,False
onion,4,4147.0,Singampunari(Uzhavar Sandhai ),-1.2744,0.2059,-63617.106406,87,M6,False
onion,4,4148.0,Thanjavur(Uzhavar Sandhai ),-1.3912,0.1677,-65622.864421,87,M6,False
onion,4,4149.0,Kumbakonam (Uzhavar Sandhai ),-2.1838,0.0317,-104387.106019,87,M6,True
onion,4,4150.0,Pattukottai(Uzhavar Sandhai ),-1.2336,0.2207,-49016.942586,87,M6,False
onion,4,4151.0,Tirukattupalli(Uzhavar Sandhai ),-1.8663,0.0721,-232565.528696,30,M6,False
onion,4,4152.0,Papanasam(Uzhavar Sandhai ),-2.3474,0.0212,-105571.586392,87,M6,True
onion,4,4153.0,Theni(Uzhavar Sandhai ),-0.787,0.4334,-29001.047517,87,M6,False
onion,4,4154.0,Kambam(Uzhavar Sandhai ),-0.3433,0.7322,-14431.688447,87,M6,False
onion,4,4155.0,Bodinayakanur(Uzhavar Sandhai ),-0.5878,0.5582,-27206.110789,87,M6,False
onion,4,4156.0,Periyakulam(Uzhavar Sandhai ),-0.7416,0.4604,-27864.602134,87,M6,False
onion,4,4157.0,Devaram(Uzhavar Sandhai ),-0.642,0.5226,-25059.244723,87,M6,False
onion,4,4158.0,Andipatti(Uzhavar Sandhai ),-0.7573,0.451,-30672.22549,87,M6,False
onion,4,4159.0,Chinnamanur(Uzhavar Sandhai ),-0.5147,0.6081,-24193.274305,87,M6,False
onion,4,4160.0,Palayamkottai(Uzhavar Sandhai ),-0.8781,0.3823,-27655.987517,87,M6,False
onion,4,4162.0,Melapalayam(Uzhavar Sandhai ),-0.4846,0.6292,-15866.739906,87,M6,False
onion,4,4164.0,NGO Colony(Uzhavar Sandhai ),-0.3018,0.7636,-9797.810832,87,M6,False
onion,4,4165.0,Tiruthani(Uzhavar Sandhai ),-1.078,0.2899,-100081.842189,30,M6,False
onion,4,4166.0,Tiruvallur(Uzhavar Sandhai ),-2.3257,0.0224,-67722.707224,87,M6,True
onion,4,4167.0,Ambattur(Uzhavar Sandhai ),-1.3202,0.1903,-46610.62386,87,M6,False
onion,4,4168.0,Paruthipattu(Uzhavar Sandhai ),-1.492,0.1394,-52107.24046,87,M6,False
onion,4,4169.0,Naravarikuppam(Uzhavar Sandhai ),-2.1952,0.0308,-65441.559089,87,M6,True
onion,4,4170.0,Perambakkam(Uzhavar Sandhai ),-1.9175,0.0585,-48512.616729,87,M6,False
onion,4,4172.0,Mannargudi I(Uzhavar Sandhai ),-2.0876,0.0398,-106888.404822,87,M6,True
onion,4,4173.0,Tiruvarur(Uzhavar Sandhai ),-1.1467,0.2553,-66054.123807,73,M6,False
onion,4,4174.0,Needamangalam(Uzhavar Sandhai ),-0.6182,0.5381,-30937.309846,87,M6,False
onion,4,4175.0,Muthupettai(Uzhavar Sandhai ),-2.1223,0.0367,-76063.061751,87,M6,True
onion,4,4176.0,Mannargudi II(Uzhavar Sandhai ),-2.04,0.0444,-101937.932085,87,M6,True
onion,4,4178.0,Tuticorin(Uzhavar Sandhai ),-1.7554,0.0827,-82485.263809,87,M6,False
onion,4,4179.0,Kovilpatti(Uzhavar Sandhai ),-2.3068,0.0235,-119537.04793,87,M6,True
onion,4,4180.0,Tiruvannamalai(Uzhavar Sandhai ),-0.4421,0.6596,-22957.741286,87,M6,False
onion,4,4181.0,Polur(Uzhavar Sandhai ),-0.1626,0.8712,-4784.743125,87,M6,False
onion,4,4182.0,Arani(Uzhavar Sandhai ),-0.2127,0.8321,-6803.10342,87,M6,False
onion,4,4183.0,Cheyyar(Uzhavar Sandhai ),0.0263,0.9791,766.529699,87,M7,False
onion,4,4184.0,Chengam(Uzhavar Sandhai ),0.4267,0.6707,12997.782272,87,M7,False
onion,4,4185.0,Vandavasi(Uzhavar Sandhai ),-0.6446,0.5215,-21464.79321,65,M6,False
onion,4,4186.0,Keelpennathur(Uzhavar Sandhai ),-0.372,0.7108,-15059.509975,87,M6,False
onion,4,4188.0,Anna nagar(Uzhavar Sandhai ),-1.2291,0.2224,-65535.387803,87,M6,False
onion,4,4189.0,KKNagar(Uzhavar Sandhai ),-1.7483,0.091,-208855.288044,30,M6,False
onion,4,4191.0,Manapparai(Uzhavar Sandhai ),-1.6048,0.1122,-76956.770968,87,M6,False
onion,4,4192.0,Musiri(Uzhavar Sandhai ),-1.5561,0.1234,-80778.653974,87,M6,False
onion,4,4193.0,Thiruverumbur(Uzhavar Sandhai ),-1.0217,0.3154,-109584.797189,30,M6,False
onion,4,4194.0,Lalgudi(Uzhavar Sandhai ),-1.2866,0.2017,-70505.766236,87,M6,False
onion,4,4195.0,Manachanallur(Uzhavar Sandhai ),-1.157,0.2505,-58048.788254,87,M6,False
onion,4,4197.0,Katpadi (Uzhavar Sandhai ),-0.8065,0.4222,-31003.934064,87,M6,False
onion,4,4198.0,Gudiyatham(Uzhavar Sandhai ),-1.1621,0.2484,-35997.853831,87,M6,False
onion,4,4199.0,Kahithapattarai(Uzhavar Sandhai ),0.2016,0.8407,6772.297433,87,M7,False
onion,4,4201.0,Villupuram(Uzhavar Sandhai ),-2.3655,0.0249,-138201.166886,30,M6,True
onion,4,4202.0,Gingee(Uzhavar Sandhai ),-0.2749,0.7841,-8051.493539,87,M6,False
onion,4,4203.0,Aruppukottai(Uzhavar Sandhai ),-1.6679,0.099,-53659.990954,87,M6,False
onion,4,4204.0,Rajapalayam(Uzhavar Sandhai ),-2.0811,0.0404,-97981.822777,87,M6,True
onion,4,4205.0,Srivilliputhur(Uzhavar Sandhai ),-0.3838,0.7021,-15167.194647,87,M6,False
onion,4,4206.0,Virudhunagar(Uzhavar Sandhai ),-0.7084,0.4806,-31268.351464,87,M6,False
onion,4,4207.0,Sivakasi(Uzhavar Sandhai ),-1.3164,0.1915,-46825.481026,87,M6,False
onion,4,4208.0,Sathur(Uzhavar Sandhai ),-1.2576,0.2119,-37923.606787,87,M6,False
onion,4,4209.0,Kariyapatti(Uzhavar Sandhai ),-0.9396,0.3501,-35549.565718,87,M6,False
onion,4,4210.0,Thalavaipuram(Uzhavar Sandhai ),-1.4477,0.1513,-69812.79364,87,M6,False
onion,4,4212.0,Myladi(Uzhavar Sandhai ),-1.7899,0.077,-89141.795401,87,M6,False
onion,4,4213.0,Pallavaram(Uzhavar Sandhai ),-0.8166,0.4164,-30832.686577,87,M6,False
onion,4,4214.0,Chengalpet(Uzhavar Sandhai ),-0.7694,0.4437,-30236.098322,87,M6,False
onion,4,4215.0,Medavakkam(Uzhavar Sandhai ),-1.3562,0.1786,-44603.150706,87,M6,False
onion,4,4216.0,Nanganallur(Uzhavar Sandhai ),-0.6401,0.5238,-26737.016649,87,M6,False
onion,4,4217.0,Madhuranthagam(Uzhavar Sandhai ),-1.213,0.2291,-68660.102659,73,M6,False
onion,4,4219.0,Jameenrayapettai(Uzhavar Sandhai ),-0.8819,0.3803,-39660.843664,87,M6,False
onion,4,4220.0,Guduvancheri(Uzhavar Sandhai ),-0.4995,0.6187,-27672.302233,87,M6,False
onion,4,4221.0,Thirukalukundram(Uzhavar Sandhai ),-0.4208,0.6749,-16692.600396,87,M6,False
onion,4,4222.0,Kallakurichi(Uzhavar Sandhai ),-1.3665,0.1754,-88613.047837,87,M6,False
onion,4,4224.0,Sankarapuram(Uzhavar Sandhai ),-1.7124,0.0904,-100546.373891,87,M6,False
onion,4,4225.0,Ranipettai(Uzhavar Sandhai ),-0.4825,0.6307,-16371.724749,87,M6,False
onion,4,4226.0,Arcot(Uzhavar Sandhai ),-0.5447,0.5873,-17903.488663,87,M6,False
onion,4,4227.0,Sankarankoil(Uzhavar Sandhai ),-1.8962,0.0613,-69458.91544,87,M6,False
onion,4,4228.0,Tenkasi(Uzhavar Sandhai ),-1.3654,0.1757,-42538.191392,87,M6,False
onion,4,4229.0,Vaniyampadi(Uzhavar Sandhai ),-0.8554,0.3947,-25678.043845,87,M6,False
onion,4,4231.0,Natrampalli(Uzhavar Sandhai ),-0.5967,0.5523,-17952.817999,87,M6,False
onion,4,4234.0,Tiruppur (North) (Uzhavar Sandhai ),-0.4917,0.6242,-11703.553376,87,M6,False
onion,4,4235.0,Tiruppur (South) (Uzhavar Sandhai ),1.2111,0.2292,35626.907675,87,M7,False
onion,4,4236.0,Dharapuram(Uzhavar Sandhai ),-0.4411,0.6603,-19288.905342,87,M6,False
onion,4,4237.0,Kangayam(Uzhavar Sandhai ),-0.3788,0.7058,-10686.449777,87,M6,False
onion,4,4240.0,Balarampuram Market,-0.4523,0.6521,-32525.078972,94,M6,False
onion,4,4398.0,Kakching Market APMC,2.0614,0.0424,279554.687866,85,M7,True
onion,4,4402.0,SMY Jogindernagar,-1.1421,0.259,-35707.69221,50,M6,False
onion,4,4407.0,SMY Takarla,0.9092,0.37,20916.477852,33,M7,False
onion,4,4429.0,Badwani(F&V) APMC,-1.9149,0.0588,-15782.272066,87,M6,False
onion,4,4464.0,Hoshangabad(F&V) APMC,-0.5479,0.5856,-6740.265665,70,M6,False
onion,4,4475.0,Kalapipal(F&V) APMC,-1.9983,0.0489,-34042.817985,86,M6,True
onion,4,4478.0,Karera(F&V) APMC,0.7637,0.4501,18701.032685,36,M7,False
onion,4,4491.0,Kukshi(F&V) APMC,-0.9906,0.3285,-17368.864295,37,M6,False
onion,4,4503.0,Manawar(F&V) APMC,-1.3308,0.1875,-30995.312689,72,M6,False
onion,4,4523.0,Petlawad(F&V) APMC,-0.4447,0.658,-11803.040916,68,M6,False
onion,4,4524.0,Pipariya(F&V) APMC,0.318,0.7512,4219.62862,86,M7,False
onion,4,4529.0,Rehli(F&V) APMC,-0.7612,0.4515,-14691.984324,37,M6,False
onion,4,4532.0,Sabalgarh(F&V) APMC,0.4068,0.6853,5484.490466,81,M7,False
onion,4,4533.0,Sailana(F&V) APMC,-2.1061,0.0381,-43300.989422,87,M6,True
onion,4,4534.0,Sanawad(F&V) APMC,-2.0374,0.0454,-53757.697362,71,M6,True
onion,4,4535.0,Sanwer(F&V) APMC,-1.0863,0.2844,-47684.459238,38,M6,False
onion,4,4539.0,Sendhwa(F&V) APMC,-0.9562,0.3416,-12140.761489,87,M6,False
onion,4,4540.0,Seoni(F&V) APMC,0.9293,0.3602,10709.388302,31,M7,False
onion,4,4666.0,Rampurhat APMC,0.0873,0.9306,2121.926658,87,M7,False
onion,4,4681.0,Ayodhya APMC,-1.6261,0.1076,-23829.899471,87,M6,False
onion,4,4707.0,"Fruit&Vegetable Market,Gazipur APMC",-0.4331,0.6672,-25577.783015,42,M6,False
onion,4,4846.0,Karimangalam(Uzhavar Sandhai),-1.2683,0.2085,-100552.165338,79,M6,False
onion,4,4849.0,Pallikonda(Uzhavar Sandhai),-0.9692,0.3358,-105794.225597,71,M6,False
onion,4,4850.0,Perampet(Uzhavar Sandhai),-1.0436,0.3007,-101019.339789,64,M6,False
onion,4,4851.0,Peravurani(Uzhavar Sandhai),-1.9541,0.0547,-71934.070148,71,M6,False
onion,4,4852.0,Ponnamaravathi(Uzhavar Sandhai),-1.4575,0.15,-213520.548928,64,M6,False
onion,13,2.0,Mahboob Manison APMC,1.296,0.1989,31663.105347,78,M7,False
onion,13,11.0,Sadasivpet APMC,-0.2648,0.7919,-5767.71003,78,M6,False
onion,13,43.0,Chandigarh (Grain/F&V) APMC,-1.5099,0.1324,-53453.021248,233,M6,False
onion,13,54.0,Bharuch APMC,0.7829,0.4353,10577.834084,113,M7,False
onion,13,55.0,Mahuva(Station Road) APMC,-1.8206,0.0699,-25683.095845,235,M6,False
onion,13,61.0,Gondal APMC,-1.2639,0.2076,-29099.925363,219,M6,False
onion,13,62.0,Morbi APMC,-0.8671,0.3868,-15489.3378,235,M6,False
onion,13,64.0,Surat APMC,0.4666,0.6412,8064.216978,235,M7,False
onion,13,69.0,PMY Kangra,0.3054,0.7603,10313.719954,235,M7,False
onion,13,70.0,PMY Kullu,-0.9208,0.3581,-20949.074855,235,M6,False
onion,13,71.0,PMY Paonta Sahib,-1.8017,0.0729,-46814.616498,235,M6,False
onion,13,72.0,PMY Kather Solan,-1.6989,0.091,-40265.934461,188,M6,False
onion,13,75.0,Fatehabad APMC,0.256,0.7982,951.737511,197,M7,False
onion,13,79.0,Narwana APMC,-0.3913,0.6959,-5702.51376,235,M6,False
onion,13,85.0,Ladwa APMC,0.4554,0.6493,7322.164229,235,M7,False
onion,13,86.0,Pehowa APMC,-0.5773,0.5643,-15452.90619,235,M6,False
onion,13,87.0,Thanesar APMC,1.4695,0.143,41314.485494,234,M7,False
onion,13,89.0,Shahabad APMC,-0.2542,0.7996,-6277.023243,235,M6,False
onion,13,92.0,kalanwali APMC,-1.0246,0.3071,-17948.411419,164,M6,False
onion,13,97.0,Parimpore Srinagar (F&V),-0.632,0.5281,-40494.99869,201,M6,False
onion,13,98.0,Udhampur (F&V),-1.5099,0.1324,-31023.780817,235,M6,False
onion,13,99.0,Bangalore APMC,0.6483,0.5176,16859.274387,188,M7,False
onion,13,101.0,Belgaum APMC,1.6595,0.0987,36837.104862,189,M7,False
onion,13,105.0,Bijapur APMC,-1.8027,0.073,-36045.338231,187,M6,False
onion,13,106.0,Davangere APMC,-1.3649,0.1736,-29630.04349,235,M6,False
onion,13,108.0,Hubli (Amaragol) APMC,-1.8603,0.0641,-24577.066059,235,M6,False
onion,13,115.0,Mysuru APMC,1.5242,0.1289,34108.845479,219,M7,False
onion,13,116.0,Raichur APMC,-1.2203,0.2252,-25230.969111,103,M6,False
onion,13,126.0,Aluva Market,-1.9529,0.052,-78881.159457,235,M6,False
onion,13,128.0,Thalasserry Market,-1.1578,0.2496,-149156.382224,104,M6,False
onion,13,129.0,Kannur APMC,-2.0861,0.038,-70417.961891,235,M6,True
onion,13,132.0,Kottayam Market,-0.518,0.6049,-48635.22854,235,M6,False
onion,13,134.0,Manjeri Market,-1.8891,0.0601,-107712.452795,235,M6,False
onion,13,135.0,Palakkad Market,0.4002,0.6894,74370.714129,235,M7,False
onion,13,136.0,Koduvayoor Market,0.1277,0.8985,19855.792271,235,M7,False
onion,13,139.0,Thrissur Market,0.8283,0.4083,167558.148369,235,M7,False
onion,13,140.0,Kodungalloor Market,-2.3659,0.0189,-134753.87969,215,M6,True
onion,13,145.0,Ahilyanagar APMC,-0.991,0.3227,-7753.182359,235,M6,False
onion,13,149.0,Dhule APMC,-1.3768,0.1699,-30417.095726,235,M6,False
onion,13,151.0,Jalgaon APMC,-1.5878,0.1137,-21618.852453,235,M6,False
onion,13,152.0,Kolhapur APMC,-1.6397,0.1024,-15214.598341,235,M6,False
onion,13,155.0,Nagpur APMC,0.6686,0.5044,16491.019275,235,M7,False
onion,13,159.0,Yeola APMC,-0.7687,0.4429,-10707.132219,235,M6,False
onion,13,160.0,Nasik APMC,-0.4191,0.6755,-4722.941012,235,M6,False
onion,13,161.0,Lasalgaon APMC,0.4205,0.6745,4366.970413,235,M7,False
onion,13,162.0,Pimpalgaon Baswant APMC,0.1936,0.8466,3378.635093,235,M7,False
onion,13,164.0,Pune APMC,-2.3567,0.0193,-32089.472672,235,M6,True
onion,13,168.0,SHRI.SIDDHESHWAR APMC,-1.3819,0.1683,-11068.508053,235,M6,False
onion,13,169.0,Kalyan APMC,-1.1852,0.238,-31477.383753,137,M6,False
onion,13,171.0,Lamlong Bazaar APMC,0.869,0.3859,72831.534391,190,M7,False
onion,13,172.0,Bhopal APMC,0.6144,0.54,23314.290942,131,M7,False
onion,13,173.0,Bhopal(F&V) APMC,-0.6728,0.5024,-8798.926443,117,M6,False
onion,13,179.0,Indore(F&V) APMC,1.0303,0.3047,9444.734359,139,M7,False
onion,13,182.0,Neemuch APMC,1.52,0.1299,3681.277441,235,M7,False
onion,13,184.0,Rajnandgaon APMC,-1.2854,0.1999,-44901.884303,235,M6,False
onion,13,186.0,Ujjain APMC,0.1313,0.8958,3745.252441,132,M7,False
onion,13,199.0,Bargarh APMC,-1.4993,0.1351,-29655.644408,235,M6,False
onion,13,206.0,Kesinga APMC,0.475,0.6352,27338.093471,235,M7,False
onion,13,207.0,Bhawanipatna APMC,-0.6476,0.5184,-50050.599643,135,M6,False
onion,13,216.0,Tarantaran APMC,-1.3738,0.1735,-32964.137164,78,M6,False
onion,13,218.0,Fazilka APMC,0.5549,0.5805,28991.27737,78,M7,False
onion,13,219.0,Jalalabad APMC,0.1928,0.8476,11163.540949,78,M7,False
onion,13,220.0,Ferozepur Cantt. APMC,-0.2876,0.7748,-19889.206695,54,M6,False
onion,13,226.0,Khanna APMC,-0.3581,0.7213,-11469.516284,78,M6,False
onion,13,228.0,Baghapurana APMC,0.6915,0.4915,28200.237532,73,M7,False
onion,13,230.0,Muktsar APMC,-1.3841,0.1703,-28121.25562,78,M6,False
onion,13,231.0,Malout APMC,-0.1039,0.9175,-3936.523002,78,M6,False
onion,13,232.0,Patiala APMC,-1.4553,0.1496,-27848.305928,78,M6,False
onion,13,233.0,Patran APMC,-3.3031,0.0015,-25462.693197,78,M6,True
onion,13,234.0,Samana APMC,-0.0974,0.9229,-2107.62634,43,M6,False
onion,13,235.0,Nabha APMC,-1.0892,0.2795,-22289.763986,78,M6,False
onion,13,237.0,Dhuri APMC,-0.288,0.7741,-16048.247907,78,M6,False
onion,13,239.0,Sunam APMC,-0.4603,0.6466,-18903.608787,78,M6,False
onion,13,240.0,Bhawanigarh APMC,-1.0075,0.3168,-38010.712373,78,M6,False
onion,13,244.0,Alwar APMC,,,23035.554135,33,M7,False
onion,13,247.0,Baran APMC,-1.7722,0.0803,-103139.211227,78,M6,False
onion,13,250.0,Bhilwara APMC,-0.3825,0.7031,-11436.45526,78,M6,False
onion,13,253.0,Pratapgarh APMC,-0.0858,0.9318,-4964.676873,78,M6,False
onion,13,259.0,Sangriya APMC,-2.5975,0.0112,-45866.264988,78,M6,True
onion,13,261.0,Jaipur (F&V) APMC,0.8001,0.4261,33855.146542,78,M7,False
onion,13,265.0,Nawalgarh APMC,-1.3639,0.1767,-74821.979834,75,M6,False
onion,13,266.0,Jodhpur (F&V) APMC,-0.0421,0.9665,-1971.703674,78,M6,False
onion,13,292.0,Ulundurpettai APMC,-0.3903,0.6974,-20509.204579,78,M6,False
onion,13,296.0,Teliamura APMC,-0.4565,0.6493,-33922.082063,78,M6,False
onion,13,297.0,Agra APMC,4.5703,0.0,17315.766356,78,M7,True
onion,13,298.0,Prayagraj APMC,1.8825,0.0635,30591.214515,78,M7,False
onion,13,299.0,Bahraich APMC,,,16126.25192,78,M7,False
onion,13,301.0,Barabanki APMC,2.9744,0.0045,12641.357684,52,M7,True
onion,13,302.0,Bareilly APMC,-1.4495,0.1525,-9725.816996,60,M6,False
onion,13,303.0,Dehradoon APMC,1.0847,0.2815,14305.122224,77,M7,False
onion,13,305.0,Farukhabad APMC,1.211,0.2296,11411.296471,78,M7,False
onion,13,306.0,Ghaziabad APMC,-0.7946,0.4302,-25837.048592,56,M6,False
onion,13,307.0,Gorakhpur APMC,4.5683,0.0,16374.714579,78,M7,True
onion,13,308.0,Hardoi APMC,2.7773,0.0076,15266.505185,54,M7,True
onion,13,309.0,Etawah APMC,0.4748,0.6368,2324.354047,58,M7,False
onion,13,310.0,Jaunpur APMC,-0.2291,0.8194,-3277.815706,78,M6,False
onion,13,311.0,Kanpur(Grain) APMC,,,-1401.911736,78,M6,False
onion,13,313.0,Lakhimpur APMC,2.2041,0.0305,8406.159182,78,M7,True
onion,13,315.0,Lucknow APMC,0.7014,0.4852,13758.546379,78,M7,False
onion,13,317.0,Meerut APMC,,,-9397.063427,50,M6,False
onion,13,318.0,Muradabad APMC,2.3544,0.022,7094.257797,58,M7,True
onion,13,319.0,Kashipur APMC,-1.142,0.257,-22280.111338,78,M6,False
onion,13,320.0,Pilibhit APMC,2.5775,0.0119,6782.116861,78,M7,True
onion,13,321.0,Saharanpur APMC,-0.4114,0.6824,-3586.504086,54,M6,False
onion,13,324.0,Sitapur APMC,0.8143,0.4186,7182.560176,62,M7,False
onion,13,325.0,Kicchha APMC,-1.9164,0.059,-59032.922575,78,M6,False
onion,13,326.0,Rudrapur APMC,-0.4079,0.6845,-12132.794754,78,M6,False
onion,13,328.0,Barasat APMC,-0.2283,0.82,-11650.858597,78,M6,False
onion,13,329.0,Bankura Sadar APMC,-0.2495,0.8036,-16683.459337,78,M6,False
onion,13,330.0,Bolpur APMC,0.0962,0.9236,3438.018642,78,M7,False
onion,13,331.0,Kalna APMC,0.1169,0.9072,5544.687943,78,M7,False
onion,13,332.0,Katwa APMC,0.9479,0.3461,42272.874808,78,M7,False
onion,13,334.0,Pandua APMC,-0.2105,0.8338,-9806.346203,78,M6,False
onion,13,335.0,Dhupguri APMC,-0.289,0.7734,-11953.907804,78,M6,False
onion,13,336.0,Samsi APMC,0.8828,0.3801,45228.148357,78,M7,False
onion,13,337.0,English Bazar APMC,1.0134,0.3152,24244.660235,58,M7,False
onion,13,338.0,Tamluk (Medinipur E) APMC,-0.3467,0.7298,-15089.792767,78,M6,False
onion,13,341.0,Karimpur APMC,0.3601,0.7197,23522.588283,78,M7,False
onion,13,342.0,Bethuadahari APMC,0.0166,0.9868,1123.16156,78,M7,False
onion,13,343.0,Islampur APMC,-0.7772,0.4427,-58808.951424,33,M6,False
onion,13,406.0,Durg APMC,-1.8777,0.0617,-53867.864735,235,M6,False
onion,13,414.0,Raigarh APMC,-1.425,0.1555,-49902.33827,235,M6,False
onion,13,423.0,APMC Keshopur,-1.6294,0.1046,-40794.614592,235,M6,False
onion,13,424.0,APMC Shahdara,-1.4046,0.1618,-30738.166661,187,M6,False
onion,13,441.0,Bhuj APMC,0.2526,0.8009,6986.072487,143,M7,False
onion,13,450.0,Vadhvan APMC,-0.1581,0.8745,-4945.929478,207,M6,False
onion,13,452.0,Panipat APMC,-2.5367,0.0118,-14131.143355,235,M6,True
onion,13,454.0,Sonepat APMC,0.1089,0.9133,1799.294755,235,M7,False
onion,13,455.0,Rohtak APMC,-2.6637,0.0083,-11563.972523,231,M6,True
onion,13,456.0,Jhajjar APMC,,,3472.845678,235,M7,False
onion,13,457.0,Rewari APMC,-1.3462,0.1796,-10577.551449,235,M6,False
onion,13,459.0,Gurgaon APMC,-2.3342,0.0204,-18377.326297,235,M6,True
onion,13,462.0,PMY Una,-0.0765,0.9391,-2120.589142,235,M6,False
onion,13,463.0,PMY Chamba,-0.3467,0.7292,-5856.920858,235,M6,False
onion,13,464.0,PMY Bilaspur,-1.4888,0.1379,-36134.725829,235,M6,False
onion,13,465.0,SMY Dhanotu,-1.6654,0.0972,-33415.923137,235,M6,False
onion,13,466.0,PMY Hamirpur,0.0356,0.9716,1033.612303,235,M7,False
onion,13,467.0,PMY Dhalli Shimla,-0.734,0.4637,-7724.548974,235,M6,False
onion,13,468.0,SMY Palampur,-0.2111,0.833,-5720.113249,235,M6,False
onion,13,471.0,SMY Bhuntar,-0.8926,0.373,-26923.805409,235,M6,False
onion,13,472.0,Narwal Jammu (F&V),-1.5936,0.1124,-70432.710357,235,M6,False
onion,13,489.0,Doddaballapur APMC,0.0088,0.993,209.213464,183,M7,False
onion,13,515.0,Palayam Market,-1.4357,0.1524,-39103.207974,235,M6,False
onion,13,522.0,Mandsaur APMC,-1.8395,0.0671,-21517.777636,235,M6,False
onion,13,523.0,Khandwa APMC,0.4458,0.6565,2403.924224,132,M7,False
onion,13,526.0,Sehore APMC,,,993.972028,235,M7,False
onion,13,528.0,Ashta APMC,-2.3088,0.022,-21540.987599,194,M6,True
onion,13,530.0,Morena APMC,1.1889,0.2366,25083.005708,132,M7,False
onion,13,550.0,Chandvad APMC,-0.1083,0.9138,-1380.953959,235,M6,False
onion,13,551.0,Manmad APMC,-0.9312,0.3527,-9789.946874,235,M6,False
onion,13,553.0,Manchar APMC,0.4473,0.6551,7119.279946,235,M7,False
onion,13,554.0,Lonand APMC,-1.7998,0.0732,-15206.838731,235,M6,False
onion,13,555.0,Pandharpur APMC,-0.8744,0.3837,-3762.578025,116,M6,False
onion,13,557.0,Chattrapati Sambhajinagar APMC,-1.8468,0.066,-26871.540545,235,M6,False
onion,13,574.0,Malkapur APMC,-1.5497,0.1226,-25088.599964,235,M6,False
onion,13,594.0,Khariar Road APMC,-2.5229,0.0123,-32309.565907,235,M6,True
onion,13,595.0,Bolangir APMC,0.0029,0.9977,90.248263,155,M7,False
onion,13,598.0,Patti APMC,-0.4666,0.6424,-35089.132578,63,M6,False
onion,13,599.0,Pathankot APMC,0.0817,0.9351,7406.25369,70,M7,False
onion,13,600.0,Gurdaspur APMC,0.2952,0.7686,18810.443803,78,M7,False
onion,13,603.0,Bathinda APMC,0.7003,0.4858,53443.067685,78,M7,False
onion,13,605.0,Raman APMC,-0.1278,0.8986,-7405.614735,78,M6,False
onion,13,611.0,Mukerian APMC,-0.0626,0.9502,-4609.885297,77,M6,False
onion,13,614.0,Phagwara APMC,-0.1121,0.911,-7736.025922,78,M6,False
onion,13,615.0,Budalada APMC,-0.1156,0.9083,-7847.958274,78,M6,False
onion,13,617.0,Giddarbaha APMC,-0.4591,0.6475,-39117.88067,77,M6,False
onion,13,619.0,Dudhansadhan APMC,0.4808,0.632,42921.124616,78,M7,False
onion,13,621.0,Ropar APMC,0.4525,0.6522,38739.404234,78,M7,False
onion,13,627.0,Churu APMC,-1.075,0.2857,-37723.497241,78,M6,False
onion,13,630.0,Jaisalmer APMC,-3.9462,0.0002,-35941.394697,69,M6,True
onion,13,636.0,Jhunjhunu APMC,0.3748,0.7103,17165.598808,33,M7,False
onion,13,638.0,Sikar APMC,0.0725,0.9424,3003.554941,78,M7,False
onion,13,647.0,Buland Shahr APMC,2.1001,0.039,13414.303823,78,M7,True
onion,13,649.0,Baraut APMC,,,5872.684265,56,M7,False
onion,13,650.0,Shamli APMC,,,-2970.262975,47,M6,False
onion,13,653.0,Mathura APMC,0.6567,0.5133,15895.244947,78,M7,False
onion,13,654.0,Rampur APMC,2.6353,0.0111,14464.460148,52,M7,True
onion,13,655.0,Badayoun APMC,-0.394,0.6952,-4949.450777,52,M6,False
onion,13,656.0,Chandausi APMC,-0.0484,0.9616,-296.707385,54,M6,False
onion,13,657.0,Raibareilly APMC,1.7965,0.0763,30508.902102,78,M7,False
onion,13,658.0,Gonda APMC,1.2268,0.2237,36190.44469,78,M7,False
onion,13,660.0,Pratapgarh APMC,5.0024,0.0,13849.378529,78,M7,True
onion,13,662.0,Basti APMC,2.6073,0.011,11661.595937,78,M7,True
onion,13,663.0,Azamgarh APMC,,,10014.501063,78,M7,False
onion,13,666.0,Jhansi APMC,0.3668,0.7152,2148.286641,56,M7,False
onion,13,667.0,Rishikesh APMC,-0.5264,0.6002,-14026.591911,78,M6,False
onion,13,668.0,Vikasnagar APMC,-0.7801,0.4378,-38410.132411,77,M6,False
onion,13,669.0,Khateema APMC,-1.1109,0.2701,-84004.89736,78,M6,False
onion,13,670.0,Burdwan APMC,0.7992,0.4267,43623.016373,77,M7,False
onion,13,671.0,Medinipur(West) APMC,-0.0297,0.9764,-2565.04124,78,M6,False
onion,13,672.0,Birbhum APMC,0.6746,0.502,35737.891741,78,M7,False
onion,13,673.0,Purulia APMC,3.5568,0.0008,69266.283116,50,M7,True
onion,13,674.0,Nadia APMC,0.7077,0.4812,41946.386019,78,M7,False
onion,13,675.0,Jalpaiguri Sadar APMC,2.2982,0.0243,79524.530962,78,M7,True
onion,13,676.0,Alipurduar APMC,0.6509,0.517,47874.838289,78,M7,False
onion,13,678.0,Pabiacherra APMC,-0.4603,0.6466,-55845.760917,78,M6,False
onion,13,679.0,Melaghar APMC,-0.5628,0.5752,-66795.429106,78,M6,False
onion,13,681.0,Vadaseri APMC,-1.5212,0.1323,-91380.044243,78,M6,False
onion,13,683.0,Panisagar APMC,-0.4753,0.6359,-29461.827931,78,M6,False
onion,13,709.0,Chikkamagaluru APMC,0.6738,0.5011,12639.344402,235,M7,False
onion,13,728.0,Kalaburagi APMC,-0.7053,0.4813,-13562.764005,235,M6,False
onion,13,735.0,Hassan APMC,-0.7843,0.4337,-12911.04224,213,M6,False
onion,13,742.0,Chickkaballapura APMC,1.5539,0.1217,63756.349237,215,M7,False
onion,13,753.0,Shimoga APMC,1.4537,0.1474,87560.03791,235,M7,False
onion,13,793.0,Lalru APMC,0.0792,0.9371,5524.245528,78,M7,False
onion,13,795.0,Fatehpur APMC,-0.4312,0.6675,-13831.389097,78,M6,False
onion,13,796.0,Auraiya APMC,0.03,0.9761,772.015725,78,M7,False
onion,13,799.0,Ramkrishanpur(Howrah) APMC,1.6581,0.1014,69819.629395,78,M7,False
onion,13,801.0,Bishnupur(Bankura) APMC,0.6959,0.489,26159.496209,64,M7,False
onion,13,802.0,Mapusa APMC,-0.0023,0.9982,-34.333433,235,M6,False
onion,13,813.0,Sangamner APMC,-1.8623,0.0638,-21998.367845,235,M6,False
onion,13,816.0,Firozabad APMC,1.3827,0.1707,11107.956005,78,M7,False
onion,13,820.0,Ghatal APMC,-0.378,0.7068,-26502.763378,58,M6,False
onion,13,821.0,Champadanga APMC,0.2736,0.7851,15035.41761,78,M7,False
onion,13,822.0,Jangipur APMC,0.1589,0.8742,7846.87496,78,M7,False
onion,13,823.0,Udupi APMC,1.5515,0.1221,102663.31788,235,M7,False
onion,13,931.0,Kurnool APMC,-1.1084,0.269,-39502.586324,211,M6,False
onion,13,1061.0,Udumalpet APMC,0.231,0.8179,18100.280259,78,M7,False
onion,13,1070.0,Haldwani APMC,-0.0974,0.9226,-4682.757337,78,M6,False
onion,13,1071.0,Haridwar Union APMC,0.7439,0.4592,35607.011061,78,M7,False
onion,13,1072.0,Ramnagar APMC,0.6282,0.5317,12697.280905,78,M7,False
onion,13,1073.0,Roorkee APMC,-0.1349,0.893,-8005.293864,78,M6,False
onion,13,1074.0,Kotadwara APMC,-1.031,0.3058,-58521.155779,78,M6,False
onion,13,1077.0,Manglaur APMC,0.0501,0.9602,823.329962,78,M7,False
onion,13,1078.0,Gudimalkapur APMC,0.4398,0.6613,3466.757936,78,M7,False
onion,13,1079.0,Gohana APMC,-1.6319,0.104,-20814.790376,235,M6,False
onion,13,1081.0,Thodupuzha Market,0.2278,0.82,19656.116642,235,M7,False
onion,13,1085.0,Jaora APMC,1.1748,0.2412,9008.050594,235,M7,False
onion,13,1086.0,Shujalpur APMC,-1.2574,0.2099,-17846.324974,235,M6,False
onion,13,1108.0,Ambala Cantt. APMC,-1.65,0.1004,-26442.947315,217,M6,False
onion,13,1110.0,Ballabhgarh APMC,-1.9462,0.0528,-25184.59114,235,M6,False
onion,13,1111.0,Sohna APMC,-0.7036,0.4824,-8218.208928,235,M6,False
onion,13,1113.0,Mohindergarh APMC,-1.163,0.2462,-31750.465034,206,M6,False
onion,13,1119.0,Thoubal APMC,1.1203,0.264,89782.675878,190,M7,False
onion,13,1128.0,Sirhind APMC,0.8273,0.4107,49201.96904,78,M7,False
onion,13,1130.0,Mansa APMC,0.7029,0.4843,36477.180507,77,M7,False
onion,13,1139.0,Kasganj APMC,-0.2989,0.7662,-2348.632635,54,M6,False
onion,13,1140.0,Amroha APMC,0.7247,0.4717,4554.133505,56,M7,False
onion,13,1141.0,Pukharayan APMC,0.9729,0.3337,5838.899872,78,M7,False
onion,13,1142.0,Kosikalan APMC,-0.7842,0.4366,-11943.007367,52,M6,False
onion,13,1143.0,Unnao APMC,0.979,0.3307,13212.072377,78,M7,False
onion,13,1147.0,Padra APMC,0.4879,0.6261,14575.506749,235,M7,False
onion,13,1204.0,Jharsuguda APMC,-1.1455,0.2533,-38300.493938,217,M6,False
onion,13,1214.0,Tindivanam APMC,-0.651,0.517,-39926.952065,78,M6,False
onion,13,1236.0,Agar APMC,0.6275,0.5316,13179.721543,115,M7,False
onion,13,1275.0,Kapadvanj APMC,-0.4271,0.6697,-8639.96443,235,M6,False
onion,13,1282.0,Jamkhed APMC,-1.7918,0.0745,-25179.677619,235,M6,False
onion,13,1283.0,Kopargaon APMC,-1.4876,0.1382,-16289.332555,235,M6,False
onion,13,1284.0,Pathardi APMC,-1.6527,0.0997,-28326.87553,235,M6,False
onion,13,1285.0,Shevgaon APMC,-1.3196,0.1884,-22123.820902,217,M6,False
onion,13,1287.0,Shrirampur APMC,-1.1945,0.234,-20822.43542,168,M6,False
onion,13,1290.0,Bhusaval APMC,-1.9293,0.0549,-41893.148821,235,M6,False
onion,13,1297.0,Karjat APMC,-0.6504,0.5167,-11908.489507,122,M6,False
onion,13,1298.0,Kalvan APMC,-1.8568,0.0646,-42340.676875,235,M6,False
onion,13,1299.0,Nandgaon APMC,-0.977,0.3296,-15568.71593,235,M6,False
onion,13,1304.0,Vadgaonpeth APMC,0.8391,0.4025,44275.874479,196,M7,False
onion,13,1306.0,Junnar APMC,-2.6657,0.0082,-24239.923321,235,M6,True
onion,13,1310.0,Karad APMC,0.8158,0.4155,40517.696893,235,M7,False
onion,13,1313.0,Satara APMC,-0.8109,0.4182,-9594.475808,235,M6,False
onion,13,1314.0,Vaduj APMC,-0.8534,0.3974,-22397.753418,52,M6,False
onion,13,1315.0,Vai APMC,-0.9325,0.352,-14372.533223,235,M6,False
onion,13,1318.0,Mangal Wedha APMC,-0.8254,0.41,-13324.376243,235,M6,False
onion,13,1321.0,Lasur Station APMC,-1.7165,0.0874,-32874.222888,235,M6,False
onion,13,1322.0,Vaijpur APMC,-1.7295,0.085,-23952.762796,235,M6,False
onion,13,1377.0,Bayana APMC,-1.3696,0.1748,-55919.687299,78,M6,False
onion,13,1385.0,Sujangarh APMC,-2.2461,0.0276,-169457.560628,78,M6,True
onion,13,1386.0,Bhadara APMC,-0.4414,0.6602,-26668.159141,78,M6,False
onion,13,1387.0,Goluwala APMC,-0.7538,0.4533,-44198.658095,78,M6,False
onion,13,1389.0,Rawatsar APMC,-2.1302,0.0363,-63653.16362,78,M6,True
onion,13,1418.0,Rajsamand APMC,-1.64,0.1051,-37689.528859,78,M6,False
onion,13,1427.0,Zira APMC,-0.0958,0.9239,-6804.375012,78,M6,False
onion,13,1428.0,Dinanagar APMC,-0.3873,0.6996,-18526.890917,78,M6,False
onion,13,1433.0,Garh Shankar APMC,-0.674,0.5023,-25914.161531,78,M6,False
onion,13,1434.0,Tanda Urmur APMC,0.3134,0.7553,17743.537733,50,M7,False
onion,13,1435.0,Adampur APMC,-2.2671,0.0305,-84800.434213,32,M6,True
onion,13,1441.0,Doraha APMC,1.5709,0.1203,60237.980236,78,M7,False
onion,13,1443.0,Ludhiana APMC,-0.1705,0.8651,-4331.390275,78,M6,False
onion,13,1446.0,Sahnewal APMC,0.6534,0.5154,43161.593654,78,M7,False
onion,13,1449.0,Nihal Singh Wala APMC,-0.1639,0.8702,-5452.580729,78,M6,False
onion,13,1456.0,Rajpura APMC,-0.614,0.541,-28705.143236,78,M6,False
onion,13,1457.0,Chamkaur Sahib APMC,0.5823,0.5621,31760.985025,78,M7,False
onion,13,1458.0,Kharar APMC,0.3965,0.6928,33688.657303,78,M7,False
onion,13,1459.0,Kurali APMC,0.2591,0.7962,14831.574129,77,M7,False
onion,13,1464.0,Bassi Pathana APMC,0.0889,0.9294,4454.809156,77,M7,False
onion,13,1466.0,Khamano APMC,0.4287,0.6694,97865.783528,77,M7,False
onion,13,1469.0,Vellore APMC,-0.7537,0.4533,-93408.191544,78,M6,False
onion,13,1498.0,Jahajharpur APMC,1.3759,0.1708,166233.926988,157,M7,False
onion,13,1507.0,Boudh APMC,-0.5929,0.554,-17335.047188,184,M6,False
onion,13,1510.0,Sargipali APMC,-1.9533,0.052,-47078.89186,235,M6,False
onion,13,1511.0,Udala APMC,-2.0487,0.0416,-32906.994189,235,M6,True
onion,13,1513.0,Jaleswar APMC,-0.1627,0.871,-6387.438372,191,M6,False
onion,13,1516.0,Kamakhyanagar APMC,1.1477,0.2523,65868.298157,235,M7,False
onion,13,1520.0,Keonjhar APMC,0.035,0.9721,586.444908,210,M7,False
onion,13,1523.0,Balugaon APMC,-2.4523,0.0149,-39501.383594,235,M6,True
onion,13,1525.0,Birmaharajpur APMC,-0.5729,0.5675,-7136.946519,174,M6,False
onion,13,1527.0,Hinjilicut APMC,-0.0573,0.9544,-1467.883191,190,M6,False
onion,13,1537.0,Porbandar APMC,0.1911,0.8486,2579.508885,235,M7,False
onion,13,1569.0,Bhagta Bhai Ka APMC,1.1506,0.2535,26878.559587,78,M7,False
onion,13,1570.0,Talwandi Sabo APMC,-1.9155,0.0591,-103364.596224,78,M6,False
onion,13,1573.0,Mamdot APMC,1.4696,0.1466,88859.857576,64,M7,False
onion,13,1575.0,F.G.Churian APMC,-0.3396,0.7355,-25543.314328,56,M6,False
onion,13,1585.0,Banur APMC,-0.025,0.9801,-2114.424861,78,M6,False
onion,13,1587.0,Dera Bassi APMC,-0.0356,0.9717,-1595.888898,78,M6,False
onion,13,1588.0,Ghanaur APMC,-0.8036,0.4241,-41448.994453,78,M6,False
onion,13,1593.0,Lehra Gaga APMC,-0.0233,0.9815,-1740.828202,77,M6,False
onion,13,1601.0,Akole APMC,0.8461,0.3983,11203.973988,235,M7,False
onion,13,1606.0,Rayya APMC,0.1034,0.9179,4897.576809,78,M7,False
onion,13,1610.0,Ajmer(F&V) APMC,-0.8281,0.4102,-28884.273195,78,M6,False
onion,13,1611.0,Bikaner (F&V) APMC,-0.7288,0.4683,-11654.277543,78,M6,False
onion,13,1614.0,Sriganganagar (F&V) APMC,-0.2268,0.8214,-17336.916079,58,M6,False
onion,13,1633.0,Satana APMC,-0.1946,0.8459,-2199.506923,235,M6,False
onion,13,1634.0,Rahuri APMC,-2.0172,0.0448,-22020.080319,235,M6,True
onion,13,1637.0,Akluj APMC,-1.6881,0.0927,-19512.181383,235,M6,False
onion,13,1644.0,Sinner APMC,-0.6253,0.5324,-7382.204193,235,M6,False
onion,13,1663.0,Sitarganj APMC,-1.2683,0.2085,-81881.605527,78,M6,False
onion,13,1704.0,Dasda APMC,0.2072,0.8365,17400.31039,72,M7,False
onion,13,1715.0,Kopaganj APMC,0.1028,0.9184,2274.297624,78,M7,False
onion,13,1716.0,Partaval APMC,,,21520.032364,78,M7,False
onion,13,1718.0,Kannauj APMC,,,-2382.341259,52,M6,False
onion,13,1719.0,Robertsganj APMC,0.8984,0.3718,12066.598694,78,M7,False
onion,13,1720.0,Aligarh APMC,-0.5987,0.5517,-2775.934123,60,M6,False
onion,13,1721.0,Akbarpur APMC,4.7619,0.0,23297.986537,78,M7,True
onion,13,1722.0,Balrampur APMC,,,12884.004649,78,M7,False
onion,13,1727.0,Naugarh APMC,-1.6657,0.1003,-11407.691781,71,M6,False
onion,13,1729.0,Dadri APMC,0.1057,0.9162,1623.953018,56,M7,False
onion,13,1730.0,Haathras APMC,0.801,0.4256,16888.711035,78,M7,False
onion,13,1731.0,Golagokarnath APMC,2.3451,0.0216,16423.30015,78,M7,True
onion,13,1732.0,Puranpur APMC,1.2503,0.215,13122.432176,78,M7,False
onion,13,1733.0,Bangarmau APMC,0.7216,0.4736,5020.2619,56,M7,False
onion,13,1735.0,Bishalpur APMC,0.9187,0.3611,12211.123269,78,M7,False
onion,13,1737.0,Kayamganj APMC,0.5736,0.5679,8492.304341,78,M7,False
onion,13,1738.0,Konch APMC,-0.9035,0.3691,-17315.013631,77,M6,False
onion,13,1741.0,Bharthna APMC,0.306,0.7604,8347.910723,78,M7,False
onion,13,1743.0,Jayas APMC,6.8983,0.0,13144.206793,78,M7,True
onion,13,1746.0,Paliakala APMC,0.4288,0.6693,17336.931568,77,M7,False
onion,13,1749.0,Sirsa APMC,-0.5515,0.5832,-9133.933351,66,M6,False
onion,13,1754.0,Gangoh APMC,-1.8921,0.0622,-36684.350068,78,M6,False
onion,13,1755.0,Charra APMC,,,7632.931975,78,M7,False
onion,13,1759.0,Khair APMC,1.3941,0.1682,36637.929208,64,M7,False
onion,13,1760.0,Safdarganj APMC,2.8494,0.0056,7968.755829,78,M7,True
onion,13,1763.0,Naanpara APMC,-0.5269,0.5998,-16925.450163,78,M6,False
onion,13,1764.0,Jasra APMC,-0.3525,0.7257,-4745.234212,62,M6,False
onion,13,1768.0,Baripaal APMC,-1.6194,0.1095,-29848.211681,78,M6,False
onion,13,1770.0,Jasvantnagar APMC,0.4336,0.6658,7511.124693,78,M7,False
onion,13,1772.0,Tulsipur APMC,1.1083,0.2719,17438.702355,64,M7,False
onion,13,1773.0,Anandnagar APMC,0.0656,0.9478,649.884395,78,M7,False
onion,13,1774.0,Mehmoodabad APMC,4.837,0.0,21052.774831,78,M7,True
onion,13,1776.0,Shahabad(New Mandi) APMC,0.9038,0.3703,14539.323093,52,M7,False
onion,13,1778.0,Dudhi APMC,-1.2569,0.2129,-39850.475851,72,M6,False
onion,13,1780.0,Mugrabaadshahpur APMC,,,17881.420518,78,M7,False
onion,13,1783.0,Gulavati APMC,-0.4128,0.6809,-2099.571129,78,M6,False
onion,13,1785.0,Rampurmaniharan APMC,0.461,0.6467,34997.972911,54,M7,False
onion,13,1788.0,Sambhal APMC,0.8408,0.4031,9419.350321,78,M7,False
onion,13,1791.0,Najibabad APMC,-0.3305,0.7424,-4331.81941,49,M6,False
onion,13,1793.0,Jalaun APMC,-1.7581,0.0843,-25550.648642,56,M6,False
onion,13,1804.0,Barwala APMC,-2.3494,0.0196,-24056.190445,235,M6,True
onion,13,1805.0,Barara APMC,-1.2798,0.202,-17568.433647,219,M6,False
onion,13,1808.0,Naraingarh APMC,-0.6413,0.5219,-8827.547537,235,M6,False
onion,13,1809.0,Shahzadpur APMC,-1.7175,0.0872,-16668.898612,235,M6,False
onion,13,1810.0,Jagadhri APMC,0.5911,0.555,15595.096291,235,M7,False
onion,13,1811.0,Chhachrauli APMC,0.2482,0.8042,4288.809212,235,M7,False
onion,13,1812.0,Mustafabad APMC,-0.943,0.3466,-14292.589703,235,M6,False
onion,13,1813.0,Sadhaura APMC,-5.5779,0.0,-11037.013565,235,M6,True
onion,13,1814.0,Radaur APMC,0.203,0.8393,3718.388875,234,M7,False
onion,13,1823.0,Farukh Nagar APMC,-0.5338,0.594,-6403.197686,235,M6,False
onion,13,1826.0,Punhana APMC,0.0986,0.9215,2372.524244,219,M7,False
onion,13,1827.0,Tauru APMC,0.9332,0.3517,29465.865595,235,M7,False
onion,13,1828.0,Barwala(Hisar) APMC,-0.075,0.9403,-1224.828215,193,M6,False
onion,13,1833.0,Jakhal APMC,-0.3252,0.7453,-2002.984487,235,M6,False
onion,13,1839.0,Dhand APMC,0.3692,0.7123,6232.706073,235,M7,False
onion,13,1842.0,Siwan APMC,0.1718,0.8637,4039.024645,235,M7,False
onion,13,1852.0,Madlauda APMC,0.1745,0.8616,2451.615986,235,M7,False
onion,13,1853.0,Samalkha APMC,-2.4109,0.0167,-19447.637378,219,M6,True
onion,13,1860.0,Meham APMC,-2.1118,0.0358,-23530.153245,235,M6,True
onion,13,1864.0,Ganaur APMC,2.0383,0.0426,46621.282019,235,M7,True
onion,13,1868.0,Bowenpally APMC,-1.8923,0.0622,-50933.488438,78,M6,False
onion,13,1894.0,Parner APMC,-0.9528,0.3417,-12016.84097,235,M6,False
onion,13,1895.0,Devala APMC,0.1197,0.9048,2254.7973,235,M7,False
onion,13,1939.0,Ramtek APMC,0.6504,0.516,22067.201792,235,M7,False
onion,13,1966.0,Gopiganj APMC,2.6025,0.0114,13860.729306,67,M7,True
onion,13,1967.0,Karvi APMC,1.6323,0.1067,15989.254031,78,M7,False
onion,13,1971.0,Aroor APMC,-0.219,0.8269,-19464.842979,215,M6,False
onion,13,1973.0,Kuruppanthura Market,0.7784,0.4371,115649.236663,232,M7,False
onion,13,1974.0,Chelakkara Market,-1.0411,0.2989,-59064.055051,235,M6,False
onion,13,1975.0,Munnar Market,-1.1201,0.2638,-89597.205467,235,M6,False
onion,13,1977.0,Kottakkal Market,-1.7638,0.0791,-76341.507346,235,M6,False
onion,13,1978.0,Angamaly Market,-1.0732,0.2843,-51798.87273,235,M6,False
onion,13,1979.0,Kallachi Market,-1.3796,0.169,-95114.866665,235,M6,False
onion,13,1980.0,Taliparamba Market,-0.3809,0.704,-52906.453944,104,M6,False
onion,13,1981.0,Neeleswaram APMC,-1.3176,0.1889,-60431.97399,235,M6,False
onion,13,1986.0,Madhavapuram Market,-0.955,0.3406,-49874.505074,235,M6,False
onion,13,2007.0,Piravam Market,-1.1867,0.2365,-40888.785208,235,M6,False
onion,13,2008.0,Aralamoodu Market,-0.2139,0.8308,-5123.601481,235,M6,False
onion,13,2013.0,Anchal Market,-1.6175,0.1071,-44712.330137,235,M6,False
onion,13,2015.0,Chengannur Market,-0.0738,0.9412,-4696.631349,235,M6,False
onion,13,2016.0,Kayamkulam Market,0.0298,0.9762,1006.816631,235,M7,False
onion,13,2017.0,Harippad APMC,-1.7034,0.0903,-85996.124869,169,M6,False
onion,13,2019.0,Pampady Market,-0.5429,0.5877,-19375.295591,235,M6,False
onion,13,2020.0,Ettumanoor Market,-0.3794,0.7048,-28968.680934,235,M6,False
onion,13,2021.0,Kanjirappally Market,0.3855,0.7002,69493.444711,235,M7,False
onion,13,2022.0,Pala Market,0.4198,0.675,80467.166822,235,M7,False
onion,13,2024.0,Chalakudy Market,-1.4595,0.1458,-63884.700556,235,M6,False
onion,13,2025.0,Irinjalakkuda APMC,-1.3469,0.1793,-69628.780447,235,M6,False
onion,13,2026.0,Chavakkad Market,-0.6839,0.4947,-25567.834177,235,M6,False
onion,13,2027.0,Wadakkanchery Market,-1.4609,0.1454,-96098.859666,235,M6,False
onion,13,2035.0,Kanjangadu Market,-1.2346,0.2182,-69462.51671,235,M6,False
onion,13,2036.0,Vamanapuram Market,-0.1475,0.8829,-5048.956886,235,M6,False
onion,13,2039.0,Rahata APMC,-0.4979,0.619,-6177.507657,235,M6,False
onion,13,2076.0,Badnawar APMC,-1.456,0.1478,-23687.380978,131,M6,False
onion,13,2086.0,Narsinghgarh APMC,-2.1003,0.0368,-23304.050434,235,M6,True
onion,13,2088.0,Sailana APMC,-3.474,0.0006,-21133.594857,235,M6,True
onion,13,2097.0,Shajapur APMC,0.789,0.4316,20737.067956,132,M7,False
onion,13,2103.0,Kalapipal APMC,-1.627,0.1051,-19198.158057,235,M6,False
onion,13,2130.0,Rahuri(Vambori) APMC,-1.1551,0.2492,-21068.759972,235,M6,False
onion,13,2139.0,Lasalgaon(Niphad) APMC,0.5225,0.6018,11099.792954,235,M7,False
onion,13,2141.0,Dindori(Vani) APMC,0.5183,0.6049,11222.109137,167,M7,False
onion,13,2142.0,Pimpalgaon Baswant(Saykheda) APMC,-0.1847,0.8536,-1906.786804,235,M6,False
onion,13,2146.0,Junnar(Otur) APMC,0.1995,0.8421,3440.480513,235,M7,False
onion,13,2147.0,Khed(Chakan) APMC,-1.2791,0.2021,-14237.021785,235,M6,False
onion,13,2148.0,Pune(Pimpri) APMC,-0.9196,0.3587,-18972.619173,235,M6,False
onion,13,2149.0,Pune(Khadiki) APMC,-0.9662,0.3349,-15625.744044,235,M6,False
onion,13,2150.0,"Sangli(Phale, Bhajipala Market) APMC",-1.5161,0.1308,-14392.962872,235,M6,False
onion,13,2163.0,Chandrapur(Ganjwad) APMC,0.7517,0.453,24790.296929,235,M7,False
onion,13,2173.0,Kathua (F&V),-1.0608,0.2899,-44036.239735,235,M6,False
onion,13,2176.0,Thrippunithura Market,-1.0735,0.2842,-52347.659018,235,M6,False
onion,13,2177.0,Pattambi Market,-1.0785,0.2819,-69071.990105,235,M6,False
onion,13,2180.0,Muradnagar APMC,0.9412,0.3514,7919.242737,48,M7,False
onion,13,2181.0,Khekda APMC,-1.5809,0.118,-57399.213124,78,M6,False
onion,13,2182.0,Jahangirabad APMC,-1.2356,0.2204,-25208.841987,78,M6,False
onion,13,2183.0,Siyana APMC,-1.4344,0.1555,-17441.973651,78,M6,False
onion,13,2184.0,Sikanderabad APMC,-1.0197,0.3114,-23212.390846,70,M6,False
onion,13,2185.0,Anoop Shahar APMC,-0.9703,0.3357,-10023.317861,63,M6,False
onion,13,2186.0,Sikarpur APMC,0.4842,0.6296,5203.038235,78,M7,False
onion,13,2188.0,Chutmalpur APMC,-0.6323,0.5295,-10820.961104,62,M6,False
onion,13,2190.0,Kairana APMC,-1.2902,0.2008,-13937.373368,78,M6,False
onion,13,2191.0,Thanabhavan APMC,,,4383.134115,78,M7,False
onion,13,2193.0,Fatehabad APMC,-0.7382,0.4626,-12999.638772,78,M6,False
onion,13,2195.0,Khairagarh APMC,-0.7848,0.435,-20431.229555,78,M6,False
onion,13,2196.0,Jagnair APMC,1.9189,0.0587,23082.173295,78,M7,False
onion,13,2198.0,Samsabad APMC,-1.19,0.2377,-23950.544784,78,M6,False
onion,13,2200.0,Shadabad APMC,-0.4007,0.6897,-15365.9476,78,M6,False
onion,13,2203.0,Awagarh APMC,-1.5098,0.1352,-7395.632577,78,M6,False
onion,13,2209.0,Dhanaura APMC,1.2811,0.204,12556.31722,78,M7,False
onion,13,2212.0,Anwala APMC,-0.9941,0.3233,-4784.723899,78,M6,False
onion,13,2216.0,Shahaswan APMC,-2.0854,0.0404,-24080.423912,77,M6,True
onion,13,2219.0,Uttaripura APMC,,,-21126.841287,52,M6,False
onion,13,2225.0,Lalganj APMC,-2.015,0.0474,-35324.721478,78,M6,True
onion,13,2227.0,Salon APMC,0.3028,0.7629,3351.492218,69,M7,False
onion,13,2229.0,Hargaon (Laharpur) APMC,-0.6531,0.5156,-14268.434247,78,M6,False
onion,13,2239.0,Rudauli APMC,-0.317,0.7525,-3727.350186,54,M6,False
onion,13,2240.0,Nawabganj APMC,0.2807,0.7797,3624.420858,78,M7,False
onion,13,2243.0,Ahirora APMC,0.2108,0.8336,5066.155103,78,M7,False
onion,13,2244.0,Doharighat APMC,2.7193,0.0083,66157.332605,68,M7,True
onion,13,2249.0,Khalilabad APMC,0.8418,0.4027,16351.038513,73,M7,False
onion,13,2250.0,Gadaura APMC,1.4351,0.1571,3449.211801,54,M7,False
onion,13,2252.0,Payagpur APMC,0.0301,0.976,1024.866215,63,M7,False
onion,13,2266.0,Kalyani APMC,0.3621,0.7183,18486.583311,78,M7,False
onion,13,2268.0,Baruipur(Canning) APMC,0.7073,0.4815,42500.061318,78,M7,False
onion,13,2269.0,Uluberia APMC,0.4292,0.669,25889.269799,78,M7,False
onion,13,2270.0,Sheoraphuly APMC,-0.2953,0.7686,-16976.266101,78,M6,False
onion,13,2318.0,Rajgarh APMC,-0.9402,0.3482,-8670.769602,205,M6,False
onion,13,2325.0,Shamgarh APMC,-0.8342,0.4057,-13248.587216,132,M6,False
onion,13,2422.0,Thirupathur APMC,-1.1509,0.2534,-54416.445624,78,M6,False
onion,13,2441.0,Ambala City(Subji Mandi) APMC,1.2328,0.2192,11893.435861,192,M7,False
onion,13,2444.0,FerozpurZirkha(Nagina) APMC,0.1352,0.8926,2962.876403,235,M7,False
onion,13,2451.0,Panchkul(Kalka) APMC,1.0831,0.2812,36468.752415,110,M7,False
onion,13,2481.0,Kota (F&V) APMC,-0.3798,0.7055,-35150.00693,58,M6,False
onion,13,2487.0,Jalandhar City(Jalandhar) APMC,-0.7219,0.4726,-7559.410206,78,M6,False
onion,13,2490.0,Nawan Shahar(Subzi Mandi) APMC,-0.1785,0.8588,-9486.201976,78,M6,False
onion,13,2505.0,Rampuraphul(Nabha Mandi) APMC,-0.6327,0.5288,-32695.348794,78,M6,False
onion,13,2510.0,Mukerian(Talwara) APMC,-0.038,0.9698,-3063.584569,74,M6,False
onion,13,2521.0,SMY Nadaun,0.5066,0.6129,16831.582698,235,M7,False
onion,13,2524.0,SMY Takoli,-1.7003,0.0904,-29162.380106,235,M6,False
onion,13,2526.0,SMY Baijnath,-1.2581,0.2096,-34440.239274,235,M6,False
onion,13,2527.0,SMY Nagrota Bagwan,-0.6532,0.5144,-16835.226242,201,M6,False
onion,13,2528.0,SMY Jassur,-0.6587,0.5109,-25640.139882,192,M6,False
onion,13,2529.0,SMY Jaisinghpur,-0.2266,0.8209,-4972.693159,235,M6,False
onion,13,2536.0,Belacoba APMC,0.7852,0.4348,51059.294534,78,M7,False
onion,13,2537.0,Siliguri APMC,0.3663,0.7152,20028.794339,78,M7,False
onion,13,2543.0,Ahmedabad(Chimanbhai Patal Market Vasana) APMC,0.0537,0.9572,934.607777,235,M7,False
onion,13,2545.0,Rajkot(Veg.Sub Yard) APMC,-1.2434,0.2149,-19123.775213,235,M6,False
onion,13,2549.0,Dahod(Veg. Market) APMC,-2.264,0.0245,-32229.669213,235,M6,True
onion,13,2551.0,Vadodara(Sayajipura) APMC,0.1553,0.8767,2938.904592,235,M7,False
onion,13,2571.0,"Anand(Veg,Yard,Anand) APMC",0.692,0.4896,10491.456035,235,M7,False
onion,13,2668.0,Kottarakkara Market,-0.9195,0.3588,-43840.451877,235,M6,False
onion,13,2673.0,Mannar Market,-0.1357,0.8922,-10674.863175,235,M6,False
onion,13,2674.0,Athirampuzha Market,-0.6199,0.5359,-39174.240664,235,M6,False
onion,13,2675.0,Thalayolaparambu Market,-0.6833,0.4951,-36219.487502,235,M6,False
onion,13,2677.0,Vandiperiyar Market,-0.8163,0.4152,-54638.404801,226,M6,False
onion,13,2679.0,Kattappana Market,-1.3634,0.1741,-49062.34306,235,M6,False
onion,13,2680.0,Perumbavoor Market,-1.4993,0.1351,-75113.617539,235,M6,False
onion,13,2681.0,Kothamangalam Market,-1.6564,0.099,-70271.692449,235,M6,False
onion,13,2683.0,Vadakkenchery Market,0.191,0.8487,30318.074079,235,M7,False
onion,13,2684.0,Perinthalmanna Market,0.0259,0.9793,947.715385,235,M7,False
onion,13,2685.0,Parappanangadi Market,-1.252,0.2122,-67211.226729,186,M6,False
onion,13,2686.0,Thirurrangadi Market,-1.8591,0.0643,-69978.213387,235,M6,False
onion,13,2687.0,Kondotty Market,-1.2251,0.2219,-41478.333374,213,M6,False
onion,13,2689.0,Perambra Market,-1.8021,0.0728,-91480.973286,235,M6,False
onion,13,2690.0,Mukkom Market,-1.6128,0.1081,-105161.002283,235,M6,False
onion,13,2691.0,Quilandy Market,-1.4917,0.1371,-92704.212357,235,M6,False
onion,13,2692.0,Thamarassery Market,-1.5729,0.1171,-82519.996543,235,M6,False
onion,13,2693.0,Chala Market,0.5101,0.6105,52919.40647,235,M7,False
onion,13,2696.0,Phillaur(Apra Mandi) APMC,-0.8429,0.4021,-72525.399231,72,M6,False
onion,13,2701.0,Garh Shankar(Mahalpur) APMC,-1.1029,0.2735,-63112.209662,77,M6,False
onion,13,2703.0,Mumbai-Onion & Potato Market APMC,0.585,0.5591,15326.700981,235,M7,False
onion,13,2704.0,Amrawati(Frui & Veg. Market) APMC,-0.8675,0.3866,-18698.932031,235,M6,False
onion,13,2708.0,Newasa(Ghodegaon) APMC,-0.0104,0.9917,-163.765454,235,M6,False
onion,13,2713.0,Bonai APMC,-0.1381,0.8903,-4757.19511,165,M6,False
onion,13,2714.0,Bargarh(Barapalli) APMC,-1.5668,0.1186,-44666.753335,218,M6,False
onion,13,2721.0,Keonjhar(Dhekikote) APMC,-0.2087,0.8349,-3601.168729,216,M6,False
onion,13,2738.0,Udaipur (F&V) APMC,-1.5177,0.1332,-87843.258731,78,M6,False
onion,13,2739.0,Chomu FV APMC,-1.5356,0.1287,-73808.698346,78,M6,False
onion,13,2744.0,Bassi APMC,-2.7382,0.0077,-123271.655514,78,M6,True
onion,13,2773.0,Mehsana(Mehsana Veg) APMC,-0.8702,0.3851,-7238.291224,235,M6,False
onion,13,2774.0,Deesa(Deesa Veg Yard) APMC,-1.3314,0.1843,-16486.59728,235,M6,False
onion,13,2800.0,Khandhla APMC,-0.3438,0.7322,-8480.508967,61,M6,False
onion,13,2803.0,Noida APMC,-0.889,0.3779,-34773.795735,56,M6,False
onion,13,2894.0,Bara Bazar (Posta Bazar) APMC,-0.4753,0.6359,-41401.432029,78,M6,False
onion,13,2897.0,Habra APMC,-0.2039,0.8389,-13896.528245,78,M6,False
onion,13,2899.0,Durgapur APMC,-0.0516,0.959,-3995.259063,78,M6,False
onion,13,2902.0,Gajol APMC,-0.2277,0.8205,-16226.595221,78,M6,False
onion,13,2905.0,Balarampur APMC,-0.25,0.8032,-11572.486567,78,M6,False
onion,13,2910.0,"New Grain Market , Faridabad APMC",-0.9281,0.3543,-9132.874626,233,M6,False
onion,13,2940.0,Tiruchengode APMC,-1.4825,0.1423,-85356.604025,78,M6,False
onion,13,2970.0,Thuraiyur APMC,-1.5055,0.1363,-92864.595939,78,M6,False
onion,13,3039.0,SMY Santoshgarh,-2.0929,0.0374,-56562.323262,235,M6,True
onion,13,3045.0,Harda(F&V) APMC,-1.1878,0.2374,-30607.504055,113,M6,False
onion,13,3046.0,Indore APMC,0.6877,0.4929,9340.826765,132,M7,False
onion,13,3048.0,Badnawar(F&V) APMC,-1.5107,0.1331,-8576.124526,141,M6,False
onion,13,3054.0,Dewas(F&V) APMC,-0.8781,0.3814,-8044.946227,137,M6,False
onion,13,3059.0,Lashkar(F&V) APMC,-1.3446,0.181,-11201.381529,139,M6,False
onion,13,3067.0,Sagar(F&V) APMC,-1.435,0.1536,-13022.26138,139,M6,False
onion,13,3071.0,Jabalpur(F&V) APMC,0.9175,0.3605,21368.455312,139,M7,False
onion,13,3075.0,Chhindwara(F&V) APMC,0.827,0.41,11470.340041,114,M7,False
onion,13,3080.0,Tusura APMC,0.1464,0.8838,2575.525853,155,M7,False
onion,13,3086.0,Godbhaga APMC,-2.3778,0.0186,-61274.460411,159,M6,True
onion,13,3092.0,Saharpada APMC,-0.3982,0.6909,-8891.062206,223,M6,False
onion,13,3098.0,Kalyanpur APMC,-0.4853,0.6288,-59039.608165,78,M6,False
onion,13,3099.0,Jampuijala APMC,0.1656,0.8689,31783.506621,70,M7,False
onion,13,3102.0,Gondatwisa APMC,-0.7183,0.4749,-83247.07988,72,M6,False
onion,13,3104.0,Silachhari APMC,0.394,0.6947,32436.031232,78,M7,False
onion,13,3105.0,Barpathari APMC,-0.6289,0.5313,-85030.675321,78,M6,False
onion,13,3117.0,Asansol APMC,0.0215,0.9829,1736.180279,78,M7,False
onion,13,3128.0,Junnar(Alephata) APMC,0.9382,0.3491,36557.599448,235,M7,False
onion,13,3130.0,Junnar(Narayangaon) APMC,0.8322,0.4062,23130.931443,210,M7,False
onion,13,3142.0,Kamthi APMC,0.4068,0.6845,25422.053035,235,M7,False
onion,13,3218.0,Tiphra APMC,-1.5676,0.1185,-41697.963289,213,M6,False
onion,13,3297.0,Khariar APMC,-1.0921,0.2761,-48919.482226,200,M6,False
onion,13,3299.0,Chuliaposi APMC,-0.1412,0.8879,-8269.016391,154,M6,False
onion,13,3306.0,Nilagiri APMC,-1.2888,0.2001,-56132.410208,113,M6,False
onion,13,3308.0,Hindol APMC,-2.3544,0.0194,-68110.145968,235,M6,True
onion,13,3339.0,Falakata APMC,0.0384,0.9695,3661.367139,54,M7,False
onion,13,3340.0,Moynaguri APMC,0.3359,0.7378,25312.762312,78,M7,False
onion,13,3341.0,Karsiyang(Matigara) APMC,0.303,0.7627,32524.044057,78,M7,False
onion,13,3343.0,Raiganj APMC,-0.5963,0.5539,-64387.167746,48,M6,False
onion,13,3344.0,Gangarampur(Dakshin Dinajpur) APMC,-0.0922,0.9268,-7906.074727,72,M6,False
onion,13,3346.0,Diamond Harbour(South 24-pgs) APMC,0.2063,0.8371,13486.888824,78,M7,False
onion,13,3347.0,Kalipur APMC,-0.5158,0.6075,-45389.140648,78,M6,False
onion,13,3349.0,Ranaghat APMC,-0.1329,0.8946,-10247.438384,78,M6,False
onion,13,3350.0,Chakdah APMC,-0.183,0.8553,-14538.322762,78,M6,False
onion,13,3352.0,Garbeta(Medinipur) APMC,-0.4138,0.6802,-33209.369289,78,M6,False
onion,13,3354.0,Kasipur APMC,-0.5513,0.583,-38215.399203,78,M6,False
onion,13,3355.0,Sainthia APMC,0.1074,0.9147,7304.365842,78,M7,False
onion,13,3393.0,Broadway market Market,-1.3842,0.1687,-73186.769007,132,M6,False
onion,13,3394.0,North Paravur Market,0.4921,0.6235,120972.288059,133,M7,False
onion,13,3440.0,GarhShankar (Kotfatuhi) APMC,-1.7379,0.0862,-72710.298209,78,M6,False
onion,13,3445.0,APMC Azadpur,-1.1845,0.2374,-39803.389105,235,M6,False
onion,13,3448.0,Lasalgaon(Vinchur) APMC,0.2351,0.8143,5416.038964,235,M7,False
onion,13,3449.0,Pune(Manjri) APMC,-0.6683,0.5046,-10503.882984,235,M6,False
onion,13,3450.0,Pune(Moshi) APMC,-1.6401,0.1023,-37694.672445,235,M6,False
onion,13,3452.0,Agriculture Produce Market Committee Hingna,-1.769,0.0792,-96256.140436,131,M6,False
onion,13,3458.0,Umrane APMC,-1.1357,0.2573,-12903.825002,235,M6,False
onion,13,3462.0,Nampur APMC,-0.0348,0.9723,-588.731442,235,M6,False
onion,13,3500.0,Batengoo Anantnag (F&V),-1.1712,0.2504,-92218.388243,32,M6,False
onion,13,3517.0,PMY Kangni Mandi,,,14717.975551,33,M7,False
onion,13,3626.0,Dablirathan APMC,-0.333,0.7402,-5507.276068,64,M6,False
onion,13,3677.0,Kanchanpur,-0.2418,0.8096,-25866.513283,74,M6,False
onion,13,3680.0,Kadamtala,-0.9764,0.3319,-72948.821092,78,M6,False
onion,13,3953.0,Tajpur APMC,1.2193,0.2245,131547.696236,163,M7,False
onion,13,3956.0,Sheohar APMC,1.585,0.1146,231749.475926,194,M7,False
onion,13,3996.0,"Laxmi-Sopan Agriculture Produce Marketing Co Ltd, Barshi, Dist Solapur",-0.6234,0.5344,-13751.670938,108,M6,False
onion,13,4025.0,"Omchatinya Multi State Agro Purpose Co-Op Society, Dist Ahilyanagar",-1.069,0.287,-18358.992676,134,M6,False
onion,13,4038.0,"Shivsiddha Govind Producer Company Ltd Sanchalit Khajgi Krush Utpann Bajar, Samati-Nashik",1.1391,0.2574,103729.218994,100,M7,False
onion,13,4055.0,Ariyalur(Uzhavar Sandhai),-1.5427,0.127,-119437.799889,78,M6,False
onion,13,4056.0,Jeyankondam (Uzhavar Sandhai ),-0.1382,0.8905,-5361.49594,78,M6,False
onion,13,4057.0,RSPuram(Uzhavar Sandhai ),-0.9061,0.3677,-60896.072915,78,M6,False
onion,13,4058.0,Singanallur(Uzhavar Sandhai ),-0.7329,0.4658,-79135.112354,78,M6,False
onion,13,4059.0,Pollachi(Uzhavar Sandhai ),-1.2388,0.2192,-96908.10695,78,M6,False
onion,13,4060.0,Mettupalayam(Uzhavar Sandhai ),-0.6415,0.5231,-63288.010842,78,M6,False
onion,13,4061.0,Kurichi(Uzhavar Sandhai ),-0.8129,0.4188,-73784.964674,78,M6,False
onion,13,4062.0,Sulur(Uzhavar Sandhai ),-0.7931,0.4302,-77437.398457,78,M6,False
onion,13,4063.0,Vadavalli(Uzhavar Sandhai ),-1.0403,0.3014,-104630.747188,78,M6,False
onion,13,4064.0,Sundarapuram(Uzhavar Sandhai ),-0.8289,0.4097,-94737.163437,78,M6,False
onion,13,4065.0,Cuddalore(Uzhavar Sandhai ),-1.2885,0.2014,-70915.989278,78,M6,False
onion,13,4066.0,Chidambaram(Uzhavar Sandhai ),0.1635,0.8706,4806.202338,78,M7,False
onion,13,4067.0,Viruthachalam(Uzhavar Sandhai ),-0.4619,0.6455,-24278.885657,78,M6,False
onion,13,4068.0,Panruti(Uzhavar Sandhai ),-0.3051,0.7611,-18101.540915,78,M6,False
onion,13,4070.0,Dharmapuri(Uzhavar Sandhai ),-0.9657,0.3372,-98878.240477,78,M6,False
onion,13,4071.0,Pennagaram(Uzhavar Sandhai ),-1.0836,0.2819,-48632.185348,78,M6,False
onion,13,4072.0,Palacode(Uzhavar Sandhai ),-0.9792,0.3306,-67785.058923,78,M6,False
onion,13,4073.0,Harur(Uzhavar Sandhai ),-0.778,0.439,-83972.877224,78,M6,False
onion,13,4074.0,AJattihalli(Uzhavar Sandhai ),-1.0236,0.3092,-101437.41219,78,M6,False
onion,13,4075.0,Dindigul(Uzhavar Sandhai ),-1.3348,0.1859,-57871.443414,78,M6,False
onion,13,4076.0,Palani(Uzhavar Sandhai ),-1.1347,0.26,-84930.168835,78,M6,False
onion,13,4077.0,Chinnalapatti(Uzhavar Sandhai ),-2.1593,0.0339,-84853.418246,78,M6,True
onion,13,4080.0,Vedasanthur(Uzhavar Sandhai ),-1.3322,0.1867,-45784.09698,78,M6,False
onion,13,4081.0,Sampath Nagar(Uzhavar Sandhai ),-1.4789,0.1433,-66337.87482,78,M6,False
onion,13,4082.0,Gobichettipalayam(Uzhavar Sandhai ),-0.9313,0.3546,-59449.267831,78,M6,False
onion,13,4083.0,Sathiyamagalam(Uzhavar Sandhai ),-1.3317,0.1869,-60384.09334,78,M6,False
onion,13,4085.0,Perundurai(Uzhavar Sandhai ),-0.7677,0.445,-7449.790076,78,M6,False
onion,13,4086.0,Thalavadi(Uzhavar Sandhai ),-0.6955,0.4888,-49725.922961,78,M6,False
onion,13,4087.0,Kancheepuram(Uzhavar Sandhai ),-1.1865,0.2391,-115728.19032,78,M6,False
onion,13,4088.0,Padappai(Uzhavar Sandhai ),-0.776,0.4401,-75238.000337,78,M6,False
onion,13,4089.0,Sunguvarchatram(Uzhavar Sandhai ),0.7994,0.4265,30021.29129,78,M7,False
onion,13,4090.0,Kundrathur(Uzhavar Sandhai ),-0.0203,0.9838,-657.587435,78,M6,False
onion,13,4091.0,Karur(Uzhavar Sandhai ),-1.8874,0.0629,-101160.961847,78,M6,False
onion,13,4092.0,Kulithalai(Uzhavar Sandhai ),-1.6955,0.094,-71164.11345,78,M6,False
onion,13,4093.0,Velayuthampalayam(Uzhavar Sandhai ),,,-39863.875309,52,M6,False
onion,13,4096.0,Hosur(Uzhavar Sandhai ),0.1393,0.8896,6900.690673,78,M7,False
onion,13,4097.0,Krishnagiri(Uzhavar Sandhai ),-0.4335,0.6659,-33925.72043,78,M6,False
onion,13,4098.0,Kaveripattinam(Uzhavar Sandhai ),-1.3222,0.19,-96430.158828,78,M6,False
onion,13,4099.0,Denkanikottai(Uzhavar Sandhai ),-0.6341,0.5279,-48864.962648,78,M6,False
onion,13,4100.0,Avallapalli(Uzhavar Sandhai ),-0.838,0.4046,-64895.84394,78,M6,False
onion,13,4102.0,Chokkikulam(Uzhavar Sandhai ),-1.0885,0.2798,-79784.925448,78,M6,False
onion,13,4103.0,Palanganatham(Uzhavar Sandhai ),-1.4421,0.1533,-70078.353116,78,M6,False
onion,13,4104.0,Usilampatti(Uzhavar Sandhai ),-0.9149,0.3671,-290758.153688,33,M6,False
onion,13,4105.0,Thirumangalam(Uzhavar Sandhai ),-0.7825,0.4363,-58587.489629,78,M6,False
onion,13,4106.0,Melur(Uzhavar Sandhai ),-1.5586,0.1232,-62752.852437,78,M6,False
onion,13,4107.0,Anaiyur(Uzhavar Sandhai ),-1.3825,0.1708,-78891.666545,78,M6,False
onion,13,4108.0,Mayiladuthurai(Uzhavar Sandhai ),0.4449,0.6577,17220.023296,78,M7,False
onion,13,4109.0,Nagapattinam(Uzhavar Sandhai ),-0.2086,0.8353,-10219.053406,78,M6,False
onion,13,4110.0,Sirkali(Uzhavar Sandhai ),-1.4018,0.165,-47185.961827,78,M6,False
onion,13,4111.0,Namakkal(Uzhavar Sandhai ),-0.9549,0.3426,-75791.58085,78,M6,False
onion,13,4113.0,Rasipuram(Uzhavar Sandhai ),-1.4922,0.1397,-61513.265702,78,M6,False
onion,13,4114.0,Kumarapalayam(Uzhavar Sandhai ),-1.6237,0.1085,-31006.472449,78,M6,False
onion,13,4115.0,Paramathivelur(Uzhavar Sandhai ),-2.1483,0.0348,-171766.495832,78,M6,True
onion,13,4116.0,Mohanur(Uzhavar Sandhai ),-1.2409,0.2184,-72861.162365,78,M6,False
onion,13,4117.0,Udhagamandalam(Uzhavar Sandhai ),-0.7253,0.4705,-17995.698381,78,M6,False
onion,13,4118.0,Coonoor(Uzhavar Sandhai ),-1.4359,0.1551,-54167.413874,78,M6,False
onion,13,4120.0,Gudalur(Uzhavar Sandhai ),0.1996,0.8424,5328.966437,78,M7,False
onion,13,4121.0,Perambalur(Uzhavar Sandhai ),-1.3748,0.1732,-66771.59843,78,M6,False
onion,13,4123.0,Pudukottai(Uzhavar Sandhai ),-0.5937,0.5545,-39098.341121,78,M6,False
onion,13,4124.0,Aranthangi(Uzhavar Sandhai ),0.2779,0.7818,18167.632839,78,M7,False
onion,13,4125.0,Alangudi(Uzhavar Sandhai ),-0.4516,0.653,-33428.412516,71,M6,False
onion,13,4126.0,Gandarvakottai(Uzhavar Sandhai ),-2.5705,0.0121,-66160.280515,78,M6,True
onion,13,4127.0,Karambakkudi(Uzhavar Sandhai ),-1.1175,0.2673,-51068.591285,78,M6,False
onion,13,4128.0,Viralimalai(Uzhavar Sandhai ),-0.7406,0.4612,-47154.642737,78,M6,False
onion,13,4129.0,Ramanathapuram(Uzhavar Sandhai ),-1.3879,0.1692,-69020.22028,78,M6,False
onion,13,4130.0,Paramakudi(Uzhavar Sandhai ),-2.684,0.0089,-92261.012093,78,M6,True
onion,13,4132.0,Sooramangalam(Uzhavar Sandhai ),-1.6423,0.1046,-68904.708388,78,M6,False
onion,13,4133.0,Ammapet(Uzhavar Sandhai ),-1.8856,0.0631,-82743.615822,78,M6,False
onion,13,4134.0,Athur(Uzhavar Sandhai ),-0.9886,0.3259,-42767.601849,78,M6,False
onion,13,4135.0,Thathakapatti(Uzhavar Sandhai ),-2.2793,0.0254,-96931.535339,78,M6,True
onion,13,4136.0,Mettur(Uzhavar Sandhai ),-1.4911,0.14,-110753.497501,78,M6,False
onion,13,4137.0,Attayampatti(Uzhavar Sandhai ),,,-29618.913543,66,M6,False
onion,13,4138.0,Hasthampatti(Uzhavar Sandhai ),-1.666,0.0998,-78388.083524,78,M6,False
onion,13,4139.0,Elampillai(Uzhavar Sandhai ),-2.4788,0.0154,-100481.627043,78,M6,True
onion,13,4140.0,Thammampatti (Uzhavar Sandhai ),-1.4336,0.1557,-79538.120602,78,M6,False
onion,13,4141.0,Jalagandapuram(Uzhavar Sandhai ),-1.8387,0.0698,-83259.023519,78,M6,False
onion,13,4142.0,Edapadi (Uzhavar Sandhai ),-2.8269,0.006,-107370.103444,78,M6,True
onion,13,4143.0,Sivagangai (Uzhavar Sandhai ),-2.0485,0.0439,-120656.093914,78,M6,True
onion,13,4144.0,Devakottai (Uzhavar Sandhai ),-1.4443,0.1527,-119204.320835,78,M6,False
onion,13,4145.0,Karaikudi(Uzhavar Sandhai ),-2.1453,0.0351,-143609.181955,78,M6,True
onion,13,4146.0,Tirupatthur(Uzhavar Sandhai ),-1.5972,0.1143,-160123.157537,78,M6,False
onion,13,4147.0,Singampunari(Uzhavar Sandhai ),-1.6443,0.1042,-111835.269231,78,M6,False
onion,13,4148.0,Thanjavur(Uzhavar Sandhai ),-2.5451,0.0129,-45116.912481,78,M6,True
onion,13,4149.0,Kumbakonam (Uzhavar Sandhai ),-0.1536,0.8783,-7244.371197,78,M6,False
onion,13,4150.0,Pattukottai(Uzhavar Sandhai ),-0.9829,0.3287,-85667.134646,78,M6,False
onion,13,4152.0,Papanasam(Uzhavar Sandhai ),-0.5513,0.583,-30652.235476,78,M6,False
onion,13,4153.0,Theni(Uzhavar Sandhai ),-0.4795,0.6329,-29748.277714,78,M6,False
onion,13,4154.0,Kambam(Uzhavar Sandhai ),-0.5706,0.5699,-50693.382463,78,M6,False
onion,13,4155.0,Bodinayakanur(Uzhavar Sandhai ),-1.5669,0.1212,-96947.455735,78,M6,False
onion,13,4156.0,Periyakulam(Uzhavar Sandhai ),-0.6221,0.5357,-55938.561624,78,M6,False
onion,13,4157.0,Devaram(Uzhavar Sandhai ),-0.6222,0.5357,-35040.384428,78,M6,False
onion,13,4158.0,Andipatti(Uzhavar Sandhai ),-0.6923,0.4908,-55397.251728,78,M6,False
onion,13,4159.0,Chinnamanur(Uzhavar Sandhai ),-0.5046,0.6153,-48265.160985,78,M6,False
onion,13,4160.0,Palayamkottai(Uzhavar Sandhai ),-0.1081,0.9142,-5714.566686,78,M6,False
onion,13,4162.0,Melapalayam(Uzhavar Sandhai ),-0.4218,0.6743,-46279.379211,78,M6,False
onion,13,4164.0,NGO Colony(Uzhavar Sandhai ),-0.6363,0.5265,-67498.609806,78,M6,False
onion,13,4166.0,Tiruvallur(Uzhavar Sandhai ),-0.9665,0.3368,-36463.059915,78,M6,False
onion,13,4167.0,Ambattur(Uzhavar Sandhai ),-0.6998,0.4862,-30260.943124,78,M6,False
onion,13,4168.0,Paruthipattu(Uzhavar Sandhai ),-1.7544,0.0833,-74345.803596,78,M6,False
onion,13,4169.0,Naravarikuppam(Uzhavar Sandhai ),-2.0094,0.048,-79349.151531,78,M6,True
onion,13,4170.0,Perambakkam(Uzhavar Sandhai ),-0.4721,0.6382,-12232.132614,78,M6,False
onion,13,4172.0,Mannargudi I(Uzhavar Sandhai ),-1.6136,0.1107,-101792.389163,78,M6,False
onion,13,4173.0,Tiruvarur(Uzhavar Sandhai ),0.1381,0.8906,25081.530521,64,M7,False
onion,13,4174.0,Needamangalam(Uzhavar Sandhai ),-0.4966,0.6209,-38346.47992,78,M6,False
onion,13,4175.0,Muthupettai(Uzhavar Sandhai ),-0.2755,0.7837,-38239.28469,78,M6,False
onion,13,4176.0,Mannargudi II(Uzhavar Sandhai ),-2.441,0.0169,-174536.63578,78,M6,True
onion,13,4178.0,Tuticorin(Uzhavar Sandhai ),0.1533,0.8786,5711.880089,78,M7,False
onion,13,4179.0,Kovilpatti(Uzhavar Sandhai ),-2.7796,0.0068,-86350.796033,78,M6,True
onion,13,4180.0,Tiruvannamalai(Uzhavar Sandhai ),-1.3648,0.1763,-126736.673443,78,M6,False
onion,13,4181.0,Polur(Uzhavar Sandhai ),-1.4441,0.1528,-68625.132764,78,M6,False
onion,13,4182.0,Arani(Uzhavar Sandhai ),-0.7828,0.4361,-63207.710895,78,M6,False
onion,13,4183.0,Cheyyar(Uzhavar Sandhai ),-0.4448,0.6577,-20557.205978,78,M6,False
onion,13,4184.0,Chengam(Uzhavar Sandhai ),-0.9072,0.3671,-107996.970825,78,M6,False
onion,13,4185.0,Vandavasi(Uzhavar Sandhai ),-0.4558,0.6503,-37029.944411,59,M6,False
onion,13,4186.0,Keelpennathur(Uzhavar Sandhai ),0.9736,0.3333,81049.010124,78,M7,False
onion,13,4188.0,Anna nagar(Uzhavar Sandhai ),-1.5528,0.1246,-158363.435782,78,M6,False
onion,13,4191.0,Manapparai(Uzhavar Sandhai ),-1.8746,0.0646,-102418.900336,78,M6,False
onion,13,4192.0,Musiri(Uzhavar Sandhai ),-1.8205,0.0726,-73569.598639,78,M6,False
onion,13,4194.0,Lalgudi(Uzhavar Sandhai ),-2.009,0.048,-155563.393905,78,M6,True
onion,13,4195.0,Manachanallur(Uzhavar Sandhai ),-1.4558,0.1495,-61861.507493,78,M6,False
onion,13,4197.0,Katpadi (Uzhavar Sandhai ),0.3215,0.7487,12607.458507,78,M7,False
onion,13,4198.0,Gudiyatham(Uzhavar Sandhai ),-0.5748,0.5671,-27844.115753,78,M6,False
onion,13,4199.0,Kahithapattarai(Uzhavar Sandhai ),-0.6341,0.5279,-85882.41261,78,M6,False
onion,13,4202.0,Gingee(Uzhavar Sandhai ),-0.7167,0.4757,-61287.097612,78,M6,False
onion,13,4203.0,Aruppukottai(Uzhavar Sandhai ),-1.2599,0.2115,-86501.028527,78,M6,False
onion,13,4204.0,Rajapalayam(Uzhavar Sandhai ),-1.6657,0.0998,-99258.061788,78,M6,False
onion,13,4205.0,Srivilliputhur(Uzhavar Sandhai ),-1.5432,0.1269,-76196.985602,78,M6,False
onion,13,4206.0,Virudhunagar(Uzhavar Sandhai ),-0.7292,0.4681,-20573.468255,78,M6,False
onion,13,4207.0,Sivakasi(Uzhavar Sandhai ),1.1895,0.2379,36246.359482,78,M7,False
onion,13,4208.0,Sathur(Uzhavar Sandhai ),-0.1304,0.8966,-6226.14548,78,M6,False
onion,13,4209.0,Kariyapatti(Uzhavar Sandhai ),-0.581,0.5629,-56260.626838,78,M6,False
onion,13,4210.0,Thalavaipuram(Uzhavar Sandhai ),-0.2446,0.8074,-10084.389954,78,M6,False
onion,13,4212.0,Myladi(Uzhavar Sandhai ),-0.7229,0.4719,-52397.204734,78,M6,False
onion,13,4213.0,Pallavaram(Uzhavar Sandhai ),-1.0546,0.2949,-40538.566012,78,M6,False
onion,13,4214.0,Chengalpet(Uzhavar Sandhai ),0.8036,0.4241,28786.983187,78,M7,False
onion,13,4215.0,Medavakkam(Uzhavar Sandhai ),-0.8635,0.3905,-69185.065226,78,M6,False
onion,13,4216.0,Nanganallur(Uzhavar Sandhai ),1.0424,0.3005,92199.241444,78,M7,False
onion,13,4217.0,Madhuranthagam(Uzhavar Sandhai ),-0.1498,0.8815,-13926.350965,60,M6,False
onion,13,4219.0,Jameenrayapettai(Uzhavar Sandhai ),-1.1042,0.273,-42448.607746,78,M6,False
onion,13,4220.0,Guduvancheri(Uzhavar Sandhai ),-0.4999,0.6186,-36211.036303,78,M6,False
onion,13,4221.0,Thirukalukundram(Uzhavar Sandhai ),-0.5288,0.5984,-25754.859481,78,M6,False
onion,13,4222.0,Kallakurichi(Uzhavar Sandhai ),-2.5528,0.0127,-95463.438425,78,M6,True
onion,13,4224.0,Sankarapuram(Uzhavar Sandhai ),-2.5686,0.0121,-96409.589779,78,M6,True
onion,13,4225.0,Ranipettai(Uzhavar Sandhai ),-0.8157,0.4172,-80936.20878,78,M6,False
onion,13,4226.0,Arcot(Uzhavar Sandhai ),-0.6135,0.5413,-56584.828426,78,M6,False
onion,13,4227.0,Sankarankoil(Uzhavar Sandhai ),-1.6566,0.1017,-61911.756107,78,M6,False
onion,13,4228.0,Tenkasi(Uzhavar Sandhai ),0.2364,0.8138,12424.231092,78,M7,False
onion,13,4229.0,Vaniyampadi(Uzhavar Sandhai ),-0.6557,0.514,-61658.252305,78,M6,False
onion,13,4231.0,Natrampalli(Uzhavar Sandhai ),-0.9098,0.3658,-58549.326572,78,M6,False
onion,13,4234.0,Tiruppur (North) (Uzhavar Sandhai ),-0.9665,0.3368,-71017.151752,78,M6,False
onion,13,4235.0,Tiruppur (South) (Uzhavar Sandhai ),-1.7464,0.0847,-84205.076456,78,M6,False
onion,13,4236.0,Dharapuram(Uzhavar Sandhai ),-0.077,0.9388,-3852.197833,78,M6,False
onion,13,4237.0,Kangayam(Uzhavar Sandhai ),0.2536,0.8004,10604.709611,78,M7,False
onion,13,4240.0,Balarampuram Market,1.8919,0.0619,129119.357025,85,M7,False
onion,13,4398.0,Kakching Market APMC,0.9354,0.353,300301.737948,67,M7,False
onion,13,4402.0,SMY Jogindernagar,-0.8956,0.3758,-88475.371672,41,M6,False
onion,13,4429.0,Badwani(F&V) APMC,-1.0534,0.2956,-10608.387725,74,M6,False
onion,13,4464.0,Hoshangabad(F&V) APMC,2.4159,0.0193,17724.695713,52,M7,True
onion,13,4475.0,Kalapipal(F&V) APMC,0.753,0.4539,6493.588631,72,M7,False
onion,13,4503.0,Manawar(F&V) APMC,,,-31776.206706,54,M6,False
onion,13,4523.0,Petlawad(F&V) APMC,0.0282,0.9776,206.610908,47,M7,False
onion,13,4524.0,Pipariya(F&V) APMC,0.8762,0.3838,12145.24821,73,M7,False
onion,13,4532.0,Sabalgarh(F&V) APMC,-1.0116,0.3155,-5497.606011,65,M6,False
onion,13,4533.0,Sailana(F&V) APMC,-0.1112,0.9117,-1770.111972,74,M6,False
onion,13,4534.0,Sanawad(F&V) APMC,0.1077,0.9147,1866.852878,52,M7,False
onion,13,4539.0,Sendhwa(F&V) APMC,-1.1302,0.2621,-32983.976164,74,M6,False
onion,13,4666.0,Rampurhat APMC,-0.168,0.867,-13528.960984,78,M6,False
onion,13,4681.0,Ayodhya APMC,1.0145,0.3135,4334.87738,78,M7,False
onion,13,4707.0,"Fruit&Vegetable Market,Gazipur APMC",-0.9379,0.3553,-123128.367301,33,M6,False
onion,13,4846.0,Karimangalam(Uzhavar Sandhai),-0.8221,0.4139,-37267.62761,70,M6,False
onion,13,4849.0,Pallikonda(Uzhavar Sandhai),1.074,0.2875,33823.113697,56,M7,False
onion,13,4850.0,Perampet(Uzhavar Sandhai),1.7394,0.0885,80693.458023,48,M7,False
onion,13,4851.0,Peravurani(Uzhavar Sandhai),-0.2735,0.7855,-17794.574936,56,M6,False
onion,13,4852.0,Ponnamaravathi(Uzhavar Sandhai),-0.9348,0.3546,-176470.731842,49,M6,False
onion,26,2.0,Mahboob Manison APMC,,,94606.810613,65,M7,False
onion,26,11.0,Sadasivpet APMC,-0.6336,0.5286,-113075.564767,65,M6,False
onion,26,43.0,Chandigarh (Grain/F&V) APMC,-1.8381,0.0674,-35960.481337,220,M6,False
onion,26,54.0,Bharuch APMC,,,10570.064241,100,M7,False
onion,26,55.0,Mahuva(Station Road) APMC,7.1497,0.0,12435.301796,222,M7,True
onion,26,61.0,Gondal APMC,0.2413,0.8095,4234.168483,210,M7,False
onion,26,62.0,Morbi APMC,2.0613,0.0404,26317.186015,222,M7,True
onion,26,64.0,Surat APMC,0.7327,0.4645,20211.82498,222,M7,False
onion,26,69.0,PMY Kangra,0.131,0.8959,3268.106563,222,M7,False
onion,26,70.0,PMY Kullu,0.0325,0.9741,844.295984,222,M7,False
onion,26,71.0,PMY Paonta Sahib,-0.2523,0.8011,-4700.3319,222,M6,False
onion,26,72.0,PMY Kather Solan,-0.6349,0.5264,-23080.116975,170,M6,False
onion,26,75.0,Fatehabad APMC,0.2922,0.7705,16821.875671,174,M7,False
onion,26,79.0,Narwana APMC,-0.003,0.9976,-79.466017,222,M6,False
onion,26,85.0,Ladwa APMC,-0.8415,0.401,-31291.78945,222,M6,False
onion,26,86.0,Pehowa APMC,0.9814,0.3275,12230.835518,222,M7,False
onion,26,87.0,Thanesar APMC,0.0706,0.9438,2009.0688,221,M7,False
onion,26,89.0,Shahabad APMC,-0.7767,0.4382,-17320.706076,222,M6,False
onion,26,92.0,kalanwali APMC,1.3538,0.1777,22213.771813,157,M7,False
onion,26,97.0,Parimpore Srinagar (F&V),0.6274,0.5311,23460.247396,202,M7,False
onion,26,98.0,Udhampur (F&V),0.0985,0.9216,3853.981155,222,M7,False
onion,26,99.0,Bangalore APMC,,,23246.905893,162,M7,False
onion,26,101.0,Belgaum APMC,,,7041.191837,168,M7,False
onion,26,105.0,Bijapur APMC,-1.9566,0.0521,-15933.32008,161,M6,False
onion,26,106.0,Davangere APMC,-0.1821,0.8557,-3447.350825,222,M6,False
onion,26,108.0,Hubli (Amaragol) APMC,-0.2612,0.7942,-7552.931342,222,M6,False
onion,26,115.0,Mysuru APMC,-0.403,0.6874,-17790.422332,206,M6,False
onion,26,116.0,Raichur APMC,-1.3269,0.1893,-19360.242479,64,M6,False
onion,26,126.0,Aluva Market,0.7566,0.4501,43085.911225,222,M7,False
onion,26,128.0,Thalasserry Market,0.7655,0.446,37580.147249,91,M7,False
onion,26,129.0,Kannur APMC,0.748,0.4553,48282.161085,222,M7,False
onion,26,132.0,Kottayam Market,-1.7514,0.0813,-205959.175034,222,M6,False
onion,26,134.0,Manjeri Market,1.6043,0.1101,49933.620972,222,M7,False
onion,26,135.0,Palakkad Market,-1.9939,0.0474,-320734.753794,222,M6,True
onion,26,136.0,Koduvayoor Market,-2.0969,0.0371,-280888.404573,222,M6,True
onion,26,139.0,Thrissur Market,-2.7545,0.0064,-404607.083906,222,M6,True
onion,26,140.0,Kodungalloor Market,0.6708,0.5031,18454.652352,202,M7,False
onion,26,145.0,Ahilyanagar APMC,2.5042,0.013,24491.285336,222,M7,True
onion,26,149.0,Dhule APMC,2.2935,0.0228,11211.810234,222,M7,True
onion,26,151.0,Jalgaon APMC,3.4227,0.0007,27605.680159,222,M7,True
onion,26,152.0,Kolhapur APMC,,,6426.770265,222,M7,False
onion,26,155.0,Nagpur APMC,-0.0161,0.9872,-495.495117,222,M6,False
onion,26,159.0,Yeola APMC,0.8807,0.3794,14660.554526,222,M7,False
onion,26,160.0,Nasik APMC,0.5737,0.5668,9316.109542,222,M7,False
onion,26,161.0,Lasalgaon APMC,0.8402,0.4017,20906.495947,222,M7,False
onion,26,162.0,Pimpalgaon Baswant APMC,0.6201,0.5358,20358.045067,222,M7,False
onion,26,164.0,Pune APMC,2.5015,0.0131,15675.714738,222,M7,True
onion,26,168.0,SHRI.SIDDHESHWAR APMC,1.8029,0.0728,15304.600604,222,M7,False
onion,26,169.0,Kalyan APMC,-0.5563,0.579,-11617.164044,124,M6,False
onion,26,171.0,Lamlong Bazaar APMC,0.1777,0.8592,21836.120298,183,M7,False
onion,26,172.0,Bhopal APMC,-1.4025,0.1634,-31456.290025,118,M6,False
onion,26,173.0,Bhopal(F&V) APMC,,,703.031302,87,M7,False
onion,26,179.0,Indore(F&V) APMC,-0.4202,0.6751,-12257.847632,113,M6,False
onion,26,182.0,Neemuch APMC,-0.4425,0.6586,-11360.872972,222,M6,False
onion,26,184.0,Rajnandgaon APMC,0.8388,0.4025,10392.215082,222,M7,False
onion,26,186.0,Ujjain APMC,-0.765,0.4458,-31707.306624,119,M6,False
onion,26,199.0,Bargarh APMC,-0.4925,0.6229,-8168.599974,222,M6,False
onion,26,206.0,Kesinga APMC,-0.2378,0.8122,-16357.430749,222,M6,False
onion,26,207.0,Bhawanipatna APMC,-0.9903,0.3238,-77946.790738,133,M6,False
onion,26,216.0,Tarantaran APMC,-1.3432,0.184,-31852.976466,65,M6,False
onion,26,218.0,Fazilka APMC,-0.4038,0.6877,-101960.508228,65,M6,False
onion,26,219.0,Jalalabad APMC,-0.5562,0.58,-103164.919691,65,M6,False
onion,26,220.0,Ferozepur Cantt. APMC,-0.1305,0.8968,-16304.257827,43,M6,False
onion,26,226.0,Khanna APMC,-1.0611,0.2926,-40741.238308,65,M6,False
onion,26,228.0,Baghapurana APMC,-0.3577,0.7218,-102370.544351,60,M6,False
onion,26,230.0,Muktsar APMC,-1.9671,0.0535,-55242.894014,65,M6,False
onion,26,231.0,Malout APMC,-0.4255,0.6719,-70863.754962,65,M6,False
onion,26,232.0,Patiala APMC,-0.0852,0.9324,-10232.3599,65,M6,False
onion,26,233.0,Patran APMC,-1.3222,0.1908,-40052.422481,65,M6,False
onion,26,235.0,Nabha APMC,-1.2486,0.2163,-64575.883588,65,M6,False
onion,26,237.0,Dhuri APMC,-0.4619,0.6457,-58973.009362,65,M6,False
onion,26,239.0,Sunam APMC,-0.6719,0.5041,-74273.577948,65,M6,False
onion,26,240.0,Bhawanigarh APMC,-0.7035,0.4843,-77744.574677,65,M6,False
onion,26,247.0,Baran APMC,-1.5946,0.1157,-282561.401886,65,M6,False
onion,26,250.0,Bhilwara APMC,-2.1993,0.0315,-141644.825227,65,M6,True
onion,26,253.0,Pratapgarh APMC,-0.186,0.8531,-19946.926926,65,M6,False
onion,26,259.0,Sangriya APMC,-1.4515,0.1515,-189453.026717,65,M6,False
onion,26,261.0,Jaipur (F&V) APMC,-6.203,0.0,-142185.63837,65,M6,True
onion,26,265.0,Nawalgarh APMC,-1.1926,0.2376,-193436.084644,62,M6,False
onion,26,266.0,Jodhpur (F&V) APMC,0.1519,0.8798,19432.979392,65,M7,False
onion,26,292.0,Ulundurpettai APMC,,,117211.498745,65,M7,False
onion,26,296.0,Teliamura APMC,1.1528,0.2533,125838.803868,65,M7,False
onion,26,297.0,Agra APMC,-1.5468,0.1268,-15400.89846,65,M6,False
onion,26,298.0,Prayagraj APMC,-0.4237,0.6732,-25885.930842,65,M6,False
onion,26,299.0,Bahraich APMC,,,-340.242086,65,M6,False
onion,26,301.0,Barabanki APMC,-1.219,0.2304,-27580.68921,39,M6,False
onion,26,302.0,Bareilly APMC,,,-83949.994683,47,M6,False
onion,26,303.0,Dehradoon APMC,-1.2736,0.2075,-38552.58438,64,M6,False
onion,26,305.0,Farukhabad APMC,-0.9711,0.3352,-18882.159276,65,M6,False
onion,26,306.0,Ghaziabad APMC,,,-115962.537174,43,M6,False
onion,26,307.0,Gorakhpur APMC,-0.8119,0.4198,-9976.37878,65,M6,False
onion,26,308.0,Hardoi APMC,,,-29506.513786,41,M6,False
onion,26,309.0,Etawah APMC,,,-48965.66664,45,M6,False
onion,26,310.0,Jaunpur APMC,-1.1222,0.266,-60061.306033,65,M6,False
onion,26,311.0,Kanpur(Grain) APMC,-1.2014,0.234,-100419.225923,65,M6,False
onion,26,313.0,Lakhimpur APMC,-1.3241,0.1902,-47684.666729,65,M6,False
onion,26,315.0,Lucknow APMC,-0.9441,0.3487,-82946.781116,65,M6,False
onion,26,317.0,Meerut APMC,-0.8107,0.4229,-63686.898553,37,M6,False
onion,26,318.0,Muradabad APMC,,,-30578.212012,45,M6,False
onion,26,319.0,Kashipur APMC,-0.4645,0.6439,-23201.911103,65,M6,False
onion,26,320.0,Pilibhit APMC,-0.5983,0.5517,-12232.262882,65,M6,False
onion,26,321.0,Saharanpur APMC,,,-95595.245002,41,M6,False
onion,26,324.0,Sitapur APMC,,,-47465.416502,49,M6,False
onion,26,325.0,Kicchha APMC,,,-188228.817421,65,M6,False
onion,26,326.0,Rudrapur APMC,-1.17,0.2463,-60026.939405,65,M6,False
onion,26,328.0,Barasat APMC,0.0969,0.9231,22789.776565,65,M7,False
onion,26,329.0,Bankura Sadar APMC,-0.3415,0.7339,-77864.111807,65,M6,False
onion,26,330.0,Bolpur APMC,-0.0112,0.9911,-2832.458625,65,M6,False
onion,26,331.0,Kalna APMC,-0.3734,0.7101,-105012.471503,65,M6,False
onion,26,332.0,Katwa APMC,0.1231,0.9024,17915.08432,65,M7,False
onion,26,334.0,Pandua APMC,-0.6894,0.4931,-141007.38605,65,M6,False
onion,26,335.0,Dhupguri APMC,0.0784,0.9378,16173.33559,65,M7,False
onion,26,336.0,Samsi APMC,-0.5766,0.5662,-105895.346249,65,M6,False
onion,26,337.0,English Bazar APMC,-0.7153,0.4782,-119761.116025,45,M6,False
onion,26,338.0,Tamluk (Medinipur E) APMC,-0.4714,0.639,-40828.345126,65,M6,False
onion,26,341.0,Karimpur APMC,-0.3644,0.7168,-100544.611385,65,M6,False
onion,26,342.0,Bethuadahari APMC,-0.3772,0.7072,-98547.07591,65,M6,False
onion,26,406.0,Durg APMC,1.0086,0.3143,40049.157,222,M7,False
onion,26,414.0,Raigarh APMC,0.6,0.5491,24083.108717,222,M7,False
onion,26,423.0,APMC Keshopur,-3.3055,0.0011,-64345.578461,222,M6,True
onion,26,424.0,APMC Shahdara,-3.3299,0.0011,-29881.686804,174,M6,True
onion,26,441.0,Bhuj APMC,1.4503,0.1495,53755.774147,127,M7,False
onion,26,450.0,Vadhvan APMC,,,30257.596738,194,M7,False
onion,26,452.0,Panipat APMC,0.2148,0.8301,2840.951018,222,M7,False
onion,26,454.0,Sonepat APMC,-0.5646,0.5729,-13349.662703,222,M6,False
onion,26,455.0,Rohtak APMC,1.9685,0.0503,19634.895414,218,M7,False
onion,26,456.0,Jhajjar APMC,,,675.376793,222,M7,False
onion,26,457.0,Rewari APMC,1.1244,0.2621,6285.664213,222,M7,False
onion,26,459.0,Gurgaon APMC,0.2588,0.796,9851.387757,222,M7,False
onion,26,462.0,PMY Una,-1.4891,0.1379,-25538.352929,222,M6,False
onion,26,463.0,PMY Chamba,-0.6912,0.4902,-12262.623704,222,M6,False
onion,26,464.0,PMY Bilaspur,-2.1574,0.0321,-32277.612715,222,M6,True
onion,26,465.0,SMY Dhanotu,-0.5909,0.5552,-8199.295818,222,M6,False
onion,26,466.0,PMY Hamirpur,0.292,0.7706,5567.719573,222,M7,False
onion,26,467.0,PMY Dhalli Shimla,-0.3511,0.7259,-5295.472301,222,M6,False
onion,26,468.0,SMY Palampur,-0.1235,0.9019,-2523.583245,222,M6,False
onion,26,471.0,SMY Bhuntar,0.3398,0.7343,8472.771168,222,M7,False
onion,26,472.0,Narwal Jammu (F&V),0.0532,0.9576,1028.738934,222,M7,False
onion,26,489.0,Doddaballapur APMC,-2.297,0.0229,-52485.983397,157,M6,True
onion,26,515.0,Palayam Market,1.5625,0.1196,49777.120013,222,M7,False
onion,26,522.0,Mandsaur APMC,-0.6226,0.5342,-9438.964464,222,M6,False
onion,26,523.0,Khandwa APMC,-0.2383,0.8121,-4378.015729,119,M6,False
onion,26,526.0,Sehore APMC,,,-12267.965944,222,M6,False
onion,26,528.0,Ashta APMC,-0.067,0.9467,-1084.347551,181,M6,False
onion,26,530.0,Morena APMC,-0.0209,0.9834,-223.870947,119,M6,False
onion,26,550.0,Chandvad APMC,0.4873,0.6265,12374.279321,222,M7,False
onion,26,551.0,Manmad APMC,0.0435,0.9653,795.178049,222,M7,False
onion,26,553.0,Manchar APMC,0.1172,0.9068,3113.023361,222,M7,False
onion,26,554.0,Lonand APMC,0.5948,0.5526,2671.406399,222,M7,False
onion,26,555.0,Pandharpur APMC,-0.6145,0.5401,-6835.987361,117,M6,False
onion,26,557.0,Chattrapati Sambhajinagar APMC,1.2802,0.2018,26370.375765,222,M7,False
onion,26,574.0,Malkapur APMC,0.9828,0.3268,18643.362249,222,M7,False
onion,26,594.0,Khariar Road APMC,-0.1042,0.9171,-2850.23738,222,M6,False
onion,26,595.0,Bolangir APMC,0.0455,0.9638,599.632142,129,M7,False
onion,26,598.0,Patti APMC,,,25823.708077,50,M7,False
onion,26,599.0,Pathankot APMC,-0.2399,0.8113,-24924.6498,57,M6,False
onion,26,600.0,Gurdaspur APMC,-0.4751,0.6363,-36646.456923,65,M6,False
onion,26,603.0,Bathinda APMC,-0.3181,0.7515,-46738.805607,65,M6,False
onion,26,605.0,Raman APMC,-0.0573,0.9545,-5345.218885,65,M6,False
onion,26,611.0,Mukerian APMC,-0.4646,0.6438,-58063.353439,64,M6,False
onion,26,614.0,Phagwara APMC,-0.2518,0.802,-9297.892669,65,M6,False
onion,26,615.0,Budalada APMC,-0.4676,0.6417,-66157.218183,65,M6,False
onion,26,617.0,Giddarbaha APMC,-0.5259,0.6008,-51993.13161,64,M6,False
onion,26,619.0,Dudhansadhan APMC,-0.2129,0.8321,-33500.012127,65,M6,False
onion,26,621.0,Ropar APMC,-0.5252,0.6013,-68241.012802,65,M6,False
onion,26,627.0,Churu APMC,-1.7557,0.0839,-176507.306086,65,M6,False
onion,26,630.0,Jaisalmer APMC,,,-127190.335579,56,M6,False
onion,26,638.0,Sikar APMC,1.1905,0.2382,69618.824439,65,M7,False
onion,26,647.0,Buland Shahr APMC,-0.6076,0.5456,-8274.758274,65,M6,False
onion,26,649.0,Baraut APMC,,,-40716.624398,43,M6,False
onion,26,650.0,Shamli APMC,-0.369,0.7147,-35424.903939,31,M6,False
onion,26,653.0,Mathura APMC,-1.2322,0.2224,-37743.720853,65,M6,False
onion,26,654.0,Rampur APMC,-0.5203,0.6059,-22972.840705,39,M6,False
onion,26,655.0,Badayoun APMC,,,-37039.602433,39,M6,False
onion,26,656.0,Chandausi APMC,,,-2938.09699,41,M6,False
onion,26,657.0,Raibareilly APMC,-1.2218,0.2263,-34492.696046,65,M6,False
onion,26,658.0,Gonda APMC,-0.8671,0.3891,-65181.996084,65,M6,False
onion,26,660.0,Pratapgarh APMC,0.2472,0.8055,4592.972204,65,M7,False
onion,26,662.0,Basti APMC,-1.1536,0.253,-35705.545637,65,M6,False
onion,26,663.0,Azamgarh APMC,-1.5287,0.1313,-19608.172571,65,M6,False
onion,26,666.0,Jhansi APMC,,,81.451223,43,M7,False
onion,26,667.0,Rishikesh APMC,-1.3947,0.1679,-72708.236796,65,M6,False
onion,26,668.0,Vikasnagar APMC,2.9999,0.0039,93952.933979,64,M7,True
onion,26,669.0,Khateema APMC,,,58795.48775,65,M7,False
onion,26,670.0,Burdwan APMC,-0.1302,0.8968,-21005.707797,64,M6,False
onion,26,671.0,Medinipur(West) APMC,-0.6462,0.5205,-54616.06457,65,M6,False
onion,26,672.0,Birbhum APMC,0.2526,0.8014,40978.920805,65,M7,False
onion,26,673.0,Purulia APMC,0.3202,0.7502,48630.88759,49,M7,False
onion,26,674.0,Nadia APMC,-0.4096,0.6835,-73279.454397,65,M6,False
onion,26,675.0,Jalpaiguri Sadar APMC,-0.0651,0.9483,-14022.13315,65,M6,False
onion,26,676.0,Alipurduar APMC,-0.2009,0.8414,-33676.425422,65,M6,False
onion,26,678.0,Pabiacherra APMC,1.1783,0.243,110676.721083,65,M7,False
onion,26,679.0,Melaghar APMC,0.637,0.5264,94870.181574,65,M7,False
onion,26,681.0,Vadaseri APMC,1.8622,0.0672,379976.910015,65,M7,False
onion,26,683.0,Panisagar APMC,1.3264,0.1894,45285.416503,65,M7,False
onion,26,709.0,Chikkamagaluru APMC,-1.6184,0.107,-92493.188515,222,M6,False
onion,26,728.0,Kalaburagi APMC,1.5096,0.1326,23226.445002,222,M7,False
onion,26,735.0,Hassan APMC,2.963,0.0034,13520.079004,200,M7,True
onion,26,742.0,Chickkaballapura APMC,-1.3245,0.1868,-61514.974002,202,M6,False
onion,26,753.0,Shimoga APMC,-1.0136,0.3119,-64944.583058,222,M6,False
onion,26,793.0,Lalru APMC,-0.2493,0.8039,-41742.902703,65,M6,False
onion,26,795.0,Fatehpur APMC,-0.4184,0.677,-20595.872834,65,M6,False
onion,26,796.0,Auraiya APMC,-1.1406,0.2583,-53397.662308,65,M6,False
onion,26,799.0,Ramkrishanpur(Howrah) APMC,0.0037,0.9971,1093.73515,65,M7,False
onion,26,801.0,Bishnupur(Bankura) APMC,-0.5193,0.6059,-119526.763588,51,M6,False
onion,26,802.0,Mapusa APMC,0.2933,0.7695,5567.447537,222,M7,False
onion,26,813.0,Sangamner APMC,,,12589.84385,222,M7,False
onion,26,816.0,Firozabad APMC,,,-16242.914182,65,M6,False
onion,26,820.0,Ghatal APMC,-0.5451,0.5885,-182429.274469,45,M6,False
onion,26,821.0,Champadanga APMC,-0.6741,0.5026,-156589.540425,65,M6,False
onion,26,822.0,Jangipur APMC,0.2208,0.8259,17120.629762,65,M7,False
onion,26,823.0,Udupi APMC,-1.697,0.0911,-67487.107098,222,M6,False
onion,26,931.0,Kurnool APMC,-0.56,0.5761,-23561.970082,198,M6,False
onion,26,1061.0,Udumalpet APMC,21.5611,0.0,158753.196138,65,M7,True
onion,26,1070.0,Haldwani APMC,-0.5823,0.5624,-69127.734964,65,M6,False
onion,26,1071.0,Haridwar Union APMC,-1.2473,0.2168,-96358.209598,65,M6,False
onion,26,1072.0,Ramnagar APMC,-1.026,0.3087,-67086.30416,65,M6,False
onion,26,1073.0,Roorkee APMC,0.8224,0.4139,39370.611305,65,M7,False
onion,26,1074.0,Kotadwara APMC,-1.449,0.1522,-125604.244107,65,M6,False
onion,26,1077.0,Manglaur APMC,-0.6095,0.5444,-73532.441607,65,M6,False
onion,26,1078.0,Gudimalkapur APMC,,,128251.311374,65,M7,False
onion,26,1079.0,Gohana APMC,-0.6236,0.5335,-14573.246431,222,M6,False
onion,26,1081.0,Thodupuzha Market,-1.1311,0.2592,-103301.383884,222,M6,False
onion,26,1085.0,Jaora APMC,-1.1087,0.2688,-24732.717044,222,M6,False
onion,26,1086.0,Shujalpur APMC,-0.777,0.438,-28083.905727,222,M6,False
onion,26,1108.0,Ambala Cantt. APMC,1.241,0.216,23297.386756,204,M7,False
onion,26,1110.0,Ballabhgarh APMC,0.1171,0.9069,2262.27704,222,M7,False
onion,26,1111.0,Sohna APMC,0.8108,0.4184,21712.479075,222,M7,False
onion,26,1113.0,Mohindergarh APMC,0.5039,0.6149,12496.834437,192,M7,False
onion,26,1119.0,Thoubal APMC,0.3267,0.7443,44517.49517,183,M7,False
onion,26,1128.0,Sirhind APMC,-0.4567,0.6495,-95342.233216,65,M6,False
onion,26,1130.0,Mansa APMC,-0.648,0.5193,-187803.577071,64,M6,False
onion,26,1139.0,Kasganj APMC,,,-16229.142027,41,M6,False
onion,26,1140.0,Amroha APMC,,,-16965.271788,43,M6,False
onion,26,1141.0,Pukharayan APMC,-1.1361,0.2601,-50406.075783,65,M6,False
onion,26,1142.0,Kosikalan APMC,,,-25371.988111,39,M6,False
onion,26,1143.0,Unnao APMC,-1.2149,0.2289,-105741.634039,65,M6,False
onion,26,1147.0,Padra APMC,-0.1091,0.9132,-5398.082231,222,M6,False
onion,26,1204.0,Jharsuguda APMC,-0.2406,0.8101,-10340.001126,204,M6,False
onion,26,1214.0,Tindivanam APMC,0.9227,0.3596,67715.967484,65,M7,False
onion,26,1236.0,Agar APMC,-2.2921,0.024,-51069.819705,102,M6,True
onion,26,1275.0,Kapadvanj APMC,0.0183,0.9854,211.097152,222,M7,False
onion,26,1282.0,Jamkhed APMC,2.1239,0.0348,13526.565675,222,M7,True
onion,26,1283.0,Kopargaon APMC,1.1668,0.2446,22698.288437,222,M7,False
onion,26,1284.0,Pathardi APMC,1.104,0.2708,6964.975581,222,M7,False
onion,26,1285.0,Shevgaon APMC,0.9933,0.3217,9378.775321,204,M7,False
onion,26,1287.0,Shrirampur APMC,,,-4878.886515,155,M6,False
onion,26,1290.0,Bhusaval APMC,2.4381,0.0156,33657.321111,222,M7,True
onion,26,1297.0,Karjat APMC,3.3034,0.0013,29641.839186,112,M7,True
onion,26,1298.0,Kalvan APMC,-0.3324,0.7399,-1432.344492,222,M6,False
onion,26,1299.0,Nandgaon APMC,1.1476,0.2524,7355.120171,222,M7,False
onion,26,1304.0,Vadgaonpeth APMC,0.6289,0.5302,15753.100841,172,M7,False
onion,26,1306.0,Junnar APMC,0.5647,0.5728,8920.94552,222,M7,False
onion,26,1310.0,Karad APMC,-0.0504,0.9598,-706.313367,222,M6,False
onion,26,1313.0,Satara APMC,0.6801,0.4972,12554.382568,222,M7,False
onion,26,1314.0,Vaduj APMC,-0.8108,0.4225,-100244.985787,39,M6,False
onion,26,1315.0,Vai APMC,-0.2717,0.7861,-5532.878007,222,M6,False
onion,26,1318.0,Mangal Wedha APMC,0.9075,0.3651,14507.521799,222,M7,False
onion,26,1321.0,Lasur Station APMC,0.981,0.3277,7464.764623,222,M7,False
onion,26,1322.0,Vaijpur APMC,0.6733,0.5015,9832.298413,222,M7,False
onion,26,1377.0,Bayana APMC,-0.9155,0.3634,-240231.320073,65,M6,False
onion,26,1385.0,Sujangarh APMC,-1.0704,0.2884,-332582.186903,65,M6,False
onion,26,1386.0,Bhadara APMC,-5.6565,0.0,-258469.400839,65,M6,True
onion,26,1387.0,Goluwala APMC,-5.4023,0.0,-361864.608204,65,M6,True
onion,26,1389.0,Rawatsar APMC,-1.2672,0.2097,-160687.119362,65,M6,False
onion,26,1418.0,Rajsamand APMC,-0.4051,0.6867,-82348.526724,65,M6,False
onion,26,1427.0,Zira APMC,-0.6055,0.547,-94598.625602,65,M6,False
onion,26,1428.0,Dinanagar APMC,-0.4074,0.6851,-76809.117403,65,M6,False
onion,26,1433.0,Garh Shankar APMC,-0.811,0.4204,-41408.529504,65,M6,False
onion,26,1434.0,Tanda Urmur APMC,-0.2675,0.7906,-58633.142088,37,M6,False
onion,26,1441.0,Doraha APMC,-0.3026,0.7632,-73433.042789,65,M6,False
onion,26,1443.0,Ludhiana APMC,-2.58,0.0122,-56082.672218,65,M6,True
onion,26,1446.0,Sahnewal APMC,-0.3133,0.7551,-76286.975391,65,M6,False
onion,26,1449.0,Nihal Singh Wala APMC,-0.6354,0.5275,-85608.043753,65,M6,False
onion,26,1456.0,Rajpura APMC,-0.4954,0.622,-51983.331159,65,M6,False
onion,26,1457.0,Chamkaur Sahib APMC,-0.3335,0.7399,-66904.245858,65,M6,False
onion,26,1458.0,Kharar APMC,-0.6139,0.5415,-133101.111621,65,M6,False
onion,26,1459.0,Kurali APMC,-0.4722,0.6384,-68696.845256,64,M6,False
onion,26,1464.0,Bassi Pathana APMC,-0.411,0.6825,-85481.623957,64,M6,False
onion,26,1466.0,Khamano APMC,0.4141,0.6802,258543.097534,64,M7,False
onion,26,1469.0,Vellore APMC,-2.6893,0.0091,-23728.737471,65,M6,True
onion,26,1498.0,Jahajharpur APMC,-0.9774,0.3301,-55263.937425,140,M6,False
onion,26,1507.0,Boudh APMC,-2.1391,0.0339,-91405.456408,171,M6,True
onion,26,1510.0,Sargipali APMC,0.0302,0.9759,1422.663361,222,M7,False
onion,26,1511.0,Udala APMC,0.0421,0.9664,2078.440623,222,M7,False
onion,26,1513.0,Jaleswar APMC,-1.6017,0.1109,-29731.838412,186,M6,False
onion,26,1516.0,Kamakhyanagar APMC,-1.2126,0.2266,-101181.565087,222,M6,False
onion,26,1520.0,Keonjhar APMC,-1.0082,0.3146,-24843.715069,201,M6,False
onion,26,1523.0,Balugaon APMC,0.6397,0.523,13967.556105,222,M7,False
onion,26,1525.0,Birmaharajpur APMC,-0.1613,0.8721,-7775.174153,154,M6,False
onion,26,1527.0,Hinjilicut APMC,0.3441,0.7312,20758.15311,178,M7,False
onion,26,1537.0,Porbandar APMC,0.9387,0.3489,19304.747881,222,M7,False
onion,26,1569.0,Bhagta Bhai Ka APMC,-0.391,0.6971,-75671.965838,65,M6,False
onion,26,1570.0,Talwandi Sabo APMC,-0.9164,0.3629,-58368.347452,65,M6,False
onion,26,1573.0,Mamdot APMC,0.4392,0.6623,69355.749744,56,M7,False
onion,26,1575.0,F.G.Churian APMC,-0.1507,0.8809,-45252.054328,43,M6,False
onion,26,1585.0,Banur APMC,0.4025,0.6887,82456.232124,65,M7,False
onion,26,1587.0,Dera Bassi APMC,0.3554,0.7234,46418.443128,65,M7,False
onion,26,1588.0,Ghanaur APMC,-1.1739,0.2448,-61136.700225,65,M6,False
onion,26,1593.0,Lehra Gaga APMC,-0.1519,0.8798,-21374.560628,64,M6,False
onion,26,1601.0,Akole APMC,0.7818,0.4352,13184.632644,222,M7,False
onion,26,1606.0,Rayya APMC,1.5161,0.1344,85123.658254,65,M7,False
onion,26,1610.0,Ajmer(F&V) APMC,-2.024,0.0471,-142646.008428,65,M6,True
onion,26,1611.0,Bikaner (F&V) APMC,0.0777,0.9383,6050.393089,65,M7,False
onion,26,1614.0,Sriganganagar (F&V) APMC,-2.1228,0.0394,-256834.436449,45,M6,True
onion,26,1633.0,Satana APMC,1.4921,0.1371,31613.085667,222,M7,False
onion,26,1634.0,Rahuri APMC,,,13821.828086,222,M7,False
onion,26,1637.0,Akluj APMC,1.2146,0.2258,16609.693352,222,M7,False
onion,26,1644.0,Sinner APMC,1.1873,0.2364,19075.31361,222,M7,False
onion,26,1663.0,Sitarganj APMC,,,34739.46871,65,M7,False
onion,26,1704.0,Dasda APMC,,,241102.670162,59,M7,False
onion,26,1715.0,Kopaganj APMC,-1.9487,0.0557,-29724.311765,65,M6,False
onion,26,1716.0,Partaval APMC,-0.1882,0.8513,-4698.293856,65,M6,False
onion,26,1718.0,Kannauj APMC,-3.0669,0.0037,-24799.848177,44,M6,True
onion,26,1719.0,Robertsganj APMC,-0.8907,0.3764,-24037.648286,65,M6,False
onion,26,1720.0,Aligarh APMC,,,-34722.792002,47,M6,False
onion,26,1721.0,Akbarpur APMC,-1.3219,0.1909,-60319.068644,65,M6,False
onion,26,1722.0,Balrampur APMC,0.5154,0.6081,26938.358286,65,M7,False
onion,26,1727.0,Naugarh APMC,0.5118,0.6108,5377.151576,58,M7,False
onion,26,1729.0,Dadri APMC,,,-94112.237564,43,M6,False
onion,26,1730.0,Haathras APMC,-1.5674,0.1219,-35397.899222,65,M6,False
onion,26,1731.0,Golagokarnath APMC,-0.2742,0.7848,-15523.564803,65,M6,False
onion,26,1732.0,Puranpur APMC,-1.447,0.1528,-22406.875659,65,M6,False
onion,26,1733.0,Bangarmau APMC,,,-59581.373432,43,M6,False
onion,26,1735.0,Bishalpur APMC,-0.5609,0.5768,-21829.367193,65,M6,False
onion,26,1737.0,Kayamganj APMC,-0.4649,0.6436,-9871.258828,65,M6,False
onion,26,1738.0,Konch APMC,-1.2585,0.2128,-23507.526902,64,M6,False
onion,26,1741.0,Bharthna APMC,-1.731,0.0883,-58188.797609,65,M6,False
onion,26,1743.0,Jayas APMC,-0.5181,0.6062,-10071.068082,65,M6,False
onion,26,1746.0,Paliakala APMC,-0.3141,0.7545,-24369.79506,64,M6,False
onion,26,1749.0,Sirsa APMC,-1.3517,0.1823,-27200.52697,53,M6,False
onion,26,1754.0,Gangoh APMC,-0.8722,0.3863,-34245.301079,65,M6,False
onion,26,1755.0,Charra APMC,-0.0879,0.9303,-4473.939339,65,M6,False
onion,26,1759.0,Khair APMC,-0.7888,0.4339,-17506.766824,51,M6,False
onion,26,1760.0,Safdarganj APMC,0.0637,0.9494,3375.905656,65,M7,False
onion,26,1763.0,Naanpara APMC,1.2789,0.2055,20093.161866,65,M7,False
onion,26,1764.0,Jasra APMC,-0.4217,0.6751,-13133.813767,49,M6,False
onion,26,1768.0,Baripaal APMC,-1.8433,0.0699,-34558.62549,65,M6,False
onion,26,1770.0,Jasvantnagar APMC,-2.579,0.0122,-28307.098012,65,M6,True
onion,26,1772.0,Tulsipur APMC,-1.3912,0.1703,-20394.435705,51,M6,False
onion,26,1773.0,Anandnagar APMC,0.9539,0.3437,6181.978332,65,M7,False
onion,26,1774.0,Mehmoodabad APMC,-0.1429,0.8869,-6213.93294,65,M6,False
onion,26,1776.0,Shahabad(New Mandi) APMC,,,-40566.422733,39,M6,False
onion,26,1778.0,Dudhi APMC,-1.304,0.1974,-55389.795469,59,M6,False
onion,26,1780.0,Mugrabaadshahpur APMC,-0.5317,0.5968,-10201.482117,65,M6,False
onion,26,1783.0,Gulavati APMC,-0.1943,0.8465,-2591.47267,65,M6,False
onion,26,1785.0,Rampurmaniharan APMC,,,104652.027394,41,M7,False
onion,26,1788.0,Sambhal APMC,0.2253,0.8225,4059.638363,65,M7,False
onion,26,1791.0,Najibabad APMC,,,-19690.094222,36,M6,False
onion,26,1793.0,Jalaun APMC,,,-40893.799352,43,M6,False
onion,26,1804.0,Barwala APMC,-0.0824,0.9344,-764.400301,222,M6,False
onion,26,1805.0,Barara APMC,1.5741,0.117,30236.260182,206,M7,False
onion,26,1808.0,Naraingarh APMC,1.9723,0.0498,21814.802737,222,M7,True
onion,26,1809.0,Shahzadpur APMC,2.2371,0.0263,18956.128383,222,M7,True
onion,26,1810.0,Jagadhri APMC,0.6515,0.5154,13495.998416,222,M7,False
onion,26,1811.0,Chhachrauli APMC,0.1812,0.8564,3440.058615,222,M7,False
onion,26,1812.0,Mustafabad APMC,0.6172,0.5378,10104.258289,222,M7,False
onion,26,1813.0,Sadhaura APMC,2.31,0.0218,14069.937693,222,M7,True
onion,26,1814.0,Radaur APMC,2.2841,0.0233,32227.545006,221,M7,True
onion,26,1823.0,Farukh Nagar APMC,1.1095,0.2684,6943.175584,222,M7,False
onion,26,1826.0,Punhana APMC,1.3857,0.1673,39832.340889,214,M7,False
onion,26,1827.0,Tauru APMC,1.0821,0.2804,21460.027229,222,M7,False
onion,26,1828.0,Barwala(Hisar) APMC,-0.1658,0.8685,-5414.726172,167,M6,False
onion,26,1833.0,Jakhal APMC,0.6025,0.5474,9886.428803,222,M7,False
onion,26,1839.0,Dhand APMC,0.8954,0.3716,26300.687314,222,M7,False
onion,26,1842.0,Siwan APMC,0.154,0.8777,4982.462036,222,M7,False
onion,26,1852.0,Madlauda APMC,0.2389,0.8114,6008.955698,222,M7,False
onion,26,1853.0,Samalkha APMC,1.3262,0.1862,12614.723185,206,M7,False
onion,26,1860.0,Meham APMC,1.0808,0.2809,13770.903717,222,M7,False
onion,26,1864.0,Ganaur APMC,-0.8175,0.4145,-30823.846715,222,M6,False
onion,26,1868.0,Bowenpally APMC,-0.2334,0.8162,-25302.289806,65,M6,False
onion,26,1894.0,Parner APMC,0.1471,0.8832,4070.846555,222,M7,False
onion,26,1895.0,Devala APMC,-0.0955,0.924,-2813.717385,222,M6,False
onion,26,1939.0,Ramtek APMC,0.3123,0.7551,4632.038035,222,M7,False
onion,26,1966.0,Gopiganj APMC,-1.9637,0.0548,-31254.817589,54,M6,False
onion,26,1967.0,Karvi APMC,-0.1556,0.8768,-11694.650168,65,M6,False
onion,26,1971.0,Aroor APMC,-1.3621,0.1747,-151388.72146,202,M6,False
onion,26,1973.0,Kuruppanthura Market,-0.6373,0.5246,-111992.797683,219,M6,False
onion,26,1974.0,Chelakkara Market,-1.1311,0.2592,-39674.480541,222,M6,False
onion,26,1975.0,Munnar Market,0.5197,0.6038,87887.860478,222,M7,False
onion,26,1977.0,Kottakkal Market,0.3918,0.6956,25688.63016,222,M7,False
onion,26,1978.0,Angamaly Market,-1.0073,0.3149,-82262.687323,222,M6,False
onion,26,1979.0,Kallachi Market,-0.5771,0.5645,-30681.319247,222,M6,False
onion,26,1980.0,Taliparamba Market,0.2813,0.7792,15906.328177,91,M7,False
onion,26,1981.0,Neeleswaram APMC,-1.6405,0.1023,-64384.557198,222,M6,False
onion,26,1986.0,Madhavapuram Market,-1.9682,0.0503,-158265.125688,222,M6,False
onion,26,2007.0,Piravam Market,-0.7616,0.4471,-46241.367912,222,M6,False
onion,26,2008.0,Aralamoodu Market,-1.1566,0.2487,-89201.713956,222,M6,False
onion,26,2013.0,Anchal Market,-1.4741,0.1419,-77021.437571,222,M6,False
onion,26,2015.0,Chengannur Market,-1.5506,0.1224,-203628.946456,222,M6,False
onion,26,2016.0,Kayamkulam Market,-1.394,0.1647,-79421.565967,222,M6,False
onion,26,2017.0,Harippad APMC,-1.7301,0.0858,-52604.787995,143,M6,False
onion,26,2019.0,Pampady Market,-1.8043,0.0725,-70360.029109,222,M6,False
onion,26,2020.0,Ettumanoor Market,-1.1442,0.2538,-89330.538202,222,M6,False
onion,26,2021.0,Kanjirappally Market,-2.2408,0.026,-294960.136374,222,M6,True
onion,26,2022.0,Pala Market,-1.3116,0.191,-197335.248395,222,M6,False
onion,26,2024.0,Chalakudy Market,-1.6896,0.0925,-122360.339388,222,M6,False
onion,26,2025.0,Irinjalakkuda APMC,-2.478,0.014,-47466.952091,222,M6,True
onion,26,2026.0,Chavakkad Market,-1.2801,0.2019,-79342.935094,222,M6,False
onion,26,2027.0,Wadakkanchery Market,-1.4487,0.1488,-86148.649302,222,M6,False
onion,26,2035.0,Kanjangadu Market,0.5799,0.5626,28449.794201,222,M7,False
onion,26,2036.0,Vamanapuram Market,-1.3587,0.1756,-63306.727933,222,M6,False
onion,26,2039.0,Rahata APMC,0.4958,0.6205,9810.614501,222,M7,False
onion,26,2076.0,Badnawar APMC,,,19316.362081,118,M7,False
onion,26,2086.0,Narsinghgarh APMC,-0.9631,0.3365,-20143.541481,222,M6,False
onion,26,2088.0,Sailana APMC,-0.0518,0.9588,-736.761856,222,M6,False
onion,26,2097.0,Shajapur APMC,-0.8301,0.4081,-14463.429781,119,M6,False
onion,26,2103.0,Kalapipal APMC,-0.4754,0.635,-5552.018788,222,M6,False
onion,26,2130.0,Rahuri(Vambori) APMC,1.5403,0.1249,10607.853252,222,M7,False
onion,26,2139.0,Lasalgaon(Niphad) APMC,0.2753,0.7833,6565.4906,222,M7,False
onion,26,2141.0,Dindori(Vani) APMC,-0.1344,0.8933,-6816.714896,172,M6,False
onion,26,2142.0,Pimpalgaon Baswant(Saykheda) APMC,0.8485,0.3971,16388.710037,222,M7,False
onion,26,2146.0,Junnar(Otur) APMC,0.2349,0.8145,5998.800691,222,M7,False
onion,26,2147.0,Khed(Chakan) APMC,-0.0426,0.9661,-998.241733,222,M6,False
onion,26,2148.0,Pune(Pimpri) APMC,1.7016,0.0902,22300.27461,222,M7,False
onion,26,2149.0,Pune(Khadiki) APMC,1.0796,0.2815,20179.787796,222,M7,False
onion,26,2150.0,"Sangli(Phale, Bhajipala Market) APMC",0.3538,0.7238,2494.870848,222,M7,False
onion,26,2163.0,Chandrapur(Ganjwad) APMC,-0.3736,0.709,-23851.89479,222,M6,False
onion,26,2173.0,Kathua (F&V),-0.1128,0.9103,-2971.166135,222,M6,False
onion,26,2176.0,Thrippunithura Market,-0.6317,0.5282,-37666.116181,222,M6,False
onion,26,2177.0,Pattambi Market,-1.7142,0.0879,-154168.794366,222,M6,False
onion,26,2180.0,Muradnagar APMC,,,-54482.696508,35,M6,False
onion,26,2181.0,Khekda APMC,-2.3969,0.0195,-31155.235697,65,M6,True
onion,26,2182.0,Jahangirabad APMC,-0.8515,0.3977,-37902.47875,65,M6,False
onion,26,2183.0,Siyana APMC,,,-2659.040759,65,M6,False
onion,26,2184.0,Sikanderabad APMC,-1.5276,0.1322,-73119.206355,57,M6,False
onion,26,2185.0,Anoop Shahar APMC,-0.2447,0.8077,-6633.021458,50,M6,False
onion,26,2186.0,Sikarpur APMC,-0.9136,0.3644,-23887.713686,65,M6,False
onion,26,2188.0,Chutmalpur APMC,0.2014,0.8412,7381.312627,49,M7,False
onion,26,2190.0,Kairana APMC,-1.6513,0.1036,-32447.683824,65,M6,False
onion,26,2191.0,Thanabhavan APMC,-1.0967,0.2769,-42527.819457,65,M6,False
onion,26,2193.0,Fatehabad APMC,-1.0407,0.3019,-33353.932176,65,M6,False
onion,26,2195.0,Khairagarh APMC,-2.5818,0.0121,-101305.515665,65,M6,True
onion,26,2196.0,Jagnair APMC,0.394,0.6949,13984.217204,65,M7,False
onion,26,2198.0,Samsabad APMC,-0.6649,0.5085,-65077.356894,65,M6,False
onion,26,2200.0,Shadabad APMC,-2.473,0.0161,-108625.85941,65,M6,True
onion,26,2203.0,Awagarh APMC,-0.3507,0.7269,-10890.847412,65,M6,False
onion,26,2209.0,Dhanaura APMC,,,-1663.628662,65,M6,False
onion,26,2212.0,Anwala APMC,-1.2293,0.2235,-48493.49291,65,M6,False
onion,26,2216.0,Shahaswan APMC,-1.3529,0.1809,-24675.531179,64,M6,False
onion,26,2219.0,Uttaripura APMC,,,-43248.025688,43,M6,False
onion,26,2225.0,Lalganj APMC,-1.066,0.2904,-53567.949633,65,M6,False
onion,26,2227.0,Salon APMC,-0.7662,0.4469,-30235.961675,56,M6,False
onion,26,2229.0,Hargaon (Laharpur) APMC,-0.6073,0.5458,-48204.852152,65,M6,False
onion,26,2239.0,Rudauli APMC,,,-34318.964144,41,M6,False
onion,26,2240.0,Nawabganj APMC,-3.2581,0.0018,-31533.459986,65,M6,True
onion,26,2243.0,Ahirora APMC,-1.6323,0.1075,-79770.124545,65,M6,False
onion,26,2244.0,Doharighat APMC,0.2829,0.7783,29401.181313,55,M7,False
onion,26,2249.0,Khalilabad APMC,-0.33,0.7426,-12230.008998,60,M6,False
onion,26,2250.0,Gadaura APMC,,,-33444.269708,41,M6,False
onion,26,2252.0,Payagpur APMC,-3.248,0.0021,-38959.9658,50,M6,True
onion,26,2266.0,Kalyani APMC,-0.2606,0.7952,-38254.893153,65,M6,False
onion,26,2268.0,Baruipur(Canning) APMC,0.2088,0.8353,40663.262077,65,M7,False
onion,26,2269.0,Uluberia APMC,0.2278,0.8205,48717.191888,65,M7,False
onion,26,2270.0,Sheoraphuly APMC,-0.6294,0.5314,-105891.143295,65,M6,False
onion,26,2318.0,Rajgarh APMC,-0.7614,0.4474,-15319.265472,190,M6,False
onion,26,2325.0,Shamgarh APMC,-1.0645,0.2893,-61678.956215,119,M6,False
onion,26,2422.0,Thirupathur APMC,,,34142.307211,65,M7,False
onion,26,2441.0,Ambala City(Subji Mandi) APMC,-0.7652,0.4453,-36018.626344,166,M6,False
onion,26,2444.0,FerozpurZirkha(Nagina) APMC,0.571,0.5686,25862.463811,222,M7,False
onion,26,2451.0,Panchkul(Kalka) APMC,0.586,0.5595,77933.427905,82,M7,False
onion,26,2481.0,Kota (F&V) APMC,,,-109471.547398,45,M6,False
onion,26,2487.0,Jalandhar City(Jalandhar) APMC,,,-24018.230181,65,M6,False
onion,26,2490.0,Nawan Shahar(Subzi Mandi) APMC,-0.385,0.7015,-42490.621939,65,M6,False
onion,26,2505.0,Rampuraphul(Nabha Mandi) APMC,-0.8195,0.4156,-26723.347136,65,M6,False
onion,26,2510.0,Mukerian(Talwara) APMC,-0.0233,0.9815,-5184.515775,61,M6,False
onion,26,2521.0,SMY Nadaun,-0.9735,0.3314,-18791.996975,222,M6,False
onion,26,2524.0,SMY Takoli,-0.4944,0.6215,-14376.608366,222,M6,False
onion,26,2526.0,SMY Baijnath,-0.5121,0.6091,-11931.418519,222,M6,False
onion,26,2527.0,SMY Nagrota Bagwan,0.0472,0.9624,2160.988393,182,M7,False
onion,26,2528.0,SMY Jassur,0.3823,0.7027,6755.525263,188,M7,False
onion,26,2529.0,SMY Jaisinghpur,-0.62,0.5359,-17516.432778,222,M6,False
onion,26,2536.0,Belacoba APMC,-0.0182,0.9856,-3970.502817,65,M6,False
onion,26,2537.0,Siliguri APMC,-0.3918,0.6965,-106373.56197,65,M6,False
onion,26,2543.0,Ahmedabad(Chimanbhai Patal Market Vasana) APMC,0.4213,0.6739,7283.574671,222,M7,False
onion,26,2545.0,Rajkot(Veg.Sub Yard) APMC,0.4263,0.6703,12376.404973,222,M7,False
onion,26,2549.0,Dahod(Veg. Market) APMC,0.288,0.7736,11751.225113,222,M7,False
onion,26,2551.0,Vadodara(Sayajipura) APMC,0.5561,0.5787,19007.683881,222,M7,False
onion,26,2571.0,"Anand(Veg,Yard,Anand) APMC",0.7789,0.4369,29553.316121,222,M7,False
onion,26,2668.0,Kottarakkara Market,-1.7854,0.0756,-78687.154161,222,M6,False
onion,26,2673.0,Mannar Market,-1.8497,0.0657,-148986.391169,222,M6,False
onion,26,2674.0,Athirampuzha Market,-1.677,0.095,-191980.559037,222,M6,False
onion,26,2675.0,Thalayolaparambu Market,-1.8491,0.0658,-159997.95125,222,M6,False
onion,26,2677.0,Vandiperiyar Market,-0.1265,0.8995,-8654.467154,213,M6,False
onion,26,2679.0,Kattappana Market,-0.8279,0.4086,-78871.280468,222,M6,False
onion,26,2680.0,Perumbavoor Market,-0.0021,0.9983,-95.566652,222,M6,False
onion,26,2681.0,Kothamangalam Market,-1.2993,0.1952,-54950.826986,222,M6,False
onion,26,2683.0,Vadakkenchery Market,-1.4043,0.1616,-206311.763427,222,M6,False
onion,26,2684.0,Perinthalmanna Market,3.5833,0.0004,40422.464579,222,M7,True
onion,26,2685.0,Parappanangadi Market,1.0173,0.3106,49139.114151,160,M7,False
onion,26,2686.0,Thirurrangadi Market,1.0592,0.2906,26775.947649,222,M7,False
onion,26,2687.0,Kondotty Market,-1.2389,0.2168,-39577.750877,203,M6,False
onion,26,2689.0,Perambra Market,-0.9558,0.3402,-64897.65251,222,M6,False
onion,26,2690.0,Mukkom Market,-0.114,0.9093,-7838.288395,222,M6,False
onion,26,2691.0,Quilandy Market,-0.7666,0.4441,-45394.600958,222,M6,False
onion,26,2692.0,Thamarassery Market,0.4887,0.6255,24462.071263,222,M7,False
onion,26,2693.0,Chala Market,-1.8706,0.0627,-265299.957813,222,M6,False
onion,26,2696.0,Phillaur(Apra Mandi) APMC,-0.4145,0.68,-101529.246974,59,M6,False
onion,26,2701.0,Garh Shankar(Mahalpur) APMC,-1.0607,0.2929,-61586.57143,64,M6,False
onion,26,2703.0,Mumbai-Onion & Potato Market APMC,0.1145,0.9089,2695.192746,222,M7,False
onion,26,2704.0,Amrawati(Frui & Veg. Market) APMC,-0.9101,0.3638,-12034.804308,222,M6,False
onion,26,2708.0,Newasa(Ghodegaon) APMC,0.3495,0.727,6233.32385,222,M7,False
onion,26,2713.0,Bonai APMC,0.2212,0.8252,8481.83444,155,M7,False
onion,26,2714.0,Bargarh(Barapalli) APMC,-7.4974,0.0,-40139.209975,205,M6,True
onion,26,2721.0,Keonjhar(Dhekikote) APMC,-0.9275,0.3547,-25029.014112,209,M6,False
onion,26,2738.0,Udaipur (F&V) APMC,-0.7278,0.4694,-22306.458664,65,M6,False
onion,26,2739.0,Chomu FV APMC,-1.8612,0.0673,-89820.941863,65,M6,False
onion,26,2744.0,Bassi APMC,-1.1435,0.2571,-143230.248788,65,M6,False
onion,26,2773.0,Mehsana(Mehsana Veg) APMC,0.9293,0.3537,18975.227024,222,M7,False
onion,26,2774.0,Deesa(Deesa Veg Yard) APMC,0.7424,0.4586,17680.981638,222,M7,False
onion,26,2800.0,Khandhla APMC,-0.4705,0.6401,-23470.294272,48,M6,False
onion,26,2803.0,Noida APMC,-1.3851,0.1733,-106129.470699,43,M6,False
onion,26,2894.0,Bara Bazar (Posta Bazar) APMC,-0.3455,0.7308,-84841.756903,65,M6,False
onion,26,2897.0,Habra APMC,-0.0147,0.9883,-2336.528686,65,M6,False
onion,26,2899.0,Durgapur APMC,-0.7733,0.4422,-99083.823387,65,M6,False
onion,26,2902.0,Gajol APMC,-0.7107,0.4798,-110076.40272,65,M6,False
onion,26,2905.0,Balarampur APMC,-0.0997,0.9209,-18943.457228,65,M6,False
onion,26,2910.0,"New Grain Market , Faridabad APMC",0.8623,0.3895,28019.068165,220,M7,False
onion,26,2940.0,Tiruchengode APMC,1.3051,0.1965,142796.683296,65,M7,False
onion,26,2970.0,Thuraiyur APMC,2.9828,0.004,110964.35965,65,M7,True
onion,26,3039.0,SMY Santoshgarh,-0.2925,0.7702,-7068.014846,222,M6,False
onion,26,3045.0,Harda(F&V) APMC,1.3718,0.1733,24819.413289,98,M7,False
onion,26,3046.0,Indore APMC,-0.7415,0.4599,-32288.930009,119,M6,False
onion,26,3048.0,Badnawar(F&V) APMC,-0.0091,0.9928,-164.635146,115,M6,False
onion,26,3054.0,Dewas(F&V) APMC,-0.4148,0.6791,-9314.680345,111,M6,False
onion,26,3059.0,Lashkar(F&V) APMC,0.4289,0.6688,14459.156728,113,M7,False
onion,26,3067.0,Sagar(F&V) APMC,0.8669,0.3878,4814.352612,113,M7,False
onion,26,3071.0,Jabalpur(F&V) APMC,1.0182,0.3108,43521.808417,113,M7,False
onion,26,3075.0,Chhindwara(F&V) APMC,,,632.797532,88,M7,False
onion,26,3080.0,Tusura APMC,-0.531,0.5964,-11554.359238,129,M6,False
onion,26,3086.0,Godbhaga APMC,0.2822,0.7782,8709.092999,153,M7,False
onion,26,3092.0,Saharpada APMC,-0.5065,0.6131,-19119.257837,214,M6,False
onion,26,3098.0,Kalyanpur APMC,1.08,0.2842,146597.592329,65,M7,False
onion,26,3099.0,Jampuijala APMC,,,291107.659881,57,M7,False
onion,26,3102.0,Gondatwisa APMC,24.3266,0.0,336341.909896,59,M7,True
onion,26,3104.0,Silachhari APMC,1.51,0.136,215205.981924,65,M7,False
onion,26,3105.0,Barpathari APMC,0.8294,0.4099,74976.905802,65,M7,False
onion,26,3117.0,Asansol APMC,-0.722,0.4729,-107106.296,65,M6,False
onion,26,3128.0,Junnar(Alephata) APMC,-0.0234,0.9813,-601.580702,222,M6,False
onion,26,3130.0,Junnar(Narayangaon) APMC,0.7223,0.471,13543.328316,197,M7,False
onion,26,3142.0,Kamthi APMC,0.1088,0.9135,4930.657954,222,M7,False
onion,26,3218.0,Tiphra APMC,-0.2018,0.8403,-2654.456997,200,M6,False
onion,26,3297.0,Khariar APMC,-0.0208,0.9834,-839.717372,183,M6,False
onion,26,3299.0,Chuliaposi APMC,-1.9763,0.0501,-77168.675033,141,M6,False
onion,26,3306.0,Nilagiri APMC,-0.9045,0.3679,-22258.709621,100,M6,False
onion,26,3308.0,Hindol APMC,0.5438,0.5872,19887.64937,222,M7,False
onion,26,3339.0,Falakata APMC,-0.33,0.7431,-95335.689902,41,M6,False
onion,26,3340.0,Moynaguri APMC,-0.2576,0.7975,-58700.697033,65,M6,False
onion,26,3341.0,Karsiyang(Matigara) APMC,-0.0293,0.9767,-10451.652508,65,M6,False
onion,26,3343.0,Raiganj APMC,,,-189306.385987,35,M6,False
onion,26,3344.0,Gangarampur(Dakshin Dinajpur) APMC,-0.3726,0.7108,-61732.11007,59,M6,False
onion,26,3346.0,Diamond Harbour(South 24-pgs) APMC,-0.3728,0.7106,-87019.012436,65,M6,False
onion,26,3347.0,Kalipur APMC,-0.7498,0.4561,-111886.20454,65,M6,False
onion,26,3349.0,Ranaghat APMC,-0.5332,0.5957,-103929.960193,65,M6,False
onion,26,3350.0,Chakdah APMC,-0.5923,0.5557,-113676.173768,65,M6,False
onion,26,3352.0,Garbeta(Medinipur) APMC,-0.6177,0.539,-38615.525852,65,M6,False
onion,26,3354.0,Kasipur APMC,-0.4722,0.6384,-97782.915413,65,M6,False
onion,26,3355.0,Sainthia APMC,-0.2812,0.7795,-82682.661903,65,M6,False
onion,26,3393.0,Broadway market Market,-0.3062,0.76,-46760.323293,119,M6,False
onion,26,3394.0,North Paravur Market,-0.396,0.6928,-152523.983654,120,M6,False
onion,26,3440.0,GarhShankar (Kotfatuhi) APMC,-0.5798,0.5641,-35258.086624,65,M6,False
onion,26,3445.0,APMC Azadpur,-0.9028,0.3676,-17106.739904,222,M6,False
onion,26,3448.0,Lasalgaon(Vinchur) APMC,0.7672,0.4438,24672.988101,222,M7,False
onion,26,3449.0,Pune(Manjri) APMC,1.0618,0.2895,20280.615607,222,M7,False
onion,26,3450.0,Pune(Moshi) APMC,1.887,0.0605,25002.830442,222,M7,False
onion,26,3452.0,Agriculture Produce Market Committee Hingna,-0.6388,0.5242,-28813.782269,121,M6,False
onion,26,3458.0,Umrane APMC,1.1389,0.256,21574.755962,222,M7,False
onion,26,3462.0,Nampur APMC,1.1059,0.27,21138.500806,222,M7,False
onion,26,3626.0,Dablirathan APMC,-1.0303,0.3078,-182812.780022,51,M6,False
onion,26,3677.0,Kanchanpur,2.2027,0.0315,115448.01279,61,M7,True
onion,26,3680.0,Kadamtala,,,15114.340092,65,M7,False
onion,26,3953.0,Tajpur APMC,-1.2264,0.222,-83980.864801,145,M6,False
onion,26,3956.0,Sheohar APMC,-0.8628,0.3893,-53443.862151,191,M6,False
onion,26,3996.0,"Laxmi-Sopan Agriculture Produce Marketing Co Ltd, Barshi, Dist Solapur",,,-11653.582609,89,M6,False
onion,26,4025.0,"Omchatinya Multi State Agro Purpose Co-Op Society, Dist Ahilyanagar",-0.2769,0.7823,-6436.629691,124,M6,False
onion,26,4038.0,"Shivsiddha Govind Producer Company Ltd Sanchalit Khajgi Krush Utpann Bajar, Samati-Nashik",,,19101.96107,88,M7,False
onion,26,4055.0,Ariyalur(Uzhavar Sandhai),0.5804,0.5637,99838.29499,65,M7,False
onion,26,4056.0,Jeyankondam (Uzhavar Sandhai ),0.3324,0.7407,46887.565886,65,M7,False
onion,26,4057.0,RSPuram(Uzhavar Sandhai ),,,-50324.912682,65,M6,False
onion,26,4058.0,Singanallur(Uzhavar Sandhai ),,,-15219.540286,65,M6,False
onion,26,4059.0,Pollachi(Uzhavar Sandhai ),,,12038.213958,65,M7,False
onion,26,4060.0,Mettupalayam(Uzhavar Sandhai ),,,-8881.899105,65,M6,False
onion,26,4061.0,Kurichi(Uzhavar Sandhai ),,,-92367.725399,65,M6,False
onion,26,4062.0,Sulur(Uzhavar Sandhai ),,,-70407.184737,65,M6,False
onion,26,4063.0,Vadavalli(Uzhavar Sandhai ),,,-61192.750179,65,M6,False
onion,26,4064.0,Sundarapuram(Uzhavar Sandhai ),,,-21037.222978,65,M6,False
onion,26,4065.0,Cuddalore(Uzhavar Sandhai ),0.3514,0.7265,71500.028031,65,M7,False
onion,26,4066.0,Chidambaram(Uzhavar Sandhai ),0.2871,0.7749,34221.708835,65,M7,False
onion,26,4067.0,Viruthachalam(Uzhavar Sandhai ),,,-81364.061712,65,M6,False
onion,26,4068.0,Panruti(Uzhavar Sandhai ),-0.6465,0.5202,-24436.813426,65,M6,False
onion,26,4070.0,Dharmapuri(Uzhavar Sandhai ),6.4436,0.0,72151.534712,65,M7,True
onion,26,4071.0,Pennagaram(Uzhavar Sandhai ),-0.1339,0.8939,-14858.661514,65,M6,False
onion,26,4072.0,Palacode(Uzhavar Sandhai ),-0.0772,0.9387,-3753.277133,65,M6,False
onion,26,4073.0,Harur(Uzhavar Sandhai ),0.6249,0.5343,54586.053489,65,M7,False
onion,26,4074.0,AJattihalli(Uzhavar Sandhai ),,,68010.442472,65,M7,False
onion,26,4075.0,Dindigul(Uzhavar Sandhai ),0.9073,0.3677,113579.902552,65,M7,False
onion,26,4076.0,Palani(Uzhavar Sandhai ),1.0208,0.3112,64685.444507,65,M7,False
onion,26,4077.0,Chinnalapatti(Uzhavar Sandhai ),0.8966,0.3733,114415.580786,65,M7,False
onion,26,4080.0,Vedasanthur(Uzhavar Sandhai ),-0.0071,0.9943,-1122.413612,65,M6,False
onion,26,4081.0,Sampath Nagar(Uzhavar Sandhai ),0.3393,0.7355,33904.007106,65,M7,False
onion,26,4082.0,Gobichettipalayam(Uzhavar Sandhai ),-0.1722,0.8638,-16148.962813,65,M6,False
onion,26,4083.0,Sathiyamagalam(Uzhavar Sandhai ),-0.5995,0.551,-52224.197917,65,M6,False
onion,26,4085.0,Perundurai(Uzhavar Sandhai ),0.0964,0.9235,6425.665699,65,M7,False
onion,26,4086.0,Thalavadi(Uzhavar Sandhai ),-0.5557,0.5803,-27611.396584,65,M6,False
onion,26,4087.0,Kancheepuram(Uzhavar Sandhai ),0.8984,0.3723,106745.257649,65,M7,False
onion,26,4088.0,Padappai(Uzhavar Sandhai ),,,-17398.417203,65,M6,False
onion,26,4089.0,Sunguvarchatram(Uzhavar Sandhai ),-0.4595,0.6474,-56991.325191,65,M6,False
onion,26,4090.0,Kundrathur(Uzhavar Sandhai ),-0.6537,0.5157,-104223.448755,65,M6,False
onion,26,4091.0,Karur(Uzhavar Sandhai ),0.2512,0.8025,33443.809954,65,M7,False
onion,26,4092.0,Kulithalai(Uzhavar Sandhai ),0.1646,0.8698,15078.260474,65,M7,False
onion,26,4093.0,Velayuthampalayam(Uzhavar Sandhai ),0.7351,0.4668,84249.1836,39,M7,False
onion,26,4096.0,Hosur(Uzhavar Sandhai ),,,18922.139531,65,M7,False
onion,26,4097.0,Krishnagiri(Uzhavar Sandhai ),,,23894.672147,65,M7,False
onion,26,4098.0,Kaveripattinam(Uzhavar Sandhai ),,,-9783.097788,65,M6,False
onion,26,4099.0,Denkanikottai(Uzhavar Sandhai ),-0.8212,0.4146,-56036.966719,65,M6,False
onion,26,4100.0,Avallapalli(Uzhavar Sandhai ),-0.7834,0.4363,-37250.717974,65,M6,False
onion,26,4102.0,Chokkikulam(Uzhavar Sandhai ),1.2047,0.2328,70201.249451,65,M7,False
onion,26,4103.0,Palanganatham(Uzhavar Sandhai ),0.6636,0.5093,48460.54144,65,M7,False
onion,26,4105.0,Thirumangalam(Uzhavar Sandhai ),,,31268.202071,65,M7,False
onion,26,4106.0,Melur(Uzhavar Sandhai ),,,79288.147685,65,M7,False
onion,26,4107.0,Anaiyur(Uzhavar Sandhai ),2.2892,0.0254,100409.249269,65,M7,True
onion,26,4108.0,Mayiladuthurai(Uzhavar Sandhai ),-0.4864,0.6283,-14789.167487,65,M6,False
onion,26,4109.0,Nagapattinam(Uzhavar Sandhai ),3.5992,0.0006,16042.922099,65,M7,True
onion,26,4110.0,Sirkali(Uzhavar Sandhai ),,,2562.495591,65,M7,False
onion,26,4111.0,Namakkal(Uzhavar Sandhai ),1.0218,0.3107,98448.633972,65,M7,False
onion,26,4113.0,Rasipuram(Uzhavar Sandhai ),0.7863,0.4346,165029.173014,65,M7,False
onion,26,4114.0,Kumarapalayam(Uzhavar Sandhai ),-0.0123,0.9903,-1352.650853,65,M6,False
onion,26,4115.0,Paramathivelur(Uzhavar Sandhai ),0.5399,0.5912,124894.390904,65,M7,False
onion,26,4116.0,Mohanur(Uzhavar Sandhai ),0.6638,0.5092,113484.287054,65,M7,False
onion,26,4117.0,Udhagamandalam(Uzhavar Sandhai ),1.4746,0.1452,74328.352283,65,M7,False
onion,26,4118.0,Coonoor(Uzhavar Sandhai ),1.5804,0.119,170735.858646,65,M7,False
onion,26,4120.0,Gudalur(Uzhavar Sandhai ),0.3078,0.7592,45720.784012,65,M7,False
onion,26,4121.0,Perambalur(Uzhavar Sandhai ),0.6933,0.4906,154885.478929,65,M7,False
onion,26,4123.0,Pudukottai(Uzhavar Sandhai ),0.5785,0.5649,122240.223309,65,M7,False
onion,26,4124.0,Aranthangi(Uzhavar Sandhai ),-0.3389,0.7358,-64484.341086,65,M6,False
onion,26,4125.0,Alangudi(Uzhavar Sandhai ),0.349,0.7284,78312.060309,58,M7,False
onion,26,4126.0,Gandarvakottai(Uzhavar Sandhai ),-0.3348,0.7389,-82213.972003,65,M6,False
onion,26,4127.0,Karambakkudi(Uzhavar Sandhai ),0.0084,0.9933,1366.03749,65,M7,False
onion,26,4128.0,Viralimalai(Uzhavar Sandhai ),0.2514,0.8023,78167.39092,65,M7,False
onion,26,4129.0,Ramanathapuram(Uzhavar Sandhai ),-0.2379,0.8127,-53243.06964,65,M6,False
onion,26,4130.0,Paramakudi(Uzhavar Sandhai ),-0.1159,0.9081,-16714.848715,65,M6,False
onion,26,4132.0,Sooramangalam(Uzhavar Sandhai ),1.0385,0.3029,158641.208179,65,M7,False
onion,26,4133.0,Ammapet(Uzhavar Sandhai ),0.6309,0.5304,91646.53788,65,M7,False
onion,26,4134.0,Athur(Uzhavar Sandhai ),0.8977,0.3727,91532.782346,65,M7,False
onion,26,4135.0,Thathakapatti(Uzhavar Sandhai ),0.4985,0.6198,88199.791647,65,M7,False
onion,26,4136.0,Mettur(Uzhavar Sandhai ),0.8255,0.4121,112760.61433,65,M7,False
onion,26,4137.0,Attayampatti(Uzhavar Sandhai ),0.8353,0.4074,127115.617719,53,M7,False
onion,26,4138.0,Hasthampatti(Uzhavar Sandhai ),0.6137,0.5416,98912.809479,65,M7,False
onion,26,4139.0,Elampillai(Uzhavar Sandhai ),0.6157,0.5403,117018.412669,65,M7,False
onion,26,4140.0,Thammampatti (Uzhavar Sandhai ),0.3157,0.7533,62816.652768,65,M7,False
onion,26,4141.0,Jalagandapuram(Uzhavar Sandhai ),0.4925,0.624,85904.744318,65,M7,False
onion,26,4142.0,Edapadi (Uzhavar Sandhai ),0.6333,0.5288,105729.246486,65,M7,False
onion,26,4143.0,Sivagangai (Uzhavar Sandhai ),0.4703,0.6398,72272.869003,65,M7,False
onion,26,4144.0,Devakottai (Uzhavar Sandhai ),0.8898,0.3769,119942.132223,65,M7,False
onion,26,4145.0,Karaikudi(Uzhavar Sandhai ),0.3757,0.7084,100064.936959,65,M7,False
onion,26,4146.0,Tirupatthur(Uzhavar Sandhai ),1.2682,0.2093,123976.313665,65,M7,False
onion,26,4147.0,Singampunari(Uzhavar Sandhai ),0.7811,0.4376,102117.581172,65,M7,False
onion,26,4148.0,Thanjavur(Uzhavar Sandhai ),0.8152,0.418,69288.979515,65,M7,False
onion,26,4149.0,Kumbakonam (Uzhavar Sandhai ),0.6937,0.4904,137999.850381,65,M7,False
onion,26,4150.0,Pattukottai(Uzhavar Sandhai ),1.0499,0.2977,258098.632666,65,M7,False
onion,26,4152.0,Papanasam(Uzhavar Sandhai ),0.3783,0.7064,105345.374969,65,M7,False
onion,26,4153.0,Theni(Uzhavar Sandhai ),1.1132,0.2698,50284.222934,65,M7,False
onion,26,4154.0,Kambam(Uzhavar Sandhai ),,,8550.281177,65,M7,False
onion,26,4155.0,Bodinayakanur(Uzhavar Sandhai ),0.0167,0.9868,2005.31433,65,M7,False
onion,26,4156.0,Periyakulam(Uzhavar Sandhai ),,,-31949.355078,65,M6,False
onion,26,4157.0,Devaram(Uzhavar Sandhai ),,,406.959531,65,M7,False
onion,26,4158.0,Andipatti(Uzhavar Sandhai ),,,7396.40723,65,M7,False
onion,26,4159.0,Chinnamanur(Uzhavar Sandhai ),1.7443,0.0859,40726.094156,65,M7,False
onion,26,4160.0,Palayamkottai(Uzhavar Sandhai ),,,-10829.848313,65,M6,False
onion,26,4162.0,Melapalayam(Uzhavar Sandhai ),,,-11466.84959,65,M6,False
onion,26,4164.0,NGO Colony(Uzhavar Sandhai ),,,-10984.088792,65,M6,False
onion,26,4166.0,Tiruvallur(Uzhavar Sandhai ),0.4249,0.6723,98703.565344,65,M7,False
onion,26,4167.0,Ambattur(Uzhavar Sandhai ),0.4341,0.6656,40316.473238,65,M7,False
onion,26,4168.0,Paruthipattu(Uzhavar Sandhai ),0.4035,0.6879,32975.461427,65,M7,False
onion,26,4169.0,Naravarikuppam(Uzhavar Sandhai ),0.039,0.969,6398.984955,65,M7,False
onion,26,4170.0,Perambakkam(Uzhavar Sandhai ),0.0808,0.9359,10557.028921,65,M7,False
onion,26,4172.0,Mannargudi I(Uzhavar Sandhai ),0.5332,0.5957,137232.656229,65,M7,False
onion,26,4173.0,Tiruvarur(Uzhavar Sandhai ),1.3087,0.1966,238339.056051,51,M7,False
onion,26,4174.0,Needamangalam(Uzhavar Sandhai ),-2.0687,0.0426,-86513.050896,65,M6,True
onion,26,4175.0,Muthupettai(Uzhavar Sandhai ),0.5401,0.591,125574.152233,65,M7,False
onion,26,4176.0,Mannargudi II(Uzhavar Sandhai ),0.4294,0.669,138735.150342,65,M7,False
onion,26,4178.0,Tuticorin(Uzhavar Sandhai ),-0.0568,0.9549,-7074.138389,65,M6,False
onion,26,4179.0,Kovilpatti(Uzhavar Sandhai ),0.3217,0.7488,73454.059795,65,M7,False
onion,26,4180.0,Tiruvannamalai(Uzhavar Sandhai ),1.123,0.2657,58975.910199,65,M7,False
onion,26,4181.0,Polur(Uzhavar Sandhai ),,,-39524.855889,65,M6,False
onion,26,4182.0,Arani(Uzhavar Sandhai ),,,6898.920044,65,M7,False
onion,26,4183.0,Cheyyar(Uzhavar Sandhai ),,,-42952.363117,65,M6,False
onion,26,4184.0,Chengam(Uzhavar Sandhai ),0.4701,0.6399,21961.20334,65,M7,False
onion,26,4185.0,Vandavasi(Uzhavar Sandhai ),-0.3773,0.7078,-29798.7711,46,M6,False
onion,26,4186.0,Keelpennathur(Uzhavar Sandhai ),-0.7843,0.4358,-95449.786234,65,M6,False
onion,26,4188.0,Anna nagar(Uzhavar Sandhai ),0.939,0.3513,166044.288406,65,M7,False
onion,26,4191.0,Manapparai(Uzhavar Sandhai ),0.5317,0.5968,147937.413637,65,M7,False
onion,26,4192.0,Musiri(Uzhavar Sandhai ),0.8078,0.4222,183735.978086,65,M7,False
onion,26,4194.0,Lalgudi(Uzhavar Sandhai ),0.3243,0.7468,113360.988498,65,M7,False
onion,26,4195.0,Manachanallur(Uzhavar Sandhai ),0.1701,0.8655,40970.287827,65,M7,False
onion,26,4197.0,Katpadi (Uzhavar Sandhai ),0.4133,0.6807,34817.545997,65,M7,False
onion,26,4198.0,Gudiyatham(Uzhavar Sandhai ),-0.4509,0.6536,-26368.923933,65,M6,False
onion,26,4199.0,Kahithapattarai(Uzhavar Sandhai ),,,-28737.248285,65,M6,False
onion,26,4202.0,Gingee(Uzhavar Sandhai ),-0.8172,0.4169,-52755.94959,65,M6,False
onion,26,4203.0,Aruppukottai(Uzhavar Sandhai ),0.7373,0.4636,52870.1269,65,M7,False
onion,26,4204.0,Rajapalayam(Uzhavar Sandhai ),0.423,0.6737,97686.008885,65,M7,False
onion,26,4205.0,Srivilliputhur(Uzhavar Sandhai ),0.3867,0.7003,59342.481474,65,M7,False
onion,26,4206.0,Virudhunagar(Uzhavar Sandhai ),-0.2853,0.7764,-27287.414442,65,M6,False
onion,26,4207.0,Sivakasi(Uzhavar Sandhai ),0.2988,0.7661,40088.757994,65,M7,False
onion,26,4208.0,Sathur(Uzhavar Sandhai ),0.0034,0.9973,453.512295,65,M7,False
onion,26,4209.0,Kariyapatti(Uzhavar Sandhai ),0.121,0.9041,18897.438558,65,M7,False
onion,26,4210.0,Thalavaipuram(Uzhavar Sandhai ),0.36,0.7201,89172.801554,65,M7,False
onion,26,4212.0,Myladi(Uzhavar Sandhai ),0.5364,0.5936,181801.053112,65,M7,False
onion,26,4213.0,Pallavaram(Uzhavar Sandhai ),0.0164,0.9869,2102.469046,65,M7,False
onion,26,4214.0,Chengalpet(Uzhavar Sandhai ),-0.4259,0.6716,-42608.947798,65,M6,False
onion,26,4215.0,Medavakkam(Uzhavar Sandhai ),0.5155,0.608,41920.099342,65,M7,False
onion,26,4216.0,Nanganallur(Uzhavar Sandhai ),-0.943,0.3492,-104724.928326,65,M6,False
onion,26,4217.0,Madhuranthagam(Uzhavar Sandhai ),1.9783,0.0539,505398.693897,47,M7,False
onion,26,4219.0,Jameenrayapettai(Uzhavar Sandhai ),0.2463,0.8062,31725.467462,65,M7,False
onion,26,4220.0,Guduvancheri(Uzhavar Sandhai ),,,-224723.168152,65,M6,False
onion,26,4221.0,Thirukalukundram(Uzhavar Sandhai ),0.1868,0.8524,22048.99146,65,M7,False
onion,26,4222.0,Kallakurichi(Uzhavar Sandhai ),0.0393,0.9688,10586.186986,65,M7,False
onion,26,4224.0,Sankarapuram(Uzhavar Sandhai ),-0.2242,0.8234,-88750.98803,65,M6,False
onion,26,4225.0,Ranipettai(Uzhavar Sandhai ),,,-86770.359396,65,M6,False
onion,26,4226.0,Arcot(Uzhavar Sandhai ),,,10167.461665,65,M7,False
onion,26,4227.0,Sankarankoil(Uzhavar Sandhai ),0.755,0.453,114057.15681,65,M7,False
onion,26,4228.0,Tenkasi(Uzhavar Sandhai ),-1.4071,0.1642,-122593.06984,65,M6,False
onion,26,4229.0,Vaniyampadi(Uzhavar Sandhai ),,,-64694.490085,65,M6,False
onion,26,4231.0,Natrampalli(Uzhavar Sandhai ),0.8934,0.375,50977.281901,65,M7,False
onion,26,4234.0,Tiruppur (North) (Uzhavar Sandhai ),-1.1737,0.2449,-98740.064983,65,M6,False
onion,26,4235.0,Tiruppur (South) (Uzhavar Sandhai ),-1.4566,0.1501,-195213.984793,65,M6,False
onion,26,4236.0,Dharapuram(Uzhavar Sandhai ),-2.3324,0.0228,-81858.313132,65,M6,True
onion,26,4237.0,Kangayam(Uzhavar Sandhai ),-1.4822,0.1432,-44849.07867,65,M6,False
onion,26,4240.0,Balarampuram Market,-6.6429,0.0,-181390.219947,72,M6,True
onion,26,4398.0,Kakching Market APMC,0.1802,0.8577,48943.522252,53,M7,False
onion,26,4429.0,Badwani(F&V) APMC,-1.3452,0.1836,-40075.066889,61,M6,False
onion,26,4464.0,Hoshangabad(F&V) APMC,0.4236,0.6745,24576.096912,35,M7,False
onion,26,4475.0,Kalapipal(F&V) APMC,-2.9183,0.005,-69534.983913,59,M6,True
onion,26,4503.0,Manawar(F&V) APMC,,,-113976.862573,37,M6,False
onion,26,4523.0,Petlawad(F&V) APMC,-0.8983,0.3739,-37772.390186,45,M6,False
onion,26,4524.0,Pipariya(F&V) APMC,-0.801,0.4263,-42715.33336,60,M6,False
onion,26,4532.0,Sabalgarh(F&V) APMC,-0.2039,0.8393,-7342.842228,52,M6,False
onion,26,4533.0,Sailana(F&V) APMC,,,-137266.77822,61,M6,False
onion,26,4534.0,Sanawad(F&V) APMC,-0.8458,0.4024,-33193.514454,43,M6,False
onion,26,4539.0,Sendhwa(F&V) APMC,-0.7731,0.4425,-28243.185407,61,M6,False
onion,26,4666.0,Rampurhat APMC,-0.4558,0.6501,-100251.330371,65,M6,False
onion,26,4681.0,Ayodhya APMC,-0.3403,0.7347,-1872.006876,65,M6,False
onion,26,4846.0,Karimangalam(Uzhavar Sandhai),-0.6954,0.4897,-155281.8404,57,M6,False
onion,26,4849.0,Pallikonda(Uzhavar Sandhai),-0.9394,0.3529,-188145.699941,43,M6,False
onion,26,4850.0,Perampet(Uzhavar Sandhai),,,-240732.389188,35,M6,False
onion,26,4851.0,Peravurani(Uzhavar Sandhai),-0.7809,0.4392,-423265.725975,43,M6,False
onion,26,4852.0,Ponnamaravathi(Uzhavar Sandhai),,,-199091.717437,36,M6,False
potato,1,303.0,Dehradoon APMC,0.8419,0.4007,653.019093,247,M7,False
potato,1,319.0,Kashipur APMC,-0.1578,0.8747,-173.248417,245,M6,False
potato,1,326.0,Rudrapur APMC,-1.8995,0.0587,-2921.705859,242,M6,False
potato,1,328.0,Barasat APMC,0.0336,0.9732,37.020947,247,M7,False
potato,1,329.0,Bankura Sadar APMC,-1.8704,0.0626,-1460.123771,247,M6,False
potato,1,330.0,Bolpur APMC,-0.8267,0.4092,-549.627104,247,M6,False
potato,1,331.0,Kalna APMC,0.2369,0.813,224.62717,247,M7,False
potato,1,332.0,Katwa APMC,-1.6409,0.1022,-1987.095679,236,M6,False
potato,1,333.0,Coochbehar APMC,-2.2966,0.0225,-1825.850835,247,M6,True
potato,1,334.0,Pandua APMC,0.5603,0.5758,553.492189,247,M7,False
potato,1,335.0,Dhupguri APMC,-1.2136,0.2261,-1428.978487,247,M6,False
potato,1,336.0,Samsi APMC,-1.1496,0.2514,-1162.12712,247,M6,False
potato,1,337.0,English Bazar APMC,0.4896,0.6248,1106.0082,235,M7,False
potato,1,338.0,Tamluk (Medinipur E) APMC,-1.8334,0.068,-2799.963041,247,M6,False
potato,1,341.0,Karimpur APMC,1.5398,0.1249,1456.394681,247,M7,False
potato,1,342.0,Bethuadahari APMC,-0.7261,0.4685,-782.976789,247,M6,False
potato,1,343.0,Islampur APMC,-2.7177,0.007,-1899.257262,247,M6,True
potato,1,667.0,Rishikesh APMC,-1.4635,0.1446,-1137.080611,247,M6,False
potato,1,668.0,Vikasnagar APMC,1.6574,0.0987,1743.470754,247,M7,False
potato,1,669.0,Khateema APMC,1.2579,0.2096,838.07242,247,M7,False
potato,1,670.0,Burdwan APMC,-1.2602,0.2088,-1177.527794,247,M6,False
potato,1,671.0,Medinipur(West) APMC,-0.3398,0.7343,-329.836607,247,M6,False
potato,1,672.0,Birbhum APMC,-1.5618,0.1196,-1060.615335,247,M6,False
potato,1,673.0,Purulia APMC,-1.0172,0.3101,-809.890495,231,M6,False
potato,1,674.0,Nadia APMC,-0.1945,0.846,-261.784579,247,M6,False
potato,1,675.0,Jalpaiguri Sadar APMC,-0.9238,0.3565,-1043.862276,247,M6,False
potato,1,676.0,Alipurduar APMC,-0.4844,0.6285,-474.490509,247,M6,False
potato,1,677.0,Kalimpong APMC,3.2044,0.0015,14029.599042,233,M7,True
potato,1,799.0,Ramkrishanpur(Howrah) APMC,0.6319,0.5281,738.644911,247,M7,False
potato,1,801.0,Bishnupur(Bankura) APMC,-1.8689,0.0629,-1774.283508,238,M6,False
potato,1,817.0,Dinhata APMC,-1.5098,0.1324,-1104.302112,247,M6,False
potato,1,819.0,Toofanganj APMC,-1.5403,0.1248,-1167.577443,247,M6,False
potato,1,820.0,Ghatal APMC,-0.1207,0.904,-114.743835,247,M6,False
potato,1,821.0,Champadanga APMC,0.6038,0.5465,574.811334,247,M7,False
potato,1,822.0,Jangipur APMC,-0.5229,0.6015,-382.63356,247,M6,False
potato,1,1070.0,Haldwani APMC,-2.5743,0.0106,-2626.825392,247,M6,True
potato,1,1071.0,Haridwar Union APMC,-1.7595,0.0797,-1062.442073,247,M6,False
potato,1,1072.0,Ramnagar APMC,-1.1559,0.2489,-4484.205762,229,M6,False
potato,1,1073.0,Roorkee APMC,-0.8003,0.4243,-498.827745,247,M6,False
potato,1,1074.0,Kotadwara APMC,-0.9109,0.3632,-1277.714041,247,M6,False
potato,1,1077.0,Manglaur APMC,1.2114,0.2269,855.299874,247,M7,False
potato,1,1663.0,Sitarganj APMC,-0.3924,0.6951,-322.979131,247,M6,False
potato,1,1664.0,Jaspur(UC) APMC,-0.0729,0.9419,-101.300174,218,M6,False
potato,1,2265.0,Kandi APMC,-0.2045,0.8381,-211.266308,247,M6,False
potato,1,2266.0,Kalyani APMC,1.0568,0.2916,1324.246023,247,M7,False
potato,1,2269.0,Uluberia APMC,-0.0582,0.9536,-75.382385,247,M6,False
potato,1,2270.0,Sheoraphuly APMC,1.7047,0.0895,1852.458476,247,M7,False
potato,1,2534.0,Mathabhanga APMC,-2.8558,0.0047,-1989.395173,235,M6,True
potato,1,2535.0,Haldibari APMC,-2.4378,0.0155,-1711.963747,235,M6,True
potato,1,2536.0,Belacoba APMC,-1.1893,0.2355,-1278.752062,247,M6,False
potato,1,2537.0,Siliguri APMC,-1.3739,0.1707,-1279.810782,247,M6,False
potato,1,2894.0,Bara Bazar (Posta Bazar) APMC,-0.1478,0.8826,-158.220453,247,M6,False
potato,1,2897.0,Habra APMC,1.4257,0.1552,2026.782559,247,M7,False
potato,1,2898.0,Khatra APMC,-1.9905,0.0476,-1761.460337,247,M6,True
potato,1,2899.0,Durgapur APMC,0.0496,0.9605,38.339751,247,M7,False
potato,1,2900.0,Memari APMC,-1.0535,0.2931,-999.172756,247,M6,False
potato,1,2901.0,Pundibari APMC,-2.3154,0.0214,-1898.031421,247,M6,True
potato,1,2902.0,Gajol APMC,-2.2631,0.0245,-2265.785547,247,M6,True
potato,1,2903.0,Jhargram APMC,-1.5599,0.1201,-2213.157152,247,M6,False
potato,1,2904.0,Beldanga APMC,0.818,0.4142,592.320323,247,M7,False
potato,1,2905.0,Balarampur APMC,0.1804,0.857,229.048077,247,M7,False
potato,1,3117.0,Asansol APMC,-0.2567,0.7976,-194.147337,247,M6,False
potato,1,3338.0,Bhagwanpur(Naveen Mandi Sthal) APMC,-0.587,0.5578,-320.352087,221,M6,False
potato,1,3339.0,Falakata APMC,-0.4211,0.6741,-498.14194,232,M6,False
potato,1,3340.0,Moynaguri APMC,-1.0312,0.3034,-1335.136233,247,M6,False
potato,1,3341.0,Karsiyang(Matigara) APMC,4.4714,0.0,14649.024009,247,M7,True
potato,1,3344.0,Gangarampur(Dakshin Dinajpur) APMC,-2.4288,0.0159,-1841.682501,247,M6,True
potato,1,3345.0,Jiaganj APMC,-0.7201,0.4721,-1025.423243,247,M6,False
potato,1,3346.0,Diamond Harbour(South 24-pgs) APMC,-0.5918,0.5545,-852.886783,247,M6,False
potato,1,3347.0,Kalipur APMC,0.8206,0.4127,858.388698,247,M7,False
potato,1,3348.0,Guskara APMC,1.1326,0.2586,922.055724,236,M7,False
potato,1,3349.0,Ranaghat APMC,0.2129,0.8315,245.077358,247,M7,False
potato,1,3350.0,Chakdah APMC,0.3209,0.7486,395.27862,247,M7,False
potato,1,3351.0,Indus(Bankura Sadar) APMC,-2.2571,0.0249,-1997.455127,247,M6,True
potato,1,3352.0,Garbeta(Medinipur) APMC,-0.0846,0.9327,-80.69772,247,M6,False
potato,1,3353.0,Kolaghat APMC,-1.4905,0.1374,-2257.55259,247,M6,False
potato,1,3354.0,Kasipur APMC,-0.7586,0.4488,-746.334686,247,M6,False
potato,1,3355.0,Sainthia APMC,-1.5787,0.1157,-1355.366683,247,M6,False
potato,1,4666.0,Rampurhat APMC,-1.1274,0.2607,-1004.409324,247,M6,False
potato,1,4667.0,Balurghat APMC,-0.607,0.5444,-489.016736,235,M6,False
potato,1,4670.0,Baxirhat APMC,-2.8922,0.0042,-2069.898859,235,M6,True
potato,1,4671.0,Mekhliganj APMC,-1.507,0.1331,-1150.886371,247,M6,False
potato,4,303.0,Dehradoon APMC,1.5964,0.1117,1751.263569,244,M7,False
potato,4,319.0,Kashipur APMC,0.4626,0.6441,1396.104392,242,M7,False
potato,4,326.0,Rudrapur APMC,-0.8879,0.3755,-2455.240009,239,M6,False
potato,4,328.0,Barasat APMC,-0.1857,0.8528,-761.797731,244,M6,False
potato,4,329.0,Bankura Sadar APMC,-0.831,0.4068,-4638.61189,244,M6,False
potato,4,330.0,Bolpur APMC,-0.4844,0.6285,-1539.282791,244,M6,False
potato,4,331.0,Kalna APMC,-0.5507,0.5823,-2250.047464,244,M6,False
potato,4,332.0,Katwa APMC,-0.1802,0.8571,-693.039696,230,M6,False
potato,4,333.0,Coochbehar APMC,0.0647,0.9484,273.526415,244,M7,False
potato,4,334.0,Pandua APMC,-0.9654,0.3353,-4695.601546,244,M6,False
potato,4,335.0,Dhupguri APMC,-0.2144,0.8304,-623.391685,244,M6,False
potato,4,336.0,Samsi APMC,-0.0136,0.9892,-49.982231,244,M6,False
potato,4,337.0,English Bazar APMC,0.6437,0.5204,3552.335674,229,M7,False
potato,4,338.0,Tamluk (Medinipur E) APMC,-0.8161,0.4153,-6611.048367,244,M6,False
potato,4,341.0,Karimpur APMC,-0.8847,0.3772,-3580.39554,244,M6,False
potato,4,342.0,Bethuadahari APMC,0.3645,0.7158,1663.420368,244,M7,False
potato,4,343.0,Islampur APMC,-0.4952,0.6209,-1522.334365,244,M6,False
potato,4,667.0,Rishikesh APMC,1.4167,0.1579,5236.760557,244,M7,False
potato,4,668.0,Vikasnagar APMC,0.9113,0.363,1744.474163,244,M7,False
potato,4,669.0,Khateema APMC,0.2619,0.7936,507.464378,244,M7,False
potato,4,670.0,Burdwan APMC,-0.2963,0.7672,-1511.117143,244,M6,False
potato,4,671.0,Medinipur(West) APMC,-0.3087,0.7578,-1594.931429,244,M6,False
potato,4,672.0,Birbhum APMC,-0.7317,0.465,-1744.424301,244,M6,False
potato,4,673.0,Purulia APMC,-0.7485,0.455,-3536.644506,225,M6,False
potato,4,674.0,Nadia APMC,0.2345,0.8148,1188.128378,244,M7,False
potato,4,675.0,Jalpaiguri Sadar APMC,-0.3326,0.7397,-918.293963,244,M6,False
potato,4,676.0,Alipurduar APMC,0.3222,0.7476,1412.739529,244,M7,False
potato,4,677.0,Kalimpong APMC,2.6997,0.0075,27740.95219,227,M7,True
potato,4,799.0,Ramkrishanpur(Howrah) APMC,-0.2964,0.7672,-1293.9588,244,M6,False
potato,4,801.0,Bishnupur(Bankura) APMC,-0.9098,0.3639,-4976.681349,232,M6,False
potato,4,817.0,Dinhata APMC,-0.6911,0.4901,-2070.894803,244,M6,False
potato,4,819.0,Toofanganj APMC,-0.9039,0.3669,-2677.06274,244,M6,False
potato,4,820.0,Ghatal APMC,-0.8114,0.4179,-4560.014786,244,M6,False
potato,4,821.0,Champadanga APMC,-0.4189,0.6756,-2160.958809,244,M6,False
potato,4,822.0,Jangipur APMC,-0.714,0.4759,-2886.226106,244,M6,False
potato,4,1070.0,Haldwani APMC,1.1882,0.2359,4347.331641,244,M7,False
potato,4,1071.0,Haridwar Union APMC,0.0907,0.9278,159.47285,244,M7,False
potato,4,1072.0,Ramnagar APMC,1.0594,0.2906,4593.408368,223,M7,False
potato,4,1073.0,Roorkee APMC,-1.7987,0.0733,-3671.445361,244,M6,False
potato,4,1074.0,Kotadwara APMC,-0.0623,0.9504,-267.002107,244,M6,False
potato,4,1077.0,Manglaur APMC,0.2341,0.8151,253.07249,244,M7,False
potato,4,1663.0,Sitarganj APMC,1.1436,0.2539,1981.300307,244,M7,False
potato,4,1664.0,Jaspur(UC) APMC,1.213,0.2265,3753.142165,212,M7,False
potato,4,2265.0,Kandi APMC,-0.7641,0.4455,-2967.314398,244,M6,False
potato,4,2266.0,Kalyani APMC,-0.439,0.6611,-1464.361815,244,M6,False
potato,4,2269.0,Uluberia APMC,-0.5755,0.5655,-3118.617951,244,M6,False
potato,4,2270.0,Sheoraphuly APMC,-0.5652,0.5724,-2889.881459,244,M6,False
potato,4,2534.0,Mathabhanga APMC,-1.3155,0.1897,-4169.758371,229,M6,False
potato,4,2535.0,Haldibari APMC,-1.541,0.1247,-4726.93263,229,M6,False
potato,4,2536.0,Belacoba APMC,-0.6189,0.5366,-2062.933524,244,M6,False
potato,4,2537.0,Siliguri APMC,-0.8531,0.3944,-3964.440159,244,M6,False
potato,4,2894.0,Bara Bazar (Posta Bazar) APMC,-0.0395,0.9686,-175.4386,244,M6,False
potato,4,2897.0,Habra APMC,0.2465,0.8055,1238.891511,244,M7,False
potato,4,2898.0,Khatra APMC,-1.3953,0.1642,-7529.001908,244,M6,False
potato,4,2899.0,Durgapur APMC,-0.203,0.8393,-818.870194,244,M6,False
potato,4,2900.0,Memari APMC,-0.3045,0.761,-1479.425609,244,M6,False
potato,4,2901.0,Pundibari APMC,-0.2376,0.8124,-1110.072978,244,M6,False
potato,4,2902.0,Gajol APMC,0.083,0.9339,307.371657,244,M7,False
potato,4,2903.0,Jhargram APMC,-1.1147,0.2661,-5298.563871,244,M6,False
potato,4,2904.0,Beldanga APMC,-0.224,0.8229,-941.139663,244,M6,False
potato,4,2905.0,Balarampur APMC,-0.8287,0.4081,-6734.602142,244,M6,False
potato,4,3117.0,Asansol APMC,-0.6718,0.5023,-2912.064773,244,M6,False
potato,4,3338.0,Bhagwanpur(Naveen Mandi Sthal) APMC,-0.7978,0.4259,-2082.74882,212,M6,False
potato,4,3339.0,Falakata APMC,-0.0885,0.9296,-437.910916,226,M6,False
potato,4,3340.0,Moynaguri APMC,-0.2647,0.7915,-978.145669,244,M6,False
potato,4,3341.0,Karsiyang(Matigara) APMC,2.2603,0.0247,14117.955546,244,M7,True
potato,4,3344.0,Gangarampur(Dakshin Dinajpur) APMC,-1.0636,0.2886,-3929.377193,244,M6,False
potato,4,3345.0,Jiaganj APMC,-1.3154,0.1896,-4087.170474,244,M6,False
potato,4,3346.0,Diamond Harbour(South 24-pgs) APMC,-0.1113,0.9115,-465.501514,244,M6,False
potato,4,3347.0,Kalipur APMC,-0.7323,0.4647,-3797.383434,244,M6,False
potato,4,3348.0,Guskara APMC,-0.7802,0.4361,-2880.210261,230,M6,False
potato,4,3349.0,Ranaghat APMC,0.4618,0.6446,2548.663418,244,M7,False
potato,4,3350.0,Chakdah APMC,0.6574,0.5115,3989.485229,244,M7,False
potato,4,3351.0,Indus(Bankura Sadar) APMC,-0.8639,0.3885,-4747.884938,244,M6,False
potato,4,3352.0,Garbeta(Medinipur) APMC,-0.1638,0.87,-810.118246,244,M6,False
potato,4,3353.0,Kolaghat APMC,-0.6033,0.5469,-4576.982252,244,M6,False
potato,4,3354.0,Kasipur APMC,-0.9061,0.3658,-4920.544705,244,M6,False
potato,4,3355.0,Sainthia APMC,-1.7622,0.0793,-3255.859162,244,M6,False
potato,4,4666.0,Rampurhat APMC,-1.3748,0.1705,-2986.786455,244,M6,False
potato,4,4667.0,Balurghat APMC,-0.5939,0.5532,-2922.129629,229,M6,False
potato,4,4670.0,Baxirhat APMC,-1.0085,0.3143,-3185.135325,229,M6,False
potato,4,4671.0,Mekhliganj APMC,-0.9751,0.3305,-2932.498198,244,M6,False
potato,13,303.0,Dehradoon APMC,0.0371,0.9704,246.997833,235,M7,False
potato,13,319.0,Kashipur APMC,0.759,0.4486,5563.780875,233,M7,False
potato,13,326.0,Rudrapur APMC,0.1747,0.8615,1672.395801,230,M7,False
potato,13,328.0,Barasat APMC,-1.9671,0.0504,-14847.13157,235,M6,False
potato,13,329.0,Bankura Sadar APMC,-0.2985,0.7656,-3715.066831,235,M6,False
potato,13,330.0,Bolpur APMC,-2.316,0.0214,-22763.447857,235,M6,True
potato,13,331.0,Kalna APMC,-0.7157,0.4749,-7440.216971,235,M6,False
potato,13,332.0,Katwa APMC,-1.279,0.2023,-13714.717143,217,M6,False
potato,13,333.0,Coochbehar APMC,-0.3397,0.7344,-3600.98175,235,M6,False
potato,13,334.0,Pandua APMC,-0.1507,0.8804,-1310.409505,235,M6,False
potato,13,335.0,Dhupguri APMC,0.1091,0.9132,1160.893528,235,M7,False
potato,13,336.0,Samsi APMC,0.6227,0.5341,3598.940321,235,M7,False
potato,13,337.0,English Bazar APMC,-0.3996,0.6899,-2875.518433,215,M6,False
potato,13,338.0,Tamluk (Medinipur E) APMC,-1.0803,0.2811,-13466.406216,235,M6,False
potato,13,341.0,Karimpur APMC,-1.7543,0.0807,-23194.40164,235,M6,False
potato,13,342.0,Bethuadahari APMC,-1.45,0.1484,-13508.270137,235,M6,False
potato,13,343.0,Islampur APMC,0.2221,0.8244,1732.883403,235,M7,False
potato,13,667.0,Rishikesh APMC,-0.8745,0.3827,-13118.513641,235,M6,False
potato,13,668.0,Vikasnagar APMC,-0.2412,0.8096,-1270.815282,235,M6,False
potato,13,669.0,Khateema APMC,-0.4477,0.6548,-4741.114599,235,M6,False
potato,13,670.0,Burdwan APMC,-1.9128,0.057,-17429.826851,235,M6,False
potato,13,671.0,Medinipur(West) APMC,-0.4857,0.6276,-4778.385467,235,M6,False
potato,13,672.0,Birbhum APMC,-1.6844,0.0934,-14521.143547,235,M6,False
potato,13,673.0,Purulia APMC,-0.8735,0.3834,-10971.203777,207,M6,False
potato,13,674.0,Nadia APMC,-1.6653,0.0972,-16698.291535,235,M6,False
potato,13,675.0,Jalpaiguri Sadar APMC,0.4266,0.6701,4605.516274,235,M7,False
potato,13,676.0,Alipurduar APMC,-1.0943,0.275,-8108.829903,235,M6,False
potato,13,677.0,Kalimpong APMC,-1.8728,0.0625,-309068.310743,211,M6,False
potato,13,799.0,Ramkrishanpur(Howrah) APMC,-1.2689,0.2057,-18137.721897,235,M6,False
potato,13,801.0,Bishnupur(Bankura) APMC,-0.1592,0.8737,-2583.825948,221,M6,False
potato,13,817.0,Dinhata APMC,0.0045,0.9964,48.874327,235,M7,False
potato,13,819.0,Toofanganj APMC,-0.0846,0.9327,-932.155243,235,M6,False
potato,13,820.0,Ghatal APMC,-0.535,0.5932,-3914.21919,235,M6,False
potato,13,821.0,Champadanga APMC,-1.3877,0.1666,-8965.889249,235,M6,False
potato,13,822.0,Jangipur APMC,-1.1397,0.2556,-11455.559242,235,M6,False
potato,13,1070.0,Haldwani APMC,-0.1955,0.8451,-1647.528211,235,M6,False
potato,13,1071.0,Haridwar Union APMC,0.1336,0.8939,1050.015012,235,M7,False
potato,13,1072.0,Ramnagar APMC,0.2407,0.81,3523.791966,205,M7,False
potato,13,1073.0,Roorkee APMC,2.2125,0.0279,9124.393886,235,M7,True
potato,13,1074.0,Kotadwara APMC,-0.0114,0.9909,-112.147777,235,M6,False
potato,13,1077.0,Manglaur APMC,0.5387,0.5906,4020.128306,235,M7,False
potato,13,1663.0,Sitarganj APMC,-0.5253,0.5999,-3146.682339,235,M6,False
potato,13,1664.0,Jaspur(UC) APMC,-0.7459,0.4566,-7833.27009,194,M6,False
potato,13,2265.0,Kandi APMC,-0.2878,0.7738,-2562.124009,235,M6,False
potato,13,2266.0,Kalyani APMC,-1.2316,0.2193,-15890.564923,235,M6,False
potato,13,2269.0,Uluberia APMC,-1.1603,0.2471,-15714.525941,235,M6,False
potato,13,2270.0,Sheoraphuly APMC,-1.1096,0.2683,-8112.68489,235,M6,False
potato,13,2534.0,Mathabhanga APMC,0.8272,0.409,7576.727681,215,M7,False
potato,13,2535.0,Haldibari APMC,0.7149,0.4755,6586.548357,215,M7,False
potato,13,2536.0,Belacoba APMC,-0.0498,0.9603,-603.743227,235,M6,False
potato,13,2537.0,Siliguri APMC,0.6518,0.5152,3525.975122,235,M7,False
potato,13,2894.0,Bara Bazar (Posta Bazar) APMC,-1.1725,0.2422,-12462.649101,235,M6,False
potato,13,2897.0,Habra APMC,-1.1169,0.2652,-10149.366835,235,M6,False
potato,13,2898.0,Khatra APMC,-0.1399,0.8889,-1985.084017,235,M6,False
potato,13,2899.0,Durgapur APMC,-1.9049,0.058,-15125.656152,235,M6,False
potato,13,2900.0,Memari APMC,-1.6488,0.1005,-15020.615672,235,M6,False
potato,13,2901.0,Pundibari APMC,-0.0645,0.9486,-728.126563,235,M6,False
potato,13,2902.0,Gajol APMC,0.6269,0.5313,4054.847195,235,M7,False
potato,13,2903.0,Jhargram APMC,-1.1361,0.2571,-18510.256223,235,M6,False
potato,13,2904.0,Beldanga APMC,0.0602,0.9521,467.949519,235,M7,False
potato,13,2905.0,Balarampur APMC,0.4631,0.6437,4894.718191,235,M7,False
potato,13,3117.0,Asansol APMC,-1.713,0.088,-15853.556456,235,M6,False
potato,13,3338.0,Bhagwanpur(Naveen Mandi Sthal) APMC,0.2531,0.8005,3202.959506,191,M7,False
potato,13,3339.0,Falakata APMC,-0.853,0.3946,-7898.20341,209,M6,False
potato,13,3340.0,Moynaguri APMC,0.0322,0.9743,367.963045,235,M7,False
potato,13,3341.0,Karsiyang(Matigara) APMC,-1.4987,0.1353,-205840.201684,235,M6,False
potato,13,3344.0,Gangarampur(Dakshin Dinajpur) APMC,0.7336,0.4639,7562.312357,235,M7,False
potato,13,3345.0,Jiaganj APMC,-1.6379,0.1028,-16678.85017,235,M6,False
potato,13,3346.0,Diamond Harbour(South 24-pgs) APMC,-2.1108,0.0358,-32206.844366,235,M6,True
potato,13,3347.0,Kalipur APMC,-0.472,0.6374,-4268.313407,235,M6,False
potato,13,3348.0,Guskara APMC,-1.1002,0.2725,-8971.563234,217,M6,False
potato,13,3349.0,Ranaghat APMC,-1.9225,0.0558,-16984.064986,235,M6,False
potato,13,3350.0,Chakdah APMC,-1.8376,0.0674,-13628.868635,235,M6,False
potato,13,3351.0,Indus(Bankura Sadar) APMC,-0.1393,0.8894,-1835.788119,235,M6,False
potato,13,3352.0,Garbeta(Medinipur) APMC,-0.1655,0.8687,-1697.387579,235,M6,False
potato,13,3353.0,Kolaghat APMC,-1.2292,0.2202,-14536.68011,235,M6,False
potato,13,3354.0,Kasipur APMC,-0.2236,0.8233,-2657.889035,235,M6,False
potato,13,3355.0,Sainthia APMC,-0.7954,0.4272,-9296.507102,235,M6,False
potato,13,4666.0,Rampurhat APMC,-0.2824,0.7779,-3853.266901,235,M6,False
potato,13,4667.0,Balurghat APMC,0.0328,0.9738,363.317507,215,M7,False
potato,13,4670.0,Baxirhat APMC,0.2036,0.8389,2703.997038,215,M7,False
potato,13,4671.0,Mekhliganj APMC,-0.1282,0.8981,-1853.694718,235,M6,False
potato,26,303.0,Dehradoon APMC,-0.4464,0.6558,-4066.437085,222,M6,False
potato,26,319.0,Kashipur APMC,-1.0139,0.3118,-9177.163772,220,M6,False
potato,26,326.0,Rudrapur APMC,0.0888,0.9293,1180.748513,217,M7,False
potato,26,328.0,Barasat APMC,-0.3221,0.7477,-10472.887065,222,M6,False
potato,26,329.0,Bankura Sadar APMC,0.9633,0.3365,40413.612135,222,M7,False
potato,26,330.0,Bolpur APMC,0.2866,0.7747,9945.115811,222,M7,False
potato,26,331.0,Kalna APMC,0.5299,0.5967,23727.528946,222,M7,False
potato,26,332.0,Katwa APMC,0.4887,0.6255,26854.941231,204,M7,False
potato,26,333.0,Coochbehar APMC,1.1979,0.2322,32597.70171,222,M7,False
potato,26,334.0,Pandua APMC,0.5184,0.6047,24034.240779,222,M7,False
potato,26,335.0,Dhupguri APMC,1.0438,0.2977,42381.905824,222,M7,False
potato,26,336.0,Samsi APMC,1.198,0.2322,48642.539992,222,M7,False
potato,26,337.0,English Bazar APMC,0.5389,0.5905,19122.08673,202,M7,False
potato,26,338.0,Tamluk (Medinipur E) APMC,0.0858,0.9317,4609.325936,222,M7,False
potato,26,341.0,Karimpur APMC,0.1942,0.8462,10314.005893,222,M7,False
potato,26,342.0,Bethuadahari APMC,0.128,0.8983,6180.021921,222,M7,False
potato,26,343.0,Islampur APMC,1.1497,0.2515,48829.473368,222,M7,False
potato,26,667.0,Rishikesh APMC,1.0488,0.2954,7521.072841,222,M7,False
potato,26,668.0,Vikasnagar APMC,-0.5627,0.5742,-3808.477676,222,M6,False
potato,26,669.0,Khateema APMC,-1.141,0.2551,-12299.579325,222,M6,False
potato,26,670.0,Burdwan APMC,0.3088,0.7578,14627.511549,222,M7,False
potato,26,671.0,Medinipur(West) APMC,0.8965,0.371,39342.982346,222,M7,False
potato,26,672.0,Birbhum APMC,0.4134,0.6797,13296.649402,222,M7,False
potato,26,673.0,Purulia APMC,0.5849,0.5592,10472.65689,206,M7,False
potato,26,674.0,Nadia APMC,-0.0051,0.9959,-247.85634,222,M6,False
potato,26,675.0,Jalpaiguri Sadar APMC,1.0436,0.2978,41746.367435,222,M7,False
potato,26,676.0,Alipurduar APMC,1.02,0.3088,42631.768391,222,M7,False
potato,26,677.0,Kalimpong APMC,-1.861,0.0642,-293262.538463,210,M6,False
potato,26,799.0,Ramkrishanpur(Howrah) APMC,-0.0153,0.9878,-740.140522,222,M6,False
potato,26,801.0,Bishnupur(Bankura) APMC,0.9865,0.3251,34195.265195,208,M7,False
potato,26,817.0,Dinhata APMC,1.0976,0.2736,35067.414514,222,M7,False
potato,26,819.0,Toofanganj APMC,1.1267,0.2611,35860.540576,222,M7,False
potato,26,820.0,Ghatal APMC,0.6311,0.5287,21183.701797,222,M7,False
potato,26,821.0,Champadanga APMC,0.4285,0.6687,21183.52995,222,M7,False
potato,26,822.0,Jangipur APMC,-0.2162,0.829,-7796.78724,222,M6,False
potato,26,1070.0,Haldwani APMC,0.0143,0.9886,81.192649,222,M7,False
potato,26,1071.0,Haridwar Union APMC,1.0436,0.2978,6615.91772,222,M7,False
potato,26,1072.0,Ramnagar APMC,1.5106,0.1325,33509.924064,192,M7,False
potato,26,1073.0,Roorkee APMC,0.162,0.8714,334.987349,222,M7,False
potato,26,1074.0,Kotadwara APMC,0.9972,0.3198,3902.031416,222,M7,False
potato,26,1077.0,Manglaur APMC,0.485,0.6282,1038.403646,222,M7,False
potato,26,1663.0,Sitarganj APMC,0.6426,0.5211,2820.496593,222,M7,False
potato,26,1664.0,Jaspur(UC) APMC,0.4023,0.688,3988.380669,177,M7,False
potato,26,2265.0,Kandi APMC,0.8319,0.4063,31395.045266,222,M7,False
potato,26,2266.0,Kalyani APMC,0.1144,0.909,5754.595126,222,M7,False
potato,26,2269.0,Uluberia APMC,-0.1513,0.8799,-7894.205108,222,M6,False
potato,26,2270.0,Sheoraphuly APMC,0.3889,0.6977,19867.379249,222,M7,False
potato,26,2534.0,Mathabhanga APMC,0.9782,0.3292,18641.472458,202,M7,False
potato,26,2535.0,Haldibari APMC,0.9929,0.322,18755.462859,202,M7,False
potato,26,2536.0,Belacoba APMC,1.0898,0.277,41854.133216,222,M7,False
potato,26,2537.0,Siliguri APMC,1.0856,0.2788,34885.773138,222,M7,False
potato,26,2894.0,Bara Bazar (Posta Bazar) APMC,0.0782,0.9378,3752.390909,222,M7,False
potato,26,2897.0,Habra APMC,0.0282,0.9775,1258.531157,222,M7,False
potato,26,2898.0,Khatra APMC,1.0474,0.2961,43652.680686,222,M7,False
potato,26,2899.0,Durgapur APMC,0.7185,0.4732,31066.674601,222,M7,False
potato,26,2900.0,Memari APMC,0.2876,0.7739,13712.341311,222,M7,False
potato,26,2901.0,Pundibari APMC,1.1649,0.2453,31913.329469,222,M7,False
potato,26,2902.0,Gajol APMC,1.1225,0.2629,44887.637891,222,M7,False
potato,26,2903.0,Jhargram APMC,0.5354,0.5929,25496.426403,222,M7,False
potato,26,2904.0,Beldanga APMC,0.5559,0.5788,23421.6114,222,M7,False
potato,26,2905.0,Balarampur APMC,0.489,0.6253,15728.017233,222,M7,False
potato,26,3117.0,Asansol APMC,0.6547,0.5133,29268.688585,222,M7,False
potato,26,3338.0,Bhagwanpur(Naveen Mandi Sthal) APMC,-1.5698,0.1182,-48660.146938,178,M6,False
potato,26,3339.0,Falakata APMC,0.8748,0.3827,31670.752545,196,M7,False
potato,26,3340.0,Moynaguri APMC,0.984,0.3262,37208.745022,222,M7,False
potato,26,3341.0,Karsiyang(Matigara) APMC,-1.8216,0.0699,-235235.254879,222,M6,False
potato,26,3344.0,Gangarampur(Dakshin Dinajpur) APMC,1.0391,0.2999,39981.675502,222,M7,False
potato,26,3345.0,Jiaganj APMC,0.5026,0.6157,21368.026673,222,M7,False
potato,26,3346.0,Diamond Harbour(South 24-pgs) APMC,-0.1522,0.8791,-7224.80535,222,M6,False
potato,26,3347.0,Kalipur APMC,0.5831,0.5604,26589.067854,222,M7,False
potato,26,3348.0,Guskara APMC,0.4973,0.6195,24052.2873,204,M7,False
potato,26,3349.0,Ranaghat APMC,0.0854,0.9321,3854.285245,222,M7,False
potato,26,3350.0,Chakdah APMC,0.0472,0.9624,2223.042264,222,M7,False
potato,26,3351.0,Indus(Bankura Sadar) APMC,1.0119,0.3127,42316.209555,222,M7,False
potato,26,3352.0,Garbeta(Medinipur) APMC,0.9822,0.3271,47896.832451,222,M7,False
potato,26,3353.0,Kolaghat APMC,0.0901,0.9283,4833.839676,222,M7,False
potato,26,3354.0,Kasipur APMC,0.8664,0.3872,34659.196588,222,M7,False
potato,26,3355.0,Sainthia APMC,1.0771,0.2826,25985.134714,222,M7,False
potato,26,4666.0,Rampurhat APMC,1.0566,0.2919,45609.898452,222,M7,False
potato,26,4667.0,Balurghat APMC,1.1718,0.2427,59458.627728,202,M7,False
potato,26,4670.0,Baxirhat APMC,1.2287,0.2206,21820.848538,202,M7,False
potato,26,4671.0,Mekhliganj APMC,1.2566,0.2102,38517.535146,222,M7,False
