crop,market_id,market,horizon_weeks,n,mape,wape,diff_pts
onion,2.0,Mahboob Manison APMC,1,83,14.49,13.93,0.56
onion,2.0,Mahboob Manison APMC,4,80,26.94,25.06,1.88
onion,2.0,Mahboob Manison APMC,13,71,67.2,60.4,6.8
onion,2.0,Mahboob Manison APMC,26,58,113.46,98.76,14.71
onion,11.0,Sadasivpet APMC,1,83,16.33,16.36,-0.03
onion,11.0,Sadasivpet APMC,4,80,26.29,26.23,0.05
onion,11.0,Sadasivpet APMC,13,71,59.96,55.06,4.91
onion,11.0,Sadasivpet APMC,26,58,88.03,76.18,11.85
onion,43.0,Chandigarh(Grain/Fruit) APMC,1,238,17.58,17.38,0.2
onion,43.0,Chandigarh(Grain/Fruit) APMC,4,235,25.06,24.93,0.13
onion,43.0,Chandigarh(Grain/Fruit) APMC,13,226,43.85,39.69,4.17
onion,43.0,Chandigarh(Grain/Fruit) APMC,26,213,47.12,43.98,3.14
onion,54.0,Bharuch APMC,1,121,13.15,14.03,-0.87
onion,54.0,Bharuch APMC,4,115,19.46,20.24,-0.78
onion,54.0,Bharuch APMC,13,106,30.05,30.8,-0.75
onion,54.0,Bharuch APMC,26,93,44.93,40.63,4.3
onion,55.0,Mahuva(Station Road) APMC,1,240,18.57,17.11,1.45
onion,55.0,Mahuva(Station Road) APMC,4,237,25.14,23.55,1.6
onion,55.0,Mahuva(Station Road) APMC,13,228,41.26,37.65,3.61
onion,55.0,Mahuva(Station Road) APMC,26,215,41.1,36.51,4.58
onion,61.0,Gondal APMC,1,225,22.03,18.55,3.47
onion,61.0,Gondal APMC,4,219,32.46,28.34,4.12
onion,61.0,Gondal APMC,13,211,53.65,45.17,8.47
onion,61.0,Gondal APMC,26,202,58.47,47.8,10.67
onion,62.0,Morbi APMC,1,240,19.12,18.95,0.17
onion,62.0,Morbi APMC,4,237,29.68,28.95,0.72
onion,62.0,Morbi APMC,13,228,44.39,41.74,2.66
onion,62.0,Morbi APMC,26,215,45.49,42.29,3.2
onion,64.0,Surat APMC,1,240,16.01,16.18,-0.17
onion,64.0,Surat APMC,4,237,23.15,24.25,-1.1
onion,64.0,Surat APMC,13,228,35.54,37.23,-1.69
onion,64.0,Surat APMC,26,215,36.11,37.64,-1.52
onion,69.0,PMY Kangra,1,240,12.88,13.0,-0.12
onion,69.0,PMY Kangra,4,237,18.63,19.52,-0.89
onion,69.0,PMY Kangra,13,228,27.28,28.81,-1.53
onion,69.0,PMY Kangra,26,215,27.47,31.3,-3.83
onion,70.0,PMY Kullu,1,240,12.57,12.65,-0.08
onion,70.0,PMY Kullu,4,237,18.04,18.2,-0.16
onion,70.0,PMY Kullu,13,228,28.9,28.83,0.07
onion,70.0,PMY Kullu,26,215,29.33,31.78,-2.44
onion,71.0,PMY Paonta Sahib,1,240,13.68,13.63,0.06
onion,71.0,PMY Paonta Sahib,4,237,19.57,19.64,-0.07
onion,71.0,PMY Paonta Sahib,13,228,33.19,32.29,0.9
onion,71.0,PMY Paonta Sahib,26,215,32.31,33.65,-1.34
onion,72.0,PMY Kather Solan,1,210,13.39,13.83,-0.44
onion,72.0,PMY Kather Solan,4,201,21.19,21.7,-0.51
onion,72.0,PMY Kather Solan,13,181,34.64,33.52,1.12
onion,72.0,PMY Kather Solan,26,163,35.8,35.94,-0.14
onion,75.0,Fatehabad APMC,1,214,20.99,21.41,-0.42
onion,75.0,Fatehabad APMC,4,208,25.51,27.45,-1.93
onion,75.0,Fatehabad APMC,13,190,33.22,34.09,-0.86
onion,75.0,Fatehabad APMC,26,167,32.94,36.17,-3.23
onion,79.0,Narwana APMC,1,240,17.75,17.33,0.43
onion,79.0,Narwana APMC,4,237,27.28,26.52,0.76
onion,79.0,Narwana APMC,13,228,40.25,39.23,1.02
onion,79.0,Narwana APMC,26,215,34.48,35.9,-1.43
onion,85.0,Ladwa APMC,1,240,16.17,16.52,-0.35
onion,85.0,Ladwa APMC,4,237,22.8,23.97,-1.17
onion,85.0,Ladwa APMC,13,228,32.18,34.32,-2.14
onion,85.0,Ladwa APMC,26,215,30.58,34.14,-3.57
onion,86.0,Pehowa APMC,1,240,18.97,17.98,0.99
onion,86.0,Pehowa APMC,4,237,22.44,22.41,0.02
onion,86.0,Pehowa APMC,13,228,20.31,22.54,-2.24
onion,86.0,Pehowa APMC,26,215,21.69,23.66,-1.97
onion,87.0,Thanesar APMC,1,239,15.33,15.82,-0.49
onion,87.0,Thanesar APMC,4,236,20.18,22.13,-1.95
onion,87.0,Thanesar APMC,13,227,26.21,29.99,-3.77
onion,87.0,Thanesar APMC,26,214,29.24,33.57,-4.33
onion,89.0,Shahabad APMC,1,240,18.26,17.64,0.61
onion,89.0,Shahabad APMC,4,237,24.85,25.2,-0.35
onion,89.0,Shahabad APMC,13,228,37.36,38.31,-0.95
onion,89.0,Shahabad APMC,26,215,37.11,39.53,-2.41
onion,92.0,kalanwali APMC,1,191,20.03,19.06,0.97
onion,92.0,kalanwali APMC,4,181,26.46,24.96,1.5
onion,92.0,kalanwali APMC,13,160,36.18,33.41,2.77
onion,92.0,kalanwali APMC,26,156,40.14,35.73,4.41
onion,97.0,Parimpore APMC,1,219,13.83,14.31,-0.48
onion,97.0,Parimpore APMC,4,210,19.07,20.03,-0.96
onion,97.0,Parimpore APMC,13,194,24.56,26.05,-1.49
onion,97.0,Parimpore APMC,26,195,28.8,30.82,-2.03
onion,98.0,Udhampur APMC,1,240,12.99,13.5,-0.51
onion,98.0,Udhampur APMC,4,237,18.68,19.45,-0.77
onion,98.0,Udhampur APMC,13,228,30.79,30.92,-0.13
onion,98.0,Udhampur APMC,26,215,27.79,31.68,-3.9
onion,99.0,Bangalore APMC,1,205,18.28,18.28,0.01
onion,99.0,Bangalore APMC,4,199,24.14,24.4,-0.26
onion,99.0,Bangalore APMC,13,181,35.81,37.27,-1.46
onion,99.0,Bangalore APMC,26,155,32.49,36.39,-3.9
onion,101.0,Belgaum APMC,1,205,18.12,18.98,-0.86
onion,101.0,Belgaum APMC,4,198,25.07,26.74,-1.67
onion,101.0,Belgaum APMC,13,181,33.23,36.59,-3.36
onion,101.0,Belgaum APMC,26,160,31.82,37.52,-5.7
onion,105.0,Bijapur APMC,1,204,21.25,20.61,0.64
onion,105.0,Bijapur APMC,4,198,30.97,29.13,1.85
onion,105.0,Bijapur APMC,13,180,40.98,37.15,3.82
onion,105.0,Bijapur APMC,26,154,34.81,33.79,1.02
onion,106.0,Davangere APMC,1,240,16.0,15.03,0.97
onion,106.0,Davangere APMC,4,237,21.66,20.9,0.76
onion,106.0,Davangere APMC,13,228,33.75,33.7,0.05
onion,106.0,Davangere APMC,26,215,36.74,36.92,-0.18
onion,108.0,Hubli (Amaragol) APMC,1,240,21.06,19.5,1.56
onion,108.0,Hubli (Amaragol) APMC,4,237,33.13,28.45,4.68
onion,108.0,Hubli (Amaragol) APMC,13,228,44.46,37.13,7.33
onion,108.0,Hubli (Amaragol) APMC,26,215,35.22,29.76,5.46
onion,115.0,Mysore (Bandipalya) APMC,1,229,20.46,19.17,1.3
onion,115.0,Mysore (Bandipalya) APMC,4,223,25.32,25.8,-0.49
onion,115.0,Mysore (Bandipalya) APMC,13,211,31.73,35.44,-3.71
onion,115.0,Mysore (Bandipalya) APMC,26,198,37.88,40.82,-2.94
onion,116.0,Raichur APMC,1,139,21.65,18.8,2.85
onion,116.0,Raichur APMC,4,130,32.0,26.51,5.49
onion,116.0,Raichur APMC,13,103,52.51,48.8,3.71
onion,116.0,Raichur APMC,26,64,37.45,38.47,-1.02
onion,126.0,Aluva APMC,1,240,12.05,11.96,0.09
onion,126.0,Aluva APMC,4,237,18.13,18.81,-0.68
onion,126.0,Aluva APMC,13,228,25.76,26.08,-0.32
onion,126.0,Aluva APMC,26,215,31.29,33.31,-2.02
onion,128.0,Thalasserry APMC,1,109,10.73,10.84,-0.11
onion,128.0,Thalasserry APMC,4,106,17.72,17.34,0.38
onion,128.0,Thalasserry APMC,13,97,30.16,29.03,1.13
onion,128.0,Thalasserry APMC,26,84,30.59,28.97,1.62
onion,129.0,Kannur APMC,1,240,12.51,12.73,-0.22
onion,129.0,Kannur APMC,4,237,19.26,20.06,-0.8
onion,129.0,Kannur APMC,13,228,27.25,27.63,-0.38
onion,129.0,Kannur APMC,26,215,30.34,33.34,-3.0
onion,132.0,Kottayam APMC,1,239,11.56,12.28,-0.72
onion,132.0,Kottayam APMC,4,236,16.37,17.2,-0.83
onion,132.0,Kottayam APMC,13,227,21.61,22.7,-1.09
onion,132.0,Kottayam APMC,26,214,25.01,28.02,-3.01
onion,134.0,Manjeri APMC,1,240,12.33,12.2,0.13
onion,134.0,Manjeri APMC,4,237,19.85,19.88,-0.03
onion,134.0,Manjeri APMC,13,228,32.09,30.93,1.16
onion,134.0,Manjeri APMC,26,215,35.14,36.33,-1.19
onion,135.0,Palakkad APMC,1,240,13.2,13.6,-0.41
onion,135.0,Palakkad APMC,4,237,20.13,21.13,-1.0
onion,135.0,Palakkad APMC,13,228,24.27,26.6,-2.33
onion,135.0,Palakkad APMC,26,215,28.32,32.2,-3.88
onion,136.0,Koduvayoor APMC,1,240,14.02,14.23,-0.21
onion,136.0,Koduvayoor APMC,4,237,19.07,19.96,-0.89
onion,136.0,Koduvayoor APMC,13,228,23.12,24.74,-1.62
onion,136.0,Koduvayoor APMC,26,215,26.4,29.54,-3.13
onion,139.0,Thrissur APMC,1,240,15.44,16.43,-0.99
onion,139.0,Thrissur APMC,4,237,22.88,24.52,-1.64
onion,139.0,Thrissur APMC,13,228,34.83,36.32,-1.49
onion,139.0,Thrissur APMC,26,215,37.59,42.77,-5.18
onion,140.0,Kodungalloor APMC,1,228,14.88,14.78,0.1
onion,140.0,Kodungalloor APMC,4,222,19.89,20.35,-0.46
onion,140.0,Kodungalloor APMC,13,208,28.33,28.16,0.17
onion,140.0,Kodungalloor APMC,26,195,31.46,33.63,-2.17
onion,145.0,Ahilyanagar APMC,1,240,20.72,19.95,0.77
onion,145.0,Ahilyanagar APMC,4,237,29.28,27.83,1.45
onion,145.0,Ahilyanagar APMC,13,228,46.13,42.4,3.73
onion,145.0,Ahilyanagar APMC,26,215,55.79,46.81,8.98
onion,149.0,Dhule APMC,1,240,22.01,20.03,1.98
onion,149.0,Dhule APMC,4,237,33.22,30.45,2.77
onion,149.0,Dhule APMC,13,228,49.91,45.93,3.98
onion,149.0,Dhule APMC,26,215,55.83,50.21,5.63
onion,151.0,Jalgaon APMC,1,240,22.57,20.41,2.15
onion,151.0,Jalgaon APMC,4,237,34.8,30.56,4.24
onion,151.0,Jalgaon APMC,13,228,53.87,47.44,6.44
onion,151.0,Jalgaon APMC,26,215,57.19,48.07,9.13
onion,152.0,Kolhapur APMC,1,240,17.02,16.72,0.29
onion,152.0,Kolhapur APMC,4,237,24.26,23.84,0.42
onion,152.0,Kolhapur APMC,13,228,39.23,38.0,1.23
onion,152.0,Kolhapur APMC,26,215,43.5,40.23,3.27
onion,155.0,Nagpur APMC,1,240,15.7,16.75,-1.06
onion,155.0,Nagpur APMC,4,237,20.99,23.71,-2.72
onion,155.0,Nagpur APMC,13,228,29.95,35.0,-5.05
onion,155.0,Nagpur APMC,26,215,32.94,38.14,-5.21
onion,159.0,Yeola APMC,1,240,22.88,21.78,1.1
onion,159.0,Yeola APMC,4,237,33.26,30.48,2.78
onion,159.0,Yeola APMC,13,228,49.26,45.67,3.59
onion,159.0,Yeola APMC,26,215,52.97,47.88,5.1
onion,160.0,Nasik APMC,1,240,22.09,21.38,0.71
onion,160.0,Nasik APMC,4,237,29.56,29.42,0.14
onion,160.0,Nasik APMC,13,228,45.03,44.43,0.59
onion,160.0,Nasik APMC,26,215,51.7,47.98,3.72
onion,161.0,Lasalgaon APMC,1,240,19.32,19.62,-0.31
onion,161.0,Lasalgaon APMC,4,237,26.28,26.83,-0.55
onion,161.0,Lasalgaon APMC,13,228,36.16,38.2,-2.04
onion,161.0,Lasalgaon APMC,26,215,39.62,40.81,-1.19
onion,162.0,Pimpalgaon APMC,1,240,20.14,19.86,0.28
onion,162.0,Pimpalgaon APMC,4,237,26.99,27.78,-0.79
onion,162.0,Pimpalgaon APMC,13,228,35.88,38.71,-2.82
onion,162.0,Pimpalgaon APMC,26,215,39.08,41.39,-2.32
onion,164.0,Pune APMC,1,240,19.19,18.78,0.41
onion,164.0,Pune APMC,4,237,28.09,27.87,0.22
onion,164.0,Pune APMC,13,228,41.26,41.53,-0.27
onion,164.0,Pune APMC,26,215,44.66,43.02,1.64
onion,168.0,Solapur APMC,1,240,22.13,21.51,0.62
onion,168.0,Solapur APMC,4,237,33.21,31.41,1.8
onion,168.0,Solapur APMC,13,228,45.43,41.77,3.66
onion,168.0,Solapur APMC,26,215,55.21,47.2,8.01
onion,169.0,Kalyan APMC,1,142,17.93,17.58,0.35
onion,169.0,Kalyan APMC,4,139,22.22,23.84,-1.62
onion,169.0,Kalyan APMC,13,130,35.03,37.07,-2.04
onion,169.0,Kalyan APMC,26,117,46.32,45.22,1.1
onion,171.0,Lamlong Bazaar APMC,1,213,11.61,12.32,-0.71
onion,171.0,Lamlong Bazaar APMC,4,204,16.2,17.56,-1.36
onion,171.0,Lamlong Bazaar APMC,13,183,20.49,24.03,-3.54
onion,171.0,Lamlong Bazaar APMC,26,176,30.08,34.47,-4.39
onion,172.0,Bhopal APMC,1,136,26.28,23.4,2.88
onion,172.0,Bhopal APMC,4,133,38.67,34.95,3.71
onion,172.0,Bhopal APMC,13,124,63.68,50.87,12.82
onion,172.0,Bhopal APMC,26,111,85.56,62.14,23.42
onion,173.0,Bhopal(F&V) APMC,1,146,26.06,24.19,1.87
onion,173.0,Bhopal(F&V) APMC,4,137,42.22,38.93,3.3
onion,173.0,Bhopal(F&V) APMC,13,110,60.91,55.21,5.7
onion,173.0,Bhopal(F&V) APMC,26,87,40.45,39.33,1.12
onion,179.0,Indore(F&V) APMC,1,163,25.1,24.34,0.76
onion,179.0,Indore(F&V) APMC,4,154,35.79,34.05,1.74
onion,179.0,Indore(F&V) APMC,13,132,63.57,56.79,6.78
onion,179.0,Indore(F&V) APMC,26,106,67.61,60.85,6.76
onion,182.0,Neemuch APMC,1,240,44.76,26.82,17.94
onion,182.0,Neemuch APMC,4,237,64.61,37.19,27.41
onion,182.0,Neemuch APMC,13,228,90.18,55.21,34.97
onion,182.0,Neemuch APMC,26,215,86.9,55.77,31.12
onion,184.0,Rajnandgaon APMC,1,240,19.31,18.95,0.36
onion,184.0,Rajnandgaon APMC,4,237,27.84,26.93,0.91
onion,184.0,Rajnandgaon APMC,13,228,48.64,44.08,4.55
onion,184.0,Rajnandgaon APMC,26,215,44.94,42.38,2.56
onion,186.0,Ujjain APMC,1,137,39.4,27.28,12.12
onion,186.0,Ujjain APMC,4,134,56.4,37.9,18.5
onion,186.0,Ujjain APMC,13,125,95.09,58.33,36.76
onion,186.0,Ujjain APMC,26,112,133.49,72.57,60.93
onion,199.0,Bargarh APMC,1,240,14.77,15.43,-0.66
onion,199.0,Bargarh APMC,4,237,20.89,21.12,-0.22
onion,199.0,Bargarh APMC,13,228,26.32,25.7,0.62
onion,199.0,Bargarh APMC,26,215,24.14,25.92,-1.78
onion,206.0,Kesinga APMC,1,240,14.9,15.31,-0.41
onion,206.0,Kesinga APMC,4,237,19.2,21.34,-2.14
onion,206.0,Kesinga APMC,13,228,32.58,34.13,-1.55
onion,206.0,Kesinga APMC,26,215,30.2,35.17,-4.97
onion,207.0,Bhawanipatna APMC,1,179,16.79,15.7,1.09
onion,207.0,Bhawanipatna APMC,4,167,24.38,22.62,1.76
onion,207.0,Bhawanipatna APMC,13,135,29.44,28.98,0.47
onion,207.0,Bhawanipatna APMC,26,133,29.38,31.22,-1.84
onion,216.0,Tarantaran APMC,1,83,13.1,13.52,-0.42
onion,216.0,Tarantaran APMC,4,80,20.29,20.65,-0.36
onion,216.0,Tarantaran APMC,13,71,29.28,27.59,1.69
onion,216.0,Tarantaran APMC,26,58,33.81,31.29,2.53
onion,218.0,Fazilka APMC,1,83,16.28,17.6,-1.32
onion,218.0,Fazilka APMC,4,80,23.9,25.51,-1.62
onion,218.0,Fazilka APMC,13,71,26.71,27.08,-0.37
onion,218.0,Fazilka APMC,26,58,20.61,20.29,0.33
onion,219.0,Jalalabad APMC,1,83,12.4,13.51,-1.1
onion,219.0,Jalalabad APMC,4,80,18.56,20.46,-1.9
onion,219.0,Jalalabad APMC,13,71,19.25,20.16,-0.91
onion,219.0,Jalalabad APMC,26,58,23.14,23.56,-0.42
onion,226.0,Khanna APMC,1,83,15.21,15.6,-0.39
onion,226.0,Khanna APMC,4,80,23.37,23.54,-0.18
onion,226.0,Khanna APMC,13,71,30.54,27.85,2.69
onion,226.0,Khanna APMC,26,58,46.22,41.2,5.02
onion,228.0,Baghapurana APMC,1,78,10.44,11.51,-1.07
onion,228.0,Baghapurana APMC,4,75,19.39,20.77,-1.39
onion,228.0,Baghapurana APMC,13,66,20.81,21.58,-0.77
onion,228.0,Baghapurana APMC,26,53,15.74,16.21,-0.46
onion,230.0,Muktsar APMC,1,83,14.18,15.71,-1.53
onion,230.0,Muktsar APMC,4,80,20.56,22.05,-1.49
onion,230.0,Muktsar APMC,13,71,29.31,27.71,1.6
onion,230.0,Muktsar APMC,26,58,46.9,44.15,2.74
onion,231.0,Malout APMC,1,83,20.25,19.54,0.71
onion,231.0,Malout APMC,4,80,22.43,23.01,-0.58
onion,231.0,Malout APMC,13,71,29.08,28.76,0.33
onion,231.0,Malout APMC,26,58,21.69,20.31,1.38
onion,232.0,Patiala APMC,1,83,26.25,21.17,5.08
onion,232.0,Patiala APMC,4,80,49.83,34.35,15.47
onion,232.0,Patiala APMC,13,71,83.01,47.97,35.04
onion,232.0,Patiala APMC,26,58,112.84,58.68,54.16
onion,233.0,Patran APMC,1,83,16.83,16.61,0.22
onion,233.0,Patran APMC,4,80,27.77,27.22,0.54
onion,233.0,Patran APMC,13,71,47.83,44.7,3.12
onion,233.0,Patran APMC,26,58,86.74,77.68,9.05
onion,234.0,Samana APMC,1,60,11.25,13.28,-2.03
onion,234.0,Samana APMC,4,54,19.6,22.11,-2.52
onion,234.0,Samana APMC,13,36,28.81,28.31,0.5
onion,234.0,Samana APMC,26,26,38.43,36.7,1.73
onion,235.0,Nabha APMC,1,83,18.3,18.5,-0.2
onion,235.0,Nabha APMC,4,80,28.19,28.5,-0.31
onion,235.0,Nabha APMC,13,71,41.0,37.39,3.61
onion,235.0,Nabha APMC,26,58,64.42,55.01,9.41
onion,237.0,Dhuri APMC,1,83,13.5,14.52,-1.02
onion,237.0,Dhuri APMC,4,80,20.89,21.89,-1.0
onion,237.0,Dhuri APMC,13,71,23.26,23.35,-0.09
onion,237.0,Dhuri APMC,26,58,26.19,24.75,1.44
onion,239.0,Sunam APMC,1,83,12.81,13.96,-1.15
onion,239.0,Sunam APMC,4,80,20.14,21.08,-0.93
onion,239.0,Sunam APMC,13,71,24.58,24.74,-0.17
onion,239.0,Sunam APMC,26,58,37.15,35.39,1.76
onion,240.0,Bhawanigarh APMC,1,83,13.39,14.39,-1.0
onion,240.0,Bhawanigarh APMC,4,80,23.85,24.59,-0.74
onion,240.0,Bhawanigarh APMC,13,71,29.39,28.31,1.08
onion,240.0,Bhawanigarh APMC,26,58,45.04,41.52,3.52
onion,244.0,Alwar APMC,1,38,19.36,21.41,-2.06
onion,244.0,Alwar APMC,4,35,24.72,28.96,-4.23
onion,244.0,Alwar APMC,13,26,34.63,38.4,-3.76
onion,244.0,Alwar APMC,26,13,40.04,42.05,-2.01
onion,250.0,Bhilwara APMC,1,83,14.16,15.21,-1.05
onion,250.0,Bhilwara APMC,4,80,20.2,21.73,-1.53
onion,250.0,Bhilwara APMC,13,71,49.96,48.83,1.13
onion,250.0,Bhilwara APMC,26,58,74.95,68.9,6.05
onion,253.0,Pratapgarh APMC,1,83,22.88,21.98,0.9
onion,253.0,Pratapgarh APMC,4,80,38.34,35.73,2.61
onion,253.0,Pratapgarh APMC,13,71,93.46,82.85,10.61
onion,253.0,Pratapgarh APMC,26,58,148.86,129.16,19.7
onion,259.0,Sangriya APMC,1,83,18.99,17.0,2.0
onion,259.0,Sangriya APMC,4,80,23.64,20.52,3.12
onion,259.0,Sangriya APMC,13,71,44.05,38.56,5.49
onion,259.0,Sangriya APMC,26,58,58.64,53.98,4.66
onion,261.0,Jaipur (F&V) APMC,1,83,13.73,14.13,-0.4
onion,261.0,Jaipur (F&V) APMC,4,80,23.01,23.79,-0.78
onion,261.0,Jaipur (F&V) APMC,13,71,58.86,55.98,2.88
onion,261.0,Jaipur (F&V) APMC,26,58,94.38,85.74,8.64
onion,265.0,Nawalgarh APMC,1,80,16.59,16.23,0.36
onion,265.0,Nawalgarh APMC,4,77,30.34,29.24,1.1
onion,265.0,Nawalgarh APMC,13,68,80.38,75.94,4.44
onion,265.0,Nawalgarh APMC,26,55,112.63,102.54,10.09
onion,266.0,Jodhpur (F&V) APMC,1,83,17.43,16.34,1.09
onion,266.0,Jodhpur (F&V) APMC,4,80,31.88,29.66,2.22
onion,266.0,Jodhpur (F&V) APMC,13,71,99.52,90.33,9.19
onion,266.0,Jodhpur (F&V) APMC,26,58,160.74,142.55,18.18
onion,292.0,Ulundurpettai APMC,1,83,11.43,11.9,-0.47
onion,292.0,Ulundurpettai APMC,4,80,13.2,14.06,-0.86
onion,292.0,Ulundurpettai APMC,13,71,14.46,14.36,0.1
onion,292.0,Ulundurpettai APMC,26,58,12.19,12.95,-0.76
onion,296.0,Teliamura APMC,1,83,9.31,9.65,-0.34
onion,296.0,Teliamura APMC,4,80,14.29,14.81,-0.52
onion,296.0,Teliamura APMC,13,71,18.58,18.66,-0.08
onion,296.0,Teliamura APMC,26,58,17.56,17.0,0.56
onion,297.0,Agra APMC,1,83,16.22,16.55,-0.33
onion,297.0,Agra APMC,4,80,26.32,26.05,0.26
onion,297.0,Agra APMC,13,71,37.49,35.62,1.87
onion,297.0,Agra APMC,26,58,70.1,59.82,10.29
onion,298.0,Prayagraj APMC,1,83,12.39,14.76,-2.36
onion,298.0,Prayagraj APMC,4,80,21.07,22.18,-1.11
onion,298.0,Prayagraj APMC,13,71,32.92,30.42,2.5
onion,298.0,Prayagraj APMC,26,58,67.56,59.31,8.26
onion,299.0,Bahraich APMC,1,83,13.62,14.73,-1.11
onion,299.0,Bahraich APMC,4,80,20.75,20.89,-0.15
onion,299.0,Bahraich APMC,13,71,35.62,33.37,2.25
onion,299.0,Bahraich APMC,26,58,74.49,62.75,11.74
onion,301.0,Barabanki APMC,1,68,11.77,13.52,-1.75
onion,301.0,Barabanki APMC,4,62,18.75,20.77,-2.02
onion,301.0,Barabanki APMC,13,45,26.42,26.88,-0.46
onion,301.0,Barabanki APMC,26,34,56.33,55.06,1.27
onion,302.0,Bareilly APMC,1,70,16.4,19.49,-3.1
onion,302.0,Bareilly APMC,4,64,22.21,25.29,-3.08
onion,302.0,Bareilly APMC,13,51,32.83,34.56,-1.73
onion,302.0,Bareilly APMC,26,41,63.81,60.68,3.13
onion,303.0,Dehradoon APMC,1,82,13.69,13.68,0.01
onion,303.0,Dehradoon APMC,4,79,16.89,16.82,0.07
onion,303.0,Dehradoon APMC,13,70,35.41,34.0,1.42
onion,303.0,Dehradoon APMC,26,57,64.08,60.55,3.53
onion,305.0,Farukhabad APMC,1,81,14.56,16.12,-1.56
onion,305.0,Farukhabad APMC,4,78,21.49,22.71,-1.21
onion,305.0,Farukhabad APMC,13,69,31.14,30.67,0.47
onion,305.0,Farukhabad APMC,26,56,55.3,50.79,4.51
onion,306.0,Ghaziabad APMC,1,70,13.56,15.63,-2.07
onion,306.0,Ghaziabad APMC,4,64,24.0,26.15,-2.16
onion,306.0,Ghaziabad APMC,13,49,34.82,35.91,-1.09
onion,306.0,Ghaziabad APMC,26,37,55.89,54.9,0.99
onion,307.0,Gorakhpur APMC,1,82,9.52,11.32,-1.8
onion,307.0,Gorakhpur APMC,4,79,16.18,18.14,-1.95
onion,307.0,Gorakhpur APMC,13,70,27.67,28.1,-0.43
onion,307.0,Gorakhpur APMC,26,57,58.6,56.83,1.78
onion,308.0,Hardoi APMC,1,69,9.68,11.62,-1.94
onion,308.0,Hardoi APMC,4,63,16.43,18.41,-1.98
onion,308.0,Hardoi APMC,13,47,24.7,25.76,-1.06
onion,308.0,Hardoi APMC,26,35,57.73,57.85,-0.13
onion,309.0,Etawah APMC,1,71,12.01,14.85,-2.83
onion,309.0,Etawah APMC,4,65,20.59,24.06,-3.47
onion,309.0,Etawah APMC,13,51,33.95,35.16,-1.21
onion,309.0,Etawah APMC,26,39,69.26,67.18,2.09
onion,310.0,Jaunpur APMC,1,83,13.26,14.75,-1.49
onion,310.0,Jaunpur APMC,4,80,20.25,21.56,-1.3
onion,310.0,Jaunpur APMC,13,71,28.18,28.39,-0.21
onion,310.0,Jaunpur APMC,26,58,50.75,47.64,3.12
onion,311.0,Kanpur(Grain) APMC,1,83,16.67,17.71,-1.04
onion,311.0,Kanpur(Grain) APMC,4,80,26.73,27.01,-0.28
onion,311.0,Kanpur(Grain) APMC,13,71,35.93,34.34,1.59
onion,311.0,Kanpur(Grain) APMC,26,58,58.72,52.85,5.87
onion,313.0,Lakhimpur APMC,1,83,11.07,12.76,-1.69
onion,313.0,Lakhimpur APMC,4,80,18.42,20.02,-1.6
onion,313.0,Lakhimpur APMC,13,71,27.96,28.34,-0.38
onion,313.0,Lakhimpur APMC,26,58,56.32,53.84,2.48
onion,314.0,Lalitpur APMC,1,83,10.68,11.32,-0.64
onion,314.0,Lalitpur APMC,4,80,17.5,17.84,-0.34
onion,314.0,Lalitpur APMC,13,71,26.0,25.35,0.65
onion,314.0,Lalitpur APMC,26,58,46.72,45.25,1.46
onion,315.0,Lucknow APMC,1,83,15.24,17.39,-2.15
onion,315.0,Lucknow APMC,4,80,24.67,26.72,-2.04
onion,315.0,Lucknow APMC,13,71,31.44,32.22,-0.78
onion,315.0,Lucknow APMC,26,58,50.72,46.09,4.63
onion,317.0,Meerut APMC,1,65,14.36,17.22,-2.86
onion,317.0,Meerut APMC,4,59,22.58,25.27,-2.68
onion,317.0,Meerut APMC,13,41,32.37,33.6,-1.23
onion,317.0,Meerut APMC,26,34,53.38,52.06,1.32
onion,318.0,Muradabad APMC,1,71,11.35,13.27,-1.92
onion,318.0,Muradabad APMC,4,65,19.55,21.85,-2.3
onion,318.0,Muradabad APMC,13,51,33.07,32.95,0.12
onion,318.0,Muradabad APMC,26,39,84.23,76.83,7.4
onion,319.0,Kashipur APMC,1,83,13.1,12.8,0.3
onion,319.0,Kashipur APMC,4,80,20.29,19.29,1.0
onion,319.0,Kashipur APMC,13,71,46.32,42.95,3.37
onion,319.0,Kashipur APMC,26,58,74.93,68.35,6.58
onion,320.0,Pilibhit APMC,1,83,12.83,14.73,-1.9
onion,320.0,Pilibhit APMC,4,80,20.53,22.27,-1.74
onion,320.0,Pilibhit APMC,13,71,31.8,32.36,-0.56
onion,320.0,Pilibhit APMC,26,58,61.0,57.37,3.63
onion,321.0,Saharanpur APMC,1,69,13.15,14.53,-1.38
onion,321.0,Saharanpur APMC,4,63,22.85,24.06,-1.21
onion,321.0,Saharanpur APMC,13,47,35.8,36.1,-0.3
onion,321.0,Saharanpur APMC,26,35,82.32,80.17,2.14
onion,324.0,Sitapur APMC,1,71,10.68,12.72,-2.04
onion,324.0,Sitapur APMC,4,65,18.15,20.23,-2.07
onion,324.0,Sitapur APMC,13,53,33.31,33.76,-0.45
onion,324.0,Sitapur APMC,26,44,69.12,67.72,1.4
onion,325.0,Kicchha APMC,1,82,13.35,11.38,1.97
onion,325.0,Kicchha APMC,4,79,24.74,21.31,3.43
onion,325.0,Kicchha APMC,13,70,84.26,62.82,21.44
onion,325.0,Kicchha APMC,26,57,153.02,112.61,40.41
onion,326.0,Rudrapur APMC,1,83,12.09,13.01,-0.92
onion,326.0,Rudrapur APMC,4,80,20.95,21.84,-0.89
onion,326.0,Rudrapur APMC,13,71,36.04,34.93,1.11
onion,326.0,Rudrapur APMC,26,58,58.79,55.25,3.55
onion,328.0,Barasat APMC,1,83,15.35,15.83,-0.48
onion,328.0,Barasat APMC,4,80,26.26,25.7,0.56
onion,328.0,Barasat APMC,13,71,30.98,29.99,0.99
onion,328.0,Barasat APMC,26,58,27.87,23.42,4.45
onion,329.0,Bankura Sadar APMC,1,83,12.02,13.07,-1.05
onion,329.0,Bankura Sadar APMC,4,80,20.02,21.37,-1.35
onion,329.0,Bankura Sadar APMC,13,71,23.23,23.33,-0.1
onion,329.0,Bankura Sadar APMC,26,58,19.54,18.94,0.59
onion,330.0,Bolpur APMC,1,83,12.4,13.31,-0.91
onion,330.0,Bolpur APMC,4,80,18.98,19.97,-0.98
onion,330.0,Bolpur APMC,13,71,25.08,25.57,-0.49
onion,330.0,Bolpur APMC,26,58,12.72,14.08,-1.36
onion,331.0,Kalna APMC,1,83,13.62,14.63,-1.01
onion,331.0,Kalna APMC,4,80,23.22,23.55,-0.33
onion,331.0,Kalna APMC,13,71,28.31,26.82,1.49
onion,331.0,Kalna APMC,26,58,34.71,28.36,6.35
onion,332.0,Katwa APMC,1,83,9.0,9.73,-0.74
onion,332.0,Katwa APMC,4,80,13.49,14.5,-1.0
onion,332.0,Katwa APMC,13,71,18.0,17.87,0.14
onion,332.0,Katwa APMC,26,58,12.7,11.92,0.78
onion,334.0,Pandua APMC,1,83,11.62,13.33,-1.71
onion,334.0,Pandua APMC,4,80,18.34,20.32,-1.98
onion,334.0,Pandua APMC,13,71,22.11,22.17,-0.06
onion,334.0,Pandua APMC,26,58,29.29,27.74,1.56
onion,335.0,Dhupguri APMC,1,83,13.19,14.49,-1.3
onion,335.0,Dhupguri APMC,4,80,22.02,23.54,-1.53
onion,335.0,Dhupguri APMC,13,71,26.13,26.69,-0.56
onion,335.0,Dhupguri APMC,26,58,14.65,16.23,-1.58
onion,336.0,Samsi APMC,1,83,11.96,13.39,-1.43
onion,336.0,Samsi APMC,4,80,19.16,20.92,-1.76
onion,336.0,Samsi APMC,13,71,23.25,23.3,-0.04
onion,336.0,Samsi APMC,26,58,19.32,18.78,0.54
onion,337.0,English Bazar APMC,1,71,13.2,15.08,-1.89
onion,337.0,English Bazar APMC,4,65,21.65,23.64,-1.98
onion,337.0,English Bazar APMC,13,51,25.64,25.89,-0.25
onion,337.0,English Bazar APMC,26,38,30.89,29.35,1.54
onion,338.0,Tamluk (Medinipur E) APMC,1,83,12.37,13.5,-1.14
onion,338.0,Tamluk (Medinipur E) APMC,4,80,20.47,21.69,-1.22
onion,338.0,Tamluk (Medinipur E) APMC,13,71,24.49,24.08,0.41
onion,338.0,Tamluk (Medinipur E) APMC,26,58,33.89,31.28,2.6
onion,341.0,Karimpur APMC,1,83,16.34,17.38,-1.03
onion,341.0,Karimpur APMC,4,80,25.99,26.99,-1.0
onion,341.0,Karimpur APMC,13,71,28.55,29.28,-0.74
onion,341.0,Karimpur APMC,26,58,22.4,21.35,1.05
onion,342.0,Bethuadahari APMC,1,83,15.11,16.12,-1.02
onion,342.0,Bethuadahari APMC,4,80,24.21,25.57,-1.36
onion,342.0,Bethuadahari APMC,13,71,23.19,24.07,-0.88
onion,342.0,Bethuadahari APMC,26,58,21.41,20.84,0.57
onion,343.0,Islampur APMC,1,38,15.75,17.1,-1.35
onion,343.0,Islampur APMC,4,35,27.15,29.18,-2.04
onion,343.0,Islampur APMC,13,26,23.28,26.15,-2.88
onion,343.0,Islampur APMC,26,13,26.16,28.09,-1.93
onion,406.0,Durg APMC,1,240,15.07,15.22,-0.16
onion,406.0,Durg APMC,4,237,21.89,22.69,-0.8
onion,406.0,Durg APMC,13,228,36.14,36.17,-0.02
onion,406.0,Durg APMC,26,215,38.34,39.56,-1.22
onion,414.0,Raigarh APMC,1,240,12.69,13.2,-0.5
onion,414.0,Raigarh APMC,4,237,19.61,20.07,-0.46
onion,414.0,Raigarh APMC,13,228,29.42,29.67,-0.25
onion,414.0,Raigarh APMC,26,215,29.83,31.27,-1.44
onion,423.0,Keshopur APMC,1,240,16.01,15.87,0.13
onion,423.0,Keshopur APMC,4,237,22.41,22.15,0.26
onion,423.0,Keshopur APMC,13,228,34.45,33.8,0.65
onion,423.0,Keshopur APMC,26,215,37.65,37.62,0.03
onion,424.0,Shahdara APMC,1,199,17.77,17.22,0.56
onion,424.0,Shahdara APMC,4,196,23.5,22.49,1.01
onion,424.0,Shahdara APMC,13,187,39.73,37.74,1.99
onion,424.0,Shahdara APMC,26,174,38.63,39.0,-0.37
onion,441.0,Bhuj APMC,1,160,18.48,19.18,-0.7
onion,441.0,Bhuj APMC,4,154,28.1,30.0,-1.91
onion,441.0,Bhuj APMC,13,136,35.26,39.75,-4.49
onion,441.0,Bhuj APMC,26,127,42.96,46.13,-3.16
onion,450.0,Vadhvan APMC,1,231,21.23,22.11,-0.88
onion,450.0,Vadhvan APMC,4,225,24.02,26.13,-2.1
onion,450.0,Vadhvan APMC,13,214,30.92,33.98,-3.06
onion,450.0,Vadhvan APMC,26,201,32.32,37.2,-4.88
onion,452.0,Panipat APMC,1,240,18.42,18.09,0.33
onion,452.0,Panipat APMC,4,237,23.63,22.84,0.79
onion,452.0,Panipat APMC,13,228,41.01,38.26,2.74
onion,452.0,Panipat APMC,26,215,42.39,37.88,4.51
onion,454.0,Sonepat APMC,1,240,17.26,17.14,0.13
onion,454.0,Sonepat APMC,4,237,23.72,25.25,-1.53
onion,454.0,Sonepat APMC,13,228,36.31,37.79,-1.48
onion,454.0,Sonepat APMC,26,215,36.84,40.62,-3.78
onion,455.0,Rohtak APMC,1,236,21.81,21.15,0.65
onion,455.0,Rohtak APMC,4,233,27.87,26.45,1.42
onion,455.0,Rohtak APMC,13,224,41.85,38.55,3.3
onion,455.0,Rohtak APMC,26,211,41.14,38.26,2.89
onion,456.0,Jhajjar APMC,1,240,15.88,16.12,-0.24
onion,456.0,Jhajjar APMC,4,237,24.91,25.41,-0.51
onion,456.0,Jhajjar APMC,13,228,35.2,37.19,-1.99
onion,456.0,Jhajjar APMC,26,215,37.09,40.28,-3.19
onion,457.0,Rewari APMC,1,240,12.5,12.96,-0.46
onion,457.0,Rewari APMC,4,237,19.11,19.57,-0.46
onion,457.0,Rewari APMC,13,228,31.59,31.97,-0.38
onion,457.0,Rewari APMC,26,215,31.68,32.36,-0.68
onion,459.0,Gurgaon APMC,1,240,16.47,16.37,0.09
onion,459.0,Gurgaon APMC,4,237,21.56,21.54,0.02
onion,459.0,Gurgaon APMC,13,228,36.24,35.36,0.88
onion,459.0,Gurgaon APMC,26,215,31.08,32.57,-1.49
onion,462.0,PMY Una,1,240,12.97,13.25,-0.28
onion,462.0,PMY Una,4,237,20.45,20.85,-0.4
onion,462.0,PMY Una,13,228,32.55,32.53,0.02
onion,462.0,PMY Una,26,215,31.2,34.31,-3.1
onion,463.0,PMY Chamba,1,240,12.12,12.58,-0.45
onion,463.0,PMY Chamba,4,237,17.57,19.0,-1.43
onion,463.0,PMY Chamba,13,228,25.89,28.37,-2.48
onion,463.0,PMY Chamba,26,215,26.82,31.15,-4.33
onion,464.0,PMY Bilaspur,1,240,13.48,13.42,0.06
onion,464.0,PMY Bilaspur,4,237,20.15,20.09,0.06
onion,464.0,PMY Bilaspur,13,228,32.37,31.28,1.09
onion,464.0,PMY Bilaspur,26,215,32.1,34.0,-1.9
onion,465.0,SMY Dhanotu,1,240,14.38,14.39,-0.01
onion,465.0,SMY Dhanotu,4,237,21.01,21.01,0.0
onion,465.0,SMY Dhanotu,13,228,35.49,34.25,1.24
onion,465.0,SMY Dhanotu,26,215,32.83,34.87,-2.04
onion,466.0,PMY Hamirpur,1,240,12.43,12.62,-0.19
onion,466.0,PMY Hamirpur,4,237,18.22,18.85,-0.63
onion,466.0,PMY Hamirpur,13,228,27.73,28.7,-0.98
onion,466.0,PMY Hamirpur,26,215,27.54,30.81,-3.27
onion,467.0,PMY Dhalli Shimla,1,240,14.38,14.39,-0.01
onion,467.0,PMY Dhalli Shimla,4,237,19.27,19.51,-0.24
onion,467.0,PMY Dhalli Shimla,13,228,28.27,28.51,-0.24
onion,467.0,PMY Dhalli Shimla,26,215,29.45,31.35,-1.9
onion,468.0,SMY Palampur,1,240,13.63,13.35,0.28
onion,468.0,SMY Palampur,4,237,19.39,19.83,-0.45
onion,468.0,SMY Palampur,13,228,28.55,29.58,-1.03
onion,468.0,SMY Palampur,26,215,28.17,31.84,-3.66
onion,471.0,SMY Bhuntar,1,240,12.24,12.49,-0.25
onion,471.0,SMY Bhuntar,4,237,17.83,18.23,-0.4
onion,471.0,SMY Bhuntar,13,228,27.99,28.39,-0.4
onion,471.0,SMY Bhuntar,26,215,27.34,29.96,-2.63
onion,472.0,Narwal Jammu (F&V) APMC,1,240,14.37,14.73,-0.36
onion,472.0,Narwal Jammu (F&V) APMC,4,237,21.6,22.13,-0.53
onion,472.0,Narwal Jammu (F&V) APMC,13,228,35.04,34.51,0.53
onion,472.0,Narwal Jammu (F&V) APMC,26,215,34.43,36.76,-2.34
onion,489.0,Doddaballa Pur APMC,1,200,14.91,15.61,-0.7
onion,489.0,Doddaballa Pur APMC,4,194,18.9,21.02,-2.12
onion,489.0,Doddaballa Pur APMC,13,176,25.1,30.3,-5.2
onion,489.0,Doddaballa Pur APMC,26,150,27.81,34.96,-7.15
onion,515.0,Palayam APMC,1,239,14.52,14.03,0.49
onion,515.0,Palayam APMC,4,236,21.39,21.21,0.18
onion,515.0,Palayam APMC,13,227,33.62,32.09,1.54
onion,515.0,Palayam APMC,26,214,37.63,37.8,-0.16
onion,522.0,Mandsaur APMC,1,240,33.87,27.63,6.23
onion,522.0,Mandsaur APMC,4,237,48.64,38.7,9.94
onion,522.0,Mandsaur APMC,13,228,72.97,56.67,16.29
onion,522.0,Mandsaur APMC,26,215,77.22,57.57,19.65
onion,523.0,Khandwa APMC,1,137,22.29,22.68,-0.39
onion,523.0,Khandwa APMC,4,134,30.57,29.64,0.93
onion,523.0,Khandwa APMC,13,125,65.41,58.49,6.92
onion,523.0,Khandwa APMC,26,112,115.06,91.25,23.8
onion,526.0,Sehore APMC,1,240,33.39,27.59,5.81
onion,526.0,Sehore APMC,4,237,43.65,36.59,7.06
onion,526.0,Sehore APMC,13,228,62.25,51.67,10.58
onion,526.0,Sehore APMC,26,215,57.42,49.29,8.13
onion,530.0,Morena APMC,1,136,23.53,23.22,0.32
onion,530.0,Morena APMC,4,133,30.77,30.33,0.44
onion,530.0,Morena APMC,13,124,47.26,42.76,4.49
onion,530.0,Morena APMC,26,111,65.7,54.04,11.67
onion,550.0,Chandvad APMC,1,240,22.17,21.21,0.96
onion,550.0,Chandvad APMC,4,237,30.6,29.63,0.98
onion,550.0,Chandvad APMC,13,228,43.55,42.62,0.94
onion,550.0,Chandvad APMC,26,215,46.33,44.56,1.78
onion,551.0,Manmad APMC,1,240,22.43,21.23,1.2
onion,551.0,Manmad APMC,4,237,31.66,29.9,1.75
onion,551.0,Manmad APMC,13,228,43.98,42.31,1.67
onion,551.0,Manmad APMC,26,215,46.26,43.47,2.79
onion,553.0,Manchar APMC,1,240,22.21,19.83,2.37
onion,553.0,Manchar APMC,4,237,27.26,27.12,0.13
onion,553.0,Manchar APMC,13,228,33.18,36.1,-2.91
onion,553.0,Manchar APMC,26,215,35.7,39.1,-3.4
onion,554.0,Lonand APMC,1,240,18.19,17.97,0.22
onion,554.0,Lonand APMC,4,237,25.33,25.3,0.03
onion,554.0,Lonand APMC,13,228,39.27,38.6,0.67
onion,554.0,Lonand APMC,26,215,45.04,40.98,4.06
onion,555.0,Pandharpur APMC,1,150,21.81,20.24,1.58
onion,555.0,Pandharpur APMC,4,138,30.9,29.51,1.39
onion,555.0,Pandharpur APMC,13,116,39.25,37.32,1.93
onion,555.0,Pandharpur APMC,26,115,37.64,40.2,-2.57
onion,557.0,Chattrapati Sambhajinagar APMC,1,240,25.78,22.86,2.92
onion,557.0,Chattrapati Sambhajinagar APMC,4,237,41.85,36.2,5.65
onion,557.0,Chattrapati Sambhajinagar APMC,13,228,58.82,49.62,9.2
onion,557.0,Chattrapati Sambhajinagar APMC,26,215,64.99,53.0,11.99
onion,574.0,Malkapur APMC,1,240,27.6,24.83,2.78
onion,574.0,Malkapur APMC,4,237,40.74,35.85,4.89
onion,574.0,Malkapur APMC,13,228,57.86,47.94,9.92
onion,574.0,Malkapur APMC,26,215,67.39,55.07,12.32
onion,594.0,Khariar Road APMC,1,240,14.07,14.21,-0.14
onion,594.0,Khariar Road APMC,4,237,19.46,20.43,-0.97
onion,594.0,Khariar Road APMC,13,228,27.13,28.4,-1.27
onion,594.0,Khariar Road APMC,26,215,28.93,32.81,-3.88
onion,595.0,Bolangir APMC,1,172,14.98,15.23,-0.26
onion,595.0,Bolangir APMC,4,166,18.62,20.0,-1.39
onion,595.0,Bolangir APMC,13,148,24.09,24.14,-0.05
onion,595.0,Bolangir APMC,26,122,21.88,25.38,-3.5
onion,598.0,Patti APMC,1,83,51.14,25.48,25.66
onion,598.0,Patti APMC,4,80,98.04,40.79,57.24
onion,598.0,Patti APMC,13,71,172.58,47.43,125.16
onion,598.0,Patti APMC,26,58,240.59,54.7,185.89
onion,599.0,Pathankot APMC,1,73,10.13,10.43,-0.3
onion,599.0,Pathankot APMC,4,67,23.19,23.52,-0.33
onion,599.0,Pathankot APMC,13,63,26.78,26.49,0.29
onion,599.0,Pathankot APMC,26,50,36.98,33.6,3.37
onion,600.0,Gurdaspur APMC,1,83,14.78,15.52,-0.74
onion,600.0,Gurdaspur APMC,4,80,22.54,23.44,-0.89
onion,600.0,Gurdaspur APMC,13,71,23.97,24.14,-0.16
onion,600.0,Gurdaspur APMC,26,58,35.16,32.94,2.22
onion,603.0,Bathinda APMC,1,83,15.2,16.39,-1.19
onion,603.0,Bathinda APMC,4,80,23.36,25.14,-1.78
onion,603.0,Bathinda APMC,13,71,23.71,25.4,-1.68
onion,603.0,Bathinda APMC,26,58,20.18,19.88,0.3
onion,605.0,Raman APMC,1,83,14.56,16.01,-1.46
onion,605.0,Raman APMC,4,80,26.11,27.64,-1.53
onion,605.0,Raman APMC,13,71,27.21,26.93,0.28
onion,605.0,Raman APMC,26,58,30.93,27.84,3.1
onion,611.0,Mukerian APMC,1,82,12.49,13.86,-1.37
onion,611.0,Mukerian APMC,4,79,20.78,22.32,-1.54
onion,611.0,Mukerian APMC,13,70,23.19,23.74,-0.56
onion,611.0,Mukerian APMC,26,57,27.53,26.66,0.87
onion,614.0,Phagwara APMC,1,83,14.62,15.8,-1.19
onion,614.0,Phagwara APMC,4,80,23.56,25.06,-1.5
onion,614.0,Phagwara APMC,13,71,26.52,25.99,0.52
onion,614.0,Phagwara APMC,26,58,36.59,34.25,2.34
onion,615.0,Budalada APMC,1,82,12.94,14.03,-1.09
onion,615.0,Budalada APMC,4,79,22.92,24.47,-1.55
onion,615.0,Budalada APMC,13,70,23.6,23.73,-0.13
onion,615.0,Budalada APMC,26,57,25.37,24.8,0.58
onion,617.0,Giddarbaha APMC,1,81,14.64,16.44,-1.8
onion,617.0,Giddarbaha APMC,4,78,22.67,24.78,-2.12
onion,617.0,Giddarbaha APMC,13,69,25.94,24.94,1.0
onion,617.0,Giddarbaha APMC,26,56,29.25,28.09,1.16
onion,619.0,Dudhansadhan APMC,1,83,11.96,13.11,-1.15
onion,619.0,Dudhansadhan APMC,4,80,22.38,23.62,-1.24
onion,619.0,Dudhansadhan APMC,13,71,24.78,25.23,-0.45
onion,619.0,Dudhansadhan APMC,26,58,21.42,21.47,-0.05
onion,621.0,Ropar APMC,1,83,15.29,16.25,-0.96
onion,621.0,Ropar APMC,4,80,23.31,25.29,-1.97
onion,621.0,Ropar APMC,13,71,23.49,24.08,-0.6
onion,621.0,Ropar APMC,26,58,25.14,24.7,0.45
onion,627.0,Churu APMC,1,83,13.46,13.81,-0.35
onion,627.0,Churu APMC,4,80,25.38,25.79,-0.41
onion,627.0,Churu APMC,13,71,73.76,70.25,3.51
onion,627.0,Churu APMC,26,58,108.22,97.86,10.36
onion,630.0,Jaisalmer APMC,1,74,10.02,10.67,-0.65
onion,630.0,Jaisalmer APMC,4,71,14.8,15.93,-1.13
onion,630.0,Jaisalmer APMC,13,62,40.95,40.94,0.01
onion,630.0,Jaisalmer APMC,26,49,70.85,68.14,2.71
onion,636.0,Jhunjhunu APMC,1,38,20.55,18.42,2.13
onion,636.0,Jhunjhunu APMC,4,35,29.73,24.73,5.01
onion,636.0,Jhunjhunu APMC,13,26,80.33,62.75,17.58
onion,636.0,Jhunjhunu APMC,26,13,69.98,55.4,14.58
onion,638.0,Sikar APMC,1,83,20.29,19.09,1.2
onion,638.0,Sikar APMC,4,80,34.62,32.35,2.26
onion,638.0,Sikar APMC,13,71,104.01,95.16,8.85
onion,638.0,Sikar APMC,26,58,163.47,145.42,18.06
onion,647.0,Buland Shahr APMC,1,83,11.42,13.02,-1.6
onion,647.0,Buland Shahr APMC,4,80,18.73,20.23,-1.49
onion,647.0,Buland Shahr APMC,13,71,27.84,28.08,-0.24
onion,647.0,Buland Shahr APMC,26,58,49.19,46.47,2.72
onion,649.0,Baraut APMC,1,69,11.31,12.94,-1.63
onion,649.0,Baraut APMC,4,63,18.57,20.32,-1.76
onion,649.0,Baraut APMC,13,48,28.74,29.49,-0.75
onion,649.0,Baraut APMC,26,37,64.21,62.56,1.65
onion,650.0,Shamli APMC,1,64,13.52,15.69,-2.17
onion,650.0,Shamli APMC,4,58,22.11,24.65,-2.54
onion,650.0,Shamli APMC,13,40,34.27,36.03,-1.76
onion,650.0,Shamli APMC,26,30,55.7,54.78,0.93
onion,653.0,Mathura APMC,1,83,15.06,16.55,-1.5
onion,653.0,Mathura APMC,4,80,23.63,24.97,-1.34
onion,653.0,Mathura APMC,13,71,30.72,31.09,-0.37
onion,653.0,Mathura APMC,26,58,45.27,40.4,4.88
onion,654.0,Rampur APMC,1,68,14.72,15.93,-1.21
onion,654.0,Rampur APMC,4,62,21.67,22.91,-1.25
onion,654.0,Rampur APMC,13,45,29.15,29.46,-0.31
onion,654.0,Rampur APMC,26,34,61.31,56.17,5.15
onion,655.0,Badayoun APMC,1,68,11.8,13.69,-1.89
onion,655.0,Badayoun APMC,4,62,22.19,24.21,-2.02
onion,655.0,Badayoun APMC,13,45,34.41,34.94,-0.53
onion,655.0,Badayoun APMC,26,34,60.1,60.13,-0.03
onion,656.0,Chandausi APMC,1,69,12.0,13.43,-1.42
onion,656.0,Chandausi APMC,4,63,19.51,21.04,-1.53
onion,656.0,Chandausi APMC,13,47,29.43,29.81,-0.38
onion,656.0,Chandausi APMC,26,36,61.02,60.03,0.99
onion,657.0,Raibareilly APMC,1,83,14.14,15.79,-1.65
onion,657.0,Raibareilly APMC,4,80,21.57,23.45,-1.88
onion,657.0,Raibareilly APMC,13,71,30.71,30.41,0.29
onion,657.0,Raibareilly APMC,26,58,50.79,44.53,6.26
onion,658.0,Gonda APMC,1,82,15.29,16.68,-1.39
onion,658.0,Gonda APMC,4,79,22.13,23.41,-1.29
onion,658.0,Gonda APMC,13,70,35.58,35.78,-0.2
onion,658.0,Gonda APMC,26,57,38.77,33.93,4.84
onion,660.0,Pratapgarh APMC,1,83,10.79,12.33,-1.54
onion,660.0,Pratapgarh APMC,4,80,18.39,19.82,-1.43
onion,660.0,Pratapgarh APMC,13,71,28.87,28.62,0.26
onion,660.0,Pratapgarh APMC,26,58,52.44,49.16,3.28
onion,662.0,Basti APMC,1,83,16.98,19.85,-2.87
onion,662.0,Basti APMC,4,80,22.3,25.01,-2.71
onion,662.0,Basti APMC,13,71,31.91,33.57,-1.66
onion,662.0,Basti APMC,26,58,48.61,44.76,3.85
onion,663.0,Azamgarh APMC,1,83,12.55,14.36,-1.81
onion,663.0,Azamgarh APMC,4,80,18.53,20.15,-1.62
onion,663.0,Azamgarh APMC,13,71,30.15,30.43,-0.28
onion,663.0,Azamgarh APMC,26,58,62.7,58.09,4.61
onion,664.0,Mirzapur APMC,1,83,13.16,13.72,-0.56
onion,664.0,Mirzapur APMC,4,80,22.33,21.63,0.7
onion,664.0,Mirzapur APMC,13,71,30.72,29.86,0.85
onion,664.0,Mirzapur APMC,26,58,56.95,49.77,7.19
onion,666.0,Jhansi APMC,1,70,10.47,11.42,-0.94
onion,666.0,Jhansi APMC,4,64,17.31,18.34,-1.03
onion,666.0,Jhansi APMC,13,49,25.81,26.6,-0.79
onion,666.0,Jhansi APMC,26,37,60.5,60.27,0.23
onion,667.0,Rishikesh APMC,1,83,10.22,10.74,-0.52
onion,667.0,Rishikesh APMC,4,80,17.06,17.61,-0.55
onion,667.0,Rishikesh APMC,13,71,32.2,31.12,1.09
onion,667.0,Rishikesh APMC,26,58,51.61,49.56,2.05
onion,668.0,Vikasnagar APMC,1,81,20.4,19.03,1.37
onion,668.0,Vikasnagar APMC,4,78,27.0,24.6,2.41
onion,668.0,Vikasnagar APMC,13,69,65.97,62.58,3.39
onion,668.0,Vikasnagar APMC,26,56,119.29,111.56,7.73
onion,669.0,Khateema APMC,1,83,13.39,13.6,-0.22
onion,669.0,Khateema APMC,4,80,25.98,25.11,0.87
onion,669.0,Khateema APMC,13,71,72.56,71.3,1.26
onion,669.0,Khateema APMC,26,58,121.54,120.76,0.77
onion,670.0,Burdwan APMC,1,82,12.3,13.84,-1.54
onion,670.0,Burdwan APMC,4,79,20.7,22.5,-1.8
onion,670.0,Burdwan APMC,13,70,21.92,22.45,-0.54
onion,670.0,Burdwan APMC,26,57,18.38,18.64,-0.25
onion,671.0,Medinipur(West) APMC,1,83,12.17,14.03,-1.86
onion,671.0,Medinipur(West) APMC,4,80,20.58,22.55,-1.98
onion,671.0,Medinipur(West) APMC,13,71,25.07,25.41,-0.34
onion,671.0,Medinipur(West) APMC,26,58,32.49,31.72,0.77
onion,672.0,Birbhum APMC,1,83,12.62,13.53,-0.91
onion,672.0,Birbhum APMC,4,80,19.09,20.1,-1.01
onion,672.0,Birbhum APMC,13,71,25.32,25.81,-0.49
onion,672.0,Birbhum APMC,26,58,12.76,14.18,-1.42
onion,673.0,Purulia APMC,1,67,12.95,14.09,-1.14
onion,673.0,Purulia APMC,4,61,19.59,20.83,-1.24
onion,673.0,Purulia APMC,13,49,20.16,19.96,0.21
onion,673.0,Purulia APMC,26,44,13.87,14.83,-0.96
onion,674.0,Nadia APMC,1,83,17.39,18.66,-1.27
onion,674.0,Nadia APMC,4,80,25.5,27.03,-1.53
onion,674.0,Nadia APMC,13,71,27.11,27.73,-0.62
onion,674.0,Nadia APMC,26,58,23.29,22.18,1.11
onion,675.0,Jalpaiguri Sadar APMC,1,83,12.81,14.05,-1.24
onion,675.0,Jalpaiguri Sadar APMC,4,80,21.17,22.68,-1.51
onion,675.0,Jalpaiguri Sadar APMC,13,71,26.12,26.7,-0.59
onion,675.0,Jalpaiguri Sadar APMC,26,58,14.84,16.4,-1.57
onion,676.0,Alipurduar APMC,1,83,14.5,15.58,-1.07
onion,676.0,Alipurduar APMC,4,80,23.35,24.49,-1.14
onion,676.0,Alipurduar APMC,13,71,25.77,25.6,0.17
onion,676.0,Alipurduar APMC,26,58,23.39,21.64,1.75
onion,678.0,Pabiacherra APMC,1,83,11.28,11.76,-0.48
onion,678.0,Pabiacherra APMC,4,80,16.56,17.57,-1.01
onion,678.0,Pabiacherra APMC,13,71,21.75,22.14,-0.39
onion,678.0,Pabiacherra APMC,26,58,18.95,18.85,0.1
onion,679.0,Melaghar APMC,1,83,10.85,11.45,-0.6
onion,679.0,Melaghar APMC,4,80,15.31,16.2,-0.89
onion,679.0,Melaghar APMC,13,71,24.0,24.07,-0.07
onion,679.0,Melaghar APMC,26,58,23.56,22.81,0.74
onion,681.0,Vadaseri APMC,1,83,10.24,10.92,-0.69
onion,681.0,Vadaseri APMC,4,80,13.71,14.81,-1.09
onion,681.0,Vadaseri APMC,13,71,12.41,13.05,-0.64
onion,681.0,Vadaseri APMC,26,58,17.07,18.63,-1.55
onion,683.0,Panisagar APMC,1,83,12.34,12.68,-0.34
onion,683.0,Panisagar APMC,4,80,17.19,17.66,-0.47
onion,683.0,Panisagar APMC,13,71,24.38,24.3,0.09
onion,683.0,Panisagar APMC,26,58,21.85,21.28,0.58
onion,709.0,Chikkamagalore APMC,1,240,13.69,13.5,0.2
onion,709.0,Chikkamagalore APMC,4,237,19.14,20.05,-0.91
onion,709.0,Chikkamagalore APMC,13,228,25.95,29.65,-3.7
onion,709.0,Chikkamagalore APMC,26,215,30.46,34.92,-4.46
onion,728.0,Kalburgi APMC,1,239,24.29,22.87,1.42
onion,728.0,Kalburgi APMC,4,236,34.32,31.13,3.19
onion,728.0,Kalburgi APMC,13,227,52.36,44.33,8.04
onion,728.0,Kalburgi APMC,26,214,57.02,46.46,10.56
onion,735.0,Hassan APMC,1,226,24.0,23.44,0.56
onion,735.0,Hassan APMC,4,220,29.22,28.07,1.15
onion,735.0,Hassan APMC,13,205,39.35,36.02,3.33
onion,735.0,Hassan APMC,26,192,38.93,36.26,2.67
onion,742.0,Chickkaballapura APMC,1,227,15.57,16.56,-0.98
onion,742.0,Chickkaballapura APMC,4,221,21.51,22.7,-1.19
onion,742.0,Chickkaballapura APMC,13,207,25.86,30.66,-4.8
onion,742.0,Chickkaballapura APMC,26,194,28.82,34.63,-5.82
onion,753.0,Shimoga APMC,1,240,15.01,15.62,-0.61
onion,753.0,Shimoga APMC,4,237,21.51,23.11,-1.6
onion,753.0,Shimoga APMC,13,228,29.29,33.33,-4.05
onion,753.0,Shimoga APMC,26,215,29.71,35.39,-5.67
onion,793.0,Lalru APMC,1,83,13.58,14.76,-1.18
onion,793.0,Lalru APMC,4,80,20.41,22.07,-1.66
onion,793.0,Lalru APMC,13,71,23.06,24.08,-1.02
onion,793.0,Lalru APMC,26,58,24.31,23.65,0.67
onion,795.0,Fatehpur APMC,1,83,11.41,13.39,-1.99
onion,795.0,Fatehpur APMC,4,80,18.36,20.85,-2.49
onion,795.0,Fatehpur APMC,13,71,27.17,28.51,-1.35
onion,795.0,Fatehpur APMC,26,58,50.03,48.42,1.61
onion,796.0,Auraiya APMC,1,82,13.66,15.19,-1.53
onion,796.0,Auraiya APMC,4,79,22.3,24.08,-1.78
onion,796.0,Auraiya APMC,13,70,29.3,29.74,-0.44
onion,796.0,Auraiya APMC,26,57,49.22,45.19,4.03
onion,799.0,Ramkrishanpur(Howrah) APMC,1,83,13.8,15.68,-1.88
onion,799.0,Ramkrishanpur(Howrah) APMC,4,80,20.73,23.04,-2.31
onion,799.0,Ramkrishanpur(Howrah) APMC,13,71,23.57,25.04,-1.47
onion,799.0,Ramkrishanpur(Howrah) APMC,26,58,16.2,18.78,-2.58
onion,801.0,Bishnupur(Bankura) APMC,1,74,12.31,14.17,-1.85
onion,801.0,Bishnupur(Bankura) APMC,4,68,20.57,23.07,-2.49
onion,801.0,Bishnupur(Bankura) APMC,13,57,19.71,20.47,-0.76
onion,801.0,Bishnupur(Bankura) APMC,26,44,19.72,20.02,-0.3
onion,802.0,Mapusa APMC,1,240,13.91,13.75,0.16
onion,802.0,Mapusa APMC,4,237,20.63,20.27,0.36
onion,802.0,Mapusa APMC,13,228,40.47,36.53,3.94
onion,802.0,Mapusa APMC,26,215,43.53,39.66,3.87
onion,813.0,Sangamner APMC,1,240,18.32,17.96,0.36
onion,813.0,Sangamner APMC,4,237,26.12,25.13,0.99
onion,813.0,Sangamner APMC,13,228,40.36,39.38,0.98
onion,813.0,Sangamner APMC,26,215,45.92,40.97,4.94
onion,816.0,Firozabad APMC,1,81,14.84,15.58,-0.74
onion,816.0,Firozabad APMC,4,78,22.85,23.12,-0.27
onion,816.0,Firozabad APMC,13,69,32.45,31.5,0.95
onion,816.0,Firozabad APMC,26,56,65.32,58.27,7.04
onion,820.0,Ghatal APMC,1,71,12.18,13.76,-1.58
onion,820.0,Ghatal APMC,4,65,20.47,22.48,-2.01
onion,820.0,Ghatal APMC,13,51,22.75,23.86,-1.11
onion,820.0,Ghatal APMC,26,38,20.8,20.68,0.11
onion,821.0,Champadanga APMC,1,83,14.31,15.78,-1.47
onion,821.0,Champadanga APMC,4,80,21.27,22.81,-1.54
onion,821.0,Champadanga APMC,13,71,24.42,24.14,0.28
onion,821.0,Champadanga APMC,26,58,32.26,29.79,2.47
onion,822.0,Jangipur APMC,1,83,14.03,13.45,0.58
onion,822.0,Jangipur APMC,4,80,25.49,23.02,2.47
onion,822.0,Jangipur APMC,13,71,30.47,27.96,2.51
onion,822.0,Jangipur APMC,26,58,44.3,35.6,8.7
onion,823.0,Udupi APMC,1,240,14.42,15.47,-1.05
onion,823.0,Udupi APMC,4,237,20.51,22.36,-1.85
onion,823.0,Udupi APMC,13,228,25.79,31.0,-5.21
onion,823.0,Udupi APMC,26,215,30.52,36.62,-6.1
onion,931.0,Kurnool APMC,1,226,24.52,23.69,0.83
onion,931.0,Kurnool APMC,4,220,37.36,34.64,2.71
onion,931.0,Kurnool APMC,13,204,60.0,52.57,7.43
onion,931.0,Kurnool APMC,26,191,58.29,50.82,7.47
onion,1061.0,Udumalpet APMC,1,83,9.39,10.07,-0.69
onion,1061.0,Udumalpet APMC,4,80,10.54,11.55,-1.01
onion,1061.0,Udumalpet APMC,13,71,13.98,14.12,-0.14
onion,1061.0,Udumalpet APMC,26,58,8.65,9.41,-0.77
onion,1070.0,Haldwani APMC,1,83,16.13,15.77,0.36
onion,1070.0,Haldwani APMC,4,80,26.36,24.24,2.12
onion,1070.0,Haldwani APMC,13,71,57.03,53.96,3.08
onion,1070.0,Haldwani APMC,26,58,92.24,87.11,5.13
onion,1071.0,Haridwar Union APMC,1,82,11.85,12.35,-0.5
onion,1071.0,Haridwar Union APMC,4,79,19.67,20.07,-0.4
onion,1071.0,Haridwar Union APMC,13,70,44.26,42.81,1.45
onion,1071.0,Haridwar Union APMC,26,57,81.19,77.18,4.0
onion,1072.0,Ramnagar APMC,1,81,15.44,15.54,-0.09
onion,1072.0,Ramnagar APMC,4,78,24.98,23.58,1.4
onion,1072.0,Ramnagar APMC,13,69,29.61,26.65,2.97
onion,1072.0,Ramnagar APMC,26,56,42.49,37.57,4.92
onion,1073.0,Roorkee APMC,1,83,8.35,8.45,-0.09
onion,1073.0,Roorkee APMC,4,80,9.9,10.09,-0.19
onion,1073.0,Roorkee APMC,13,71,20.17,20.17,0.0
onion,1073.0,Roorkee APMC,26,58,10.11,10.1,0.01
onion,1074.0,Kotadwara APMC,1,83,11.62,11.45,0.17
onion,1074.0,Kotadwara APMC,4,80,18.45,17.82,0.63
onion,1074.0,Kotadwara APMC,13,71,41.22,37.17,4.05
onion,1074.0,Kotadwara APMC,26,58,62.64,57.55,5.09
onion,1077.0,Manglaur APMC,1,81,11.74,11.55,0.19
onion,1077.0,Manglaur APMC,4,78,17.08,17.21,-0.13
onion,1077.0,Manglaur APMC,13,69,27.21,23.37,3.84
onion,1077.0,Manglaur APMC,26,56,41.33,34.12,7.21
onion,1078.0,Gudimalkapur APMC,1,83,14.33,13.93,0.4
onion,1078.0,Gudimalkapur APMC,4,80,26.02,25.21,0.81
onion,1078.0,Gudimalkapur APMC,13,71,61.27,58.79,2.49
onion,1078.0,Gudimalkapur APMC,26,58,104.38,96.7,7.68
onion,1079.0,Gohana APMC,1,240,17.4,16.0,1.4
onion,1079.0,Gohana APMC,4,237,25.35,23.91,1.44
onion,1079.0,Gohana APMC,13,228,39.85,37.9,1.96
onion,1079.0,Gohana APMC,26,215,36.88,38.15,-1.27
onion,1081.0,Thodupuzha APMC,1,239,14.55,14.4,0.15
onion,1081.0,Thodupuzha APMC,4,236,19.08,19.3,-0.22
onion,1081.0,Thodupuzha APMC,13,227,24.62,25.11,-0.48
onion,1081.0,Thodupuzha APMC,26,214,28.22,30.76,-2.54
onion,1085.0,Jaora APMC,1,240,34.45,29.45,5.01
onion,1085.0,Jaora APMC,4,237,44.69,37.65,7.04
onion,1085.0,Jaora APMC,13,228,72.34,57.2,15.14
onion,1085.0,Jaora APMC,26,215,81.0,59.55,21.45
onion,1086.0,Shujalpur APMC,1,240,39.24,29.2,10.04
onion,1086.0,Shujalpur APMC,4,237,57.23,37.38,19.85
onion,1086.0,Shujalpur APMC,13,228,98.84,59.25,39.6
onion,1086.0,Shujalpur APMC,26,215,107.94,60.79,47.15
onion,1108.0,Ambala Cantt. APMC,1,229,16.85,16.85,0.0
onion,1108.0,Ambala Cantt. APMC,4,223,22.24,22.9,-0.66
onion,1108.0,Ambala Cantt. APMC,13,210,31.2,32.47,-1.26
onion,1108.0,Ambala Cantt. APMC,26,197,36.02,36.07,-0.05
onion,1110.0,Ballabhgarh APMC,1,240,18.04,18.09,-0.05
onion,1110.0,Ballabhgarh APMC,4,237,25.22,25.83,-0.61
onion,1110.0,Ballabhgarh APMC,13,228,39.65,39.22,0.43
onion,1110.0,Ballabhgarh APMC,26,215,35.78,37.84,-2.06
onion,1111.0,Sohna APMC,1,240,13.35,13.78,-0.43
onion,1111.0,Sohna APMC,4,237,19.54,20.97,-1.43
onion,1111.0,Sohna APMC,13,228,31.32,33.3,-1.98
onion,1111.0,Sohna APMC,26,215,30.54,35.09,-4.55
onion,1113.0,Mohindergarh APMC,1,223,18.55,17.55,1.0
onion,1113.0,Mohindergarh APMC,4,217,28.13,26.58,1.55
onion,1113.0,Mohindergarh APMC,13,199,46.19,42.4,3.79
onion,1113.0,Mohindergarh APMC,26,185,48.73,44.0,4.72
onion,1119.0,Thoubal APMC,1,213,11.83,12.63,-0.79
onion,1119.0,Thoubal APMC,4,204,16.82,18.24,-1.42
onion,1119.0,Thoubal APMC,13,183,21.19,24.78,-3.6
onion,1119.0,Thoubal APMC,26,176,30.74,35.41,-4.67
onion,1128.0,Sirhind APMC,1,83,12.69,13.81,-1.12
onion,1128.0,Sirhind APMC,4,80,18.16,19.94,-1.78
onion,1128.0,Sirhind APMC,13,71,22.05,22.76,-0.71
onion,1128.0,Sirhind APMC,26,58,23.14,22.88,0.26
onion,1130.0,Mansa APMC,1,82,14.12,14.91,-0.79
onion,1130.0,Mansa APMC,4,79,20.13,20.44,-0.31
onion,1130.0,Mansa APMC,13,70,23.86,23.6,0.26
onion,1130.0,Mansa APMC,26,57,21.57,21.14,0.43
onion,1139.0,Kasganj APMC,1,69,10.92,12.97,-2.05
onion,1139.0,Kasganj APMC,4,63,18.42,20.86,-2.44
onion,1139.0,Kasganj APMC,13,47,30.65,31.44,-0.79
onion,1139.0,Kasganj APMC,26,35,67.76,66.47,1.29
onion,1140.0,Amroha APMC,1,69,9.95,12.14,-2.19
onion,1140.0,Amroha APMC,4,63,17.58,19.78,-2.2
onion,1140.0,Amroha APMC,13,48,32.13,32.05,0.07
onion,1140.0,Amroha APMC,26,38,82.4,75.91,6.49
onion,1141.0,Pukharayan APMC,1,82,12.12,13.38,-1.26
onion,1141.0,Pukharayan APMC,4,79,19.63,20.42,-0.79
onion,1141.0,Pukharayan APMC,13,70,30.05,29.71,0.33
onion,1141.0,Pukharayan APMC,26,57,57.61,55.78,1.83
onion,1142.0,Kosikalan APMC,1,68,11.76,13.14,-1.38
onion,1142.0,Kosikalan APMC,4,62,18.56,19.9,-1.33
onion,1142.0,Kosikalan APMC,13,45,29.68,29.96,-0.28
onion,1142.0,Kosikalan APMC,26,34,59.35,58.87,0.48
onion,1143.0,Unnao APMC,1,81,15.25,15.34,-0.1
onion,1143.0,Unnao APMC,4,78,23.71,23.28,0.43
onion,1143.0,Unnao APMC,13,69,35.46,33.51,1.95
onion,1143.0,Unnao APMC,26,56,47.52,39.4,8.12
onion,1147.0,Padra APMC,1,240,14.66,15.81,-1.15
onion,1147.0,Padra APMC,4,237,22.34,24.78,-2.44
onion,1147.0,Padra APMC,13,228,30.02,33.83,-3.8
onion,1147.0,Padra APMC,26,215,30.27,35.75,-5.48
onion,1185.0,"Excise Colony,RBZ",1,11,21.24,21.62,-0.38
onion,1193.0,"Kukatpally,RBZ",1,30,15.81,20.23,-4.42
onion,1193.0,"Kukatpally,RBZ",4,27,28.12,32.74,-4.62
onion,1193.0,"Kukatpally,RBZ",13,18,47.66,45.28,2.38
onion,1202.0,Sangareddy APMC,1,15,19.01,19.75,-0.73
onion,1202.0,Sangareddy APMC,4,12,36.28,37.11,-0.83
onion,1204.0,Jharsuguda APMC,1,229,12.41,12.23,0.19
onion,1204.0,Jharsuguda APMC,4,223,18.56,18.91,-0.35
onion,1204.0,Jharsuguda APMC,13,210,28.38,28.94,-0.55
onion,1204.0,Jharsuguda APMC,26,197,30.97,34.34,-3.37
onion,1214.0,Tindivanam APMC,1,83,8.9,9.66,-0.76
onion,1214.0,Tindivanam APMC,4,80,12.97,13.93,-0.96
onion,1214.0,Tindivanam APMC,13,71,19.41,18.78,0.63
onion,1214.0,Tindivanam APMC,26,58,16.03,15.2,0.83
onion,1236.0,Agar APMC,1,119,28.82,27.9,0.92
onion,1236.0,Agar APMC,4,116,38.86,37.03,1.83
onion,1236.0,Agar APMC,13,107,77.8,59.97,17.83
onion,1236.0,Agar APMC,26,94,111.71,74.36,37.35
onion,1275.0,Kapadvanj APMC,1,240,17.93,17.81,0.12
onion,1275.0,Kapadvanj APMC,4,237,25.29,25.63,-0.34
onion,1275.0,Kapadvanj APMC,13,228,40.54,40.24,0.3
onion,1275.0,Kapadvanj APMC,26,215,40.36,41.72,-1.36
onion,1282.0,Jamkhed APMC,1,240,21.37,20.52,0.85
onion,1282.0,Jamkhed APMC,4,237,33.84,31.53,2.31
onion,1282.0,Jamkhed APMC,13,228,50.76,44.68,6.08
onion,1282.0,Jamkhed APMC,26,215,56.69,45.97,10.73
onion,1283.0,Kopargaon APMC,1,240,21.16,20.94,0.21
onion,1283.0,Kopargaon APMC,4,237,29.08,28.61,0.48
onion,1283.0,Kopargaon APMC,13,228,42.92,42.94,-0.02
onion,1283.0,Kopargaon APMC,26,215,47.21,45.66,1.55
onion,1284.0,Pathardi APMC,1,240,22.13,20.5,1.63
onion,1284.0,Pathardi APMC,4,237,31.11,28.82,2.29
onion,1284.0,Pathardi APMC,13,228,48.12,43.22,4.89
onion,1284.0,Pathardi APMC,26,215,55.77,45.01,10.76
onion,1285.0,Shevgaon APMC,1,229,23.71,20.65,3.06
onion,1285.0,Shevgaon APMC,4,223,35.29,30.06,5.23
onion,1285.0,Shevgaon APMC,13,210,49.5,42.95,6.55
onion,1285.0,Shevgaon APMC,26,197,50.16,41.31,8.85
onion,1287.0,Shrirampur APMC,1,200,25.89,22.71,3.18
onion,1287.0,Shrirampur APMC,4,188,37.12,33.67,3.46
onion,1287.0,Shrirampur APMC,13,161,53.26,50.77,2.49
onion,1287.0,Shrirampur APMC,26,155,46.94,46.4,0.54
onion,1290.0,Bhusaval APMC,1,240,21.52,21.0,0.53
onion,1290.0,Bhusaval APMC,4,237,31.88,30.51,1.37
onion,1290.0,Bhusaval APMC,13,228,48.59,45.95,2.63
onion,1290.0,Bhusaval APMC,26,215,51.66,46.86,4.8
onion,1297.0,Karjat APMC,1,127,20.25,19.63,0.61
onion,1297.0,Karjat APMC,4,123,28.09,26.34,1.76
onion,1297.0,Karjat APMC,13,114,52.61,43.53,9.08
onion,1297.0,Karjat APMC,26,104,81.85,61.2,20.65
onion,1298.0,Kalvan APMC,1,240,22.58,21.6,0.98
onion,1298.0,Kalvan APMC,4,237,30.84,31.44,-0.6
onion,1298.0,Kalvan APMC,13,228,43.02,44.9,-1.89
onion,1298.0,Kalvan APMC,26,215,47.85,47.69,0.16
onion,1299.0,Nandgaon APMC,1,240,24.83,22.66,2.17
onion,1299.0,Nandgaon APMC,4,237,36.22,32.94,3.28
onion,1299.0,Nandgaon APMC,13,228,49.83,46.37,3.46
onion,1299.0,Nandgaon APMC,26,215,55.52,48.96,6.56
onion,1304.0,Vadgaonpeth APMC,1,212,16.48,18.22,-1.74
onion,1304.0,Vadgaonpeth APMC,4,206,19.63,23.4,-3.78
onion,1304.0,Vadgaonpeth APMC,13,188,28.28,33.21,-4.93
onion,1304.0,Vadgaonpeth APMC,26,164,39.41,42.26,-2.86
onion,1306.0,Junnar APMC,1,239,21.81,22.33,-0.52
onion,1306.0,Junnar APMC,4,236,28.38,29.5,-1.12
onion,1306.0,Junnar APMC,13,227,38.22,40.34,-2.12
onion,1306.0,Junnar APMC,26,214,40.29,41.72,-1.43
onion,1310.0,Karad APMC,1,240,14.27,15.5,-1.23
onion,1310.0,Karad APMC,4,237,19.91,22.11,-2.2
onion,1310.0,Karad APMC,13,228,29.39,33.56,-4.17
onion,1310.0,Karad APMC,26,215,33.17,37.67,-4.5
onion,1313.0,Satara APMC,1,240,16.42,16.94,-0.52
onion,1313.0,Satara APMC,4,237,21.72,23.43,-1.71
onion,1313.0,Satara APMC,13,228,32.82,35.33,-2.51
onion,1313.0,Satara APMC,26,215,34.21,36.15,-1.93
onion,1314.0,Vaduj APMC,1,57,14.67,15.12,-0.45
onion,1314.0,Vaduj APMC,4,54,25.3,26.09,-0.79
onion,1314.0,Vaduj APMC,13,45,45.97,41.29,4.69
onion,1314.0,Vaduj APMC,26,32,71.01,56.06,14.95
onion,1315.0,Vai APMC,1,239,18.37,18.53,-0.16
onion,1315.0,Vai APMC,4,236,26.77,27.71,-0.94
onion,1315.0,Vai APMC,13,227,40.3,41.65,-1.35
onion,1315.0,Vai APMC,26,214,38.36,40.65,-2.29
onion,1318.0,Mangal Wedha APMC,1,240,19.17,19.7,-0.53
onion,1318.0,Mangal Wedha APMC,4,237,26.84,27.88,-1.03
onion,1318.0,Mangal Wedha APMC,13,228,39.91,39.96,-0.06
onion,1318.0,Mangal Wedha APMC,26,215,42.91,41.93,0.98
onion,1321.0,Lasur Station APMC,1,240,22.42,21.34,1.08
onion,1321.0,Lasur Station APMC,4,237,33.32,31.22,2.1
onion,1321.0,Lasur Station APMC,13,228,51.01,47.82,3.19
onion,1321.0,Lasur Station APMC,26,215,59.8,50.95,8.86
onion,1322.0,Vaijpur APMC,1,240,20.46,19.67,0.78
onion,1322.0,Vaijpur APMC,4,237,29.74,29.49,0.25
onion,1322.0,Vaijpur APMC,13,228,43.86,43.77,0.1
onion,1322.0,Vaijpur APMC,26,215,48.36,46.19,2.17
onion,1364.0,Gevrai APMC,1,20,19.51,26.58,-7.06
onion,1364.0,Gevrai APMC,4,17,31.74,39.47,-7.74
onion,1377.0,Bayana APMC,1,83,14.75,14.75,-0.0
onion,1377.0,Bayana APMC,4,80,24.94,23.87,1.07
onion,1377.0,Bayana APMC,13,71,64.76,60.95,3.81
onion,1377.0,Bayana APMC,26,58,95.99,88.36,7.63
onion,1385.0,Sujangarh APMC,1,83,13.2,12.74,0.46
onion,1385.0,Sujangarh APMC,4,80,25.02,23.62,1.4
onion,1385.0,Sujangarh APMC,13,71,79.21,78.22,1.0
onion,1385.0,Sujangarh APMC,26,58,135.99,136.58,-0.59
onion,1386.0,Bhadara APMC,1,83,14.72,15.14,-0.42
onion,1386.0,Bhadara APMC,4,80,28.02,27.48,0.54
onion,1386.0,Bhadara APMC,13,71,58.31,52.95,5.36
onion,1386.0,Bhadara APMC,26,58,71.32,62.02,9.31
onion,1387.0,Goluwala APMC,1,83,14.05,15.18,-1.13
onion,1387.0,Goluwala APMC,4,80,24.66,25.18,-0.52
onion,1387.0,Goluwala APMC,13,71,52.17,49.17,3.01
onion,1387.0,Goluwala APMC,26,58,69.74,63.19,6.55
onion,1389.0,Rawatsar APMC,1,83,17.1,16.74,0.36
onion,1389.0,Rawatsar APMC,4,80,22.9,21.4,1.5
onion,1389.0,Rawatsar APMC,13,71,55.86,52.44,3.42
onion,1389.0,Rawatsar APMC,26,58,86.86,78.26,8.6
onion,1418.0,Rajsamand APMC,1,83,14.56,14.05,0.51
onion,1418.0,Rajsamand APMC,4,80,27.3,25.64,1.66
onion,1418.0,Rajsamand APMC,13,71,59.5,55.89,3.62
onion,1418.0,Rajsamand APMC,26,58,87.93,82.0,5.93
onion,1427.0,Zira APMC,1,83,13.08,14.4,-1.32
onion,1427.0,Zira APMC,4,80,18.77,20.61,-1.84
onion,1427.0,Zira APMC,13,71,24.61,24.96,-0.36
onion,1427.0,Zira APMC,26,58,25.16,24.42,0.73
onion,1428.0,Dinanagar APMC,1,83,15.48,15.6,-0.12
onion,1428.0,Dinanagar APMC,4,80,22.98,23.17,-0.19
onion,1428.0,Dinanagar APMC,13,71,28.62,27.92,0.71
onion,1428.0,Dinanagar APMC,26,58,22.47,21.91,0.57
onion,1429.0,Quadian APMC,1,35,19.23,22.31,-3.08
onion,1429.0,Quadian APMC,4,29,29.8,33.92,-4.12
onion,1429.0,Quadian APMC,13,17,25.41,32.18,-6.77
onion,1429.0,Quadian APMC,26,19,37.9,38.87,-0.97
onion,1433.0,Garh Shankar APMC,1,83,14.38,14.77,-0.39
onion,1433.0,Garh Shankar APMC,4,80,24.87,24.88,-0.01
onion,1433.0,Garh Shankar APMC,13,71,28.47,27.02,1.44
onion,1433.0,Garh Shankar APMC,26,58,42.12,37.56,4.55
onion,1434.0,Tanda Urmur APMC,1,67,11.76,13.38,-1.62
onion,1434.0,Tanda Urmur APMC,4,61,20.63,22.82,-2.18
onion,1434.0,Tanda Urmur APMC,13,43,25.19,27.12,-1.93
onion,1434.0,Tanda Urmur APMC,26,32,10.55,10.45,0.11
onion,1435.0,Adampur APMC,1,37,15.07,16.55,-1.48
onion,1435.0,Adampur APMC,4,34,25.44,27.75,-2.31
onion,1435.0,Adampur APMC,13,25,22.36,25.46,-3.09
onion,1435.0,Adampur APMC,26,12,28.07,30.11,-2.04
onion,1441.0,Doraha APMC,1,83,11.79,12.88,-1.09
onion,1441.0,Doraha APMC,4,80,19.67,21.15,-1.48
onion,1441.0,Doraha APMC,13,71,21.42,22.27,-0.85
onion,1441.0,Doraha APMC,26,58,12.82,13.79,-0.97
onion,1443.0,Ludhiana APMC,1,83,15.25,15.43,-0.18
onion,1443.0,Ludhiana APMC,4,80,24.41,24.01,0.4
onion,1443.0,Ludhiana APMC,13,71,38.38,34.31,4.07
onion,1443.0,Ludhiana APMC,26,58,64.51,56.43,8.08
onion,1446.0,Sahnewal APMC,1,83,13.89,14.67,-0.78
onion,1446.0,Sahnewal APMC,4,80,23.02,24.1,-1.08
onion,1446.0,Sahnewal APMC,13,71,22.44,22.7,-0.26
onion,1446.0,Sahnewal APMC,26,58,14.81,15.82,-1.01
onion,1449.0,Nihal Singh Wala APMC,1,83,13.13,14.15,-1.02
onion,1449.0,Nihal Singh Wala APMC,4,80,19.57,20.67,-1.1
onion,1449.0,Nihal Singh Wala APMC,13,71,24.48,24.37,0.11
onion,1449.0,Nihal Singh Wala APMC,26,58,25.43,24.83,0.59
onion,1456.0,Rajpura APMC,1,83,12.24,13.06,-0.82
onion,1456.0,Rajpura APMC,4,80,17.83,18.68,-0.86
onion,1456.0,Rajpura APMC,13,71,25.81,25.53,0.29
onion,1456.0,Rajpura APMC,26,58,33.41,32.51,0.9
onion,1457.0,Chamkaur Sahib APMC,1,83,19.38,19.27,0.1
onion,1457.0,Chamkaur Sahib APMC,4,80,25.19,24.78,0.41
onion,1457.0,Chamkaur Sahib APMC,13,71,27.26,27.15,0.1
onion,1457.0,Chamkaur Sahib APMC,26,58,21.87,21.65,0.22
onion,1458.0,Kharar APMC,1,83,12.93,14.39,-1.46
onion,1458.0,Kharar APMC,4,80,20.61,22.62,-2.01
onion,1458.0,Kharar APMC,13,71,23.14,24.01,-0.87
onion,1458.0,Kharar APMC,26,58,25.24,24.98,0.27
onion,1459.0,Kurali APMC,1,82,13.06,13.93,-0.86
onion,1459.0,Kurali APMC,4,79,20.06,21.14,-1.08
onion,1459.0,Kurali APMC,13,70,23.17,22.77,0.4
onion,1459.0,Kurali APMC,26,57,23.84,22.86,0.98
onion,1464.0,Bassi Pathana APMC,1,82,14.49,15.68,-1.19
onion,1464.0,Bassi Pathana APMC,4,79,23.33,24.63,-1.3
onion,1464.0,Bassi Pathana APMC,13,70,26.2,26.19,0.02
onion,1464.0,Bassi Pathana APMC,26,57,22.79,21.8,0.99
onion,1466.0,Khamano APMC,1,82,23.51,21.84,1.67
onion,1466.0,Khamano APMC,4,79,38.45,37.19,1.26
onion,1466.0,Khamano APMC,13,70,40.98,46.77,-5.79
onion,1466.0,Khamano APMC,26,57,30.87,37.97,-7.09
onion,1469.0,Vellore APMC,1,83,8.78,9.48,-0.71
onion,1469.0,Vellore APMC,4,80,14.35,15.26,-0.91
onion,1469.0,Vellore APMC,13,71,21.84,21.79,0.05
onion,1469.0,Vellore APMC,26,58,17.53,17.23,0.3
onion,1497.0,Jainagar APMC,1,183,15.95,15.85,0.1
onion,1497.0,Jainagar APMC,4,174,23.32,25.46,-2.13
onion,1497.0,Jainagar APMC,13,152,28.61,34.69,-6.08
onion,1497.0,Jainagar APMC,26,139,39.97,43.61,-3.64
onion,1498.0,Jahajharpur APMC,1,181,17.78,17.76,0.02
onion,1498.0,Jahajharpur APMC,4,172,25.0,26.9,-1.9
onion,1498.0,Jahajharpur APMC,13,153,28.63,33.94,-5.32
onion,1498.0,Jahajharpur APMC,26,140,42.82,46.7,-3.88
onion,1507.0,Boudh APMC,1,189,10.02,10.29,-0.27
onion,1507.0,Boudh APMC,4,186,16.36,17.24,-0.88
onion,1507.0,Boudh APMC,13,177,25.17,26.14,-0.97
onion,1507.0,Boudh APMC,26,164,34.72,36.52,-1.81
onion,1510.0,Sargipali APMC,1,240,16.83,16.25,0.58
onion,1510.0,Sargipali APMC,4,237,22.57,21.66,0.91
onion,1510.0,Sargipali APMC,13,228,39.35,34.63,4.72
onion,1510.0,Sargipali APMC,26,215,40.95,38.45,2.5
onion,1511.0,Udala APMC,1,240,13.21,12.81,0.4
onion,1511.0,Udala APMC,4,237,18.44,19.13,-0.69
onion,1511.0,Udala APMC,13,228,30.04,29.86,0.17
onion,1511.0,Udala APMC,26,215,32.06,34.44,-2.38
onion,1513.0,Jaleswar APMC,1,209,14.92,14.53,0.39
onion,1513.0,Jaleswar APMC,4,203,21.18,20.66,0.52
onion,1513.0,Jaleswar APMC,13,191,39.92,36.25,3.67
onion,1513.0,Jaleswar APMC,26,186,38.24,38.49,-0.25
onion,1516.0,Kamakhyanagar APMC,1,240,14.61,14.89,-0.28
onion,1516.0,Kamakhyanagar APMC,4,237,19.64,21.31,-1.68
onion,1516.0,Kamakhyanagar APMC,13,228,28.47,30.01,-1.53
onion,1516.0,Kamakhyanagar APMC,26,215,29.57,33.89,-4.32
onion,1520.0,Keonjhar APMC,1,220,13.19,13.0,0.19
onion,1520.0,Keonjhar APMC,4,217,17.79,17.27,0.52
onion,1520.0,Keonjhar APMC,13,208,22.12,21.32,0.8
onion,1520.0,Keonjhar APMC,26,195,26.36,26.56,-0.21
onion,1523.0,Balugaon APMC,1,240,11.9,12.26,-0.36
onion,1523.0,Balugaon APMC,4,237,17.73,17.98,-0.25
onion,1523.0,Balugaon APMC,13,228,29.4,28.49,0.92
onion,1523.0,Balugaon APMC,26,215,33.66,34.36,-0.7
onion,1525.0,Birmaharajpur APMC,1,197,12.32,12.52,-0.19
onion,1525.0,Birmaharajpur APMC,4,187,17.29,19.89,-2.6
onion,1525.0,Birmaharajpur APMC,13,167,29.28,32.94,-3.66
onion,1525.0,Birmaharajpur APMC,26,147,24.18,30.79,-6.6
onion,1527.0,Hinjilicut APMC,1,202,12.7,13.03,-0.33
onion,1527.0,Hinjilicut APMC,4,199,17.02,17.84,-0.83
onion,1527.0,Hinjilicut APMC,13,190,24.46,26.06,-1.6
onion,1527.0,Hinjilicut APMC,26,178,30.09,33.39,-3.3
onion,1537.0,Porbandar APMC,1,240,24.93,22.23,2.69
onion,1537.0,Porbandar APMC,4,237,31.4,30.05,1.35
onion,1537.0,Porbandar APMC,13,228,43.74,41.05,2.69
onion,1537.0,Porbandar APMC,26,215,45.27,43.62,1.65
onion,1569.0,Bhagta Bhai Ka APMC,1,83,12.8,13.8,-1.01
onion,1569.0,Bhagta Bhai Ka APMC,4,80,19.66,20.95,-1.29
onion,1569.0,Bhagta Bhai Ka APMC,13,71,25.11,25.17,-0.07
onion,1569.0,Bhagta Bhai Ka APMC,26,58,18.78,18.47,0.31
onion,1570.0,Talwandi Sabo APMC,1,83,20.28,19.48,0.81
onion,1570.0,Talwandi Sabo APMC,4,80,31.49,29.29,2.2
onion,1570.0,Talwandi Sabo APMC,13,71,43.52,36.65,6.87
onion,1570.0,Talwandi Sabo APMC,26,58,57.76,47.57,10.19
onion,1575.0,F.G.Churian APMC,1,70,17.82,18.01,-0.2
onion,1575.0,F.G.Churian APMC,4,64,24.01,24.15,-0.13
onion,1575.0,F.G.Churian APMC,13,49,24.33,23.77,0.56
onion,1575.0,F.G.Churian APMC,26,36,18.47,17.56,0.91
onion,1585.0,Banur APMC,1,83,14.69,16.83,-2.14
onion,1585.0,Banur APMC,4,80,25.1,27.95,-2.86
onion,1585.0,Banur APMC,13,71,29.25,31.68,-2.44
onion,1585.0,Banur APMC,26,58,27.04,27.78,-0.75
onion,1587.0,Dera Bassi APMC,1,83,14.09,14.79,-0.7
onion,1587.0,Dera Bassi APMC,4,80,23.26,23.89,-0.63
onion,1587.0,Dera Bassi APMC,13,71,26.08,26.02,0.06
onion,1587.0,Dera Bassi APMC,26,58,24.1,23.48,0.62
onion,1588.0,Ghanaur APMC,1,83,14.46,15.65,-1.19
onion,1588.0,Ghanaur APMC,4,80,19.8,21.17,-1.38
onion,1588.0,Ghanaur APMC,13,71,25.96,25.28,0.68
onion,1588.0,Ghanaur APMC,26,58,29.95,27.63,2.33
onion,1593.0,Lehra Gaga APMC,1,82,18.07,19.57,-1.5
onion,1593.0,Lehra Gaga APMC,4,79,22.39,24.11,-1.72
onion,1593.0,Lehra Gaga APMC,13,70,22.17,22.47,-0.3
onion,1593.0,Lehra Gaga APMC,26,57,29.29,26.93,2.35
onion,1601.0,Akole APMC,1,240,27.92,23.16,4.76
onion,1601.0,Akole APMC,4,237,33.28,30.42,2.86
onion,1601.0,Akole APMC,13,228,44.02,41.65,2.38
onion,1601.0,Akole APMC,26,215,48.27,45.29,2.98
onion,1606.0,Rayya APMC,1,83,10.63,11.84,-1.21
onion,1606.0,Rayya APMC,4,80,17.8,19.19,-1.38
onion,1606.0,Rayya APMC,13,71,30.6,29.24,1.35
onion,1606.0,Rayya APMC,26,58,37.67,32.13,5.54
onion,1610.0,Ajmer(F&V) APMC,1,83,10.85,11.05,-0.2
onion,1610.0,Ajmer(F&V) APMC,4,80,20.97,21.1,-0.13
onion,1610.0,Ajmer(F&V) APMC,13,71,54.07,52.44,1.64
onion,1610.0,Ajmer(F&V) APMC,26,58,83.98,78.32,5.66
onion,1611.0,Bikaner (F&V) APMC,1,83,14.65,14.24,0.41
onion,1611.0,Bikaner (F&V) APMC,4,80,24.91,24.16,0.75
onion,1611.0,Bikaner (F&V) APMC,13,71,62.17,59.13,3.04
onion,1611.0,Bikaner (F&V) APMC,26,58,98.61,91.03,7.58
onion,1614.0,Sriganganagar (F&V) APMC,1,71,13.84,14.61,-0.77
onion,1614.0,Sriganganagar (F&V) APMC,4,65,25.05,25.81,-0.76
onion,1614.0,Sriganganagar (F&V) APMC,13,51,47.03,44.4,2.63
onion,1614.0,Sriganganagar (F&V) APMC,26,38,74.85,72.73,2.12
onion,1633.0,Satana APMC,1,240,21.72,21.08,0.64
onion,1633.0,Satana APMC,4,237,29.97,30.49,-0.52
onion,1633.0,Satana APMC,13,228,42.1,43.85,-1.75
onion,1633.0,Satana APMC,26,215,45.82,45.9,-0.08
onion,1634.0,Rahuri APMC,1,240,20.91,19.56,1.35
onion,1634.0,Rahuri APMC,4,237,34.04,30.34,3.7
onion,1634.0,Rahuri APMC,13,228,49.24,45.19,4.05
onion,1634.0,Rahuri APMC,26,215,50.93,43.8,7.12
onion,1637.0,Akluj APMC,1,239,21.59,20.79,0.8
onion,1637.0,Akluj APMC,4,236,31.56,31.26,0.29
onion,1637.0,Akluj APMC,13,227,45.79,43.96,1.83
onion,1637.0,Akluj APMC,26,214,50.86,44.84,6.02
onion,1644.0,Sinner APMC,1,240,22.52,21.72,0.8
onion,1644.0,Sinner APMC,4,237,31.47,30.87,0.6
onion,1644.0,Sinner APMC,13,228,44.93,44.29,0.65
onion,1644.0,Sinner APMC,26,215,49.03,46.75,2.28
onion,1649.0,Newasa APMC,1,12,23.67,22.73,0.94
onion,1663.0,Sitarganj APMC,1,83,15.44,15.53,-0.09
onion,1663.0,Sitarganj APMC,4,80,26.32,25.52,0.8
onion,1663.0,Sitarganj APMC,13,71,62.64,59.09,3.56
onion,1663.0,Sitarganj APMC,26,58,95.44,89.27,6.17
onion,1704.0,Dasda APMC,1,77,8.82,9.02,-0.2
onion,1704.0,Dasda APMC,4,74,14.47,14.73,-0.26
onion,1704.0,Dasda APMC,13,65,20.71,20.95,-0.25
onion,1704.0,Dasda APMC,26,52,14.2,14.22,-0.02
onion,1715.0,Kopaganj APMC,1,81,12.67,13.62,-0.96
onion,1715.0,Kopaganj APMC,4,78,20.17,20.5,-0.33
onion,1715.0,Kopaganj APMC,13,69,28.18,27.66,0.52
onion,1715.0,Kopaganj APMC,26,56,52.3,49.24,3.06
onion,1716.0,Partaval APMC,1,83,14.48,15.53,-1.05
onion,1716.0,Partaval APMC,4,80,20.8,22.08,-1.28
onion,1716.0,Partaval APMC,13,71,32.72,32.76,-0.04
onion,1716.0,Partaval APMC,26,58,58.72,53.45,5.26
onion,1718.0,Kannauj APMC,1,68,12.61,13.84,-1.23
onion,1718.0,Kannauj APMC,4,62,20.61,21.4,-0.78
onion,1718.0,Kannauj APMC,13,45,34.38,33.46,0.93
onion,1718.0,Kannauj APMC,26,44,52.27,49.99,2.29
onion,1719.0,Robertsganj APMC,1,81,13.35,14.61,-1.26
onion,1719.0,Robertsganj APMC,4,78,20.79,21.81,-1.02
onion,1719.0,Robertsganj APMC,13,69,29.14,29.04,0.09
onion,1719.0,Robertsganj APMC,26,56,49.51,44.85,4.66
onion,1720.0,Aligarh APMC,1,72,11.73,13.73,-2.0
onion,1720.0,Aligarh APMC,4,66,21.34,22.97,-1.64
onion,1720.0,Aligarh APMC,13,53,34.02,33.9,0.12
onion,1720.0,Aligarh APMC,26,42,63.97,63.29,0.68
onion,1721.0,Akbarpur APMC,1,82,16.51,18.67,-2.16
onion,1721.0,Akbarpur APMC,4,79,21.75,24.11,-2.36
onion,1721.0,Akbarpur APMC,13,70,32.88,33.81,-0.93
onion,1721.0,Akbarpur APMC,26,57,52.17,47.91,4.26
onion,1722.0,Balrampur APMC,1,83,14.31,14.74,-0.44
onion,1722.0,Balrampur APMC,4,80,21.7,21.26,0.44
onion,1722.0,Balrampur APMC,13,71,42.04,36.71,5.32
onion,1722.0,Balrampur APMC,26,58,88.03,72.41,15.61
onion,1727.0,Naugarh APMC,1,74,16.07,15.56,0.51
onion,1727.0,Naugarh APMC,4,71,22.25,20.76,1.48
onion,1727.0,Naugarh APMC,13,62,40.24,37.12,3.12
onion,1727.0,Naugarh APMC,26,49,72.12,63.45,8.67
onion,1729.0,Dadri APMC,1,68,13.53,15.11,-1.58
onion,1729.0,Dadri APMC,4,62,23.52,24.74,-1.22
onion,1729.0,Dadri APMC,13,47,35.5,35.51,-0.01
onion,1729.0,Dadri APMC,26,38,45.25,39.6,5.65
onion,1730.0,Haathras APMC,1,83,12.43,13.81,-1.39
onion,1730.0,Haathras APMC,4,80,19.5,20.76,-1.26
onion,1730.0,Haathras APMC,13,71,26.99,26.59,0.4
onion,1730.0,Haathras APMC,26,58,43.74,40.74,2.99
onion,1731.0,Golagokarnath APMC,1,83,11.61,13.0,-1.39
onion,1731.0,Golagokarnath APMC,4,80,19.27,20.6,-1.32
onion,1731.0,Golagokarnath APMC,13,71,29.28,29.6,-0.32
onion,1731.0,Golagokarnath APMC,26,58,56.75,53.85,2.9
onion,1732.0,Puranpur APMC,1,82,14.04,16.09,-2.05
onion,1732.0,Puranpur APMC,4,79,21.51,23.36,-1.85
onion,1732.0,Puranpur APMC,13,70,30.87,31.18,-0.31
onion,1732.0,Puranpur APMC,26,57,46.79,43.77,3.02
onion,1733.0,Bangarmau APMC,1,70,13.43,15.74,-2.32
onion,1733.0,Bangarmau APMC,4,64,20.51,22.75,-2.25
onion,1733.0,Bangarmau APMC,13,49,32.3,33.24,-0.94
onion,1733.0,Bangarmau APMC,26,38,64.85,61.78,3.06
onion,1735.0,Bishalpur APMC,1,81,18.94,19.71,-0.76
onion,1735.0,Bishalpur APMC,4,78,22.1,23.25,-1.15
onion,1735.0,Bishalpur APMC,13,69,37.95,37.08,0.87
onion,1735.0,Bishalpur APMC,26,56,66.04,58.43,7.61
onion,1737.0,Kayamganj APMC,1,81,11.26,12.33,-1.07
onion,1737.0,Kayamganj APMC,4,78,16.4,17.37,-0.97
onion,1737.0,Kayamganj APMC,13,69,24.6,24.0,0.6
onion,1737.0,Kayamganj APMC,26,56,44.2,43.12,1.08
onion,1738.0,Konch APMC,1,82,16.5,17.82,-1.32
onion,1738.0,Konch APMC,4,79,23.66,24.73,-1.06
onion,1738.0,Konch APMC,13,70,47.32,45.18,2.15
onion,1738.0,Konch APMC,26,57,89.54,80.03,9.51
onion,1741.0,Bharthna APMC,1,83,14.81,15.89,-1.08
onion,1741.0,Bharthna APMC,4,80,19.71,21.04,-1.33
onion,1741.0,Bharthna APMC,13,71,29.33,28.79,0.54
onion,1741.0,Bharthna APMC,26,58,36.01,32.43,3.58
onion,1742.0,Chaandpur APMC,1,68,14.78,16.08,-1.29
onion,1742.0,Chaandpur APMC,4,62,23.76,25.05,-1.29
onion,1742.0,Chaandpur APMC,13,45,44.59,43.34,1.24
onion,1742.0,Chaandpur APMC,26,34,109.52,108.18,1.34
onion,1743.0,Jayas APMC,1,83,8.97,10.61,-1.65
onion,1743.0,Jayas APMC,4,80,16.03,17.44,-1.41
onion,1743.0,Jayas APMC,13,71,24.87,25.17,-0.3
onion,1743.0,Jayas APMC,26,58,49.9,49.88,0.02
onion,1746.0,Paliakala APMC,1,82,12.22,13.09,-0.88
onion,1746.0,Paliakala APMC,4,79,16.08,17.34,-1.26
onion,1746.0,Paliakala APMC,13,70,22.39,22.86,-0.47
onion,1746.0,Paliakala APMC,26,57,28.28,28.13,0.15
onion,1749.0,Sirsa APMC,1,74,12.44,12.71,-0.27
onion,1749.0,Sirsa APMC,4,68,21.71,21.3,0.4
onion,1749.0,Sirsa APMC,13,59,34.0,33.02,0.98
onion,1749.0,Sirsa APMC,26,46,60.71,57.36,3.35
onion,1754.0,Gangoh APMC,1,83,11.28,12.04,-0.76
onion,1754.0,Gangoh APMC,4,80,18.91,19.66,-0.75
onion,1754.0,Gangoh APMC,13,71,38.16,37.99,0.17
onion,1754.0,Gangoh APMC,26,58,68.6,63.45,5.15
onion,1755.0,Charra APMC,1,82,10.0,10.07,-0.07
onion,1755.0,Charra APMC,4,79,14.8,14.15,0.65
onion,1755.0,Charra APMC,13,70,31.09,29.26,1.83
onion,1755.0,Charra APMC,26,57,49.43,44.19,5.24
onion,1759.0,Khair APMC,1,83,16.81,16.96,-0.15
onion,1759.0,Khair APMC,4,80,19.74,19.25,0.49
onion,1759.0,Khair APMC,13,71,27.28,26.53,0.75
onion,1759.0,Khair APMC,26,58,47.02,43.13,3.9
onion,1760.0,Safdarganj APMC,1,82,9.55,10.96,-1.41
onion,1760.0,Safdarganj APMC,4,79,16.51,17.64,-1.12
onion,1760.0,Safdarganj APMC,13,70,27.32,27.44,-0.13
onion,1760.0,Safdarganj APMC,26,57,53.83,53.3,0.53
onion,1763.0,Naanpara APMC,1,81,13.68,13.45,0.23
onion,1763.0,Naanpara APMC,4,78,19.87,19.43,0.44
onion,1763.0,Naanpara APMC,13,69,39.98,37.81,2.17
onion,1763.0,Naanpara APMC,26,56,72.58,63.87,8.71
onion,1764.0,Jasra APMC,1,73,10.27,11.47,-1.2
onion,1764.0,Jasra APMC,4,67,17.96,18.94,-0.98
onion,1764.0,Jasra APMC,13,55,32.79,32.22,0.57
onion,1764.0,Jasra APMC,26,49,59.39,57.5,1.88
onion,1768.0,Baripaal APMC,1,82,13.58,14.1,-0.52
onion,1768.0,Baripaal APMC,4,79,21.59,21.58,0.01
onion,1768.0,Baripaal APMC,13,70,34.51,33.27,1.23
onion,1768.0,Baripaal APMC,26,57,61.75,59.23,2.53
onion,1770.0,Jasvantnagar APMC,1,82,12.16,13.34,-1.18
onion,1770.0,Jasvantnagar APMC,4,79,17.21,18.22,-1.01
onion,1770.0,Jasvantnagar APMC,13,70,26.3,25.44,0.86
onion,1770.0,Jasvantnagar APMC,26,57,42.74,41.07,1.66
onion,1772.0,Tulsipur APMC,1,83,11.51,12.29,-0.78
onion,1772.0,Tulsipur APMC,4,80,16.59,16.84,-0.25
onion,1772.0,Tulsipur APMC,13,71,25.7,24.82,0.88
onion,1772.0,Tulsipur APMC,26,58,41.01,39.1,1.91
onion,1773.0,Anandnagar APMC,1,81,13.37,14.77,-1.4
onion,1773.0,Anandnagar APMC,4,78,19.25,20.47,-1.22
onion,1773.0,Anandnagar APMC,13,69,29.94,29.66,0.28
onion,1773.0,Anandnagar APMC,26,56,52.58,48.1,4.48
onion,1774.0,Mehmoodabad APMC,1,82,12.01,13.68,-1.67
onion,1774.0,Mehmoodabad APMC,4,79,19.9,21.54,-1.64
onion,1774.0,Mehmoodabad APMC,13,70,31.24,32.17,-0.93
onion,1774.0,Mehmoodabad APMC,26,57,58.85,55.55,3.29
onion,1776.0,Shahabad(New Mandi) APMC,1,68,8.86,10.85,-1.99
onion,1776.0,Shahabad(New Mandi) APMC,4,62,15.05,17.05,-2.0
onion,1776.0,Shahabad(New Mandi) APMC,13,45,25.77,26.76,-0.99
onion,1776.0,Shahabad(New Mandi) APMC,26,34,69.86,68.19,1.67
onion,1778.0,Dudhi APMC,1,76,20.54,20.91,-0.37
onion,1778.0,Dudhi APMC,4,73,31.99,31.55,0.44
onion,1778.0,Dudhi APMC,13,64,41.25,36.29,4.95
onion,1778.0,Dudhi APMC,26,51,56.66,46.22,10.44
onion,1780.0,Mugrabaadshahpur APMC,1,83,11.65,13.07,-1.43
onion,1780.0,Mugrabaadshahpur APMC,4,80,19.67,20.49,-0.83
onion,1780.0,Mugrabaadshahpur APMC,13,71,30.75,30.46,0.29
onion,1780.0,Mugrabaadshahpur APMC,26,58,59.31,54.58,4.73
onion,1783.0,Gulavati APMC,1,81,9.48,10.23,-0.75
onion,1783.0,Gulavati APMC,4,78,11.47,11.82,-0.36
onion,1783.0,Gulavati APMC,13,69,21.19,21.22,-0.02
onion,1783.0,Gulavati APMC,26,56,30.09,29.74,0.35
onion,1785.0,Rampurmaniharan APMC,1,69,14.46,14.61,-0.15
onion,1785.0,Rampurmaniharan APMC,4,63,17.53,17.87,-0.34
onion,1785.0,Rampurmaniharan APMC,13,47,18.28,18.2,0.08
onion,1785.0,Rampurmaniharan APMC,26,35,19.85,17.26,2.6
onion,1788.0,Sambhal APMC,1,83,9.65,9.95,-0.3
onion,1788.0,Sambhal APMC,4,80,15.92,16.03,-0.11
onion,1788.0,Sambhal APMC,13,71,23.95,23.98,-0.02
onion,1788.0,Sambhal APMC,26,58,43.16,42.21,0.95
onion,1790.0,Bilsi APMC,1,67,11.41,12.55,-1.14
onion,1790.0,Bilsi APMC,4,61,20.75,21.44,-0.69
onion,1790.0,Bilsi APMC,13,44,33.41,33.05,0.36
onion,1790.0,Bilsi APMC,26,34,47.78,46.25,1.53
onion,1791.0,Najibabad APMC,1,66,13.2,13.64,-0.45
onion,1791.0,Najibabad APMC,4,60,18.83,19.83,-1.0
onion,1791.0,Najibabad APMC,13,42,30.93,32.05,-1.12
onion,1791.0,Najibabad APMC,26,31,86.67,85.55,1.12
onion,1793.0,Jalaun APMC,1,70,15.46,16.55,-1.09
onion,1793.0,Jalaun APMC,4,64,24.18,25.7,-1.51
onion,1793.0,Jalaun APMC,13,49,50.11,47.71,2.4
onion,1793.0,Jalaun APMC,26,38,101.18,97.48,3.7
onion,1804.0,Barwala APMC,1,240,14.14,14.38,-0.24
onion,1804.0,Barwala APMC,4,237,20.19,21.16,-0.98
onion,1804.0,Barwala APMC,13,228,34.7,35.81,-1.11
onion,1804.0,Barwala APMC,26,215,35.07,36.6,-1.54
onion,1805.0,Barara APMC,1,230,16.52,15.53,0.99
onion,1805.0,Barara APMC,4,227,23.25,22.07,1.18
onion,1805.0,Barara APMC,13,219,46.0,42.63,3.38
onion,1805.0,Barara APMC,26,206,45.46,41.84,3.62
onion,1808.0,Naraingarh APMC,1,240,15.98,15.6,0.38
onion,1808.0,Naraingarh APMC,4,237,23.47,23.28,0.2
onion,1808.0,Naraingarh APMC,13,228,37.49,37.19,0.3
onion,1808.0,Naraingarh APMC,26,215,34.79,36.35,-1.56
onion,1809.0,Shahzadpur APMC,1,240,14.46,14.28,0.18
onion,1809.0,Shahzadpur APMC,4,237,18.79,18.72,0.06
onion,1809.0,Shahzadpur APMC,13,228,34.87,34.04,0.84
onion,1809.0,Shahzadpur APMC,26,215,34.71,33.68,1.03
onion,1810.0,Jagadhri APMC,1,240,13.88,14.3,-0.42
onion,1810.0,Jagadhri APMC,4,237,20.29,21.24,-0.95
onion,1810.0,Jagadhri APMC,13,228,29.96,31.99,-2.04
onion,1810.0,Jagadhri APMC,26,215,30.13,33.26,-3.13
onion,1811.0,Chhachrauli APMC,1,240,13.75,14.23,-0.48
onion,1811.0,Chhachrauli APMC,4,237,20.56,21.78,-1.22
onion,1811.0,Chhachrauli APMC,13,228,27.53,30.81,-3.29
onion,1811.0,Chhachrauli APMC,26,215,26.22,31.29,-5.07
onion,1812.0,Mustafabad APMC,1,240,16.22,15.46,0.76
onion,1812.0,Mustafabad APMC,4,237,20.84,21.93,-1.09
onion,1812.0,Mustafabad APMC,13,228,32.8,33.75,-0.95
onion,1812.0,Mustafabad APMC,26,215,29.07,33.35,-4.28
onion,1813.0,Sadhaura APMC,1,240,15.43,15.13,0.29
onion,1813.0,Sadhaura APMC,4,237,23.33,23.7,-0.37
onion,1813.0,Sadhaura APMC,13,228,37.42,37.43,-0.01
onion,1813.0,Sadhaura APMC,26,215,34.94,37.44,-2.51
onion,1814.0,Radaur APMC,1,239,11.67,11.77,-0.1
onion,1814.0,Radaur APMC,4,236,15.81,16.65,-0.84
onion,1814.0,Radaur APMC,13,227,30.71,32.05,-1.34
onion,1814.0,Radaur APMC,26,214,30.24,33.24,-3.0
onion,1823.0,Farukh Nagar APMC,1,240,16.67,16.56,0.11
onion,1823.0,Farukh Nagar APMC,4,237,23.8,23.36,0.44
onion,1823.0,Farukh Nagar APMC,13,228,34.38,32.93,1.45
onion,1823.0,Farukh Nagar APMC,26,215,28.79,30.48,-1.69
onion,1826.0,Punhana APMC,1,230,15.93,16.3,-0.36
onion,1826.0,Punhana APMC,4,224,22.57,22.9,-0.33
onion,1826.0,Punhana APMC,13,218,36.34,35.95,0.39
onion,1826.0,Punhana APMC,26,207,32.3,34.36,-2.05
onion,1827.0,Tauru APMC,1,240,12.88,13.55,-0.67
onion,1827.0,Tauru APMC,4,237,20.45,21.72,-1.26
onion,1827.0,Tauru APMC,13,228,30.29,32.72,-2.42
onion,1827.0,Tauru APMC,26,215,29.82,34.76,-4.94
onion,1828.0,Barwala(Hisar) APMC,1,210,16.73,16.14,0.58
onion,1828.0,Barwala(Hisar) APMC,4,204,26.91,25.79,1.12
onion,1828.0,Barwala(Hisar) APMC,13,186,38.22,37.07,1.15
onion,1828.0,Barwala(Hisar) APMC,26,160,37.42,37.32,0.09
onion,1833.0,Jakhal APMC,1,240,16.48,16.18,0.3
onion,1833.0,Jakhal APMC,4,237,25.04,24.78,0.26
onion,1833.0,Jakhal APMC,13,228,35.05,35.53,-0.47
onion,1833.0,Jakhal APMC,26,215,33.69,36.4,-2.71
onion,1839.0,Dhand APMC,1,240,14.3,14.46,-0.16
onion,1839.0,Dhand APMC,4,237,18.17,19.39,-1.22
onion,1839.0,Dhand APMC,13,228,28.09,30.6,-2.51
onion,1839.0,Dhand APMC,26,215,25.64,30.4,-4.76
onion,1842.0,Siwan APMC,1,240,14.72,14.66,0.06
onion,1842.0,Siwan APMC,4,237,21.1,22.09,-0.98
onion,1842.0,Siwan APMC,13,228,31.42,33.29,-1.87
onion,1842.0,Siwan APMC,26,215,28.67,33.46,-4.79
onion,1852.0,Madlauda APMC,1,240,12.59,12.96,-0.38
onion,1852.0,Madlauda APMC,4,237,20.03,21.47,-1.43
onion,1852.0,Madlauda APMC,13,228,31.31,33.1,-1.78
onion,1852.0,Madlauda APMC,26,215,29.23,33.53,-4.31
onion,1853.0,Samalkha APMC,1,230,17.7,17.95,-0.25
onion,1853.0,Samalkha APMC,4,224,24.43,25.23,-0.81
onion,1853.0,Samalkha APMC,13,212,36.72,34.86,1.87
onion,1853.0,Samalkha APMC,26,199,32.31,34.71,-2.4
onion,1860.0,Meham APMC,1,240,18.58,17.73,0.85
onion,1860.0,Meham APMC,4,237,25.19,24.32,0.86
onion,1860.0,Meham APMC,13,228,38.36,36.6,1.76
onion,1860.0,Meham APMC,26,215,32.16,33.05,-0.89
onion,1864.0,Ganaur APMC,1,240,13.5,13.99,-0.49
onion,1864.0,Ganaur APMC,4,237,18.25,19.58,-1.33
onion,1864.0,Ganaur APMC,13,228,31.86,33.39,-1.54
onion,1864.0,Ganaur APMC,26,215,29.93,34.03,-4.1
onion,1868.0,Bowenpally APMC,1,83,15.71,16.5,-0.79
onion,1868.0,Bowenpally APMC,4,80,25.57,26.16,-0.59
onion,1868.0,Bowenpally APMC,13,71,59.02,55.48,3.54
onion,1868.0,Bowenpally APMC,26,58,84.53,72.84,11.69
onion,1894.0,Parner APMC,1,239,19.11,18.99,0.13
onion,1894.0,Parner APMC,4,236,25.69,25.86,-0.17
onion,1894.0,Parner APMC,13,227,39.11,39.39,-0.28
onion,1894.0,Parner APMC,26,214,42.9,42.19,0.71
onion,1895.0,Devala APMC,1,240,19.82,19.5,0.32
onion,1895.0,Devala APMC,4,237,27.3,27.58,-0.28
onion,1895.0,Devala APMC,13,228,39.18,40.4,-1.23
onion,1895.0,Devala APMC,26,215,43.18,43.49,-0.31
onion,1939.0,Ramtek APMC,1,240,16.52,16.8,-0.28
onion,1939.0,Ramtek APMC,4,237,20.46,22.45,-1.99
onion,1939.0,Ramtek APMC,13,228,30.39,33.51,-3.12
onion,1939.0,Ramtek APMC,26,215,33.95,37.49,-3.54
onion,1966.0,Gopiganj APMC,1,83,12.46,13.58,-1.12
onion,1966.0,Gopiganj APMC,4,80,21.2,21.41,-0.21
onion,1966.0,Gopiganj APMC,13,71,34.15,32.95,1.2
onion,1966.0,Gopiganj APMC,26,58,64.95,57.21,7.73
onion,1967.0,Karvi APMC,1,82,13.48,15.55,-2.07
onion,1967.0,Karvi APMC,4,79,20.79,22.76,-1.97
onion,1967.0,Karvi APMC,13,70,31.84,31.75,0.08
onion,1967.0,Karvi APMC,26,57,57.98,55.32,2.66
onion,1968.0,Mohammdi APMC,1,81,12.35,13.5,-1.15
onion,1968.0,Mohammdi APMC,4,78,22.84,23.15,-0.31
onion,1968.0,Mohammdi APMC,13,69,32.11,31.45,0.66
onion,1968.0,Mohammdi APMC,26,56,57.13,53.76,3.37
onion,1971.0,Aroor APMC,1,228,13.64,13.72,-0.07
onion,1971.0,Aroor APMC,4,222,17.34,18.1,-0.76
onion,1971.0,Aroor APMC,13,208,21.02,22.41,-1.39
onion,1971.0,Aroor APMC,26,195,27.21,29.95,-2.74
onion,1973.0,Kuruppanthura APMC,1,237,15.69,15.77,-0.08
onion,1973.0,Kuruppanthura APMC,4,234,22.2,22.66,-0.46
onion,1973.0,Kuruppanthura APMC,13,225,25.36,26.89,-1.53
onion,1973.0,Kuruppanthura APMC,26,212,30.2,33.7,-3.5
onion,1974.0,Chelakkara APMC,1,240,9.46,9.51,-0.05
onion,1974.0,Chelakkara APMC,4,237,13.26,13.65,-0.39
onion,1974.0,Chelakkara APMC,13,228,20.01,20.65,-0.64
onion,1974.0,Chelakkara APMC,26,215,25.12,26.99,-1.87
onion,1975.0,Munnar APMC,1,239,15.4,15.97,-0.57
onion,1975.0,Munnar APMC,4,236,17.38,18.51,-1.12
onion,1975.0,Munnar APMC,13,227,19.15,20.59,-1.44
onion,1975.0,Munnar APMC,26,214,25.93,27.24,-1.31
onion,1977.0,Kottakkal APMC,1,240,12.04,12.59,-0.55
onion,1977.0,Kottakkal APMC,4,237,17.93,18.45,-0.52
onion,1977.0,Kottakkal APMC,13,228,26.25,26.28,-0.02
onion,1977.0,Kottakkal APMC,26,215,30.2,31.44,-1.24
onion,1978.0,Angamaly APMC,1,240,9.19,10.03,-0.84
onion,1978.0,Angamaly APMC,4,237,13.84,15.52,-1.68
onion,1978.0,Angamaly APMC,13,228,19.12,21.2,-2.08
onion,1978.0,Angamaly APMC,26,215,24.32,27.86,-3.54
onion,1979.0,Kallachi APMC,1,240,13.86,13.28,0.57
onion,1979.0,Kallachi APMC,4,237,19.77,19.67,0.1
onion,1979.0,Kallachi APMC,13,228,29.5,28.49,1.0
onion,1979.0,Kallachi APMC,26,215,32.01,33.07,-1.06
onion,1980.0,Taliparamba APMC,1,109,10.14,10.87,-0.73
onion,1980.0,Taliparamba APMC,4,106,16.65,17.13,-0.48
onion,1980.0,Taliparamba APMC,13,97,21.96,22.78,-0.82
onion,1980.0,Taliparamba APMC,26,84,22.73,22.33,0.4
onion,1981.0,Neeleswaram APMC,1,240,10.77,10.82,-0.06
onion,1981.0,Neeleswaram APMC,4,237,15.4,15.9,-0.51
onion,1981.0,Neeleswaram APMC,13,228,21.72,22.64,-0.92
onion,1981.0,Neeleswaram APMC,26,215,24.77,26.87,-2.1
onion,1986.0,Madhavapuram APMC,1,240,15.69,16.63,-0.94
onion,1986.0,Madhavapuram APMC,4,237,20.37,22.12,-1.75
onion,1986.0,Madhavapuram APMC,13,228,23.77,24.99,-1.22
onion,1986.0,Madhavapuram APMC,26,215,28.66,30.51,-1.85
onion,2007.0,Piravam APMC,1,240,13.86,14.36,-0.5
onion,2007.0,Piravam APMC,4,237,18.41,19.32,-0.91
onion,2007.0,Piravam APMC,13,228,22.72,23.12,-0.4
onion,2007.0,Piravam APMC,26,215,27.46,29.55,-2.09
onion,2008.0,Aralamoodu APMC,1,240,10.11,10.53,-0.42
onion,2008.0,Aralamoodu APMC,4,237,13.1,13.83,-0.73
onion,2008.0,Aralamoodu APMC,13,228,18.39,19.16,-0.78
onion,2008.0,Aralamoodu APMC,26,215,24.27,26.74,-2.47
onion,2013.0,Anchal APMC,1,240,11.43,11.58,-0.14
onion,2013.0,Anchal APMC,4,237,13.86,14.05,-0.19
onion,2013.0,Anchal APMC,13,228,15.56,15.42,0.15
onion,2013.0,Anchal APMC,26,215,21.17,21.39,-0.22
onion,2015.0,Chengannur APMC,1,240,12.34,12.41,-0.07
onion,2015.0,Chengannur APMC,4,237,17.93,18.25,-0.33
onion,2015.0,Chengannur APMC,13,228,22.94,23.68,-0.74
onion,2015.0,Chengannur APMC,26,215,25.26,28.09,-2.83
onion,2016.0,Kayamkulam APMC,1,240,16.37,16.08,0.29
onion,2016.0,Kayamkulam APMC,4,237,22.06,21.59,0.47
onion,2016.0,Kayamkulam APMC,13,228,26.6,24.9,1.7
onion,2016.0,Kayamkulam APMC,26,215,28.49,28.77,-0.29
onion,2017.0,Harippad APMC,1,184,13.11,13.66,-0.56
onion,2017.0,Harippad APMC,4,178,15.49,16.34,-0.85
onion,2017.0,Harippad APMC,13,160,21.37,21.48,-0.11
onion,2017.0,Harippad APMC,26,134,20.74,21.85,-1.11
onion,2019.0,Pampady APMC,1,240,14.46,14.31,0.14
onion,2019.0,Pampady APMC,4,237,19.57,18.99,0.58
onion,2019.0,Pampady APMC,13,228,22.47,22.02,0.45
onion,2019.0,Pampady APMC,26,215,28.8,28.33,0.48
onion,2020.0,Ettumanoor APMC,1,240,13.66,13.8,-0.14
onion,2020.0,Ettumanoor APMC,4,237,18.25,17.78,0.47
onion,2020.0,Ettumanoor APMC,13,228,23.28,22.14,1.14
onion,2020.0,Ettumanoor APMC,26,215,28.39,28.65,-0.26
onion,2021.0,Kanjirappally APMC,1,240,13.31,13.46,-0.15
onion,2021.0,Kanjirappally APMC,4,237,19.6,20.54,-0.94
onion,2021.0,Kanjirappally APMC,13,228,25.52,26.87,-1.35
onion,2021.0,Kanjirappally APMC,26,215,29.16,31.99,-2.83
onion,2022.0,Pala APMC,1,240,11.72,12.26,-0.54
onion,2022.0,Pala APMC,4,237,17.44,18.82,-1.38
onion,2022.0,Pala APMC,13,228,21.75,23.81,-2.06
onion,2022.0,Pala APMC,26,215,27.04,30.38,-3.34
onion,2024.0,Chalakudy APMC,1,240,12.48,11.9,0.57
onion,2024.0,Chalakudy APMC,4,237,16.9,17.81,-0.91
onion,2024.0,Chalakudy APMC,13,228,24.3,24.38,-0.08
onion,2024.0,Chalakudy APMC,26,215,23.57,27.14,-3.57
onion,2025.0,Irinjalakkuda APMC,1,240,12.63,12.69,-0.06
onion,2025.0,Irinjalakkuda APMC,4,237,14.38,14.69,-0.32
onion,2025.0,Irinjalakkuda APMC,13,228,17.91,18.28,-0.37
onion,2025.0,Irinjalakkuda APMC,26,215,21.84,23.1,-1.26
onion,2026.0,Chavakkad APMC,1,240,9.42,9.83,-0.41
onion,2026.0,Chavakkad APMC,4,237,14.93,16.09,-1.17
onion,2026.0,Chavakkad APMC,13,228,19.43,20.89,-1.46
onion,2026.0,Chavakkad APMC,26,215,23.58,26.41,-2.84
onion,2027.0,Wadakkanchery APMC,1,240,9.96,10.37,-0.41
onion,2027.0,Wadakkanchery APMC,4,237,16.19,17.39,-1.19
onion,2027.0,Wadakkanchery APMC,13,228,22.12,23.22,-1.1
onion,2027.0,Wadakkanchery APMC,26,215,24.68,27.79,-3.11
onion,2035.0,Kanjangadu APMC,1,240,12.35,12.14,0.21
onion,2035.0,Kanjangadu APMC,4,237,18.06,18.32,-0.26
onion,2035.0,Kanjangadu APMC,13,228,26.91,26.83,0.09
onion,2035.0,Kanjangadu APMC,26,215,29.21,30.96,-1.76
onion,2036.0,Vamanapuram APMC,1,240,10.05,10.92,-0.87
onion,2036.0,Vamanapuram APMC,4,237,13.81,14.53,-0.72
onion,2036.0,Vamanapuram APMC,13,228,22.43,23.21,-0.78
onion,2036.0,Vamanapuram APMC,26,215,25.08,26.78,-1.7
onion,2039.0,Rahata APMC,1,240,20.55,19.6,0.95
onion,2039.0,Rahata APMC,4,237,28.66,28.22,0.44
onion,2039.0,Rahata APMC,13,228,40.42,40.09,0.33
onion,2039.0,Rahata APMC,26,215,43.43,41.8,1.63
onion,2076.0,Badnawar APMC,1,136,38.74,29.53,9.21
onion,2076.0,Badnawar APMC,4,133,48.73,37.51,11.23
onion,2076.0,Badnawar APMC,13,124,107.08,70.71,36.38
onion,2076.0,Badnawar APMC,26,111,163.14,93.89,69.24
onion,2086.0,Narsinghgarh APMC,1,240,37.63,28.79,8.84
onion,2086.0,Narsinghgarh APMC,4,237,56.83,39.43,17.4
onion,2086.0,Narsinghgarh APMC,13,228,88.83,58.22,30.62
onion,2086.0,Narsinghgarh APMC,26,215,94.54,63.02,31.52
onion,2088.0,Sailana APMC,1,240,35.84,29.2,6.64
onion,2088.0,Sailana APMC,4,237,51.26,39.74,11.52
onion,2088.0,Sailana APMC,13,228,76.97,55.94,21.03
onion,2088.0,Sailana APMC,26,215,82.81,59.44,23.37
onion,2097.0,Shajapur APMC,1,137,27.26,23.5,3.76
onion,2097.0,Shajapur APMC,4,134,40.15,31.96,8.19
onion,2097.0,Shajapur APMC,13,125,58.98,50.23,8.75
onion,2097.0,Shajapur APMC,26,112,78.96,59.55,19.4
onion,2103.0,Kalapipal APMC,1,240,47.04,33.07,13.97
onion,2103.0,Kalapipal APMC,4,237,72.35,47.71,24.64
onion,2103.0,Kalapipal APMC,13,228,112.17,66.79,45.38
onion,2103.0,Kalapipal APMC,26,215,119.71,70.04,49.67
onion,2130.0,Rahuri(Vambori) APMC,1,240,21.99,20.95,1.04
onion,2130.0,Rahuri(Vambori) APMC,4,237,33.88,30.98,2.9
onion,2130.0,Rahuri(Vambori) APMC,13,228,48.43,45.19,3.24
onion,2130.0,Rahuri(Vambori) APMC,26,215,53.45,47.21,6.24
onion,2139.0,Lasalgaon(Niphad) APMC,1,240,20.85,20.61,0.25
onion,2139.0,Lasalgaon(Niphad) APMC,4,237,28.37,28.45,-0.07
onion,2139.0,Lasalgaon(Niphad) APMC,13,228,41.09,41.7,-0.61
onion,2139.0,Lasalgaon(Niphad) APMC,26,215,44.95,44.89,0.06
onion,2141.0,Dindori(Vani) APMC,1,200,18.72,18.1,0.62
onion,2141.0,Dindori(Vani) APMC,4,188,24.88,24.78,0.1
onion,2141.0,Dindori(Vani) APMC,13,160,32.93,34.53,-1.59
onion,2141.0,Dindori(Vani) APMC,26,165,36.77,38.9,-2.14
onion,2142.0,Pimpalgaon Baswant(Saykheda) APMC,1,240,21.58,20.86,0.72
onion,2142.0,Pimpalgaon Baswant(Saykheda) APMC,4,237,30.95,29.81,1.14
onion,2142.0,Pimpalgaon Baswant(Saykheda) APMC,13,228,45.92,44.69,1.23
onion,2142.0,Pimpalgaon Baswant(Saykheda) APMC,26,215,50.26,47.48,2.78
onion,2146.0,Junnar(Otur) APMC,1,239,17.46,17.9,-0.43
onion,2146.0,Junnar(Otur) APMC,4,236,23.76,25.02,-1.26
onion,2146.0,Junnar(Otur) APMC,13,227,33.49,36.06,-2.58
onion,2146.0,Junnar(Otur) APMC,26,214,35.97,38.42,-2.45
onion,2147.0,Khed(Chakan) APMC,1,240,18.34,18.22,0.12
onion,2147.0,Khed(Chakan) APMC,4,237,23.96,24.09,-0.13
onion,2147.0,Khed(Chakan) APMC,13,228,35.44,36.52,-1.08
onion,2147.0,Khed(Chakan) APMC,26,215,41.06,40.54,0.51
onion,2148.0,Pune(Pimpri) APMC,1,240,17.84,18.08,-0.24
onion,2148.0,Pune(Pimpri) APMC,4,237,25.43,25.8,-0.38
onion,2148.0,Pune(Pimpri) APMC,13,228,40.7,40.43,0.27
onion,2148.0,Pune(Pimpri) APMC,26,215,40.51,40.96,-0.45
onion,2149.0,Pune(Khadiki) APMC,1,240,14.61,14.86,-0.25
onion,2149.0,Pune(Khadiki) APMC,4,237,21.63,21.1,0.54
onion,2149.0,Pune(Khadiki) APMC,13,228,41.29,39.06,2.23
onion,2149.0,Pune(Khadiki) APMC,26,215,46.99,40.92,6.07
onion,2150.0,"Sangli(Phale, Bhajipala Market) APMC",1,240,17.15,16.91,0.24
onion,2150.0,"Sangli(Phale, Bhajipala Market) APMC",4,237,25.92,25.25,0.67
onion,2150.0,"Sangli(Phale, Bhajipala Market) APMC",13,228,38.54,37.71,0.83
onion,2150.0,"Sangli(Phale, Bhajipala Market) APMC",26,215,43.15,40.28,2.87
onion,2163.0,Chandrapur(Ganjwad) APMC,1,240,15.63,16.47,-0.83
onion,2163.0,Chandrapur(Ganjwad) APMC,4,237,21.65,23.04,-1.39
onion,2163.0,Chandrapur(Ganjwad) APMC,13,228,28.43,32.04,-3.62
onion,2163.0,Chandrapur(Ganjwad) APMC,26,215,27.34,32.38,-5.04
onion,2173.0,Kathua APMC,1,240,15.23,15.15,0.08
onion,2173.0,Kathua APMC,4,237,22.15,21.9,0.25
onion,2173.0,Kathua APMC,13,228,38.99,36.38,2.61
onion,2173.0,Kathua APMC,26,215,36.79,37.07,-0.28
onion,2176.0,Thrippunithura APMC,1,240,10.92,11.24,-0.32
onion,2176.0,Thrippunithura APMC,4,237,17.52,18.19,-0.67
onion,2176.0,Thrippunithura APMC,13,228,24.63,24.96,-0.34
onion,2176.0,Thrippunithura APMC,26,215,29.78,31.34,-1.56
onion,2177.0,Pattambi APMC,1,240,12.18,12.15,0.03
onion,2177.0,Pattambi APMC,4,237,17.42,17.58,-0.16
onion,2177.0,Pattambi APMC,13,228,23.37,23.51,-0.14
onion,2177.0,Pattambi APMC,26,215,25.02,27.74,-2.72
onion,2181.0,Khekda APMC,1,83,11.64,12.52,-0.88
onion,2181.0,Khekda APMC,4,80,18.48,19.42,-0.95
onion,2181.0,Khekda APMC,13,71,30.77,30.74,0.03
onion,2181.0,Khekda APMC,26,58,51.93,50.22,1.71
onion,2182.0,Jahangirabad APMC,1,83,12.21,13.34,-1.12
onion,2182.0,Jahangirabad APMC,4,80,18.73,19.57,-0.85
onion,2182.0,Jahangirabad APMC,13,71,29.55,29.38,0.17
onion,2182.0,Jahangirabad APMC,26,58,48.6,45.82,2.78
onion,2183.0,Siyana APMC,1,82,11.64,11.89,-0.25
onion,2183.0,Siyana APMC,4,79,20.19,19.8,0.38
onion,2183.0,Siyana APMC,13,70,30.68,29.29,1.39
onion,2183.0,Siyana APMC,26,57,51.53,48.11,3.42
onion,2184.0,Sikanderabad APMC,1,77,15.25,16.17,-0.92
onion,2184.0,Sikanderabad APMC,4,72,20.35,22.1,-1.75
onion,2184.0,Sikanderabad APMC,13,63,29.31,28.75,0.57
onion,2184.0,Sikanderabad APMC,26,50,41.6,38.6,3.0
onion,2185.0,Anoop Shahar APMC,1,83,12.7,13.69,-0.98
onion,2185.0,Anoop Shahar APMC,4,80,17.79,18.38,-0.6
onion,2185.0,Anoop Shahar APMC,13,71,23.88,23.65,0.24
onion,2185.0,Anoop Shahar APMC,26,58,33.36,31.86,1.5
onion,2186.0,Sikarpur APMC,1,83,14.28,14.69,-0.41
onion,2186.0,Sikarpur APMC,4,80,22.13,21.91,0.22
onion,2186.0,Sikarpur APMC,13,71,35.46,33.96,1.51
onion,2186.0,Sikarpur APMC,26,58,69.41,64.34,5.08
onion,2188.0,Chutmalpur APMC,1,72,10.07,10.4,-0.33
onion,2188.0,Chutmalpur APMC,4,66,13.3,13.51,-0.21
onion,2188.0,Chutmalpur APMC,13,54,18.65,18.78,-0.13
onion,2188.0,Chutmalpur APMC,26,41,34.5,33.52,0.98
onion,2190.0,Kairana APMC,1,83,11.45,11.55,-0.1
onion,2190.0,Kairana APMC,4,80,17.71,17.48,0.23
onion,2190.0,Kairana APMC,13,71,31.86,30.8,1.06
onion,2190.0,Kairana APMC,26,58,67.62,65.15,2.47
onion,2191.0,Thanabhavan APMC,1,82,17.06,18.05,-0.99
onion,2191.0,Thanabhavan APMC,4,79,26.21,26.85,-0.65
onion,2191.0,Thanabhavan APMC,13,70,36.6,35.31,1.29
onion,2191.0,Thanabhavan APMC,26,57,65.25,58.39,6.86
onion,2193.0,Fatehabad APMC,1,81,13.27,13.27,-0.0
onion,2193.0,Fatehabad APMC,4,78,18.53,18.0,0.53
onion,2193.0,Fatehabad APMC,13,69,31.64,30.43,1.2
onion,2193.0,Fatehabad APMC,26,56,60.61,57.53,3.08
onion,2194.0,Achnera APMC,1,65,13.28,14.32,-1.03
onion,2194.0,Achnera APMC,4,58,20.81,21.03,-0.22
onion,2194.0,Achnera APMC,13,47,34.45,32.94,1.51
onion,2194.0,Achnera APMC,26,41,46.14,42.67,3.47
onion,2195.0,Khairagarh APMC,1,83,18.1,19.27,-1.17
onion,2195.0,Khairagarh APMC,4,80,28.82,28.56,0.26
onion,2195.0,Khairagarh APMC,13,71,48.56,45.1,3.46
onion,2195.0,Khairagarh APMC,26,58,77.27,70.74,6.53
onion,2196.0,Jagnair APMC,1,83,10.78,10.64,0.14
onion,2196.0,Jagnair APMC,4,80,12.53,12.54,-0.02
onion,2196.0,Jagnair APMC,13,71,22.73,22.96,-0.23
onion,2196.0,Jagnair APMC,26,58,39.01,37.23,1.78
onion,2198.0,Samsabad APMC,1,83,13.6,13.59,0.01
onion,2198.0,Samsabad APMC,4,80,25.11,24.01,1.1
onion,2198.0,Samsabad APMC,13,71,48.2,45.79,2.41
onion,2198.0,Samsabad APMC,26,58,88.59,83.21,5.38
onion,2200.0,Shadabad APMC,1,81,15.06,16.38,-1.32
onion,2200.0,Shadabad APMC,4,78,26.45,26.73,-0.28
onion,2200.0,Shadabad APMC,13,69,46.13,42.86,3.27
onion,2200.0,Shadabad APMC,26,56,78.39,70.99,7.4
onion,2203.0,Awagarh APMC,1,82,13.89,14.03,-0.13
onion,2203.0,Awagarh APMC,4,79,19.3,19.31,-0.01
onion,2203.0,Awagarh APMC,13,70,27.88,26.24,1.64
onion,2203.0,Awagarh APMC,26,57,33.08,29.16,3.92
onion,2209.0,Dhanaura APMC,1,83,14.35,14.37,-0.02
onion,2209.0,Dhanaura APMC,4,80,23.3,22.76,0.54
onion,2209.0,Dhanaura APMC,13,71,29.9,27.62,2.28
onion,2209.0,Dhanaura APMC,26,58,45.25,38.48,6.77
onion,2212.0,Anwala APMC,1,82,14.65,14.79,-0.14
onion,2212.0,Anwala APMC,4,79,23.35,22.44,0.91
onion,2212.0,Anwala APMC,13,70,39.19,37.33,1.86
onion,2212.0,Anwala APMC,26,57,75.27,70.37,4.9
onion,2216.0,Shahaswan APMC,1,80,11.08,12.34,-1.26
onion,2216.0,Shahaswan APMC,4,77,18.63,19.72,-1.09
onion,2216.0,Shahaswan APMC,13,68,29.98,29.98,0.0
onion,2216.0,Shahaswan APMC,26,55,50.44,49.03,1.41
onion,2219.0,Uttaripura APMC,1,68,13.54,14.24,-0.7
onion,2219.0,Uttaripura APMC,4,62,21.24,21.59,-0.35
onion,2219.0,Uttaripura APMC,13,45,40.13,38.03,2.09
onion,2219.0,Uttaripura APMC,26,43,56.1,53.28,2.82
onion,2221.0,Kamlaganj APMC,1,83,16.63,17.29,-0.66
onion,2221.0,Kamlaganj APMC,4,80,24.21,24.15,0.06
onion,2221.0,Kamlaganj APMC,13,71,34.49,32.44,2.06
onion,2221.0,Kamlaganj APMC,26,58,54.8,49.88,4.92
onion,2223.0,Achalda APMC,1,70,13.58,14.2,-0.62
onion,2223.0,Achalda APMC,4,67,22.44,22.04,0.41
onion,2223.0,Achalda APMC,13,58,33.25,31.57,1.68
onion,2223.0,Achalda APMC,26,45,53.83,49.59,4.24
onion,2225.0,Lalganj APMC,1,81,12.32,13.6,-1.27
onion,2225.0,Lalganj APMC,4,78,23.75,24.64,-0.88
onion,2225.0,Lalganj APMC,13,69,40.96,40.29,0.67
onion,2225.0,Lalganj APMC,26,56,80.16,76.2,3.96
onion,2226.0,Bachranwa APMC,1,63,8.95,10.32,-1.37
onion,2226.0,Bachranwa APMC,4,57,17.17,18.07,-0.9
onion,2226.0,Bachranwa APMC,13,47,33.01,32.35,0.67
onion,2226.0,Bachranwa APMC,26,40,46.11,45.12,0.99
onion,2227.0,Salon APMC,1,81,10.97,12.36,-1.39
onion,2227.0,Salon APMC,4,78,17.45,18.46,-1.0
onion,2227.0,Salon APMC,13,69,27.27,26.92,0.35
onion,2227.0,Salon APMC,26,56,48.64,47.6,1.03
onion,2228.0,Viswan APMC,1,81,15.31,16.68,-1.37
onion,2228.0,Viswan APMC,4,78,19.0,20.35,-1.36
onion,2228.0,Viswan APMC,13,69,29.69,30.33,-0.63
onion,2228.0,Viswan APMC,26,56,50.82,47.75,3.07
onion,2229.0,Hargaon (Laharpur) APMC,1,81,14.68,16.13,-1.45
onion,2229.0,Hargaon (Laharpur) APMC,4,78,24.34,24.55,-0.21
onion,2229.0,Hargaon (Laharpur) APMC,13,69,43.09,40.67,2.42
onion,2229.0,Hargaon (Laharpur) APMC,26,56,73.04,67.95,5.1
onion,2231.0,Maigalganj APMC,1,73,19.24,20.19,-0.95
onion,2231.0,Maigalganj APMC,4,67,23.86,25.43,-1.57
onion,2231.0,Maigalganj APMC,13,55,31.46,30.93,0.53
onion,2231.0,Maigalganj APMC,26,42,35.79,28.14,7.64
onion,2239.0,Rudauli APMC,1,69,11.22,13.55,-2.32
onion,2239.0,Rudauli APMC,4,63,18.64,21.1,-2.46
onion,2239.0,Rudauli APMC,13,47,28.57,28.71,-0.14
onion,2239.0,Rudauli APMC,26,35,65.52,63.28,2.24
onion,2240.0,Nawabganj APMC,1,83,16.86,17.24,-0.38
onion,2240.0,Nawabganj APMC,4,80,21.42,21.86,-0.44
onion,2240.0,Nawabganj APMC,13,71,30.53,29.47,1.06
onion,2240.0,Nawabganj APMC,26,58,45.17,40.74,4.43
onion,2243.0,Ahirora APMC,1,83,17.68,19.79,-2.11
onion,2243.0,Ahirora APMC,4,80,27.93,29.73,-1.8
onion,2243.0,Ahirora APMC,13,71,50.56,48.31,2.25
onion,2243.0,Ahirora APMC,26,58,88.62,81.19,7.43
onion,2244.0,Doharighat APMC,1,83,21.38,20.98,0.4
onion,2244.0,Doharighat APMC,4,80,24.62,24.62,-0.0
onion,2244.0,Doharighat APMC,13,71,25.75,24.45,1.3
onion,2244.0,Doharighat APMC,26,58,30.38,22.54,7.84
onion,2245.0,Rasda APMC,1,81,11.72,13.21,-1.5
onion,2245.0,Rasda APMC,4,78,17.73,19.01,-1.28
onion,2245.0,Rasda APMC,13,69,29.69,29.31,0.38
onion,2245.0,Rasda APMC,26,56,37.76,34.43,3.33
onion,2249.0,Khalilabad APMC,1,78,12.82,13.54,-0.72
onion,2249.0,Khalilabad APMC,4,75,16.77,17.0,-0.23
onion,2249.0,Khalilabad APMC,13,66,26.26,26.17,0.09
onion,2249.0,Khalilabad APMC,26,53,48.6,44.8,3.8
onion,2250.0,Gadaura APMC,1,68,9.44,10.34,-0.9
onion,2250.0,Gadaura APMC,4,62,16.52,17.07,-0.55
onion,2250.0,Gadaura APMC,13,46,27.54,27.78,-0.24
onion,2250.0,Gadaura APMC,26,35,59.0,59.36,-0.36
onion,2252.0,Payagpur APMC,1,83,16.15,16.68,-0.53
onion,2252.0,Payagpur APMC,4,80,22.41,22.05,0.36
onion,2252.0,Payagpur APMC,13,71,28.58,26.42,2.16
onion,2252.0,Payagpur APMC,26,58,40.37,35.43,4.95
onion,2266.0,Kalyani APMC,1,83,14.72,16.4,-1.68
onion,2266.0,Kalyani APMC,4,80,23.76,25.25,-1.49
onion,2266.0,Kalyani APMC,13,71,27.7,28.61,-0.91
onion,2266.0,Kalyani APMC,26,58,21.52,20.82,0.7
onion,2268.0,Baruipur(Canning) APMC,1,83,12.06,13.32,-1.25
onion,2268.0,Baruipur(Canning) APMC,4,80,19.88,21.44,-1.56
onion,2268.0,Baruipur(Canning) APMC,13,71,24.23,25.36,-1.12
onion,2268.0,Baruipur(Canning) APMC,26,58,16.38,17.67,-1.29
onion,2269.0,Uluberia APMC,1,83,13.1,14.65,-1.55
onion,2269.0,Uluberia APMC,4,80,19.87,21.91,-2.04
onion,2269.0,Uluberia APMC,13,71,23.19,24.67,-1.48
onion,2269.0,Uluberia APMC,26,58,15.77,18.23,-2.46
onion,2270.0,Sheoraphuly APMC,1,83,14.78,15.84,-1.06
onion,2270.0,Sheoraphuly APMC,4,80,21.64,22.98,-1.35
onion,2270.0,Sheoraphuly APMC,13,71,24.88,24.38,0.5
onion,2270.0,Sheoraphuly APMC,26,58,32.38,29.66,2.72
onion,2318.0,Rajgarh APMC,1,221,44.31,34.63,9.68
onion,2318.0,Rajgarh APMC,4,215,65.06,46.45,18.61
onion,2318.0,Rajgarh APMC,13,197,101.9,71.28,30.62
onion,2318.0,Rajgarh APMC,26,182,113.95,73.0,40.95
onion,2325.0,Shamgarh APMC,1,137,40.47,24.23,16.24
onion,2325.0,Shamgarh APMC,4,134,59.29,33.73,25.56
onion,2325.0,Shamgarh APMC,13,125,121.67,55.25,66.42
onion,2325.0,Shamgarh APMC,26,112,170.53,67.08,103.45
onion,2422.0,Thirupathur APMC,1,83,10.12,10.73,-0.6
onion,2422.0,Thirupathur APMC,4,80,12.49,13.31,-0.82
onion,2422.0,Thirupathur APMC,13,71,16.79,17.04,-0.25
onion,2422.0,Thirupathur APMC,26,58,9.48,9.82,-0.35
onion,2441.0,Ambala City(Subji Mandi) APMC,1,209,21.43,22.38,-0.96
onion,2441.0,Ambala City(Subji Mandi) APMC,4,203,27.12,27.64,-0.52
onion,2441.0,Ambala City(Subji Mandi) APMC,13,185,45.12,41.11,4.01
onion,2441.0,Ambala City(Subji Mandi) APMC,26,159,42.07,37.01,5.05
onion,2444.0,FerozpurZirkha(Nagina) APMC,1,240,18.08,18.08,-0.0
onion,2444.0,FerozpurZirkha(Nagina) APMC,4,237,24.28,24.27,0.02
onion,2444.0,FerozpurZirkha(Nagina) APMC,13,228,34.16,33.59,0.56
onion,2444.0,FerozpurZirkha(Nagina) APMC,26,215,29.61,32.04,-2.43
onion,2451.0,Panchkul(Kalka) APMC,1,139,16.65,16.74,-0.09
onion,2451.0,Panchkul(Kalka) APMC,4,130,23.35,23.64,-0.3
onion,2451.0,Panchkul(Kalka) APMC,13,103,29.16,29.83,-0.67
onion,2451.0,Panchkul(Kalka) APMC,26,75,25.39,26.39,-1.0
onion,2481.0,Kota (F&V) APMC,1,71,25.97,24.16,1.81
onion,2481.0,Kota (F&V) APMC,4,65,45.24,38.11,7.12
onion,2481.0,Kota (F&V) APMC,13,51,132.3,99.08,33.22
onion,2481.0,Kota (F&V) APMC,26,38,199.1,154.5,44.6
onion,2487.0,Jalandhar City(Jalandhar) APMC,1,83,20.03,16.5,3.53
onion,2487.0,Jalandhar City(Jalandhar) APMC,4,80,35.53,27.92,7.61
onion,2487.0,Jalandhar City(Jalandhar) APMC,13,71,58.01,41.9,16.1
onion,2487.0,Jalandhar City(Jalandhar) APMC,26,58,107.19,86.01,21.18
onion,2490.0,Nawan Shahar(Subzi Mandi) APMC,1,83,14.11,15.23,-1.13
onion,2490.0,Nawan Shahar(Subzi Mandi) APMC,4,80,23.79,24.78,-0.98
onion,2490.0,Nawan Shahar(Subzi Mandi) APMC,13,71,25.57,24.89,0.68
onion,2490.0,Nawan Shahar(Subzi Mandi) APMC,26,58,30.68,28.06,2.62
onion,2505.0,Rampuraphul(Nabha Mandi) APMC,1,83,14.4,15.94,-1.54
onion,2505.0,Rampuraphul(Nabha Mandi) APMC,4,80,20.1,21.76,-1.66
onion,2505.0,Rampuraphul(Nabha Mandi) APMC,13,71,26.83,26.8,0.03
onion,2505.0,Rampuraphul(Nabha Mandi) APMC,26,58,32.03,30.76,1.27
onion,2521.0,SMY Nadaun,1,240,12.81,12.97,-0.16
onion,2521.0,SMY Nadaun,4,237,18.77,19.28,-0.51
onion,2521.0,SMY Nadaun,13,228,28.47,29.25,-0.78
onion,2521.0,SMY Nadaun,26,215,27.74,30.79,-3.05
onion,2524.0,SMY Takoli,1,240,13.53,13.66,-0.13
onion,2524.0,SMY Takoli,4,237,19.0,19.14,-0.14
onion,2524.0,SMY Takoli,13,228,30.81,30.17,0.64
onion,2524.0,SMY Takoli,26,215,28.96,31.0,-2.04
onion,2526.0,SMY Baijnath,1,240,12.99,12.92,0.07
onion,2526.0,SMY Baijnath,4,237,19.6,20.46,-0.86
onion,2526.0,SMY Baijnath,13,228,29.92,30.88,-0.96
onion,2526.0,SMY Baijnath,26,215,27.28,31.09,-3.81
onion,2527.0,SMY Nagrota Bagwan,1,218,11.77,11.63,0.14
onion,2527.0,SMY Nagrota Bagwan,4,212,17.39,17.95,-0.56
onion,2527.0,SMY Nagrota Bagwan,13,194,27.0,28.09,-1.09
onion,2527.0,SMY Nagrota Bagwan,26,175,24.36,26.62,-2.26
onion,2528.0,SMY Jassur,1,214,16.81,16.38,0.43
onion,2528.0,SMY Jassur,4,205,24.62,24.28,0.34
onion,2528.0,SMY Jassur,13,185,33.36,32.81,0.55
onion,2528.0,SMY Jassur,26,181,31.77,33.52,-1.74
onion,2529.0,SMY Jaisinghpur,1,240,12.78,12.76,0.03
onion,2529.0,SMY Jaisinghpur,4,237,18.53,19.44,-0.9
onion,2529.0,SMY Jaisinghpur,13,228,27.11,29.0,-1.89
onion,2529.0,SMY Jaisinghpur,26,215,26.38,30.43,-4.04
onion,2536.0,Belacoba APMC,1,82,13.04,14.38,-1.34
onion,2536.0,Belacoba APMC,4,79,20.45,22.1,-1.65
onion,2536.0,Belacoba APMC,13,70,25.0,25.69,-0.7
onion,2536.0,Belacoba APMC,26,57,14.96,16.71,-1.75
onion,2537.0,Siliguri APMC,1,83,12.4,14.06,-1.67
onion,2537.0,Siliguri APMC,4,80,22.43,24.03,-1.6
onion,2537.0,Siliguri APMC,13,71,29.0,28.89,0.11
onion,2537.0,Siliguri APMC,26,58,15.87,16.15,-0.29
onion,2543.0,Ahmedabad(Chimanbhai Patal Market Vasana) APMC,1,240,15.99,16.62,-0.63
onion,2543.0,Ahmedabad(Chimanbhai Patal Market Vasana) APMC,4,237,22.85,24.83,-1.98
onion,2543.0,Ahmedabad(Chimanbhai Patal Market Vasana) APMC,13,228,32.88,36.12,-3.24
onion,2543.0,Ahmedabad(Chimanbhai Patal Market Vasana) APMC,26,215,34.27,38.61,-4.34
onion,2545.0,Rajkot(Veg.Sub Yard) APMC,1,240,26.5,22.97,3.53
onion,2545.0,Rajkot(Veg.Sub Yard) APMC,4,237,42.36,35.62,6.75
onion,2545.0,Rajkot(Veg.Sub Yard) APMC,13,228,60.45,50.22,10.23
onion,2545.0,Rajkot(Veg.Sub Yard) APMC,26,215,59.19,50.44,8.75
onion,2549.0,Dahod(Veg. Market) APMC,1,240,18.91,18.81,0.1
onion,2549.0,Dahod(Veg. Market) APMC,4,237,27.45,27.95,-0.49
onion,2549.0,Dahod(Veg. Market) APMC,13,228,39.6,40.87,-1.27
onion,2549.0,Dahod(Veg. Market) APMC,26,215,37.83,40.71,-2.87
onion,2551.0,Vadodara(Sayajipura) APMC,1,240,17.86,18.37,-0.51
onion,2551.0,Vadodara(Sayajipura) APMC,4,237,24.57,26.21,-1.65
onion,2551.0,Vadodara(Sayajipura) APMC,13,228,34.29,36.96,-2.68
onion,2551.0,Vadodara(Sayajipura) APMC,26,215,34.69,37.23,-2.54
onion,2571.0,"Anand(Veg,Yard,Anand) APMC",1,240,15.6,16.12,-0.51
onion,2571.0,"Anand(Veg,Yard,Anand) APMC",4,237,21.47,21.76,-0.28
onion,2571.0,"Anand(Veg,Yard,Anand) APMC",13,228,30.54,30.68,-0.13
onion,2571.0,"Anand(Veg,Yard,Anand) APMC",26,215,34.03,35.29,-1.26
onion,2668.0,Kottarakkara APMC,1,240,11.71,11.83,-0.12
onion,2668.0,Kottarakkara APMC,4,237,15.15,15.59,-0.45
onion,2668.0,Kottarakkara APMC,13,228,20.03,20.2,-0.17
onion,2668.0,Kottarakkara APMC,26,215,24.72,25.99,-1.27
onion,2673.0,Mannar APMC,1,238,15.03,15.01,0.02
onion,2673.0,Mannar APMC,4,235,19.16,19.74,-0.58
onion,2673.0,Mannar APMC,13,226,22.6,23.62,-1.02
onion,2673.0,Mannar APMC,26,213,25.48,28.32,-2.84
onion,2674.0,Athirampuzha APMC,1,240,13.05,12.9,0.15
onion,2674.0,Athirampuzha APMC,4,237,17.89,18.15,-0.26
onion,2674.0,Athirampuzha APMC,13,228,23.58,24.23,-0.65
onion,2674.0,Athirampuzha APMC,26,215,26.11,28.97,-2.86
onion,2675.0,Thalayolaparambu APMC,1,240,12.34,12.2,0.15
onion,2675.0,Thalayolaparambu APMC,4,237,18.05,18.06,-0.01
onion,2675.0,Thalayolaparambu APMC,13,228,24.8,24.75,0.06
onion,2675.0,Thalayolaparambu APMC,26,215,25.37,27.75,-2.38
onion,2677.0,Vandiperiyar APMC,1,231,17.64,14.07,3.57
onion,2677.0,Vandiperiyar APMC,4,228,26.0,21.97,4.03
onion,2677.0,Vandiperiyar APMC,13,219,42.77,31.22,11.56
onion,2677.0,Vandiperiyar APMC,26,206,43.07,38.89,4.19
onion,2679.0,Kattappana APMC,1,240,15.79,16.72,-0.93
onion,2679.0,Kattappana APMC,4,237,19.01,20.25,-1.24
onion,2679.0,Kattappana APMC,13,228,20.61,21.91,-1.3
onion,2679.0,Kattappana APMC,26,215,23.21,26.01,-2.8
onion,2680.0,Perumbavoor APMC,1,240,12.8,12.77,0.03
onion,2680.0,Perumbavoor APMC,4,237,15.78,16.18,-0.4
onion,2680.0,Perumbavoor APMC,13,228,20.79,21.74,-0.95
onion,2680.0,Perumbavoor APMC,26,215,24.26,27.38,-3.12
onion,2681.0,Kothamangalam APMC,1,240,11.59,12.2,-0.61
onion,2681.0,Kothamangalam APMC,4,237,15.66,15.99,-0.32
onion,2681.0,Kothamangalam APMC,13,228,21.3,21.04,0.26
onion,2681.0,Kothamangalam APMC,26,215,23.82,24.7,-0.88
onion,2683.0,Vadakkenchery APMC,1,239,11.92,12.28,-0.37
onion,2683.0,Vadakkenchery APMC,4,236,18.71,19.67,-0.96
onion,2683.0,Vadakkenchery APMC,13,227,23.69,25.25,-1.56
onion,2683.0,Vadakkenchery APMC,26,214,29.56,32.44,-2.87
onion,2684.0,Perinthalmanna APMC,1,239,12.6,12.81,-0.21
onion,2684.0,Perinthalmanna APMC,4,236,17.4,16.55,0.86
onion,2684.0,Perinthalmanna APMC,13,227,29.93,27.19,2.74
onion,2684.0,Perinthalmanna APMC,26,214,36.95,35.42,1.54
onion,2685.0,Parappanangadi APMC,1,203,11.56,11.87,-0.31
onion,2685.0,Parappanangadi APMC,4,197,16.29,16.59,-0.3
onion,2685.0,Parappanangadi APMC,13,179,25.44,24.63,0.81
onion,2685.0,Parappanangadi APMC,26,153,24.61,24.68,-0.07
onion,2686.0,Thirurrangadi APMC,1,240,10.29,10.87,-0.58
onion,2686.0,Thirurrangadi APMC,4,237,14.98,15.79,-0.82
onion,2686.0,Thirurrangadi APMC,13,228,24.9,25.25,-0.36
onion,2686.0,Thirurrangadi APMC,26,215,27.33,29.6,-2.27
onion,2687.0,Kondotty APMC,1,226,12.63,13.41,-0.78
onion,2687.0,Kondotty APMC,4,220,17.85,18.63,-0.78
onion,2687.0,Kondotty APMC,13,205,21.44,22.09,-0.65
onion,2687.0,Kondotty APMC,26,203,27.67,30.24,-2.57
onion,2689.0,Perambra APMC,1,240,13.05,12.84,0.21
onion,2689.0,Perambra APMC,4,237,19.98,20.79,-0.8
onion,2689.0,Perambra APMC,13,228,26.75,27.69,-0.94
onion,2689.0,Perambra APMC,26,215,29.21,31.62,-2.41
onion,2690.0,Mukkom APMC,1,240,13.0,12.78,0.22
onion,2690.0,Mukkom APMC,4,237,18.5,19.65,-1.15
onion,2690.0,Mukkom APMC,13,228,26.27,27.36,-1.09
onion,2690.0,Mukkom APMC,26,215,29.76,33.34,-3.58
onion,2691.0,Quilandy APMC,1,240,11.58,11.77,-0.19
onion,2691.0,Quilandy APMC,4,237,17.04,17.8,-0.76
onion,2691.0,Quilandy APMC,13,228,24.02,24.92,-0.9
onion,2691.0,Quilandy APMC,26,215,27.07,30.0,-2.93
onion,2692.0,Thamarassery APMC,1,240,14.19,13.59,0.59
onion,2692.0,Thamarassery APMC,4,237,20.65,21.23,-0.59
onion,2692.0,Thamarassery APMC,13,228,32.64,32.41,0.24
onion,2692.0,Thamarassery APMC,26,215,32.4,34.22,-1.83
onion,2693.0,Chala APMC,1,239,13.76,13.92,-0.17
onion,2693.0,Chala APMC,4,236,19.95,21.08,-1.13
onion,2693.0,Chala APMC,13,227,26.05,27.27,-1.22
onion,2693.0,Chala APMC,26,214,28.85,32.34,-3.49
onion,2696.0,Phillaur(Apra Mandi) APMC,1,78,17.02,17.47,-0.45
onion,2696.0,Phillaur(Apra Mandi) APMC,4,74,26.66,27.14,-0.48
onion,2696.0,Phillaur(Apra Mandi) APMC,13,65,28.96,28.05,0.92
onion,2696.0,Phillaur(Apra Mandi) APMC,26,52,26.54,22.96,3.58
onion,2701.0,Garh Shankar(Mahalpur) APMC,1,82,15.74,16.61,-0.87
onion,2701.0,Garh Shankar(Mahalpur) APMC,4,79,25.93,26.12,-0.19
onion,2701.0,Garh Shankar(Mahalpur) APMC,13,70,32.45,29.95,2.5
onion,2701.0,Garh Shankar(Mahalpur) APMC,26,57,41.98,38.17,3.81
onion,2703.0,Mumbai-Onion & Potato Market APMC,1,240,16.1,16.87,-0.77
onion,2703.0,Mumbai-Onion & Potato Market APMC,4,237,22.8,24.04,-1.25
onion,2703.0,Mumbai-Onion & Potato Market APMC,13,228,31.76,34.33,-2.57
onion,2703.0,Mumbai-Onion & Potato Market APMC,26,215,36.93,38.02,-1.09
onion,2704.0,Amrawati(Frui & Veg. Market) APMC,1,240,21.67,20.12,1.55
onion,2704.0,Amrawati(Frui & Veg. Market) APMC,4,237,31.78,28.03,3.74
onion,2704.0,Amrawati(Frui & Veg. Market) APMC,13,228,43.4,37.3,6.1
onion,2704.0,Amrawati(Frui & Veg. Market) APMC,26,215,40.63,38.85,1.78
onion,2708.0,Newasa(Ghodegaon) APMC,1,240,19.67,18.77,0.9
onion,2708.0,Newasa(Ghodegaon) APMC,4,237,28.47,27.59,0.87
onion,2708.0,Newasa(Ghodegaon) APMC,13,228,43.06,42.27,0.79
onion,2708.0,Newasa(Ghodegaon) APMC,26,215,50.31,46.35,3.97
onion,2713.0,Bonai APMC,1,177,15.76,15.81,-0.05
onion,2713.0,Bonai APMC,4,171,16.36,17.09,-0.73
onion,2713.0,Bonai APMC,13,165,19.03,19.71,-0.68
onion,2713.0,Bonai APMC,26,155,22.79,24.15,-1.36
onion,2714.0,Bargarh(Barapalli) APMC,1,223,15.08,15.61,-0.53
onion,2714.0,Bargarh(Barapalli) APMC,4,220,21.44,21.61,-0.17
onion,2714.0,Bargarh(Barapalli) APMC,13,211,27.49,26.93,0.56
onion,2714.0,Bargarh(Barapalli) APMC,26,198,24.91,27.14,-2.23
onion,2721.0,Keonjhar(Dhekikote) APMC,1,225,13.28,13.04,0.24
onion,2721.0,Keonjhar(Dhekikote) APMC,4,222,16.37,16.4,-0.03
onion,2721.0,Keonjhar(Dhekikote) APMC,13,213,21.78,20.99,0.78
onion,2721.0,Keonjhar(Dhekikote) APMC,26,200,25.09,25.25,-0.15
onion,2738.0,Udaipur (F&V) APMC,1,83,13.36,13.09,0.27
onion,2738.0,Udaipur (F&V) APMC,4,80,24.99,24.37,0.62
onion,2738.0,Udaipur (F&V) APMC,13,71,68.0,63.92,4.08
onion,2738.0,Udaipur (F&V) APMC,26,58,105.6,96.54,9.06
onion,2739.0,Chomu FV APMC,1,82,13.94,14.44,-0.5
onion,2739.0,Chomu FV APMC,4,79,24.64,24.88,-0.24
onion,2739.0,Chomu FV APMC,13,70,58.46,56.21,2.25
onion,2739.0,Chomu FV APMC,26,57,87.74,79.13,8.61
onion,2744.0,Bassi APMC,1,83,13.9,15.3,-1.39
onion,2744.0,Bassi APMC,4,80,22.5,22.65,-0.15
onion,2744.0,Bassi APMC,13,71,46.67,43.45,3.22
onion,2744.0,Bassi APMC,26,58,52.93,49.44,3.49
onion,2773.0,Mehsana(Mehsana Veg) APMC,1,240,16.03,16.27,-0.24
onion,2773.0,Mehsana(Mehsana Veg) APMC,4,237,22.74,24.2,-1.45
onion,2773.0,Mehsana(Mehsana Veg) APMC,13,228,35.74,37.72,-1.98
onion,2773.0,Mehsana(Mehsana Veg) APMC,26,215,36.59,38.72,-2.13
onion,2774.0,Deesa(Deesa Veg Yard) APMC,1,240,20.35,20.24,0.11
onion,2774.0,Deesa(Deesa Veg Yard) APMC,4,237,27.55,29.37,-1.82
onion,2774.0,Deesa(Deesa Veg Yard) APMC,13,228,38.79,41.49,-2.7
onion,2774.0,Deesa(Deesa Veg Yard) APMC,26,215,37.94,42.44,-4.49
onion,2800.0,Khandhla APMC,1,72,17.37,18.77,-1.41
onion,2800.0,Khandhla APMC,4,66,28.57,28.32,0.25
onion,2800.0,Khandhla APMC,13,54,41.66,39.8,1.85
onion,2800.0,Khandhla APMC,26,41,52.25,44.9,7.35
onion,2803.0,Noida APMC,1,70,13.18,14.97,-1.79
onion,2803.0,Noida APMC,4,64,20.39,22.49,-2.1
onion,2803.0,Noida APMC,13,49,31.31,32.03,-0.72
onion,2803.0,Noida APMC,26,37,43.58,42.01,1.57
onion,2894.0,Bara Bazar (Posta Bazar) APMC,1,83,13.8,15.47,-1.68
onion,2894.0,Bara Bazar (Posta Bazar) APMC,4,80,23.6,25.5,-1.9
onion,2894.0,Bara Bazar (Posta Bazar) APMC,13,71,25.59,26.46,-0.87
onion,2894.0,Bara Bazar (Posta Bazar) APMC,26,58,23.08,22.86,0.21
onion,2897.0,Habra APMC,1,83,15.73,15.95,-0.23
onion,2897.0,Habra APMC,4,80,26.35,25.0,1.35
onion,2897.0,Habra APMC,13,71,31.37,29.25,2.12
onion,2897.0,Habra APMC,26,58,31.12,25.0,6.12
onion,2899.0,Durgapur APMC,1,83,13.3,14.58,-1.29
onion,2899.0,Durgapur APMC,4,80,21.43,22.45,-1.02
onion,2899.0,Durgapur APMC,13,71,25.71,25.29,0.43
onion,2899.0,Durgapur APMC,26,58,22.95,21.51,1.43
onion,2902.0,Gajol APMC,1,83,11.53,13.47,-1.94
onion,2902.0,Gajol APMC,4,80,16.58,18.95,-2.36
onion,2902.0,Gajol APMC,13,71,23.96,25.03,-1.07
onion,2902.0,Gajol APMC,26,58,23.3,23.56,-0.26
onion,2905.0,Balarampur APMC,1,83,11.88,12.82,-0.95
onion,2905.0,Balarampur APMC,4,80,17.88,18.97,-1.09
onion,2905.0,Balarampur APMC,13,71,24.64,25.2,-0.56
onion,2905.0,Balarampur APMC,26,58,20.77,19.27,1.5
onion,2910.0,"New Grain Market , Faridabad APMC",1,238,15.99,15.41,0.58
onion,2910.0,"New Grain Market , Faridabad APMC",4,235,23.55,23.57,-0.01
onion,2910.0,"New Grain Market , Faridabad APMC",13,226,36.76,36.29,0.47
onion,2910.0,"New Grain Market , Faridabad APMC",26,213,32.84,33.9,-1.05
onion,2940.0,Tiruchengode APMC,1,83,8.85,9.77,-0.92
onion,2940.0,Tiruchengode APMC,4,80,11.37,12.49,-1.12
onion,2940.0,Tiruchengode APMC,13,71,14.18,14.52,-0.35
onion,2940.0,Tiruchengode APMC,26,58,11.42,12.05,-0.64
onion,2970.0,Thuraiyur APMC,1,83,9.31,9.94,-0.64
onion,2970.0,Thuraiyur APMC,4,80,11.81,12.6,-0.8
onion,2970.0,Thuraiyur APMC,13,71,15.98,15.86,0.12
onion,2970.0,Thuraiyur APMC,26,58,11.78,11.86,-0.08
onion,3039.0,SMY Santoshgarh,1,240,12.84,12.78,0.05
onion,3039.0,SMY Santoshgarh,4,237,19.9,19.7,0.19
onion,3039.0,SMY Santoshgarh,13,228,36.08,34.74,1.35
onion,3039.0,SMY Santoshgarh,26,215,33.3,34.0,-0.71
onion,3045.0,Harda(F&V) APMC,1,139,24.23,24.27,-0.04
onion,3045.0,Harda(F&V) APMC,4,130,40.71,39.3,1.4
onion,3045.0,Harda(F&V) APMC,13,106,66.45,58.68,7.76
onion,3045.0,Harda(F&V) APMC,26,92,41.98,48.9,-6.92
onion,3046.0,Indore APMC,1,137,21.52,19.35,2.16
onion,3046.0,Indore APMC,4,134,33.02,29.4,3.62
onion,3046.0,Indore APMC,13,125,50.65,45.52,5.14
onion,3046.0,Indore APMC,26,112,64.44,53.18,11.26
onion,3048.0,Badnawar(F&V) APMC,1,164,28.17,27.38,0.79
onion,3048.0,Badnawar(F&V) APMC,4,155,43.84,41.39,2.45
onion,3048.0,Badnawar(F&V) APMC,13,134,81.55,68.4,13.15
onion,3048.0,Badnawar(F&V) APMC,26,108,97.43,77.07,20.36
onion,3050.0,Khandwa(F&V) APMC,1,109,25.39,25.02,0.37
onion,3050.0,Khandwa(F&V) APMC,4,103,46.66,44.61,2.05
onion,3050.0,Khandwa(F&V) APMC,13,92,46.92,44.29,2.63
onion,3050.0,Khandwa(F&V) APMC,26,79,31.72,32.2,-0.48
onion,3054.0,Dewas(F&V) APMC,1,161,26.23,21.51,4.72
onion,3054.0,Dewas(F&V) APMC,4,152,45.0,36.54,8.46
onion,3054.0,Dewas(F&V) APMC,13,130,83.16,67.03,16.13
onion,3054.0,Dewas(F&V) APMC,26,104,70.14,62.83,7.3
onion,3059.0,Lashkar(F&V) APMC,1,163,21.11,21.1,0.01
onion,3059.0,Lashkar(F&V) APMC,4,154,32.21,31.48,0.73
onion,3059.0,Lashkar(F&V) APMC,13,132,52.12,48.11,4.01
onion,3059.0,Lashkar(F&V) APMC,26,106,48.07,47.31,0.76
onion,3067.0,Sagar(F&V) APMC,1,162,20.8,21.63,-0.83
onion,3067.0,Sagar(F&V) APMC,4,153,31.47,32.32,-0.85
onion,3067.0,Sagar(F&V) APMC,13,131,50.65,48.07,2.57
onion,3067.0,Sagar(F&V) APMC,26,105,49.25,51.17,-1.93
onion,3071.0,Jabalpur(F&V) APMC,1,163,14.0,13.87,0.13
onion,3071.0,Jabalpur(F&V) APMC,4,154,19.73,19.52,0.21
onion,3071.0,Jabalpur(F&V) APMC,13,132,30.88,30.02,0.86
onion,3071.0,Jabalpur(F&V) APMC,26,106,22.07,23.97,-1.9
onion,3075.0,Chhindwara(F&V) APMC,1,102,21.59,19.45,2.14
onion,3075.0,Chhindwara(F&V) APMC,4,99,30.67,27.0,3.67
onion,3075.0,Chhindwara(F&V) APMC,13,90,51.23,47.14,4.09
onion,3075.0,Chhindwara(F&V) APMC,26,77,32.0,36.07,-4.07
onion,3080.0,Tusura APMC,1,172,15.65,15.81,-0.16
onion,3080.0,Tusura APMC,4,166,19.19,20.55,-1.36
onion,3080.0,Tusura APMC,13,148,24.69,24.7,-0.0
onion,3080.0,Tusura APMC,26,122,22.43,25.56,-3.13
onion,3086.0,Godbhaga APMC,1,181,14.23,14.1,0.13
onion,3086.0,Godbhaga APMC,4,172,19.1,19.25,-0.15
onion,3086.0,Godbhaga APMC,13,159,31.49,31.24,0.24
onion,3086.0,Godbhaga APMC,26,153,30.63,34.27,-3.63
onion,3092.0,Saharpada APMC,1,229,14.62,14.27,0.35
onion,3092.0,Saharpada APMC,4,226,17.43,17.34,0.09
onion,3092.0,Saharpada APMC,13,219,21.87,20.95,0.92
onion,3092.0,Saharpada APMC,26,206,26.44,26.42,0.01
onion,3098.0,Kalyanpur APMC,1,82,10.5,11.27,-0.77
onion,3098.0,Kalyanpur APMC,4,79,15.22,16.28,-1.06
onion,3098.0,Kalyanpur APMC,13,70,18.96,19.23,-0.27
onion,3098.0,Kalyanpur APMC,26,57,19.87,19.29,0.58
onion,3099.0,Jampuijala APMC,1,75,9.17,9.76,-0.6
onion,3099.0,Jampuijala APMC,4,72,13.15,13.91,-0.76
onion,3099.0,Jampuijala APMC,13,63,17.48,18.49,-1.01
onion,3099.0,Jampuijala APMC,26,50,19.0,20.62,-1.63
onion,3102.0,Gondatwisa APMC,1,77,5.9,5.93,-0.04
onion,3102.0,Gondatwisa APMC,4,74,8.76,8.93,-0.16
onion,3102.0,Gondatwisa APMC,13,65,12.57,13.25,-0.68
onion,3102.0,Gondatwisa APMC,26,52,16.55,17.65,-1.1
onion,3103.0,Kalsi APMC,1,13,10.64,11.9,-1.26
onion,3103.0,Kalsi APMC,4,10,20.18,21.83,-1.65
onion,3104.0,Silachhari APMC,1,83,10.83,11.38,-0.55
onion,3104.0,Silachhari APMC,4,80,14.35,15.2,-0.85
onion,3104.0,Silachhari APMC,13,71,19.31,19.29,0.02
onion,3104.0,Silachhari APMC,26,58,11.62,11.44,0.18
onion,3105.0,Barpathari APMC,1,83,11.84,12.33,-0.49
onion,3105.0,Barpathari APMC,4,80,17.82,18.47,-0.65
onion,3105.0,Barpathari APMC,13,71,22.67,22.79,-0.12
onion,3105.0,Barpathari APMC,26,58,21.17,20.5,0.66
onion,3117.0,Asansol APMC,1,83,13.08,14.33,-1.25
onion,3117.0,Asansol APMC,4,80,21.47,22.44,-0.96
onion,3117.0,Asansol APMC,13,71,25.58,25.07,0.51
onion,3117.0,Asansol APMC,26,58,23.35,21.8,1.55
onion,3128.0,Junnar(Alephata) APMC,1,240,18.81,17.93,0.88
onion,3128.0,Junnar(Alephata) APMC,4,237,25.9,25.28,0.62
onion,3128.0,Junnar(Alephata) APMC,13,228,31.04,33.7,-2.66
onion,3128.0,Junnar(Alephata) APMC,26,215,36.46,39.56,-3.09
onion,3130.0,Junnar(Narayangaon) APMC,1,214,19.4,18.04,1.36
onion,3130.0,Junnar(Narayangaon) APMC,4,211,29.79,28.23,1.55
onion,3130.0,Junnar(Narayangaon) APMC,13,202,44.47,41.25,3.21
onion,3130.0,Junnar(Narayangaon) APMC,26,189,54.95,47.53,7.43
onion,3142.0,Kamthi APMC,1,240,15.72,16.09,-0.36
onion,3142.0,Kamthi APMC,4,237,20.41,21.99,-1.58
onion,3142.0,Kamthi APMC,13,228,32.03,34.38,-2.35
onion,3142.0,Kamthi APMC,26,215,27.33,33.11,-5.78
onion,3218.0,Tiphra APMC,1,227,18.76,18.3,0.46
onion,3218.0,Tiphra APMC,4,221,25.26,24.81,0.45
onion,3218.0,Tiphra APMC,13,206,38.41,36.52,1.89
onion,3218.0,Tiphra APMC,26,193,38.61,38.19,0.42
onion,3297.0,Khariar APMC,1,217,13.8,13.65,0.15
onion,3297.0,Khariar APMC,4,211,20.46,21.11,-0.65
onion,3297.0,Khariar APMC,13,193,30.86,31.56,-0.7
onion,3297.0,Khariar APMC,26,183,31.58,35.76,-4.18
onion,3299.0,Chuliaposi APMC,1,166,13.84,12.99,0.85
onion,3299.0,Chuliaposi APMC,4,163,17.74,18.59,-0.86
onion,3299.0,Chuliaposi APMC,13,154,31.04,31.56,-0.52
onion,3299.0,Chuliaposi APMC,26,141,31.73,36.39,-4.65
onion,3306.0,Nilagiri APMC,1,125,14.27,14.05,0.23
onion,3306.0,Nilagiri APMC,4,122,20.46,20.52,-0.06
onion,3306.0,Nilagiri APMC,13,113,39.87,37.23,2.64
onion,3306.0,Nilagiri APMC,26,100,30.82,33.42,-2.6
onion,3308.0,Hindol APMC,1,240,13.07,13.34,-0.27
onion,3308.0,Hindol APMC,4,237,17.18,18.04,-0.86
onion,3308.0,Hindol APMC,13,228,29.19,29.46,-0.27
onion,3308.0,Hindol APMC,26,215,30.12,33.12,-3.0
onion,3328.0,Siddipet(Rythu Bazar),1,15,15.77,16.6,-0.83
onion,3328.0,Siddipet(Rythu Bazar),4,12,32.07,33.42,-1.35
onion,3329.0,Miryalguda(Rythu Bazar),1,11,18.46,18.77,-0.31
onion,3339.0,Falakata APMC,1,69,14.76,15.95,-1.2
onion,3339.0,Falakata APMC,4,63,23.76,24.93,-1.17
onion,3339.0,Falakata APMC,13,47,30.73,30.84,-0.11
onion,3339.0,Falakata APMC,26,34,26.97,23.97,2.99
onion,3340.0,Moynaguri APMC,1,82,13.07,14.44,-1.37
onion,3340.0,Moynaguri APMC,4,79,19.85,21.49,-1.63
onion,3340.0,Moynaguri APMC,13,70,25.59,26.29,-0.7
onion,3340.0,Moynaguri APMC,26,57,14.84,16.58,-1.74
onion,3341.0,Karsiyang(Matigara) APMC,1,83,16.26,17.19,-0.92
onion,3341.0,Karsiyang(Matigara) APMC,4,80,22.57,24.01,-1.44
onion,3341.0,Karsiyang(Matigara) APMC,13,71,29.23,29.75,-0.52
onion,3341.0,Karsiyang(Matigara) APMC,26,58,29.42,30.41,-0.99
onion,3342.0,Darjeeling APMC,1,62,15.95,17.2,-1.25
onion,3342.0,Darjeeling APMC,4,59,20.66,22.33,-1.67
onion,3342.0,Darjeeling APMC,13,51,25.47,26.37,-0.9
onion,3342.0,Darjeeling APMC,26,38,26.59,27.24,-0.65
onion,3343.0,Raiganj APMC,1,53,13.67,14.56,-0.89
onion,3343.0,Raiganj APMC,4,50,26.64,27.76,-1.12
onion,3343.0,Raiganj APMC,13,41,25.31,25.6,-0.29
onion,3343.0,Raiganj APMC,26,28,24.87,24.54,0.33
onion,3344.0,Gangarampur(Dakshin Dinajpur) APMC,1,77,12.98,13.98,-0.99
onion,3344.0,Gangarampur(Dakshin Dinajpur) APMC,4,74,19.96,20.62,-0.66
onion,3344.0,Gangarampur(Dakshin Dinajpur) APMC,13,65,23.51,23.87,-0.36
onion,3344.0,Gangarampur(Dakshin Dinajpur) APMC,26,52,23.93,23.08,0.85
onion,3346.0,Diamond Harbour(South 24-pgs) APMC,1,83,11.73,12.96,-1.23
onion,3346.0,Diamond Harbour(South 24-pgs) APMC,4,80,19.08,20.56,-1.47
onion,3346.0,Diamond Harbour(South 24-pgs) APMC,13,71,23.95,25.25,-1.29
onion,3346.0,Diamond Harbour(South 24-pgs) APMC,26,58,16.16,17.46,-1.3
onion,3347.0,Kalipur APMC,1,83,13.25,15.0,-1.75
onion,3347.0,Kalipur APMC,4,80,18.75,20.38,-1.63
onion,3347.0,Kalipur APMC,13,71,23.85,23.58,0.27
onion,3347.0,Kalipur APMC,26,58,31.01,29.59,1.42
onion,3349.0,Ranaghat APMC,1,82,17.61,18.88,-1.27
onion,3349.0,Ranaghat APMC,4,79,25.16,26.58,-1.42
onion,3349.0,Ranaghat APMC,13,70,28.31,29.05,-0.74
onion,3349.0,Ranaghat APMC,26,57,24.81,23.41,1.4
onion,3350.0,Chakdah APMC,1,82,18.41,19.26,-0.85
onion,3350.0,Chakdah APMC,4,79,26.29,27.17,-0.89
onion,3350.0,Chakdah APMC,13,70,28.99,29.31,-0.31
onion,3350.0,Chakdah APMC,26,57,26.56,24.39,2.17
onion,3352.0,Garbeta(Medinipur) APMC,1,83,12.98,14.75,-1.78
onion,3352.0,Garbeta(Medinipur) APMC,4,80,22.28,23.69,-1.41
onion,3352.0,Garbeta(Medinipur) APMC,13,71,27.53,27.43,0.1
onion,3352.0,Garbeta(Medinipur) APMC,26,58,29.55,28.39,1.16
onion,3354.0,Kasipur APMC,1,81,10.42,11.85,-1.43
onion,3354.0,Kasipur APMC,4,78,16.13,17.9,-1.77
onion,3354.0,Kasipur APMC,13,69,18.49,19.18,-0.69
onion,3354.0,Kasipur APMC,26,56,17.95,17.94,0.02
onion,3355.0,Sainthia APMC,1,83,12.38,13.24,-0.86
onion,3355.0,Sainthia APMC,4,80,17.96,18.92,-0.96
onion,3355.0,Sainthia APMC,13,71,25.98,26.47,-0.49
onion,3355.0,Sainthia APMC,26,58,12.71,14.08,-1.37
onion,3393.0,Broadway market APMC,1,137,13.63,13.75,-0.13
onion,3393.0,Broadway market APMC,4,134,18.43,19.16,-0.73
onion,3393.0,Broadway market APMC,13,125,25.07,25.9,-0.82
onion,3393.0,Broadway market APMC,26,112,30.08,33.63,-3.55
onion,3394.0,North Paravur APMC,1,138,17.3,17.16,0.14
onion,3394.0,North Paravur APMC,4,135,24.47,24.74,-0.27
onion,3394.0,North Paravur APMC,13,126,32.94,33.22,-0.28
onion,3394.0,North Paravur APMC,26,113,43.77,46.4,-2.62
onion,3440.0,GarhShankar (Kotfatuhi) APMC,1,83,13.31,14.01,-0.69
onion,3440.0,GarhShankar (Kotfatuhi) APMC,4,80,24.83,24.8,0.03
onion,3440.0,GarhShankar (Kotfatuhi) APMC,13,71,28.18,26.85,1.33
onion,3440.0,GarhShankar (Kotfatuhi) APMC,26,58,34.24,31.19,3.05
onion,3445.0,Azadpur APMC,1,240,16.36,16.53,-0.17
onion,3445.0,Azadpur APMC,4,237,22.34,22.44,-0.09
onion,3445.0,Azadpur APMC,13,228,42.05,39.24,2.81
onion,3445.0,Azadpur APMC,26,215,46.33,43.5,2.83
onion,3448.0,Lasalgaon(Vinchur) APMC,1,240,18.93,18.5,0.44
onion,3448.0,Lasalgaon(Vinchur) APMC,4,237,26.85,27.06,-0.21
onion,3448.0,Lasalgaon(Vinchur) APMC,13,228,36.42,38.38,-1.96
onion,3448.0,Lasalgaon(Vinchur) APMC,26,215,41.7,42.38,-0.68
onion,3449.0,Pune(Manjri) APMC,1,240,21.07,19.85,1.22
onion,3449.0,Pune(Manjri) APMC,4,237,28.99,27.51,1.47
onion,3449.0,Pune(Manjri) APMC,13,228,42.74,39.64,3.11
onion,3449.0,Pune(Manjri) APMC,26,215,51.03,46.06,4.97
onion,3450.0,Pune(Moshi) APMC,1,240,22.09,21.12,0.97
onion,3450.0,Pune(Moshi) APMC,4,237,35.06,32.51,2.55
onion,3450.0,Pune(Moshi) APMC,13,228,48.19,45.18,3.01
onion,3450.0,Pune(Moshi) APMC,26,215,50.73,46.03,4.7
onion,3452.0,Hingna APMC,1,137,13.17,13.25,-0.08
onion,3452.0,Hingna APMC,4,133,18.3,19.17,-0.87
onion,3452.0,Hingna APMC,13,124,29.74,31.28,-1.55
onion,3452.0,Hingna APMC,26,114,36.68,36.97,-0.29
onion,3458.0,Umrane APMC,1,240,21.01,20.49,0.51
onion,3458.0,Umrane APMC,4,237,28.4,29.09,-0.69
onion,3458.0,Umrane APMC,13,228,36.94,39.28,-2.34
onion,3458.0,Umrane APMC,26,215,39.18,40.09,-0.91
onion,3462.0,Nampur APMC,1,240,21.61,21.15,0.46
onion,3462.0,Nampur APMC,4,237,29.94,29.84,0.11
onion,3462.0,Nampur APMC,13,228,41.87,43.04,-1.18
onion,3462.0,Nampur APMC,26,215,47.07,45.75,1.32
onion,3500.0,Batengoo Anantnag (F&V),1,37,14.26,15.44,-1.18
onion,3500.0,Batengoo Anantnag (F&V),4,34,21.64,23.28,-1.64
onion,3500.0,Batengoo Anantnag (F&V),13,25,25.64,27.23,-1.59
onion,3500.0,Batengoo Anantnag (F&V),26,12,20.18,22.21,-2.02
onion,3517.0,PMY Kangni Mandi,1,38,13.95,14.57,-0.61
onion,3517.0,PMY Kangni Mandi,4,35,22.32,24.18,-1.86
onion,3517.0,PMY Kangni Mandi,13,26,26.8,29.06,-2.26
onion,3517.0,PMY Kangni Mandi,26,13,20.82,22.36,-1.54
onion,3626.0,Dablirathan APMC,1,69,10.77,11.23,-0.46
onion,3626.0,Dablirathan APMC,4,66,16.78,17.0,-0.22
onion,3626.0,Dablirathan APMC,13,57,48.17,48.72,-0.55
onion,3626.0,Dablirathan APMC,26,44,74.33,69.91,4.42
onion,3675.0,Halahali,1,24,12.3,12.71,-0.4
onion,3675.0,Halahali,4,21,20.57,21.74,-1.17
onion,3675.0,Halahali,13,12,29.36,30.46,-1.1
onion,3677.0,Kanchanpur,1,79,12.72,13.05,-0.33
onion,3677.0,Kanchanpur,4,76,17.29,17.48,-0.19
onion,3677.0,Kanchanpur,13,67,19.23,19.29,-0.06
onion,3677.0,Kanchanpur,26,54,11.15,10.37,0.77
onion,3680.0,Kadamtala,1,82,11.59,11.77,-0.18
onion,3680.0,Kadamtala,4,79,16.95,17.06,-0.11
onion,3680.0,Kadamtala,13,70,24.1,23.86,0.24
onion,3680.0,Kadamtala,26,57,21.77,21.13,0.64
onion,3953.0,Tajpur APMC,1,187,13.92,14.25,-0.33
onion,3953.0,Tajpur APMC,4,181,22.51,24.06,-1.56
onion,3953.0,Tajpur APMC,13,163,23.36,28.44,-5.08
onion,3953.0,Tajpur APMC,26,145,35.43,38.91,-3.48
onion,3956.0,Sheohar APMC,1,207,15.33,15.51,-0.18
onion,3956.0,Sheohar APMC,4,201,24.22,26.1,-1.88
onion,3956.0,Sheohar APMC,13,194,27.22,32.73,-5.51
onion,3956.0,Sheohar APMC,26,184,37.44,42.44,-5.0
onion,3996.0,"Laxmi-Sopan Agriculture Produce Marketing Co Ltd, Barshi, Dist Solapur",1,119,21.18,20.24,0.94
onion,3996.0,"Laxmi-Sopan Agriculture Produce Marketing Co Ltd, Barshi, Dist Solapur",4,110,28.33,26.23,2.09
onion,3996.0,"Laxmi-Sopan Agriculture Produce Marketing Co Ltd, Barshi, Dist Solapur",13,101,42.32,37.23,5.09
onion,3996.0,"Laxmi-Sopan Agriculture Produce Marketing Co Ltd, Barshi, Dist Solapur",26,82,70.61,59.01,11.6
onion,4025.0,"Omchatinya Multi State Agro Purpose Co-Op Society, Dist Ahilyanagar",1,148,19.52,19.39,0.13
onion,4025.0,"Omchatinya Multi State Agro Purpose Co-Op Society, Dist Ahilyanagar",4,142,28.55,28.59,-0.04
onion,4025.0,"Omchatinya Multi State Agro Purpose Co-Op Society, Dist Ahilyanagar",13,127,48.03,45.34,2.69
onion,4025.0,"Omchatinya Multi State Agro Purpose Co-Op Society, Dist Ahilyanagar",26,117,62.25,50.22,12.03
onion,4055.0,Ariyalur(Uzhavar Sandhai),1,83,10.87,11.46,-0.59
onion,4055.0,Ariyalur(Uzhavar Sandhai),4,80,13.56,14.22,-0.66
onion,4055.0,Ariyalur(Uzhavar Sandhai),13,71,22.33,21.64,0.69
onion,4055.0,Ariyalur(Uzhavar Sandhai),26,58,18.75,18.29,0.47
onion,4056.0,Jeyankondam (Uzhavar Sandhai ),1,83,9.69,10.35,-0.66
onion,4056.0,Jeyankondam (Uzhavar Sandhai ),4,80,11.63,12.43,-0.79
onion,4056.0,Jeyankondam (Uzhavar Sandhai ),13,71,16.19,16.4,-0.21
onion,4056.0,Jeyankondam (Uzhavar Sandhai ),26,58,10.88,11.07,-0.19
onion,4057.0,RSPuram(Uzhavar Sandhai ),1,83,10.11,10.91,-0.8
onion,4057.0,RSPuram(Uzhavar Sandhai ),4,80,15.73,16.58,-0.85
onion,4057.0,RSPuram(Uzhavar Sandhai ),13,71,23.68,23.66,0.03
onion,4057.0,RSPuram(Uzhavar Sandhai ),26,58,22.8,22.29,0.5
onion,4058.0,Singanallur(Uzhavar Sandhai ),1,83,9.67,10.37,-0.7
onion,4058.0,Singanallur(Uzhavar Sandhai ),4,80,15.04,15.72,-0.69
onion,4058.0,Singanallur(Uzhavar Sandhai ),13,71,22.33,22.21,0.12
onion,4058.0,Singanallur(Uzhavar Sandhai ),26,58,17.12,16.7,0.42
onion,4059.0,Pollachi(Uzhavar Sandhai ),1,83,10.65,11.31,-0.66
onion,4059.0,Pollachi(Uzhavar Sandhai ),4,80,16.36,17.03,-0.67
onion,4059.0,Pollachi(Uzhavar Sandhai ),13,71,21.12,20.96,0.15
onion,4059.0,Pollachi(Uzhavar Sandhai ),26,58,15.75,15.31,0.44
onion,4060.0,Mettupalayam(Uzhavar Sandhai ),1,83,10.21,11.0,-0.79
onion,4060.0,Mettupalayam(Uzhavar Sandhai ),4,80,14.69,15.54,-0.86
onion,4060.0,Mettupalayam(Uzhavar Sandhai ),13,71,21.61,21.59,0.02
onion,4060.0,Mettupalayam(Uzhavar Sandhai ),26,58,16.06,15.74,0.33
onion,4061.0,Kurichi(Uzhavar Sandhai ),1,83,9.64,10.42,-0.78
onion,4061.0,Kurichi(Uzhavar Sandhai ),4,80,15.32,16.42,-1.1
onion,4061.0,Kurichi(Uzhavar Sandhai ),13,71,21.29,21.37,-0.08
onion,4061.0,Kurichi(Uzhavar Sandhai ),26,58,18.74,18.39,0.35
onion,4062.0,Sulur(Uzhavar Sandhai ),1,83,9.48,10.19,-0.71
onion,4062.0,Sulur(Uzhavar Sandhai ),4,80,14.73,15.44,-0.72
onion,4062.0,Sulur(Uzhavar Sandhai ),13,71,21.99,21.97,0.03
onion,4062.0,Sulur(Uzhavar Sandhai ),26,58,17.23,16.92,0.31
onion,4063.0,Vadavalli(Uzhavar Sandhai ),1,83,10.16,10.77,-0.61
onion,4063.0,Vadavalli(Uzhavar Sandhai ),4,80,15.78,16.33,-0.56
onion,4063.0,Vadavalli(Uzhavar Sandhai ),13,71,25.49,25.15,0.34
onion,4063.0,Vadavalli(Uzhavar Sandhai ),26,58,21.22,20.29,0.93
onion,4064.0,Sundarapuram(Uzhavar Sandhai ),1,83,9.53,10.24,-0.71
onion,4064.0,Sundarapuram(Uzhavar Sandhai ),4,80,14.96,15.81,-0.84
onion,4064.0,Sundarapuram(Uzhavar Sandhai ),13,71,22.61,22.62,-0.01
onion,4064.0,Sundarapuram(Uzhavar Sandhai ),26,58,19.11,18.64,0.47
onion,4065.0,Cuddalore(Uzhavar Sandhai ),1,83,10.02,10.75,-0.73
onion,4065.0,Cuddalore(Uzhavar Sandhai ),4,80,11.67,12.57,-0.9
onion,4065.0,Cuddalore(Uzhavar Sandhai ),13,71,15.26,15.29,-0.03
onion,4065.0,Cuddalore(Uzhavar Sandhai ),26,58,10.66,11.11,-0.45
onion,4066.0,Chidambaram(Uzhavar Sandhai ),1,83,9.34,10.26,-0.92
onion,4066.0,Chidambaram(Uzhavar Sandhai ),4,80,11.95,13.13,-1.18
onion,4066.0,Chidambaram(Uzhavar Sandhai ),13,71,18.44,18.63,-0.19
onion,4066.0,Chidambaram(Uzhavar Sandhai ),26,58,13.3,13.71,-0.42
onion,4067.0,Viruthachalam(Uzhavar Sandhai ),1,83,8.72,9.12,-0.4
onion,4067.0,Viruthachalam(Uzhavar Sandhai ),4,80,13.08,13.82,-0.75
onion,4067.0,Viruthachalam(Uzhavar Sandhai ),13,71,17.57,17.61,-0.04
onion,4067.0,Viruthachalam(Uzhavar Sandhai ),26,58,16.89,16.75,0.14
onion,4068.0,Panruti(Uzhavar Sandhai ),1,83,10.55,11.5,-0.95
onion,4068.0,Panruti(Uzhavar Sandhai ),4,80,13.75,14.68,-0.94
onion,4068.0,Panruti(Uzhavar Sandhai ),13,71,20.91,20.93,-0.02
onion,4068.0,Panruti(Uzhavar Sandhai ),26,58,16.73,16.52,0.21
onion,4069.0,Vadalur(Uzhavar Sandhai ),1,26,10.19,11.15,-0.96
onion,4069.0,Vadalur(Uzhavar Sandhai ),4,23,15.41,17.91,-2.5
onion,4069.0,Vadalur(Uzhavar Sandhai ),13,14,20.48,22.24,-1.76
onion,4070.0,Dharmapuri(Uzhavar Sandhai ),1,83,9.32,9.99,-0.67
onion,4070.0,Dharmapuri(Uzhavar Sandhai ),4,80,12.57,13.39,-0.83
onion,4070.0,Dharmapuri(Uzhavar Sandhai ),13,71,18.14,18.2,-0.06
onion,4070.0,Dharmapuri(Uzhavar Sandhai ),26,58,12.67,12.68,-0.01
onion,4071.0,Pennagaram(Uzhavar Sandhai ),1,83,11.7,12.29,-0.59
onion,4071.0,Pennagaram(Uzhavar Sandhai ),4,80,14.89,15.71,-0.82
onion,4071.0,Pennagaram(Uzhavar Sandhai ),13,71,16.78,16.61,0.17
onion,4071.0,Pennagaram(Uzhavar Sandhai ),26,58,11.38,11.84,-0.46
onion,4072.0,Palacode(Uzhavar Sandhai ),1,83,10.87,11.63,-0.76
onion,4072.0,Palacode(Uzhavar Sandhai ),4,80,14.69,15.59,-0.9
onion,4072.0,Palacode(Uzhavar Sandhai ),13,71,20.62,20.41,0.21
onion,4072.0,Palacode(Uzhavar Sandhai ),26,58,16.93,16.55,0.38
onion,4073.0,Harur(Uzhavar Sandhai ),1,83,9.41,10.1,-0.69
onion,4073.0,Harur(Uzhavar Sandhai ),4,80,12.66,13.53,-0.87
onion,4073.0,Harur(Uzhavar Sandhai ),13,71,19.35,19.26,0.09
onion,4073.0,Harur(Uzhavar Sandhai ),26,58,14.19,13.53,0.66
onion,4074.0,AJattihalli(Uzhavar Sandhai ),1,83,9.67,10.35,-0.68
onion,4074.0,AJattihalli(Uzhavar Sandhai ),4,80,13.5,14.11,-0.6
onion,4074.0,AJattihalli(Uzhavar Sandhai ),13,71,19.79,19.42,0.37
onion,4074.0,AJattihalli(Uzhavar Sandhai ),26,58,14.21,13.62,0.6
onion,4075.0,Dindigul(Uzhavar Sandhai ),1,83,9.28,9.98,-0.7
onion,4075.0,Dindigul(Uzhavar Sandhai ),4,80,11.32,12.26,-0.94
onion,4075.0,Dindigul(Uzhavar Sandhai ),13,71,13.6,13.72,-0.13
onion,4075.0,Dindigul(Uzhavar Sandhai ),26,58,10.77,11.36,-0.59
onion,4076.0,Palani(Uzhavar Sandhai ),1,83,9.61,10.15,-0.55
onion,4076.0,Palani(Uzhavar Sandhai ),4,80,12.45,13.3,-0.85
onion,4076.0,Palani(Uzhavar Sandhai ),13,71,18.98,18.87,0.11
onion,4076.0,Palani(Uzhavar Sandhai ),26,58,13.51,13.23,0.28
onion,4077.0,Chinnalapatti(Uzhavar Sandhai ),1,83,9.51,10.17,-0.66
onion,4077.0,Chinnalapatti(Uzhavar Sandhai ),4,80,11.34,12.32,-0.98
onion,4077.0,Chinnalapatti(Uzhavar Sandhai ),13,71,14.1,14.28,-0.18
onion,4077.0,Chinnalapatti(Uzhavar Sandhai ),26,58,11.05,11.76,-0.71
onion,4080.0,Vedasanthur(Uzhavar Sandhai ),1,83,10.25,10.92,-0.67
onion,4080.0,Vedasanthur(Uzhavar Sandhai ),4,80,13.4,14.54,-1.14
onion,4080.0,Vedasanthur(Uzhavar Sandhai ),13,71,19.45,19.84,-0.38
onion,4080.0,Vedasanthur(Uzhavar Sandhai ),26,58,13.14,13.3,-0.16
onion,4081.0,Sampath Nagar(Uzhavar Sandhai ),1,83,9.87,10.53,-0.66
onion,4081.0,Sampath Nagar(Uzhavar Sandhai ),4,80,13.43,14.33,-0.91
onion,4081.0,Sampath Nagar(Uzhavar Sandhai ),13,71,17.57,18.14,-0.57
onion,4081.0,Sampath Nagar(Uzhavar Sandhai ),26,58,11.8,12.64,-0.84
onion,4082.0,Gobichettipalayam(Uzhavar Sandhai ),1,83,9.7,10.37,-0.67
onion,4082.0,Gobichettipalayam(Uzhavar Sandhai ),4,80,13.25,14.12,-0.87
onion,4082.0,Gobichettipalayam(Uzhavar Sandhai ),13,71,16.98,16.84,0.14
onion,4082.0,Gobichettipalayam(Uzhavar Sandhai ),26,58,12.46,12.51,-0.05
onion,4083.0,Sathiyamagalam(Uzhavar Sandhai ),1,83,9.24,9.83,-0.59
onion,4083.0,Sathiyamagalam(Uzhavar Sandhai ),4,80,12.32,13.01,-0.69
onion,4083.0,Sathiyamagalam(Uzhavar Sandhai ),13,71,17.33,17.34,-0.01
onion,4083.0,Sathiyamagalam(Uzhavar Sandhai ),26,58,10.59,10.75,-0.16
onion,4085.0,Perundurai(Uzhavar Sandhai ),1,83,8.8,9.47,-0.67
onion,4085.0,Perundurai(Uzhavar Sandhai ),4,80,12.42,13.37,-0.95
onion,4085.0,Perundurai(Uzhavar Sandhai ),13,71,14.55,14.73,-0.19
onion,4085.0,Perundurai(Uzhavar Sandhai ),26,58,10.4,10.79,-0.39
onion,4086.0,Thalavadi(Uzhavar Sandhai ),1,83,9.9,10.31,-0.41
onion,4086.0,Thalavadi(Uzhavar Sandhai ),4,80,13.61,14.27,-0.65
onion,4086.0,Thalavadi(Uzhavar Sandhai ),13,71,17.92,17.98,-0.07
onion,4086.0,Thalavadi(Uzhavar Sandhai ),26,58,11.95,11.75,0.19
onion,4087.0,Kancheepuram(Uzhavar Sandhai ),1,83,14.82,15.11,-0.29
onion,4087.0,Kancheepuram(Uzhavar Sandhai ),4,80,17.6,18.34,-0.74
onion,4087.0,Kancheepuram(Uzhavar Sandhai ),13,71,21.13,20.46,0.67
onion,4087.0,Kancheepuram(Uzhavar Sandhai ),26,58,16.86,16.45,0.4
onion,4088.0,Padappai(Uzhavar Sandhai ),1,83,12.07,13.09,-1.02
onion,4088.0,Padappai(Uzhavar Sandhai ),4,80,16.01,17.24,-1.23
onion,4088.0,Padappai(Uzhavar Sandhai ),13,71,22.72,22.52,0.21
onion,4088.0,Padappai(Uzhavar Sandhai ),26,58,19.36,18.84,0.52
onion,4089.0,Sunguvarchatram(Uzhavar Sandhai ),1,83,9.67,9.95,-0.27
onion,4089.0,Sunguvarchatram(Uzhavar Sandhai ),4,80,12.6,12.67,-0.06
onion,4089.0,Sunguvarchatram(Uzhavar Sandhai ),13,71,19.42,18.67,0.76
onion,4089.0,Sunguvarchatram(Uzhavar Sandhai ),26,58,11.91,11.35,0.57
onion,4090.0,Kundrathur(Uzhavar Sandhai ),1,83,10.76,11.43,-0.68
onion,4090.0,Kundrathur(Uzhavar Sandhai ),4,80,13.95,14.28,-0.33
onion,4090.0,Kundrathur(Uzhavar Sandhai ),13,71,23.13,21.91,1.22
onion,4090.0,Kundrathur(Uzhavar Sandhai ),26,58,15.52,14.66,0.86
onion,4091.0,Karur(Uzhavar Sandhai ),1,83,10.13,10.98,-0.84
onion,4091.0,Karur(Uzhavar Sandhai ),4,80,13.42,14.59,-1.17
onion,4091.0,Karur(Uzhavar Sandhai ),13,71,15.67,15.7,-0.03
onion,4091.0,Karur(Uzhavar Sandhai ),26,58,11.45,11.79,-0.34
onion,4092.0,Kulithalai(Uzhavar Sandhai ),1,83,9.58,10.41,-0.83
onion,4092.0,Kulithalai(Uzhavar Sandhai ),4,80,12.95,13.93,-0.98
onion,4092.0,Kulithalai(Uzhavar Sandhai ),13,71,14.02,14.02,-0.0
onion,4092.0,Kulithalai(Uzhavar Sandhai ),26,58,10.3,10.74,-0.44
onion,4093.0,Velayuthampalayam(Uzhavar Sandhai ),1,64,9.48,10.48,-1.0
onion,4093.0,Velayuthampalayam(Uzhavar Sandhai ),4,61,12.87,13.97,-1.1
onion,4093.0,Velayuthampalayam(Uzhavar Sandhai ),13,52,16.38,16.06,0.33
onion,4093.0,Velayuthampalayam(Uzhavar Sandhai ),26,39,8.96,9.0,-0.04
onion,4096.0,Hosur(Uzhavar Sandhai ),1,83,10.24,10.86,-0.62
onion,4096.0,Hosur(Uzhavar Sandhai ),4,80,15.0,15.7,-0.69
onion,4096.0,Hosur(Uzhavar Sandhai ),13,71,20.72,20.61,0.11
onion,4096.0,Hosur(Uzhavar Sandhai ),26,58,16.68,16.33,0.35
onion,4097.0,Krishnagiri(Uzhavar Sandhai ),1,83,9.74,10.28,-0.54
onion,4097.0,Krishnagiri(Uzhavar Sandhai ),4,80,15.04,15.52,-0.48
onion,4097.0,Krishnagiri(Uzhavar Sandhai ),13,71,23.27,22.82,0.45
onion,4097.0,Krishnagiri(Uzhavar Sandhai ),26,58,20.1,18.11,1.99
onion,4098.0,Kaveripattinam(Uzhavar Sandhai ),1,83,9.27,9.99,-0.73
onion,4098.0,Kaveripattinam(Uzhavar Sandhai ),4,80,11.11,12.05,-0.93
onion,4098.0,Kaveripattinam(Uzhavar Sandhai ),13,71,18.46,18.55,-0.09
onion,4098.0,Kaveripattinam(Uzhavar Sandhai ),26,58,14.59,14.63,-0.04
onion,4099.0,Denkanikottai(Uzhavar Sandhai ),1,83,10.52,11.02,-0.5
onion,4099.0,Denkanikottai(Uzhavar Sandhai ),4,80,14.59,15.28,-0.69
onion,4099.0,Denkanikottai(Uzhavar Sandhai ),13,71,21.43,21.0,0.43
onion,4099.0,Denkanikottai(Uzhavar Sandhai ),26,58,14.84,14.4,0.44
onion,4100.0,Avallapalli(Uzhavar Sandhai ),1,83,10.81,11.25,-0.44
onion,4100.0,Avallapalli(Uzhavar Sandhai ),4,80,14.97,15.68,-0.71
onion,4100.0,Avallapalli(Uzhavar Sandhai ),13,71,21.92,21.51,0.4
onion,4100.0,Avallapalli(Uzhavar Sandhai ),26,58,15.36,14.82,0.54
onion,4102.0,Chokkikulam(Uzhavar Sandhai ),1,83,9.6,10.21,-0.62
onion,4102.0,Chokkikulam(Uzhavar Sandhai ),4,80,12.3,13.16,-0.86
onion,4102.0,Chokkikulam(Uzhavar Sandhai ),13,71,17.01,17.05,-0.04
onion,4102.0,Chokkikulam(Uzhavar Sandhai ),26,58,11.8,12.02,-0.23
onion,4103.0,Palanganatham(Uzhavar Sandhai ),1,83,9.46,10.17,-0.71
onion,4103.0,Palanganatham(Uzhavar Sandhai ),4,80,11.65,12.59,-0.94
onion,4103.0,Palanganatham(Uzhavar Sandhai ),13,71,16.4,16.43,-0.03
onion,4103.0,Palanganatham(Uzhavar Sandhai ),26,58,11.43,11.56,-0.13
onion,4104.0,Usilampatti(Uzhavar Sandhai ),1,38,10.33,11.76,-1.43
onion,4104.0,Usilampatti(Uzhavar Sandhai ),4,35,19.76,22.5,-2.74
onion,4104.0,Usilampatti(Uzhavar Sandhai ),13,26,28.35,29.01,-0.66
onion,4104.0,Usilampatti(Uzhavar Sandhai ),26,13,15.79,17.92,-2.13
onion,4105.0,Thirumangalam(Uzhavar Sandhai ),1,83,11.09,11.6,-0.5
onion,4105.0,Thirumangalam(Uzhavar Sandhai ),4,80,16.11,16.65,-0.53
onion,4105.0,Thirumangalam(Uzhavar Sandhai ),13,71,19.45,19.26,0.19
onion,4105.0,Thirumangalam(Uzhavar Sandhai ),26,58,14.47,14.66,-0.19
onion,4106.0,Melur(Uzhavar Sandhai ),1,83,9.19,9.88,-0.69
onion,4106.0,Melur(Uzhavar Sandhai ),4,80,12.19,13.16,-0.96
onion,4106.0,Melur(Uzhavar Sandhai ),13,71,16.78,16.87,-0.09
onion,4106.0,Melur(Uzhavar Sandhai ),26,58,11.69,12.06,-0.38
onion,4107.0,Anaiyur(Uzhavar Sandhai ),1,83,9.14,9.86,-0.71
onion,4107.0,Anaiyur(Uzhavar Sandhai ),4,80,12.13,13.1,-0.98
onion,4107.0,Anaiyur(Uzhavar Sandhai ),13,71,16.81,16.88,-0.08
onion,4107.0,Anaiyur(Uzhavar Sandhai ),26,58,11.89,12.18,-0.3
onion,4108.0,Mayiladuthurai(Uzhavar Sandhai ),1,83,10.3,10.5,-0.2
onion,4108.0,Mayiladuthurai(Uzhavar Sandhai ),4,80,13.44,13.48,-0.03
onion,4108.0,Mayiladuthurai(Uzhavar Sandhai ),13,71,18.79,18.29,0.5
onion,4108.0,Mayiladuthurai(Uzhavar Sandhai ),26,58,11.95,11.33,0.62
onion,4109.0,Nagapattinam(Uzhavar Sandhai ),1,83,9.08,9.1,-0.02
onion,4109.0,Nagapattinam(Uzhavar Sandhai ),4,80,11.9,11.66,0.23
onion,4109.0,Nagapattinam(Uzhavar Sandhai ),13,71,22.67,21.74,0.93
onion,4109.0,Nagapattinam(Uzhavar Sandhai ),26,58,14.59,14.02,0.57
onion,4110.0,Sirkali(Uzhavar Sandhai ),1,83,8.36,9.38,-1.03
onion,4110.0,Sirkali(Uzhavar Sandhai ),4,80,10.27,11.62,-1.35
onion,4110.0,Sirkali(Uzhavar Sandhai ),13,71,16.57,16.53,0.03
onion,4110.0,Sirkali(Uzhavar Sandhai ),26,58,6.41,6.35,0.06
onion,4111.0,Namakkal(Uzhavar Sandhai ),1,83,9.46,10.11,-0.65
onion,4111.0,Namakkal(Uzhavar Sandhai ),4,80,12.92,13.81,-0.9
onion,4111.0,Namakkal(Uzhavar Sandhai ),13,71,20.19,20.26,-0.06
onion,4111.0,Namakkal(Uzhavar Sandhai ),26,58,14.81,14.27,0.55
onion,4113.0,Rasipuram(Uzhavar Sandhai ),1,83,9.11,9.9,-0.8
onion,4113.0,Rasipuram(Uzhavar Sandhai ),4,80,9.75,10.62,-0.87
onion,4113.0,Rasipuram(Uzhavar Sandhai ),13,71,11.07,11.31,-0.24
onion,4113.0,Rasipuram(Uzhavar Sandhai ),26,58,10.0,10.85,-0.85
onion,4114.0,Kumarapalayam(Uzhavar Sandhai ),1,83,9.97,10.67,-0.7
onion,4114.0,Kumarapalayam(Uzhavar Sandhai ),4,80,13.52,14.35,-0.84
onion,4114.0,Kumarapalayam(Uzhavar Sandhai ),13,71,18.36,18.39,-0.03
onion,4114.0,Kumarapalayam(Uzhavar Sandhai ),26,58,12.04,12.37,-0.33
onion,4115.0,Paramathivelur(Uzhavar Sandhai ),1,83,9.56,10.58,-1.02
onion,4115.0,Paramathivelur(Uzhavar Sandhai ),4,80,12.48,13.98,-1.5
onion,4115.0,Paramathivelur(Uzhavar Sandhai ),13,71,13.21,13.31,-0.1
onion,4115.0,Paramathivelur(Uzhavar Sandhai ),26,58,12.58,13.09,-0.51
onion,4116.0,Mohanur(Uzhavar Sandhai ),1,83,9.8,10.61,-0.81
onion,4116.0,Mohanur(Uzhavar Sandhai ),4,80,12.39,13.43,-1.04
onion,4116.0,Mohanur(Uzhavar Sandhai ),13,71,14.1,14.1,0.01
onion,4116.0,Mohanur(Uzhavar Sandhai ),26,58,12.11,12.97,-0.86
onion,4117.0,Udhagamandalam(Uzhavar Sandhai ),1,83,10.13,10.9,-0.77
onion,4117.0,Udhagamandalam(Uzhavar Sandhai ),4,80,12.31,13.42,-1.11
onion,4117.0,Udhagamandalam(Uzhavar Sandhai ),13,71,16.77,17.17,-0.4
onion,4117.0,Udhagamandalam(Uzhavar Sandhai ),26,58,12.65,13.47,-0.83
onion,4118.0,Coonoor(Uzhavar Sandhai ),1,83,9.62,10.64,-1.02
onion,4118.0,Coonoor(Uzhavar Sandhai ),4,80,12.47,13.69,-1.22
onion,4118.0,Coonoor(Uzhavar Sandhai ),13,71,17.16,17.43,-0.27
onion,4118.0,Coonoor(Uzhavar Sandhai ),26,58,12.94,13.92,-0.98
onion,4120.0,Gudalur(Uzhavar Sandhai ),1,83,9.8,10.5,-0.7
onion,4120.0,Gudalur(Uzhavar Sandhai ),4,80,12.51,13.69,-1.18
onion,4120.0,Gudalur(Uzhavar Sandhai ),13,71,15.92,16.53,-0.61
onion,4120.0,Gudalur(Uzhavar Sandhai ),26,58,10.49,11.58,-1.09
onion,4121.0,Perambalur(Uzhavar Sandhai ),1,83,9.1,9.75,-0.66
onion,4121.0,Perambalur(Uzhavar Sandhai ),4,80,11.0,11.83,-0.83
onion,4121.0,Perambalur(Uzhavar Sandhai ),13,71,12.5,12.87,-0.36
onion,4121.0,Perambalur(Uzhavar Sandhai ),26,58,12.36,13.39,-1.03
onion,4123.0,Pudukottai(Uzhavar Sandhai ),1,83,10.32,11.02,-0.7
onion,4123.0,Pudukottai(Uzhavar Sandhai ),4,80,12.47,13.46,-0.99
onion,4123.0,Pudukottai(Uzhavar Sandhai ),13,71,12.54,13.13,-0.59
onion,4123.0,Pudukottai(Uzhavar Sandhai ),26,58,16.75,17.92,-1.17
onion,4124.0,Aranthangi(Uzhavar Sandhai ),1,83,9.32,10.29,-0.97
onion,4124.0,Aranthangi(Uzhavar Sandhai ),4,80,11.61,13.19,-1.58
onion,4124.0,Aranthangi(Uzhavar Sandhai ),13,71,18.0,18.92,-0.92
onion,4124.0,Aranthangi(Uzhavar Sandhai ),26,58,10.75,12.26,-1.51
onion,4125.0,Alangudi(Uzhavar Sandhai ),1,76,8.99,9.54,-0.55
onion,4125.0,Alangudi(Uzhavar Sandhai ),4,73,12.92,14.29,-1.37
onion,4125.0,Alangudi(Uzhavar Sandhai ),13,64,16.37,17.29,-0.92
onion,4125.0,Alangudi(Uzhavar Sandhai ),26,51,14.45,16.57,-2.11
onion,4126.0,Gandarvakottai(Uzhavar Sandhai ),1,83,9.87,10.62,-0.75
onion,4126.0,Gandarvakottai(Uzhavar Sandhai ),4,80,11.71,12.81,-1.1
onion,4126.0,Gandarvakottai(Uzhavar Sandhai ),13,71,16.72,17.42,-0.7
onion,4126.0,Gandarvakottai(Uzhavar Sandhai ),26,58,11.82,13.06,-1.24
onion,4127.0,Karambakkudi(Uzhavar Sandhai ),1,83,9.52,10.63,-1.11
onion,4127.0,Karambakkudi(Uzhavar Sandhai ),4,80,13.46,14.94,-1.48
onion,4127.0,Karambakkudi(Uzhavar Sandhai ),13,71,16.65,17.05,-0.39
onion,4127.0,Karambakkudi(Uzhavar Sandhai ),26,58,11.97,13.32,-1.35
onion,4128.0,Viralimalai(Uzhavar Sandhai ),1,83,11.29,11.89,-0.6
onion,4128.0,Viralimalai(Uzhavar Sandhai ),4,80,14.23,15.35,-1.12
onion,4128.0,Viralimalai(Uzhavar Sandhai ),13,71,14.12,14.71,-0.59
onion,4128.0,Viralimalai(Uzhavar Sandhai ),26,58,16.95,18.11,-1.15
onion,4129.0,Ramanathapuram(Uzhavar Sandhai ),1,83,10.59,11.33,-0.74
onion,4129.0,Ramanathapuram(Uzhavar Sandhai ),4,80,14.32,15.48,-1.16
onion,4129.0,Ramanathapuram(Uzhavar Sandhai ),13,71,21.17,21.95,-0.78
onion,4129.0,Ramanathapuram(Uzhavar Sandhai ),26,58,15.87,17.65,-1.78
onion,4130.0,Paramakudi(Uzhavar Sandhai ),1,83,9.76,10.61,-0.85
onion,4130.0,Paramakudi(Uzhavar Sandhai ),4,80,12.94,13.78,-0.84
onion,4130.0,Paramakudi(Uzhavar Sandhai ),13,71,19.14,19.23,-0.08
onion,4130.0,Paramakudi(Uzhavar Sandhai ),26,58,13.66,15.01,-1.35
onion,4132.0,Sooramangalam(Uzhavar Sandhai ),1,83,9.35,10.32,-0.97
onion,4132.0,Sooramangalam(Uzhavar Sandhai ),4,80,12.4,13.58,-1.18
onion,4132.0,Sooramangalam(Uzhavar Sandhai ),13,71,12.84,12.76,0.08
onion,4132.0,Sooramangalam(Uzhavar Sandhai ),26,58,11.24,12.16,-0.92
onion,4133.0,Ammapet(Uzhavar Sandhai ),1,83,9.78,10.52,-0.74
onion,4133.0,Ammapet(Uzhavar Sandhai ),4,80,12.45,13.43,-0.98
onion,4133.0,Ammapet(Uzhavar Sandhai ),13,71,13.83,13.85,-0.02
onion,4133.0,Ammapet(Uzhavar Sandhai ),26,58,11.06,11.83,-0.77
onion,4134.0,Athur(Uzhavar Sandhai ),1,83,9.89,10.83,-0.94
onion,4134.0,Athur(Uzhavar Sandhai ),4,80,11.62,12.89,-1.28
onion,4134.0,Athur(Uzhavar Sandhai ),13,71,14.77,14.75,0.02
onion,4134.0,Athur(Uzhavar Sandhai ),26,58,10.61,11.48,-0.87
onion,4135.0,Thathakapatti(Uzhavar Sandhai ),1,83,9.01,9.96,-0.95
onion,4135.0,Thathakapatti(Uzhavar Sandhai ),4,80,12.24,13.38,-1.14
onion,4135.0,Thathakapatti(Uzhavar Sandhai ),13,71,12.79,12.68,0.1
onion,4135.0,Thathakapatti(Uzhavar Sandhai ),26,58,10.93,11.7,-0.77
onion,4136.0,Mettur(Uzhavar Sandhai ),1,83,9.64,10.66,-1.03
onion,4136.0,Mettur(Uzhavar Sandhai ),4,80,12.24,13.56,-1.32
onion,4136.0,Mettur(Uzhavar Sandhai ),13,71,14.81,14.78,0.03
onion,4136.0,Mettur(Uzhavar Sandhai ),26,58,12.14,12.73,-0.59
onion,4137.0,Attayampatti(Uzhavar Sandhai ),1,83,9.36,10.23,-0.87
onion,4137.0,Attayampatti(Uzhavar Sandhai ),4,80,13.3,14.29,-0.99
onion,4137.0,Attayampatti(Uzhavar Sandhai ),13,71,14.31,14.42,-0.1
onion,4137.0,Attayampatti(Uzhavar Sandhai ),26,58,10.72,11.32,-0.61
onion,4138.0,Hasthampatti(Uzhavar Sandhai ),1,83,9.75,10.72,-0.97
onion,4138.0,Hasthampatti(Uzhavar Sandhai ),4,80,12.31,13.5,-1.19
onion,4138.0,Hasthampatti(Uzhavar Sandhai ),13,71,13.55,13.46,0.09
onion,4138.0,Hasthampatti(Uzhavar Sandhai ),26,58,11.32,12.23,-0.91
onion,4139.0,Elampillai(Uzhavar Sandhai ),1,83,8.94,9.91,-0.97
onion,4139.0,Elampillai(Uzhavar Sandhai ),4,80,11.94,13.07,-1.13
onion,4139.0,Elampillai(Uzhavar Sandhai ),13,71,12.58,12.47,0.12
onion,4139.0,Elampillai(Uzhavar Sandhai ),26,58,10.64,11.42,-0.77
onion,4140.0,Thammampatti (Uzhavar Sandhai ),1,83,9.71,10.52,-0.81
onion,4140.0,Thammampatti (Uzhavar Sandhai ),4,80,12.37,13.54,-1.17
onion,4140.0,Thammampatti (Uzhavar Sandhai ),13,71,14.26,14.15,0.11
onion,4140.0,Thammampatti (Uzhavar Sandhai ),26,58,11.36,12.28,-0.92
onion,4141.0,Jalagandapuram(Uzhavar Sandhai ),1,83,9.39,10.31,-0.92
onion,4141.0,Jalagandapuram(Uzhavar Sandhai ),4,80,13.28,14.41,-1.13
onion,4141.0,Jalagandapuram(Uzhavar Sandhai ),13,71,14.0,14.19,-0.19
onion,4141.0,Jalagandapuram(Uzhavar Sandhai ),26,58,10.91,11.8,-0.89
onion,4142.0,Edapadi (Uzhavar Sandhai ),1,83,9.41,10.32,-0.91
onion,4142.0,Edapadi (Uzhavar Sandhai ),4,80,12.98,13.94,-0.96
onion,4142.0,Edapadi (Uzhavar Sandhai ),13,71,14.63,14.4,0.23
onion,4142.0,Edapadi (Uzhavar Sandhai ),26,58,11.69,12.38,-0.7
onion,4143.0,Sivagangai (Uzhavar Sandhai ),1,83,8.78,9.6,-0.83
onion,4143.0,Sivagangai (Uzhavar Sandhai ),4,80,11.26,12.37,-1.11
onion,4143.0,Sivagangai (Uzhavar Sandhai ),13,71,14.14,14.38,-0.25
onion,4143.0,Sivagangai (Uzhavar Sandhai ),26,58,11.62,12.5,-0.88
onion,4144.0,Devakottai (Uzhavar Sandhai ),1,83,9.97,10.87,-0.89
onion,4144.0,Devakottai (Uzhavar Sandhai ),4,80,13.19,14.18,-0.99
onion,4144.0,Devakottai (Uzhavar Sandhai ),13,71,15.41,15.43,-0.01
onion,4144.0,Devakottai (Uzhavar Sandhai ),26,58,12.88,13.0,-0.13
onion,4145.0,Karaikudi(Uzhavar Sandhai ),1,83,9.83,10.76,-0.93
onion,4145.0,Karaikudi(Uzhavar Sandhai ),4,80,12.24,13.42,-1.17
onion,4145.0,Karaikudi(Uzhavar Sandhai ),13,71,13.2,13.58,-0.37
onion,4145.0,Karaikudi(Uzhavar Sandhai ),26,58,13.31,14.62,-1.31
onion,4146.0,Tirupatthur(Uzhavar Sandhai ),1,83,10.13,11.14,-1.01
onion,4146.0,Tirupatthur(Uzhavar Sandhai ),4,80,14.37,15.47,-1.1
onion,4146.0,Tirupatthur(Uzhavar Sandhai ),13,71,15.77,15.57,0.2
onion,4146.0,Tirupatthur(Uzhavar Sandhai ),26,58,14.79,15.19,-0.41
onion,4147.0,Singampunari(Uzhavar Sandhai ),1,83,9.73,10.55,-0.83
onion,4147.0,Singampunari(Uzhavar Sandhai ),4,80,13.0,13.86,-0.86
onion,4147.0,Singampunari(Uzhavar Sandhai ),13,71,15.33,15.08,0.25
onion,4147.0,Singampunari(Uzhavar Sandhai ),26,58,12.57,12.96,-0.39
onion,4148.0,Thanjavur(Uzhavar Sandhai ),1,83,9.3,9.9,-0.6
onion,4148.0,Thanjavur(Uzhavar Sandhai ),4,80,11.66,12.41,-0.75
onion,4148.0,Thanjavur(Uzhavar Sandhai ),13,71,15.54,15.75,-0.21
onion,4148.0,Thanjavur(Uzhavar Sandhai ),26,58,10.18,10.89,-0.71
onion,4149.0,Kumbakonam (Uzhavar Sandhai ),1,83,9.2,9.92,-0.72
onion,4149.0,Kumbakonam (Uzhavar Sandhai ),4,80,11.32,12.25,-0.93
onion,4149.0,Kumbakonam (Uzhavar Sandhai ),13,71,13.35,13.72,-0.36
onion,4149.0,Kumbakonam (Uzhavar Sandhai ),26,58,12.33,13.25,-0.91
onion,4150.0,Pattukottai(Uzhavar Sandhai ),1,83,8.38,9.07,-0.7
onion,4150.0,Pattukottai(Uzhavar Sandhai ),4,80,10.82,11.81,-0.99
onion,4150.0,Pattukottai(Uzhavar Sandhai ),13,71,11.83,12.11,-0.28
onion,4150.0,Pattukottai(Uzhavar Sandhai ),26,58,11.19,12.06,-0.87
onion,4151.0,Tirukattupalli(Uzhavar Sandhai ),1,26,8.93,9.33,-0.4
onion,4151.0,Tirukattupalli(Uzhavar Sandhai ),4,23,13.85,14.68,-0.82
onion,4151.0,Tirukattupalli(Uzhavar Sandhai ),13,14,20.17,20.6,-0.43
onion,4152.0,Papanasam(Uzhavar Sandhai ),1,83,9.57,10.24,-0.67
onion,4152.0,Papanasam(Uzhavar Sandhai ),4,80,12.03,13.05,-1.02
onion,4152.0,Papanasam(Uzhavar Sandhai ),13,71,13.54,14.0,-0.47
onion,4152.0,Papanasam(Uzhavar Sandhai ),26,58,11.96,12.85,-0.9
onion,4153.0,Theni(Uzhavar Sandhai ),1,83,9.76,10.44,-0.68
onion,4153.0,Theni(Uzhavar Sandhai ),4,80,13.84,14.67,-0.83
onion,4153.0,Theni(Uzhavar Sandhai ),13,71,18.56,18.72,-0.16
onion,4153.0,Theni(Uzhavar Sandhai ),26,58,12.4,12.54,-0.14
onion,4154.0,Kambam(Uzhavar Sandhai ),1,83,9.79,10.3,-0.51
onion,4154.0,Kambam(Uzhavar Sandhai ),4,80,14.19,14.8,-0.62
onion,4154.0,Kambam(Uzhavar Sandhai ),13,71,18.89,19.05,-0.16
onion,4154.0,Kambam(Uzhavar Sandhai ),26,58,12.25,12.28,-0.03
onion,4155.0,Bodinayakanur(Uzhavar Sandhai ),1,83,9.57,10.21,-0.64
onion,4155.0,Bodinayakanur(Uzhavar Sandhai ),4,80,12.45,13.43,-0.98
onion,4155.0,Bodinayakanur(Uzhavar Sandhai ),13,71,16.2,16.38,-0.19
onion,4155.0,Bodinayakanur(Uzhavar Sandhai ),26,58,11.07,11.58,-0.51
onion,4156.0,Periyakulam(Uzhavar Sandhai ),1,83,10.23,10.98,-0.75
onion,4156.0,Periyakulam(Uzhavar Sandhai ),4,80,14.42,15.31,-0.9
onion,4156.0,Periyakulam(Uzhavar Sandhai ),13,71,18.64,18.78,-0.14
onion,4156.0,Periyakulam(Uzhavar Sandhai ),26,58,12.54,12.69,-0.14
onion,4157.0,Devaram(Uzhavar Sandhai ),1,83,9.9,10.47,-0.57
onion,4157.0,Devaram(Uzhavar Sandhai ),4,80,13.55,14.3,-0.76
onion,4157.0,Devaram(Uzhavar Sandhai ),13,71,16.69,16.99,-0.29
onion,4157.0,Devaram(Uzhavar Sandhai ),26,58,11.32,11.64,-0.33
onion,4158.0,Andipatti(Uzhavar Sandhai ),1,83,10.35,10.99,-0.64
onion,4158.0,Andipatti(Uzhavar Sandhai ),4,80,13.95,14.78,-0.83
onion,4158.0,Andipatti(Uzhavar Sandhai ),13,71,18.85,18.92,-0.07
onion,4158.0,Andipatti(Uzhavar Sandhai ),26,58,13.14,13.15,-0.02
onion,4159.0,Chinnamanur(Uzhavar Sandhai ),1,83,10.4,11.09,-0.69
onion,4159.0,Chinnamanur(Uzhavar Sandhai ),4,80,13.98,14.84,-0.86
onion,4159.0,Chinnamanur(Uzhavar Sandhai ),13,71,17.96,18.29,-0.33
onion,4159.0,Chinnamanur(Uzhavar Sandhai ),26,58,11.57,12.27,-0.69
onion,4160.0,Palayamkottai(Uzhavar Sandhai ),1,83,9.44,9.99,-0.56
onion,4160.0,Palayamkottai(Uzhavar Sandhai ),4,80,14.64,15.37,-0.73
onion,4160.0,Palayamkottai(Uzhavar Sandhai ),13,71,19.37,19.58,-0.22
onion,4160.0,Palayamkottai(Uzhavar Sandhai ),26,58,14.31,14.33,-0.01
onion,4162.0,Melapalayam(Uzhavar Sandhai ),1,83,9.19,9.77,-0.57
onion,4162.0,Melapalayam(Uzhavar Sandhai ),4,80,14.31,15.12,-0.81
onion,4162.0,Melapalayam(Uzhavar Sandhai ),13,71,19.93,19.87,0.06
onion,4162.0,Melapalayam(Uzhavar Sandhai ),26,58,13.57,13.41,0.16
onion,4164.0,NGO Colony(Uzhavar Sandhai ),1,83,9.6,10.34,-0.74
onion,4164.0,NGO Colony(Uzhavar Sandhai ),4,80,14.4,15.25,-0.85
onion,4164.0,NGO Colony(Uzhavar Sandhai ),13,71,21.06,20.96,0.1
onion,4164.0,NGO Colony(Uzhavar Sandhai ),26,58,14.81,14.46,0.35
onion,4165.0,Tiruthani(Uzhavar Sandhai ),1,26,13.47,13.51,-0.03
onion,4165.0,Tiruthani(Uzhavar Sandhai ),4,23,19.03,18.44,0.59
onion,4165.0,Tiruthani(Uzhavar Sandhai ),13,14,25.86,25.95,-0.1
onion,4166.0,Tiruvallur(Uzhavar Sandhai ),1,83,11.38,11.81,-0.43
onion,4166.0,Tiruvallur(Uzhavar Sandhai ),4,80,11.73,12.05,-0.32
onion,4166.0,Tiruvallur(Uzhavar Sandhai ),13,71,16.52,16.4,0.11
onion,4166.0,Tiruvallur(Uzhavar Sandhai ),26,58,10.2,10.41,-0.21
onion,4167.0,Ambattur(Uzhavar Sandhai ),1,83,11.52,12.16,-0.64
onion,4167.0,Ambattur(Uzhavar Sandhai ),4,80,13.04,13.52,-0.49
onion,4167.0,Ambattur(Uzhavar Sandhai ),13,71,19.47,18.92,0.56
onion,4167.0,Ambattur(Uzhavar Sandhai ),26,58,12.46,11.42,1.04
onion,4168.0,Paruthipattu(Uzhavar Sandhai ),1,83,11.32,11.76,-0.44
onion,4168.0,Paruthipattu(Uzhavar Sandhai ),4,80,12.43,12.87,-0.44
onion,4168.0,Paruthipattu(Uzhavar Sandhai ),13,71,19.88,19.67,0.21
onion,4168.0,Paruthipattu(Uzhavar Sandhai ),26,58,12.26,11.64,0.62
onion,4169.0,Naravarikuppam(Uzhavar Sandhai ),1,83,9.21,9.55,-0.34
onion,4169.0,Naravarikuppam(Uzhavar Sandhai ),4,80,10.26,10.52,-0.25
onion,4169.0,Naravarikuppam(Uzhavar Sandhai ),13,71,17.19,16.99,0.2
onion,4169.0,Naravarikuppam(Uzhavar Sandhai ),26,58,10.09,10.16,-0.07
onion,4170.0,Perambakkam(Uzhavar Sandhai ),1,83,9.22,9.8,-0.58
onion,4170.0,Perambakkam(Uzhavar Sandhai ),4,80,11.76,12.1,-0.34
onion,4170.0,Perambakkam(Uzhavar Sandhai ),13,71,15.63,15.25,0.38
onion,4170.0,Perambakkam(Uzhavar Sandhai ),26,58,8.65,8.21,0.45
onion,4172.0,Mannargudi I(Uzhavar Sandhai ),1,83,9.71,10.62,-0.91
onion,4172.0,Mannargudi I(Uzhavar Sandhai ),4,80,10.46,11.51,-1.05
onion,4172.0,Mannargudi I(Uzhavar Sandhai ),13,71,12.74,12.78,-0.04
onion,4172.0,Mannargudi I(Uzhavar Sandhai ),26,58,14.46,15.24,-0.78
onion,4173.0,Tiruvarur(Uzhavar Sandhai ),1,83,10.21,11.1,-0.89
onion,4173.0,Tiruvarur(Uzhavar Sandhai ),4,80,14.0,15.2,-1.2
onion,4173.0,Tiruvarur(Uzhavar Sandhai ),13,71,14.49,15.77,-1.28
onion,4173.0,Tiruvarur(Uzhavar Sandhai ),26,58,17.24,17.41,-0.17
onion,4174.0,Needamangalam(Uzhavar Sandhai ),1,83,9.62,10.64,-1.02
onion,4174.0,Needamangalam(Uzhavar Sandhai ),4,80,12.01,13.26,-1.25
onion,4174.0,Needamangalam(Uzhavar Sandhai ),13,71,16.44,16.81,-0.37
onion,4174.0,Needamangalam(Uzhavar Sandhai ),26,58,15.4,16.15,-0.75
onion,4175.0,Muthupettai(Uzhavar Sandhai ),1,83,9.6,10.13,-0.52
onion,4175.0,Muthupettai(Uzhavar Sandhai ),4,80,13.13,13.94,-0.8
onion,4175.0,Muthupettai(Uzhavar Sandhai ),13,71,15.75,16.08,-0.33
onion,4175.0,Muthupettai(Uzhavar Sandhai ),26,58,16.9,17.18,-0.29
onion,4176.0,Mannargudi II(Uzhavar Sandhai ),1,83,9.78,10.69,-0.91
onion,4176.0,Mannargudi II(Uzhavar Sandhai ),4,80,10.64,11.68,-1.04
onion,4176.0,Mannargudi II(Uzhavar Sandhai ),13,71,12.52,12.59,-0.06
onion,4176.0,Mannargudi II(Uzhavar Sandhai ),26,58,14.66,15.42,-0.76
onion,4178.0,Tuticorin(Uzhavar Sandhai ),1,83,9.39,10.41,-1.02
onion,4178.0,Tuticorin(Uzhavar Sandhai ),4,80,11.84,13.13,-1.29
onion,4178.0,Tuticorin(Uzhavar Sandhai ),13,71,16.63,17.0,-0.37
onion,4178.0,Tuticorin(Uzhavar Sandhai ),26,58,10.51,11.67,-1.17
onion,4179.0,Kovilpatti(Uzhavar Sandhai ),1,83,10.34,11.01,-0.67
onion,4179.0,Kovilpatti(Uzhavar Sandhai ),4,80,12.25,13.18,-0.93
onion,4179.0,Kovilpatti(Uzhavar Sandhai ),13,71,14.18,14.53,-0.35
onion,4179.0,Kovilpatti(Uzhavar Sandhai ),26,58,12.33,13.65,-1.33
onion,4180.0,Tiruvannamalai(Uzhavar Sandhai ),1,83,10.78,11.61,-0.83
onion,4180.0,Tiruvannamalai(Uzhavar Sandhai ),4,80,14.11,14.92,-0.81
onion,4180.0,Tiruvannamalai(Uzhavar Sandhai ),13,71,21.26,20.87,0.39
onion,4180.0,Tiruvannamalai(Uzhavar Sandhai ),26,58,15.34,14.65,0.7
onion,4181.0,Polur(Uzhavar Sandhai ),1,83,10.92,11.2,-0.29
onion,4181.0,Polur(Uzhavar Sandhai ),4,80,15.03,15.14,-0.11
onion,4181.0,Polur(Uzhavar Sandhai ),13,71,21.36,20.84,0.52
onion,4181.0,Polur(Uzhavar Sandhai ),26,58,17.0,15.82,1.18
onion,4182.0,Arani(Uzhavar Sandhai ),1,83,9.74,10.46,-0.72
onion,4182.0,Arani(Uzhavar Sandhai ),4,80,13.89,14.68,-0.79
onion,4182.0,Arani(Uzhavar Sandhai ),13,71,20.91,20.74,0.17
onion,4182.0,Arani(Uzhavar Sandhai ),26,58,15.88,15.41,0.47
onion,4183.0,Cheyyar(Uzhavar Sandhai ),1,83,9.91,10.65,-0.73
onion,4183.0,Cheyyar(Uzhavar Sandhai ),4,80,14.38,15.22,-0.84
onion,4183.0,Cheyyar(Uzhavar Sandhai ),13,71,20.01,19.88,0.13
onion,4183.0,Cheyyar(Uzhavar Sandhai ),26,58,16.3,15.71,0.59
onion,4184.0,Chengam(Uzhavar Sandhai ),1,83,10.09,10.48,-0.39
onion,4184.0,Chengam(Uzhavar Sandhai ),4,80,14.51,14.85,-0.35
onion,4184.0,Chengam(Uzhavar Sandhai ),13,71,24.22,23.15,1.07
onion,4184.0,Chengam(Uzhavar Sandhai ),26,58,22.5,19.63,2.87
onion,4185.0,Vandavasi(Uzhavar Sandhai ),1,62,10.06,10.61,-0.55
onion,4185.0,Vandavasi(Uzhavar Sandhai ),4,58,14.82,15.83,-1.01
onion,4185.0,Vandavasi(Uzhavar Sandhai ),13,52,23.09,23.03,0.06
onion,4185.0,Vandavasi(Uzhavar Sandhai ),26,39,11.77,12.28,-0.51
onion,4186.0,Keelpennathur(Uzhavar Sandhai ),1,83,10.83,11.22,-0.39
onion,4186.0,Keelpennathur(Uzhavar Sandhai ),4,80,15.61,15.65,-0.04
onion,4186.0,Keelpennathur(Uzhavar Sandhai ),13,71,21.7,19.42,2.27
onion,4186.0,Keelpennathur(Uzhavar Sandhai ),26,58,19.75,17.79,1.95
onion,4188.0,Anna nagar(Uzhavar Sandhai ),1,83,10.73,11.59,-0.86
onion,4188.0,Anna nagar(Uzhavar Sandhai ),4,80,13.75,15.0,-1.25
onion,4188.0,Anna nagar(Uzhavar Sandhai ),13,71,14.25,14.7,-0.45
onion,4188.0,Anna nagar(Uzhavar Sandhai ),26,58,16.36,17.37,-1.02
onion,4189.0,KKNagar(Uzhavar Sandhai ),1,26,8.85,9.34,-0.48
onion,4189.0,KKNagar(Uzhavar Sandhai ),4,23,13.27,14.32,-1.05
onion,4189.0,KKNagar(Uzhavar Sandhai ),13,14,19.62,20.29,-0.68
onion,4191.0,Manapparai(Uzhavar Sandhai ),1,83,9.66,10.34,-0.68
onion,4191.0,Manapparai(Uzhavar Sandhai ),4,80,12.46,13.35,-0.89
onion,4191.0,Manapparai(Uzhavar Sandhai ),13,71,13.48,13.65,-0.17
onion,4191.0,Manapparai(Uzhavar Sandhai ),26,58,12.79,13.55,-0.76
onion,4192.0,Musiri(Uzhavar Sandhai ),1,83,9.51,10.25,-0.74
onion,4192.0,Musiri(Uzhavar Sandhai ),4,80,11.65,12.61,-0.97
onion,4192.0,Musiri(Uzhavar Sandhai ),13,71,14.06,14.28,-0.23
onion,4192.0,Musiri(Uzhavar Sandhai ),26,58,12.76,13.4,-0.64
onion,4193.0,Thiruverumbur(Uzhavar Sandhai ),1,26,10.21,10.74,-0.52
onion,4193.0,Thiruverumbur(Uzhavar Sandhai ),4,23,14.29,15.96,-1.67
onion,4193.0,Thiruverumbur(Uzhavar Sandhai ),13,14,19.4,21.42,-2.02
onion,4194.0,Lalgudi(Uzhavar Sandhai ),1,83,9.19,10.11,-0.92
onion,4194.0,Lalgudi(Uzhavar Sandhai ),4,80,11.95,13.05,-1.1
onion,4194.0,Lalgudi(Uzhavar Sandhai ),13,71,12.19,12.3,-0.11
onion,4194.0,Lalgudi(Uzhavar Sandhai ),26,58,12.96,13.71,-0.75
onion,4195.0,Manachanallur(Uzhavar Sandhai ),1,83,9.24,10.1,-0.86
onion,4195.0,Manachanallur(Uzhavar Sandhai ),4,80,11.06,12.15,-1.09
onion,4195.0,Manachanallur(Uzhavar Sandhai ),13,71,14.37,14.64,-0.26
onion,4195.0,Manachanallur(Uzhavar Sandhai ),26,58,10.85,11.59,-0.74
onion,4197.0,Katpadi (Uzhavar Sandhai ),1,83,9.36,10.16,-0.8
onion,4197.0,Katpadi (Uzhavar Sandhai ),4,80,13.16,14.11,-0.95
onion,4197.0,Katpadi (Uzhavar Sandhai ),13,71,20.4,20.64,-0.24
onion,4197.0,Katpadi (Uzhavar Sandhai ),26,58,14.09,14.71,-0.62
onion,4198.0,Gudiyatham(Uzhavar Sandhai ),1,83,10.83,11.24,-0.42
onion,4198.0,Gudiyatham(Uzhavar Sandhai ),4,80,14.24,14.73,-0.49
onion,4198.0,Gudiyatham(Uzhavar Sandhai ),13,71,18.35,18.62,-0.26
onion,4198.0,Gudiyatham(Uzhavar Sandhai ),26,58,12.52,12.67,-0.14
onion,4199.0,Kahithapattarai(Uzhavar Sandhai ),1,83,9.36,10.1,-0.75
onion,4199.0,Kahithapattarai(Uzhavar Sandhai ),4,80,14.32,15.23,-0.91
onion,4199.0,Kahithapattarai(Uzhavar Sandhai ),13,71,20.76,21.06,-0.3
onion,4199.0,Kahithapattarai(Uzhavar Sandhai ),26,58,15.86,15.95,-0.1
onion,4201.0,Villupuram(Uzhavar Sandhai ),1,26,9.57,10.02,-0.46
onion,4201.0,Villupuram(Uzhavar Sandhai ),4,23,14.14,15.26,-1.11
onion,4201.0,Villupuram(Uzhavar Sandhai ),13,14,9.12,9.64,-0.52
onion,4202.0,Gingee(Uzhavar Sandhai ),1,83,9.54,10.05,-0.51
onion,4202.0,Gingee(Uzhavar Sandhai ),4,80,13.08,13.95,-0.87
onion,4202.0,Gingee(Uzhavar Sandhai ),13,71,18.96,19.42,-0.46
onion,4202.0,Gingee(Uzhavar Sandhai ),26,58,15.0,14.96,0.04
onion,4203.0,Aruppukottai(Uzhavar Sandhai ),1,83,9.66,9.99,-0.34
onion,4203.0,Aruppukottai(Uzhavar Sandhai ),4,80,12.31,12.8,-0.49
onion,4203.0,Aruppukottai(Uzhavar Sandhai ),13,71,17.54,17.37,0.17
onion,4203.0,Aruppukottai(Uzhavar Sandhai ),26,58,12.73,12.57,0.16
onion,4204.0,Rajapalayam(Uzhavar Sandhai ),1,83,9.31,10.07,-0.75
onion,4204.0,Rajapalayam(Uzhavar Sandhai ),4,80,10.24,11.24,-0.99
onion,4204.0,Rajapalayam(Uzhavar Sandhai ),13,71,13.33,13.42,-0.09
onion,4204.0,Rajapalayam(Uzhavar Sandhai ),26,58,10.37,11.12,-0.75
onion,4205.0,Srivilliputhur(Uzhavar Sandhai ),1,83,9.69,10.59,-0.9
onion,4205.0,Srivilliputhur(Uzhavar Sandhai ),4,80,11.24,12.1,-0.86
onion,4205.0,Srivilliputhur(Uzhavar Sandhai ),13,71,14.19,14.27,-0.07
onion,4205.0,Srivilliputhur(Uzhavar Sandhai ),26,58,9.73,9.9,-0.17
onion,4206.0,Virudhunagar(Uzhavar Sandhai ),1,83,10.88,11.58,-0.7
onion,4206.0,Virudhunagar(Uzhavar Sandhai ),4,80,15.21,15.76,-0.55
onion,4206.0,Virudhunagar(Uzhavar Sandhai ),13,71,16.84,16.4,0.44
onion,4206.0,Virudhunagar(Uzhavar Sandhai ),26,58,10.97,10.88,0.08
onion,4207.0,Sivakasi(Uzhavar Sandhai ),1,83,10.73,10.9,-0.18
onion,4207.0,Sivakasi(Uzhavar Sandhai ),4,80,16.34,16.98,-0.65
onion,4207.0,Sivakasi(Uzhavar Sandhai ),13,71,15.48,15.35,0.13
onion,4207.0,Sivakasi(Uzhavar Sandhai ),26,58,13.21,13.5,-0.29
onion,4208.0,Sathur(Uzhavar Sandhai ),1,83,9.4,9.9,-0.5
onion,4208.0,Sathur(Uzhavar Sandhai ),4,80,12.18,12.84,-0.67
onion,4208.0,Sathur(Uzhavar Sandhai ),13,71,15.12,15.04,0.08
onion,4208.0,Sathur(Uzhavar Sandhai ),26,58,9.53,9.78,-0.26
onion,4209.0,Kariyapatti(Uzhavar Sandhai ),1,83,10.37,10.71,-0.34
onion,4209.0,Kariyapatti(Uzhavar Sandhai ),4,80,12.38,12.85,-0.47
onion,4209.0,Kariyapatti(Uzhavar Sandhai ),13,71,18.31,18.3,0.01
onion,4209.0,Kariyapatti(Uzhavar Sandhai ),26,58,12.43,12.34,0.09
onion,4210.0,Thalavaipuram(Uzhavar Sandhai ),1,83,9.62,10.39,-0.78
onion,4210.0,Thalavaipuram(Uzhavar Sandhai ),4,80,11.77,12.83,-1.06
onion,4210.0,Thalavaipuram(Uzhavar Sandhai ),13,71,14.42,14.53,-0.12
onion,4210.0,Thalavaipuram(Uzhavar Sandhai ),26,58,10.02,10.67,-0.65
onion,4212.0,Myladi(Uzhavar Sandhai ),1,83,10.31,11.01,-0.69
onion,4212.0,Myladi(Uzhavar Sandhai ),4,80,16.16,17.16,-1.0
onion,4212.0,Myladi(Uzhavar Sandhai ),13,71,14.84,15.27,-0.42
onion,4212.0,Myladi(Uzhavar Sandhai ),26,58,15.58,17.03,-1.45
onion,4213.0,Pallavaram(Uzhavar Sandhai ),1,83,8.87,9.55,-0.68
onion,4213.0,Pallavaram(Uzhavar Sandhai ),4,80,9.37,10.27,-0.9
onion,4213.0,Pallavaram(Uzhavar Sandhai ),13,71,14.9,15.12,-0.22
onion,4213.0,Pallavaram(Uzhavar Sandhai ),26,58,9.64,9.97,-0.33
onion,4214.0,Chengalpet(Uzhavar Sandhai ),1,83,11.83,12.28,-0.45
onion,4214.0,Chengalpet(Uzhavar Sandhai ),4,80,14.19,14.77,-0.57
onion,4214.0,Chengalpet(Uzhavar Sandhai ),13,71,17.02,16.66,0.36
onion,4214.0,Chengalpet(Uzhavar Sandhai ),26,58,11.1,11.68,-0.57
onion,4215.0,Medavakkam(Uzhavar Sandhai ),1,83,13.22,13.43,-0.22
onion,4215.0,Medavakkam(Uzhavar Sandhai ),4,80,15.86,15.9,-0.04
onion,4215.0,Medavakkam(Uzhavar Sandhai ),13,71,23.18,22.67,0.5
onion,4215.0,Medavakkam(Uzhavar Sandhai ),26,58,17.69,16.9,0.8
onion,4216.0,Nanganallur(Uzhavar Sandhai ),1,83,11.11,11.67,-0.55
onion,4216.0,Nanganallur(Uzhavar Sandhai ),4,80,17.73,17.9,-0.17
onion,4216.0,Nanganallur(Uzhavar Sandhai ),13,71,23.23,20.91,2.32
onion,4216.0,Nanganallur(Uzhavar Sandhai ),26,58,21.12,19.17,1.96
onion,4217.0,Madhuranthagam(Uzhavar Sandhai ),1,72,9.53,10.35,-0.83
onion,4217.0,Madhuranthagam(Uzhavar Sandhai ),4,66,11.31,12.32,-1.0
onion,4217.0,Madhuranthagam(Uzhavar Sandhai ),13,53,13.99,14.88,-0.9
onion,4217.0,Madhuranthagam(Uzhavar Sandhai ),26,40,15.17,17.55,-2.38
onion,4219.0,Jameenrayapettai(Uzhavar Sandhai ),1,83,8.8,9.47,-0.67
onion,4219.0,Jameenrayapettai(Uzhavar Sandhai ),4,80,10.79,11.56,-0.77
onion,4219.0,Jameenrayapettai(Uzhavar Sandhai ),13,71,15.57,15.63,-0.06
onion,4219.0,Jameenrayapettai(Uzhavar Sandhai ),26,58,9.91,10.18,-0.27
onion,4220.0,Guduvancheri(Uzhavar Sandhai ),1,83,13.71,13.56,0.15
onion,4220.0,Guduvancheri(Uzhavar Sandhai ),4,80,21.27,19.64,1.63
onion,4220.0,Guduvancheri(Uzhavar Sandhai ),13,71,27.6,23.5,4.1
onion,4220.0,Guduvancheri(Uzhavar Sandhai ),26,58,23.36,20.04,3.32
onion,4221.0,Thirukalukundram(Uzhavar Sandhai ),1,83,10.89,11.42,-0.53
onion,4221.0,Thirukalukundram(Uzhavar Sandhai ),4,80,12.06,12.92,-0.86
onion,4221.0,Thirukalukundram(Uzhavar Sandhai ),13,71,15.91,15.64,0.27
onion,4221.0,Thirukalukundram(Uzhavar Sandhai ),26,58,11.54,11.35,0.2
onion,4222.0,Kallakurichi(Uzhavar Sandhai ),1,83,10.99,11.59,-0.6
onion,4222.0,Kallakurichi(Uzhavar Sandhai ),4,80,12.83,13.93,-1.1
onion,4222.0,Kallakurichi(Uzhavar Sandhai ),13,71,13.35,13.47,-0.13
onion,4222.0,Kallakurichi(Uzhavar Sandhai ),26,58,12.89,13.8,-0.91
onion,4224.0,Sankarapuram(Uzhavar Sandhai ),1,83,11.05,11.47,-0.41
onion,4224.0,Sankarapuram(Uzhavar Sandhai ),4,80,13.33,14.27,-0.94
onion,4224.0,Sankarapuram(Uzhavar Sandhai ),13,71,13.73,14.13,-0.4
onion,4224.0,Sankarapuram(Uzhavar Sandhai ),26,58,13.1,14.04,-0.93
onion,4225.0,Ranipettai(Uzhavar Sandhai ),1,83,10.17,10.95,-0.78
onion,4225.0,Ranipettai(Uzhavar Sandhai ),4,80,15.12,16.1,-0.98
onion,4225.0,Ranipettai(Uzhavar Sandhai ),13,71,21.87,21.56,0.32
onion,4225.0,Ranipettai(Uzhavar Sandhai ),26,58,17.33,16.3,1.03
onion,4226.0,Arcot(Uzhavar Sandhai ),1,83,9.95,10.64,-0.69
onion,4226.0,Arcot(Uzhavar Sandhai ),4,80,14.3,15.22,-0.92
onion,4226.0,Arcot(Uzhavar Sandhai ),13,71,21.54,21.34,0.2
onion,4226.0,Arcot(Uzhavar Sandhai ),26,58,15.98,15.16,0.82
onion,4227.0,Sankarankoil(Uzhavar Sandhai ),1,83,9.57,10.09,-0.52
onion,4227.0,Sankarankoil(Uzhavar Sandhai ),4,80,9.62,10.39,-0.78
onion,4227.0,Sankarankoil(Uzhavar Sandhai ),13,71,13.16,13.07,0.09
onion,4227.0,Sankarankoil(Uzhavar Sandhai ),26,58,10.91,11.38,-0.47
onion,4228.0,Tenkasi(Uzhavar Sandhai ),1,83,11.15,11.37,-0.22
onion,4228.0,Tenkasi(Uzhavar Sandhai ),4,80,15.34,15.48,-0.13
onion,4228.0,Tenkasi(Uzhavar Sandhai ),13,71,20.45,19.52,0.93
onion,4228.0,Tenkasi(Uzhavar Sandhai ),26,58,12.97,12.5,0.46
onion,4229.0,Vaniyampadi(Uzhavar Sandhai ),1,83,9.95,10.83,-0.88
onion,4229.0,Vaniyampadi(Uzhavar Sandhai ),4,80,13.73,14.85,-1.12
onion,4229.0,Vaniyampadi(Uzhavar Sandhai ),13,71,20.4,20.98,-0.58
onion,4229.0,Vaniyampadi(Uzhavar Sandhai ),26,58,15.63,15.81,-0.18
onion,4231.0,Natrampalli(Uzhavar Sandhai ),1,83,9.0,9.65,-0.65
onion,4231.0,Natrampalli(Uzhavar Sandhai ),4,80,11.89,12.44,-0.56
onion,4231.0,Natrampalli(Uzhavar Sandhai ),13,71,17.31,17.61,-0.3
onion,4231.0,Natrampalli(Uzhavar Sandhai ),26,58,12.23,12.04,0.19
onion,4234.0,Tiruppur (North) (Uzhavar Sandhai ),1,83,10.29,10.56,-0.26
onion,4234.0,Tiruppur (North) (Uzhavar Sandhai ),4,80,16.5,16.66,-0.16
onion,4234.0,Tiruppur (North) (Uzhavar Sandhai ),13,71,24.93,24.17,0.76
onion,4234.0,Tiruppur (North) (Uzhavar Sandhai ),26,58,20.25,18.96,1.29
onion,4235.0,Tiruppur (South) (Uzhavar Sandhai ),1,83,10.36,10.97,-0.61
onion,4235.0,Tiruppur (South) (Uzhavar Sandhai ),4,80,15.65,15.91,-0.25
onion,4235.0,Tiruppur (South) (Uzhavar Sandhai ),13,71,31.77,31.03,0.74
onion,4235.0,Tiruppur (South) (Uzhavar Sandhai ),26,58,31.62,30.14,1.48
onion,4236.0,Dharapuram(Uzhavar Sandhai ),1,83,10.11,10.62,-0.52
onion,4236.0,Dharapuram(Uzhavar Sandhai ),4,80,14.51,14.74,-0.24
onion,4236.0,Dharapuram(Uzhavar Sandhai ),13,71,22.51,21.39,1.12
onion,4236.0,Dharapuram(Uzhavar Sandhai ),26,58,16.07,15.7,0.37
onion,4237.0,Kangayam(Uzhavar Sandhai ),1,83,8.48,9.31,-0.83
onion,4237.0,Kangayam(Uzhavar Sandhai ),4,80,10.62,11.42,-0.8
onion,4237.0,Kangayam(Uzhavar Sandhai ),13,71,16.46,16.11,0.35
onion,4237.0,Kangayam(Uzhavar Sandhai ),26,58,8.07,7.91,0.16
onion,4240.0,Balarampuram APMC,1,90,10.33,10.75,-0.42
onion,4240.0,Balarampuram APMC,4,87,13.43,13.58,-0.15
onion,4240.0,Balarampuram APMC,13,78,17.0,17.02,-0.02
onion,4240.0,Balarampuram APMC,26,65,14.14,14.77,-0.63
onion,4295.0,Barpeta Road APMC,1,24,11.83,10.29,1.55
onion,4295.0,Barpeta Road APMC,4,21,18.61,15.2,3.42
onion,4295.0,Barpeta Road APMC,13,12,43.77,43.49,0.28
onion,4398.0,Kakching Market APMC,1,84,11.7,12.94,-1.24
onion,4398.0,Kakching Market APMC,4,78,16.57,18.37,-1.8
onion,4398.0,Kakching Market APMC,13,60,21.73,26.18,-4.45
onion,4398.0,Kakching Market APMC,26,53,33.44,35.46,-2.02
onion,4402.0,SMY Jogindernagar,1,46,12.59,13.87,-1.28
onion,4402.0,SMY Jogindernagar,4,43,21.16,23.27,-2.11
onion,4402.0,SMY Jogindernagar,13,34,20.83,23.25,-2.42
onion,4402.0,SMY Jogindernagar,26,21,17.59,20.47,-2.89
onion,4407.0,SMY Takarla,1,36,13.57,14.66,-1.09
onion,4407.0,SMY Takarla,4,33,19.6,22.2,-2.59
onion,4407.0,SMY Takarla,13,24,24.12,25.56,-1.45
onion,4407.0,SMY Takarla,26,11,18.42,19.14,-0.72
onion,4429.0,Badwani(F&V) APMC,1,85,16.98,17.49,-0.51
onion,4429.0,Badwani(F&V) APMC,4,79,21.83,21.46,0.37
onion,4429.0,Badwani(F&V) APMC,13,66,34.87,32.52,2.35
onion,4429.0,Badwani(F&V) APMC,26,53,69.0,68.36,0.64
onion,4445.0,Chattarpur(F&V) APMC,1,24,14.77,16.31,-1.54
onion,4445.0,Chattarpur(F&V) APMC,4,21,21.17,24.1,-2.93
onion,4445.0,Chattarpur(F&V) APMC,13,12,31.29,33.72,-2.42
onion,4464.0,Hoshangabad(F&V) APMC,1,69,19.18,18.81,0.37
onion,4464.0,Hoshangabad(F&V) APMC,4,63,27.38,27.53,-0.15
onion,4464.0,Hoshangabad(F&V) APMC,13,46,36.64,36.57,0.07
onion,4464.0,Hoshangabad(F&V) APMC,26,35,47.83,45.74,2.09
onion,4475.0,Kalapipal(F&V) APMC,1,85,23.76,23.49,0.26
onion,4475.0,Kalapipal(F&V) APMC,4,79,34.03,32.11,1.92
onion,4475.0,Kalapipal(F&V) APMC,13,65,53.81,47.05,6.76
onion,4475.0,Kalapipal(F&V) APMC,26,52,108.04,101.72,6.31
onion,4478.0,Karera(F&V) APMC,1,34,11.74,12.1,-0.36
onion,4478.0,Karera(F&V) APMC,4,28,18.13,19.43,-1.29
onion,4478.0,Karera(F&V) APMC,13,15,21.78,23.62,-1.85
onion,4478.0,Karera(F&V) APMC,26,12,14.8,14.78,0.02
onion,4491.0,Kukshi(F&V) APMC,1,36,14.0,14.2,-0.2
onion,4491.0,Kukshi(F&V) APMC,4,30,28.19,27.63,0.56
onion,4491.0,Kukshi(F&V) APMC,13,18,31.97,29.62,2.35
onion,4491.0,Kukshi(F&V) APMC,26,13,98.82,91.19,7.63
onion,4503.0,Manawar(F&V) APMC,1,71,17.27,16.66,0.61
onion,4503.0,Manawar(F&V) APMC,4,65,24.38,21.91,2.47
onion,4503.0,Manawar(F&V) APMC,13,47,43.97,36.3,7.67
onion,4503.0,Manawar(F&V) APMC,26,37,82.08,79.82,2.26
onion,4523.0,Petlawad(F&V) APMC,1,69,19.76,19.27,0.48
onion,4523.0,Petlawad(F&V) APMC,4,60,26.87,24.73,2.14
onion,4523.0,Petlawad(F&V) APMC,13,39,57.88,53.16,4.72
onion,4523.0,Petlawad(F&V) APMC,26,37,78.56,63.64,14.91
onion,4524.0,Pipariya(F&V) APMC,1,85,12.03,12.99,-0.96
onion,4524.0,Pipariya(F&V) APMC,4,79,15.64,17.13,-1.48
onion,4524.0,Pipariya(F&V) APMC,13,66,23.5,24.57,-1.07
onion,4524.0,Pipariya(F&V) APMC,26,53,36.12,36.72,-0.6
onion,4529.0,Rehli(F&V) APMC,1,36,17.95,20.03,-2.07
onion,4529.0,Rehli(F&V) APMC,4,30,26.66,28.68,-2.01
onion,4529.0,Rehli(F&V) APMC,13,18,36.1,39.48,-3.38
onion,4529.0,Rehli(F&V) APMC,26,13,44.09,42.92,1.17
onion,4532.0,Sabalgarh(F&V) APMC,1,80,27.14,26.08,1.06
onion,4532.0,Sabalgarh(F&V) APMC,4,74,30.18,27.25,2.93
onion,4532.0,Sabalgarh(F&V) APMC,13,58,49.57,41.58,7.98
onion,4532.0,Sabalgarh(F&V) APMC,26,45,107.59,100.8,6.79
onion,4533.0,Sailana(F&V) APMC,1,86,29.82,24.42,5.4
onion,4533.0,Sailana(F&V) APMC,4,80,45.72,35.32,10.4
onion,4533.0,Sailana(F&V) APMC,13,67,84.45,59.34,25.11
onion,4533.0,Sailana(F&V) APMC,26,54,170.87,142.56,28.31
onion,4534.0,Sanawad(F&V) APMC,1,73,20.63,19.67,0.95
onion,4534.0,Sanawad(F&V) APMC,4,64,28.79,28.1,0.69
onion,4534.0,Sanawad(F&V) APMC,13,45,43.69,38.8,4.89
onion,4534.0,Sanawad(F&V) APMC,26,36,45.06,42.63,2.43
onion,4535.0,Sanwer(F&V) APMC,1,37,24.07,21.96,2.12
onion,4535.0,Sanwer(F&V) APMC,4,31,38.34,32.72,5.62
onion,4535.0,Sanwer(F&V) APMC,13,18,33.61,34.34,-0.73
onion,4535.0,Sanwer(F&V) APMC,26,14,67.73,62.89,4.84
onion,4539.0,Sendhwa(F&V) APMC,1,86,19.24,18.56,0.68
onion,4539.0,Sendhwa(F&V) APMC,4,80,32.85,28.07,4.77
onion,4539.0,Sendhwa(F&V) APMC,13,67,61.47,47.9,13.57
onion,4539.0,Sendhwa(F&V) APMC,26,54,97.89,82.01,15.88
onion,4540.0,Seoni(F&V) APMC,1,27,8.1,8.17,-0.07
onion,4540.0,Seoni(F&V) APMC,4,24,10.54,10.69,-0.16
onion,4540.0,Seoni(F&V) APMC,13,15,13.35,13.7,-0.35
onion,4666.0,Rampurhat APMC,1,83,13.88,15.38,-1.5
onion,4666.0,Rampurhat APMC,4,80,20.01,22.17,-2.17
onion,4666.0,Rampurhat APMC,13,71,20.88,22.48,-1.6
onion,4666.0,Rampurhat APMC,26,58,23.7,23.37,0.32
onion,4681.0,Ayodhya APMC,1,83,12.02,14.63,-2.61
onion,4681.0,Ayodhya APMC,4,80,19.83,22.19,-2.36
onion,4681.0,Ayodhya APMC,13,71,29.95,30.91,-0.96
onion,4681.0,Ayodhya APMC,26,58,59.19,54.67,4.52
onion,4707.0,"Fruit&Vegetable Market,Gazipur APMC",1,38,16.06,17.2,-1.14
onion,4707.0,"Fruit&Vegetable Market,Gazipur APMC",4,35,19.53,22.37,-2.85
onion,4707.0,"Fruit&Vegetable Market,Gazipur APMC",13,26,37.76,40.58,-2.83
onion,4707.0,"Fruit&Vegetable Market,Gazipur APMC",26,13,26.91,26.57,0.34
onion,4757.0,APMC PATANCHERU,1,11,20.45,20.68,-0.23
onion,4846.0,Karimangalam(Uzhavar Sandhai),1,75,12.82,12.8,0.02
onion,4846.0,Karimangalam(Uzhavar Sandhai),4,72,25.17,24.84,0.33
onion,4846.0,Karimangalam(Uzhavar Sandhai),13,63,54.23,45.73,8.5
onion,4846.0,Karimangalam(Uzhavar Sandhai),26,50,62.41,48.33,14.08
onion,4848.0,Mecheri(Uzhavar Sandhai),1,70,12.9,12.68,0.22
onion,4848.0,Mecheri(Uzhavar Sandhai),4,64,20.26,18.77,1.49
onion,4848.0,Mecheri(Uzhavar Sandhai),13,49,30.82,27.83,2.99
onion,4848.0,Mecheri(Uzhavar Sandhai),26,36,32.04,27.3,4.74
onion,4849.0,Pallikonda(Uzhavar Sandhai),1,70,13.39,14.16,-0.77
onion,4849.0,Pallikonda(Uzhavar Sandhai),4,64,24.14,24.86,-0.71
onion,4849.0,Pallikonda(Uzhavar Sandhai),13,49,46.12,42.38,3.74
onion,4849.0,Pallikonda(Uzhavar Sandhai),26,36,55.91,46.34,9.58
onion,4850.0,Perampet(Uzhavar Sandhai),1,63,12.46,12.04,0.42
onion,4850.0,Perampet(Uzhavar Sandhai),4,57,21.88,21.04,0.85
onion,4850.0,Perampet(Uzhavar Sandhai),13,41,55.25,46.47,8.78
onion,4850.0,Perampet(Uzhavar Sandhai),26,28,63.57,48.15,15.43
onion,4851.0,Peravurani(Uzhavar Sandhai),1,70,9.58,9.42,0.16
onion,4851.0,Peravurani(Uzhavar Sandhai),4,64,15.16,13.75,1.4
onion,4851.0,Peravurani(Uzhavar Sandhai),13,49,25.03,22.87,2.15
onion,4851.0,Peravurani(Uzhavar Sandhai),26,36,30.44,28.9,1.54
onion,4852.0,Ponnamaravathi(Uzhavar Sandhai),1,63,11.79,13.51,-1.72
onion,4852.0,Ponnamaravathi(Uzhavar Sandhai),4,57,21.17,21.71,-0.54
onion,4852.0,Ponnamaravathi(Uzhavar Sandhai),13,42,44.03,40.53,3.51
onion,4852.0,Ponnamaravathi(Uzhavar Sandhai),26,29,60.83,49.57,11.26
onion,4853.0,Vazhapadi(Uzhavar Sandhai),1,25,9.25,9.52,-0.27
onion,4853.0,Vazhapadi(Uzhavar Sandhai),4,22,16.78,18.18,-1.41
onion,4853.0,Vazhapadi(Uzhavar Sandhai),13,13,24.21,24.95,-0.74
onion,4854.0,Vedaranyam(Uzhavar Sandhai),1,25,8.17,8.27,-0.11
onion,4854.0,Vedaranyam(Uzhavar Sandhai),4,22,12.2,12.36,-0.15
onion,4854.0,Vedaranyam(Uzhavar Sandhai),13,13,14.53,14.39,0.14
onion,4855.0,Gandhigramam(Uzhavar Sandhai),1,25,8.46,8.86,-0.4
onion,4855.0,Gandhigramam(Uzhavar Sandhai),4,22,11.57,12.97,-1.4
onion,4855.0,Gandhigramam(Uzhavar Sandhai),13,13,18.97,18.99,-0.02
onion,4906.0,Dhampur APMC,1,22,10.8,13.84,-3.03
onion,4906.0,Dhampur APMC,4,19,13.23,18.08,-4.85
onion,4906.0,Dhampur APMC,13,10,22.87,26.09,-3.23
potato,303.0,Dehradoon APMC,1,237,15.84,15.12,0.72
potato,303.0,Dehradoon APMC,4,234,19.59,18.34,1.25
potato,303.0,Dehradoon APMC,13,225,32.94,29.06,3.88
potato,303.0,Dehradoon APMC,26,212,34.1,27.82,6.28
potato,319.0,Kashipur APMC,1,235,16.14,15.12,1.02
potato,319.0,Kashipur APMC,4,232,21.61,20.23,1.38
potato,319.0,Kashipur APMC,13,223,33.99,29.14,4.85
potato,319.0,Kashipur APMC,26,210,39.52,32.69,6.83
potato,326.0,Rudrapur APMC,1,232,16.77,14.62,2.15
potato,326.0,Rudrapur APMC,4,229,25.89,21.58,4.3
potato,326.0,Rudrapur APMC,13,220,49.01,40.21,8.81
potato,326.0,Rudrapur APMC,26,207,56.98,44.31,12.67
potato,328.0,Barasat APMC,1,237,9.06,9.42,-0.36
potato,328.0,Barasat APMC,4,234,15.04,15.32,-0.28
potato,328.0,Barasat APMC,13,225,39.29,42.52,-3.23
potato,328.0,Barasat APMC,26,212,26.84,28.57,-1.72
potato,329.0,Bankura Sadar APMC,1,237,11.42,10.01,1.42
potato,329.0,Bankura Sadar APMC,4,234,18.63,15.9,2.74
potato,329.0,Bankura Sadar APMC,13,225,49.54,45.82,3.71
potato,329.0,Bankura Sadar APMC,26,212,46.0,40.1,5.9
potato,330.0,Bolpur APMC,1,237,9.36,9.72,-0.36
potato,330.0,Bolpur APMC,4,234,17.29,17.46,-0.17
potato,330.0,Bolpur APMC,13,225,42.16,44.05,-1.89
potato,330.0,Bolpur APMC,26,212,28.14,29.05,-0.91
potato,331.0,Kalna APMC,1,237,10.64,10.34,0.3
potato,331.0,Kalna APMC,4,234,18.01,16.57,1.44
potato,331.0,Kalna APMC,13,225,47.05,46.53,0.52
potato,331.0,Kalna APMC,26,212,37.99,35.97,2.02
potato,332.0,Katwa APMC,1,226,11.98,10.94,1.04
potato,332.0,Katwa APMC,4,220,20.87,18.61,2.26
potato,332.0,Katwa APMC,13,207,52.42,48.71,3.72
potato,332.0,Katwa APMC,26,194,39.73,33.95,5.77
potato,333.0,Coochbehar APMC,1,236,12.48,10.89,1.59
potato,333.0,Coochbehar APMC,4,233,20.88,18.07,2.81
potato,333.0,Coochbehar APMC,13,224,41.91,40.74,1.17
potato,333.0,Coochbehar APMC,26,211,42.2,38.36,3.85
potato,334.0,Pandua APMC,1,237,10.82,10.13,0.69
potato,334.0,Pandua APMC,4,234,16.95,15.89,1.06
potato,334.0,Pandua APMC,13,225,46.55,46.15,0.39
potato,334.0,Pandua APMC,26,212,37.26,35.52,1.74
potato,335.0,Dhupguri APMC,1,237,11.17,10.05,1.12
potato,335.0,Dhupguri APMC,4,234,20.27,17.62,2.66
potato,335.0,Dhupguri APMC,13,225,45.81,44.52,1.29
potato,335.0,Dhupguri APMC,26,212,43.69,39.65,4.04
potato,336.0,Samsi APMC,1,238,13.61,11.69,1.92
potato,336.0,Samsi APMC,4,235,22.34,18.56,3.78
potato,336.0,Samsi APMC,13,226,51.62,46.11,5.51
potato,336.0,Samsi APMC,26,213,49.98,41.49,8.49
potato,337.0,English Bazar APMC,1,226,13.97,12.6,1.37
potato,337.0,English Bazar APMC,4,220,24.29,21.31,2.97
potato,337.0,English Bazar APMC,13,206,40.44,40.33,0.11
potato,337.0,English Bazar APMC,26,194,42.62,36.29,6.33
potato,338.0,Tamluk (Medinipur E) APMC,1,237,10.8,10.29,0.51
potato,338.0,Tamluk (Medinipur E) APMC,4,234,18.69,17.02,1.67
potato,338.0,Tamluk (Medinipur E) APMC,13,225,47.32,46.8,0.53
potato,338.0,Tamluk (Medinipur E) APMC,26,212,30.86,28.78,2.08
potato,341.0,Karimpur APMC,1,237,10.33,10.36,-0.03
potato,341.0,Karimpur APMC,4,234,16.77,16.51,0.25
potato,341.0,Karimpur APMC,13,225,45.97,46.57,-0.6
potato,341.0,Karimpur APMC,26,212,29.41,29.19,0.22
potato,342.0,Bethuadahari APMC,1,237,10.52,10.37,0.14
potato,342.0,Bethuadahari APMC,4,234,16.86,16.5,0.36
potato,342.0,Bethuadahari APMC,13,225,43.47,44.81,-1.34
potato,342.0,Bethuadahari APMC,26,212,30.33,30.19,0.14
potato,343.0,Islampur APMC,1,237,11.72,10.42,1.3
potato,343.0,Islampur APMC,4,234,19.59,16.7,2.88
potato,343.0,Islampur APMC,13,225,46.1,43.97,2.13
potato,343.0,Islampur APMC,26,212,43.76,39.32,4.44
potato,667.0,Rishikesh APMC,1,238,9.55,8.82,0.74
potato,667.0,Rishikesh APMC,4,235,18.35,17.33,1.01
potato,667.0,Rishikesh APMC,13,226,42.71,40.19,2.52
potato,667.0,Rishikesh APMC,26,213,45.3,36.91,8.39
potato,668.0,Vikasnagar APMC,1,237,20.4,17.87,2.53
potato,668.0,Vikasnagar APMC,4,234,26.45,22.39,4.06
potato,668.0,Vikasnagar APMC,13,225,44.59,36.34,8.24
potato,668.0,Vikasnagar APMC,26,212,47.88,37.26,10.63
potato,669.0,Khateema APMC,1,237,13.93,12.55,1.39
potato,669.0,Khateema APMC,4,234,20.3,18.79,1.51
potato,669.0,Khateema APMC,13,225,43.83,37.78,6.06
potato,669.0,Khateema APMC,26,212,46.77,38.06,8.7
potato,670.0,Burdwan APMC,1,237,10.42,10.28,0.15
potato,670.0,Burdwan APMC,4,234,17.82,16.82,0.99
potato,670.0,Burdwan APMC,13,225,46.49,46.55,-0.07
potato,670.0,Burdwan APMC,26,212,34.95,33.92,1.03
potato,671.0,Medinipur(West) APMC,1,237,12.23,10.78,1.45
potato,671.0,Medinipur(West) APMC,4,234,19.08,16.43,2.65
potato,671.0,Medinipur(West) APMC,13,225,49.72,46.6,3.12
potato,671.0,Medinipur(West) APMC,26,212,44.86,39.28,5.58
potato,672.0,Birbhum APMC,1,237,8.76,8.83,-0.07
potato,672.0,Birbhum APMC,4,234,16.97,16.71,0.26
potato,672.0,Birbhum APMC,13,225,40.83,42.69,-1.86
potato,672.0,Birbhum APMC,26,212,30.33,31.27,-0.94
potato,673.0,Purulia APMC,1,222,8.85,8.5,0.35
potato,673.0,Purulia APMC,4,216,16.84,15.34,1.5
potato,673.0,Purulia APMC,13,206,41.31,41.95,-0.64
potato,673.0,Purulia APMC,26,199,37.0,35.73,1.28
potato,674.0,Nadia APMC,1,237,10.39,10.2,0.19
potato,674.0,Nadia APMC,4,234,16.88,16.42,0.46
potato,674.0,Nadia APMC,13,225,43.74,44.86,-1.12
potato,674.0,Nadia APMC,26,212,31.08,30.97,0.1
potato,675.0,Jalpaiguri Sadar APMC,1,237,11.03,9.97,1.06
potato,675.0,Jalpaiguri Sadar APMC,4,234,19.45,17.21,2.24
potato,675.0,Jalpaiguri Sadar APMC,13,225,45.04,44.24,0.79
potato,675.0,Jalpaiguri Sadar APMC,26,212,42.08,38.95,3.13
potato,676.0,Alipurduar APMC,1,237,11.36,10.28,1.08
potato,676.0,Alipurduar APMC,4,234,19.83,17.08,2.75
potato,676.0,Alipurduar APMC,13,225,45.72,43.94,1.78
potato,676.0,Alipurduar APMC,26,212,42.76,39.35,3.41
potato,677.0,Kalimpong APMC,1,223,15.6,16.29,-0.69
potato,677.0,Kalimpong APMC,4,217,21.02,21.81,-0.79
potato,677.0,Kalimpong APMC,13,210,42.35,43.6,-1.24
potato,677.0,Kalimpong APMC,26,200,26.23,26.61,-0.39
potato,799.0,Ramkrishanpur(Howrah) APMC,1,237,10.97,10.6,0.37
potato,799.0,Ramkrishanpur(Howrah) APMC,4,234,17.2,16.47,0.73
potato,799.0,Ramkrishanpur(Howrah) APMC,13,225,44.16,45.25,-1.09
potato,799.0,Ramkrishanpur(Howrah) APMC,26,212,30.06,30.13,-0.08
potato,801.0,Bishnupur(Bankura) APMC,1,228,11.81,10.06,1.75
potato,801.0,Bishnupur(Bankura) APMC,4,222,20.29,16.59,3.7
potato,801.0,Bishnupur(Bankura) APMC,13,211,45.47,43.17,2.31
potato,801.0,Bishnupur(Bankura) APMC,26,198,49.92,41.0,8.92
potato,817.0,Dinhata APMC,1,237,10.98,9.8,1.18
potato,817.0,Dinhata APMC,4,234,19.91,17.39,2.53
potato,817.0,Dinhata APMC,13,225,41.79,41.57,0.22
potato,817.0,Dinhata APMC,26,212,41.88,39.5,2.38
potato,819.0,Toofanganj APMC,1,237,11.16,9.93,1.23
potato,819.0,Toofanganj APMC,4,234,19.92,17.39,2.53
potato,819.0,Toofanganj APMC,13,225,42.05,41.73,0.32
potato,819.0,Toofanganj APMC,26,212,42.02,39.58,2.45
potato,820.0,Ghatal APMC,1,237,10.35,9.69,0.67
potato,820.0,Ghatal APMC,4,234,15.82,14.37,1.45
potato,820.0,Ghatal APMC,13,225,43.51,43.68,-0.17
potato,820.0,Ghatal APMC,26,212,35.53,34.14,1.39
potato,821.0,Champadanga APMC,1,237,10.96,10.4,0.56
potato,821.0,Champadanga APMC,4,234,17.46,16.36,1.1
potato,821.0,Champadanga APMC,13,225,47.75,47.21,0.54
potato,821.0,Champadanga APMC,26,212,36.39,34.6,1.79
potato,822.0,Jangipur APMC,1,237,11.22,10.74,0.48
potato,822.0,Jangipur APMC,4,234,20.84,19.07,1.78
potato,822.0,Jangipur APMC,13,225,41.63,41.88,-0.25
potato,822.0,Jangipur APMC,26,212,35.24,33.08,2.16
potato,1070.0,Haldwani APMC,1,238,12.72,12.31,0.41
potato,1070.0,Haldwani APMC,4,235,19.34,18.42,0.92
potato,1070.0,Haldwani APMC,13,226,35.29,34.92,0.37
potato,1070.0,Haldwani APMC,26,213,33.74,32.14,1.61
potato,1071.0,Haridwar Union APMC,1,238,10.71,9.8,0.91
potato,1071.0,Haridwar Union APMC,4,235,17.04,15.48,1.55
potato,1071.0,Haridwar Union APMC,13,226,36.79,34.35,2.44
potato,1071.0,Haridwar Union APMC,26,213,37.7,33.21,4.48
potato,1072.0,Ramnagar APMC,1,218,19.18,20.04,-0.86
potato,1072.0,Ramnagar APMC,4,212,24.38,25.17,-0.8
potato,1072.0,Ramnagar APMC,13,194,38.48,40.32,-1.83
potato,1072.0,Ramnagar APMC,26,181,43.36,43.33,0.04
potato,1073.0,Roorkee APMC,1,238,13.95,12.88,1.08
potato,1073.0,Roorkee APMC,4,235,19.23,17.55,1.68
potato,1073.0,Roorkee APMC,13,226,29.41,25.49,3.91
potato,1073.0,Roorkee APMC,26,213,35.2,30.86,4.34
potato,1074.0,Kotadwara APMC,1,238,15.09,15.32,-0.23
potato,1074.0,Kotadwara APMC,4,235,18.64,18.98,-0.33
potato,1074.0,Kotadwara APMC,13,226,33.98,33.15,0.83
potato,1074.0,Kotadwara APMC,26,213,35.65,34.57,1.08
potato,1077.0,Manglaur APMC,1,238,13.32,12.72,0.6
potato,1077.0,Manglaur APMC,4,235,20.37,19.15,1.22
potato,1077.0,Manglaur APMC,13,226,37.03,34.19,2.85
potato,1077.0,Manglaur APMC,26,213,44.65,38.91,5.74
potato,1663.0,Sitarganj APMC,1,238,13.43,13.47,-0.04
potato,1663.0,Sitarganj APMC,4,235,17.4,17.76,-0.36
potato,1663.0,Sitarganj APMC,13,226,28.01,27.89,0.11
potato,1663.0,Sitarganj APMC,26,213,31.35,28.52,2.83
potato,1664.0,Jaspur(UC) APMC,1,207,16.96,14.83,2.13
potato,1664.0,Jaspur(UC) APMC,4,201,23.93,19.67,4.26
potato,1664.0,Jaspur(UC) APMC,13,183,40.09,36.32,3.77
potato,1664.0,Jaspur(UC) APMC,26,166,36.41,31.61,4.8
potato,2265.0,Kandi APMC,1,237,11.54,10.45,1.09
potato,2265.0,Kandi APMC,4,234,19.01,15.91,3.1
potato,2265.0,Kandi APMC,13,225,46.99,45.07,1.92
potato,2265.0,Kandi APMC,26,212,42.97,38.26,4.71
potato,2266.0,Kalyani APMC,1,237,11.25,10.89,0.36
potato,2266.0,Kalyani APMC,4,234,16.95,16.31,0.63
potato,2266.0,Kalyani APMC,13,225,45.79,46.13,-0.33
potato,2266.0,Kalyani APMC,26,212,31.45,30.95,0.49
potato,2269.0,Uluberia APMC,1,237,11.11,10.74,0.37
potato,2269.0,Uluberia APMC,4,234,17.56,16.85,0.71
potato,2269.0,Uluberia APMC,13,225,44.54,45.33,-0.79
potato,2269.0,Uluberia APMC,26,212,29.95,29.72,0.23
potato,2270.0,Sheoraphuly APMC,1,237,11.09,10.48,0.61
potato,2270.0,Sheoraphuly APMC,4,234,17.53,16.47,1.06
potato,2270.0,Sheoraphuly APMC,13,225,46.71,46.49,0.22
potato,2270.0,Sheoraphuly APMC,26,212,35.39,33.75,1.64
potato,2534.0,Mathabhanga APMC,1,225,10.84,9.73,1.11
potato,2534.0,Mathabhanga APMC,4,219,18.1,16.08,2.02
potato,2534.0,Mathabhanga APMC,13,205,37.74,38.05,-0.32
potato,2534.0,Mathabhanga APMC,26,192,37.72,36.69,1.04
potato,2535.0,Haldibari APMC,1,225,10.83,9.64,1.19
potato,2535.0,Haldibari APMC,4,219,18.92,16.37,2.55
potato,2535.0,Haldibari APMC,13,205,39.68,39.45,0.23
potato,2535.0,Haldibari APMC,26,192,41.25,38.64,2.61
potato,2536.0,Belacoba APMC,1,237,11.27,10.27,1.0
potato,2536.0,Belacoba APMC,4,234,20.06,17.66,2.4
potato,2536.0,Belacoba APMC,13,225,43.06,42.85,0.21
potato,2536.0,Belacoba APMC,26,212,42.44,39.7,2.74
potato,2537.0,Siliguri APMC,1,237,10.55,9.89,0.67
potato,2537.0,Siliguri APMC,4,234,19.61,17.62,1.99
potato,2537.0,Siliguri APMC,13,225,39.5,40.69,-1.19
potato,2537.0,Siliguri APMC,26,212,37.81,37.25,0.56
potato,2894.0,Bara Bazar (Posta Bazar) APMC,1,237,9.83,9.73,0.09
potato,2894.0,Bara Bazar (Posta Bazar) APMC,4,234,16.27,15.57,0.7
potato,2894.0,Bara Bazar (Posta Bazar) APMC,13,225,43.41,44.35,-0.95
potato,2894.0,Bara Bazar (Posta Bazar) APMC,26,212,31.09,30.25,0.84
potato,2897.0,Habra APMC,1,237,10.19,10.36,-0.17
potato,2897.0,Habra APMC,4,234,16.12,15.98,0.14
potato,2897.0,Habra APMC,13,225,40.7,42.52,-1.82
potato,2897.0,Habra APMC,26,212,32.68,32.86,-0.18
potato,2898.0,Khatra APMC,1,237,11.87,10.08,1.79
potato,2898.0,Khatra APMC,4,234,20.22,16.47,3.76
potato,2898.0,Khatra APMC,13,225,50.1,44.92,5.18
potato,2898.0,Khatra APMC,26,212,49.97,40.81,9.16
potato,2899.0,Durgapur APMC,1,238,8.65,8.44,0.21
potato,2899.0,Durgapur APMC,4,235,16.26,14.97,1.29
potato,2899.0,Durgapur APMC,13,226,44.32,43.75,0.57
potato,2899.0,Durgapur APMC,26,213,35.9,33.92,1.98
potato,2900.0,Memari APMC,1,237,10.37,10.28,0.09
potato,2900.0,Memari APMC,4,234,17.35,16.4,0.95
potato,2900.0,Memari APMC,13,225,46.08,46.25,-0.17
potato,2900.0,Memari APMC,26,212,34.07,33.36,0.71
potato,2901.0,Pundibari APMC,1,236,12.24,10.64,1.59
potato,2901.0,Pundibari APMC,4,233,20.61,17.9,2.71
potato,2901.0,Pundibari APMC,13,224,41.77,40.63,1.14
potato,2901.0,Pundibari APMC,26,211,42.37,38.83,3.54
potato,2902.0,Gajol APMC,1,237,13.67,11.46,2.21
potato,2902.0,Gajol APMC,4,234,22.87,18.41,4.45
potato,2902.0,Gajol APMC,13,225,50.36,44.4,5.96
potato,2902.0,Gajol APMC,26,212,50.78,41.68,9.1
potato,2903.0,Jhargram APMC,1,238,11.71,11.06,0.64
potato,2903.0,Jhargram APMC,4,235,20.2,18.05,2.16
potato,2903.0,Jhargram APMC,13,226,50.06,46.54,3.52
potato,2903.0,Jhargram APMC,26,213,42.81,37.82,4.99
potato,2904.0,Beldanga APMC,1,237,12.34,11.42,0.92
potato,2904.0,Beldanga APMC,4,234,19.52,17.43,2.09
potato,2904.0,Beldanga APMC,13,225,46.09,45.68,0.41
potato,2904.0,Beldanga APMC,26,212,39.53,36.57,2.96
potato,2905.0,Balarampur APMC,1,238,9.76,9.7,0.06
potato,2905.0,Balarampur APMC,4,235,14.83,14.02,0.8
potato,2905.0,Balarampur APMC,13,226,36.8,38.73,-1.93
potato,2905.0,Balarampur APMC,26,213,33.96,33.58,0.37
potato,3117.0,Asansol APMC,1,238,9.0,8.85,0.15
potato,3117.0,Asansol APMC,4,235,17.31,16.07,1.24
potato,3117.0,Asansol APMC,13,226,45.58,44.99,0.59
potato,3117.0,Asansol APMC,26,213,35.72,33.64,2.08
potato,3338.0,Bhagwanpur(Naveen Mandi Sthal) APMC,1,212,20.25,18.37,1.88
potato,3338.0,Bhagwanpur(Naveen Mandi Sthal) APMC,4,203,28.97,26.14,2.83
potato,3338.0,Bhagwanpur(Naveen Mandi Sthal) APMC,13,182,62.25,54.49,7.76
potato,3338.0,Bhagwanpur(Naveen Mandi Sthal) APMC,26,169,68.02,59.71,8.32
potato,3339.0,Falakata APMC,1,221,11.93,11.05,0.88
potato,3339.0,Falakata APMC,4,215,20.19,18.13,2.06
potato,3339.0,Falakata APMC,13,198,38.14,38.99,-0.84
potato,3339.0,Falakata APMC,26,189,36.18,35.97,0.21
potato,3340.0,Moynaguri APMC,1,237,12.03,10.75,1.28
potato,3340.0,Moynaguri APMC,4,234,21.58,18.6,2.98
potato,3340.0,Moynaguri APMC,13,225,43.62,43.05,0.57
potato,3340.0,Moynaguri APMC,26,212,42.7,39.51,3.19
potato,3341.0,Karsiyang(Matigara) APMC,1,237,13.59,14.66,-1.07
potato,3341.0,Karsiyang(Matigara) APMC,4,234,18.15,18.64,-0.5
potato,3341.0,Karsiyang(Matigara) APMC,13,225,38.52,40.3,-1.78
potato,3341.0,Karsiyang(Matigara) APMC,26,212,21.08,21.84,-0.76
potato,3344.0,Gangarampur(Dakshin Dinajpur) APMC,1,237,13.5,11.84,1.66
potato,3344.0,Gangarampur(Dakshin Dinajpur) APMC,4,234,22.97,19.73,3.24
potato,3344.0,Gangarampur(Dakshin Dinajpur) APMC,13,225,46.83,44.37,2.47
potato,3344.0,Gangarampur(Dakshin Dinajpur) APMC,26,212,47.23,42.1,5.13
potato,3345.0,Jiaganj APMC,1,238,11.88,10.86,1.01
potato,3345.0,Jiaganj APMC,4,235,20.69,17.77,2.92
potato,3345.0,Jiaganj APMC,13,226,51.04,48.1,2.93
potato,3345.0,Jiaganj APMC,26,213,40.41,34.65,5.76
potato,3346.0,Diamond Harbour(South 24-pgs) APMC,1,237,10.71,10.77,-0.06
potato,3346.0,Diamond Harbour(South 24-pgs) APMC,4,234,17.4,16.95,0.45
potato,3346.0,Diamond Harbour(South 24-pgs) APMC,13,225,44.76,45.79,-1.03
potato,3346.0,Diamond Harbour(South 24-pgs) APMC,26,212,26.2,26.76,-0.57
potato,3347.0,Kalipur APMC,1,237,10.94,10.43,0.51
potato,3347.0,Kalipur APMC,4,234,17.47,16.16,1.31
potato,3347.0,Kalipur APMC,13,225,48.41,47.4,1.01
potato,3347.0,Kalipur APMC,26,212,38.9,36.43,2.47
potato,3348.0,Guskara APMC,1,226,10.31,10.15,0.16
potato,3348.0,Guskara APMC,4,220,17.48,16.82,0.66
potato,3348.0,Guskara APMC,13,207,45.91,45.75,0.16
potato,3348.0,Guskara APMC,26,194,36.66,34.68,1.98
potato,3349.0,Ranaghat APMC,1,237,11.03,10.79,0.24
potato,3349.0,Ranaghat APMC,4,234,17.57,16.89,0.68
potato,3349.0,Ranaghat APMC,13,225,44.38,45.36,-0.98
potato,3349.0,Ranaghat APMC,26,212,30.46,29.92,0.54
potato,3350.0,Chakdah APMC,1,237,10.76,10.46,0.3
potato,3350.0,Chakdah APMC,4,234,17.35,16.73,0.62
potato,3350.0,Chakdah APMC,13,225,44.24,45.28,-1.05
potato,3350.0,Chakdah APMC,26,212,30.21,29.87,0.34
potato,3351.0,Indus(Bankura Sadar) APMC,1,237,11.19,9.9,1.29
potato,3351.0,Indus(Bankura Sadar) APMC,4,234,19.48,16.38,3.1
potato,3351.0,Indus(Bankura Sadar) APMC,13,225,50.37,46.53,3.84
potato,3351.0,Indus(Bankura Sadar) APMC,26,212,47.64,41.3,6.34
potato,3352.0,Garbeta(Medinipur) APMC,1,237,11.55,10.34,1.21
potato,3352.0,Garbeta(Medinipur) APMC,4,234,18.43,16.1,2.33
potato,3352.0,Garbeta(Medinipur) APMC,13,225,49.34,45.95,3.39
potato,3352.0,Garbeta(Medinipur) APMC,26,212,45.6,39.58,6.02
potato,3353.0,Kolaghat APMC,1,237,10.8,10.22,0.57
potato,3353.0,Kolaghat APMC,4,234,18.83,17.18,1.65
potato,3353.0,Kolaghat APMC,13,225,47.92,47.07,0.85
potato,3353.0,Kolaghat APMC,26,212,30.9,28.72,2.18
potato,3354.0,Kasipur APMC,1,237,9.99,9.12,0.87
potato,3354.0,Kasipur APMC,4,234,17.85,15.74,2.11
potato,3354.0,Kasipur APMC,13,225,47.36,44.86,2.5
potato,3354.0,Kasipur APMC,26,212,44.72,39.49,5.23
potato,3355.0,Sainthia APMC,1,238,10.14,9.67,0.48
potato,3355.0,Sainthia APMC,4,235,18.64,16.67,1.97
potato,3355.0,Sainthia APMC,13,226,39.06,39.85,-0.79
potato,3355.0,Sainthia APMC,26,213,39.78,37.84,1.94
potato,4666.0,Rampurhat APMC,1,237,12.73,11.02,1.71
potato,4666.0,Rampurhat APMC,4,234,21.5,18.1,3.4
potato,4666.0,Rampurhat APMC,13,225,49.32,44.97,4.34
potato,4666.0,Rampurhat APMC,26,212,51.18,43.38,7.8
potato,4667.0,Balurghat APMC,1,225,13.12,12.05,1.07
potato,4667.0,Balurghat APMC,4,219,21.94,19.24,2.69
potato,4667.0,Balurghat APMC,13,205,42.25,42.13,0.12
potato,4667.0,Balurghat APMC,26,199,47.47,41.99,5.48
potato,4670.0,Baxirhat APMC,1,225,11.07,9.73,1.34
potato,4670.0,Baxirhat APMC,4,219,19.23,16.74,2.49
potato,4670.0,Baxirhat APMC,13,205,38.26,38.59,-0.33
potato,4670.0,Baxirhat APMC,26,192,39.02,37.76,1.27
potato,4671.0,Mekhliganj APMC,1,237,10.97,9.81,1.16
potato,4671.0,Mekhliganj APMC,4,234,19.14,16.76,2.38
potato,4671.0,Mekhliganj APMC,13,225,40.22,40.36,-0.14
potato,4671.0,Mekhliganj APMC,26,212,41.67,39.44,2.23
tomato,2.0,Mahboob Manison APMC,1,209,40.75,37.24,3.52
tomato,2.0,Mahboob Manison APMC,4,206,55.3,46.04,9.25
tomato,2.0,Mahboob Manison APMC,13,197,63.94,50.66,13.28
tomato,2.0,Mahboob Manison APMC,26,184,65.22,52.82,12.4
tomato,9.0,Shadnagar APMC,1,240,43.66,38.62,5.04
tomato,9.0,Shadnagar APMC,4,237,68.65,50.99,17.66
tomato,9.0,Shadnagar APMC,13,228,62.24,45.74,16.5
tomato,9.0,Shadnagar APMC,26,215,77.16,51.5,25.67
tomato,19.0,Warangal APMC,1,215,28.5,28.77,-0.27
tomato,19.0,Warangal APMC,4,209,37.95,37.09,0.86
tomato,19.0,Warangal APMC,13,194,42.39,38.64,3.75
tomato,19.0,Warangal APMC,26,181,51.67,44.53,7.15
tomato,43.0,Chandigarh (Grain/F&V) APMC,1,238,30.06,31.01,-0.94
tomato,43.0,Chandigarh (Grain/F&V) APMC,4,235,43.99,42.03,1.95
tomato,43.0,Chandigarh (Grain/F&V) APMC,13,226,38.59,39.3,-0.71
tomato,43.0,Chandigarh (Grain/F&V) APMC,26,213,49.48,44.1,5.38
tomato,54.0,Bharuch APMC,1,121,21.16,19.59,1.56
tomato,54.0,Bharuch APMC,4,115,33.67,27.26,6.41
tomato,54.0,Bharuch APMC,13,106,40.16,32.27,7.9
tomato,54.0,Bharuch APMC,26,93,53.96,36.35,17.61
tomato,57.0,Nadiad APMC,1,151,20.07,19.99,0.08
tomato,57.0,Nadiad APMC,4,148,33.83,36.94,-3.11
tomato,57.0,Nadiad APMC,13,139,35.35,37.64,-2.29
tomato,57.0,Nadiad APMC,26,126,49.22,45.6,3.62
tomato,62.0,Morbi APMC,1,240,25.95,28.61,-2.66
tomato,62.0,Morbi APMC,4,237,40.17,42.76,-2.59
tomato,62.0,Morbi APMC,13,228,38.93,41.98,-3.06
tomato,62.0,Morbi APMC,26,215,46.26,44.22,2.04
tomato,64.0,Surat APMC,1,240,28.29,29.69,-1.4
tomato,64.0,Surat APMC,4,237,41.2,40.99,0.21
tomato,64.0,Surat APMC,13,228,44.37,43.64,0.73
tomato,64.0,Surat APMC,26,215,49.41,45.72,3.69
tomato,66.0,Ahmedabad APMC,1,240,30.89,32.16,-1.27
tomato,66.0,Ahmedabad APMC,4,237,47.8,47.31,0.49
tomato,66.0,Ahmedabad APMC,13,228,47.62,46.72,0.9
tomato,66.0,Ahmedabad APMC,26,215,56.2,48.89,7.31
tomato,69.0,PMY Kangra,1,240,24.95,26.28,-1.33
tomato,69.0,PMY Kangra,4,237,32.65,37.07,-4.41
tomato,69.0,PMY Kangra,13,228,35.31,37.35,-2.04
tomato,69.0,PMY Kangra,26,215,35.85,38.08,-2.24
tomato,70.0,PMY Kullu,1,240,24.38,24.07,0.31
tomato,70.0,PMY Kullu,4,237,31.67,33.5,-1.83
tomato,70.0,PMY Kullu,13,228,32.19,33.07,-0.88
tomato,70.0,PMY Kullu,26,215,29.98,31.43,-1.45
tomato,71.0,PMY Paonta Sahib,1,240,21.47,22.74,-1.27
tomato,71.0,PMY Paonta Sahib,4,237,30.65,35.43,-4.79
tomato,71.0,PMY Paonta Sahib,13,228,31.84,35.35,-3.51
tomato,71.0,PMY Paonta Sahib,26,215,31.74,35.26,-3.52
tomato,72.0,PMY Kather Solan,1,210,25.64,26.12,-0.48
tomato,72.0,PMY Kather Solan,4,201,34.1,34.63,-0.53
tomato,72.0,PMY Kather Solan,13,181,35.66,34.87,0.79
tomato,72.0,PMY Kather Solan,26,163,37.65,37.84,-0.18
tomato,75.0,Fatehabad APMC,1,213,25.84,28.06,-2.22
tomato,75.0,Fatehabad APMC,4,207,31.3,33.61,-2.31
tomato,75.0,Fatehabad APMC,13,189,35.83,34.85,0.97
tomato,75.0,Fatehabad APMC,26,166,37.16,38.83,-1.67
tomato,79.0,Narwana APMC,1,240,27.51,27.96,-0.44
tomato,79.0,Narwana APMC,4,237,40.67,40.49,0.17
tomato,79.0,Narwana APMC,13,228,41.43,39.52,1.91
tomato,79.0,Narwana APMC,26,215,43.62,41.35,2.27
tomato,80.0,Safidon APMC,1,239,26.63,26.58,0.05
tomato,80.0,Safidon APMC,4,236,42.12,39.99,2.12
tomato,80.0,Safidon APMC,13,227,52.29,45.3,6.99
tomato,80.0,Safidon APMC,26,214,54.03,44.77,9.26
tomato,85.0,Ladwa APMC,1,240,29.51,28.2,1.31
tomato,85.0,Ladwa APMC,4,237,44.47,40.06,4.41
tomato,85.0,Ladwa APMC,13,228,43.9,38.24,5.65
tomato,85.0,Ladwa APMC,26,215,44.28,39.24,5.04
tomato,86.0,Pehowa APMC,1,240,22.82,23.0,-0.19
tomato,86.0,Pehowa APMC,4,237,26.06,25.63,0.43
tomato,86.0,Pehowa APMC,13,228,23.56,23.32,0.24
tomato,86.0,Pehowa APMC,26,215,21.13,20.97,0.16
tomato,87.0,Thanesar APMC,1,239,29.45,30.23,-0.78
tomato,87.0,Thanesar APMC,4,236,40.14,38.83,1.31
tomato,87.0,Thanesar APMC,13,227,39.57,38.22,1.34
tomato,87.0,Thanesar APMC,26,214,43.96,42.31,1.65
tomato,89.0,Shahabad APMC,1,240,31.85,28.0,3.86
tomato,89.0,Shahabad APMC,4,237,52.55,41.25,11.3
tomato,89.0,Shahabad APMC,13,228,62.08,44.48,17.59
tomato,89.0,Shahabad APMC,26,215,64.34,45.8,18.53
tomato,92.0,kalanwali APMC,1,204,34.07,31.73,2.34
tomato,92.0,kalanwali APMC,4,197,42.85,38.03,4.81
tomato,92.0,kalanwali APMC,13,179,41.6,36.02,5.57
tomato,92.0,kalanwali APMC,26,170,40.7,38.48,2.22
tomato,97.0,Parimpore Srinagar (F&V),1,240,25.16,25.71,-0.55
tomato,97.0,Parimpore Srinagar (F&V),4,237,30.47,34.46,-3.98
tomato,97.0,Parimpore Srinagar (F&V),13,228,29.09,32.96,-3.87
tomato,97.0,Parimpore Srinagar (F&V),26,215,28.93,32.94,-4.02
tomato,98.0,Udhampur (F&V),1,240,23.78,25.4,-1.62
tomato,98.0,Udhampur (F&V),4,237,30.83,35.28,-4.45
tomato,98.0,Udhampur (F&V),13,228,29.36,34.1,-4.73
tomato,98.0,Udhampur (F&V),26,215,31.38,35.37,-4.0
tomato,100.0,"Binny Mill (F&V), Bengaluru APMC",1,240,32.03,32.13,-0.1
tomato,100.0,"Binny Mill (F&V), Bengaluru APMC",4,237,38.28,43.35,-5.08
tomato,100.0,"Binny Mill (F&V), Bengaluru APMC",13,228,38.09,44.28,-6.19
tomato,100.0,"Binny Mill (F&V), Bengaluru APMC",26,215,37.96,42.65,-4.69
tomato,106.0,Davangere APMC,1,240,44.18,35.78,8.41
tomato,106.0,Davangere APMC,4,237,67.99,52.34,15.65
tomato,106.0,Davangere APMC,13,228,67.91,56.69,11.22
tomato,106.0,Davangere APMC,26,215,78.33,59.02,19.31
tomato,112.0,Kolar APMC,1,240,34.6,32.89,1.71
tomato,112.0,Kolar APMC,4,237,56.58,48.33,8.24
tomato,112.0,Kolar APMC,13,228,57.05,49.84,7.22
tomato,112.0,Kolar APMC,26,215,70.04,54.19,15.85
tomato,115.0,Mysuru APMC,1,240,43.11,36.75,6.36
tomato,115.0,Mysuru APMC,4,237,62.08,49.53,12.56
tomato,115.0,Mysuru APMC,13,228,59.07,50.86,8.21
tomato,115.0,Mysuru APMC,26,215,66.12,53.02,13.1
tomato,125.0,Ernakulam Market,1,239,23.0,22.53,0.47
tomato,125.0,Ernakulam Market,4,236,34.04,34.57,-0.53
tomato,125.0,Ernakulam Market,13,227,28.49,30.45,-1.97
tomato,125.0,Ernakulam Market,26,214,32.68,32.65,0.03
tomato,126.0,Aluva Market,1,240,21.94,23.58,-1.65
tomato,126.0,Aluva Market,4,237,33.72,36.33,-2.61
tomato,126.0,Aluva Market,13,228,27.3,31.35,-4.05
tomato,126.0,Aluva Market,26,215,30.83,34.33,-3.5
tomato,128.0,Thalasserry Market,1,109,27.05,26.35,0.7
tomato,128.0,Thalasserry Market,4,106,30.9,30.52,0.38
tomato,128.0,Thalasserry Market,13,97,34.43,34.17,0.26
tomato,128.0,Thalasserry Market,26,84,38.19,34.85,3.35
tomato,131.0,Kollam Market,1,240,21.91,23.15,-1.24
tomato,131.0,Kollam Market,4,237,34.96,38.13,-3.17
tomato,131.0,Kollam Market,13,228,38.83,40.81,-1.99
tomato,131.0,Kollam Market,26,215,43.66,41.34,2.32
tomato,132.0,Kottayam Market,1,239,19.71,21.4,-1.69
tomato,132.0,Kottayam Market,4,236,30.04,32.79,-2.76
tomato,132.0,Kottayam Market,13,227,22.07,26.85,-4.78
tomato,132.0,Kottayam Market,26,214,24.32,28.55,-4.23
tomato,134.0,Manjeri Market,1,240,27.07,27.26,-0.2
tomato,134.0,Manjeri Market,4,237,37.64,38.07,-0.43
tomato,134.0,Manjeri Market,13,228,34.35,35.43,-1.07
tomato,134.0,Manjeri Market,26,215,41.15,41.17,-0.02
tomato,135.0,Palakkad Market,1,240,25.01,25.48,-0.47
tomato,135.0,Palakkad Market,4,237,37.59,37.86,-0.28
tomato,135.0,Palakkad Market,13,228,31.2,33.57,-2.36
tomato,135.0,Palakkad Market,26,215,37.16,38.01,-0.85
tomato,136.0,Koduvayoor Market,1,240,26.22,26.0,0.22
tomato,136.0,Koduvayoor Market,4,237,32.35,32.99,-0.64
tomato,136.0,Koduvayoor Market,13,228,27.83,29.12,-1.29
tomato,136.0,Koduvayoor Market,26,215,32.57,32.49,0.08
tomato,139.0,Thrissur Market,1,240,27.47,26.54,0.94
tomato,139.0,Thrissur Market,4,237,36.98,36.03,0.95
tomato,139.0,Thrissur Market,13,228,30.92,31.81,-0.89
tomato,139.0,Thrissur Market,26,215,35.06,34.78,0.28
tomato,140.0,Kodungalloor Market,1,228,25.09,26.08,-0.99
tomato,140.0,Kodungalloor Market,4,222,34.46,35.98,-1.52
tomato,140.0,Kodungalloor Market,13,208,28.85,32.82,-3.98
tomato,140.0,Kodungalloor Market,26,195,32.82,35.23,-2.41
tomato,145.0,Ahilyanagar APMC,1,240,31.3,29.37,1.92
tomato,145.0,Ahilyanagar APMC,4,237,44.9,40.17,4.74
tomato,145.0,Ahilyanagar APMC,13,228,45.85,42.34,3.51
tomato,145.0,Ahilyanagar APMC,26,215,56.79,48.18,8.61
tomato,151.0,Jalgaon APMC,1,240,37.69,33.89,3.8
tomato,151.0,Jalgaon APMC,4,237,57.34,46.55,10.79
tomato,151.0,Jalgaon APMC,13,228,61.26,50.94,10.31
tomato,151.0,Jalgaon APMC,26,215,71.0,52.56,18.44
tomato,152.0,Kolhapur APMC,1,240,32.15,31.04,1.12
tomato,152.0,Kolhapur APMC,4,237,48.27,43.55,4.72
tomato,152.0,Kolhapur APMC,13,228,45.72,43.12,2.6
tomato,152.0,Kolhapur APMC,26,215,54.47,47.75,6.72
tomato,154.0,Mumbai APMC,1,240,25.94,28.63,-2.7
tomato,154.0,Mumbai APMC,4,237,36.71,40.64,-3.93
tomato,154.0,Mumbai APMC,13,228,35.37,41.04,-5.67
tomato,154.0,Mumbai APMC,26,215,37.68,42.5,-4.82
tomato,155.0,Nagpur APMC,1,240,25.54,27.8,-2.26
tomato,155.0,Nagpur APMC,4,237,36.42,40.67,-4.25
tomato,155.0,Nagpur APMC,13,228,40.09,45.0,-4.91
tomato,155.0,Nagpur APMC,26,215,45.77,45.92,-0.15
tomato,160.0,Nasik APMC,1,240,39.94,36.4,3.55
tomato,160.0,Nasik APMC,4,237,66.68,53.99,12.69
tomato,160.0,Nasik APMC,13,228,65.22,52.45,12.77
tomato,160.0,Nasik APMC,26,215,80.48,60.11,20.36
tomato,162.0,Pimpalgaon Baswant APMC,1,230,36.86,34.3,2.56
tomato,162.0,Pimpalgaon Baswant APMC,4,224,58.16,45.7,12.47
tomato,162.0,Pimpalgaon Baswant APMC,13,212,58.35,47.29,11.06
tomato,162.0,Pimpalgaon Baswant APMC,26,207,62.73,50.94,11.78
tomato,164.0,Pune APMC,1,240,29.68,29.97,-0.29
tomato,164.0,Pune APMC,4,237,45.09,42.34,2.75
tomato,164.0,Pune APMC,13,228,43.74,42.09,1.65
tomato,164.0,Pune APMC,26,215,50.85,45.96,4.89
tomato,168.0,SHRI.SIDDHESHWAR APMC,1,240,38.23,34.6,3.63
tomato,168.0,SHRI.SIDDHESHWAR APMC,4,237,63.59,51.5,12.09
tomato,168.0,SHRI.SIDDHESHWAR APMC,13,228,61.41,50.37,11.05
tomato,168.0,SHRI.SIDDHESHWAR APMC,26,215,78.32,57.0,21.32
tomato,173.0,Bhopal(F&V) APMC,1,146,24.99,23.2,1.79
tomato,173.0,Bhopal(F&V) APMC,4,137,46.59,38.24,8.35
tomato,173.0,Bhopal(F&V) APMC,13,110,58.44,45.45,12.99
tomato,173.0,Bhopal(F&V) APMC,26,87,71.95,52.06,19.89
tomato,179.0,Indore(F&V) APMC,1,163,30.83,27.6,3.23
tomato,179.0,Indore(F&V) APMC,4,154,47.52,42.56,4.95
tomato,179.0,Indore(F&V) APMC,13,132,60.88,51.09,9.8
tomato,179.0,Indore(F&V) APMC,26,106,69.34,57.14,12.2
tomato,184.0,Rajnandgaon APMC,1,240,38.12,32.13,5.99
tomato,184.0,Rajnandgaon APMC,4,237,55.49,43.83,11.67
tomato,184.0,Rajnandgaon APMC,13,228,63.62,47.44,16.19
tomato,184.0,Rajnandgaon APMC,26,215,80.61,51.04,29.56
tomato,198.0,Attabira APMC,1,216,23.93,24.93,-1.01
tomato,198.0,Attabira APMC,4,210,32.59,33.68,-1.09
tomato,198.0,Attabira APMC,13,200,36.73,34.94,1.79
tomato,198.0,Attabira APMC,26,195,49.73,42.79,6.94
tomato,199.0,Bargarh APMC,1,240,22.52,24.47,-1.95
tomato,199.0,Bargarh APMC,4,237,33.87,38.14,-4.26
tomato,199.0,Bargarh APMC,13,228,36.84,40.37,-3.53
tomato,199.0,Bargarh APMC,26,215,40.61,41.7,-1.09
tomato,200.0,Bhadrak APMC,1,171,22.08,25.03,-2.96
tomato,200.0,Bhadrak APMC,4,162,30.62,38.21,-7.6
tomato,200.0,Bhadrak APMC,13,135,33.06,43.96,-10.9
tomato,200.0,Bhadrak APMC,26,104,30.51,40.52,-10.01
tomato,202.0,Kantabaji APMC,1,238,24.58,23.91,0.67
tomato,202.0,Kantabaji APMC,4,235,35.76,37.82,-2.07
tomato,202.0,Kantabaji APMC,13,226,40.81,40.67,0.14
tomato,202.0,Kantabaji APMC,26,213,44.73,39.92,4.81
tomato,203.0,Kendrapara APMC,1,240,19.41,22.08,-2.66
tomato,203.0,Kendrapara APMC,4,237,30.57,35.98,-5.4
tomato,203.0,Kendrapara APMC,13,228,30.23,36.77,-6.55
tomato,203.0,Kendrapara APMC,26,215,35.22,39.76,-4.54
tomato,206.0,Kesinga APMC,1,240,26.13,29.55,-3.42
tomato,206.0,Kesinga APMC,4,237,35.91,42.2,-6.28
tomato,206.0,Kesinga APMC,13,228,39.25,44.3,-5.06
tomato,206.0,Kesinga APMC,26,215,48.53,48.01,0.52
tomato,207.0,Bhawanipatna APMC,1,204,22.23,25.16,-2.92
tomato,207.0,Bhawanipatna APMC,4,194,28.98,34.15,-5.16
tomato,207.0,Bhawanipatna APMC,13,176,29.08,34.19,-5.12
tomato,207.0,Bhawanipatna APMC,26,161,38.56,41.76,-3.19
tomato,214.0,Rayagada APMC,1,176,18.44,21.74,-3.31
tomato,214.0,Rayagada APMC,4,173,28.04,32.61,-4.57
tomato,214.0,Rayagada APMC,13,164,31.17,34.36,-3.19
tomato,214.0,Rayagada APMC,26,151,36.64,32.0,4.64
tomato,216.0,Tarantaran APMC,1,229,21.32,23.37,-2.05
tomato,216.0,Tarantaran APMC,4,223,32.52,35.89,-3.37
tomato,216.0,Tarantaran APMC,13,210,28.77,30.93,-2.16
tomato,216.0,Tarantaran APMC,26,197,36.99,38.17,-1.18
tomato,218.0,Fazilka APMC,1,240,22.86,23.09,-0.24
tomato,218.0,Fazilka APMC,4,237,34.8,34.17,0.63
tomato,218.0,Fazilka APMC,13,228,37.61,38.48,-0.87
tomato,218.0,Fazilka APMC,26,215,37.79,37.84,-0.05
tomato,219.0,Jalalabad APMC,1,240,26.92,25.75,1.17
tomato,219.0,Jalalabad APMC,4,237,41.52,38.78,2.74
tomato,219.0,Jalalabad APMC,13,228,38.85,38.04,0.8
tomato,219.0,Jalalabad APMC,26,215,42.64,40.06,2.58
tomato,226.0,Khanna APMC,1,240,21.46,22.87,-1.41
tomato,226.0,Khanna APMC,4,237,27.82,30.05,-2.22
tomato,226.0,Khanna APMC,13,228,28.55,31.09,-2.55
tomato,226.0,Khanna APMC,26,215,30.54,32.19,-1.65
tomato,227.0,Jagraon APMC,1,160,26.71,25.46,1.25
tomato,227.0,Jagraon APMC,4,151,37.94,37.0,0.94
tomato,227.0,Jagraon APMC,13,124,31.77,33.81,-2.04
tomato,227.0,Jagraon APMC,26,98,37.88,37.68,0.19
tomato,228.0,Baghapurana APMC,1,229,23.21,22.6,0.61
tomato,228.0,Baghapurana APMC,4,223,35.14,33.44,1.7
tomato,228.0,Baghapurana APMC,13,210,32.43,33.3,-0.86
tomato,228.0,Baghapurana APMC,26,197,32.32,34.17,-1.85
tomato,230.0,Muktsar APMC,1,186,30.65,34.14,-3.49
tomato,230.0,Muktsar APMC,4,183,39.14,43.2,-4.07
tomato,230.0,Muktsar APMC,13,174,40.81,43.98,-3.17
tomato,230.0,Muktsar APMC,26,161,41.51,43.12,-1.61
tomato,231.0,Malout APMC,1,240,31.19,30.5,0.69
tomato,231.0,Malout APMC,4,237,38.04,37.23,0.81
tomato,231.0,Malout APMC,13,228,37.24,38.07,-0.83
tomato,231.0,Malout APMC,26,215,37.96,38.11,-0.16
tomato,233.0,Patran APMC,1,240,28.49,27.23,1.26
tomato,233.0,Patran APMC,4,237,45.97,37.93,8.04
tomato,233.0,Patran APMC,13,228,46.74,37.85,8.89
tomato,233.0,Patran APMC,26,215,52.64,42.54,10.1
tomato,234.0,Samana APMC,1,223,26.9,25.26,1.63
tomato,234.0,Samana APMC,4,217,39.07,37.4,1.67
tomato,234.0,Samana APMC,13,199,38.37,37.35,1.02
tomato,234.0,Samana APMC,26,189,44.32,40.51,3.82
tomato,235.0,Nabha APMC,1,213,30.96,31.44,-0.48
tomato,235.0,Nabha APMC,4,207,46.26,42.23,4.03
tomato,235.0,Nabha APMC,13,189,43.43,42.06,1.37
tomato,235.0,Nabha APMC,26,165,39.22,40.18,-0.96
tomato,236.0,Barnala APMC,1,181,33.37,30.91,2.46
tomato,236.0,Barnala APMC,4,178,49.37,41.34,8.03
tomato,236.0,Barnala APMC,13,169,41.7,38.71,2.99
tomato,236.0,Barnala APMC,26,156,47.17,41.95,5.23
tomato,237.0,Dhuri APMC,1,213,30.64,26.97,3.67
tomato,237.0,Dhuri APMC,4,207,38.91,31.79,7.11
tomato,237.0,Dhuri APMC,13,189,40.48,33.6,6.88
tomato,237.0,Dhuri APMC,26,165,47.74,36.99,10.75
tomato,238.0,Malerkotla APMC,1,174,22.67,20.66,2.01
tomato,238.0,Malerkotla APMC,4,167,32.6,29.23,3.37
tomato,238.0,Malerkotla APMC,13,156,28.12,25.43,2.69
tomato,238.0,Malerkotla APMC,26,143,34.6,29.76,4.85
tomato,239.0,Sunam APMC,1,204,28.19,25.27,2.92
tomato,239.0,Sunam APMC,4,195,39.31,31.45,7.86
tomato,239.0,Sunam APMC,13,170,40.66,35.47,5.19
tomato,239.0,Sunam APMC,26,152,41.31,34.3,7.02
tomato,240.0,Bhawanigarh APMC,1,240,24.13,24.36,-0.23
tomato,240.0,Bhawanigarh APMC,4,237,34.47,35.2,-0.73
tomato,240.0,Bhawanigarh APMC,13,228,32.03,34.08,-2.04
tomato,240.0,Bhawanigarh APMC,26,215,36.19,36.48,-0.3
tomato,244.0,Alwar APMC,1,39,24.31,26.82,-2.5
tomato,244.0,Alwar APMC,4,36,27.64,27.92,-0.28
tomato,244.0,Alwar APMC,13,27,29.01,29.73,-0.72
tomato,244.0,Alwar APMC,26,14,14.84,15.29,-0.45
tomato,247.0,Baran APMC,1,116,31.11,26.97,4.14
tomato,247.0,Baran APMC,4,110,63.8,45.5,18.3
tomato,247.0,Baran APMC,13,94,83.17,44.02,39.14
tomato,247.0,Baran APMC,26,89,112.21,58.12,54.09
tomato,250.0,Bhilwara APMC,1,240,29.22,29.42,-0.2
tomato,250.0,Bhilwara APMC,4,237,39.24,38.12,1.12
tomato,250.0,Bhilwara APMC,13,228,39.84,40.14,-0.3
tomato,250.0,Bhilwara APMC,26,215,42.81,39.29,3.51
tomato,261.0,Jaipur (F&V) APMC,1,229,29.4,30.24,-0.84
tomato,261.0,Jaipur (F&V) APMC,4,223,43.49,43.6,-0.11
tomato,261.0,Jaipur (F&V) APMC,13,210,44.24,44.39,-0.15
tomato,261.0,Jaipur (F&V) APMC,26,197,50.9,46.22,4.68
tomato,266.0,Jodhpur (F&V) APMC,1,34,18.68,19.72,-1.04
tomato,266.0,Jodhpur (F&V) APMC,4,31,21.05,20.6,0.45
tomato,266.0,Jodhpur (F&V) APMC,13,22,31.7,28.97,2.73
tomato,292.0,Ulundurpettai APMC,1,111,35.94,26.4,9.54
tomato,292.0,Ulundurpettai APMC,4,108,31.67,33.72,-2.05
tomato,292.0,Ulundurpettai APMC,13,99,34.47,37.51,-3.04
tomato,292.0,Ulundurpettai APMC,26,86,34.4,34.52,-0.12
tomato,295.0,Bishalgarh APMC,1,215,20.84,23.04,-2.2
tomato,295.0,Bishalgarh APMC,4,209,32.36,37.6,-5.24
tomato,295.0,Bishalgarh APMC,13,191,32.43,38.41,-5.98
tomato,295.0,Bishalgarh APMC,26,169,32.78,37.56,-4.78
tomato,296.0,Teliamura APMC,1,231,21.97,19.61,2.36
tomato,296.0,Teliamura APMC,4,225,32.27,29.99,2.28
tomato,296.0,Teliamura APMC,13,214,31.03,28.4,2.63
tomato,296.0,Teliamura APMC,26,201,38.13,31.55,6.58
tomato,297.0,Agra APMC,1,240,25.07,25.84,-0.77
tomato,297.0,Agra APMC,4,237,41.35,39.08,2.27
tomato,297.0,Agra APMC,13,228,40.39,38.54,1.85
tomato,297.0,Agra APMC,26,215,45.9,40.5,5.4
tomato,298.0,Prayagraj APMC,1,240,21.29,21.31,-0.02
tomato,298.0,Prayagraj APMC,4,237,36.08,35.05,1.04
tomato,298.0,Prayagraj APMC,13,228,38.07,36.73,1.34
tomato,298.0,Prayagraj APMC,26,215,40.79,35.93,4.86
tomato,299.0,Bahraich APMC,1,240,24.62,26.06,-1.44
tomato,299.0,Bahraich APMC,4,237,38.07,39.42,-1.35
tomato,299.0,Bahraich APMC,13,228,37.87,40.23,-2.36
tomato,299.0,Bahraich APMC,26,215,44.89,42.68,2.22
tomato,300.0,Ballia APMC,1,224,24.54,25.34,-0.8
tomato,300.0,Ballia APMC,4,218,43.16,41.54,1.62
tomato,300.0,Ballia APMC,13,202,44.87,43.71,1.16
tomato,300.0,Ballia APMC,26,193,51.0,44.19,6.81
tomato,301.0,Barabanki APMC,1,240,22.72,23.21,-0.48
tomato,301.0,Barabanki APMC,4,237,39.99,39.23,0.76
tomato,301.0,Barabanki APMC,13,228,42.32,41.11,1.21
tomato,301.0,Barabanki APMC,26,215,47.99,42.31,5.67
tomato,302.0,Bareilly APMC,1,240,22.84,24.06,-1.22
tomato,302.0,Bareilly APMC,4,237,39.44,38.91,0.53
tomato,302.0,Bareilly APMC,13,228,41.38,40.74,0.64
tomato,302.0,Bareilly APMC,26,215,43.43,41.25,2.18
tomato,303.0,Dehradoon APMC,1,218,26.33,28.05,-1.72
tomato,303.0,Dehradoon APMC,4,212,38.68,39.19,-0.5
tomato,303.0,Dehradoon APMC,13,194,34.47,37.22,-2.76
tomato,303.0,Dehradoon APMC,26,175,43.68,43.68,-0.0
tomato,305.0,Farukhabad APMC,1,227,21.93,23.41,-1.49
tomato,305.0,Farukhabad APMC,4,221,38.81,38.24,0.58
tomato,305.0,Farukhabad APMC,13,208,39.72,39.74,-0.02
tomato,305.0,Farukhabad APMC,26,204,49.96,41.43,8.53
tomato,306.0,Ghaziabad APMC,1,226,20.89,21.98,-1.09
tomato,306.0,Ghaziabad APMC,4,220,36.04,35.22,0.81
tomato,306.0,Ghaziabad APMC,13,204,36.01,36.15,-0.14
tomato,306.0,Ghaziabad APMC,26,193,38.34,36.98,1.37
tomato,307.0,Gorakhpur APMC,1,240,25.6,26.04,-0.44
tomato,307.0,Gorakhpur APMC,4,237,44.71,41.38,3.33
tomato,307.0,Gorakhpur APMC,13,228,43.83,41.08,2.75
tomato,307.0,Gorakhpur APMC,26,215,52.44,44.01,8.44
tomato,308.0,Hardoi APMC,1,226,20.29,22.13,-1.84
tomato,308.0,Hardoi APMC,4,220,38.24,37.5,0.74
tomato,308.0,Hardoi APMC,13,204,38.54,39.04,-0.51
tomato,308.0,Hardoi APMC,26,192,41.61,38.48,3.13
tomato,309.0,Etawah APMC,1,240,21.82,23.08,-1.26
tomato,309.0,Etawah APMC,4,237,35.85,36.87,-1.02
tomato,309.0,Etawah APMC,13,228,36.58,37.79,-1.21
tomato,309.0,Etawah APMC,26,215,41.26,39.46,1.8
tomato,310.0,Jaunpur APMC,1,240,25.31,25.52,-0.21
tomato,310.0,Jaunpur APMC,4,237,42.69,41.04,1.64
tomato,310.0,Jaunpur APMC,13,228,43.93,41.88,2.05
tomato,310.0,Jaunpur APMC,26,215,49.3,43.17,6.13
tomato,311.0,Kanpur(Grain) APMC,1,240,22.83,23.94,-1.11
tomato,311.0,Kanpur(Grain) APMC,4,237,35.82,36.88,-1.06
tomato,311.0,Kanpur(Grain) APMC,13,228,35.71,37.65,-1.94
tomato,311.0,Kanpur(Grain) APMC,26,215,38.28,38.21,0.07
tomato,313.0,Lakhimpur APMC,1,239,20.37,22.02,-1.64
tomato,313.0,Lakhimpur APMC,4,236,36.17,37.23,-1.06
tomato,313.0,Lakhimpur APMC,13,227,37.59,38.59,-1.0
tomato,313.0,Lakhimpur APMC,26,214,43.99,40.83,3.16
tomato,314.0,Lalitpur APMC,1,221,24.22,24.94,-0.72
tomato,314.0,Lalitpur APMC,4,215,40.24,38.22,2.02
tomato,314.0,Lalitpur APMC,13,211,43.45,41.18,2.27
tomato,314.0,Lalitpur APMC,26,198,47.7,41.43,6.27
tomato,315.0,Lucknow APMC,1,240,22.49,23.77,-1.28
tomato,315.0,Lucknow APMC,4,237,37.47,38.22,-0.75
tomato,315.0,Lucknow APMC,13,228,38.02,38.86,-0.84
tomato,315.0,Lucknow APMC,26,215,43.14,39.63,3.51
tomato,316.0,Mainpuri APMC,1,209,23.27,24.4,-1.13
tomato,316.0,Mainpuri APMC,4,206,40.7,38.82,1.88
tomato,316.0,Mainpuri APMC,13,197,39.59,38.59,1.0
tomato,316.0,Mainpuri APMC,26,184,43.68,39.34,4.33
tomato,317.0,Meerut APMC,1,224,22.38,24.81,-2.43
tomato,317.0,Meerut APMC,4,218,38.05,38.91,-0.86
tomato,317.0,Meerut APMC,13,202,36.97,39.91,-2.94
tomato,317.0,Meerut APMC,26,193,37.09,36.09,1.0
tomato,318.0,Muradabad APMC,1,228,26.07,25.24,0.83
tomato,318.0,Muradabad APMC,4,222,44.59,40.58,4.01
tomato,318.0,Muradabad APMC,13,208,44.72,41.9,2.82
tomato,318.0,Muradabad APMC,26,196,48.3,42.05,6.24
tomato,319.0,Kashipur APMC,1,238,22.83,23.65,-0.82
tomato,319.0,Kashipur APMC,4,235,30.86,30.85,0.01
tomato,319.0,Kashipur APMC,13,226,33.5,34.72,-1.21
tomato,319.0,Kashipur APMC,26,213,32.54,32.25,0.29
tomato,320.0,Pilibhit APMC,1,240,23.25,24.21,-0.96
tomato,320.0,Pilibhit APMC,4,237,41.25,40.34,0.91
tomato,320.0,Pilibhit APMC,13,228,43.47,42.29,1.18
tomato,320.0,Pilibhit APMC,26,215,47.68,43.58,4.1
tomato,321.0,Saharanpur APMC,1,224,23.25,23.18,0.07
tomato,321.0,Saharanpur APMC,4,218,40.07,38.91,1.16
tomato,321.0,Saharanpur APMC,13,201,38.01,39.08,-1.06
tomato,321.0,Saharanpur APMC,26,191,42.29,39.9,2.39
tomato,322.0,Shahjahanpur APMC,1,224,22.84,23.88,-1.04
tomato,322.0,Shahjahanpur APMC,4,218,40.97,39.63,1.34
tomato,322.0,Shahjahanpur APMC,13,201,38.33,39.68,-1.35
tomato,322.0,Shahjahanpur APMC,26,190,52.28,42.92,9.36
tomato,324.0,Sitapur APMC,1,230,20.43,22.11,-1.68
tomato,324.0,Sitapur APMC,4,224,37.69,38.11,-0.42
tomato,324.0,Sitapur APMC,13,212,40.83,39.91,0.92
tomato,324.0,Sitapur APMC,26,200,49.12,41.37,7.75
tomato,326.0,Rudrapur APMC,1,235,31.23,31.3,-0.08
tomato,326.0,Rudrapur APMC,4,232,49.31,43.87,5.44
tomato,326.0,Rudrapur APMC,13,223,52.0,44.85,7.14
tomato,326.0,Rudrapur APMC,26,210,62.52,48.12,14.41
tomato,328.0,Barasat APMC,1,240,20.55,22.11,-1.56
tomato,328.0,Barasat APMC,4,237,33.34,36.61,-3.27
tomato,328.0,Barasat APMC,13,228,32.51,35.16,-2.65
tomato,328.0,Barasat APMC,26,215,42.36,38.59,3.77
tomato,331.0,Kalna APMC,1,240,22.31,23.65,-1.34
tomato,331.0,Kalna APMC,4,237,35.65,38.23,-2.58
tomato,331.0,Kalna APMC,13,228,34.73,38.33,-3.6
tomato,331.0,Kalna APMC,26,215,44.98,40.36,4.62
tomato,333.0,Coochbehar APMC,1,240,21.13,20.35,0.77
tomato,333.0,Coochbehar APMC,4,237,38.12,36.18,1.94
tomato,333.0,Coochbehar APMC,13,228,37.9,36.74,1.16
tomato,333.0,Coochbehar APMC,26,215,53.61,40.87,12.74
tomato,334.0,Pandua APMC,1,240,23.07,23.23,-0.16
tomato,334.0,Pandua APMC,4,237,37.46,38.52,-1.06
tomato,334.0,Pandua APMC,13,228,36.0,36.74,-0.73
tomato,334.0,Pandua APMC,26,215,45.12,38.63,6.49
tomato,406.0,Durg APMC,1,240,34.41,31.43,2.97
tomato,406.0,Durg APMC,4,237,49.33,42.71,6.63
tomato,406.0,Durg APMC,13,228,56.53,48.08,8.46
tomato,406.0,Durg APMC,26,215,73.84,52.16,21.68
tomato,414.0,Raigarh APMC,1,240,24.93,25.19,-0.26
tomato,414.0,Raigarh APMC,4,237,35.46,39.01,-3.55
tomato,414.0,Raigarh APMC,13,228,36.38,39.39,-3.02
tomato,414.0,Raigarh APMC,26,215,47.44,44.48,2.96
tomato,423.0,APMC Keshopur,1,240,25.78,27.08,-1.3
tomato,423.0,APMC Keshopur,4,237,38.6,38.35,0.25
tomato,423.0,APMC Keshopur,13,228,35.7,37.84,-2.15
tomato,423.0,APMC Keshopur,26,215,46.44,41.88,4.56
tomato,424.0,APMC Shahdara,1,199,33.16,31.26,1.89
tomato,424.0,APMC Shahdara,4,196,54.21,45.58,8.64
tomato,424.0,APMC Shahdara,13,187,53.1,45.5,7.6
tomato,424.0,APMC Shahdara,26,174,61.62,46.16,15.46
tomato,434.0,Ankleshwar APMC,1,240,29.23,29.31,-0.08
tomato,434.0,Ankleshwar APMC,4,237,43.35,39.98,3.37
tomato,434.0,Ankleshwar APMC,13,228,47.97,43.96,4.01
tomato,434.0,Ankleshwar APMC,26,215,53.69,45.35,8.33
tomato,450.0,Vadhvan APMC,1,240,28.51,29.69,-1.18
tomato,450.0,Vadhvan APMC,4,237,41.86,43.35,-1.49
tomato,450.0,Vadhvan APMC,13,228,42.63,44.11,-1.49
tomato,450.0,Vadhvan APMC,26,215,49.26,46.15,3.11
tomato,452.0,Panipat APMC,1,240,24.17,22.83,1.34
tomato,452.0,Panipat APMC,4,237,39.33,32.43,6.9
tomato,452.0,Panipat APMC,13,228,49.38,38.09,11.3
tomato,452.0,Panipat APMC,26,215,53.94,39.25,14.7
tomato,454.0,Sonepat APMC,1,239,26.31,25.91,0.4
tomato,454.0,Sonepat APMC,4,236,36.41,36.75,-0.33
tomato,454.0,Sonepat APMC,13,227,38.91,37.2,1.71
tomato,454.0,Sonepat APMC,26,214,41.54,39.42,2.12
tomato,455.0,Rohtak APMC,1,236,28.57,29.18,-0.62
tomato,455.0,Rohtak APMC,4,233,45.25,41.23,4.03
tomato,455.0,Rohtak APMC,13,224,56.55,46.54,10.01
tomato,455.0,Rohtak APMC,26,211,55.14,44.79,10.35
tomato,456.0,Jhajjar APMC,1,240,26.05,27.63,-1.59
tomato,456.0,Jhajjar APMC,4,237,38.18,42.93,-4.75
tomato,456.0,Jhajjar APMC,13,228,39.63,43.67,-4.04
tomato,456.0,Jhajjar APMC,26,215,41.3,45.28,-3.97
tomato,457.0,Rewari APMC,1,240,26.05,25.88,0.17
tomato,457.0,Rewari APMC,4,237,39.81,36.03,3.79
tomato,457.0,Rewari APMC,13,228,51.97,43.79,8.18
tomato,457.0,Rewari APMC,26,215,52.11,43.48,8.63
tomato,459.0,Gurgaon APMC,1,240,24.88,26.83,-1.95
tomato,459.0,Gurgaon APMC,4,237,35.27,34.57,0.7
tomato,459.0,Gurgaon APMC,13,228,44.43,41.02,3.4
tomato,459.0,Gurgaon APMC,26,215,45.35,41.22,4.13
tomato,462.0,PMY Una,1,240,23.03,25.36,-2.33
tomato,462.0,PMY Una,4,237,33.76,38.18,-4.42
tomato,462.0,PMY Una,13,228,36.28,38.1,-1.82
tomato,462.0,PMY Una,26,215,36.42,39.28,-2.86
tomato,463.0,PMY Chamba,1,240,20.67,23.61,-2.94
tomato,463.0,PMY Chamba,4,237,30.25,36.75,-6.51
tomato,463.0,PMY Chamba,13,228,29.47,35.3,-5.83
tomato,463.0,PMY Chamba,26,215,30.11,35.86,-5.75
tomato,464.0,PMY Bilaspur,1,240,22.04,23.08,-1.04
tomato,464.0,PMY Bilaspur,4,237,31.84,34.71,-2.87
tomato,464.0,PMY Bilaspur,13,228,31.05,33.23,-2.18
tomato,464.0,PMY Bilaspur,26,215,30.62,33.5,-2.87
tomato,465.0,SMY Dhanotu,1,240,25.51,25.34,0.17
tomato,465.0,SMY Dhanotu,4,237,36.01,36.43,-0.42
tomato,465.0,SMY Dhanotu,13,228,38.62,36.53,2.09
tomato,465.0,SMY Dhanotu,26,215,38.99,37.73,1.26
tomato,466.0,PMY Hamirpur,1,240,21.47,24.51,-3.04
tomato,466.0,PMY Hamirpur,4,237,32.02,37.94,-5.91
tomato,466.0,PMY Hamirpur,13,228,32.73,37.5,-4.77
tomato,466.0,PMY Hamirpur,26,215,31.65,37.37,-5.72
tomato,467.0,PMY Dhalli Shimla,1,240,26.02,26.27,-0.25
tomato,467.0,PMY Dhalli Shimla,4,237,32.34,35.29,-2.95
tomato,467.0,PMY Dhalli Shimla,13,228,35.74,36.02,-0.28
tomato,467.0,PMY Dhalli Shimla,26,215,36.95,37.07,-0.12
tomato,468.0,SMY Palampur,1,240,23.22,24.33,-1.11
tomato,468.0,SMY Palampur,4,237,31.75,35.58,-3.83
tomato,468.0,SMY Palampur,13,228,34.57,36.27,-1.7
tomato,468.0,SMY Palampur,26,215,34.12,36.28,-2.16
tomato,471.0,SMY Bhuntar,1,240,26.59,24.91,1.68
tomato,471.0,SMY Bhuntar,4,237,34.02,33.4,0.62
tomato,471.0,SMY Bhuntar,13,228,37.2,34.97,2.24
tomato,471.0,SMY Bhuntar,26,215,34.51,33.07,1.44
tomato,472.0,Narwal Jammu (F&V),1,240,74.37,26.8,47.58
tomato,472.0,Narwal Jammu (F&V),4,237,96.65,37.7,58.95
tomato,472.0,Narwal Jammu (F&V),13,228,99.98,37.86,62.12
tomato,472.0,Narwal Jammu (F&V),26,215,110.27,37.78,72.48
tomato,489.0,Doddaballapur APMC,1,214,32.18,32.46,-0.28
tomato,489.0,Doddaballapur APMC,4,208,44.36,43.67,0.69
tomato,489.0,Doddaballapur APMC,13,190,39.79,41.42,-1.63
tomato,489.0,Doddaballapur APMC,26,167,45.42,45.02,0.39
tomato,491.0,Srinivasapur APMC,1,206,45.02,38.94,6.08
tomato,491.0,Srinivasapur APMC,4,194,72.44,54.68,17.77
tomato,491.0,Srinivasapur APMC,13,172,66.67,55.31,11.36
tomato,491.0,Srinivasapur APMC,26,178,71.05,55.19,15.87
tomato,492.0,Gauribidanur APMC,1,215,32.05,29.22,2.83
tomato,492.0,Gauribidanur APMC,4,209,47.28,40.02,7.26
tomato,492.0,Gauribidanur APMC,13,191,54.65,46.14,8.5
tomato,492.0,Gauribidanur APMC,26,169,54.05,45.09,8.96
tomato,497.0,Gundlupet APMC,1,240,42.06,36.6,5.46
tomato,497.0,Gundlupet APMC,4,237,61.28,50.13,11.15
tomato,497.0,Gundlupet APMC,13,228,56.58,50.36,6.23
tomato,497.0,Gundlupet APMC,26,215,63.04,52.07,10.98
tomato,499.0,K.R. Pet APMC,1,240,31.5,32.22,-0.72
tomato,499.0,K.R. Pet APMC,4,237,45.14,42.6,2.54
tomato,499.0,K.R. Pet APMC,13,228,43.03,41.51,1.52
tomato,499.0,K.R. Pet APMC,26,215,51.63,46.68,4.95
tomato,515.0,Palayam Market,1,240,30.95,29.47,1.49
tomato,515.0,Palayam Market,4,237,42.5,37.8,4.7
tomato,515.0,Palayam Market,13,228,36.04,34.12,1.92
tomato,515.0,Palayam Market,26,215,45.96,40.9,5.06
tomato,530.0,Morena APMC,1,137,30.36,27.33,3.03
tomato,530.0,Morena APMC,4,134,38.68,34.85,3.83
tomato,530.0,Morena APMC,13,125,44.93,40.3,4.63
tomato,530.0,Morena APMC,26,112,61.92,46.96,14.97
tomato,555.0,Pandharpur APMC,1,209,32.38,31.6,0.79
tomato,555.0,Pandharpur APMC,4,197,51.5,45.01,6.5
tomato,555.0,Pandharpur APMC,13,189,46.29,39.81,6.48
tomato,555.0,Pandharpur APMC,26,167,71.22,53.92,17.3
tomato,557.0,Chattrapati Sambhajinagar APMC,1,240,39.42,36.0,3.41
tomato,557.0,Chattrapati Sambhajinagar APMC,4,237,57.98,48.59,9.39
tomato,557.0,Chattrapati Sambhajinagar APMC,13,228,59.0,51.51,7.49
tomato,557.0,Chattrapati Sambhajinagar APMC,26,215,70.87,55.01,15.86
tomato,591.0,Koraput APMC,1,205,17.99,19.17,-1.19
tomato,591.0,Koraput APMC,4,196,27.91,31.33,-3.42
tomato,591.0,Koraput APMC,13,174,27.96,30.22,-2.26
tomato,591.0,Koraput APMC,26,163,35.97,36.48,-0.51
tomato,592.0,Baripada APMC,1,240,21.86,23.83,-1.97
tomato,592.0,Baripada APMC,4,237,32.87,38.27,-5.4
tomato,592.0,Baripada APMC,13,228,31.81,37.68,-5.87
tomato,592.0,Baripada APMC,26,215,42.45,43.45,-1.0
tomato,593.0,Padampur APMC,1,167,25.53,26.96,-1.43
tomato,593.0,Padampur APMC,4,160,37.21,34.72,2.49
tomato,593.0,Padampur APMC,13,154,48.01,44.65,3.36
tomato,593.0,Padampur APMC,26,144,54.76,44.67,10.09
tomato,594.0,Khariar Road APMC,1,240,19.8,23.33,-3.54
tomato,594.0,Khariar Road APMC,4,237,31.24,37.17,-5.92
tomato,594.0,Khariar Road APMC,13,228,34.32,38.87,-4.55
tomato,594.0,Khariar Road APMC,26,215,43.91,43.86,0.05
tomato,595.0,Bolangir APMC,1,173,26.6,29.08,-2.48
tomato,595.0,Bolangir APMC,4,166,35.13,39.84,-4.71
tomato,595.0,Bolangir APMC,13,148,35.77,42.08,-6.31
tomato,595.0,Bolangir APMC,26,124,41.85,46.71,-4.87
tomato,598.0,Patti APMC,1,240,68.89,27.94,40.95
tomato,598.0,Patti APMC,4,237,131.85,40.51,91.34
tomato,598.0,Patti APMC,13,228,225.47,41.25,184.21
tomato,598.0,Patti APMC,26,215,223.76,38.28,185.48
tomato,600.0,Gurdaspur APMC,1,180,20.68,19.99,0.69
tomato,600.0,Gurdaspur APMC,4,169,34.37,34.31,0.06
tomato,600.0,Gurdaspur APMC,13,160,32.92,34.75,-1.83
tomato,600.0,Gurdaspur APMC,26,134,38.01,37.05,0.97
tomato,603.0,Bathinda APMC,1,240,30.37,25.9,4.47
tomato,603.0,Bathinda APMC,4,237,52.3,42.45,9.86
tomato,603.0,Bathinda APMC,13,228,46.48,39.42,7.07
tomato,603.0,Bathinda APMC,26,215,49.61,40.94,8.67
tomato,605.0,Raman APMC,1,240,26.06,25.23,0.83
tomato,605.0,Raman APMC,4,237,40.73,37.39,3.34
tomato,605.0,Raman APMC,13,228,37.28,36.59,0.7
tomato,605.0,Raman APMC,26,215,40.64,38.87,1.77
tomato,606.0,Faridkot APMC,1,167,26.62,27.36,-0.73
tomato,606.0,Faridkot APMC,4,158,42.67,38.16,4.51
tomato,606.0,Faridkot APMC,13,132,46.09,37.91,8.18
tomato,606.0,Faridkot APMC,26,122,52.78,40.78,12.0
tomato,608.0,Firozepur City APMC,1,224,32.23,31.22,1.01
tomato,608.0,Firozepur City APMC,4,218,47.1,42.29,4.81
tomato,608.0,Firozepur City APMC,13,200,41.15,42.03,-0.88
tomato,608.0,Firozepur City APMC,26,199,41.34,41.08,0.26
tomato,613.0,Samrala APMC,1,210,23.99,24.93,-0.94
tomato,613.0,Samrala APMC,4,204,32.72,34.98,-2.26
tomato,613.0,Samrala APMC,13,186,30.52,35.13,-4.62
tomato,613.0,Samrala APMC,26,160,29.37,35.1,-5.73
tomato,614.0,Phagwara APMC,1,221,28.33,26.91,1.42
tomato,614.0,Phagwara APMC,4,215,39.97,36.47,3.5
tomato,614.0,Phagwara APMC,13,197,39.46,36.8,2.65
tomato,614.0,Phagwara APMC,26,181,40.67,39.45,1.22
tomato,615.0,Budalada APMC,1,239,23.1,22.64,0.46
tomato,615.0,Budalada APMC,4,236,34.8,34.46,0.34
tomato,615.0,Budalada APMC,13,227,32.71,34.15,-1.44
tomato,615.0,Budalada APMC,26,214,35.8,35.26,0.53
tomato,617.0,Giddarbaha APMC,1,207,21.08,22.22,-1.15
tomato,617.0,Giddarbaha APMC,4,198,29.06,32.12,-3.06
tomato,617.0,Giddarbaha APMC,13,185,28.85,31.68,-2.83
tomato,617.0,Giddarbaha APMC,26,164,31.68,34.96,-3.28
tomato,619.0,Dudhansadhan APMC,1,240,26.86,25.95,0.91
tomato,619.0,Dudhansadhan APMC,4,237,37.17,36.99,0.18
tomato,619.0,Dudhansadhan APMC,13,228,37.29,38.66,-1.37
tomato,619.0,Dudhansadhan APMC,26,215,39.75,37.8,1.95
tomato,621.0,Ropar APMC,1,37,18.75,23.61,-4.85
tomato,621.0,Ropar APMC,4,34,23.4,29.66,-6.26
tomato,621.0,Ropar APMC,13,25,19.8,21.98,-2.18
tomato,621.0,Ropar APMC,26,12,13.61,12.89,0.72
tomato,627.0,Churu APMC,1,240,20.06,21.03,-0.96
tomato,627.0,Churu APMC,4,237,30.19,31.67,-1.48
tomato,627.0,Churu APMC,13,228,27.59,31.51,-3.92
tomato,627.0,Churu APMC,26,215,28.13,31.23,-3.09
tomato,631.0,Jalore APMC,1,240,23.24,23.05,0.18
tomato,631.0,Jalore APMC,4,237,37.67,35.98,1.69
tomato,631.0,Jalore APMC,13,228,41.53,40.45,1.08
tomato,631.0,Jalore APMC,26,215,47.9,41.77,6.13
tomato,636.0,Jhunjhunu APMC,1,193,28.21,29.16,-0.95
tomato,636.0,Jhunjhunu APMC,4,187,34.34,35.17,-0.83
tomato,636.0,Jhunjhunu APMC,13,169,34.23,34.81,-0.58
tomato,636.0,Jhunjhunu APMC,26,143,37.21,38.38,-1.17
tomato,638.0,Sikar APMC,1,240,26.54,27.2,-0.66
tomato,638.0,Sikar APMC,4,237,37.88,35.02,2.87
tomato,638.0,Sikar APMC,13,228,41.33,38.07,3.26
tomato,638.0,Sikar APMC,26,215,47.06,40.72,6.34
tomato,642.0,Abu Road APMC,1,240,41.18,35.21,5.97
tomato,642.0,Abu Road APMC,4,237,65.41,46.18,19.23
tomato,642.0,Abu Road APMC,13,228,72.91,51.41,21.5
tomato,642.0,Abu Road APMC,26,215,84.25,54.56,29.69
tomato,647.0,Buland Shahr APMC,1,240,21.51,22.54,-1.03
tomato,647.0,Buland Shahr APMC,4,237,36.01,35.7,0.31
tomato,647.0,Buland Shahr APMC,13,228,34.47,35.6,-1.13
tomato,647.0,Buland Shahr APMC,26,215,38.62,37.42,1.2
tomato,649.0,Baraut APMC,1,227,17.77,18.79,-1.02
tomato,649.0,Baraut APMC,4,221,29.97,30.3,-0.34
tomato,649.0,Baraut APMC,13,206,32.05,32.79,-0.74
tomato,649.0,Baraut APMC,26,194,37.94,35.04,2.9
tomato,650.0,Shamli APMC,1,230,21.44,22.51,-1.08
tomato,650.0,Shamli APMC,4,224,38.07,37.65,0.42
tomato,650.0,Shamli APMC,13,212,36.32,37.39,-1.06
tomato,650.0,Shamli APMC,26,205,40.23,38.88,1.35
tomato,651.0,Khatauli APMC,1,185,27.96,30.62,-2.66
tomato,651.0,Khatauli APMC,4,173,39.15,38.65,0.5
tomato,651.0,Khatauli APMC,13,147,40.11,37.99,2.11
tomato,651.0,Khatauli APMC,26,136,42.94,39.68,3.25
tomato,652.0,Etah APMC,1,240,23.69,25.19,-1.5
tomato,652.0,Etah APMC,4,237,39.87,37.3,2.57
tomato,652.0,Etah APMC,13,228,39.75,37.22,2.54
tomato,652.0,Etah APMC,26,215,46.56,40.09,6.47
tomato,653.0,Mathura APMC,1,240,23.35,24.95,-1.6
tomato,653.0,Mathura APMC,4,237,37.84,37.39,0.45
tomato,653.0,Mathura APMC,13,228,38.74,37.81,0.93
tomato,653.0,Mathura APMC,26,215,42.85,39.15,3.7
tomato,654.0,Rampur APMC,1,210,24.02,24.95,-0.93
tomato,654.0,Rampur APMC,4,207,39.56,39.0,0.56
tomato,654.0,Rampur APMC,13,198,39.86,39.45,0.42
tomato,654.0,Rampur APMC,26,185,46.44,42.71,3.73
tomato,655.0,Badayoun APMC,1,239,21.65,23.19,-1.55
tomato,655.0,Badayoun APMC,4,236,37.82,37.95,-0.14
tomato,655.0,Badayoun APMC,13,227,38.65,39.46,-0.81
tomato,655.0,Badayoun APMC,26,214,40.16,38.91,1.25
tomato,656.0,Chandausi APMC,1,239,22.09,23.75,-1.66
tomato,656.0,Chandausi APMC,4,236,39.16,38.61,0.55
tomato,656.0,Chandausi APMC,13,227,43.06,41.65,1.42
tomato,656.0,Chandausi APMC,26,214,47.04,43.17,3.87
tomato,657.0,Raibareilly APMC,1,238,22.17,23.63,-1.46
tomato,657.0,Raibareilly APMC,4,235,39.28,37.81,1.48
tomato,657.0,Raibareilly APMC,13,226,45.02,41.26,3.77
tomato,657.0,Raibareilly APMC,26,213,52.35,43.08,9.27
tomato,658.0,Gonda APMC,1,239,25.54,26.75,-1.21
tomato,658.0,Gonda APMC,4,236,37.12,38.74,-1.62
tomato,658.0,Gonda APMC,13,227,36.41,39.07,-2.66
tomato,658.0,Gonda APMC,26,214,39.22,38.45,0.77
tomato,659.0,Sultanpur APMC,1,223,23.25,23.62,-0.37
tomato,659.0,Sultanpur APMC,4,217,42.52,41.18,1.34
tomato,659.0,Sultanpur APMC,13,200,43.8,42.63,1.17
tomato,659.0,Sultanpur APMC,26,191,48.82,42.19,6.63
tomato,660.0,Pratapgarh APMC,1,240,22.8,24.0,-1.2
tomato,660.0,Pratapgarh APMC,4,237,37.04,37.91,-0.87
tomato,660.0,Pratapgarh APMC,13,228,36.01,38.19,-2.17
tomato,660.0,Pratapgarh APMC,26,215,39.21,38.06,1.14
tomato,661.0,Devariya APMC,1,225,24.6,25.43,-0.82
tomato,661.0,Devariya APMC,4,219,40.62,39.38,1.24
tomato,661.0,Devariya APMC,13,211,41.29,40.19,1.11
tomato,661.0,Devariya APMC,26,202,47.91,42.05,5.86
tomato,662.0,Basti APMC,1,238,24.95,25.59,-0.65
tomato,662.0,Basti APMC,4,235,40.16,39.45,0.7
tomato,662.0,Basti APMC,13,226,37.58,38.2,-0.62
tomato,662.0,Basti APMC,26,213,43.16,40.02,3.15
tomato,663.0,Azamgarh APMC,1,240,28.28,27.87,0.41
tomato,663.0,Azamgarh APMC,4,237,43.82,41.22,2.6
tomato,663.0,Azamgarh APMC,13,228,44.89,41.92,2.98
tomato,663.0,Azamgarh APMC,26,215,51.43,43.2,8.23
tomato,664.0,Mirzapur APMC,1,228,30.27,28.27,2.01
tomato,664.0,Mirzapur APMC,4,222,50.05,43.78,6.27
tomato,664.0,Mirzapur APMC,13,215,56.69,46.67,10.03
tomato,664.0,Mirzapur APMC,26,205,62.12,45.62,16.49
tomato,666.0,Jhansi APMC,1,230,24.66,25.17,-0.51
tomato,666.0,Jhansi APMC,4,224,39.69,38.04,1.65
tomato,666.0,Jhansi APMC,13,212,41.89,39.45,2.44
tomato,666.0,Jhansi APMC,26,200,45.55,40.62,4.93
tomato,667.0,Rishikesh APMC,1,240,27.72,27.63,0.09
tomato,667.0,Rishikesh APMC,4,237,43.85,41.17,2.68
tomato,667.0,Rishikesh APMC,13,228,39.36,40.14,-0.79
tomato,667.0,Rishikesh APMC,26,215,45.15,43.14,2.01
tomato,668.0,Vikasnagar APMC,1,240,26.71,23.96,2.76
tomato,668.0,Vikasnagar APMC,4,237,37.72,34.27,3.45
tomato,668.0,Vikasnagar APMC,13,228,35.26,32.88,2.38
tomato,668.0,Vikasnagar APMC,26,215,39.34,36.57,2.77
tomato,669.0,Khateema APMC,1,239,28.69,27.14,1.56
tomato,669.0,Khateema APMC,4,236,43.47,38.1,5.37
tomato,669.0,Khateema APMC,13,227,42.74,37.23,5.51
tomato,669.0,Khateema APMC,26,214,46.36,37.35,9.01
tomato,670.0,Burdwan APMC,1,240,21.6,22.09,-0.49
tomato,670.0,Burdwan APMC,4,237,34.53,36.33,-1.8
tomato,670.0,Burdwan APMC,13,228,34.17,34.98,-0.81
tomato,670.0,Burdwan APMC,26,215,45.36,38.16,7.2
tomato,671.0,Medinipur(West) APMC,1,240,22.35,22.77,-0.42
tomato,671.0,Medinipur(West) APMC,4,237,33.31,36.14,-2.82
tomato,671.0,Medinipur(West) APMC,13,228,30.66,34.93,-4.27
tomato,671.0,Medinipur(West) APMC,26,215,41.81,39.62,2.19
tomato,672.0,Birbhum APMC,1,240,23.04,24.59,-1.55
tomato,672.0,Birbhum APMC,4,237,32.03,35.87,-3.84
tomato,672.0,Birbhum APMC,13,228,29.38,34.39,-5.01
tomato,672.0,Birbhum APMC,26,215,37.98,37.33,0.65
tomato,676.0,Alipurduar APMC,1,240,24.27,24.46,-0.2
tomato,676.0,Alipurduar APMC,4,237,38.79,38.42,0.36
tomato,676.0,Alipurduar APMC,13,228,37.77,38.6,-0.83
tomato,676.0,Alipurduar APMC,26,215,53.6,43.53,10.07
tomato,681.0,Vadaseri APMC,1,111,29.6,25.17,4.42
tomato,681.0,Vadaseri APMC,4,108,32.16,35.88,-3.72
tomato,681.0,Vadaseri APMC,13,99,32.48,36.91,-4.43
tomato,681.0,Vadaseri APMC,26,86,33.08,37.33,-4.25
tomato,682.0,Muzzafarnagar APMC,1,219,20.85,21.74,-0.89
tomato,682.0,Muzzafarnagar APMC,4,213,37.78,37.56,0.21
tomato,682.0,Muzzafarnagar APMC,13,195,36.06,37.07,-1.02
tomato,682.0,Muzzafarnagar APMC,26,183,41.45,39.55,1.9
tomato,683.0,Panisagar APMC,1,231,20.53,19.75,0.78
tomato,683.0,Panisagar APMC,4,228,28.89,30.1,-1.21
tomato,683.0,Panisagar APMC,13,219,30.08,29.09,0.98
tomato,683.0,Panisagar APMC,26,206,37.84,30.92,6.91
tomato,690.0,Channapatna APMC,1,154,47.41,40.92,6.49
tomato,690.0,Channapatna APMC,4,148,73.86,58.75,15.11
tomato,690.0,Channapatna APMC,13,130,65.0,55.73,9.28
tomato,690.0,Channapatna APMC,26,104,77.52,61.45,16.07
tomato,707.0,Chamarajanagar APMC,1,240,46.61,39.29,7.32
tomato,707.0,Chamarajanagar APMC,4,237,81.46,58.0,23.46
tomato,707.0,Chamarajanagar APMC,13,228,74.61,55.53,19.08
tomato,707.0,Chamarajanagar APMC,26,215,86.5,59.86,26.63
tomato,709.0,Chikkamagaluru APMC,1,240,28.39,28.88,-0.49
tomato,709.0,Chikkamagaluru APMC,4,237,36.94,37.9,-0.96
tomato,709.0,Chikkamagaluru APMC,13,228,37.02,39.99,-2.97
tomato,709.0,Chikkamagaluru APMC,26,215,36.21,38.19,-1.97
tomato,728.0,Kalaburagi APMC,1,239,43.67,39.19,4.48
tomato,728.0,Kalaburagi APMC,4,236,65.33,54.77,10.55
tomato,728.0,Kalaburagi APMC,13,227,72.21,60.46,11.76
tomato,728.0,Kalaburagi APMC,26,214,93.65,66.73,26.92
tomato,735.0,Hassan APMC,1,202,37.89,36.21,1.68
tomato,735.0,Hassan APMC,4,190,48.45,47.34,1.12
tomato,735.0,Hassan APMC,13,173,52.07,53.03,-0.95
tomato,735.0,Hassan APMC,26,157,45.85,47.55,-1.69
tomato,742.0,Chickkaballapura APMC,1,240,35.34,33.37,1.97
tomato,742.0,Chickkaballapura APMC,4,237,48.64,43.74,4.9
tomato,742.0,Chickkaballapura APMC,13,228,48.03,45.15,2.89
tomato,742.0,Chickkaballapura APMC,26,215,58.0,51.15,6.85
tomato,743.0,Chintamani APMC,1,240,35.18,34.0,1.18
tomato,743.0,Chintamani APMC,4,237,56.5,48.13,8.37
tomato,743.0,Chintamani APMC,13,228,55.04,47.69,7.35
tomato,743.0,Chintamani APMC,26,215,70.8,54.01,16.8
tomato,744.0,Bangarpet APMC,1,214,37.63,32.91,4.73
tomato,744.0,Bangarpet APMC,4,208,65.22,50.85,14.37
tomato,744.0,Bangarpet APMC,13,190,66.66,55.65,11.01
tomato,744.0,Bangarpet APMC,26,167,82.76,62.02,20.74
tomato,745.0,Ramanagara APMC,1,240,41.52,36.71,4.81
tomato,745.0,Ramanagara APMC,4,237,58.65,50.38,8.27
tomato,745.0,Ramanagara APMC,13,228,53.82,50.95,2.86
tomato,745.0,Ramanagara APMC,26,215,61.42,53.49,7.93
tomato,753.0,Shimoga APMC,1,240,42.44,37.71,4.72
tomato,753.0,Shimoga APMC,4,237,61.16,50.86,10.3
tomato,753.0,Shimoga APMC,13,228,65.49,56.19,9.31
tomato,753.0,Shimoga APMC,26,215,75.35,59.63,15.72
tomato,793.0,Lalru APMC,1,240,21.75,21.4,0.35
tomato,793.0,Lalru APMC,4,237,35.05,36.56,-1.51
tomato,793.0,Lalru APMC,13,228,34.4,37.67,-3.27
tomato,793.0,Lalru APMC,26,215,39.96,40.34,-0.38
tomato,794.0,Morinda APMC,1,175,20.55,21.28,-0.73
tomato,794.0,Morinda APMC,4,164,28.39,30.77,-2.38
tomato,794.0,Morinda APMC,13,137,26.31,29.15,-2.84
tomato,794.0,Morinda APMC,26,114,27.48,30.91,-3.43
tomato,795.0,Fatehpur APMC,1,240,19.89,21.35,-1.46
tomato,795.0,Fatehpur APMC,4,237,35.61,36.26,-0.65
tomato,795.0,Fatehpur APMC,13,228,37.38,38.71,-1.33
tomato,795.0,Fatehpur APMC,26,215,41.23,38.75,2.48
tomato,796.0,Auraiya APMC,1,240,24.33,24.92,-0.59
tomato,796.0,Auraiya APMC,4,237,40.41,38.8,1.61
tomato,796.0,Auraiya APMC,13,228,42.4,40.12,2.28
tomato,796.0,Auraiya APMC,26,215,48.19,41.66,6.54
tomato,797.0,Mahoba APMC,1,212,23.33,23.94,-0.6
tomato,797.0,Mahoba APMC,4,209,40.09,39.48,0.61
tomato,797.0,Mahoba APMC,13,200,39.63,40.26,-0.63
tomato,797.0,Mahoba APMC,26,187,44.26,40.48,3.78
tomato,799.0,Ramkrishanpur(Howrah) APMC,1,240,23.71,24.1,-0.39
tomato,799.0,Ramkrishanpur(Howrah) APMC,4,237,36.24,38.2,-1.96
tomato,799.0,Ramkrishanpur(Howrah) APMC,13,228,34.19,36.72,-2.52
tomato,799.0,Ramkrishanpur(Howrah) APMC,26,215,44.07,40.2,3.87
tomato,813.0,Sangamner APMC,1,228,41.92,35.73,6.18
tomato,813.0,Sangamner APMC,4,222,73.07,51.36,21.71
tomato,813.0,Sangamner APMC,13,216,73.58,51.25,22.34
tomato,813.0,Sangamner APMC,26,205,87.89,60.29,27.59
tomato,816.0,Firozabad APMC,1,239,23.09,24.32,-1.23
tomato,816.0,Firozabad APMC,4,236,40.94,38.51,2.43
tomato,816.0,Firozabad APMC,13,227,42.98,39.89,3.09
tomato,816.0,Firozabad APMC,26,214,50.78,42.79,7.99
tomato,820.0,Ghatal APMC,1,131,18.12,18.21,-0.09
tomato,820.0,Ghatal APMC,4,125,36.02,36.63,-0.61
tomato,820.0,Ghatal APMC,13,107,25.94,27.64,-1.71
tomato,820.0,Ghatal APMC,26,97,43.39,36.18,7.21
tomato,821.0,Champadanga APMC,1,240,21.56,22.46,-0.9
tomato,821.0,Champadanga APMC,4,237,34.28,36.74,-2.46
tomato,821.0,Champadanga APMC,13,228,33.99,35.89,-1.9
tomato,821.0,Champadanga APMC,26,215,44.51,39.56,4.95
tomato,823.0,Udupi APMC,1,190,30.65,31.17,-0.52
tomato,823.0,Udupi APMC,4,184,38.45,43.7,-5.25
tomato,823.0,Udupi APMC,13,171,36.51,46.3,-9.79
tomato,823.0,Udupi APMC,26,158,38.92,46.18,-7.26
tomato,892.0,Ibrahimputnam APMC,1,212,32.68,30.53,2.15
tomato,892.0,Ibrahimputnam APMC,4,206,43.94,41.82,2.12
tomato,892.0,Ibrahimputnam APMC,13,189,44.46,43.15,1.3
tomato,892.0,Ibrahimputnam APMC,26,177,49.75,43.42,6.33
tomato,987.0,Pattikonda APMC,1,168,27.75,30.31,-2.56
tomato,987.0,Pattikonda APMC,4,157,31.89,37.73,-5.84
tomato,987.0,Pattikonda APMC,13,130,37.37,44.15,-6.78
tomato,987.0,Pattikonda APMC,26,104,38.3,39.66,-1.36
tomato,1048.0,Venkateswarnagar APMC,1,231,38.99,34.99,4.0
tomato,1048.0,Venkateswarnagar APMC,4,228,58.42,47.88,10.53
tomato,1048.0,Venkateswarnagar APMC,13,219,64.94,49.64,15.31
tomato,1048.0,Venkateswarnagar APMC,26,206,73.11,50.96,22.15
tomato,1061.0,Udumalpet APMC,1,111,41.34,29.82,11.52
tomato,1061.0,Udumalpet APMC,4,108,33.81,33.6,0.21
tomato,1061.0,Udumalpet APMC,13,99,34.76,37.23,-2.47
tomato,1061.0,Udumalpet APMC,26,86,35.19,36.87,-1.68
tomato,1070.0,Haldwani APMC,1,240,23.79,25.16,-1.37
tomato,1070.0,Haldwani APMC,4,237,35.38,34.93,0.46
tomato,1070.0,Haldwani APMC,13,228,35.87,36.64,-0.77
tomato,1070.0,Haldwani APMC,26,215,42.64,39.49,3.14
tomato,1071.0,Haridwar Union APMC,1,239,28.13,27.38,0.75
tomato,1071.0,Haridwar Union APMC,4,236,35.3,32.79,2.5
tomato,1071.0,Haridwar Union APMC,13,227,34.66,33.29,1.37
tomato,1071.0,Haridwar Union APMC,26,214,42.78,38.76,4.02
tomato,1072.0,Ramnagar APMC,1,223,32.52,30.55,1.96
tomato,1072.0,Ramnagar APMC,4,217,41.12,37.94,3.18
tomato,1072.0,Ramnagar APMC,13,200,45.59,41.38,4.21
tomato,1072.0,Ramnagar APMC,26,187,49.8,40.92,8.88
tomato,1073.0,Roorkee APMC,1,240,23.45,20.5,2.95
tomato,1073.0,Roorkee APMC,4,237,36.22,29.31,6.92
tomato,1073.0,Roorkee APMC,13,228,36.17,32.65,3.53
tomato,1073.0,Roorkee APMC,26,215,40.92,36.02,4.89
tomato,1074.0,Kotadwara APMC,1,240,18.49,20.06,-1.57
tomato,1074.0,Kotadwara APMC,4,237,22.28,24.51,-2.24
tomato,1074.0,Kotadwara APMC,13,228,30.46,31.74,-1.28
tomato,1074.0,Kotadwara APMC,26,215,36.37,36.7,-0.33
tomato,1077.0,Manglaur APMC,1,240,23.17,24.23,-1.06
tomato,1077.0,Manglaur APMC,4,237,30.75,30.25,0.5
tomato,1077.0,Manglaur APMC,13,228,35.44,34.28,1.16
tomato,1077.0,Manglaur APMC,26,215,38.03,36.86,1.17
tomato,1078.0,Gudimalkapur APMC,1,240,38.07,34.75,3.31
tomato,1078.0,Gudimalkapur APMC,4,237,56.67,46.15,10.52
tomato,1078.0,Gudimalkapur APMC,13,228,63.27,51.2,12.06
tomato,1078.0,Gudimalkapur APMC,26,215,74.06,55.25,18.8
tomato,1079.0,Gohana APMC,1,240,24.05,24.35,-0.29
tomato,1079.0,Gohana APMC,4,237,39.97,40.08,-0.12
tomato,1079.0,Gohana APMC,13,228,45.68,41.95,3.74
tomato,1079.0,Gohana APMC,26,215,49.91,45.27,4.63
tomato,1081.0,Thodupuzha Market,1,239,22.29,23.51,-1.22
tomato,1081.0,Thodupuzha Market,4,236,32.31,34.42,-2.11
tomato,1081.0,Thodupuzha Market,13,227,27.14,30.91,-3.77
tomato,1081.0,Thodupuzha Market,26,214,30.12,33.4,-3.28
tomato,1108.0,Ambala Cantt. APMC,1,208,31.34,28.32,3.02
tomato,1108.0,Ambala Cantt. APMC,4,199,44.6,37.43,7.16
tomato,1108.0,Ambala Cantt. APMC,13,184,59.23,45.19,14.04
tomato,1108.0,Ambala Cantt. APMC,26,169,64.53,44.64,19.88
tomato,1110.0,Ballabhgarh APMC,1,240,26.21,26.67,-0.46
tomato,1110.0,Ballabhgarh APMC,4,237,38.73,38.26,0.47
tomato,1110.0,Ballabhgarh APMC,13,228,46.02,41.37,4.66
tomato,1110.0,Ballabhgarh APMC,26,215,50.82,44.4,6.42
tomato,1111.0,Sohna APMC,1,240,19.75,22.05,-2.29
tomato,1111.0,Sohna APMC,4,237,31.21,34.65,-3.45
tomato,1111.0,Sohna APMC,13,228,34.56,36.63,-2.06
tomato,1111.0,Sohna APMC,26,215,37.23,38.64,-1.42
tomato,1113.0,Mohindergarh APMC,1,223,23.74,26.6,-2.86
tomato,1113.0,Mohindergarh APMC,4,217,37.51,38.71,-1.21
tomato,1113.0,Mohindergarh APMC,13,199,43.33,42.63,0.7
tomato,1113.0,Mohindergarh APMC,26,185,45.07,43.24,1.83
tomato,1124.0,Bahadajholla APMC,1,203,25.51,24.94,0.56
tomato,1124.0,Bahadajholla APMC,4,194,32.63,33.14,-0.52
tomato,1124.0,Bahadajholla APMC,13,175,38.55,36.42,2.13
tomato,1124.0,Bahadajholla APMC,26,170,43.93,39.83,4.1
tomato,1125.0,Panposh APMC,1,221,22.64,23.76,-1.12
tomato,1125.0,Panposh APMC,4,218,33.27,37.07,-3.81
tomato,1125.0,Panposh APMC,13,209,32.88,36.43,-3.55
tomato,1125.0,Panposh APMC,26,196,41.72,42.41,-0.69
tomato,1128.0,Sirhind APMC,1,240,24.57,25.41,-0.84
tomato,1128.0,Sirhind APMC,4,237,32.79,34.2,-1.42
tomato,1128.0,Sirhind APMC,13,228,30.41,33.67,-3.26
tomato,1128.0,Sirhind APMC,26,215,33.78,35.92,-2.14
tomato,1130.0,Mansa APMC,1,240,23.93,24.54,-0.61
tomato,1130.0,Mansa APMC,4,237,37.94,38.86,-0.92
tomato,1130.0,Mansa APMC,13,228,39.76,42.62,-2.86
tomato,1130.0,Mansa APMC,26,215,42.48,43.34,-0.86
tomato,1132.0,Madanganj Kishangarh APMC,1,200,20.03,21.57,-1.54
tomato,1132.0,Madanganj Kishangarh APMC,4,197,30.37,34.41,-4.04
tomato,1132.0,Madanganj Kishangarh APMC,13,188,27.18,32.05,-4.88
tomato,1132.0,Madanganj Kishangarh APMC,26,175,31.57,36.04,-4.47
tomato,1138.0,Bijnaur APMC,1,225,24.54,25.13,-0.59
tomato,1138.0,Bijnaur APMC,4,219,40.17,38.87,1.3
tomato,1138.0,Bijnaur APMC,13,204,39.88,39.48,0.4
tomato,1138.0,Bijnaur APMC,26,195,41.76,39.8,1.97
tomato,1139.0,Kasganj APMC,1,239,23.5,24.33,-0.83
tomato,1139.0,Kasganj APMC,4,236,41.46,37.43,4.03
tomato,1139.0,Kasganj APMC,13,227,45.98,39.04,6.94
tomato,1139.0,Kasganj APMC,26,214,54.24,42.46,11.77
tomato,1140.0,Amroha APMC,1,228,22.44,23.94,-1.5
tomato,1140.0,Amroha APMC,4,222,41.05,39.36,1.68
tomato,1140.0,Amroha APMC,13,208,43.82,41.85,1.97
tomato,1140.0,Amroha APMC,26,196,46.16,42.39,3.77
tomato,1141.0,Pukharayan APMC,1,240,23.18,23.54,-0.36
tomato,1141.0,Pukharayan APMC,4,237,39.57,38.3,1.27
tomato,1141.0,Pukharayan APMC,13,228,40.14,39.4,0.74
tomato,1141.0,Pukharayan APMC,26,215,46.48,40.76,5.72
tomato,1142.0,Kosikalan APMC,1,240,22.17,23.57,-1.41
tomato,1142.0,Kosikalan APMC,4,237,36.47,36.34,0.13
tomato,1142.0,Kosikalan APMC,13,228,38.77,38.04,0.73
tomato,1142.0,Kosikalan APMC,26,215,43.38,39.3,4.09
tomato,1143.0,Unnao APMC,1,239,23.51,24.01,-0.49
tomato,1143.0,Unnao APMC,4,236,36.84,36.97,-0.13
tomato,1143.0,Unnao APMC,13,227,37.33,38.0,-0.66
tomato,1143.0,Unnao APMC,26,214,42.12,38.92,3.2
tomato,1147.0,Padra APMC,1,240,29.49,29.9,-0.41
tomato,1147.0,Padra APMC,4,237,44.71,43.1,1.61
tomato,1147.0,Padra APMC,13,228,47.32,45.2,2.12
tomato,1147.0,Padra APMC,26,215,53.86,46.05,7.8
tomato,1181.0,V. Kota Sub-yard of AMC Palamaneru,1,10,54.6,51.15,3.45
tomato,1185.0,"Excise Colony,RBZ",1,11,25.33,25.23,0.1
tomato,1188.0,"Weekly Market Area,RBZ APMC",1,10,24.28,22.06,2.23
tomato,1202.0,Sangareddy APMC,1,160,37.64,32.79,4.85
tomato,1202.0,Sangareddy APMC,4,154,54.44,45.83,8.61
tomato,1202.0,Sangareddy APMC,13,136,51.88,45.26,6.62
tomato,1202.0,Sangareddy APMC,26,120,56.17,46.95,9.22
tomato,1204.0,Jharsuguda APMC,1,26,20.93,22.98,-2.05
tomato,1204.0,Jharsuguda APMC,4,23,23.06,23.08,-0.03
tomato,1204.0,Jharsuguda APMC,13,14,31.71,32.58,-0.88
tomato,1214.0,Tindivanam APMC,1,111,40.35,30.37,9.98
tomato,1214.0,Tindivanam APMC,4,108,31.28,31.96,-0.67
tomato,1214.0,Tindivanam APMC,13,99,33.66,35.6,-1.94
tomato,1214.0,Tindivanam APMC,26,86,40.31,37.51,2.8
tomato,1273.0,Navsari APMC,1,160,30.22,32.07,-1.85
tomato,1273.0,Navsari APMC,4,157,39.55,35.61,3.94
tomato,1273.0,Navsari APMC,13,148,34.55,33.93,0.62
tomato,1273.0,Navsari APMC,26,135,39.29,36.05,3.24
tomato,1275.0,Kapadvanj APMC,1,240,39.75,32.33,7.42
tomato,1275.0,Kapadvanj APMC,4,237,67.9,47.3,20.6
tomato,1275.0,Kapadvanj APMC,13,228,83.85,51.19,32.67
tomato,1275.0,Kapadvanj APMC,26,215,99.67,54.02,45.65
tomato,1287.0,Shrirampur APMC,1,240,28.17,29.75,-1.58
tomato,1287.0,Shrirampur APMC,4,237,37.33,36.78,0.55
tomato,1287.0,Shrirampur APMC,13,228,36.25,37.73,-1.49
tomato,1287.0,Shrirampur APMC,26,215,49.4,43.46,5.94
tomato,1290.0,Bhusaval APMC,1,240,28.78,30.46,-1.68
tomato,1290.0,Bhusaval APMC,4,237,37.63,37.82,-0.19
tomato,1290.0,Bhusaval APMC,13,228,40.17,40.75,-0.58
tomato,1290.0,Bhusaval APMC,26,215,44.85,43.43,1.42
tomato,1304.0,Vadgaonpeth APMC,1,240,33.87,32.26,1.61
tomato,1304.0,Vadgaonpeth APMC,4,237,43.81,41.52,2.29
tomato,1304.0,Vadgaonpeth APMC,13,228,45.65,43.84,1.81
tomato,1304.0,Vadgaonpeth APMC,26,215,51.7,45.64,6.06
tomato,1308.0,Islampur APMC,1,240,37.52,34.26,3.25
tomato,1308.0,Islampur APMC,4,237,54.16,46.06,8.09
tomato,1308.0,Islampur APMC,13,228,52.4,45.61,6.79
tomato,1308.0,Islampur APMC,26,215,58.78,49.15,9.63
tomato,1310.0,Karad APMC,1,240,28.77,29.92,-1.15
tomato,1310.0,Karad APMC,4,237,39.51,40.89,-1.38
tomato,1310.0,Karad APMC,13,228,40.54,41.47,-0.93
tomato,1310.0,Karad APMC,26,215,43.14,44.09,-0.94
tomato,1312.0,Phaltan APMC,1,239,34.01,31.45,2.56
tomato,1312.0,Phaltan APMC,4,236,53.97,46.48,7.49
tomato,1312.0,Phaltan APMC,13,227,52.89,45.43,7.45
tomato,1312.0,Phaltan APMC,26,214,63.54,51.0,12.54
tomato,1313.0,Satara APMC,1,240,33.75,32.16,1.59
tomato,1313.0,Satara APMC,4,237,47.16,44.33,2.83
tomato,1313.0,Satara APMC,13,228,44.41,43.56,0.85
tomato,1313.0,Satara APMC,26,215,51.09,46.87,4.22
tomato,1315.0,Vai APMC,1,240,32.82,32.43,0.39
tomato,1315.0,Vai APMC,4,237,44.26,42.59,1.67
tomato,1315.0,Vai APMC,13,228,43.75,43.68,0.07
tomato,1315.0,Vai APMC,26,215,46.04,45.24,0.8
tomato,1318.0,Mangal Wedha APMC,1,240,36.62,33.47,3.15
tomato,1318.0,Mangal Wedha APMC,4,237,59.9,49.08,10.82
tomato,1318.0,Mangal Wedha APMC,13,228,60.78,51.48,9.31
tomato,1318.0,Mangal Wedha APMC,26,215,71.46,55.01,16.46
tomato,1355.0,Kalmeshwar APMC,1,240,30.6,29.71,0.89
tomato,1355.0,Kalmeshwar APMC,4,237,48.32,43.13,5.18
tomato,1355.0,Kalmeshwar APMC,13,228,55.15,47.37,7.78
tomato,1355.0,Kalmeshwar APMC,26,215,68.8,50.7,18.1
tomato,1372.0,Bijaynagar APMC,1,226,40.63,36.11,4.52
tomato,1372.0,Bijaynagar APMC,4,223,61.87,46.99,14.88
tomato,1372.0,Bijaynagar APMC,13,214,78.44,54.13,24.31
tomato,1372.0,Bijaynagar APMC,26,201,86.43,55.96,30.47
tomato,1377.0,Bayana APMC,1,188,20.79,19.4,1.4
tomato,1377.0,Bayana APMC,4,176,33.57,29.32,4.25
tomato,1377.0,Bayana APMC,13,145,39.7,34.48,5.22
tomato,1377.0,Bayana APMC,26,135,33.79,30.84,2.95
tomato,1385.0,Sujangarh APMC,1,240,17.8,17.12,0.68
tomato,1385.0,Sujangarh APMC,4,237,25.55,25.9,-0.34
tomato,1385.0,Sujangarh APMC,13,228,29.99,30.42,-0.44
tomato,1385.0,Sujangarh APMC,26,215,29.6,29.2,0.4
tomato,1386.0,Bhadara APMC,1,240,20.8,21.54,-0.74
tomato,1386.0,Bhadara APMC,4,237,31.99,33.49,-1.5
tomato,1386.0,Bhadara APMC,13,228,30.05,33.06,-3.01
tomato,1386.0,Bhadara APMC,26,215,31.64,33.8,-2.16
tomato,1387.0,Goluwala APMC,1,240,24.79,25.24,-0.45
tomato,1387.0,Goluwala APMC,4,237,36.74,36.96,-0.23
tomato,1387.0,Goluwala APMC,13,228,34.71,37.31,-2.6
tomato,1387.0,Goluwala APMC,26,215,35.71,38.09,-2.38
tomato,1389.0,Rawatsar APMC,1,240,24.37,21.47,2.9
tomato,1389.0,Rawatsar APMC,4,237,36.4,32.39,4.01
tomato,1389.0,Rawatsar APMC,13,228,39.31,32.62,6.68
tomato,1389.0,Rawatsar APMC,26,215,37.99,32.84,5.15
tomato,1391.0,Suratgarh APMC,1,200,27.76,28.07,-0.31
tomato,1391.0,Suratgarh APMC,4,197,47.49,45.63,1.86
tomato,1391.0,Suratgarh APMC,13,188,47.2,45.23,1.97
tomato,1391.0,Suratgarh APMC,26,175,48.72,46.16,2.56
tomato,1416.0,Chittorgarh APMC,1,147,35.69,36.65,-0.95
tomato,1416.0,Chittorgarh APMC,4,138,47.5,52.9,-5.4
tomato,1416.0,Chittorgarh APMC,13,129,48.04,57.31,-9.27
tomato,1416.0,Chittorgarh APMC,26,116,54.84,59.98,-5.14
tomato,1418.0,Rajsamand APMC,1,240,23.4,27.86,-4.46
tomato,1418.0,Rajsamand APMC,4,237,34.31,37.81,-3.5
tomato,1418.0,Rajsamand APMC,13,228,38.4,41.49,-3.09
tomato,1418.0,Rajsamand APMC,26,215,41.14,41.97,-0.82
tomato,1427.0,Zira APMC,1,240,23.6,24.74,-1.14
tomato,1427.0,Zira APMC,4,237,34.52,37.04,-2.52
tomato,1427.0,Zira APMC,13,228,32.17,36.42,-4.25
tomato,1427.0,Zira APMC,26,215,33.29,36.85,-3.57
tomato,1428.0,Dinanagar APMC,1,240,20.66,21.99,-1.33
tomato,1428.0,Dinanagar APMC,4,237,28.75,32.94,-4.19
tomato,1428.0,Dinanagar APMC,13,228,29.22,33.79,-4.57
tomato,1428.0,Dinanagar APMC,26,215,26.79,32.55,-5.76
tomato,1432.0,Dasuya APMC,1,182,24.75,23.66,1.1
tomato,1432.0,Dasuya APMC,4,175,38.57,43.29,-4.72
tomato,1432.0,Dasuya APMC,13,160,40.07,45.89,-5.82
tomato,1432.0,Dasuya APMC,26,148,37.52,43.72,-6.2
tomato,1433.0,Garh Shankar APMC,1,240,21.27,22.23,-0.95
tomato,1433.0,Garh Shankar APMC,4,237,32.6,32.18,0.42
tomato,1433.0,Garh Shankar APMC,13,228,29.59,31.12,-1.53
tomato,1433.0,Garh Shankar APMC,26,215,28.05,29.66,-1.61
tomato,1434.0,Tanda Urmur APMC,1,224,25.44,26.34,-0.9
tomato,1434.0,Tanda Urmur APMC,4,218,33.09,36.9,-3.81
tomato,1434.0,Tanda Urmur APMC,13,200,31.19,37.23,-6.04
tomato,1434.0,Tanda Urmur APMC,26,189,32.0,36.53,-4.54
tomato,1438.0,Lohian Khas APMC,1,213,31.3,25.34,5.96
tomato,1438.0,Lohian Khas APMC,4,207,44.21,33.07,11.14
tomato,1438.0,Lohian Khas APMC,13,190,48.29,36.6,11.69
tomato,1438.0,Lohian Khas APMC,26,179,48.7,36.75,11.95
tomato,1441.0,Doraha APMC,1,240,19.8,23.05,-3.25
tomato,1441.0,Doraha APMC,4,237,28.65,33.78,-5.14
tomato,1441.0,Doraha APMC,13,228,29.02,35.03,-6.01
tomato,1441.0,Doraha APMC,26,215,25.62,32.47,-6.86
tomato,1446.0,Sahnewal APMC,1,240,24.47,25.28,-0.81
tomato,1446.0,Sahnewal APMC,4,237,34.77,37.44,-2.67
tomato,1446.0,Sahnewal APMC,13,228,33.04,37.76,-4.72
tomato,1446.0,Sahnewal APMC,26,215,32.98,36.98,-3.99
tomato,1452.0,Bariwala APMC,1,228,32.88,31.37,1.51
tomato,1452.0,Bariwala APMC,4,222,43.5,39.47,4.03
tomato,1452.0,Bariwala APMC,13,212,42.27,39.14,3.13
tomato,1452.0,Bariwala APMC,26,205,46.13,40.51,5.62
tomato,1456.0,Rajpura APMC,1,240,24.77,24.89,-0.12
tomato,1456.0,Rajpura APMC,4,237,39.98,35.78,4.2
tomato,1456.0,Rajpura APMC,13,228,43.52,39.41,4.1
tomato,1456.0,Rajpura APMC,26,215,48.84,41.13,7.71
tomato,1457.0,Chamkaur Sahib APMC,1,210,24.31,23.78,0.53
tomato,1457.0,Chamkaur Sahib APMC,4,204,32.43,34.25,-1.82
tomato,1457.0,Chamkaur Sahib APMC,13,186,31.52,34.39,-2.87
tomato,1457.0,Chamkaur Sahib APMC,26,160,32.75,36.79,-4.04
tomato,1458.0,Kharar APMC,1,240,21.18,22.9,-1.72
tomato,1458.0,Kharar APMC,4,237,28.95,35.14,-6.19
tomato,1458.0,Kharar APMC,13,228,28.85,36.34,-7.49
tomato,1458.0,Kharar APMC,26,215,35.18,39.62,-4.44
tomato,1464.0,Bassi Pathana APMC,1,240,27.31,28.04,-0.72
tomato,1464.0,Bassi Pathana APMC,4,237,36.69,39.03,-2.34
tomato,1464.0,Bassi Pathana APMC,13,228,35.37,39.67,-4.3
tomato,1464.0,Bassi Pathana APMC,26,215,36.9,40.49,-3.59
tomato,1466.0,Khamano APMC,1,240,21.62,23.72,-2.11
tomato,1466.0,Khamano APMC,4,237,31.33,36.18,-4.85
tomato,1466.0,Khamano APMC,13,228,34.52,39.41,-4.89
tomato,1466.0,Khamano APMC,26,215,30.53,36.78,-6.25
tomato,1469.0,Vellore APMC,1,111,38.63,27.48,11.15
tomato,1469.0,Vellore APMC,4,108,28.06,29.69,-1.63
tomato,1469.0,Vellore APMC,13,99,32.03,34.36,-2.33
tomato,1469.0,Vellore APMC,26,86,33.7,32.94,0.75
tomato,1504.0,Nimapara APMC,1,30,18.56,18.69,-0.13
tomato,1504.0,Nimapara APMC,4,27,28.35,25.63,2.72
tomato,1504.0,Nimapara APMC,13,18,28.02,26.25,1.76
tomato,1505.0,Parlakhemundi APMC,1,216,24.75,25.75,-1.0
tomato,1505.0,Parlakhemundi APMC,4,207,33.5,31.46,2.05
tomato,1505.0,Parlakhemundi APMC,13,188,38.95,36.08,2.87
tomato,1505.0,Parlakhemundi APMC,26,183,49.58,41.97,7.6
tomato,1506.0,Bhanjanagar APMC,1,240,25.56,27.11,-1.55
tomato,1506.0,Bhanjanagar APMC,4,237,34.07,35.78,-1.71
tomato,1506.0,Bhanjanagar APMC,13,228,36.08,36.67,-0.59
tomato,1506.0,Bhanjanagar APMC,26,215,45.68,42.88,2.8
tomato,1507.0,Boudh APMC,1,189,22.7,26.51,-3.81
tomato,1507.0,Boudh APMC,4,186,34.62,39.38,-4.76
tomato,1507.0,Boudh APMC,13,177,36.82,41.0,-4.17
tomato,1507.0,Boudh APMC,26,164,41.89,42.7,-0.81
tomato,1510.0,Sargipali APMC,1,240,26.81,26.57,0.25
tomato,1510.0,Sargipali APMC,4,237,41.4,40.78,0.62
tomato,1510.0,Sargipali APMC,13,228,49.98,43.31,6.67
tomato,1510.0,Sargipali APMC,26,215,58.6,47.84,10.76
tomato,1511.0,Udala APMC,1,240,23.95,25.03,-1.07
tomato,1511.0,Udala APMC,4,237,34.26,37.6,-3.34
tomato,1511.0,Udala APMC,13,228,34.18,36.49,-2.3
tomato,1511.0,Udala APMC,26,215,44.61,42.17,2.43
tomato,1512.0,Karanjia APMC,1,38,22.74,22.91,-0.17
tomato,1512.0,Karanjia APMC,4,35,43.73,39.06,4.67
tomato,1512.0,Karanjia APMC,13,26,45.13,36.86,8.27
tomato,1512.0,Karanjia APMC,26,13,36.97,37.37,-0.4
tomato,1513.0,Jaleswar APMC,1,209,25.4,25.41,-0.01
tomato,1513.0,Jaleswar APMC,4,203,37.03,38.85,-1.81
tomato,1513.0,Jaleswar APMC,13,185,39.77,41.14,-1.37
tomato,1513.0,Jaleswar APMC,26,172,46.55,45.06,1.49
tomato,1516.0,Kamakhyanagar APMC,1,240,24.17,31.59,-7.42
tomato,1516.0,Kamakhyanagar APMC,4,237,32.79,44.03,-11.24
tomato,1516.0,Kamakhyanagar APMC,13,228,32.79,45.2,-12.41
tomato,1516.0,Kamakhyanagar APMC,26,215,39.89,49.11,-9.22
tomato,1519.0,Betnoti APMC,1,179,17.15,16.34,0.81
tomato,1519.0,Betnoti APMC,4,171,21.05,18.42,2.63
tomato,1519.0,Betnoti APMC,13,157,28.23,21.99,6.23
tomato,1519.0,Betnoti APMC,26,148,29.3,22.8,6.5
tomato,1520.0,Keonjhar APMC,1,240,15.67,17.55,-1.87
tomato,1520.0,Keonjhar APMC,4,237,24.22,28.58,-4.37
tomato,1520.0,Keonjhar APMC,13,228,25.9,31.35,-5.44
tomato,1520.0,Keonjhar APMC,26,215,27.85,32.29,-4.45
tomato,1523.0,Balugaon APMC,1,240,19.32,22.98,-3.67
tomato,1523.0,Balugaon APMC,4,237,28.46,35.26,-6.8
tomato,1523.0,Balugaon APMC,13,228,31.86,38.69,-6.83
tomato,1523.0,Balugaon APMC,26,215,36.53,39.98,-3.46
tomato,1525.0,Birmaharajpur APMC,1,194,23.35,27.66,-4.32
tomato,1525.0,Birmaharajpur APMC,4,185,33.7,39.8,-6.09
tomato,1525.0,Birmaharajpur APMC,13,165,34.29,43.56,-9.27
tomato,1525.0,Birmaharajpur APMC,26,139,40.61,46.87,-6.26
tomato,1527.0,Hinjilicut APMC,1,216,23.48,23.62,-0.14
tomato,1527.0,Hinjilicut APMC,4,210,32.43,33.88,-1.45
tomato,1527.0,Hinjilicut APMC,13,199,28.0,32.37,-4.37
tomato,1527.0,Hinjilicut APMC,26,193,39.75,35.15,4.6
tomato,1537.0,Porbandar APMC,1,240,29.72,30.01,-0.29
tomato,1537.0,Porbandar APMC,4,237,40.54,43.78,-3.23
tomato,1537.0,Porbandar APMC,13,228,41.63,44.45,-2.82
tomato,1537.0,Porbandar APMC,26,215,49.13,47.26,1.87
tomato,1569.0,Bhagta Bhai Ka APMC,1,240,22.88,22.72,0.15
tomato,1569.0,Bhagta Bhai Ka APMC,4,237,31.86,32.9,-1.04
tomato,1569.0,Bhagta Bhai Ka APMC,13,228,31.18,33.47,-2.29
tomato,1569.0,Bhagta Bhai Ka APMC,26,215,29.28,31.13,-1.85
tomato,1570.0,Talwandi Sabo APMC,1,231,30.7,28.96,1.74
tomato,1570.0,Talwandi Sabo APMC,4,228,45.61,40.78,4.83
tomato,1570.0,Talwandi Sabo APMC,13,219,42.41,40.1,2.31
tomato,1570.0,Talwandi Sabo APMC,26,206,45.86,42.01,3.85
tomato,1573.0,Mamdot APMC,1,189,23.92,26.67,-2.74
tomato,1573.0,Mamdot APMC,4,183,27.64,33.43,-5.78
tomato,1573.0,Mamdot APMC,13,167,32.91,37.81,-4.9
tomato,1573.0,Mamdot APMC,26,141,30.76,37.43,-6.67
tomato,1579.0,Bilga APMC,1,212,17.61,18.06,-0.45
tomato,1579.0,Bilga APMC,4,200,19.2,20.23,-1.03
tomato,1579.0,Bilga APMC,13,189,19.39,20.37,-0.98
tomato,1579.0,Bilga APMC,26,178,18.36,20.8,-2.44
tomato,1587.0,Dera Bassi APMC,1,231,14.51,14.9,-0.39
tomato,1587.0,Dera Bassi APMC,4,225,22.35,23.69,-1.34
tomato,1587.0,Dera Bassi APMC,13,214,21.54,23.65,-2.11
tomato,1587.0,Dera Bassi APMC,26,201,24.97,26.87,-1.9
tomato,1593.0,Lehra Gaga APMC,1,240,27.13,27.3,-0.17
tomato,1593.0,Lehra Gaga APMC,4,237,39.39,39.62,-0.23
tomato,1593.0,Lehra Gaga APMC,13,228,35.57,37.24,-1.67
tomato,1593.0,Lehra Gaga APMC,26,215,37.9,38.95,-1.05
tomato,1595.0,Sangrur APMC,1,169,32.44,29.45,2.99
tomato,1595.0,Sangrur APMC,4,158,46.78,38.43,8.35
tomato,1595.0,Sangrur APMC,13,137,47.28,39.17,8.11
tomato,1595.0,Sangrur APMC,26,124,48.6,40.36,8.24
tomato,1598.0,Palitana APMC,1,160,27.12,27.28,-0.16
tomato,1598.0,Palitana APMC,4,157,38.65,37.42,1.23
tomato,1598.0,Palitana APMC,13,148,35.02,33.96,1.06
tomato,1598.0,Palitana APMC,26,135,38.77,36.21,2.56
tomato,1602.0,Mulbagal APMC,1,240,33.7,32.59,1.11
tomato,1602.0,Mulbagal APMC,4,237,56.92,48.25,8.67
tomato,1602.0,Mulbagal APMC,13,228,55.56,48.01,7.55
tomato,1602.0,Mulbagal APMC,26,215,72.19,57.58,14.61
tomato,1606.0,Rayya APMC,1,240,20.75,18.01,2.74
tomato,1606.0,Rayya APMC,4,237,38.25,33.28,4.97
tomato,1606.0,Rayya APMC,13,228,47.72,39.68,8.04
tomato,1606.0,Rayya APMC,26,215,58.15,43.83,14.32
tomato,1610.0,Ajmer(F&V) APMC,1,240,23.66,23.9,-0.24
tomato,1610.0,Ajmer(F&V) APMC,4,237,39.01,35.77,3.24
tomato,1610.0,Ajmer(F&V) APMC,13,228,43.64,40.46,3.17
tomato,1610.0,Ajmer(F&V) APMC,26,215,47.84,42.89,4.95
tomato,1614.0,Sriganganagar (F&V) APMC,1,216,28.44,26.94,1.5
tomato,1614.0,Sriganganagar (F&V) APMC,4,207,41.74,41.2,0.53
tomato,1614.0,Sriganganagar (F&V) APMC,13,188,38.96,39.62,-0.65
tomato,1614.0,Sriganganagar (F&V) APMC,26,175,38.1,40.32,-2.22
tomato,1626.0,Damnagar APMC,1,240,31.81,31.2,0.61
tomato,1626.0,Damnagar APMC,4,237,44.73,45.3,-0.57
tomato,1626.0,Damnagar APMC,13,228,53.05,52.11,0.95
tomato,1626.0,Damnagar APMC,26,215,55.27,50.99,4.28
tomato,1631.0,Panvel APMC,1,237,26.19,27.29,-1.1
tomato,1631.0,Panvel APMC,4,234,37.1,40.75,-3.65
tomato,1631.0,Panvel APMC,13,225,37.04,41.83,-4.79
tomato,1631.0,Panvel APMC,26,212,35.88,43.31,-7.43
tomato,1634.0,Rahuri APMC,1,215,31.94,28.92,3.02
tomato,1634.0,Rahuri APMC,4,206,45.56,37.79,7.77
tomato,1634.0,Rahuri APMC,13,192,51.88,44.44,7.44
tomato,1634.0,Rahuri APMC,26,175,61.44,49.62,11.82
tomato,1637.0,Akluj APMC,1,137,28.33,26.13,2.2
tomato,1637.0,Akluj APMC,4,134,35.97,35.31,0.66
tomato,1637.0,Akluj APMC,13,125,31.18,32.86,-1.68
tomato,1637.0,Akluj APMC,26,112,44.66,40.85,3.81
tomato,1651.0,Ratnagiri (Nachane) APMC,1,240,40.79,35.71,5.08
tomato,1651.0,Ratnagiri (Nachane) APMC,4,237,60.26,46.4,13.85
tomato,1651.0,Ratnagiri (Nachane) APMC,13,228,61.19,47.31,13.88
tomato,1651.0,Ratnagiri (Nachane) APMC,26,215,63.94,48.34,15.6
tomato,1658.0,Patan APMC,1,240,27.66,27.74,-0.08
tomato,1658.0,Patan APMC,4,237,33.49,33.64,-0.15
tomato,1658.0,Patan APMC,13,228,38.48,37.86,0.62
tomato,1658.0,Patan APMC,26,215,35.75,33.27,2.48
tomato,1663.0,Sitarganj APMC,1,240,23.52,26.03,-2.5
tomato,1663.0,Sitarganj APMC,4,237,34.26,34.91,-0.65
tomato,1663.0,Sitarganj APMC,13,228,35.52,37.77,-2.25
tomato,1663.0,Sitarganj APMC,26,215,39.33,37.58,1.75
tomato,1664.0,Jaspur(UC) APMC,1,211,26.83,28.03,-1.2
tomato,1664.0,Jaspur(UC) APMC,4,205,34.95,36.18,-1.23
tomato,1664.0,Jaspur(UC) APMC,13,187,31.39,34.31,-2.92
tomato,1664.0,Jaspur(UC) APMC,26,170,37.74,37.42,0.32
tomato,1700.0,Champaknagar APMC,1,240,20.66,23.48,-2.81
tomato,1700.0,Champaknagar APMC,4,237,31.23,35.37,-4.14
tomato,1700.0,Champaknagar APMC,13,228,29.65,34.93,-5.27
tomato,1700.0,Champaknagar APMC,26,215,37.07,40.08,-3.01
tomato,1702.0,Garjee APMC,1,240,23.65,22.58,1.07
tomato,1702.0,Garjee APMC,4,237,34.96,34.35,0.6
tomato,1702.0,Garjee APMC,13,228,32.11,32.63,-0.52
tomato,1702.0,Garjee APMC,26,215,42.86,36.3,6.56
tomato,1715.0,Kopaganj APMC,1,238,25.04,24.59,0.45
tomato,1715.0,Kopaganj APMC,4,235,40.02,35.49,4.53
tomato,1715.0,Kopaganj APMC,13,226,47.63,43.05,4.59
tomato,1715.0,Kopaganj APMC,26,213,51.88,43.05,8.83
tomato,1716.0,Partaval APMC,1,210,26.04,26.41,-0.37
tomato,1716.0,Partaval APMC,4,207,40.72,39.55,1.17
tomato,1716.0,Partaval APMC,13,198,38.35,39.13,-0.78
tomato,1716.0,Partaval APMC,26,185,43.37,40.4,2.97
tomato,1717.0,Orai APMC,1,240,26.0,26.55,-0.55
tomato,1717.0,Orai APMC,4,237,42.26,41.01,1.24
tomato,1717.0,Orai APMC,13,228,44.49,42.06,2.42
tomato,1717.0,Orai APMC,26,215,51.8,44.13,7.67
tomato,1718.0,Kannauj APMC,1,228,21.24,22.63,-1.39
tomato,1718.0,Kannauj APMC,4,222,37.18,37.5,-0.32
tomato,1718.0,Kannauj APMC,13,209,36.03,37.7,-1.66
tomato,1718.0,Kannauj APMC,26,205,38.25,36.87,1.38
tomato,1719.0,Robertsganj APMC,1,239,29.36,26.95,2.41
tomato,1719.0,Robertsganj APMC,4,236,48.5,42.72,5.78
tomato,1719.0,Robertsganj APMC,13,227,52.76,44.14,8.62
tomato,1719.0,Robertsganj APMC,26,214,60.07,45.43,14.65
tomato,1720.0,Aligarh APMC,1,240,24.63,25.34,-0.72
tomato,1720.0,Aligarh APMC,4,237,40.78,39.19,1.59
tomato,1720.0,Aligarh APMC,13,228,39.11,38.5,0.61
tomato,1720.0,Aligarh APMC,26,215,45.01,40.59,4.43
tomato,1721.0,Akbarpur APMC,1,240,27.33,26.94,0.39
tomato,1721.0,Akbarpur APMC,4,237,42.63,40.58,2.06
tomato,1721.0,Akbarpur APMC,13,228,41.6,40.73,0.87
tomato,1721.0,Akbarpur APMC,26,215,44.79,39.58,5.2
tomato,1722.0,Balrampur APMC,1,231,23.57,24.42,-0.85
tomato,1722.0,Balrampur APMC,4,225,39.45,39.13,0.32
tomato,1722.0,Balrampur APMC,13,219,40.12,40.3,-0.18
tomato,1722.0,Balrampur APMC,26,208,51.79,43.5,8.29
tomato,1723.0,Chandoli APMC,1,228,27.0,25.87,1.12
tomato,1723.0,Chandoli APMC,4,222,46.08,41.9,4.18
tomato,1723.0,Chandoli APMC,13,213,52.23,45.09,7.14
tomato,1723.0,Chandoli APMC,26,205,57.01,44.01,13.0
tomato,1724.0,Ajuha APMC,1,238,22.97,23.81,-0.85
tomato,1724.0,Ajuha APMC,4,235,37.37,37.66,-0.28
tomato,1724.0,Ajuha APMC,13,226,37.91,38.75,-0.84
tomato,1724.0,Ajuha APMC,26,213,40.76,38.06,2.7
tomato,1725.0,Banda APMC,1,226,23.11,24.54,-1.43
tomato,1725.0,Banda APMC,4,223,38.67,38.47,0.19
tomato,1725.0,Banda APMC,13,214,40.67,40.27,0.39
tomato,1725.0,Banda APMC,26,201,46.16,41.24,4.92
tomato,1726.0,Hapur APMC,1,239,21.83,22.89,-1.07
tomato,1726.0,Hapur APMC,4,236,37.8,37.04,0.76
tomato,1726.0,Hapur APMC,13,227,36.85,37.55,-0.7
tomato,1726.0,Hapur APMC,26,214,37.96,36.47,1.49
tomato,1727.0,Naugarh APMC,1,240,26.37,26.55,-0.18
tomato,1727.0,Naugarh APMC,4,237,41.28,39.22,2.05
tomato,1727.0,Naugarh APMC,13,228,42.3,40.52,1.77
tomato,1727.0,Naugarh APMC,26,215,48.61,41.09,7.52
tomato,1728.0,Raath APMC,1,93,22.73,28.05,-5.32
tomato,1728.0,Raath APMC,4,90,39.91,45.96,-6.05
tomato,1728.0,Raath APMC,13,81,42.77,49.87,-7.1
tomato,1728.0,Raath APMC,26,68,50.42,52.13,-1.71
tomato,1729.0,Dadri APMC,1,238,22.64,23.93,-1.29
tomato,1729.0,Dadri APMC,4,235,38.75,38.05,0.7
tomato,1729.0,Dadri APMC,13,226,36.98,37.22,-0.24
tomato,1729.0,Dadri APMC,26,213,38.49,36.75,1.73
tomato,1730.0,Haathras APMC,1,240,24.15,25.92,-1.77
tomato,1730.0,Haathras APMC,4,237,39.33,38.11,1.22
tomato,1730.0,Haathras APMC,13,228,37.9,37.87,0.04
tomato,1730.0,Haathras APMC,26,215,42.92,39.42,3.5
tomato,1731.0,Golagokarnath APMC,1,240,22.11,23.93,-1.82
tomato,1731.0,Golagokarnath APMC,4,237,38.18,38.96,-0.78
tomato,1731.0,Golagokarnath APMC,13,228,39.93,40.22,-0.29
tomato,1731.0,Golagokarnath APMC,26,215,44.5,40.03,4.47
tomato,1732.0,Puranpur APMC,1,240,24.12,24.76,-0.64
tomato,1732.0,Puranpur APMC,4,237,39.68,39.17,0.51
tomato,1732.0,Puranpur APMC,13,228,41.37,40.59,0.79
tomato,1732.0,Puranpur APMC,26,215,44.96,41.58,3.38
tomato,1733.0,Bangarmau APMC,1,225,20.11,22.27,-2.17
tomato,1733.0,Bangarmau APMC,4,219,35.52,36.54,-1.01
tomato,1733.0,Bangarmau APMC,13,204,34.07,36.84,-2.77
tomato,1733.0,Bangarmau APMC,26,195,36.52,36.28,0.25
tomato,1735.0,Bishalpur APMC,1,238,23.04,24.03,-0.99
tomato,1735.0,Bishalpur APMC,4,235,40.32,39.32,1.0
tomato,1735.0,Bishalpur APMC,13,226,44.23,41.88,2.35
tomato,1735.0,Bishalpur APMC,26,213,49.87,43.87,5.99
tomato,1736.0,Tilhar APMC,1,223,29.13,25.83,3.3
tomato,1736.0,Tilhar APMC,4,217,50.4,41.45,8.95
tomato,1736.0,Tilhar APMC,13,200,58.95,49.37,9.58
tomato,1736.0,Tilhar APMC,26,191,60.59,48.5,12.09
tomato,1737.0,Kayamganj APMC,1,240,21.2,23.12,-1.92
tomato,1737.0,Kayamganj APMC,4,237,35.33,36.03,-0.7
tomato,1737.0,Kayamganj APMC,13,228,35.88,37.35,-1.47
tomato,1737.0,Kayamganj APMC,26,215,40.49,37.93,2.56
tomato,1738.0,Konch APMC,1,240,26.21,25.86,0.36
tomato,1738.0,Konch APMC,4,237,40.01,36.85,3.16
tomato,1738.0,Konch APMC,13,228,44.8,39.78,5.01
tomato,1738.0,Konch APMC,26,215,54.18,43.84,10.34
tomato,1739.0,Mauranipur APMC,1,211,23.1,24.94,-1.84
tomato,1739.0,Mauranipur APMC,4,208,39.38,39.77,-0.39
tomato,1739.0,Mauranipur APMC,13,199,40.13,40.61,-0.48
tomato,1739.0,Mauranipur APMC,26,186,44.83,41.97,2.86
tomato,1740.0,Sahiyapur APMC,1,206,25.63,25.32,0.3
tomato,1740.0,Sahiyapur APMC,4,203,39.43,35.41,4.02
tomato,1740.0,Sahiyapur APMC,13,194,44.14,38.14,6.0
tomato,1740.0,Sahiyapur APMC,26,181,49.84,40.22,9.62
tomato,1741.0,Bharthna APMC,1,240,22.7,23.44,-0.75
tomato,1741.0,Bharthna APMC,4,237,37.27,37.09,0.19
tomato,1741.0,Bharthna APMC,13,228,38.8,38.52,0.28
tomato,1741.0,Bharthna APMC,26,215,40.41,36.9,3.51
tomato,1742.0,Chaandpur APMC,1,224,21.25,20.76,0.49
tomato,1742.0,Chaandpur APMC,4,218,34.89,32.02,2.87
tomato,1742.0,Chaandpur APMC,13,200,39.24,36.45,2.79
tomato,1742.0,Chaandpur APMC,26,190,37.37,34.41,2.96
tomato,1743.0,Jayas APMC,1,222,23.19,23.66,-0.46
tomato,1743.0,Jayas APMC,4,219,39.43,38.74,0.7
tomato,1743.0,Jayas APMC,13,210,39.67,39.76,-0.09
tomato,1743.0,Jayas APMC,26,197,43.18,39.56,3.62
tomato,1744.0,Ujhani APMC,1,161,23.16,22.48,0.69
tomato,1744.0,Ujhani APMC,4,149,40.15,35.87,4.28
tomato,1744.0,Ujhani APMC,13,115,41.76,39.13,2.63
tomato,1744.0,Ujhani APMC,26,95,31.75,31.6,0.15
tomato,1746.0,Paliakala APMC,1,166,19.85,20.01,-0.17
tomato,1746.0,Paliakala APMC,4,157,32.08,34.03,-1.94
tomato,1746.0,Paliakala APMC,13,130,28.89,33.28,-4.38
tomato,1746.0,Paliakala APMC,26,103,32.08,32.98,-0.9
tomato,1747.0,Atarra APMC,1,220,23.43,24.67,-1.24
tomato,1747.0,Atarra APMC,4,214,41.04,40.26,0.78
tomato,1747.0,Atarra APMC,13,196,41.84,42.36,-0.52
tomato,1747.0,Atarra APMC,26,185,45.95,42.07,3.89
tomato,1748.0,Bindki APMC,1,217,20.26,21.47,-1.21
tomato,1748.0,Bindki APMC,4,211,36.84,37.27,-0.43
tomato,1748.0,Bindki APMC,13,195,38.07,39.34,-1.27
tomato,1748.0,Bindki APMC,26,193,42.9,39.84,3.06
tomato,1750.0,Gurusarai APMC,1,143,27.11,28.36,-1.24
tomato,1750.0,Gurusarai APMC,4,140,42.98,42.35,0.63
tomato,1750.0,Gurusarai APMC,13,131,42.37,41.69,0.68
tomato,1750.0,Gurusarai APMC,26,118,44.53,37.22,7.32
tomato,1751.0,Sehjanwa APMC,1,200,24.07,26.57,-2.5
tomato,1751.0,Sehjanwa APMC,4,197,33.49,38.04,-4.55
tomato,1751.0,Sehjanwa APMC,13,188,29.5,35.46,-5.96
tomato,1751.0,Sehjanwa APMC,26,175,33.13,38.02,-4.89
tomato,1752.0,Jhijhank APMC,1,153,21.81,24.11,-2.3
tomato,1752.0,Jhijhank APMC,4,147,36.95,39.02,-2.08
tomato,1752.0,Jhijhank APMC,13,129,36.24,40.89,-4.65
tomato,1752.0,Jhijhank APMC,26,107,36.71,40.84,-4.13
tomato,1753.0,Khurja APMC,1,240,21.86,22.75,-0.89
tomato,1753.0,Khurja APMC,4,237,37.47,36.42,1.04
tomato,1753.0,Khurja APMC,13,228,38.56,37.23,1.33
tomato,1753.0,Khurja APMC,26,215,43.36,38.71,4.66
tomato,1754.0,Gangoh APMC,1,226,28.74,28.74,0.0
tomato,1754.0,Gangoh APMC,4,220,40.17,39.37,0.8
tomato,1754.0,Gangoh APMC,13,204,38.18,40.04,-1.86
tomato,1754.0,Gangoh APMC,26,191,41.19,41.67,-0.48
tomato,1755.0,Charra APMC,1,228,22.42,23.58,-1.16
tomato,1755.0,Charra APMC,4,222,40.13,41.89,-1.76
tomato,1755.0,Charra APMC,13,209,38.09,39.67,-1.59
tomato,1755.0,Charra APMC,26,196,46.47,44.21,2.26
tomato,1757.0,Ghiraur APMC,1,209,23.7,24.63,-0.94
tomato,1757.0,Ghiraur APMC,4,206,41.18,39.1,2.08
tomato,1757.0,Ghiraur APMC,13,197,40.15,39.01,1.14
tomato,1757.0,Ghiraur APMC,26,184,44.56,39.87,4.69
tomato,1758.0,Shikohabad APMC,1,160,27.69,26.3,1.39
tomato,1758.0,Shikohabad APMC,4,150,38.41,35.72,2.69
tomato,1758.0,Shikohabad APMC,13,134,33.97,32.2,1.78
tomato,1758.0,Shikohabad APMC,26,113,37.71,33.17,4.54
tomato,1759.0,Khair APMC,1,240,22.41,24.06,-1.65
tomato,1759.0,Khair APMC,4,237,37.87,37.66,0.21
tomato,1759.0,Khair APMC,13,228,35.21,37.21,-2.0
tomato,1759.0,Khair APMC,26,215,39.5,39.51,-0.01
tomato,1760.0,Safdarganj APMC,1,240,23.05,23.43,-0.39
tomato,1760.0,Safdarganj APMC,4,237,41.85,40.01,1.84
tomato,1760.0,Safdarganj APMC,13,228,47.22,43.14,4.08
tomato,1760.0,Safdarganj APMC,26,215,53.79,44.28,9.51
tomato,1761.0,Jafarganj APMC,1,216,22.39,23.12,-0.73
tomato,1761.0,Jafarganj APMC,4,213,40.53,39.96,0.57
tomato,1761.0,Jafarganj APMC,13,204,39.73,40.12,-0.39
tomato,1761.0,Jafarganj APMC,26,191,44.41,40.31,4.1
tomato,1763.0,Naanpara APMC,1,223,27.22,28.65,-1.42
tomato,1763.0,Naanpara APMC,4,220,36.46,38.86,-2.39
tomato,1763.0,Naanpara APMC,13,211,34.68,38.88,-4.2
tomato,1763.0,Naanpara APMC,26,198,38.27,39.58,-1.31
tomato,1764.0,Jasra APMC,1,238,24.5,24.52,-0.02
tomato,1764.0,Jasra APMC,4,235,40.02,38.91,1.12
tomato,1764.0,Jasra APMC,13,226,39.05,38.75,0.31
tomato,1764.0,Jasra APMC,26,213,44.25,39.58,4.67
tomato,1765.0,Dibiapur APMC,1,207,24.83,23.99,0.84
tomato,1765.0,Dibiapur APMC,4,198,40.22,35.46,4.77
tomato,1765.0,Dibiapur APMC,13,180,38.48,31.13,7.35
tomato,1765.0,Dibiapur APMC,26,177,33.71,24.63,9.07
tomato,1768.0,Baripaal APMC,1,240,28.44,27.14,1.31
tomato,1768.0,Baripaal APMC,4,237,40.79,35.37,5.43
tomato,1768.0,Baripaal APMC,13,228,44.63,37.07,7.55
tomato,1768.0,Baripaal APMC,26,215,51.44,38.82,12.61
tomato,1770.0,Jasvantnagar APMC,1,239,22.07,23.0,-0.92
tomato,1770.0,Jasvantnagar APMC,4,236,35.02,35.89,-0.87
tomato,1770.0,Jasvantnagar APMC,13,227,34.61,36.4,-1.79
tomato,1770.0,Jasvantnagar APMC,26,214,36.69,35.57,1.13
tomato,1771.0,Nautnava APMC,1,206,20.6,20.2,0.4
tomato,1771.0,Nautnava APMC,4,197,30.12,27.79,2.34
tomato,1771.0,Nautnava APMC,13,171,31.71,30.34,1.37
tomato,1771.0,Nautnava APMC,26,157,44.7,38.84,5.86
tomato,1772.0,Tulsipur APMC,1,240,22.14,23.04,-0.9
tomato,1772.0,Tulsipur APMC,4,237,36.64,38.01,-1.36
tomato,1772.0,Tulsipur APMC,13,228,34.7,37.76,-3.06
tomato,1772.0,Tulsipur APMC,26,215,38.21,38.06,0.15
tomato,1773.0,Anandnagar APMC,1,216,21.95,23.61,-1.65
tomato,1773.0,Anandnagar APMC,4,210,35.55,36.59,-1.05
tomato,1773.0,Anandnagar APMC,13,192,38.52,38.46,0.07
tomato,1773.0,Anandnagar APMC,26,173,45.69,41.94,3.75
tomato,1774.0,Mehmoodabad APMC,1,173,19.77,19.71,0.05
tomato,1774.0,Mehmoodabad APMC,4,167,33.8,32.94,0.87
tomato,1774.0,Mehmoodabad APMC,13,149,36.2,34.56,1.64
tomato,1774.0,Mehmoodabad APMC,26,123,43.84,36.89,6.95
tomato,1775.0,Sandila APMC,1,223,21.33,22.69,-1.36
tomato,1775.0,Sandila APMC,4,217,36.76,37.46,-0.7
tomato,1775.0,Sandila APMC,13,199,38.17,39.78,-1.62
tomato,1775.0,Sandila APMC,26,191,41.42,39.04,2.37
tomato,1777.0,Madhoganj APMC,1,223,19.7,21.7,-2.01
tomato,1777.0,Madhoganj APMC,4,217,34.15,36.02,-1.87
tomato,1777.0,Madhoganj APMC,13,200,34.92,38.11,-3.19
tomato,1777.0,Madhoganj APMC,26,191,38.95,38.0,0.95
tomato,1778.0,Dudhi APMC,1,240,25.21,22.74,2.47
tomato,1778.0,Dudhi APMC,4,237,41.59,33.76,7.83
tomato,1778.0,Dudhi APMC,13,228,47.82,38.16,9.66
tomato,1778.0,Dudhi APMC,26,215,52.43,38.57,13.86
tomato,1779.0,Shahganj APMC,1,214,26.55,26.04,0.5
tomato,1779.0,Shahganj APMC,4,209,45.43,41.72,3.71
tomato,1779.0,Shahganj APMC,13,200,47.44,44.01,3.42
tomato,1779.0,Shahganj APMC,26,190,51.55,42.68,8.88
tomato,1780.0,Mugrabaadshahpur APMC,1,230,28.4,27.59,0.81
tomato,1780.0,Mugrabaadshahpur APMC,4,224,42.65,40.79,1.86
tomato,1780.0,Mugrabaadshahpur APMC,13,218,42.71,40.95,1.75
tomato,1780.0,Mugrabaadshahpur APMC,26,207,48.43,42.43,6.0
tomato,1785.0,Rampurmaniharan APMC,1,226,19.17,19.5,-0.33
tomato,1785.0,Rampurmaniharan APMC,4,220,27.21,29.1,-1.89
tomato,1785.0,Rampurmaniharan APMC,13,204,31.26,33.28,-2.01
tomato,1785.0,Rampurmaniharan APMC,26,192,27.23,29.15,-1.92
tomato,1787.0,Hasanpur APMC,1,240,21.79,20.49,1.3
tomato,1787.0,Hasanpur APMC,4,237,33.77,30.71,3.06
tomato,1787.0,Hasanpur APMC,13,228,36.15,33.28,2.87
tomato,1787.0,Hasanpur APMC,26,215,36.45,31.58,4.88
tomato,1788.0,Sambhal APMC,1,240,20.93,18.5,2.43
tomato,1788.0,Sambhal APMC,4,237,35.7,30.0,5.7
tomato,1788.0,Sambhal APMC,13,228,38.48,31.36,7.13
tomato,1788.0,Sambhal APMC,26,215,40.22,31.51,8.72
tomato,1790.0,Bilsi APMC,1,188,23.97,24.55,-0.57
tomato,1790.0,Bilsi APMC,4,182,41.77,41.82,-0.04
tomato,1790.0,Bilsi APMC,13,167,44.8,45.88,-1.08
tomato,1790.0,Bilsi APMC,26,154,36.55,39.57,-3.03
tomato,1791.0,Najibabad APMC,1,184,20.52,19.9,0.62
tomato,1791.0,Najibabad APMC,4,171,30.72,29.03,1.68
tomato,1791.0,Najibabad APMC,13,151,33.81,30.23,3.58
tomato,1791.0,Najibabad APMC,26,131,37.19,31.43,5.77
tomato,1793.0,Jalaun APMC,1,240,31.59,28.36,3.23
tomato,1793.0,Jalaun APMC,4,237,50.71,42.98,7.73
tomato,1793.0,Jalaun APMC,13,228,54.31,44.57,9.74
tomato,1793.0,Jalaun APMC,26,215,63.58,46.54,17.05
tomato,1794.0,Maudaha APMC,1,158,26.1,27.98,-1.87
tomato,1794.0,Maudaha APMC,4,152,37.27,40.31,-3.04
tomato,1794.0,Maudaha APMC,13,134,37.9,42.95,-5.05
tomato,1794.0,Maudaha APMC,26,121,41.24,43.49,-2.26
tomato,1795.0,Bharuasumerpur APMC,1,215,22.87,24.07,-1.2
tomato,1795.0,Bharuasumerpur APMC,4,212,38.29,38.53,-0.24
tomato,1795.0,Bharuasumerpur APMC,13,203,37.72,39.24,-1.52
tomato,1795.0,Bharuasumerpur APMC,26,190,43.15,40.3,2.85
tomato,1799.0,Chirgaon APMC,1,204,25.38,26.33,-0.95
tomato,1799.0,Chirgaon APMC,4,201,42.78,41.58,1.21
tomato,1799.0,Chirgaon APMC,13,192,45.2,43.51,1.69
tomato,1799.0,Chirgaon APMC,26,179,50.26,44.45,5.81
tomato,1800.0,Moth APMC,1,204,26.33,26.55,-0.22
tomato,1800.0,Moth APMC,4,201,43.29,41.75,1.54
tomato,1800.0,Moth APMC,13,192,43.57,42.92,0.65
tomato,1800.0,Moth APMC,26,179,47.56,42.9,4.66
tomato,1804.0,Barwala APMC,1,240,23.85,24.97,-1.13
tomato,1804.0,Barwala APMC,4,237,36.61,36.07,0.54
tomato,1804.0,Barwala APMC,13,228,40.58,37.94,2.64
tomato,1804.0,Barwala APMC,26,215,39.68,37.42,2.26
tomato,1805.0,Barara APMC,1,221,23.29,21.12,2.17
tomato,1805.0,Barara APMC,4,218,37.55,31.14,6.41
tomato,1805.0,Barara APMC,13,209,56.04,43.78,12.26
tomato,1805.0,Barara APMC,26,196,60.72,46.42,14.31
tomato,1808.0,Naraingarh APMC,1,240,28.36,27.2,1.16
tomato,1808.0,Naraingarh APMC,4,237,41.87,36.78,5.08
tomato,1808.0,Naraingarh APMC,13,228,48.82,39.68,9.14
tomato,1808.0,Naraingarh APMC,26,215,53.39,42.13,11.26
tomato,1809.0,Shahzadpur APMC,1,240,24.7,24.54,0.16
tomato,1809.0,Shahzadpur APMC,4,237,34.92,32.73,2.19
tomato,1809.0,Shahzadpur APMC,13,228,37.42,33.44,3.98
tomato,1809.0,Shahzadpur APMC,26,215,37.69,32.91,4.78
tomato,1810.0,Jagadhri APMC,1,240,26.14,25.66,0.48
tomato,1810.0,Jagadhri APMC,4,237,36.36,34.65,1.71
tomato,1810.0,Jagadhri APMC,13,228,39.61,36.02,3.59
tomato,1810.0,Jagadhri APMC,26,215,42.06,38.15,3.91
tomato,1811.0,Chhachrauli APMC,1,240,29.94,28.54,1.4
tomato,1811.0,Chhachrauli APMC,4,237,44.25,42.27,1.98
tomato,1811.0,Chhachrauli APMC,13,228,45.79,41.82,3.98
tomato,1811.0,Chhachrauli APMC,26,215,45.48,43.01,2.47
tomato,1812.0,Mustafabad APMC,1,240,27.59,25.56,2.02
tomato,1812.0,Mustafabad APMC,4,237,37.79,36.82,0.97
tomato,1812.0,Mustafabad APMC,13,228,40.75,37.19,3.57
tomato,1812.0,Mustafabad APMC,26,215,39.97,37.92,2.05
tomato,1813.0,Sadhaura APMC,1,240,31.72,28.99,2.73
tomato,1813.0,Sadhaura APMC,4,237,50.54,39.24,11.3
tomato,1813.0,Sadhaura APMC,13,228,57.24,41.73,15.51
tomato,1813.0,Sadhaura APMC,26,215,58.14,43.06,15.08
tomato,1814.0,Radaur APMC,1,239,24.43,24.77,-0.34
tomato,1814.0,Radaur APMC,4,236,38.07,35.13,2.93
tomato,1814.0,Radaur APMC,13,227,40.11,35.96,4.15
tomato,1814.0,Radaur APMC,26,214,38.72,35.27,3.45
tomato,1823.0,Farukh Nagar APMC,1,240,23.23,24.19,-0.97
tomato,1823.0,Farukh Nagar APMC,4,237,33.45,32.96,0.49
tomato,1823.0,Farukh Nagar APMC,13,228,39.62,36.19,3.44
tomato,1823.0,Farukh Nagar APMC,26,215,38.41,34.48,3.93
tomato,1826.0,Punhana APMC,1,239,22.21,22.95,-0.74
tomato,1826.0,Punhana APMC,4,236,37.54,36.88,0.66
tomato,1826.0,Punhana APMC,13,227,45.27,39.91,5.36
tomato,1826.0,Punhana APMC,26,214,47.97,41.54,6.43
tomato,1827.0,Tauru APMC,1,240,24.67,26.36,-1.7
tomato,1827.0,Tauru APMC,4,237,39.36,42.08,-2.72
tomato,1827.0,Tauru APMC,13,228,41.67,43.31,-1.64
tomato,1827.0,Tauru APMC,26,215,46.58,45.78,0.8
tomato,1828.0,Barwala(Hisar) APMC,1,210,27.14,27.09,0.05
tomato,1828.0,Barwala(Hisar) APMC,4,204,38.02,36.82,1.2
tomato,1828.0,Barwala(Hisar) APMC,13,186,35.0,34.63,0.37
tomato,1828.0,Barwala(Hisar) APMC,26,160,35.47,31.62,3.85
tomato,1833.0,Jakhal APMC,1,240,27.78,27.05,0.73
tomato,1833.0,Jakhal APMC,4,237,41.62,38.12,3.5
tomato,1833.0,Jakhal APMC,13,228,39.77,36.46,3.31
tomato,1833.0,Jakhal APMC,26,215,42.29,39.79,2.5
tomato,1839.0,Dhand APMC,1,240,22.22,22.9,-0.68
tomato,1839.0,Dhand APMC,4,237,33.14,34.46,-1.32
tomato,1839.0,Dhand APMC,13,228,34.56,36.51,-1.95
tomato,1839.0,Dhand APMC,26,215,32.32,34.32,-2.0
tomato,1842.0,Siwan APMC,1,240,23.68,21.98,1.7
tomato,1842.0,Siwan APMC,4,237,39.43,34.5,4.93
tomato,1842.0,Siwan APMC,13,228,39.84,34.01,5.83
tomato,1842.0,Siwan APMC,26,215,42.72,37.48,5.24
tomato,1844.0,Gharaunda APMC,1,240,24.24,25.55,-1.31
tomato,1844.0,Gharaunda APMC,4,237,39.04,40.94,-1.9
tomato,1844.0,Gharaunda APMC,13,228,41.84,41.5,0.34
tomato,1844.0,Gharaunda APMC,26,215,46.19,43.93,2.26
tomato,1852.0,Madlauda APMC,1,240,22.54,20.95,1.6
tomato,1852.0,Madlauda APMC,4,237,37.27,33.79,3.48
tomato,1852.0,Madlauda APMC,13,228,43.95,36.45,7.5
tomato,1852.0,Madlauda APMC,26,215,48.74,40.26,8.48
tomato,1853.0,Samalkha APMC,1,230,25.6,25.99,-0.39
tomato,1853.0,Samalkha APMC,4,224,36.31,35.46,0.84
tomato,1853.0,Samalkha APMC,13,212,42.71,37.24,5.46
tomato,1853.0,Samalkha APMC,26,199,44.72,38.36,6.36
tomato,1860.0,Meham APMC,1,240,29.01,27.16,1.85
tomato,1860.0,Meham APMC,4,237,41.9,36.49,5.41
tomato,1860.0,Meham APMC,13,228,48.21,39.34,8.87
tomato,1860.0,Meham APMC,26,215,49.96,39.13,10.83
tomato,1861.0,Sampla APMC,1,238,25.12,26.79,-1.67
tomato,1861.0,Sampla APMC,4,235,35.94,39.82,-3.87
tomato,1861.0,Sampla APMC,13,226,38.51,40.2,-1.69
tomato,1861.0,Sampla APMC,26,213,42.31,43.25,-0.95
tomato,1864.0,Ganaur APMC,1,240,21.42,23.13,-1.71
tomato,1864.0,Ganaur APMC,4,237,35.6,37.58,-1.98
tomato,1864.0,Ganaur APMC,13,228,36.03,37.2,-1.17
tomato,1864.0,Ganaur APMC,26,215,39.74,39.32,0.42
tomato,1868.0,Bowenpally APMC,1,240,33.06,31.67,1.4
tomato,1868.0,Bowenpally APMC,4,237,48.38,42.5,5.87
tomato,1868.0,Bowenpally APMC,13,228,54.72,47.53,7.2
tomato,1868.0,Bowenpally APMC,26,215,59.97,48.96,11.0
tomato,1896.0,Navapur APMC,1,156,38.87,36.19,2.67
tomato,1896.0,Navapur APMC,4,141,56.41,48.63,7.79
tomato,1896.0,Navapur APMC,13,101,71.36,60.45,10.92
tomato,1896.0,Navapur APMC,26,91,69.93,57.83,12.1
tomato,1902.0,Vita APMC,1,195,38.64,35.34,3.31
tomato,1902.0,Vita APMC,4,186,51.73,44.44,7.29
tomato,1902.0,Vita APMC,13,167,47.55,44.08,3.47
tomato,1902.0,Vita APMC,26,154,57.08,49.3,7.78
tomato,1903.0,Palus APMC,1,240,35.78,33.52,2.25
tomato,1903.0,Palus APMC,4,237,51.45,46.41,5.04
tomato,1903.0,Palus APMC,13,228,47.96,44.33,3.63
tomato,1903.0,Palus APMC,26,215,56.17,49.02,7.15
tomato,1939.0,Ramtek APMC,1,240,39.15,37.12,2.03
tomato,1939.0,Ramtek APMC,4,237,58.42,47.88,10.54
tomato,1939.0,Ramtek APMC,13,228,67.96,52.72,15.23
tomato,1939.0,Ramtek APMC,26,215,84.1,54.94,29.15
tomato,1967.0,Karvi APMC,1,240,22.07,23.53,-1.46
tomato,1967.0,Karvi APMC,4,237,35.98,37.22,-1.23
tomato,1967.0,Karvi APMC,13,228,36.4,38.36,-1.96
tomato,1967.0,Karvi APMC,26,215,41.6,40.02,1.58
tomato,1973.0,Kuruppanthura Market,1,235,20.19,21.42,-1.23
tomato,1973.0,Kuruppanthura Market,4,232,33.17,35.55,-2.38
tomato,1973.0,Kuruppanthura Market,13,223,28.98,31.83,-2.85
tomato,1973.0,Kuruppanthura Market,26,210,31.4,33.94,-2.54
tomato,1974.0,Chelakkara Market,1,240,17.43,19.28,-1.85
tomato,1974.0,Chelakkara Market,4,237,28.62,31.01,-2.4
tomato,1974.0,Chelakkara Market,13,228,20.15,23.93,-3.78
tomato,1974.0,Chelakkara Market,26,215,22.17,25.14,-2.97
tomato,1975.0,Munnar Market,1,239,20.06,21.52,-1.46
tomato,1975.0,Munnar Market,4,236,29.28,31.34,-2.06
tomato,1975.0,Munnar Market,13,227,25.26,27.74,-2.48
tomato,1975.0,Munnar Market,26,214,28.47,30.47,-2.0
tomato,1977.0,Kottakkal Market,1,240,27.91,28.14,-0.23
tomato,1977.0,Kottakkal Market,4,237,37.94,37.09,0.84
tomato,1977.0,Kottakkal Market,13,228,34.31,34.91,-0.6
tomato,1977.0,Kottakkal Market,26,215,46.03,42.77,3.26
tomato,1978.0,Angamaly Market,1,240,18.96,21.29,-2.33
tomato,1978.0,Angamaly Market,4,237,32.8,36.3,-3.5
tomato,1978.0,Angamaly Market,13,228,25.58,30.16,-4.58
tomato,1978.0,Angamaly Market,26,215,28.0,31.98,-3.97
tomato,1979.0,Kallachi Market,1,240,30.05,27.62,2.43
tomato,1979.0,Kallachi Market,4,237,40.75,37.48,3.27
tomato,1979.0,Kallachi Market,13,228,36.21,33.93,2.28
tomato,1979.0,Kallachi Market,26,215,43.24,39.0,4.24
tomato,1980.0,Taliparamba Market,1,128,23.18,22.65,0.52
tomato,1980.0,Taliparamba Market,4,125,28.01,30.25,-2.24
tomato,1980.0,Taliparamba Market,13,116,31.29,32.64,-1.35
tomato,1980.0,Taliparamba Market,26,103,32.8,31.79,1.01
tomato,1986.0,Madhavapuram Market,1,217,19.26,22.1,-2.84
tomato,1986.0,Madhavapuram Market,4,208,31.39,34.92,-3.53
tomato,1986.0,Madhavapuram Market,13,190,26.75,31.06,-4.3
tomato,1986.0,Madhavapuram Market,26,184,27.56,30.63,-3.06
tomato,1987.0,Mulakalacheruvu APMC,1,168,30.74,30.43,0.31
tomato,1987.0,Mulakalacheruvu APMC,4,159,38.42,37.14,1.29
tomato,1987.0,Mulakalacheruvu APMC,13,135,40.58,41.04,-0.46
tomato,1987.0,Mulakalacheruvu APMC,26,109,47.48,40.94,6.54
tomato,2006.0,Sasthamkotta Market,1,240,32.76,21.58,11.19
tomato,2006.0,Sasthamkotta Market,4,237,40.59,35.23,5.37
tomato,2006.0,Sasthamkotta Market,13,228,36.36,33.89,2.48
tomato,2006.0,Sasthamkotta Market,26,215,26.77,33.19,-6.43
tomato,2007.0,Piravam Market,1,240,20.35,22.18,-1.83
tomato,2007.0,Piravam Market,4,237,32.8,35.49,-2.69
tomato,2007.0,Piravam Market,13,228,26.03,30.65,-4.62
tomato,2007.0,Piravam Market,26,215,27.59,31.19,-3.6
tomato,2008.0,Aralamoodu Market,1,240,19.82,22.12,-2.31
tomato,2008.0,Aralamoodu Market,4,237,32.35,35.93,-3.58
tomato,2008.0,Aralamoodu Market,13,228,25.35,30.67,-5.33
tomato,2008.0,Aralamoodu Market,26,215,27.83,32.67,-4.84
tomato,2011.0,Neyyatinkara Market,1,227,20.38,22.16,-1.78
tomato,2011.0,Neyyatinkara Market,4,221,32.02,34.57,-2.55
tomato,2011.0,Neyyatinkara Market,13,206,29.85,33.1,-3.24
tomato,2011.0,Neyyatinkara Market,26,193,32.23,35.38,-3.15
tomato,2012.0,Attingal Market,1,240,22.33,23.86,-1.52
tomato,2012.0,Attingal Market,4,237,34.86,37.4,-2.54
tomato,2012.0,Attingal Market,13,228,29.48,33.33,-3.85
tomato,2012.0,Attingal Market,26,215,27.91,31.76,-3.85
tomato,2013.0,Anchal Market,1,240,16.02,17.24,-1.22
tomato,2013.0,Anchal Market,4,237,30.65,33.74,-3.09
tomato,2013.0,Anchal Market,13,228,26.18,29.27,-3.1
tomato,2013.0,Anchal Market,26,215,24.8,26.83,-2.03
tomato,2015.0,Chengannur Market,1,240,20.11,20.25,-0.14
tomato,2015.0,Chengannur Market,4,237,31.43,33.63,-2.2
tomato,2015.0,Chengannur Market,13,228,24.65,27.9,-3.25
tomato,2015.0,Chengannur Market,26,215,25.6,27.46,-1.85
tomato,2016.0,Kayamkulam Market,1,240,23.66,24.69,-1.03
tomato,2016.0,Kayamkulam Market,4,237,34.89,37.31,-2.41
tomato,2016.0,Kayamkulam Market,13,228,30.16,33.21,-3.05
tomato,2016.0,Kayamkulam Market,26,215,33.13,35.62,-2.49
tomato,2019.0,Pampady Market,1,240,19.45,21.05,-1.59
tomato,2019.0,Pampady Market,4,237,28.28,31.48,-3.2
tomato,2019.0,Pampady Market,13,228,25.19,28.24,-3.05
tomato,2019.0,Pampady Market,26,215,26.93,29.33,-2.41
tomato,2020.0,Ettumanoor Market,1,240,19.4,21.76,-2.36
tomato,2020.0,Ettumanoor Market,4,237,32.38,36.01,-3.63
tomato,2020.0,Ettumanoor Market,13,228,25.73,30.53,-4.8
tomato,2020.0,Ettumanoor Market,26,215,30.47,33.69,-3.22
tomato,2021.0,Kanjirappally Market,1,240,20.87,23.74,-2.87
tomato,2021.0,Kanjirappally Market,4,237,34.44,38.13,-3.68
tomato,2021.0,Kanjirappally Market,13,228,27.54,32.59,-5.05
tomato,2021.0,Kanjirappally Market,26,215,32.67,37.18,-4.51
tomato,2022.0,Pala Market,1,240,19.11,20.84,-1.73
tomato,2022.0,Pala Market,4,237,33.01,35.92,-2.91
tomato,2022.0,Pala Market,13,228,26.09,30.09,-4.01
tomato,2022.0,Pala Market,26,215,29.05,32.6,-3.56
tomato,2024.0,Chalakudy Market,1,240,20.87,22.97,-2.11
tomato,2024.0,Chalakudy Market,4,237,32.74,36.23,-3.48
tomato,2024.0,Chalakudy Market,13,228,26.41,31.27,-4.86
tomato,2024.0,Chalakudy Market,26,215,27.55,31.92,-4.37
tomato,2026.0,Chavakkad Market,1,240,20.51,21.48,-0.97
tomato,2026.0,Chavakkad Market,4,237,32.96,34.71,-1.74
tomato,2026.0,Chavakkad Market,13,228,24.68,28.18,-3.5
tomato,2026.0,Chavakkad Market,26,215,29.63,31.82,-2.19
tomato,2027.0,Wadakkanchery Market,1,240,19.02,19.92,-0.91
tomato,2027.0,Wadakkanchery Market,4,237,30.26,31.99,-1.73
tomato,2027.0,Wadakkanchery Market,13,228,22.79,25.61,-2.82
tomato,2027.0,Wadakkanchery Market,26,215,27.86,29.38,-1.52
tomato,2032.0,Kuthuparambu Market,1,134,20.39,21.0,-0.61
tomato,2032.0,Kuthuparambu Market,4,131,28.78,31.03,-2.25
tomato,2032.0,Kuthuparambu Market,13,122,29.87,30.86,-0.99
tomato,2032.0,Kuthuparambu Market,26,109,34.65,33.24,1.41
tomato,2034.0,Manjeswaram Market,1,240,25.25,25.75,-0.49
tomato,2034.0,Manjeswaram Market,4,237,36.47,38.06,-1.59
tomato,2034.0,Manjeswaram Market,13,228,34.46,36.53,-2.07
tomato,2034.0,Manjeswaram Market,26,215,37.49,38.28,-0.78
tomato,2035.0,Kanjangadu Market,1,240,27.41,26.82,0.6
tomato,2035.0,Kanjangadu Market,4,237,40.52,39.68,0.83
tomato,2035.0,Kanjangadu Market,13,228,35.7,35.85,-0.14
tomato,2035.0,Kanjangadu Market,26,215,44.29,42.46,1.83
tomato,2036.0,Vamanapuram Market,1,240,12.85,14.23,-1.37
tomato,2036.0,Vamanapuram Market,4,237,22.43,24.88,-2.45
tomato,2036.0,Vamanapuram Market,13,228,21.2,23.46,-2.27
tomato,2036.0,Vamanapuram Market,26,215,22.88,24.57,-1.69
tomato,2039.0,Rahata APMC,1,240,34.62,32.03,2.59
tomato,2039.0,Rahata APMC,4,237,52.75,43.53,9.22
tomato,2039.0,Rahata APMC,13,228,53.77,45.15,8.62
tomato,2039.0,Rahata APMC,26,215,64.96,50.88,14.09
tomato,2147.0,Khed(Chakan) APMC,1,240,29.99,30.57,-0.58
tomato,2147.0,Khed(Chakan) APMC,4,237,44.27,43.11,1.16
tomato,2147.0,Khed(Chakan) APMC,13,228,43.07,43.88,-0.81
tomato,2147.0,Khed(Chakan) APMC,26,215,48.38,46.83,1.56
tomato,2148.0,Pune(Pimpri) APMC,1,240,26.17,27.74,-1.57
tomato,2148.0,Pune(Pimpri) APMC,4,237,36.32,35.98,0.33
tomato,2148.0,Pune(Pimpri) APMC,13,228,34.87,36.25,-1.37
tomato,2148.0,Pune(Pimpri) APMC,26,215,40.31,40.0,0.31
tomato,2149.0,Pune(Khadiki) APMC,1,240,22.68,23.3,-0.62
tomato,2149.0,Pune(Khadiki) APMC,4,237,38.05,35.97,2.08
tomato,2149.0,Pune(Khadiki) APMC,13,228,44.64,40.1,4.53
tomato,2149.0,Pune(Khadiki) APMC,26,215,55.23,48.73,6.49
tomato,2163.0,Chandrapur(Ganjwad) APMC,1,240,34.96,32.72,2.24
tomato,2163.0,Chandrapur(Ganjwad) APMC,4,237,57.09,47.67,9.41
tomato,2163.0,Chandrapur(Ganjwad) APMC,13,228,58.66,49.2,9.46
tomato,2163.0,Chandrapur(Ganjwad) APMC,26,215,80.05,56.33,23.72
tomato,2173.0,Kathua (F&V),1,240,25.55,27.08,-1.53
tomato,2173.0,Kathua (F&V),4,237,35.25,37.96,-2.71
tomato,2173.0,Kathua (F&V),13,228,35.97,37.47,-1.5
tomato,2173.0,Kathua (F&V),26,215,40.76,40.81,-0.05
tomato,2176.0,Thrippunithura Market,1,240,19.88,22.72,-2.83
tomato,2176.0,Thrippunithura Market,4,237,33.18,37.0,-3.83
tomato,2176.0,Thrippunithura Market,13,228,25.32,30.63,-5.31
tomato,2176.0,Thrippunithura Market,26,215,29.93,34.26,-4.34
tomato,2177.0,Pattambi Market,1,240,30.96,29.53,1.43
tomato,2177.0,Pattambi Market,4,237,40.09,37.92,2.16
tomato,2177.0,Pattambi Market,13,228,35.73,34.67,1.07
tomato,2177.0,Pattambi Market,26,215,43.67,40.36,3.31
tomato,2181.0,Khekda APMC,1,240,24.71,25.48,-0.77
tomato,2181.0,Khekda APMC,4,237,37.44,35.96,1.49
tomato,2181.0,Khekda APMC,13,228,37.55,37.96,-0.4
tomato,2181.0,Khekda APMC,26,215,42.28,38.25,4.04
tomato,2182.0,Jahangirabad APMC,1,238,23.28,23.93,-0.66
tomato,2182.0,Jahangirabad APMC,4,235,36.2,36.4,-0.2
tomato,2182.0,Jahangirabad APMC,13,226,36.19,37.41,-1.22
tomato,2182.0,Jahangirabad APMC,26,213,42.0,39.49,2.51
tomato,2183.0,Siyana APMC,1,226,19.25,20.21,-0.96
tomato,2183.0,Siyana APMC,4,223,26.77,25.36,1.41
tomato,2183.0,Siyana APMC,13,214,34.87,33.24,1.63
tomato,2183.0,Siyana APMC,26,201,37.95,35.24,2.71
tomato,2184.0,Sikanderabad APMC,1,219,35.0,33.25,1.75
tomato,2184.0,Sikanderabad APMC,4,213,46.56,39.56,7.0
tomato,2184.0,Sikanderabad APMC,13,195,48.78,41.55,7.23
tomato,2184.0,Sikanderabad APMC,26,177,52.06,42.6,9.46
tomato,2185.0,Anoop Shahar APMC,1,240,22.56,23.34,-0.78
tomato,2185.0,Anoop Shahar APMC,4,237,35.63,34.68,0.95
tomato,2185.0,Anoop Shahar APMC,13,228,37.52,37.8,-0.28
tomato,2185.0,Anoop Shahar APMC,26,215,42.19,38.47,3.72
tomato,2186.0,Sikarpur APMC,1,230,22.4,24.3,-1.9
tomato,2186.0,Sikarpur APMC,4,224,35.17,33.14,2.03
tomato,2186.0,Sikarpur APMC,13,212,40.96,39.77,1.19
tomato,2186.0,Sikarpur APMC,26,207,41.04,36.95,4.09
tomato,2188.0,Chutmalpur APMC,1,231,25.05,21.98,3.07
tomato,2188.0,Chutmalpur APMC,4,225,39.58,31.02,8.56
tomato,2188.0,Chutmalpur APMC,13,214,35.56,27.1,8.46
tomato,2188.0,Chutmalpur APMC,26,201,34.3,26.91,7.39
tomato,2190.0,Kairana APMC,1,231,19.27,21.28,-2.01
tomato,2190.0,Kairana APMC,4,225,26.57,28.21,-1.63
tomato,2190.0,Kairana APMC,13,214,26.59,27.72,-1.13
tomato,2190.0,Kairana APMC,26,201,28.67,28.32,0.35
tomato,2191.0,Thanabhavan APMC,1,240,18.44,19.79,-1.35
tomato,2191.0,Thanabhavan APMC,4,237,27.69,29.27,-1.58
tomato,2191.0,Thanabhavan APMC,13,228,25.55,27.85,-2.29
tomato,2191.0,Thanabhavan APMC,26,215,28.49,30.63,-2.14
tomato,2193.0,Fatehabad APMC,1,228,44.2,38.34,5.86
tomato,2193.0,Fatehabad APMC,4,222,61.36,47.86,13.5
tomato,2193.0,Fatehabad APMC,13,210,62.78,46.35,16.43
tomato,2193.0,Fatehabad APMC,26,197,62.75,44.3,18.45
tomato,2194.0,Achnera APMC,1,206,24.11,23.87,0.25
tomato,2194.0,Achnera APMC,4,199,39.47,35.44,4.03
tomato,2194.0,Achnera APMC,13,184,39.06,35.42,3.65
tomato,2194.0,Achnera APMC,26,161,45.03,38.22,6.82
tomato,2195.0,Khairagarh APMC,1,196,24.95,25.63,-0.68
tomato,2195.0,Khairagarh APMC,4,187,39.61,40.21,-0.6
tomato,2195.0,Khairagarh APMC,13,164,45.92,46.28,-0.36
tomato,2195.0,Khairagarh APMC,26,138,60.67,50.35,10.32
tomato,2196.0,Jagnair APMC,1,240,28.23,28.5,-0.27
tomato,2196.0,Jagnair APMC,4,237,39.28,37.78,1.51
tomato,2196.0,Jagnair APMC,13,228,43.2,41.66,1.54
tomato,2196.0,Jagnair APMC,26,215,50.26,44.64,5.62
tomato,2197.0,Fatehpur Sikri APMC,1,215,23.87,23.74,0.13
tomato,2197.0,Fatehpur Sikri APMC,4,206,37.21,35.94,1.27
tomato,2197.0,Fatehpur Sikri APMC,13,186,36.82,37.84,-1.02
tomato,2197.0,Fatehpur Sikri APMC,26,175,41.79,38.46,3.33
tomato,2198.0,Samsabad APMC,1,240,27.79,27.65,0.14
tomato,2198.0,Samsabad APMC,4,237,40.16,37.4,2.76
tomato,2198.0,Samsabad APMC,13,228,46.57,40.97,5.6
tomato,2198.0,Samsabad APMC,26,215,52.41,42.17,10.24
tomato,2200.0,Shadabad APMC,1,238,25.42,25.59,-0.17
tomato,2200.0,Shadabad APMC,4,235,38.59,34.14,4.45
tomato,2200.0,Shadabad APMC,13,226,44.67,39.63,5.04
tomato,2200.0,Shadabad APMC,26,213,51.07,43.0,8.07
tomato,2203.0,Awagarh APMC,1,239,28.34,27.22,1.11
tomato,2203.0,Awagarh APMC,4,236,42.27,36.56,5.71
tomato,2203.0,Awagarh APMC,13,227,41.0,35.24,5.76
tomato,2203.0,Awagarh APMC,26,214,46.46,37.36,9.1
tomato,2204.0,Sirsaganj APMC,1,200,23.54,25.74,-2.2
tomato,2204.0,Sirsaganj APMC,4,197,32.97,33.81,-0.83
tomato,2204.0,Sirsaganj APMC,13,188,37.87,38.42,-0.55
tomato,2204.0,Sirsaganj APMC,26,175,39.34,39.32,0.02
tomato,2205.0,Tundla APMC,1,238,25.23,26.57,-1.34
tomato,2205.0,Tundla APMC,4,235,40.94,39.76,1.18
tomato,2205.0,Tundla APMC,13,226,41.35,40.69,0.66
tomato,2205.0,Tundla APMC,26,213,49.06,43.75,5.31
tomato,2206.0,Kiratpur APMC,1,228,20.47,21.03,-0.56
tomato,2206.0,Kiratpur APMC,4,224,31.07,29.95,1.12
tomato,2206.0,Kiratpur APMC,13,218,31.32,31.69,-0.37
tomato,2206.0,Kiratpur APMC,26,205,29.93,31.0,-1.07
tomato,2207.0,Nagina APMC,1,215,19.03,18.1,0.94
tomato,2207.0,Nagina APMC,4,209,34.52,33.24,1.28
tomato,2207.0,Nagina APMC,13,191,31.95,32.54,-0.59
tomato,2207.0,Nagina APMC,26,177,35.04,34.61,0.43
tomato,2209.0,Dhanaura APMC,1,238,23.29,21.68,1.61
tomato,2209.0,Dhanaura APMC,4,235,40.85,37.54,3.31
tomato,2209.0,Dhanaura APMC,13,226,44.37,39.65,4.72
tomato,2209.0,Dhanaura APMC,26,213,49.85,43.92,5.94
tomato,2212.0,Anwala APMC,1,239,23.41,22.43,0.98
tomato,2212.0,Anwala APMC,4,236,40.85,38.94,1.91
tomato,2212.0,Anwala APMC,13,227,45.26,43.29,1.97
tomato,2212.0,Anwala APMC,26,214,51.37,43.14,8.23
tomato,2214.0,Wazirganj APMC,1,204,21.38,23.09,-1.71
tomato,2214.0,Wazirganj APMC,4,198,38.96,38.9,0.05
tomato,2214.0,Wazirganj APMC,13,187,40.24,41.72,-1.48
tomato,2214.0,Wazirganj APMC,26,174,39.29,39.27,0.02
tomato,2218.0,Choubepur APMC,1,221,23.5,24.36,-0.86
tomato,2218.0,Choubepur APMC,4,215,39.76,38.98,0.78
tomato,2218.0,Choubepur APMC,13,197,40.07,41.11,-1.04
tomato,2218.0,Choubepur APMC,26,188,51.62,42.53,9.08
tomato,2222.0,Mohamadabad APMC,1,132,23.76,24.34,-0.58
tomato,2222.0,Mohamadabad APMC,4,129,39.09,36.26,2.83
tomato,2222.0,Mohamadabad APMC,13,120,33.78,32.6,1.18
tomato,2222.0,Mohamadabad APMC,26,108,42.18,33.17,9.01
tomato,2223.0,Achalda APMC,1,213,23.36,24.53,-1.17
tomato,2223.0,Achalda APMC,4,210,38.87,38.35,0.52
tomato,2223.0,Achalda APMC,13,201,38.14,38.94,-0.81
tomato,2223.0,Achalda APMC,26,188,41.41,39.15,2.25
tomato,2227.0,Salon APMC,1,124,21.63,20.79,0.84
tomato,2227.0,Salon APMC,4,121,34.28,30.32,3.97
tomato,2227.0,Salon APMC,13,112,37.91,34.0,3.91
tomato,2227.0,Salon APMC,26,99,43.89,33.39,10.49
tomato,2228.0,Viswan APMC,1,192,21.61,23.09,-1.48
tomato,2228.0,Viswan APMC,4,189,37.33,38.27,-0.94
tomato,2228.0,Viswan APMC,13,180,35.58,37.9,-2.32
tomato,2228.0,Viswan APMC,26,167,41.12,39.67,1.45
tomato,2236.0,Muskara APMC,1,210,23.16,24.55,-1.39
tomato,2236.0,Muskara APMC,4,207,39.74,39.48,0.26
tomato,2236.0,Muskara APMC,13,198,38.91,40.07,-1.17
tomato,2236.0,Muskara APMC,26,185,44.04,41.14,2.9
tomato,2239.0,Rudauli APMC,1,226,22.16,23.32,-1.16
tomato,2239.0,Rudauli APMC,4,220,36.41,37.04,-0.63
tomato,2239.0,Rudauli APMC,13,204,37.51,38.93,-1.42
tomato,2239.0,Rudauli APMC,26,192,41.64,38.64,3.01
tomato,2240.0,Nawabganj APMC,1,240,24.99,25.78,-0.79
tomato,2240.0,Nawabganj APMC,4,237,36.27,36.12,0.15
tomato,2240.0,Nawabganj APMC,13,228,36.64,37.35,-0.71
tomato,2240.0,Nawabganj APMC,26,215,41.66,38.41,3.24
tomato,2243.0,Ahirora APMC,1,220,38.03,33.1,4.93
tomato,2243.0,Ahirora APMC,4,214,64.2,46.88,17.32
tomato,2243.0,Ahirora APMC,13,196,87.8,51.28,36.52
tomato,2243.0,Ahirora APMC,26,179,100.8,48.19,52.6
tomato,2244.0,Doharighat APMC,1,237,25.19,24.77,0.42
tomato,2244.0,Doharighat APMC,4,234,35.72,38.09,-2.37
tomato,2244.0,Doharighat APMC,13,225,32.45,38.11,-5.65
tomato,2244.0,Doharighat APMC,26,212,40.91,43.18,-2.27
tomato,2245.0,Rasda APMC,1,229,29.44,27.85,1.58
tomato,2245.0,Rasda APMC,4,226,45.13,42.04,3.09
tomato,2245.0,Rasda APMC,13,217,46.93,43.16,3.77
tomato,2245.0,Rasda APMC,26,204,51.57,43.39,8.17
tomato,2246.0,Chitwadagaon APMC,1,202,26.66,25.52,1.13
tomato,2246.0,Chitwadagaon APMC,4,199,47.58,42.09,5.49
tomato,2246.0,Chitwadagaon APMC,13,190,49.69,43.41,6.28
tomato,2246.0,Chitwadagaon APMC,26,177,57.15,45.97,11.18
tomato,2248.0,Chorichora APMC,1,192,21.12,22.18,-1.06
tomato,2248.0,Chorichora APMC,4,186,34.53,37.19,-2.66
tomato,2248.0,Chorichora APMC,13,174,34.88,40.06,-5.18
tomato,2248.0,Chorichora APMC,26,162,39.33,41.51,-2.17
tomato,2249.0,Khalilabad APMC,1,240,26.04,25.94,0.1
tomato,2249.0,Khalilabad APMC,4,237,36.94,32.68,4.26
tomato,2249.0,Khalilabad APMC,13,228,42.61,36.85,5.76
tomato,2249.0,Khalilabad APMC,26,215,42.74,35.2,7.55
tomato,2250.0,Gadaura APMC,1,165,21.74,21.63,0.11
tomato,2250.0,Gadaura APMC,4,156,34.52,29.73,4.78
tomato,2250.0,Gadaura APMC,13,129,43.31,38.39,4.92
tomato,2250.0,Gadaura APMC,26,113,38.86,37.33,1.52
tomato,2254.0,Valangaiman APMC,1,111,35.24,26.73,8.5
tomato,2254.0,Valangaiman APMC,4,108,31.84,34.11,-2.28
tomato,2254.0,Valangaiman APMC,13,99,30.74,34.89,-4.15
tomato,2254.0,Valangaiman APMC,26,86,34.7,35.21,-0.51
tomato,2269.0,Uluberia APMC,1,240,21.28,22.42,-1.14
tomato,2269.0,Uluberia APMC,4,237,31.69,36.15,-4.46
tomato,2269.0,Uluberia APMC,13,228,32.62,36.6,-3.98
tomato,2269.0,Uluberia APMC,26,215,43.62,41.16,2.46
tomato,2270.0,Sheoraphuly APMC,1,240,23.88,23.98,-0.1
tomato,2270.0,Sheoraphuly APMC,4,237,37.35,38.77,-1.42
tomato,2270.0,Sheoraphuly APMC,13,228,35.6,36.75,-1.15
tomato,2270.0,Sheoraphuly APMC,26,215,45.37,39.56,5.81
tomato,2272.0,Egra/contai APMC,1,240,21.84,22.06,-0.22
tomato,2272.0,Egra/contai APMC,4,237,33.89,36.05,-2.17
tomato,2272.0,Egra/contai APMC,13,228,29.75,33.92,-4.17
tomato,2272.0,Egra/contai APMC,26,215,35.72,34.74,0.98
tomato,2373.0,Gandai APMC,1,93,32.67,28.24,4.43
tomato,2373.0,Gandai APMC,4,90,56.59,45.35,11.24
tomato,2373.0,Gandai APMC,13,81,67.18,45.41,21.76
tomato,2373.0,Gandai APMC,26,68,75.35,49.62,25.73
tomato,2422.0,Thirupathur APMC,1,111,37.12,25.34,11.79
tomato,2422.0,Thirupathur APMC,4,108,29.64,31.4,-1.76
tomato,2422.0,Thirupathur APMC,13,99,33.38,36.59,-3.21
tomato,2422.0,Thirupathur APMC,26,86,33.57,35.03,-1.46
tomato,2444.0,FerozpurZirkha(Nagina) APMC,1,240,25.56,26.3,-0.74
tomato,2444.0,FerozpurZirkha(Nagina) APMC,4,237,41.16,39.38,1.78
tomato,2444.0,FerozpurZirkha(Nagina) APMC,13,228,48.99,42.5,6.49
tomato,2444.0,FerozpurZirkha(Nagina) APMC,26,215,54.08,44.49,9.59
tomato,2481.0,Kota (F&V) APMC,1,229,29.24,28.03,1.21
tomato,2481.0,Kota (F&V) APMC,4,223,42.18,39.65,2.53
tomato,2481.0,Kota (F&V) APMC,13,210,45.85,42.55,3.31
tomato,2481.0,Kota (F&V) APMC,26,197,49.16,42.01,7.16
tomato,2487.0,Jalandhar City(Jalandhar) APMC,1,240,36.15,29.67,6.49
tomato,2487.0,Jalandhar City(Jalandhar) APMC,4,237,73.85,48.99,24.86
tomato,2487.0,Jalandhar City(Jalandhar) APMC,13,228,76.26,48.76,27.5
tomato,2487.0,Jalandhar City(Jalandhar) APMC,26,215,78.65,52.34,26.31
tomato,2490.0,Nawan Shahar(Subzi Mandi) APMC,1,166,26.62,25.24,1.38
tomato,2490.0,Nawan Shahar(Subzi Mandi) APMC,4,154,36.63,38.99,-2.36
tomato,2490.0,Nawan Shahar(Subzi Mandi) APMC,13,136,42.71,40.82,1.89
tomato,2490.0,Nawan Shahar(Subzi Mandi) APMC,26,115,35.45,34.97,0.48
tomato,2498.0,Amritsar(Amritsar Mewa Mandi) APMC,1,193,39.69,32.51,7.18
tomato,2498.0,Amritsar(Amritsar Mewa Mandi) APMC,4,181,70.88,45.47,25.41
tomato,2498.0,Amritsar(Amritsar Mewa Mandi) APMC,13,164,66.64,43.85,22.79
tomato,2498.0,Amritsar(Amritsar Mewa Mandi) APMC,26,166,71.84,49.36,22.49
tomato,2510.0,Mukerian(Talwara) APMC,1,220,20.81,23.06,-2.25
tomato,2510.0,Mukerian(Talwara) APMC,4,211,30.98,37.68,-6.7
tomato,2510.0,Mukerian(Talwara) APMC,13,196,29.63,38.86,-9.23
tomato,2510.0,Mukerian(Talwara) APMC,26,183,33.77,40.78,-7.01
tomato,2521.0,SMY Nadaun,1,240,21.83,24.54,-2.7
tomato,2521.0,SMY Nadaun,4,237,32.63,38.09,-5.46
tomato,2521.0,SMY Nadaun,13,228,32.19,36.68,-4.49
tomato,2521.0,SMY Nadaun,26,215,30.99,36.48,-5.49
tomato,2524.0,SMY Takoli,1,240,26.76,24.47,2.29
tomato,2524.0,SMY Takoli,4,237,36.31,33.92,2.39
tomato,2524.0,SMY Takoli,13,228,41.2,35.72,5.48
tomato,2524.0,SMY Takoli,26,215,39.35,34.61,4.74
tomato,2526.0,SMY Baijnath,1,240,24.5,27.24,-2.74
tomato,2526.0,SMY Baijnath,4,237,32.82,38.6,-5.78
tomato,2526.0,SMY Baijnath,13,228,35.66,39.37,-3.71
tomato,2526.0,SMY Baijnath,26,215,34.93,39.31,-4.38
tomato,2527.0,SMY Nagrota Bagwan,1,218,23.77,24.67,-0.91
tomato,2527.0,SMY Nagrota Bagwan,4,212,31.5,35.36,-3.86
tomato,2527.0,SMY Nagrota Bagwan,13,194,35.18,38.34,-3.16
tomato,2527.0,SMY Nagrota Bagwan,26,175,36.24,38.61,-2.36
tomato,2528.0,SMY Jassur,1,214,20.13,22.64,-2.51
tomato,2528.0,SMY Jassur,4,205,26.76,30.86,-4.1
tomato,2528.0,SMY Jassur,13,185,27.72,33.29,-5.56
tomato,2528.0,SMY Jassur,26,181,28.98,34.46,-5.48
tomato,2529.0,SMY Jaisinghpur,1,240,21.98,23.37,-1.39
tomato,2529.0,SMY Jaisinghpur,4,237,30.23,34.75,-4.51
tomato,2529.0,SMY Jaisinghpur,13,228,32.89,35.48,-2.58
tomato,2529.0,SMY Jaisinghpur,26,215,32.9,35.75,-2.85
tomato,2537.0,Siliguri APMC,1,240,21.04,22.64,-1.6
tomato,2537.0,Siliguri APMC,4,237,34.18,35.63,-1.45
tomato,2537.0,Siliguri APMC,13,228,32.03,34.61,-2.59
tomato,2537.0,Siliguri APMC,26,215,40.66,37.16,3.5
tomato,2545.0,Rajkot(Veg.Sub Yard) APMC,1,240,28.11,28.03,0.08
tomato,2545.0,Rajkot(Veg.Sub Yard) APMC,4,237,42.37,42.05,0.31
tomato,2545.0,Rajkot(Veg.Sub Yard) APMC,13,228,45.76,43.9,1.87
tomato,2545.0,Rajkot(Veg.Sub Yard) APMC,26,215,52.09,45.77,6.32
tomato,2549.0,Dahod(Veg. Market) APMC,1,240,29.98,29.51,0.46
tomato,2549.0,Dahod(Veg. Market) APMC,4,237,41.11,39.42,1.69
tomato,2549.0,Dahod(Veg. Market) APMC,13,228,45.28,43.43,1.85
tomato,2549.0,Dahod(Veg. Market) APMC,26,215,47.76,42.32,5.44
tomato,2551.0,Vadodara(Sayajipura) APMC,1,240,30.5,32.04,-1.54
tomato,2551.0,Vadodara(Sayajipura) APMC,4,237,44.46,44.66,-0.2
tomato,2551.0,Vadodara(Sayajipura) APMC,13,228,47.56,47.46,0.1
tomato,2551.0,Vadodara(Sayajipura) APMC,26,215,52.82,47.39,5.44
tomato,2556.0,"Kalol(Veg,Market,Kalol) APMC",1,192,27.02,28.19,-1.18
tomato,2556.0,"Kalol(Veg,Market,Kalol) APMC",4,182,34.04,33.05,0.99
tomato,2556.0,"Kalol(Veg,Market,Kalol) APMC",13,161,37.57,35.23,2.34
tomato,2556.0,"Kalol(Veg,Market,Kalol) APMC",26,141,41.77,35.61,6.17
tomato,2571.0,"Anand(Veg,Yard,Anand) APMC",1,240,33.83,33.55,0.28
tomato,2571.0,"Anand(Veg,Yard,Anand) APMC",4,237,51.89,44.99,6.9
tomato,2571.0,"Anand(Veg,Yard,Anand) APMC",13,228,63.25,50.61,12.64
tomato,2571.0,"Anand(Veg,Yard,Anand) APMC",26,215,74.85,53.34,21.51
tomato,2584.0,Mansa(Manas Veg Yard) APMC,1,240,29.54,28.29,1.25
tomato,2584.0,Mansa(Manas Veg Yard) APMC,4,237,45.2,43.48,1.72
tomato,2584.0,Mansa(Manas Veg Yard) APMC,13,228,48.45,45.13,3.33
tomato,2584.0,Mansa(Manas Veg Yard) APMC,26,215,55.6,46.21,9.39
tomato,2668.0,Kottarakkara Market,1,240,16.45,19.3,-2.85
tomato,2668.0,Kottarakkara Market,4,237,31.15,36.19,-5.04
tomato,2668.0,Kottarakkara Market,13,228,28.17,32.42,-4.25
tomato,2668.0,Kottarakkara Market,26,215,27.98,30.45,-2.47
tomato,2670.0,Chathanoor Market,1,240,20.88,23.57,-2.69
tomato,2670.0,Chathanoor Market,4,237,34.43,37.84,-3.4
tomato,2670.0,Chathanoor Market,13,228,28.92,34.11,-5.19
tomato,2670.0,Chathanoor Market,26,215,33.98,39.4,-5.42
tomato,2673.0,Mannar Market,1,238,17.87,19.41,-1.54
tomato,2673.0,Mannar Market,4,235,28.09,31.62,-3.52
tomato,2673.0,Mannar Market,13,226,23.11,26.49,-3.38
tomato,2673.0,Mannar Market,26,213,22.86,25.37,-2.51
tomato,2674.0,Athirampuzha Market,1,240,20.98,22.45,-1.47
tomato,2674.0,Athirampuzha Market,4,237,33.18,35.39,-2.21
tomato,2674.0,Athirampuzha Market,13,228,25.35,29.38,-4.03
tomato,2674.0,Athirampuzha Market,26,215,28.69,31.83,-3.15
tomato,2675.0,Thalayolaparambu Market,1,240,21.42,22.68,-1.26
tomato,2675.0,Thalayolaparambu Market,4,237,32.9,35.26,-2.36
tomato,2675.0,Thalayolaparambu Market,13,228,26.36,29.65,-3.29
tomato,2675.0,Thalayolaparambu Market,26,215,29.97,32.23,-2.26
tomato,2676.0,Adimali Market,1,239,16.48,18.43,-1.95
tomato,2676.0,Adimali Market,4,236,29.9,32.35,-2.46
tomato,2676.0,Adimali Market,13,227,26.46,29.26,-2.8
tomato,2676.0,Adimali Market,26,214,30.22,32.55,-2.33
tomato,2677.0,Vandiperiyar Market,1,232,24.27,17.56,6.71
tomato,2677.0,Vandiperiyar Market,4,229,34.78,28.36,6.41
tomato,2677.0,Vandiperiyar Market,13,220,36.85,25.47,11.38
tomato,2677.0,Vandiperiyar Market,26,207,40.64,32.27,8.37
tomato,2679.0,Kattappana Market,1,240,20.26,21.32,-1.06
tomato,2679.0,Kattappana Market,4,237,32.11,34.51,-2.4
tomato,2679.0,Kattappana Market,13,228,29.43,31.51,-2.08
tomato,2679.0,Kattappana Market,26,215,26.5,29.01,-2.52
tomato,2680.0,Perumbavoor Market,1,240,19.95,21.81,-1.87
tomato,2680.0,Perumbavoor Market,4,237,32.35,35.44,-3.09
tomato,2680.0,Perumbavoor Market,13,228,27.47,31.6,-4.13
tomato,2680.0,Perumbavoor Market,26,215,29.34,33.19,-3.85
tomato,2681.0,Kothamangalam Market,1,240,18.91,21.07,-2.16
tomato,2681.0,Kothamangalam Market,4,237,27.59,31.99,-4.4
tomato,2681.0,Kothamangalam Market,13,228,24.14,29.19,-5.05
tomato,2681.0,Kothamangalam Market,26,215,28.14,30.8,-2.66
tomato,2682.0,vadakarapathy Market,1,201,31.13,30.27,0.86
tomato,2682.0,vadakarapathy Market,4,189,43.97,39.54,4.42
tomato,2682.0,vadakarapathy Market,13,171,40.05,35.0,5.05
tomato,2682.0,vadakarapathy Market,26,171,55.07,45.46,9.61
tomato,2683.0,Vadakkenchery Market,1,239,20.5,21.93,-1.43
tomato,2683.0,Vadakkenchery Market,4,236,33.05,35.94,-2.89
tomato,2683.0,Vadakkenchery Market,13,227,27.26,31.86,-4.6
tomato,2683.0,Vadakkenchery Market,26,214,31.65,33.88,-2.23
tomato,2684.0,Perinthalmanna Market,1,229,24.93,23.2,1.73
tomato,2684.0,Perinthalmanna Market,4,223,35.78,32.43,3.35
tomato,2684.0,Perinthalmanna Market,13,211,34.27,31.63,2.64
tomato,2684.0,Perinthalmanna Market,26,198,43.41,36.66,6.75
tomato,2685.0,Parappanangadi Market,1,202,28.23,27.45,0.78
tomato,2685.0,Parappanangadi Market,4,196,42.3,38.54,3.76
tomato,2685.0,Parappanangadi Market,13,178,43.99,39.8,4.19
tomato,2685.0,Parappanangadi Market,26,152,46.43,39.89,6.54
tomato,2686.0,Thirurrangadi Market,1,239,33.38,30.81,2.57
tomato,2686.0,Thirurrangadi Market,4,236,42.87,38.42,4.46
tomato,2686.0,Thirurrangadi Market,13,227,44.42,40.06,4.35
tomato,2686.0,Thirurrangadi Market,26,214,48.53,41.71,6.82
tomato,2687.0,Kondotty Market,1,226,30.07,29.25,0.82
tomato,2687.0,Kondotty Market,4,220,42.3,40.06,2.24
tomato,2687.0,Kondotty Market,13,205,37.01,37.22,-0.21
tomato,2687.0,Kondotty Market,26,203,42.95,40.52,2.43
tomato,2689.0,Perambra Market,1,230,27.84,27.15,0.69
tomato,2689.0,Perambra Market,4,224,38.43,39.58,-1.16
tomato,2689.0,Perambra Market,13,212,33.72,37.19,-3.47
tomato,2689.0,Perambra Market,26,199,40.36,41.88,-1.52
tomato,2690.0,Mukkom Market,1,183,26.57,25.54,1.03
tomato,2690.0,Mukkom Market,4,180,36.69,36.88,-0.19
tomato,2690.0,Mukkom Market,13,171,34.9,34.2,0.7
tomato,2690.0,Mukkom Market,26,158,36.76,36.86,-0.1
tomato,2691.0,Quilandy Market,1,240,30.92,28.86,2.05
tomato,2691.0,Quilandy Market,4,237,41.24,38.32,2.92
tomato,2691.0,Quilandy Market,13,228,34.78,33.85,0.93
tomato,2691.0,Quilandy Market,26,215,44.73,40.69,4.04
tomato,2692.0,Thamarassery Market,1,240,36.58,32.93,3.65
tomato,2692.0,Thamarassery Market,4,237,49.75,42.52,7.23
tomato,2692.0,Thamarassery Market,13,228,39.05,35.75,3.29
tomato,2692.0,Thamarassery Market,26,215,54.17,45.34,8.82
tomato,2693.0,Chala Market,1,239,20.91,22.17,-1.26
tomato,2693.0,Chala Market,4,236,30.91,33.38,-2.47
tomato,2693.0,Chala Market,13,227,26.04,29.58,-3.54
tomato,2693.0,Chala Market,26,214,24.99,28.76,-3.78
tomato,2696.0,Phillaur(Apra Mandi) APMC,1,194,22.02,21.48,0.54
tomato,2696.0,Phillaur(Apra Mandi) APMC,4,185,30.68,30.97,-0.29
tomato,2696.0,Phillaur(Apra Mandi) APMC,13,167,29.01,31.98,-2.97
tomato,2696.0,Phillaur(Apra Mandi) APMC,26,146,29.57,33.4,-3.83
tomato,2701.0,Garh Shankar(Mahalpur) APMC,1,209,25.4,27.04,-1.64
tomato,2701.0,Garh Shankar(Mahalpur) APMC,4,203,38.23,38.87,-0.64
tomato,2701.0,Garh Shankar(Mahalpur) APMC,13,185,37.5,40.05,-2.55
tomato,2701.0,Garh Shankar(Mahalpur) APMC,26,169,37.19,40.04,-2.85
tomato,2704.0,Amrawati(Frui & Veg. Market) APMC,1,240,27.67,28.15,-0.48
tomato,2704.0,Amrawati(Frui & Veg. Market) APMC,4,237,38.75,39.01,-0.25
tomato,2704.0,Amrawati(Frui & Veg. Market) APMC,13,228,41.22,42.97,-1.76
tomato,2704.0,Amrawati(Frui & Veg. Market) APMC,26,215,48.22,43.04,5.19
tomato,2713.0,Bonai APMC,1,212,18.57,19.9,-1.34
tomato,2713.0,Bonai APMC,4,203,31.34,33.85,-2.51
tomato,2713.0,Bonai APMC,13,188,34.64,37.76,-3.12
tomato,2713.0,Bonai APMC,26,173,31.81,34.45,-2.64
tomato,2714.0,Bargarh(Barapalli) APMC,1,185,24.08,26.76,-2.69
tomato,2714.0,Bargarh(Barapalli) APMC,4,176,38.77,43.38,-4.61
tomato,2714.0,Bargarh(Barapalli) APMC,13,164,37.62,41.82,-4.2
tomato,2714.0,Bargarh(Barapalli) APMC,26,146,37.56,42.57,-5.02
tomato,2720.0,Kendrapara(Marshaghai) APMC,1,240,20.83,22.15,-1.32
tomato,2720.0,Kendrapara(Marshaghai) APMC,4,237,30.33,34.58,-4.25
tomato,2720.0,Kendrapara(Marshaghai) APMC,13,228,30.5,35.66,-5.16
tomato,2720.0,Kendrapara(Marshaghai) APMC,26,215,35.83,39.32,-3.48
tomato,2721.0,Keonjhar(Dhekikote) APMC,1,239,17.31,18.98,-1.67
tomato,2721.0,Keonjhar(Dhekikote) APMC,4,236,24.85,28.91,-4.06
tomato,2721.0,Keonjhar(Dhekikote) APMC,13,227,29.07,33.2,-4.13
tomato,2721.0,Keonjhar(Dhekikote) APMC,26,214,30.7,33.83,-3.12
tomato,2738.0,Udaipur (F&V) APMC,1,231,29.69,30.37,-0.68
tomato,2738.0,Udaipur (F&V) APMC,4,225,41.47,41.1,0.37
tomato,2738.0,Udaipur (F&V) APMC,13,214,43.95,43.48,0.48
tomato,2738.0,Udaipur (F&V) APMC,26,201,45.56,41.92,3.64
tomato,2739.0,Chomu FV APMC,1,239,34.27,30.73,3.54
tomato,2739.0,Chomu FV APMC,4,236,52.75,43.95,8.8
tomato,2739.0,Chomu FV APMC,13,227,52.58,44.33,8.24
tomato,2739.0,Chomu FV APMC,26,214,56.01,46.23,9.77
tomato,2744.0,Bassi APMC,1,240,28.22,27.32,0.91
tomato,2744.0,Bassi APMC,4,237,45.35,43.61,1.74
tomato,2744.0,Bassi APMC,13,228,47.72,46.31,1.4
tomato,2744.0,Bassi APMC,26,215,51.49,45.49,6.0
tomato,2758.0,HanumangarhTown APMC,1,190,22.15,23.5,-1.35
tomato,2758.0,HanumangarhTown APMC,4,181,30.86,31.52,-0.66
tomato,2758.0,HanumangarhTown APMC,13,154,29.48,33.98,-4.5
tomato,2758.0,HanumangarhTown APMC,26,124,29.71,33.28,-3.57
tomato,2773.0,Mehsana(Mehsana Veg) APMC,1,240,42.51,33.02,9.49
tomato,2773.0,Mehsana(Mehsana Veg) APMC,4,237,83.54,48.16,35.38
tomato,2773.0,Mehsana(Mehsana Veg) APMC,13,228,112.94,52.24,60.71
tomato,2773.0,Mehsana(Mehsana Veg) APMC,26,215,144.18,56.79,87.39
tomato,2774.0,Deesa(Deesa Veg Yard) APMC,1,240,32.34,30.73,1.62
tomato,2774.0,Deesa(Deesa Veg Yard) APMC,4,237,46.89,45.85,1.04
tomato,2774.0,Deesa(Deesa Veg Yard) APMC,13,228,46.09,44.87,1.23
tomato,2774.0,Deesa(Deesa Veg Yard) APMC,26,215,54.86,48.51,6.35
tomato,2800.0,Khandhla APMC,1,230,16.42,16.61,-0.19
tomato,2800.0,Khandhla APMC,4,224,22.01,22.18,-0.18
tomato,2800.0,Khandhla APMC,13,212,23.73,23.69,0.03
tomato,2800.0,Khandhla APMC,26,199,19.43,19.95,-0.52
tomato,2803.0,Noida APMC,1,240,20.75,21.41,-0.67
tomato,2803.0,Noida APMC,4,237,35.13,34.45,0.68
tomato,2803.0,Noida APMC,13,228,34.46,34.95,-0.5
tomato,2803.0,Noida APMC,26,215,35.59,34.61,0.98
tomato,2808.0,Milak APMC,1,218,24.56,24.46,0.1
tomato,2808.0,Milak APMC,4,212,44.28,40.07,4.2
tomato,2808.0,Milak APMC,13,200,45.69,41.5,4.19
tomato,2808.0,Milak APMC,26,195,60.16,43.74,16.42
tomato,2896.0,Sealdah Koley Market APMC,1,240,19.08,22.5,-3.42
tomato,2896.0,Sealdah Koley Market APMC,4,237,29.03,35.54,-6.51
tomato,2896.0,Sealdah Koley Market APMC,13,228,28.25,34.74,-6.5
tomato,2896.0,Sealdah Koley Market APMC,26,215,35.92,37.55,-1.63
tomato,2897.0,Habra APMC,1,240,24.18,25.59,-1.4
tomato,2897.0,Habra APMC,4,237,35.56,38.61,-3.05
tomato,2897.0,Habra APMC,13,228,37.15,38.51,-1.36
tomato,2897.0,Habra APMC,26,215,40.09,39.13,0.96
tomato,2898.0,Khatra APMC,1,240,26.03,26.52,-0.5
tomato,2898.0,Khatra APMC,4,237,39.11,40.69,-1.58
tomato,2898.0,Khatra APMC,13,228,40.41,41.13,-0.73
tomato,2898.0,Khatra APMC,26,215,50.52,45.0,5.53
tomato,2899.0,Durgapur APMC,1,240,20.56,21.96,-1.4
tomato,2899.0,Durgapur APMC,4,237,32.9,35.64,-2.73
tomato,2899.0,Durgapur APMC,13,228,32.68,35.35,-2.68
tomato,2899.0,Durgapur APMC,26,215,45.92,40.11,5.81
tomato,2900.0,Memari APMC,1,240,22.06,22.18,-0.12
tomato,2900.0,Memari APMC,4,237,34.68,36.13,-1.46
tomato,2900.0,Memari APMC,13,228,33.69,34.08,-0.39
tomato,2900.0,Memari APMC,26,215,46.21,38.12,8.1
tomato,2901.0,Pundibari APMC,1,192,21.34,22.09,-0.75
tomato,2901.0,Pundibari APMC,4,183,34.5,37.34,-2.84
tomato,2901.0,Pundibari APMC,13,158,35.99,39.45,-3.46
tomato,2901.0,Pundibari APMC,26,139,42.32,42.69,-0.37
tomato,2905.0,Balarampur APMC,1,240,18.27,17.6,0.67
tomato,2905.0,Balarampur APMC,4,237,29.43,29.41,0.02
tomato,2905.0,Balarampur APMC,13,228,29.99,29.09,0.9
tomato,2905.0,Balarampur APMC,26,215,42.86,33.42,9.45
tomato,2907.0,Chevella APMC,1,233,45.91,37.65,8.26
tomato,2907.0,Chevella APMC,4,230,79.78,57.58,22.2
tomato,2907.0,Chevella APMC,13,221,97.41,64.78,32.63
tomato,2907.0,Chevella APMC,26,208,107.16,64.27,42.9
tomato,2910.0,"New Grain Market , Faridabad APMC",1,238,27.35,27.98,-0.63
tomato,2910.0,"New Grain Market , Faridabad APMC",4,235,41.67,40.37,1.3
tomato,2910.0,"New Grain Market , Faridabad APMC",13,226,46.97,42.3,4.67
tomato,2910.0,"New Grain Market , Faridabad APMC",26,213,51.47,44.57,6.9
tomato,2940.0,Tiruchengode APMC,1,111,34.95,25.54,9.41
tomato,2940.0,Tiruchengode APMC,4,108,29.91,31.97,-2.06
tomato,2940.0,Tiruchengode APMC,13,99,31.64,35.55,-3.91
tomato,2940.0,Tiruchengode APMC,26,86,34.84,35.73,-0.89
tomato,2970.0,Thuraiyur APMC,1,86,35.4,26.67,8.73
tomato,2970.0,Thuraiyur APMC,4,80,30.77,34.12,-3.35
tomato,2970.0,Thuraiyur APMC,13,62,33.71,38.19,-4.48
tomato,2970.0,Thuraiyur APMC,26,40,25.88,26.3,-0.43
tomato,3014.0,Kalikiri APMC,1,240,32.16,32.66,-0.5
tomato,3014.0,Kalikiri APMC,4,237,40.12,39.39,0.73
tomato,3014.0,Kalikiri APMC,13,228,39.14,38.73,0.41
tomato,3014.0,Kalikiri APMC,26,215,47.2,43.48,3.72
tomato,3018.0,L B Nagar APMC,1,204,39.9,36.02,3.88
tomato,3018.0,L B Nagar APMC,4,198,56.34,45.51,10.84
tomato,3018.0,L B Nagar APMC,13,181,58.35,45.49,12.86
tomato,3018.0,L B Nagar APMC,26,168,66.4,47.68,18.73
tomato,3044.0,Bagepalli APMC,1,205,50.29,35.82,14.48
tomato,3044.0,Bagepalli APMC,4,199,83.05,51.77,31.28
tomato,3044.0,Bagepalli APMC,13,181,97.85,49.97,47.88
tomato,3044.0,Bagepalli APMC,26,155,84.5,44.15,40.35
tomato,3045.0,Harda(F&V) APMC,1,139,31.25,31.01,0.24
tomato,3045.0,Harda(F&V) APMC,4,130,46.21,43.57,2.64
tomato,3045.0,Harda(F&V) APMC,13,106,51.78,50.01,1.76
tomato,3045.0,Harda(F&V) APMC,26,92,60.41,55.69,4.72
tomato,3050.0,Khandwa(F&V) APMC,1,161,24.2,22.41,1.79
tomato,3050.0,Khandwa(F&V) APMC,4,152,43.48,38.87,4.61
tomato,3050.0,Khandwa(F&V) APMC,13,129,56.41,48.12,8.29
tomato,3050.0,Khandwa(F&V) APMC,26,103,85.04,72.49,12.54
tomato,3054.0,Dewas(F&V) APMC,1,161,37.11,31.94,5.16
tomato,3054.0,Dewas(F&V) APMC,4,152,66.86,50.06,16.8
tomato,3054.0,Dewas(F&V) APMC,13,130,90.83,62.33,28.5
tomato,3054.0,Dewas(F&V) APMC,26,104,107.7,81.96,25.74
tomato,3059.0,Lashkar(F&V) APMC,1,163,40.41,34.26,6.14
tomato,3059.0,Lashkar(F&V) APMC,4,154,60.3,49.16,11.15
tomato,3059.0,Lashkar(F&V) APMC,13,132,73.08,50.65,22.43
tomato,3059.0,Lashkar(F&V) APMC,26,106,103.72,63.5,40.22
tomato,3067.0,Sagar(F&V) APMC,1,162,30.17,29.56,0.62
tomato,3067.0,Sagar(F&V) APMC,4,153,54.28,49.01,5.28
tomato,3067.0,Sagar(F&V) APMC,13,130,64.68,56.19,8.49
tomato,3067.0,Sagar(F&V) APMC,26,104,88.45,69.45,18.99
tomato,3071.0,Jabalpur(F&V) APMC,1,162,19.56,20.93,-1.38
tomato,3071.0,Jabalpur(F&V) APMC,4,153,32.83,34.16,-1.33
tomato,3071.0,Jabalpur(F&V) APMC,13,130,39.77,39.17,0.59
tomato,3071.0,Jabalpur(F&V) APMC,26,104,44.2,41.26,2.94
tomato,3075.0,Chhindwara(F&V) APMC,1,102,33.98,32.52,1.46
tomato,3075.0,Chhindwara(F&V) APMC,4,99,57.57,52.51,5.06
tomato,3075.0,Chhindwara(F&V) APMC,13,90,80.07,66.63,13.43
tomato,3075.0,Chhindwara(F&V) APMC,26,77,89.09,73.4,15.69
tomato,3080.0,Tusura APMC,1,172,27.83,29.64,-1.81
tomato,3080.0,Tusura APMC,4,166,35.95,40.4,-4.45
tomato,3080.0,Tusura APMC,13,148,37.1,42.31,-5.21
tomato,3080.0,Tusura APMC,26,122,44.22,47.47,-3.25
tomato,3084.0,Saraskana APMC,1,217,21.49,23.27,-1.78
tomato,3084.0,Saraskana APMC,4,211,32.49,38.38,-5.88
tomato,3084.0,Saraskana APMC,13,193,31.22,38.28,-7.06
tomato,3084.0,Saraskana APMC,26,183,40.61,43.0,-2.4
tomato,3086.0,Godbhaga APMC,1,184,24.27,26.58,-2.32
tomato,3086.0,Godbhaga APMC,4,174,33.24,36.73,-3.49
tomato,3086.0,Godbhaga APMC,13,163,36.82,39.79,-2.97
tomato,3086.0,Godbhaga APMC,26,158,48.33,43.66,4.67
tomato,3087.0,Sahidngar APMC,1,147,22.04,25.02,-2.98
tomato,3087.0,Sahidngar APMC,4,138,32.86,40.98,-8.12
tomato,3087.0,Sahidngar APMC,13,111,37.09,48.02,-10.93
tomato,3087.0,Sahidngar APMC,26,92,32.3,42.97,-10.67
tomato,3089.0,Sarankul APMC,1,196,23.19,22.91,0.28
tomato,3089.0,Sarankul APMC,4,184,31.47,31.85,-0.38
tomato,3089.0,Sarankul APMC,13,172,36.16,35.21,0.94
tomato,3089.0,Sarankul APMC,26,158,43.2,38.72,4.48
tomato,3092.0,Saharpada APMC,1,239,15.87,17.7,-1.83
tomato,3092.0,Saharpada APMC,4,236,25.27,29.01,-3.75
tomato,3092.0,Saharpada APMC,13,227,28.03,32.57,-4.55
tomato,3092.0,Saharpada APMC,26,214,30.25,33.73,-3.48
tomato,3093.0,Sohela APMC,1,154,25.59,26.44,-0.85
tomato,3093.0,Sohela APMC,4,142,32.52,33.15,-0.63
tomato,3093.0,Sohela APMC,13,120,44.0,45.09,-1.09
tomato,3093.0,Sohela APMC,26,121,44.15,40.66,3.5
tomato,3100.0,Sonamura APMC,1,240,20.7,21.08,-0.37
tomato,3100.0,Sonamura APMC,4,237,30.59,32.35,-1.76
tomato,3100.0,Sonamura APMC,13,228,29.78,30.97,-1.19
tomato,3100.0,Sonamura APMC,26,215,41.68,36.22,5.46
tomato,3105.0,Barpathari APMC,1,231,21.59,20.59,1.0
tomato,3105.0,Barpathari APMC,4,225,32.4,33.18,-0.78
tomato,3105.0,Barpathari APMC,13,214,30.21,33.23,-3.02
tomato,3105.0,Barpathari APMC,26,201,39.27,37.16,2.11
tomato,3117.0,Asansol APMC,1,240,20.84,22.12,-1.28
tomato,3117.0,Asansol APMC,4,237,33.01,35.75,-2.73
tomato,3117.0,Asansol APMC,13,228,33.55,35.76,-2.21
tomato,3117.0,Asansol APMC,26,215,46.36,40.45,5.9
tomato,3130.0,Junnar(Narayangaon) APMC,1,239,36.46,33.65,2.82
tomato,3130.0,Junnar(Narayangaon) APMC,4,236,53.73,45.63,8.1
tomato,3130.0,Junnar(Narayangaon) APMC,13,227,53.3,45.73,7.57
tomato,3130.0,Junnar(Narayangaon) APMC,26,214,60.83,50.45,10.38
tomato,3142.0,Kamthi APMC,1,240,33.79,29.97,3.82
tomato,3142.0,Kamthi APMC,4,237,53.61,44.87,8.74
tomato,3142.0,Kamthi APMC,13,228,66.45,50.63,15.82
tomato,3142.0,Kamthi APMC,26,215,85.33,55.52,29.81
tomato,3218.0,Tiphra APMC,1,227,27.68,26.66,1.02
tomato,3218.0,Tiphra APMC,4,221,38.98,38.25,0.72
tomato,3218.0,Tiphra APMC,13,206,40.72,39.92,0.8
tomato,3218.0,Tiphra APMC,26,193,60.89,45.82,15.06
tomato,3297.0,Khariar APMC,1,217,19.68,23.26,-3.59
tomato,3297.0,Khariar APMC,4,211,30.09,36.79,-6.69
tomato,3297.0,Khariar APMC,13,193,32.87,39.03,-6.15
tomato,3297.0,Khariar APMC,26,183,41.88,43.3,-1.42
tomato,3299.0,Chuliaposi APMC,1,166,23.84,25.96,-2.12
tomato,3299.0,Chuliaposi APMC,4,163,33.96,39.57,-5.61
tomato,3299.0,Chuliaposi APMC,13,154,31.77,38.32,-6.55
tomato,3299.0,Chuliaposi APMC,26,141,39.04,41.05,-2.01
tomato,3300.0,Gopa APMC,1,240,20.05,21.82,-1.77
tomato,3300.0,Gopa APMC,4,237,28.57,33.32,-4.75
tomato,3300.0,Gopa APMC,13,228,28.62,34.7,-6.08
tomato,3300.0,Gopa APMC,26,215,34.25,38.49,-4.23
tomato,3301.0,Pattamundai APMC,1,240,19.77,21.38,-1.61
tomato,3301.0,Pattamundai APMC,4,237,28.98,33.24,-4.27
tomato,3301.0,Pattamundai APMC,13,228,29.85,34.49,-4.64
tomato,3301.0,Pattamundai APMC,26,215,34.85,38.46,-3.61
tomato,3302.0,Chatta Krushak Bazar APMC,1,240,20.34,22.41,-2.06
tomato,3302.0,Chatta Krushak Bazar APMC,4,237,30.73,35.11,-4.38
tomato,3302.0,Chatta Krushak Bazar APMC,13,228,30.13,35.75,-5.62
tomato,3302.0,Chatta Krushak Bazar APMC,26,215,35.6,39.5,-3.9
tomato,3306.0,Nilagiri APMC,1,230,20.35,19.14,1.22
tomato,3306.0,Nilagiri APMC,4,224,27.98,25.48,2.49
tomato,3306.0,Nilagiri APMC,13,213,29.58,25.3,4.28
tomato,3306.0,Nilagiri APMC,26,200,36.13,30.47,5.66
tomato,3308.0,Hindol APMC,1,240,21.25,23.17,-1.92
tomato,3308.0,Hindol APMC,4,237,30.48,35.81,-5.33
tomato,3308.0,Hindol APMC,13,228,29.45,35.52,-6.07
tomato,3308.0,Hindol APMC,26,215,38.26,40.57,-2.31
tomato,3327.0,Mahabubnagar(Rythu Bazar) APMC,1,208,24.08,26.28,-2.21
tomato,3327.0,Mahabubnagar(Rythu Bazar) APMC,4,199,32.26,37.98,-5.72
tomato,3327.0,Mahabubnagar(Rythu Bazar) APMC,13,173,32.86,39.97,-7.11
tomato,3327.0,Mahabubnagar(Rythu Bazar) APMC,26,160,33.43,38.86,-5.43
tomato,3328.0,Siddipet(Rythu Bazar),1,14,22.04,21.7,0.34
tomato,3328.0,Siddipet(Rythu Bazar),4,11,27.16,28.65,-1.48
tomato,3332.0,Mehndipatnam(Rythu Bazar) APMC,1,204,25.24,26.25,-1.02
tomato,3332.0,Mehndipatnam(Rythu Bazar) APMC,4,199,33.0,36.31,-3.31
tomato,3332.0,Mehndipatnam(Rythu Bazar) APMC,13,190,35.77,40.63,-4.85
tomato,3332.0,Mehndipatnam(Rythu Bazar) APMC,26,177,37.06,39.29,-2.22
tomato,3339.0,Falakata APMC,1,226,25.73,24.46,1.27
tomato,3339.0,Falakata APMC,4,220,39.58,36.77,2.81
tomato,3339.0,Falakata APMC,13,204,37.63,34.3,3.33
tomato,3339.0,Falakata APMC,26,191,52.93,38.78,14.15
tomato,3341.0,Karsiyang(Matigara) APMC,1,240,18.55,22.62,-4.07
tomato,3341.0,Karsiyang(Matigara) APMC,4,237,29.44,35.82,-6.38
tomato,3341.0,Karsiyang(Matigara) APMC,13,228,32.58,38.52,-5.93
tomato,3341.0,Karsiyang(Matigara) APMC,26,215,34.93,39.11,-4.18
tomato,3344.0,Gangarampur(Dakshin Dinajpur) APMC,1,240,24.49,25.34,-0.84
tomato,3344.0,Gangarampur(Dakshin Dinajpur) APMC,4,237,35.53,38.21,-2.68
tomato,3344.0,Gangarampur(Dakshin Dinajpur) APMC,13,228,34.77,37.6,-2.83
tomato,3344.0,Gangarampur(Dakshin Dinajpur) APMC,26,215,42.33,39.99,2.34
tomato,3346.0,Diamond Harbour(South 24-pgs) APMC,1,240,23.59,25.42,-1.83
tomato,3346.0,Diamond Harbour(South 24-pgs) APMC,4,237,33.76,37.67,-3.91
tomato,3346.0,Diamond Harbour(South 24-pgs) APMC,13,228,36.48,38.63,-2.15
tomato,3346.0,Diamond Harbour(South 24-pgs) APMC,26,215,46.31,40.81,5.5
tomato,3347.0,Kalipur APMC,1,240,21.61,22.36,-0.74
tomato,3347.0,Kalipur APMC,4,237,34.02,36.6,-2.58
tomato,3347.0,Kalipur APMC,13,228,34.06,35.6,-1.54
tomato,3347.0,Kalipur APMC,26,215,44.06,39.23,4.82
tomato,3349.0,Ranaghat APMC,1,239,22.84,24.78,-1.93
tomato,3349.0,Ranaghat APMC,4,236,33.81,38.32,-4.51
tomato,3349.0,Ranaghat APMC,13,227,30.08,35.92,-5.84
tomato,3349.0,Ranaghat APMC,26,214,42.45,40.15,2.3
tomato,3350.0,Chakdah APMC,1,239,23.05,25.06,-2.01
tomato,3350.0,Chakdah APMC,4,236,34.17,38.6,-4.43
tomato,3350.0,Chakdah APMC,13,227,30.98,36.14,-5.15
tomato,3350.0,Chakdah APMC,26,214,44.76,41.08,3.68
tomato,3352.0,Garbeta(Medinipur) APMC,1,240,21.4,21.98,-0.58
tomato,3352.0,Garbeta(Medinipur) APMC,4,237,31.77,35.23,-3.46
tomato,3352.0,Garbeta(Medinipur) APMC,13,228,29.95,34.01,-4.07
tomato,3352.0,Garbeta(Medinipur) APMC,26,215,38.79,38.22,0.57
tomato,3354.0,Kasipur APMC,1,36,19.81,21.81,-2.0
tomato,3354.0,Kasipur APMC,4,33,28.3,31.3,-3.0
tomato,3354.0,Kasipur APMC,13,24,17.6,19.57,-1.97
tomato,3354.0,Kasipur APMC,26,11,52.75,50.62,2.13
tomato,3355.0,Sainthia APMC,1,240,23.73,24.74,-1.01
tomato,3355.0,Sainthia APMC,4,237,32.13,35.91,-3.78
tomato,3355.0,Sainthia APMC,13,228,29.89,33.98,-4.09
tomato,3355.0,Sainthia APMC,26,215,37.61,37.12,0.49
tomato,3374.0,Vankaner(Sub yard) APMC,1,154,27.22,30.94,-3.72
tomato,3374.0,Vankaner(Sub yard) APMC,4,148,40.24,47.77,-7.53
tomato,3374.0,Vankaner(Sub yard) APMC,13,130,45.2,53.12,-7.91
tomato,3374.0,Vankaner(Sub yard) APMC,26,114,42.28,51.82,-9.53
tomato,3393.0,Broadway market Market,1,137,17.89,19.69,-1.8
tomato,3393.0,Broadway market Market,4,134,30.31,33.17,-2.87
tomato,3393.0,Broadway market Market,13,125,27.04,29.31,-2.27
tomato,3393.0,Broadway market Market,26,112,26.48,30.38,-3.9
tomato,3394.0,North Paravur Market,1,138,17.97,19.26,-1.29
tomato,3394.0,North Paravur Market,4,135,30.69,32.97,-2.28
tomato,3394.0,North Paravur Market,13,126,29.08,30.85,-1.77
tomato,3394.0,North Paravur Market,26,113,27.41,30.54,-3.13
tomato,3445.0,APMC Azadpur,1,240,27.55,26.83,0.72
tomato,3445.0,APMC Azadpur,4,237,41.5,38.03,3.46
tomato,3445.0,APMC Azadpur,13,228,39.35,36.29,3.06
tomato,3445.0,APMC Azadpur,26,215,52.24,41.7,10.54
tomato,3449.0,Pune(Manjri) APMC,1,240,32.41,31.12,1.29
tomato,3449.0,Pune(Manjri) APMC,4,237,46.14,43.76,2.38
tomato,3449.0,Pune(Manjri) APMC,13,228,46.43,44.85,1.58
tomato,3449.0,Pune(Manjri) APMC,26,215,49.35,46.83,2.52
tomato,3450.0,Pune(Moshi) APMC,1,240,33.0,32.5,0.5
tomato,3450.0,Pune(Moshi) APMC,4,237,48.88,44.98,3.9
tomato,3450.0,Pune(Moshi) APMC,13,228,49.64,46.1,3.54
tomato,3450.0,Pune(Moshi) APMC,26,215,55.6,49.05,6.55
tomato,3452.0,Agriculture Produce Market Committee Hingna,1,191,32.24,32.18,0.06
tomato,3452.0,Agriculture Produce Market Committee Hingna,4,188,42.88,42.35,0.53
tomato,3452.0,Agriculture Produce Market Committee Hingna,13,179,46.96,46.88,0.08
tomato,3452.0,Agriculture Produce Market Committee Hingna,26,166,57.34,49.8,7.54
tomato,3517.0,PMY Kangni Mandi,1,38,28.26,27.29,0.98
tomato,3517.0,PMY Kangni Mandi,4,35,30.24,31.43,-1.19
tomato,3517.0,PMY Kangni Mandi,13,26,36.48,32.99,3.49
tomato,3517.0,PMY Kangni Mandi,26,13,46.19,43.66,2.53
tomato,3626.0,Dablirathan APMC,1,69,20.74,20.29,0.45
tomato,3626.0,Dablirathan APMC,4,66,25.88,26.53,-0.65
tomato,3626.0,Dablirathan APMC,13,57,36.12,31.46,4.65
tomato,3626.0,Dablirathan APMC,26,44,47.65,42.73,4.92
tomato,3673.0,Boxonagar,1,240,21.02,21.73,-0.72
tomato,3673.0,Boxonagar,4,237,30.94,33.42,-2.48
tomato,3673.0,Boxonagar,13,228,31.31,32.82,-1.51
tomato,3673.0,Boxonagar,26,215,39.67,36.2,3.48
tomato,3680.0,Kadamtala,1,240,20.02,19.55,0.47
tomato,3680.0,Kadamtala,4,237,29.12,30.06,-0.94
tomato,3680.0,Kadamtala,13,228,30.71,29.32,1.39
tomato,3680.0,Kadamtala,26,215,38.31,30.5,7.81
tomato,4055.0,Ariyalur(Uzhavar Sandhai),1,107,22.53,23.33,-0.8
tomato,4055.0,Ariyalur(Uzhavar Sandhai),4,104,34.33,36.88,-2.55
tomato,4055.0,Ariyalur(Uzhavar Sandhai),13,95,27.82,31.93,-4.11
tomato,4055.0,Ariyalur(Uzhavar Sandhai),26,82,35.67,37.53,-1.86
tomato,4056.0,Jeyankondam (Uzhavar Sandhai ),1,107,19.07,20.57,-1.51
tomato,4056.0,Jeyankondam (Uzhavar Sandhai ),4,104,32.16,35.1,-2.94
tomato,4056.0,Jeyankondam (Uzhavar Sandhai ),13,95,30.06,33.21,-3.15
tomato,4056.0,Jeyankondam (Uzhavar Sandhai ),26,82,36.33,37.42,-1.09
tomato,4057.0,RSPuram(Uzhavar Sandhai ),1,77,28.46,27.93,0.53
tomato,4057.0,RSPuram(Uzhavar Sandhai ),4,71,32.98,31.86,1.12
tomato,4057.0,RSPuram(Uzhavar Sandhai ),13,53,32.35,31.96,0.39
tomato,4057.0,RSPuram(Uzhavar Sandhai ),26,29,14.45,14.29,0.15
tomato,4058.0,Singanallur(Uzhavar Sandhai ),1,107,25.83,26.52,-0.69
tomato,4058.0,Singanallur(Uzhavar Sandhai ),4,104,30.31,31.78,-1.47
tomato,4058.0,Singanallur(Uzhavar Sandhai ),13,95,32.1,34.34,-2.23
tomato,4058.0,Singanallur(Uzhavar Sandhai ),26,82,31.95,33.6,-1.65
tomato,4059.0,Pollachi(Uzhavar Sandhai ),1,107,28.74,28.38,0.36
tomato,4059.0,Pollachi(Uzhavar Sandhai ),4,104,34.81,35.1,-0.29
tomato,4059.0,Pollachi(Uzhavar Sandhai ),13,95,36.22,37.32,-1.11
tomato,4059.0,Pollachi(Uzhavar Sandhai ),26,82,35.34,36.45,-1.11
tomato,4060.0,Mettupalayam(Uzhavar Sandhai ),1,107,25.23,25.76,-0.52
tomato,4060.0,Mettupalayam(Uzhavar Sandhai ),4,104,32.31,33.44,-1.13
tomato,4060.0,Mettupalayam(Uzhavar Sandhai ),13,95,32.23,34.46,-2.22
tomato,4060.0,Mettupalayam(Uzhavar Sandhai ),26,82,34.62,35.3,-0.67
tomato,4061.0,Kurichi(Uzhavar Sandhai ),1,90,26.84,26.29,0.55
tomato,4061.0,Kurichi(Uzhavar Sandhai ),4,84,27.97,27.89,0.08
tomato,4061.0,Kurichi(Uzhavar Sandhai ),13,66,27.95,27.64,0.32
tomato,4061.0,Kurichi(Uzhavar Sandhai ),26,54,18.41,20.5,-2.1
tomato,4062.0,Sulur(Uzhavar Sandhai ),1,107,25.01,25.24,-0.23
tomato,4062.0,Sulur(Uzhavar Sandhai ),4,104,29.34,30.32,-0.97
tomato,4062.0,Sulur(Uzhavar Sandhai ),13,95,32.15,33.86,-1.71
tomato,4062.0,Sulur(Uzhavar Sandhai ),26,82,30.23,31.9,-1.67
tomato,4063.0,Vadavalli(Uzhavar Sandhai ),1,107,26.72,26.76,-0.05
tomato,4063.0,Vadavalli(Uzhavar Sandhai ),4,104,31.42,32.18,-0.76
tomato,4063.0,Vadavalli(Uzhavar Sandhai ),13,95,34.68,36.35,-1.67
tomato,4063.0,Vadavalli(Uzhavar Sandhai ),26,82,32.62,33.63,-1.01
tomato,4064.0,Sundarapuram(Uzhavar Sandhai ),1,80,26.17,25.72,0.45
tomato,4064.0,Sundarapuram(Uzhavar Sandhai ),4,74,29.64,29.55,0.09
tomato,4064.0,Sundarapuram(Uzhavar Sandhai ),13,56,26.76,26.47,0.29
tomato,4064.0,Sundarapuram(Uzhavar Sandhai ),26,34,16.02,17.56,-1.54
tomato,4065.0,Cuddalore(Uzhavar Sandhai ),1,107,23.01,24.04,-1.03
tomato,4065.0,Cuddalore(Uzhavar Sandhai ),4,104,30.41,32.22,-1.81
tomato,4065.0,Cuddalore(Uzhavar Sandhai ),13,95,31.97,33.67,-1.71
tomato,4065.0,Cuddalore(Uzhavar Sandhai ),26,82,35.51,36.12,-0.61
tomato,4066.0,Chidambaram(Uzhavar Sandhai ),1,96,22.0,21.57,0.43
tomato,4066.0,Chidambaram(Uzhavar Sandhai ),4,90,31.25,32.35,-1.11
tomato,4066.0,Chidambaram(Uzhavar Sandhai ),13,77,26.49,28.08,-1.59
tomato,4066.0,Chidambaram(Uzhavar Sandhai ),26,64,31.73,32.75,-1.02
tomato,4067.0,Viruthachalam(Uzhavar Sandhai ),1,107,22.71,24.44,-1.73
tomato,4067.0,Viruthachalam(Uzhavar Sandhai ),4,104,30.14,33.18,-3.04
tomato,4067.0,Viruthachalam(Uzhavar Sandhai ),13,95,30.45,33.33,-2.88
tomato,4067.0,Viruthachalam(Uzhavar Sandhai ),26,82,33.03,35.0,-1.97
tomato,4068.0,Panruti(Uzhavar Sandhai ),1,107,21.24,21.87,-0.63
tomato,4068.0,Panruti(Uzhavar Sandhai ),4,104,30.01,30.94,-0.93
tomato,4068.0,Panruti(Uzhavar Sandhai ),13,95,31.09,32.23,-1.14
tomato,4068.0,Panruti(Uzhavar Sandhai ),26,82,31.64,32.6,-0.96
tomato,4069.0,Vadalur(Uzhavar Sandhai ),1,26,25.62,25.41,0.2
tomato,4069.0,Vadalur(Uzhavar Sandhai ),4,23,41.04,40.64,0.41
tomato,4069.0,Vadalur(Uzhavar Sandhai ),13,14,49.82,47.69,2.13
tomato,4070.0,Dharmapuri(Uzhavar Sandhai ),1,107,30.27,30.04,0.24
tomato,4070.0,Dharmapuri(Uzhavar Sandhai ),4,104,39.92,36.82,3.1
tomato,4070.0,Dharmapuri(Uzhavar Sandhai ),13,95,41.31,39.55,1.76
tomato,4070.0,Dharmapuri(Uzhavar Sandhai ),26,82,47.56,43.74,3.82
tomato,4071.0,Pennagaram(Uzhavar Sandhai ),1,107,30.37,29.25,1.11
tomato,4071.0,Pennagaram(Uzhavar Sandhai ),4,104,41.12,37.05,4.07
tomato,4071.0,Pennagaram(Uzhavar Sandhai ),13,95,40.47,38.7,1.76
tomato,4071.0,Pennagaram(Uzhavar Sandhai ),26,82,44.78,41.22,3.56
tomato,4072.0,Palacode(Uzhavar Sandhai ),1,85,29.78,29.75,0.02
tomato,4072.0,Palacode(Uzhavar Sandhai ),4,76,40.91,35.76,5.15
tomato,4072.0,Palacode(Uzhavar Sandhai ),13,65,46.96,41.38,5.58
tomato,4072.0,Palacode(Uzhavar Sandhai ),26,47,40.92,35.96,4.96
tomato,4073.0,Harur(Uzhavar Sandhai ),1,107,23.97,25.38,-1.4
tomato,4073.0,Harur(Uzhavar Sandhai ),4,104,34.47,33.22,1.25
tomato,4073.0,Harur(Uzhavar Sandhai ),13,95,37.3,36.7,0.6
tomato,4073.0,Harur(Uzhavar Sandhai ),26,82,41.53,37.77,3.76
tomato,4074.0,AJattihalli(Uzhavar Sandhai ),1,97,28.1,27.15,0.95
tomato,4074.0,AJattihalli(Uzhavar Sandhai ),4,91,37.41,33.26,4.14
tomato,4074.0,AJattihalli(Uzhavar Sandhai ),13,79,40.51,37.32,3.19
tomato,4074.0,AJattihalli(Uzhavar Sandhai ),26,66,46.54,40.69,5.86
tomato,4075.0,Dindigul(Uzhavar Sandhai ),1,107,22.63,23.25,-0.63
tomato,4075.0,Dindigul(Uzhavar Sandhai ),4,104,30.89,32.01,-1.13
tomato,4075.0,Dindigul(Uzhavar Sandhai ),13,95,30.91,33.51,-2.6
tomato,4075.0,Dindigul(Uzhavar Sandhai ),26,82,34.23,35.63,-1.39
tomato,4076.0,Palani(Uzhavar Sandhai ),1,107,29.27,28.53,0.74
tomato,4076.0,Palani(Uzhavar Sandhai ),4,104,35.57,33.13,2.44
tomato,4076.0,Palani(Uzhavar Sandhai ),13,95,34.65,34.33,0.31
tomato,4076.0,Palani(Uzhavar Sandhai ),26,82,39.11,35.55,3.56
tomato,4077.0,Chinnalapatti(Uzhavar Sandhai ),1,107,24.34,25.2,-0.86
tomato,4077.0,Chinnalapatti(Uzhavar Sandhai ),4,104,31.58,32.84,-1.26
tomato,4077.0,Chinnalapatti(Uzhavar Sandhai ),13,95,31.31,34.49,-3.18
tomato,4077.0,Chinnalapatti(Uzhavar Sandhai ),26,82,34.3,36.2,-1.9
tomato,4080.0,Vedasanthur(Uzhavar Sandhai ),1,107,27.64,27.37,0.27
tomato,4080.0,Vedasanthur(Uzhavar Sandhai ),4,104,37.74,35.82,1.92
tomato,4080.0,Vedasanthur(Uzhavar Sandhai ),13,95,37.15,37.01,0.14
tomato,4080.0,Vedasanthur(Uzhavar Sandhai ),26,82,41.95,38.37,3.58
tomato,4081.0,Sampath Nagar(Uzhavar Sandhai ),1,81,26.05,26.92,-0.87
tomato,4081.0,Sampath Nagar(Uzhavar Sandhai ),4,75,34.07,34.48,-0.41
tomato,4081.0,Sampath Nagar(Uzhavar Sandhai ),13,57,36.45,36.28,0.16
tomato,4081.0,Sampath Nagar(Uzhavar Sandhai ),26,34,30.81,26.79,4.02
tomato,4082.0,Gobichettipalayam(Uzhavar Sandhai ),1,107,24.3,25.73,-1.43
tomato,4082.0,Gobichettipalayam(Uzhavar Sandhai ),4,104,32.29,33.62,-1.34
tomato,4082.0,Gobichettipalayam(Uzhavar Sandhai ),13,95,31.86,34.58,-2.72
tomato,4082.0,Gobichettipalayam(Uzhavar Sandhai ),26,82,35.66,35.44,0.22
tomato,4083.0,Sathiyamagalam(Uzhavar Sandhai ),1,78,25.26,25.42,-0.16
tomato,4083.0,Sathiyamagalam(Uzhavar Sandhai ),4,71,33.98,33.72,0.26
tomato,4083.0,Sathiyamagalam(Uzhavar Sandhai ),13,56,33.92,33.46,0.45
tomato,4083.0,Sathiyamagalam(Uzhavar Sandhai ),26,35,17.78,18.04,-0.26
tomato,4084.0,Periyar Nagar(Uzhavar Sandhai ),1,107,26.04,26.75,-0.71
tomato,4084.0,Periyar Nagar(Uzhavar Sandhai ),4,104,32.13,32.82,-0.7
tomato,4084.0,Periyar Nagar(Uzhavar Sandhai ),13,95,31.98,33.67,-1.68
tomato,4084.0,Periyar Nagar(Uzhavar Sandhai ),26,82,36.69,34.92,1.77
tomato,4085.0,Perundurai(Uzhavar Sandhai ),1,107,23.49,24.13,-0.65
tomato,4085.0,Perundurai(Uzhavar Sandhai ),4,104,32.53,33.12,-0.59
tomato,4085.0,Perundurai(Uzhavar Sandhai ),13,95,32.06,33.99,-1.94
tomato,4085.0,Perundurai(Uzhavar Sandhai ),26,82,36.41,35.68,0.73
tomato,4086.0,Thalavadi(Uzhavar Sandhai ),1,77,31.92,30.59,1.33
tomato,4086.0,Thalavadi(Uzhavar Sandhai ),4,71,37.2,33.33,3.88
tomato,4086.0,Thalavadi(Uzhavar Sandhai ),13,53,43.19,38.19,5.01
tomato,4086.0,Thalavadi(Uzhavar Sandhai ),26,29,29.36,24.61,4.76
tomato,4087.0,Kancheepuram(Uzhavar Sandhai ),1,107,26.54,26.69,-0.15
tomato,4087.0,Kancheepuram(Uzhavar Sandhai ),4,104,28.28,29.22,-0.93
tomato,4087.0,Kancheepuram(Uzhavar Sandhai ),13,95,31.07,31.53,-0.46
tomato,4087.0,Kancheepuram(Uzhavar Sandhai ),26,82,32.52,32.83,-0.31
tomato,4088.0,Padappai(Uzhavar Sandhai ),1,107,24.72,26.63,-1.92
tomato,4088.0,Padappai(Uzhavar Sandhai ),4,104,33.08,35.08,-2.0
tomato,4088.0,Padappai(Uzhavar Sandhai ),13,95,33.28,34.54,-1.26
tomato,4088.0,Padappai(Uzhavar Sandhai ),26,82,36.23,35.64,0.58
tomato,4089.0,Sunguvarchatram(Uzhavar Sandhai ),1,107,21.79,24.87,-3.07
tomato,4089.0,Sunguvarchatram(Uzhavar Sandhai ),4,104,31.0,34.79,-3.79
tomato,4089.0,Sunguvarchatram(Uzhavar Sandhai ),13,95,30.03,32.55,-2.51
tomato,4089.0,Sunguvarchatram(Uzhavar Sandhai ),26,82,35.6,37.06,-1.46
tomato,4090.0,Kundrathur(Uzhavar Sandhai ),1,107,21.98,23.82,-1.84
tomato,4090.0,Kundrathur(Uzhavar Sandhai ),4,104,30.08,32.51,-2.43
tomato,4090.0,Kundrathur(Uzhavar Sandhai ),13,95,27.99,30.28,-2.29
tomato,4090.0,Kundrathur(Uzhavar Sandhai ),26,82,36.64,37.56,-0.93
tomato,4091.0,Karur(Uzhavar Sandhai ),1,107,23.57,24.26,-0.69
tomato,4091.0,Karur(Uzhavar Sandhai ),4,104,31.96,32.95,-0.99
tomato,4091.0,Karur(Uzhavar Sandhai ),13,95,30.41,32.79,-2.38
tomato,4091.0,Karur(Uzhavar Sandhai ),26,82,35.55,36.05,-0.5
tomato,4092.0,Kulithalai(Uzhavar Sandhai ),1,107,22.79,23.51,-0.72
tomato,4092.0,Kulithalai(Uzhavar Sandhai ),4,104,29.35,30.95,-1.59
tomato,4092.0,Kulithalai(Uzhavar Sandhai ),13,95,28.47,31.51,-3.04
tomato,4092.0,Kulithalai(Uzhavar Sandhai ),26,82,32.81,33.89,-1.08
tomato,4093.0,Velayuthampalayam(Uzhavar Sandhai ),1,83,23.12,23.67,-0.55
tomato,4093.0,Velayuthampalayam(Uzhavar Sandhai ),4,77,33.59,34.16,-0.58
tomato,4093.0,Velayuthampalayam(Uzhavar Sandhai ),13,59,31.16,32.33,-1.17
tomato,4093.0,Velayuthampalayam(Uzhavar Sandhai ),26,40,27.16,25.21,1.94
tomato,4094.0,Pallapatti (Uzhavar Sandhai ),1,107,22.47,23.21,-0.75
tomato,4094.0,Pallapatti (Uzhavar Sandhai ),4,104,31.31,32.1,-0.78
tomato,4094.0,Pallapatti (Uzhavar Sandhai ),13,95,29.29,31.94,-2.65
tomato,4094.0,Pallapatti (Uzhavar Sandhai ),26,82,35.04,36.2,-1.16
tomato,4095.0,Vengamedu(Uzhavar Sandhai ),1,25,26.08,25.32,0.76
tomato,4095.0,Vengamedu(Uzhavar Sandhai ),4,22,42.58,41.05,1.54
tomato,4095.0,Vengamedu(Uzhavar Sandhai ),13,13,53.87,48.63,5.24
tomato,4096.0,Hosur(Uzhavar Sandhai ),1,107,29.64,29.69,-0.06
tomato,4096.0,Hosur(Uzhavar Sandhai ),4,104,33.94,33.24,0.7
tomato,4096.0,Hosur(Uzhavar Sandhai ),13,95,37.12,36.3,0.81
tomato,4096.0,Hosur(Uzhavar Sandhai ),26,82,40.84,38.45,2.39
tomato,4097.0,Krishnagiri(Uzhavar Sandhai ),1,107,29.91,30.26,-0.36
tomato,4097.0,Krishnagiri(Uzhavar Sandhai ),4,104,38.94,34.8,4.14
tomato,4097.0,Krishnagiri(Uzhavar Sandhai ),13,95,43.83,38.8,5.02
tomato,4097.0,Krishnagiri(Uzhavar Sandhai ),26,82,53.57,43.91,9.66
tomato,4098.0,Kaveripattinam(Uzhavar Sandhai ),1,93,20.48,21.14,-0.66
tomato,4098.0,Kaveripattinam(Uzhavar Sandhai ),4,87,31.74,33.9,-2.16
tomato,4098.0,Kaveripattinam(Uzhavar Sandhai ),13,71,29.98,32.32,-2.34
tomato,4098.0,Kaveripattinam(Uzhavar Sandhai ),26,58,32.05,32.92,-0.87
tomato,4099.0,Denkanikottai(Uzhavar Sandhai ),1,107,27.5,27.15,0.35
tomato,4099.0,Denkanikottai(Uzhavar Sandhai ),4,104,32.89,31.92,0.97
tomato,4099.0,Denkanikottai(Uzhavar Sandhai ),13,95,36.94,36.36,0.58
tomato,4099.0,Denkanikottai(Uzhavar Sandhai ),26,82,39.17,36.98,2.19
tomato,4100.0,Avallapalli(Uzhavar Sandhai ),1,107,28.78,28.31,0.48
tomato,4100.0,Avallapalli(Uzhavar Sandhai ),4,104,34.04,32.76,1.28
tomato,4100.0,Avallapalli(Uzhavar Sandhai ),13,95,36.85,36.15,0.7
tomato,4100.0,Avallapalli(Uzhavar Sandhai ),26,82,41.21,38.95,2.26
tomato,4102.0,Chokkikulam(Uzhavar Sandhai ),1,107,24.42,24.99,-0.57
tomato,4102.0,Chokkikulam(Uzhavar Sandhai ),4,104,30.69,32.83,-2.14
tomato,4102.0,Chokkikulam(Uzhavar Sandhai ),13,95,30.89,32.81,-1.92
tomato,4102.0,Chokkikulam(Uzhavar Sandhai ),26,82,35.7,36.37,-0.67
tomato,4103.0,Palanganatham(Uzhavar Sandhai ),1,107,23.43,24.54,-1.11
tomato,4103.0,Palanganatham(Uzhavar Sandhai ),4,104,29.14,31.69,-2.54
tomato,4103.0,Palanganatham(Uzhavar Sandhai ),13,95,28.22,30.85,-2.63
tomato,4103.0,Palanganatham(Uzhavar Sandhai ),26,82,31.0,31.92,-0.93
tomato,4104.0,Usilampatti(Uzhavar Sandhai ),1,38,25.13,26.55,-1.42
tomato,4104.0,Usilampatti(Uzhavar Sandhai ),4,35,38.7,40.68,-1.98
tomato,4104.0,Usilampatti(Uzhavar Sandhai ),13,26,34.46,37.5,-3.04
tomato,4104.0,Usilampatti(Uzhavar Sandhai ),26,13,58.8,56.46,2.34
tomato,4105.0,Thirumangalam(Uzhavar Sandhai ),1,107,24.48,25.18,-0.71
tomato,4105.0,Thirumangalam(Uzhavar Sandhai ),4,104,32.06,33.81,-1.75
tomato,4105.0,Thirumangalam(Uzhavar Sandhai ),13,95,29.29,32.23,-2.95
tomato,4105.0,Thirumangalam(Uzhavar Sandhai ),26,82,34.6,36.06,-1.46
tomato,4106.0,Melur(Uzhavar Sandhai ),1,107,23.26,24.42,-1.17
tomato,4106.0,Melur(Uzhavar Sandhai ),4,104,31.77,33.64,-1.87
tomato,4106.0,Melur(Uzhavar Sandhai ),13,95,29.64,32.51,-2.87
tomato,4106.0,Melur(Uzhavar Sandhai ),26,82,35.31,36.69,-1.38
tomato,4107.0,Anaiyur(Uzhavar Sandhai ),1,107,23.3,24.52,-1.22
tomato,4107.0,Anaiyur(Uzhavar Sandhai ),4,104,31.65,33.5,-1.85
tomato,4107.0,Anaiyur(Uzhavar Sandhai ),13,95,29.43,32.39,-2.96
tomato,4107.0,Anaiyur(Uzhavar Sandhai ),26,82,34.73,36.47,-1.74
tomato,4108.0,Mayiladuthurai(Uzhavar Sandhai ),1,107,20.72,21.75,-1.03
tomato,4108.0,Mayiladuthurai(Uzhavar Sandhai ),4,104,31.32,33.86,-2.54
tomato,4108.0,Mayiladuthurai(Uzhavar Sandhai ),13,95,29.7,32.62,-2.92
tomato,4108.0,Mayiladuthurai(Uzhavar Sandhai ),26,82,34.03,35.39,-1.35
tomato,4109.0,Nagapattinam(Uzhavar Sandhai ),1,107,22.45,22.45,0.0
tomato,4109.0,Nagapattinam(Uzhavar Sandhai ),4,104,25.0,27.89,-2.89
tomato,4109.0,Nagapattinam(Uzhavar Sandhai ),13,95,25.82,28.71,-2.89
tomato,4109.0,Nagapattinam(Uzhavar Sandhai ),26,82,28.05,30.78,-2.73
tomato,4110.0,Sirkali(Uzhavar Sandhai ),1,107,21.47,23.1,-1.62
tomato,4110.0,Sirkali(Uzhavar Sandhai ),4,104,29.04,31.85,-2.81
tomato,4110.0,Sirkali(Uzhavar Sandhai ),13,95,28.5,30.99,-2.48
tomato,4110.0,Sirkali(Uzhavar Sandhai ),26,82,31.92,34.37,-2.45
tomato,4113.0,Rasipuram(Uzhavar Sandhai ),1,107,25.69,26.35,-0.66
tomato,4113.0,Rasipuram(Uzhavar Sandhai ),4,104,35.28,35.75,-0.48
tomato,4113.0,Rasipuram(Uzhavar Sandhai ),13,95,36.55,38.37,-1.82
tomato,4113.0,Rasipuram(Uzhavar Sandhai ),26,82,36.63,37.07,-0.44
tomato,4114.0,Kumarapalayam(Uzhavar Sandhai ),1,107,23.71,24.6,-0.89
tomato,4114.0,Kumarapalayam(Uzhavar Sandhai ),4,104,33.05,34.04,-0.99
tomato,4114.0,Kumarapalayam(Uzhavar Sandhai ),13,95,32.58,35.2,-2.62
tomato,4114.0,Kumarapalayam(Uzhavar Sandhai ),26,82,36.17,36.6,-0.43
tomato,4115.0,Paramathivelur(Uzhavar Sandhai ),1,107,21.6,22.74,-1.14
tomato,4115.0,Paramathivelur(Uzhavar Sandhai ),4,104,30.06,32.37,-2.31
tomato,4115.0,Paramathivelur(Uzhavar Sandhai ),13,95,28.5,31.94,-3.43
tomato,4115.0,Paramathivelur(Uzhavar Sandhai ),26,82,31.14,32.92,-1.78
tomato,4116.0,Mohanur(Uzhavar Sandhai ),1,107,21.3,22.59,-1.29
tomato,4116.0,Mohanur(Uzhavar Sandhai ),4,104,28.02,30.59,-2.57
tomato,4116.0,Mohanur(Uzhavar Sandhai ),13,95,26.61,29.77,-3.16
tomato,4116.0,Mohanur(Uzhavar Sandhai ),26,82,33.13,35.05,-1.92
tomato,4117.0,Udhagamandalam(Uzhavar Sandhai ),1,107,23.0,23.78,-0.78
tomato,4117.0,Udhagamandalam(Uzhavar Sandhai ),4,104,27.81,30.06,-2.25
tomato,4117.0,Udhagamandalam(Uzhavar Sandhai ),13,95,29.18,31.66,-2.49
tomato,4117.0,Udhagamandalam(Uzhavar Sandhai ),26,82,29.67,32.12,-2.45
tomato,4118.0,Coonoor(Uzhavar Sandhai ),1,107,23.34,23.94,-0.6
tomato,4118.0,Coonoor(Uzhavar Sandhai ),4,104,30.25,32.04,-1.79
tomato,4118.0,Coonoor(Uzhavar Sandhai ),13,95,31.73,34.18,-2.45
tomato,4118.0,Coonoor(Uzhavar Sandhai ),26,82,29.7,32.46,-2.76
tomato,4120.0,Gudalur(Uzhavar Sandhai ),1,107,23.69,24.28,-0.59
tomato,4120.0,Gudalur(Uzhavar Sandhai ),4,104,26.97,29.2,-2.24
tomato,4120.0,Gudalur(Uzhavar Sandhai ),13,95,29.14,31.79,-2.64
tomato,4120.0,Gudalur(Uzhavar Sandhai ),26,82,27.6,30.97,-3.37
tomato,4121.0,Perambalur(Uzhavar Sandhai ),1,88,19.67,21.73,-2.05
tomato,4121.0,Perambalur(Uzhavar Sandhai ),4,82,31.75,36.56,-4.81
tomato,4121.0,Perambalur(Uzhavar Sandhai ),13,64,27.38,31.76,-4.38
tomato,4121.0,Perambalur(Uzhavar Sandhai ),26,48,26.14,29.18,-3.05
tomato,4123.0,Pudukottai(Uzhavar Sandhai ),1,107,21.49,22.87,-1.37
tomato,4123.0,Pudukottai(Uzhavar Sandhai ),4,104,30.04,32.85,-2.82
tomato,4123.0,Pudukottai(Uzhavar Sandhai ),13,95,29.17,31.48,-2.3
tomato,4123.0,Pudukottai(Uzhavar Sandhai ),26,82,30.59,32.28,-1.69
tomato,4124.0,Aranthangi(Uzhavar Sandhai ),1,107,18.94,20.98,-2.04
tomato,4124.0,Aranthangi(Uzhavar Sandhai ),4,104,30.56,33.71,-3.14
tomato,4124.0,Aranthangi(Uzhavar Sandhai ),13,95,28.13,31.05,-2.92
tomato,4124.0,Aranthangi(Uzhavar Sandhai ),26,82,32.88,34.6,-1.72
tomato,4125.0,Alangudi(Uzhavar Sandhai ),1,98,20.33,21.95,-1.62
tomato,4125.0,Alangudi(Uzhavar Sandhai ),4,92,31.34,34.17,-2.83
tomato,4125.0,Alangudi(Uzhavar Sandhai ),13,81,27.04,29.54,-2.5
tomato,4125.0,Alangudi(Uzhavar Sandhai ),26,68,33.34,35.36,-2.02
tomato,4126.0,Gandarvakottai(Uzhavar Sandhai ),1,107,22.39,23.99,-1.6
tomato,4126.0,Gandarvakottai(Uzhavar Sandhai ),4,104,29.61,31.97,-2.35
tomato,4126.0,Gandarvakottai(Uzhavar Sandhai ),13,95,29.66,32.28,-2.62
tomato,4126.0,Gandarvakottai(Uzhavar Sandhai ),26,82,32.07,34.33,-2.26
tomato,4127.0,Karambakkudi(Uzhavar Sandhai ),1,107,19.63,21.58,-1.95
tomato,4127.0,Karambakkudi(Uzhavar Sandhai ),4,104,30.34,33.64,-3.3
tomato,4127.0,Karambakkudi(Uzhavar Sandhai ),13,95,28.33,31.12,-2.78
tomato,4127.0,Karambakkudi(Uzhavar Sandhai ),26,82,33.71,35.64,-1.93
tomato,4128.0,Viralimalai(Uzhavar Sandhai ),1,107,20.93,22.14,-1.22
tomato,4128.0,Viralimalai(Uzhavar Sandhai ),4,104,29.39,31.7,-2.32
tomato,4128.0,Viralimalai(Uzhavar Sandhai ),13,95,29.68,31.8,-2.12
tomato,4128.0,Viralimalai(Uzhavar Sandhai ),26,82,30.75,32.71,-1.96
tomato,4129.0,Ramanathapuram(Uzhavar Sandhai ),1,107,20.36,21.82,-1.46
tomato,4129.0,Ramanathapuram(Uzhavar Sandhai ),4,104,30.91,34.1,-3.19
tomato,4129.0,Ramanathapuram(Uzhavar Sandhai ),13,95,30.57,34.03,-3.46
tomato,4129.0,Ramanathapuram(Uzhavar Sandhai ),26,82,31.56,35.29,-3.73
tomato,4130.0,Paramakudi(Uzhavar Sandhai ),1,96,20.84,22.56,-1.73
tomato,4130.0,Paramakudi(Uzhavar Sandhai ),4,90,30.39,34.39,-4.0
tomato,4130.0,Paramakudi(Uzhavar Sandhai ),13,77,27.8,30.79,-2.99
tomato,4130.0,Paramakudi(Uzhavar Sandhai ),26,64,30.98,34.78,-3.79
tomato,4131.0,Kamuthi(Uzhavar Sandhai ),1,51,20.46,23.21,-2.76
tomato,4131.0,Kamuthi(Uzhavar Sandhai ),4,46,27.16,31.55,-4.39
tomato,4131.0,Kamuthi(Uzhavar Sandhai ),13,37,33.08,37.2,-4.13
tomato,4131.0,Kamuthi(Uzhavar Sandhai ),26,28,34.02,38.37,-4.35
tomato,4132.0,Sooramangalam(Uzhavar Sandhai ),1,107,25.18,26.52,-1.34
tomato,4132.0,Sooramangalam(Uzhavar Sandhai ),4,104,34.56,35.39,-0.83
tomato,4132.0,Sooramangalam(Uzhavar Sandhai ),13,95,34.18,34.9,-0.72
tomato,4132.0,Sooramangalam(Uzhavar Sandhai ),26,82,40.67,38.03,2.64
tomato,4133.0,Ammapet(Uzhavar Sandhai ),1,107,27.09,28.34,-1.25
tomato,4133.0,Ammapet(Uzhavar Sandhai ),4,104,33.27,33.77,-0.5
tomato,4133.0,Ammapet(Uzhavar Sandhai ),13,95,36.03,36.85,-0.82
tomato,4133.0,Ammapet(Uzhavar Sandhai ),26,82,40.01,38.08,1.93
tomato,4134.0,Athur(Uzhavar Sandhai ),1,91,25.01,25.58,-0.57
tomato,4134.0,Athur(Uzhavar Sandhai ),4,85,35.94,34.88,1.06
tomato,4134.0,Athur(Uzhavar Sandhai ),13,67,39.97,38.64,1.34
tomato,4134.0,Athur(Uzhavar Sandhai ),26,54,44.71,43.38,1.34
tomato,4135.0,Thathakapatti(Uzhavar Sandhai ),1,107,24.91,25.46,-0.55
tomato,4135.0,Thathakapatti(Uzhavar Sandhai ),4,104,33.51,33.56,-0.05
tomato,4135.0,Thathakapatti(Uzhavar Sandhai ),13,95,33.07,33.39,-0.33
tomato,4135.0,Thathakapatti(Uzhavar Sandhai ),26,82,38.75,35.74,3.01
tomato,4136.0,Mettur(Uzhavar Sandhai ),1,97,27.97,27.36,0.61
tomato,4136.0,Mettur(Uzhavar Sandhai ),4,91,36.78,33.59,3.19
tomato,4136.0,Mettur(Uzhavar Sandhai ),13,79,35.02,33.03,1.99
tomato,4136.0,Mettur(Uzhavar Sandhai ),26,66,42.96,36.87,6.09
tomato,4137.0,Attayampatti(Uzhavar Sandhai ),1,107,24.64,25.23,-0.58
tomato,4137.0,Attayampatti(Uzhavar Sandhai ),4,104,34.24,34.49,-0.25
tomato,4137.0,Attayampatti(Uzhavar Sandhai ),13,95,33.53,35.11,-1.58
tomato,4137.0,Attayampatti(Uzhavar Sandhai ),26,82,38.77,37.42,1.36
tomato,4138.0,Hasthampatti(Uzhavar Sandhai ),1,107,25.07,25.96,-0.89
tomato,4138.0,Hasthampatti(Uzhavar Sandhai ),4,104,34.76,35.08,-0.32
tomato,4138.0,Hasthampatti(Uzhavar Sandhai ),13,95,33.62,34.59,-0.97
tomato,4138.0,Hasthampatti(Uzhavar Sandhai ),26,82,40.38,38.03,2.35
tomato,4139.0,Elampillai(Uzhavar Sandhai ),1,107,24.69,25.31,-0.62
tomato,4139.0,Elampillai(Uzhavar Sandhai ),4,104,33.36,33.65,-0.3
tomato,4139.0,Elampillai(Uzhavar Sandhai ),13,95,33.05,34.16,-1.12
tomato,4139.0,Elampillai(Uzhavar Sandhai ),26,82,38.03,36.03,2.0
tomato,4140.0,Thammampatti (Uzhavar Sandhai ),1,90,26.18,26.66,-0.48
tomato,4140.0,Thammampatti (Uzhavar Sandhai ),4,84,37.06,35.33,1.73
tomato,4140.0,Thammampatti (Uzhavar Sandhai ),13,66,39.24,38.1,1.14
tomato,4140.0,Thammampatti (Uzhavar Sandhai ),26,52,42.77,38.54,4.23
tomato,4141.0,Jalagandapuram(Uzhavar Sandhai ),1,86,26.1,26.36,-0.26
tomato,4141.0,Jalagandapuram(Uzhavar Sandhai ),4,80,35.5,34.13,1.37
tomato,4141.0,Jalagandapuram(Uzhavar Sandhai ),13,62,37.24,36.37,0.87
tomato,4141.0,Jalagandapuram(Uzhavar Sandhai ),26,46,31.55,27.88,3.67
tomato,4142.0,Edapadi (Uzhavar Sandhai ),1,94,24.07,25.13,-1.06
tomato,4142.0,Edapadi (Uzhavar Sandhai ),4,88,32.68,33.81,-1.13
tomato,4142.0,Edapadi (Uzhavar Sandhai ),13,73,33.82,35.06,-1.24
tomato,4142.0,Edapadi (Uzhavar Sandhai ),26,60,30.8,28.3,2.5
tomato,4143.0,Sivagangai (Uzhavar Sandhai ),1,107,23.28,24.79,-1.51
tomato,4143.0,Sivagangai (Uzhavar Sandhai ),4,104,30.04,32.78,-2.74
tomato,4143.0,Sivagangai (Uzhavar Sandhai ),13,95,28.38,31.44,-3.06
tomato,4143.0,Sivagangai (Uzhavar Sandhai ),26,82,34.24,36.73,-2.49
tomato,4144.0,Devakottai (Uzhavar Sandhai ),1,107,20.74,22.62,-1.88
tomato,4144.0,Devakottai (Uzhavar Sandhai ),4,104,28.43,31.56,-3.13
tomato,4144.0,Devakottai (Uzhavar Sandhai ),13,95,28.71,31.42,-2.7
tomato,4144.0,Devakottai (Uzhavar Sandhai ),26,82,32.01,34.87,-2.85
tomato,4145.0,Karaikudi(Uzhavar Sandhai ),1,107,21.13,22.87,-1.74
tomato,4145.0,Karaikudi(Uzhavar Sandhai ),4,104,28.43,31.69,-3.26
tomato,4145.0,Karaikudi(Uzhavar Sandhai ),13,95,28.5,31.49,-2.99
tomato,4145.0,Karaikudi(Uzhavar Sandhai ),26,82,30.91,33.86,-2.95
tomato,4146.0,Tirupatthur(Uzhavar Sandhai ),1,96,20.8,22.25,-1.45
tomato,4146.0,Tirupatthur(Uzhavar Sandhai ),4,90,27.93,31.42,-3.5
tomato,4146.0,Tirupatthur(Uzhavar Sandhai ),13,77,26.52,29.33,-2.81
tomato,4146.0,Tirupatthur(Uzhavar Sandhai ),26,64,31.87,34.18,-2.31
tomato,4147.0,Singampunari(Uzhavar Sandhai ),1,85,23.05,23.98,-0.93
tomato,4147.0,Singampunari(Uzhavar Sandhai ),4,79,29.27,32.36,-3.08
tomato,4147.0,Singampunari(Uzhavar Sandhai ),13,61,28.64,31.49,-2.84
tomato,4147.0,Singampunari(Uzhavar Sandhai ),26,42,25.11,28.69,-3.58
tomato,4148.0,Thanjavur(Uzhavar Sandhai ),1,107,22.98,24.49,-1.51
tomato,4148.0,Thanjavur(Uzhavar Sandhai ),4,104,28.45,31.54,-3.09
tomato,4148.0,Thanjavur(Uzhavar Sandhai ),13,95,28.6,31.38,-2.77
tomato,4148.0,Thanjavur(Uzhavar Sandhai ),26,82,32.08,34.43,-2.35
tomato,4149.0,Kumbakonam (Uzhavar Sandhai ),1,107,20.23,22.09,-1.86
tomato,4149.0,Kumbakonam (Uzhavar Sandhai ),4,104,28.69,31.77,-3.09
tomato,4149.0,Kumbakonam (Uzhavar Sandhai ),13,95,28.12,30.75,-2.63
tomato,4149.0,Kumbakonam (Uzhavar Sandhai ),26,82,31.83,34.27,-2.43
tomato,4150.0,Pattukottai(Uzhavar Sandhai ),1,107,19.69,21.93,-2.25
tomato,4150.0,Pattukottai(Uzhavar Sandhai ),4,104,26.93,30.65,-3.71
tomato,4150.0,Pattukottai(Uzhavar Sandhai ),13,95,29.16,31.95,-2.79
tomato,4150.0,Pattukottai(Uzhavar Sandhai ),26,82,29.48,33.06,-3.58
tomato,4151.0,Tirukattupalli(Uzhavar Sandhai ),1,26,24.57,24.85,-0.28
tomato,4151.0,Tirukattupalli(Uzhavar Sandhai ),4,23,37.37,37.98,-0.61
tomato,4151.0,Tirukattupalli(Uzhavar Sandhai ),13,14,45.21,43.96,1.25
tomato,4152.0,Papanasam(Uzhavar Sandhai ),1,107,19.82,21.69,-1.87
tomato,4152.0,Papanasam(Uzhavar Sandhai ),4,104,28.02,31.16,-3.14
tomato,4152.0,Papanasam(Uzhavar Sandhai ),13,95,27.42,30.31,-2.89
tomato,4152.0,Papanasam(Uzhavar Sandhai ),26,82,31.05,33.66,-2.61
tomato,4153.0,Theni(Uzhavar Sandhai ),1,83,26.35,24.9,1.44
tomato,4153.0,Theni(Uzhavar Sandhai ),4,77,34.15,33.58,0.57
tomato,4153.0,Theni(Uzhavar Sandhai ),13,59,36.74,37.74,-1.01
tomato,4153.0,Theni(Uzhavar Sandhai ),26,40,24.64,21.86,2.77
tomato,4154.0,Kambam(Uzhavar Sandhai ),1,84,26.08,25.41,0.67
tomato,4154.0,Kambam(Uzhavar Sandhai ),4,78,31.1,31.44,-0.34
tomato,4154.0,Kambam(Uzhavar Sandhai ),13,60,34.61,36.82,-2.21
tomato,4154.0,Kambam(Uzhavar Sandhai ),26,40,26.04,25.57,0.47
tomato,4155.0,Bodinayakanur(Uzhavar Sandhai ),1,107,22.81,23.09,-0.27
tomato,4155.0,Bodinayakanur(Uzhavar Sandhai ),4,104,29.73,30.95,-1.22
tomato,4155.0,Bodinayakanur(Uzhavar Sandhai ),13,95,29.93,33.42,-3.49
tomato,4155.0,Bodinayakanur(Uzhavar Sandhai ),26,82,28.94,31.74,-2.8
tomato,4156.0,Periyakulam(Uzhavar Sandhai ),1,90,24.95,23.69,1.26
tomato,4156.0,Periyakulam(Uzhavar Sandhai ),4,84,32.86,32.4,0.46
tomato,4156.0,Periyakulam(Uzhavar Sandhai ),13,66,34.56,36.57,-2.0
tomato,4156.0,Periyakulam(Uzhavar Sandhai ),26,52,30.4,31.34,-0.93
tomato,4157.0,Devaram(Uzhavar Sandhai ),1,107,25.26,25.29,-0.03
tomato,4157.0,Devaram(Uzhavar Sandhai ),4,104,28.82,29.81,-1.0
tomato,4157.0,Devaram(Uzhavar Sandhai ),13,95,30.09,33.38,-3.29
tomato,4157.0,Devaram(Uzhavar Sandhai ),26,82,30.55,33.57,-3.02
tomato,4158.0,Andipatti(Uzhavar Sandhai ),1,107,25.06,24.65,0.41
tomato,4158.0,Andipatti(Uzhavar Sandhai ),4,104,32.19,32.5,-0.31
tomato,4158.0,Andipatti(Uzhavar Sandhai ),13,95,32.65,35.29,-2.63
tomato,4158.0,Andipatti(Uzhavar Sandhai ),26,82,33.02,35.04,-2.02
tomato,4159.0,Chinnamanur(Uzhavar Sandhai ),1,84,26.25,24.63,1.61
tomato,4159.0,Chinnamanur(Uzhavar Sandhai ),4,78,33.44,32.5,0.94
tomato,4159.0,Chinnamanur(Uzhavar Sandhai ),13,60,35.87,37.15,-1.28
tomato,4159.0,Chinnamanur(Uzhavar Sandhai ),26,40,28.67,28.34,0.33
tomato,4160.0,Palayamkottai(Uzhavar Sandhai ),1,107,21.06,22.31,-1.25
tomato,4160.0,Palayamkottai(Uzhavar Sandhai ),4,104,28.56,31.9,-3.33
tomato,4160.0,Palayamkottai(Uzhavar Sandhai ),13,95,32.24,34.68,-2.45
tomato,4160.0,Palayamkottai(Uzhavar Sandhai ),26,82,28.61,32.58,-3.98
tomato,4161.0,Kandiyaperi(Uzhavar Sandhai ),1,82,21.65,22.3,-0.66
tomato,4161.0,Kandiyaperi(Uzhavar Sandhai ),4,76,30.2,33.34,-3.14
tomato,4161.0,Kandiyaperi(Uzhavar Sandhai ),13,58,29.37,31.58,-2.22
tomato,4161.0,Kandiyaperi(Uzhavar Sandhai ),26,38,21.87,23.98,-2.11
tomato,4162.0,Melapalayam(Uzhavar Sandhai ),1,81,21.53,22.56,-1.03
tomato,4162.0,Melapalayam(Uzhavar Sandhai ),4,75,29.9,33.79,-3.88
tomato,4162.0,Melapalayam(Uzhavar Sandhai ),13,57,31.45,34.32,-2.88
tomato,4162.0,Melapalayam(Uzhavar Sandhai ),26,34,22.84,23.43,-0.59
tomato,4163.0,Ambasamudram(Uzhavar Sandhai ),1,89,21.63,22.51,-0.88
tomato,4163.0,Ambasamudram(Uzhavar Sandhai ),4,83,29.63,31.5,-1.87
tomato,4163.0,Ambasamudram(Uzhavar Sandhai ),13,65,33.46,34.31,-0.85
tomato,4163.0,Ambasamudram(Uzhavar Sandhai ),26,50,17.17,17.48,-0.31
tomato,4164.0,NGO Colony(Uzhavar Sandhai ),1,107,19.64,20.29,-0.65
tomato,4164.0,NGO Colony(Uzhavar Sandhai ),4,104,25.55,27.82,-2.27
tomato,4164.0,NGO Colony(Uzhavar Sandhai ),13,95,27.98,29.45,-1.47
tomato,4164.0,NGO Colony(Uzhavar Sandhai ),26,82,30.24,31.82,-1.58
tomato,4165.0,Tiruthani(Uzhavar Sandhai ),1,26,23.15,23.8,-0.64
tomato,4165.0,Tiruthani(Uzhavar Sandhai ),4,23,35.27,37.56,-2.29
tomato,4165.0,Tiruthani(Uzhavar Sandhai ),13,14,37.87,40.62,-2.75
tomato,4166.0,Tiruvallur(Uzhavar Sandhai ),1,107,17.01,19.39,-2.38
tomato,4166.0,Tiruvallur(Uzhavar Sandhai ),4,104,27.82,31.36,-3.54
tomato,4166.0,Tiruvallur(Uzhavar Sandhai ),13,95,26.66,29.2,-2.54
tomato,4166.0,Tiruvallur(Uzhavar Sandhai ),26,82,30.0,33.12,-3.12
tomato,4167.0,Ambattur(Uzhavar Sandhai ),1,107,19.36,21.61,-2.24
tomato,4167.0,Ambattur(Uzhavar Sandhai ),4,104,27.3,30.79,-3.49
tomato,4167.0,Ambattur(Uzhavar Sandhai ),13,95,28.53,31.49,-2.96
tomato,4167.0,Ambattur(Uzhavar Sandhai ),26,82,28.45,32.55,-4.1
tomato,4168.0,Paruthipattu(Uzhavar Sandhai ),1,107,18.67,21.26,-2.59
tomato,4168.0,Paruthipattu(Uzhavar Sandhai ),4,104,27.6,32.01,-4.41
tomato,4168.0,Paruthipattu(Uzhavar Sandhai ),13,95,28.09,31.35,-3.26
tomato,4168.0,Paruthipattu(Uzhavar Sandhai ),26,82,30.58,33.89,-3.31
tomato,4169.0,Naravarikuppam(Uzhavar Sandhai ),1,107,18.91,21.03,-2.12
tomato,4169.0,Naravarikuppam(Uzhavar Sandhai ),4,104,27.14,30.79,-3.65
tomato,4169.0,Naravarikuppam(Uzhavar Sandhai ),13,95,27.95,30.79,-2.84
tomato,4169.0,Naravarikuppam(Uzhavar Sandhai ),26,82,30.19,33.12,-2.93
tomato,4170.0,Perambakkam(Uzhavar Sandhai ),1,107,21.82,23.82,-1.99
tomato,4170.0,Perambakkam(Uzhavar Sandhai ),4,104,26.52,29.55,-3.03
tomato,4170.0,Perambakkam(Uzhavar Sandhai ),13,95,29.58,32.75,-3.17
tomato,4170.0,Perambakkam(Uzhavar Sandhai ),26,82,30.14,33.87,-3.74
tomato,4172.0,Mannargudi I(Uzhavar Sandhai ),1,107,22.02,23.29,-1.26
tomato,4172.0,Mannargudi I(Uzhavar Sandhai ),4,104,30.59,33.4,-2.81
tomato,4172.0,Mannargudi I(Uzhavar Sandhai ),13,95,29.3,31.77,-2.48
tomato,4172.0,Mannargudi I(Uzhavar Sandhai ),26,82,33.77,34.88,-1.1
tomato,4173.0,Tiruvarur(Uzhavar Sandhai ),1,107,19.82,21.07,-1.25
tomato,4173.0,Tiruvarur(Uzhavar Sandhai ),4,104,26.89,29.62,-2.73
tomato,4173.0,Tiruvarur(Uzhavar Sandhai ),13,95,28.7,30.28,-1.57
tomato,4173.0,Tiruvarur(Uzhavar Sandhai ),26,82,30.07,31.81,-1.73
tomato,4174.0,Needamangalam(Uzhavar Sandhai ),1,107,23.05,24.09,-1.04
tomato,4174.0,Needamangalam(Uzhavar Sandhai ),4,104,32.48,34.15,-1.68
tomato,4174.0,Needamangalam(Uzhavar Sandhai ),13,95,31.23,33.28,-2.06
tomato,4174.0,Needamangalam(Uzhavar Sandhai ),26,82,36.15,35.78,0.37
tomato,4175.0,Muthupettai(Uzhavar Sandhai ),1,107,22.1,22.91,-0.81
tomato,4175.0,Muthupettai(Uzhavar Sandhai ),4,104,31.33,33.24,-1.92
tomato,4175.0,Muthupettai(Uzhavar Sandhai ),13,95,31.1,32.54,-1.45
tomato,4175.0,Muthupettai(Uzhavar Sandhai ),26,82,34.55,34.9,-0.35
tomato,4176.0,Mannargudi II(Uzhavar Sandhai ),1,107,21.99,23.22,-1.23
tomato,4176.0,Mannargudi II(Uzhavar Sandhai ),4,104,30.67,33.42,-2.75
tomato,4176.0,Mannargudi II(Uzhavar Sandhai ),13,95,29.48,32.02,-2.54
tomato,4176.0,Mannargudi II(Uzhavar Sandhai ),26,82,33.68,34.6,-0.92
tomato,4178.0,Tuticorin(Uzhavar Sandhai ),1,107,21.49,22.77,-1.28
tomato,4178.0,Tuticorin(Uzhavar Sandhai ),4,104,28.97,31.65,-2.68
tomato,4178.0,Tuticorin(Uzhavar Sandhai ),13,95,27.75,31.66,-3.91
tomato,4178.0,Tuticorin(Uzhavar Sandhai ),26,82,31.84,34.21,-2.37
tomato,4179.0,Kovilpatti(Uzhavar Sandhai ),1,77,25.22,25.14,0.09
tomato,4179.0,Kovilpatti(Uzhavar Sandhai ),4,71,27.88,30.33,-2.45
tomato,4179.0,Kovilpatti(Uzhavar Sandhai ),13,53,26.56,29.27,-2.7
tomato,4179.0,Kovilpatti(Uzhavar Sandhai ),26,29,15.9,16.41,-0.51
tomato,4180.0,Tiruvannamalai(Uzhavar Sandhai ),1,107,26.06,27.62,-1.56
tomato,4180.0,Tiruvannamalai(Uzhavar Sandhai ),4,104,33.93,34.86,-0.92
tomato,4180.0,Tiruvannamalai(Uzhavar Sandhai ),13,95,35.45,35.27,0.18
tomato,4180.0,Tiruvannamalai(Uzhavar Sandhai ),26,82,40.94,38.3,2.65
tomato,4181.0,Polur(Uzhavar Sandhai ),1,107,23.08,23.71,-0.63
tomato,4181.0,Polur(Uzhavar Sandhai ),4,104,35.26,35.85,-0.59
tomato,4181.0,Polur(Uzhavar Sandhai ),13,95,34.3,34.9,-0.6
tomato,4181.0,Polur(Uzhavar Sandhai ),26,82,41.68,38.28,3.4
tomato,4182.0,Arani(Uzhavar Sandhai ),1,107,25.4,26.14,-0.74
tomato,4182.0,Arani(Uzhavar Sandhai ),4,104,36.52,37.06,-0.55
tomato,4182.0,Arani(Uzhavar Sandhai ),13,95,34.59,34.83,-0.24
tomato,4182.0,Arani(Uzhavar Sandhai ),26,82,42.18,38.29,3.9
tomato,4183.0,Cheyyar(Uzhavar Sandhai ),1,77,23.11,24.85,-1.74
tomato,4183.0,Cheyyar(Uzhavar Sandhai ),4,71,35.57,37.68,-2.11
tomato,4183.0,Cheyyar(Uzhavar Sandhai ),13,53,33.94,34.97,-1.03
tomato,4183.0,Cheyyar(Uzhavar Sandhai ),26,29,27.24,21.88,5.36
tomato,4184.0,Chengam(Uzhavar Sandhai ),1,107,26.78,27.18,-0.41
tomato,4184.0,Chengam(Uzhavar Sandhai ),4,104,36.72,35.63,1.09
tomato,4184.0,Chengam(Uzhavar Sandhai ),13,95,36.92,36.99,-0.07
tomato,4184.0,Chengam(Uzhavar Sandhai ),26,82,41.02,37.77,3.25
tomato,4186.0,Keelpennathur(Uzhavar Sandhai ),1,107,20.77,22.27,-1.5
tomato,4186.0,Keelpennathur(Uzhavar Sandhai ),4,104,30.61,33.39,-2.79
tomato,4186.0,Keelpennathur(Uzhavar Sandhai ),13,95,29.45,31.78,-2.32
tomato,4186.0,Keelpennathur(Uzhavar Sandhai ),26,82,35.35,37.24,-1.89
tomato,4187.0,Tamarainagar(Uzhavar Sandhai ),1,107,26.67,27.84,-1.17
tomato,4187.0,Tamarainagar(Uzhavar Sandhai ),4,104,33.74,35.4,-1.66
tomato,4187.0,Tamarainagar(Uzhavar Sandhai ),13,95,34.4,35.78,-1.37
tomato,4187.0,Tamarainagar(Uzhavar Sandhai ),26,82,40.11,38.7,1.41
tomato,4188.0,Anna nagar(Uzhavar Sandhai ),1,107,21.17,23.33,-2.16
tomato,4188.0,Anna nagar(Uzhavar Sandhai ),4,104,29.07,32.63,-3.57
tomato,4188.0,Anna nagar(Uzhavar Sandhai ),13,95,28.24,31.46,-3.22
tomato,4188.0,Anna nagar(Uzhavar Sandhai ),26,82,32.73,35.44,-2.7
tomato,4191.0,Manapparai(Uzhavar Sandhai ),1,77,22.43,23.81,-1.38
tomato,4191.0,Manapparai(Uzhavar Sandhai ),4,71,30.84,34.18,-3.34
tomato,4191.0,Manapparai(Uzhavar Sandhai ),13,53,28.19,30.56,-2.37
tomato,4191.0,Manapparai(Uzhavar Sandhai ),26,29,19.17,18.26,0.91
tomato,4192.0,Musiri(Uzhavar Sandhai ),1,107,21.43,23.18,-1.75
tomato,4192.0,Musiri(Uzhavar Sandhai ),4,104,28.46,30.93,-2.47
tomato,4192.0,Musiri(Uzhavar Sandhai ),13,95,27.74,30.41,-2.68
tomato,4192.0,Musiri(Uzhavar Sandhai ),26,82,32.23,34.38,-2.15
tomato,4193.0,Thiruverumbur(Uzhavar Sandhai ),1,26,22.16,23.25,-1.09
tomato,4193.0,Thiruverumbur(Uzhavar Sandhai ),4,23,34.49,36.24,-1.75
tomato,4193.0,Thiruverumbur(Uzhavar Sandhai ),13,14,40.46,41.65,-1.19
tomato,4194.0,Lalgudi(Uzhavar Sandhai ),1,107,21.25,23.08,-1.83
tomato,4194.0,Lalgudi(Uzhavar Sandhai ),4,104,27.93,31.38,-3.45
tomato,4194.0,Lalgudi(Uzhavar Sandhai ),13,95,27.53,30.7,-3.16
tomato,4194.0,Lalgudi(Uzhavar Sandhai ),26,82,31.33,34.21,-2.87
tomato,4195.0,Manachanallur(Uzhavar Sandhai ),1,107,22.38,23.76,-1.38
tomato,4195.0,Manachanallur(Uzhavar Sandhai ),4,104,28.55,31.63,-3.08
tomato,4195.0,Manachanallur(Uzhavar Sandhai ),13,95,27.5,30.87,-3.37
tomato,4195.0,Manachanallur(Uzhavar Sandhai ),26,82,32.7,35.52,-2.82
tomato,4197.0,Katpadi (Uzhavar Sandhai ),1,93,25.15,25.6,-0.45
tomato,4197.0,Katpadi (Uzhavar Sandhai ),4,87,28.7,30.04,-1.34
tomato,4197.0,Katpadi (Uzhavar Sandhai ),13,71,32.76,33.17,-0.41
tomato,4197.0,Katpadi (Uzhavar Sandhai ),26,58,29.89,29.03,0.86
tomato,4198.0,Gudiyatham(Uzhavar Sandhai ),1,107,22.02,23.79,-1.76
tomato,4198.0,Gudiyatham(Uzhavar Sandhai ),4,104,27.08,26.8,0.28
tomato,4198.0,Gudiyatham(Uzhavar Sandhai ),13,95,34.63,34.01,0.62
tomato,4198.0,Gudiyatham(Uzhavar Sandhai ),26,82,33.04,31.29,1.76
tomato,4199.0,Kahithapattarai(Uzhavar Sandhai ),1,98,25.78,27.27,-1.49
tomato,4199.0,Kahithapattarai(Uzhavar Sandhai ),4,92,28.34,29.16,-0.82
tomato,4199.0,Kahithapattarai(Uzhavar Sandhai ),13,81,34.15,33.89,0.27
tomato,4199.0,Kahithapattarai(Uzhavar Sandhai ),26,68,27.18,26.37,0.81
tomato,4201.0,Villupuram(Uzhavar Sandhai ),1,26,23.12,24.34,-1.22
tomato,4201.0,Villupuram(Uzhavar Sandhai ),4,23,40.23,39.65,0.58
tomato,4201.0,Villupuram(Uzhavar Sandhai ),13,14,47.89,45.37,2.52
tomato,4202.0,Gingee(Uzhavar Sandhai ),1,107,26.37,26.77,-0.4
tomato,4202.0,Gingee(Uzhavar Sandhai ),4,104,30.71,31.71,-1.0
tomato,4202.0,Gingee(Uzhavar Sandhai ),13,95,30.76,31.57,-0.81
tomato,4202.0,Gingee(Uzhavar Sandhai ),26,82,39.43,37.69,1.74
tomato,4203.0,Aruppukottai(Uzhavar Sandhai ),1,107,22.36,22.84,-0.48
tomato,4203.0,Aruppukottai(Uzhavar Sandhai ),4,104,29.78,31.05,-1.27
tomato,4203.0,Aruppukottai(Uzhavar Sandhai ),13,95,29.43,31.95,-2.52
tomato,4203.0,Aruppukottai(Uzhavar Sandhai ),26,82,32.62,33.18,-0.56
tomato,4204.0,Rajapalayam(Uzhavar Sandhai ),1,107,22.6,23.44,-0.84
tomato,4204.0,Rajapalayam(Uzhavar Sandhai ),4,104,29.96,31.43,-1.47
tomato,4204.0,Rajapalayam(Uzhavar Sandhai ),13,95,32.18,33.82,-1.64
tomato,4204.0,Rajapalayam(Uzhavar Sandhai ),26,82,33.54,33.57,-0.03
tomato,4205.0,Srivilliputhur(Uzhavar Sandhai ),1,107,24.29,24.68,-0.39
tomato,4205.0,Srivilliputhur(Uzhavar Sandhai ),4,104,32.14,32.78,-0.64
tomato,4205.0,Srivilliputhur(Uzhavar Sandhai ),13,95,29.69,32.11,-2.42
tomato,4205.0,Srivilliputhur(Uzhavar Sandhai ),26,82,33.84,34.21,-0.38
tomato,4206.0,Virudhunagar(Uzhavar Sandhai ),1,107,20.0,21.2,-1.2
tomato,4206.0,Virudhunagar(Uzhavar Sandhai ),4,104,27.97,30.13,-2.16
tomato,4206.0,Virudhunagar(Uzhavar Sandhai ),13,95,30.07,32.26,-2.19
tomato,4206.0,Virudhunagar(Uzhavar Sandhai ),26,82,28.67,30.72,-2.06
tomato,4207.0,Sivakasi(Uzhavar Sandhai ),1,107,22.83,23.27,-0.44
tomato,4207.0,Sivakasi(Uzhavar Sandhai ),4,104,29.18,30.24,-1.06
tomato,4207.0,Sivakasi(Uzhavar Sandhai ),13,95,31.53,33.19,-1.65
tomato,4207.0,Sivakasi(Uzhavar Sandhai ),26,82,29.93,31.16,-1.23
tomato,4208.0,Sathur(Uzhavar Sandhai ),1,107,20.63,21.46,-0.83
tomato,4208.0,Sathur(Uzhavar Sandhai ),4,104,29.89,31.77,-1.88
tomato,4208.0,Sathur(Uzhavar Sandhai ),13,95,27.76,30.6,-2.84
tomato,4208.0,Sathur(Uzhavar Sandhai ),26,82,28.3,30.19,-1.89
tomato,4209.0,Kariyapatti(Uzhavar Sandhai ),1,107,23.61,23.87,-0.26
tomato,4209.0,Kariyapatti(Uzhavar Sandhai ),4,104,29.19,30.7,-1.51
tomato,4209.0,Kariyapatti(Uzhavar Sandhai ),13,95,29.17,31.92,-2.74
tomato,4209.0,Kariyapatti(Uzhavar Sandhai ),26,82,30.87,32.3,-1.43
tomato,4210.0,Thalavaipuram(Uzhavar Sandhai ),1,107,22.11,23.12,-1.02
tomato,4210.0,Thalavaipuram(Uzhavar Sandhai ),4,104,29.62,31.34,-1.72
tomato,4210.0,Thalavaipuram(Uzhavar Sandhai ),13,95,31.58,33.23,-1.65
tomato,4210.0,Thalavaipuram(Uzhavar Sandhai ),26,82,32.59,32.91,-0.31
tomato,4212.0,Myladi(Uzhavar Sandhai ),1,107,20.68,21.95,-1.28
tomato,4212.0,Myladi(Uzhavar Sandhai ),4,104,32.36,34.82,-2.46
tomato,4212.0,Myladi(Uzhavar Sandhai ),13,95,31.31,34.37,-3.06
tomato,4212.0,Myladi(Uzhavar Sandhai ),26,82,33.95,36.7,-2.74
tomato,4213.0,Pallavaram(Uzhavar Sandhai ),1,107,19.66,21.45,-1.79
tomato,4213.0,Pallavaram(Uzhavar Sandhai ),4,104,26.57,29.42,-2.85
tomato,4213.0,Pallavaram(Uzhavar Sandhai ),13,95,27.19,29.11,-1.92
tomato,4213.0,Pallavaram(Uzhavar Sandhai ),26,82,28.93,29.82,-0.88
tomato,4214.0,Chengalpet(Uzhavar Sandhai ),1,107,17.42,19.35,-1.94
tomato,4214.0,Chengalpet(Uzhavar Sandhai ),4,104,29.98,32.81,-2.83
tomato,4214.0,Chengalpet(Uzhavar Sandhai ),13,95,30.89,32.04,-1.15
tomato,4214.0,Chengalpet(Uzhavar Sandhai ),26,82,32.09,32.41,-0.32
tomato,4215.0,Medavakkam(Uzhavar Sandhai ),1,107,20.32,21.92,-1.6
tomato,4215.0,Medavakkam(Uzhavar Sandhai ),4,104,26.99,30.59,-3.6
tomato,4215.0,Medavakkam(Uzhavar Sandhai ),13,95,25.76,28.45,-2.69
tomato,4215.0,Medavakkam(Uzhavar Sandhai ),26,82,31.24,32.74,-1.5
tomato,4216.0,Nanganallur(Uzhavar Sandhai ),1,95,20.45,22.05,-1.61
tomato,4216.0,Nanganallur(Uzhavar Sandhai ),4,89,32.04,35.79,-3.75
tomato,4216.0,Nanganallur(Uzhavar Sandhai ),13,75,26.97,29.54,-2.57
tomato,4216.0,Nanganallur(Uzhavar Sandhai ),26,62,36.75,38.6,-1.85
tomato,4217.0,Madhuranthagam(Uzhavar Sandhai ),1,107,17.24,18.61,-1.37
tomato,4217.0,Madhuranthagam(Uzhavar Sandhai ),4,104,28.4,30.78,-2.38
tomato,4217.0,Madhuranthagam(Uzhavar Sandhai ),13,95,30.51,30.89,-0.38
tomato,4217.0,Madhuranthagam(Uzhavar Sandhai ),26,82,28.3,28.88,-0.57
tomato,4219.0,Jameenrayapettai(Uzhavar Sandhai ),1,107,22.48,24.11,-1.63
tomato,4219.0,Jameenrayapettai(Uzhavar Sandhai ),4,104,29.21,31.38,-2.18
tomato,4219.0,Jameenrayapettai(Uzhavar Sandhai ),13,95,27.73,29.51,-1.78
tomato,4219.0,Jameenrayapettai(Uzhavar Sandhai ),26,82,31.72,32.42,-0.7
tomato,4220.0,Guduvancheri(Uzhavar Sandhai ),1,107,22.59,24.3,-1.71
tomato,4220.0,Guduvancheri(Uzhavar Sandhai ),4,104,29.43,31.35,-1.92
tomato,4220.0,Guduvancheri(Uzhavar Sandhai ),13,95,29.3,30.96,-1.66
tomato,4220.0,Guduvancheri(Uzhavar Sandhai ),26,82,35.18,35.71,-0.53
tomato,4221.0,Thirukalukundram(Uzhavar Sandhai ),1,107,20.4,21.68,-1.29
tomato,4221.0,Thirukalukundram(Uzhavar Sandhai ),4,104,33.98,35.68,-1.7
tomato,4221.0,Thirukalukundram(Uzhavar Sandhai ),13,95,32.3,34.16,-1.86
tomato,4221.0,Thirukalukundram(Uzhavar Sandhai ),26,82,36.53,36.99,-0.46
tomato,4222.0,Kallakurichi(Uzhavar Sandhai ),1,107,22.58,24.3,-1.71
tomato,4222.0,Kallakurichi(Uzhavar Sandhai ),4,104,30.16,32.86,-2.7
tomato,4222.0,Kallakurichi(Uzhavar Sandhai ),13,95,31.47,33.59,-2.13
tomato,4222.0,Kallakurichi(Uzhavar Sandhai ),26,82,34.04,35.65,-1.61
tomato,4224.0,Sankarapuram(Uzhavar Sandhai ),1,107,22.08,23.59,-1.51
tomato,4224.0,Sankarapuram(Uzhavar Sandhai ),4,104,28.68,31.56,-2.88
tomato,4224.0,Sankarapuram(Uzhavar Sandhai ),13,95,31.37,33.58,-2.21
tomato,4224.0,Sankarapuram(Uzhavar Sandhai ),26,82,31.38,33.79,-2.41
tomato,4225.0,Ranipettai(Uzhavar Sandhai ),1,77,23.77,25.04,-1.27
tomato,4225.0,Ranipettai(Uzhavar Sandhai ),4,71,34.86,35.61,-0.75
tomato,4225.0,Ranipettai(Uzhavar Sandhai ),13,53,39.3,37.88,1.42
tomato,4225.0,Ranipettai(Uzhavar Sandhai ),26,29,27.07,23.36,3.71
tomato,4226.0,Arcot(Uzhavar Sandhai ),1,107,21.54,22.31,-0.76
tomato,4226.0,Arcot(Uzhavar Sandhai ),4,104,31.05,31.52,-0.47
tomato,4226.0,Arcot(Uzhavar Sandhai ),13,95,32.25,31.84,0.41
tomato,4226.0,Arcot(Uzhavar Sandhai ),26,82,37.95,34.98,2.97
tomato,4227.0,Sankarankoil(Uzhavar Sandhai ),1,97,23.76,23.55,0.21
tomato,4227.0,Sankarankoil(Uzhavar Sandhai ),4,91,31.26,32.75,-1.49
tomato,4227.0,Sankarankoil(Uzhavar Sandhai ),13,79,28.34,30.83,-2.5
tomato,4227.0,Sankarankoil(Uzhavar Sandhai ),26,66,30.72,33.98,-3.26
tomato,4228.0,Tenkasi(Uzhavar Sandhai ),1,81,25.28,23.24,2.04
tomato,4228.0,Tenkasi(Uzhavar Sandhai ),4,75,33.07,33.22,-0.15
tomato,4228.0,Tenkasi(Uzhavar Sandhai ),13,57,34.35,35.12,-0.77
tomato,4228.0,Tenkasi(Uzhavar Sandhai ),26,34,24.23,23.25,0.99
tomato,4229.0,Vaniyampadi(Uzhavar Sandhai ),1,107,24.89,25.39,-0.5
tomato,4229.0,Vaniyampadi(Uzhavar Sandhai ),4,104,36.71,36.66,0.05
tomato,4229.0,Vaniyampadi(Uzhavar Sandhai ),13,95,38.62,39.0,-0.39
tomato,4229.0,Vaniyampadi(Uzhavar Sandhai ),26,82,43.9,41.42,2.48
tomato,4231.0,Natrampalli(Uzhavar Sandhai ),1,107,27.49,27.14,0.35
tomato,4231.0,Natrampalli(Uzhavar Sandhai ),4,104,36.79,33.16,3.63
tomato,4231.0,Natrampalli(Uzhavar Sandhai ),13,95,41.22,38.09,3.13
tomato,4231.0,Natrampalli(Uzhavar Sandhai ),26,82,47.72,41.32,6.41
tomato,4232.0,Palladam(Uzhavar Sandhai ),1,96,25.98,26.15,-0.17
tomato,4232.0,Palladam(Uzhavar Sandhai ),4,90,29.42,30.74,-1.32
tomato,4232.0,Palladam(Uzhavar Sandhai ),13,77,28.78,30.66,-1.88
tomato,4232.0,Palladam(Uzhavar Sandhai ),26,64,35.07,33.6,1.46
tomato,4234.0,Tiruppur (North) (Uzhavar Sandhai ),1,107,24.1,25.24,-1.14
tomato,4234.0,Tiruppur (North) (Uzhavar Sandhai ),4,104,28.42,30.1,-1.68
tomato,4234.0,Tiruppur (North) (Uzhavar Sandhai ),13,95,28.71,30.73,-2.02
tomato,4234.0,Tiruppur (North) (Uzhavar Sandhai ),26,82,31.49,31.71,-0.22
tomato,4235.0,Tiruppur (South) (Uzhavar Sandhai ),1,86,29.38,30.22,-0.84
tomato,4235.0,Tiruppur (South) (Uzhavar Sandhai ),4,80,31.7,30.48,1.22
tomato,4235.0,Tiruppur (South) (Uzhavar Sandhai ),13,62,35.46,35.18,0.28
tomato,4235.0,Tiruppur (South) (Uzhavar Sandhai ),26,46,26.7,25.97,0.72
tomato,4236.0,Dharapuram(Uzhavar Sandhai ),1,97,27.49,27.24,0.25
tomato,4236.0,Dharapuram(Uzhavar Sandhai ),4,91,36.55,35.71,0.84
tomato,4236.0,Dharapuram(Uzhavar Sandhai ),13,79,33.85,33.14,0.7
tomato,4236.0,Dharapuram(Uzhavar Sandhai ),26,66,33.35,31.4,1.95
tomato,4237.0,Kangayam(Uzhavar Sandhai ),1,107,27.89,28.33,-0.44
tomato,4237.0,Kangayam(Uzhavar Sandhai ),4,104,34.24,33.71,0.53
tomato,4237.0,Kangayam(Uzhavar Sandhai ),13,95,36.38,36.84,-0.46
tomato,4237.0,Kangayam(Uzhavar Sandhai ),26,82,37.65,35.9,1.75
tomato,4240.0,Balarampuram Market,1,90,18.28,19.85,-1.58
tomato,4240.0,Balarampuram Market,4,87,24.71,26.5,-1.79
tomato,4240.0,Balarampuram Market,13,78,26.94,28.07,-1.13
tomato,4240.0,Balarampuram Market,26,65,37.24,40.36,-3.12
tomato,4247.0,Balugaon APMC,1,74,27.93,23.68,4.25
tomato,4247.0,Balugaon APMC,4,65,48.99,31.71,17.29
tomato,4247.0,Balugaon APMC,13,49,56.01,33.27,22.74
tomato,4247.0,Balugaon APMC,26,49,73.45,36.7,36.75
tomato,4252.0,Haibargaon APMC,1,84,17.05,15.21,1.85
tomato,4252.0,Haibargaon APMC,4,78,35.23,28.56,6.67
tomato,4252.0,Haibargaon APMC,13,60,35.18,30.39,4.79
tomato,4252.0,Haibargaon APMC,26,47,52.21,33.0,19.21
tomato,4295.0,Barpeta Road APMC,1,76,24.56,19.63,4.93
tomato,4295.0,Barpeta Road APMC,4,70,45.87,28.8,17.07
tomato,4295.0,Barpeta Road APMC,13,53,56.88,38.59,18.29
tomato,4295.0,Barpeta Road APMC,26,41,83.2,43.51,39.69
tomato,4390.0,Manjhanpur APMC,1,86,19.65,19.75,-0.1
tomato,4390.0,Manjhanpur APMC,4,83,38.47,35.64,2.83
tomato,4390.0,Manjhanpur APMC,13,74,44.4,37.8,6.6
tomato,4390.0,Manjhanpur APMC,26,61,49.54,35.22,14.32
tomato,4391.0,Bhinga APMC,1,88,22.8,23.05,-0.25
tomato,4391.0,Bhinga APMC,4,85,40.57,38.1,2.47
tomato,4391.0,Bhinga APMC,13,76,46.22,40.36,5.86
tomato,4391.0,Bhinga APMC,26,64,51.15,39.4,11.75
tomato,4402.0,SMY Jogindernagar,1,46,25.26,26.07,-0.8
tomato,4402.0,SMY Jogindernagar,4,43,29.22,32.77,-3.55
tomato,4402.0,SMY Jogindernagar,13,34,32.53,32.27,0.26
tomato,4402.0,SMY Jogindernagar,26,21,31.3,30.47,0.83
tomato,4407.0,SMY Takarla,1,35,25.47,23.48,1.99
tomato,4407.0,SMY Takarla,4,32,36.28,33.78,2.49
tomato,4407.0,SMY Takarla,13,23,42.51,29.99,12.52
tomato,4407.0,SMY Takarla,26,10,39.0,33.17,5.84
tomato,4429.0,Badwani(F&V) APMC,1,86,18.9,18.47,0.43
tomato,4429.0,Badwani(F&V) APMC,4,80,38.03,35.51,2.52
tomato,4429.0,Badwani(F&V) APMC,13,67,54.73,49.33,5.4
tomato,4429.0,Badwani(F&V) APMC,26,54,70.7,65.11,5.6
tomato,4447.0,Chindwara(F&V) APMC,1,83,29.42,27.89,1.53
tomato,4447.0,Chindwara(F&V) APMC,4,77,54.25,47.27,6.98
tomato,4447.0,Chindwara(F&V) APMC,13,63,80.04,69.5,10.54
tomato,4447.0,Chindwara(F&V) APMC,26,50,99.4,87.18,12.23
tomato,4464.0,Hoshangabad(F&V) APMC,1,69,28.47,22.47,6.0
tomato,4464.0,Hoshangabad(F&V) APMC,4,63,53.98,36.54,17.44
tomato,4464.0,Hoshangabad(F&V) APMC,13,46,104.58,77.02,27.56
tomato,4464.0,Hoshangabad(F&V) APMC,26,35,107.52,75.88,31.64
tomato,4469.0,Jawra(F&V) APMC,1,75,18.99,26.25,-7.27
tomato,4469.0,Jawra(F&V) APMC,4,66,31.3,38.57,-7.26
tomato,4469.0,Jawra(F&V) APMC,13,57,38.95,36.05,2.9
tomato,4469.0,Jawra(F&V) APMC,26,48,41.36,37.05,4.31
tomato,4478.0,Karera(F&V) APMC,1,35,14.09,13.06,1.03
tomato,4478.0,Karera(F&V) APMC,4,29,14.85,13.86,0.99
tomato,4478.0,Karera(F&V) APMC,13,16,51.64,31.69,19.96
tomato,4478.0,Karera(F&V) APMC,26,12,104.36,80.35,24.01
tomato,4491.0,Kukshi(F&V) APMC,1,37,32.07,24.61,7.46
tomato,4491.0,Kukshi(F&V) APMC,4,31,36.3,28.04,8.26
tomato,4491.0,Kukshi(F&V) APMC,13,20,42.39,30.4,11.99
tomato,4491.0,Kukshi(F&V) APMC,26,14,89.9,51.24,38.66
tomato,4499.0,Maihar(F&V) APMC,1,37,28.61,25.61,3.0
tomato,4499.0,Maihar(F&V) APMC,4,31,68.22,55.07,13.15
tomato,4499.0,Maihar(F&V) APMC,13,18,50.12,41.49,8.62
tomato,4499.0,Maihar(F&V) APMC,26,14,173.09,143.01,30.07
tomato,4503.0,Manawar(F&V) APMC,1,71,26.46,23.14,3.32
tomato,4503.0,Manawar(F&V) APMC,4,65,44.7,35.34,9.36
tomato,4503.0,Manawar(F&V) APMC,13,47,92.08,81.06,11.02
tomato,4503.0,Manawar(F&V) APMC,26,37,73.52,59.88,13.65
tomato,4523.0,Petlawad(F&V) APMC,1,84,21.72,20.38,1.33
tomato,4523.0,Petlawad(F&V) APMC,4,78,37.9,32.66,5.24
tomato,4523.0,Petlawad(F&V) APMC,13,64,54.21,43.85,10.36
tomato,4523.0,Petlawad(F&V) APMC,26,51,66.45,51.33,15.12
tomato,4524.0,Pipariya(F&V) APMC,1,85,20.86,19.26,1.6
tomato,4524.0,Pipariya(F&V) APMC,4,79,39.34,32.69,6.65
tomato,4524.0,Pipariya(F&V) APMC,13,66,52.13,37.03,15.09
tomato,4524.0,Pipariya(F&V) APMC,26,53,75.07,46.36,28.71
tomato,4529.0,Rehli(F&V) APMC,1,37,20.1,21.44,-1.34
tomato,4529.0,Rehli(F&V) APMC,4,31,34.21,37.91,-3.7
tomato,4529.0,Rehli(F&V) APMC,13,18,60.25,49.71,10.54
tomato,4529.0,Rehli(F&V) APMC,26,14,63.4,54.59,8.8
tomato,4532.0,Sabalgarh(F&V) APMC,1,81,33.56,29.65,3.91
tomato,4532.0,Sabalgarh(F&V) APMC,4,75,54.65,41.29,13.36
tomato,4532.0,Sabalgarh(F&V) APMC,13,60,87.16,57.28,29.88
tomato,4532.0,Sabalgarh(F&V) APMC,26,47,81.56,59.78,21.78
tomato,4534.0,Sanawad(F&V) APMC,1,73,32.62,29.34,3.28
tomato,4534.0,Sanawad(F&V) APMC,4,64,48.8,37.46,11.34
tomato,4534.0,Sanawad(F&V) APMC,13,45,69.42,56.78,12.64
tomato,4534.0,Sanawad(F&V) APMC,26,36,81.43,49.83,31.6
tomato,4535.0,Sanwer(F&V) APMC,1,37,12.99,13.3,-0.3
tomato,4535.0,Sanwer(F&V) APMC,4,31,18.56,18.8,-0.24
tomato,4535.0,Sanwer(F&V) APMC,13,18,20.72,21.56,-0.85
tomato,4535.0,Sanwer(F&V) APMC,26,14,46.16,41.15,5.01
tomato,4538.0,Sehore(F&V) APMC,1,84,22.2,19.56,2.64
tomato,4538.0,Sehore(F&V) APMC,4,78,38.4,34.28,4.12
tomato,4538.0,Sehore(F&V) APMC,13,64,53.07,42.96,10.12
tomato,4538.0,Sehore(F&V) APMC,26,51,55.48,46.41,9.07
tomato,4539.0,Sendhwa(F&V) APMC,1,84,24.83,21.58,3.25
tomato,4539.0,Sendhwa(F&V) APMC,4,78,38.44,29.49,8.95
tomato,4539.0,Sendhwa(F&V) APMC,13,65,67.68,54.21,13.47
tomato,4539.0,Sendhwa(F&V) APMC,26,52,51.85,43.46,8.39
tomato,4540.0,Seoni(F&V) APMC,1,26,21.43,22.2,-0.77
tomato,4540.0,Seoni(F&V) APMC,4,23,56.58,55.48,1.1
tomato,4540.0,Seoni(F&V) APMC,13,14,90.5,88.13,2.37
tomato,4557.0,Timarni(F&V) APMC,1,84,25.5,20.84,4.66
tomato,4557.0,Timarni(F&V) APMC,4,78,42.1,35.34,6.75
tomato,4557.0,Timarni(F&V) APMC,13,64,56.63,40.72,15.92
tomato,4557.0,Timarni(F&V) APMC,26,51,77.52,41.84,35.68
tomato,4665.0,Chhibramau APMC,1,169,19.63,18.45,1.18
tomato,4665.0,Chhibramau APMC,4,161,36.13,32.42,3.71
tomato,4665.0,Chhibramau APMC,13,147,38.45,35.39,3.06
tomato,4665.0,Chhibramau APMC,26,121,41.07,34.0,7.07
tomato,4667.0,Balurghat APMC,1,204,29.87,28.71,1.16
tomato,4667.0,Balurghat APMC,4,198,39.51,42.3,-2.79
tomato,4667.0,Balurghat APMC,13,180,37.59,42.11,-4.52
tomato,4667.0,Balurghat APMC,26,159,52.58,44.2,8.39
tomato,4677.0,Balasore APMC,1,10,26.54,26.64,-0.1
tomato,4681.0,Ayodhya APMC,1,81,22.13,22.13,-0.0
tomato,4681.0,Ayodhya APMC,4,78,38.12,33.78,4.34
tomato,4681.0,Ayodhya APMC,13,69,59.05,45.13,13.92
tomato,4681.0,Ayodhya APMC,26,56,58.99,45.26,13.72
tomato,4684.0,Powayan APMC,1,83,18.99,20.89,-1.9
tomato,4684.0,Powayan APMC,4,80,31.57,31.82,-0.25
tomato,4684.0,Powayan APMC,13,71,48.64,41.51,7.13
tomato,4684.0,Powayan APMC,26,58,43.72,35.09,8.63
tomato,4707.0,"Fruit&Vegetable Market,Gazipur APMC",1,38,21.1,20.59,0.51
tomato,4707.0,"Fruit&Vegetable Market,Gazipur APMC",4,35,29.46,29.82,-0.35
tomato,4707.0,"Fruit&Vegetable Market,Gazipur APMC",13,26,21.64,21.08,0.56
tomato,4707.0,"Fruit&Vegetable Market,Gazipur APMC",26,13,43.33,38.05,5.28
tomato,4757.0,APMC PATANCHERU,1,11,40.94,36.83,4.11
tomato,4790.0,Valmikipuram APMC,1,38,32.99,34.03,-1.04
tomato,4790.0,Valmikipuram APMC,4,35,49.68,47.76,1.93
tomato,4790.0,Valmikipuram APMC,13,26,66.4,54.43,11.96
tomato,4790.0,Valmikipuram APMC,26,13,100.41,76.74,23.67
tomato,4834.0,Doomdumia APMC,1,33,12.62,12.67,-0.04
tomato,4834.0,Doomdumia APMC,4,30,18.75,17.56,1.19
tomato,4834.0,Doomdumia APMC,13,21,25.16,23.09,2.07
tomato,4846.0,Karimangalam(Uzhavar Sandhai),1,23,28.52,27.05,1.48
tomato,4846.0,Karimangalam(Uzhavar Sandhai),4,20,49.11,44.38,4.73
tomato,4846.0,Karimangalam(Uzhavar Sandhai),13,11,67.12,58.75,8.37
tomato,4848.0,Mecheri(Uzhavar Sandhai),1,25,27.14,26.35,0.79
tomato,4848.0,Mecheri(Uzhavar Sandhai),4,22,45.82,42.61,3.21
tomato,4848.0,Mecheri(Uzhavar Sandhai),13,13,64.32,57.43,6.89
tomato,4849.0,Pallikonda(Uzhavar Sandhai),1,25,24.88,24.74,0.14
tomato,4849.0,Pallikonda(Uzhavar Sandhai),4,22,41.95,38.73,3.22
tomato,4849.0,Pallikonda(Uzhavar Sandhai),13,13,58.08,50.75,7.33
tomato,4850.0,Perampet(Uzhavar Sandhai),1,25,25.69,25.21,0.47
tomato,4850.0,Perampet(Uzhavar Sandhai),4,22,42.07,38.88,3.19
tomato,4850.0,Perampet(Uzhavar Sandhai),13,13,63.35,54.49,8.86
tomato,4851.0,Peravurani(Uzhavar Sandhai),1,25,20.87,21.75,-0.88
tomato,4851.0,Peravurani(Uzhavar Sandhai),4,22,35.05,35.02,0.03
tomato,4851.0,Peravurani(Uzhavar Sandhai),13,13,49.86,44.5,5.36
tomato,4852.0,Ponnamaravathi(Uzhavar Sandhai),1,25,21.02,21.17,-0.15
tomato,4852.0,Ponnamaravathi(Uzhavar Sandhai),4,22,36.94,37.0,-0.06
tomato,4852.0,Ponnamaravathi(Uzhavar Sandhai),13,13,49.65,47.05,2.6
tomato,4853.0,Vazhapadi(Uzhavar Sandhai),1,25,28.47,27.21,1.27
tomato,4853.0,Vazhapadi(Uzhavar Sandhai),4,22,47.97,44.25,3.72
tomato,4853.0,Vazhapadi(Uzhavar Sandhai),13,13,69.74,60.87,8.86
tomato,4854.0,Vedaranyam(Uzhavar Sandhai),1,25,11.66,11.81,-0.16
tomato,4854.0,Vedaranyam(Uzhavar Sandhai),4,22,19.73,19.77,-0.04
tomato,4854.0,Vedaranyam(Uzhavar Sandhai),13,13,28.08,27.04,1.04
tomato,4855.0,Gandhigramam(Uzhavar Sandhai),1,25,24.78,24.54,0.24
tomato,4855.0,Gandhigramam(Uzhavar Sandhai),4,22,39.37,39.03,0.34
tomato,4855.0,Gandhigramam(Uzhavar Sandhai),13,13,54.62,49.91,4.71
tomato,4906.0,Dhampur APMC,1,23,19.28,15.87,3.41
tomato,4906.0,Dhampur APMC,4,20,55.5,47.95,7.55
tomato,4906.0,Dhampur APMC,13,11,126.6,104.99,21.61
tomato,4917.0,P.O. Uparhali Guwahati APMC,1,33,25.07,23.6,1.46
tomato,4917.0,P.O. Uparhali Guwahati APMC,4,30,36.35,31.63,4.72
tomato,4917.0,P.O. Uparhali Guwahati APMC,13,21,39.19,39.91,-0.73
