crop,horizon_weeks,side,capacity,rule,cl_ratio,n,base_rate,hits,misses,false_alarms,POD,FAR,CSI,V
onion,4,crash,0.1,M0E,0.1,75725,0.1063,1952.0,6097.0,5727.0,0.2425,0.7458,0.1417,0.1046
onion,4,crash,0.1,LAY,0.1,75725,0.1063,2067.0,5982.0,5612.0,0.2568,0.7308,0.1513,0.1215
onion,4,crash,0.1,momentum,0.1,75725,0.1063,468.0,7581.0,7211.0,0.0581,0.9391,0.0307,-0.1147
onion,4,crash,0.1,seasonal,0.1,75725,0.1063,1136.0,6913.0,6543.0,0.1411,0.8521,0.0779,-0.016
onion,4,crash,0.1,M0reg,0.1,75725,0.1063,1699.0,6350.0,5980.0,0.2111,0.7787,0.1211,0.0672
onion,4,crash,0.1,M6reg,0.1,75725,0.1063,1825.0,6224.0,5854.0,0.2267,0.7623,0.1313,0.0858
onion,4,crash,0.1,never,0.1,75725,0.1063,0.0,8049.0,0.0,0.0,,0.0,-0.0704
onion,4,crash,0.1,always,0.1,75725,0.1063,8049.0,0.0,67676.0,1.0,0.8937,0.1063,0.0
onion,4,crash,0.1,M0E,0.2,75725,0.1063,1952.0,6097.0,5727.0,0.2425,0.7458,0.1417,0.0646
onion,4,crash,0.1,LAY,0.2,75725,0.1063,2067.0,5982.0,5612.0,0.2568,0.7308,0.1513,0.0825
onion,4,crash,0.1,momentum,0.2,75725,0.1063,468.0,7581.0,7211.0,0.0581,0.9391,0.0307,-0.1658
onion,4,crash,0.1,seasonal,0.2,75725,0.1063,1136.0,6913.0,6543.0,0.1411,0.8521,0.0779,-0.0621
onion,4,crash,0.1,M0reg,0.2,75725,0.1063,1699.0,6350.0,5980.0,0.2111,0.7787,0.1211,0.0253
onion,4,crash,0.1,M6reg,0.2,75725,0.1063,1825.0,6224.0,5854.0,0.2267,0.7623,0.1313,0.0449
onion,4,crash,0.1,never,0.2,75725,0.1063,0.0,8049.0,0.0,0.0,,0.0,0.0
onion,4,crash,0.1,always,0.2,75725,0.1063,8049.0,0.0,67676.0,1.0,0.8937,0.1063,-1.102
onion,4,crash,0.1,M0E,0.3,75725,0.1063,1952.0,6097.0,5727.0,0.2425,0.7458,0.1417,-0.0624
onion,4,crash,0.1,LAY,0.3,75725,0.1063,2067.0,5982.0,5612.0,0.2568,0.7308,0.1513,-0.042
onion,4,crash,0.1,momentum,0.3,75725,0.1063,468.0,7581.0,7211.0,0.0581,0.9391,0.0307,-0.3258
onion,4,crash,0.1,seasonal,0.3,75725,0.1063,1136.0,6913.0,6543.0,0.1411,0.8521,0.0779,-0.2072
onion,4,crash,0.1,M0reg,0.3,75725,0.1063,1699.0,6350.0,5980.0,0.2111,0.7787,0.1211,-0.1073
onion,4,crash,0.1,M6reg,0.3,75725,0.1063,1825.0,6224.0,5854.0,0.2267,0.7623,0.1313,-0.085
onion,4,crash,0.1,never,0.3,75725,0.1063,0.0,8049.0,0.0,0.0,,0.0,0.0
onion,4,crash,0.1,always,0.3,75725,0.1063,8049.0,0.0,67676.0,1.0,0.8937,0.1063,-2.6034
onion,4,crash,0.2,M0E,0.1,75725,0.1063,3259.0,4790.0,11986.0,0.4049,0.7862,0.1627,0.1859
onion,4,crash,0.2,LAY,0.1,75725,0.1063,3318.0,4731.0,11927.0,0.4122,0.7824,0.1661,0.1946
onion,4,crash,0.2,momentum,0.1,75725,0.1063,1026.0,7023.0,14219.0,0.1275,0.9327,0.0461,-0.1441
onion,4,crash,0.2,seasonal,0.1,75725,0.1063,2062.0,5987.0,13183.0,0.2562,0.8647,0.0971,0.009
onion,4,crash,0.2,M0reg,0.1,75725,0.1063,2706.0,5343.0,12539.0,0.3362,0.8225,0.1314,0.1042
onion,4,crash,0.2,M6reg,0.1,75725,0.1063,2937.0,5112.0,12308.0,0.3649,0.8073,0.1443,0.1383
onion,4,crash,0.2,never,0.1,75725,0.1063,0.0,8049.0,0.0,0.0,,0.0,-0.0704
onion,4,crash,0.2,always,0.1,75725,0.1063,8049.0,0.0,67676.0,1.0,0.8937,0.1063,0.0
onion,4,crash,0.2,M0E_prob,0.1,75725,0.1063,4219.0,3830.0,8586.0,0.5242,0.6705,0.2536,0.3638
onion,4,crash,0.2,LAY_prob,0.1,75725,0.1063,4570.0,3479.0,8441.0,0.5678,0.6488,0.2771,0.4126
onion,4,crash,0.2,M0E_persist2,0.1,75725,0.1063,2057.0,5992.0,7807.0,0.2556,0.7915,0.1297,0.0878
onion,4,crash,0.2,LAY_persist2,0.1,75725,0.1063,2072.0,5977.0,7574.0,0.2574,0.7852,0.1326,0.0932
onion,4,crash,0.2,M0E,0.2,75725,0.1063,3259.0,4790.0,11986.0,0.4049,0.7862,0.1627,0.0326
onion,4,crash,0.2,LAY,0.2,75725,0.1063,3318.0,4731.0,11927.0,0.4122,0.7824,0.1661,0.0418
onion,4,crash,0.2,momentum,0.2,75725,0.1063,1026.0,7023.0,14219.0,0.1275,0.9327,0.0461,-0.3142
onion,4,crash,0.2,seasonal,0.2,75725,0.1063,2062.0,5987.0,13183.0,0.2562,0.8647,0.0971,-0.1533
onion,4,crash,0.2,M0reg,0.2,75725,0.1063,2706.0,5343.0,12539.0,0.3362,0.8225,0.1314,-0.0533
onion,4,crash,0.2,M6reg,0.2,75725,0.1063,2937.0,5112.0,12308.0,0.3649,0.8073,0.1443,-0.0174
onion,4,crash,0.2,never,0.2,75725,0.1063,0.0,8049.0,0.0,0.0,,0.0,0.0
onion,4,crash,0.2,always,0.2,75725,0.1063,8049.0,0.0,67676.0,1.0,0.8937,0.1063,-1.102
onion,4,crash,0.2,M0E_prob,0.2,75725,0.1063,4219.0,3830.0,8586.0,0.5242,0.6705,0.2536,0.2575
onion,4,crash,0.2,LAY_prob,0.2,75725,0.1063,4570.0,3479.0,8441.0,0.5678,0.6488,0.2771,0.3056
onion,4,crash,0.2,M0E_persist2,0.2,75725,0.1063,2057.0,5992.0,7807.0,0.2556,0.7915,0.1297,0.0131
onion,4,crash,0.2,LAY_persist2,0.2,75725,0.1063,2072.0,5977.0,7574.0,0.2574,0.7852,0.1326,0.0222
onion,4,crash,0.2,M0E,0.3,75725,0.1063,3259.0,4790.0,11986.0,0.4049,0.7862,0.1627,-0.2333
onion,4,crash,0.2,LAY,0.3,75725,0.1063,3318.0,4731.0,11927.0,0.4122,0.7824,0.1661,-0.2228
onion,4,crash,0.2,momentum,0.3,75725,0.1063,1026.0,7023.0,14219.0,0.1275,0.9327,0.0461,-0.6296
onion,4,crash,0.2,seasonal,0.3,75725,0.1063,2062.0,5987.0,13183.0,0.2562,0.8647,0.0971,-0.4458
onion,4,crash,0.2,M0reg,0.3,75725,0.1063,2706.0,5343.0,12539.0,0.3362,0.8225,0.1314,-0.3315
onion,4,crash,0.2,M6reg,0.3,75725,0.1063,2937.0,5112.0,12308.0,0.3649,0.8073,0.1443,-0.2905
onion,4,crash,0.2,never,0.3,75725,0.1063,0.0,8049.0,0.0,0.0,,0.0,0.0
onion,4,crash,0.2,always,0.3,75725,0.1063,8049.0,0.0,67676.0,1.0,0.8937,0.1063,-2.6034
onion,4,crash,0.2,M0E_prob,0.3,75725,0.1063,4219.0,3830.0,8586.0,0.5242,0.6705,0.2536,0.067
onion,4,crash,0.2,LAY_prob,0.3,75725,0.1063,4570.0,3479.0,8441.0,0.5678,0.6488,0.2771,0.1183
onion,4,crash,0.2,M0E_persist2,0.3,75725,0.1063,2057.0,5992.0,7807.0,0.2556,0.7915,0.1297,-0.1601
onion,4,crash,0.2,LAY_persist2,0.3,75725,0.1063,2072.0,5977.0,7574.0,0.2574,0.7852,0.1326,-0.1459
onion,4,crash,0.3,M0E,0.1,75725,0.1063,4267.0,3782.0,18563.0,0.5301,0.8131,0.1603,0.2228
onion,4,crash,0.3,LAY,0.1,75725,0.1063,4302.0,3747.0,18528.0,0.5345,0.8116,0.1619,0.2279
onion,4,crash,0.3,momentum,0.1,75725,0.1063,1614.0,6435.0,21216.0,0.2005,0.9293,0.0552,-0.1693
onion,4,crash,0.3,seasonal,0.1,75725,0.1063,2932.0,5117.0,19898.0,0.3643,0.8716,0.1049,0.0255
onion,4,crash,0.3,M0reg,0.1,75725,0.1063,3561.0,4488.0,19269.0,0.4424,0.844,0.1304,0.1184
onion,4,crash,0.3,M6reg,0.1,75725,0.1063,3848.0,4201.0,18982.0,0.4781,0.8314,0.1424,0.1608
onion,4,crash,0.3,never,0.1,75725,0.1063,0.0,8049.0,0.0,0.0,,0.0,-0.0704
onion,4,crash,0.3,always,0.1,75725,0.1063,8049.0,0.0,67676.0,1.0,0.8937,0.1063,0.0
onion,4,crash,0.3,M0E,0.2,75725,0.1063,4267.0,3782.0,18563.0,0.5301,0.8131,0.1603,-0.0464
onion,4,crash,0.3,LAY,0.2,75725,0.1063,4302.0,3747.0,18528.0,0.5345,0.8116,0.1619,-0.041
onion,4,crash,0.3,momentum,0.2,75725,0.1063,1614.0,6435.0,21216.0,0.2005,0.9293,0.0552,-0.4584
onion,4,crash,0.3,seasonal,0.2,75725,0.1063,2932.0,5117.0,19898.0,0.3643,0.8716,0.1049,-0.2538
onion,4,crash,0.3,M0reg,0.2,75725,0.1063,3561.0,4488.0,19269.0,0.4424,0.844,0.1304,-0.1561
onion,4,crash,0.3,M6reg,0.2,75725,0.1063,3848.0,4201.0,18982.0,0.4781,0.8314,0.1424,-0.1115
onion,4,crash,0.3,never,0.2,75725,0.1063,0.0,8049.0,0.0,0.0,,0.0,0.0
onion,4,crash,0.3,always,0.2,75725,0.1063,8049.0,0.0,67676.0,1.0,0.8937,0.1063,-1.102
onion,4,crash,0.3,M0E,0.3,75725,0.1063,4267.0,3782.0,18563.0,0.5301,0.8131,0.1603,-0.4583
onion,4,crash,0.3,LAY,0.3,75725,0.1063,4302.0,3747.0,18528.0,0.5345,0.8116,0.1619,-0.4521
onion,4,crash,0.3,momentum,0.3,75725,0.1063,1614.0,6435.0,21216.0,0.2005,0.9293,0.0552,-0.9291
onion,4,crash,0.3,seasonal,0.3,75725,0.1063,2932.0,5117.0,19898.0,0.3643,0.8716,0.1049,-0.6952
onion,4,crash,0.3,M0reg,0.3,75725,0.1063,3561.0,4488.0,19269.0,0.4424,0.844,0.1304,-0.5836
onion,4,crash,0.3,M6reg,0.3,75725,0.1063,3848.0,4201.0,18982.0,0.4781,0.8314,0.1424,-0.5326
onion,4,crash,0.3,never,0.3,75725,0.1063,0.0,8049.0,0.0,0.0,,0.0,0.0
onion,4,crash,0.3,always,0.3,75725,0.1063,8049.0,0.0,67676.0,1.0,0.8937,0.1063,-2.6034
onion,4,crash,,AUC_M0E,,75725,0.1063,,,,,,,0.7935
onion,4,crash,,AUC_LAY,,75725,0.1063,,,,,,,0.815
onion,4,crash,,AUC_M0reg,,75725,0.1063,,,,,,,0.6587
onion,4,crash,,AUC_M6reg,,75725,0.1063,,,,,,,0.6678
onion,4,crash,,AUC_momentum,,75725,0.1063,,,,,,,0.4642
onion,4,crash,,Brier_M0E,,75725,0.1063,,,,,,,0.0853
onion,4,crash,,Brier_LAY,,75725,0.1063,,,,,,,0.0775
onion,4,spike,0.1,M0E,0.1,75725,0.1667,2463.0,10164.0,5216.0,0.1951,0.6793,0.138,-0.5324
onion,4,spike,0.1,LAY,0.1,75725,0.1667,2606.0,10021.0,5073.0,0.2064,0.6606,0.1472,-0.5097
onion,4,spike,0.1,momentum,0.1,75725,0.1667,874.0,11753.0,6805.0,0.0692,0.8862,0.045,-0.7842
onion,4,spike,0.1,seasonal,0.1,75725,0.1667,1676.0,10951.0,6003.0,0.1327,0.7817,0.09,-0.6571
onion,4,spike,0.1,M0reg,0.1,75725,0.1667,2695.0,9932.0,4984.0,0.2134,0.649,0.153,-0.4956
onion,4,spike,0.1,M6reg,0.1,75725,0.1667,2680.0,9947.0,4999.0,0.2122,0.651,0.152,-0.498
onion,4,spike,0.1,never,0.1,75725,0.1667,0.0,12627.0,0.0,0.0,,0.0,-0.8011
onion,4,spike,0.1,always,0.1,75725,0.1667,12627.0,0.0,63098.0,1.0,0.8333,0.1667,0.0
onion,4,spike,0.1,M0E,0.2,75725,0.1667,2463.0,10164.0,5216.0,0.1951,0.6793,0.138,0.0918
onion,4,spike,0.1,LAY,0.2,75725,0.1667,2606.0,10021.0,5073.0,0.2064,0.6606,0.1472,0.1059
onion,4,spike,0.1,momentum,0.2,75725,0.1667,874.0,11753.0,6805.0,0.0692,0.8862,0.045,-0.0655
onion,4,spike,0.1,seasonal,0.2,75725,0.1667,1676.0,10951.0,6003.0,0.1327,0.7817,0.09,0.0139
onion,4,spike,0.1,M0reg,0.2,75725,0.1667,2695.0,9932.0,4984.0,0.2134,0.649,0.153,0.1148
onion,4,spike,0.1,M6reg,0.2,75725,0.1667,2680.0,9947.0,4999.0,0.2122,0.651,0.152,0.1133
onion,4,spike,0.1,never,0.2,75725,0.1667,0.0,12627.0,0.0,0.0,,0.0,0.0
onion,4,spike,0.1,always,0.2,75725,0.1667,12627.0,0.0,63098.0,1.0,0.8333,0.1667,-0.2493
onion,4,spike,0.1,M0E,0.3,75725,0.1667,2463.0,10164.0,5216.0,0.1951,0.6793,0.138,0.018
onion,4,spike,0.1,LAY,0.3,75725,0.1667,2606.0,10021.0,5073.0,0.2064,0.6606,0.1472,0.0342
onion,4,spike,0.1,momentum,0.3,75725,0.1667,874.0,11753.0,6805.0,0.0692,0.8862,0.045,-0.1618
onion,4,spike,0.1,seasonal,0.3,75725,0.1667,1676.0,10951.0,6003.0,0.1327,0.7817,0.09,-0.071
onion,4,spike,0.1,M0reg,0.3,75725,0.1667,2695.0,9932.0,4984.0,0.2134,0.649,0.153,0.0443
onion,4,spike,0.1,M6reg,0.3,75725,0.1667,2680.0,9947.0,4999.0,0.2122,0.651,0.152,0.0426
onion,4,spike,0.1,never,0.3,75725,0.1667,0.0,12627.0,0.0,0.0,,0.0,0.0
onion,4,spike,0.1,always,0.3,75725,0.1667,12627.0,0.0,63098.0,1.0,0.8333,0.1667,-1.1416
onion,4,spike,0.2,M0E,0.1,75725,0.1667,4260.0,8367.0,10985.0,0.3374,0.7206,0.1804,-0.3675
onion,4,spike,0.2,LAY,0.1,75725,0.1667,4422.0,8205.0,10823.0,0.3502,0.7099,0.1886,-0.3418
onion,4,spike,0.2,momentum,0.1,75725,0.1667,1773.0,10854.0,13472.0,0.1404,0.8837,0.0679,-0.7617
onion,4,spike,0.2,seasonal,0.1,75725,0.1667,3131.0,9496.0,12114.0,0.248,0.7946,0.1266,-0.5465
onion,4,spike,0.2,M0reg,0.1,75725,0.1667,4480.0,8147.0,10765.0,0.3548,0.7061,0.1915,-0.3327
onion,4,spike,0.2,M6reg,0.1,75725,0.1667,4422.0,8205.0,10823.0,0.3502,0.7099,0.1886,-0.3418
onion,4,spike,0.2,never,0.1,75725,0.1667,0.0,12627.0,0.0,0.0,,0.0,-0.8011
onion,4,spike,0.2,always,0.1,75725,0.1667,12627.0,0.0,63098.0,1.0,0.8333,0.1667,0.0
onion,4,spike,0.2,M0E_prob,0.1,75725,0.1667,3839.0,8788.0,16501.0,0.304,0.8113,0.1318,-0.515
onion,4,spike,0.2,LAY_prob,0.1,75725,0.1667,3431.0,9196.0,6615.0,0.2717,0.6585,0.1783,-0.4165
onion,4,spike,0.2,M0E_persist2,0.1,75725,0.1667,2739.0,9888.0,6965.0,0.2169,0.7177,0.1398,-0.5208
onion,4,spike,0.2,LAY_persist2,0.1,75725,0.1667,2958.0,9669.0,6756.0,0.2343,0.6955,0.1526,-0.4862
onion,4,spike,0.2,M0E,0.2,75725,0.1667,4260.0,8367.0,10985.0,0.3374,0.7206,0.1804,0.1199
onion,4,spike,0.2,LAY,0.2,75725,0.1667,4422.0,8205.0,10823.0,0.3502,0.7099,0.1886,0.1359
onion,4,spike,0.2,momentum,0.2,75725,0.1667,1773.0,10854.0,13472.0,0.1404,0.8837,0.0679,-0.1263
onion,4,spike,0.2,seasonal,0.2,75725,0.1667,3131.0,9496.0,12114.0,0.248,0.7946,0.1266,0.0081
onion,4,spike,0.2,M0reg,0.2,75725,0.1667,4480.0,8147.0,10765.0,0.3548,0.7061,0.1915,0.1417
onion,4,spike,0.2,M6reg,0.2,75725,0.1667,4422.0,8205.0,10823.0,0.3502,0.7099,0.1886,0.1359
onion,4,spike,0.2,never,0.2,75725,0.1667,0.0,12627.0,0.0,0.0,,0.0,0.0
onion,4,spike,0.2,always,0.2,75725,0.1667,12627.0,0.0,63098.0,1.0,0.8333,0.1667,-0.2493
onion,4,spike,0.2,M0E_prob,0.2,75725,0.1667,3839.0,8788.0,16501.0,0.304,0.8113,0.1318,-0.0227
onion,4,spike,0.2,LAY_prob,0.2,75725,0.1667,3431.0,9196.0,6615.0,0.2717,0.6585,0.1783,0.1407
onion,4,spike,0.2,M0E_persist2,0.2,75725,0.1667,2739.0,9888.0,6965.0,0.2169,0.7177,0.1398,0.079
onion,4,spike,0.2,LAY_persist2,0.2,75725,0.1667,2958.0,9669.0,6756.0,0.2343,0.6955,0.1526,0.1005
onion,4,spike,0.2,M0E,0.3,75725,0.1667,4260.0,8367.0,10985.0,0.3374,0.7206,0.1804,-0.0355
onion,4,spike,0.2,LAY,0.3,75725,0.1667,4422.0,8205.0,10823.0,0.3502,0.7099,0.1886,-0.0171
onion,4,spike,0.2,momentum,0.3,75725,0.1667,1773.0,10854.0,13472.0,0.1404,0.8837,0.0679,-0.3168
onion,4,spike,0.2,seasonal,0.3,75725,0.1667,3131.0,9496.0,12114.0,0.248,0.7946,0.1266,-0.1632
onion,4,spike,0.2,M0reg,0.3,75725,0.1667,4480.0,8147.0,10765.0,0.3548,0.7061,0.1915,-0.0106
onion,4,spike,0.2,M6reg,0.3,75725,0.1667,4422.0,8205.0,10823.0,0.3502,0.7099,0.1886,-0.0171
onion,4,spike,0.2,never,0.3,75725,0.1667,0.0,12627.0,0.0,0.0,,0.0,0.0
onion,4,spike,0.2,always,0.3,75725,0.1667,12627.0,0.0,63098.0,1.0,0.8333,0.1667,-1.1416
onion,4,spike,0.2,M0E_prob,0.3,75725,0.1667,3839.0,8788.0,16501.0,0.304,0.8113,0.1318,-0.256
onion,4,spike,0.2,LAY_prob,0.3,75725,0.1667,3431.0,9196.0,6615.0,0.2717,0.6585,0.1783,0.0472
onion,4,spike,0.2,M0E_persist2,0.3,75725,0.1667,2739.0,9888.0,6965.0,0.2169,0.7177,0.1398,-0.0195
onion,4,spike,0.2,LAY_persist2,0.3,75725,0.1667,2958.0,9669.0,6756.0,0.2343,0.6955,0.1526,0.005
onion,4,spike,0.3,M0E,0.1,75725,0.1667,5789.0,6838.0,17041.0,0.4585,0.7464,0.1951,-0.2454
onion,4,spike,0.3,LAY,0.1,75725,0.1667,6023.0,6604.0,16807.0,0.477,0.7362,0.2046,-0.2083
onion,4,spike,0.3,momentum,0.1,75725,0.1667,2684.0,9943.0,20146.0,0.2126,0.8824,0.0819,-0.7375
onion,4,spike,0.3,seasonal,0.1,75725,0.1667,4468.0,8159.0,18362.0,0.3538,0.8043,0.1442,-0.4548
onion,4,spike,0.3,M0reg,0.1,75725,0.1667,5955.0,6672.0,16875.0,0.4716,0.7392,0.2019,-0.2191
onion,4,spike,0.3,M6reg,0.1,75725,0.1667,5927.0,6700.0,16903.0,0.4694,0.7404,0.2007,-0.2235
onion,4,spike,0.3,never,0.1,75725,0.1667,0.0,12627.0,0.0,0.0,,0.0,-0.8011
onion,4,spike,0.3,always,0.1,75725,0.1667,12627.0,0.0,63098.0,1.0,0.8333,0.1667,0.0
onion,4,spike,0.3,M0E,0.2,75725,0.1667,5789.0,6838.0,17041.0,0.4585,0.7464,0.1951,0.1211
onion,4,spike,0.3,LAY,0.2,75725,0.1667,6023.0,6604.0,16807.0,0.477,0.7362,0.2046,0.1442
onion,4,spike,0.3,momentum,0.2,75725,0.1667,2684.0,9943.0,20146.0,0.2126,0.8824,0.0819,-0.1863
onion,4,spike,0.3,seasonal,0.2,75725,0.1667,4468.0,8159.0,18362.0,0.3538,0.8043,0.1442,-0.0097
onion,4,spike,0.3,M0reg,0.2,75725,0.1667,5955.0,6672.0,16875.0,0.4716,0.7392,0.2019,0.1375
onion,4,spike,0.3,M6reg,0.2,75725,0.1667,5927.0,6700.0,16903.0,0.4694,0.7404,0.2007,0.1347
onion,4,spike,0.3,never,0.2,75725,0.1667,0.0,12627.0,0.0,0.0,,0.0,0.0
onion,4,spike,0.3,always,0.2,75725,0.1667,12627.0,0.0,63098.0,1.0,0.8333,0.1667,-0.2493
onion,4,spike,0.3,M0E,0.3,75725,0.1667,5789.0,6838.0,17041.0,0.4585,0.7464,0.1951,-0.1199
onion,4,spike,0.3,LAY,0.3,75725,0.1667,6023.0,6604.0,16807.0,0.477,0.7362,0.2046,-0.0935
onion,4,spike,0.3,momentum,0.3,75725,0.1667,2684.0,9943.0,20146.0,0.2126,0.8824,0.0819,-0.4712
onion,4,spike,0.3,seasonal,0.3,75725,0.1667,4468.0,8159.0,18362.0,0.3538,0.8043,0.1442,-0.2694
onion,4,spike,0.3,M0reg,0.3,75725,0.1667,5955.0,6672.0,16875.0,0.4716,0.7392,0.2019,-0.1011
onion,4,spike,0.3,M6reg,0.3,75725,0.1667,5927.0,6700.0,16903.0,0.4694,0.7404,0.2007,-0.1043
onion,4,spike,0.3,never,0.3,75725,0.1667,0.0,12627.0,0.0,0.0,,0.0,0.0
onion,4,spike,0.3,always,0.3,75725,0.1667,12627.0,0.0,63098.0,1.0,0.8333,0.1667,-1.1416
onion,4,spike,,AUC_M0E,,75725,0.1667,,,,,,,0.5794
onion,4,spike,,AUC_LAY,,75725,0.1667,,,,,,,0.5737
onion,4,spike,,AUC_M0reg,,75725,0.1667,,,,,,,0.6875
onion,4,spike,,AUC_M6reg,,75725,0.1667,,,,,,,0.6338
onion,4,spike,,AUC_momentum,,75725,0.1667,,,,,,,0.5419
onion,4,spike,,Brier_M0E,,75725,0.1667,,,,,,,0.1437
onion,4,spike,,Brier_LAY,,75725,0.1667,,,,,,,0.1636
onion,13,crash,0.1,M0E,0.1,68955,0.2342,2730.0,13421.0,4277.0,0.169,0.6104,0.1336,-1.3685
onion,13,crash,0.1,LAY,0.1,68955,0.2342,2893.0,13258.0,4114.0,0.1791,0.5871,0.1428,-1.3376
onion,13,crash,0.1,momentum,0.1,68955,0.2342,918.0,15233.0,6089.0,0.0568,0.869,0.0413,-1.7117
onion,13,crash,0.1,seasonal,0.1,68955,0.2342,2049.0,14102.0,4958.0,0.1269,0.7076,0.0971,-1.4975
onion,13,crash,0.1,M0reg,0.1,68955,0.2342,2375.0,13776.0,4632.0,0.147,0.6611,0.1143,-1.4357
onion,13,crash,0.1,M6reg,0.1,68955,0.2342,2655.0,13496.0,4352.0,0.1644,0.6211,0.1295,-1.3827
onion,13,crash,0.1,never,0.1,68955,0.2342,0.0,16151.0,0.0,0.0,,0.0,-1.7528
onion,13,crash,0.1,always,0.1,68955,0.2342,16151.0,0.0,52804.0,1.0,0.7658,0.2342,0.0
onion,13,crash,0.1,M0E,0.2,68955,0.2342,2730.0,13421.0,4277.0,0.169,0.6104,0.1336,-0.0977
onion,13,crash,0.1,LAY,0.2,68955,0.2342,2893.0,13258.0,4114.0,0.1791,0.5871,0.1428,-0.0822
onion,13,crash,0.1,momentum,0.2,68955,0.2342,918.0,15233.0,6089.0,0.0568,0.869,0.0413,-0.2692
onion,13,crash,0.1,seasonal,0.2,68955,0.2342,2049.0,14102.0,4958.0,0.1269,0.7076,0.0971,-0.1621
onion,13,crash,0.1,M0reg,0.2,68955,0.2342,2375.0,13776.0,4632.0,0.147,0.6611,0.1143,-0.1313
onion,13,crash,0.1,M6reg,0.2,68955,0.2342,2655.0,13496.0,4352.0,0.1644,0.6211,0.1295,-0.1048
onion,13,crash,0.1,never,0.2,68955,0.2342,0.0,16151.0,0.0,0.0,,0.0,-0.2235
onion,13,crash,0.1,always,0.2,68955,0.2342,16151.0,0.0,52804.0,1.0,0.7658,0.2342,0.0
onion,13,crash,0.1,M0E,0.3,68955,0.2342,2730.0,13421.0,4277.0,0.169,0.6104,0.1336,0.0555
onion,13,crash,0.1,LAY,0.3,68955,0.2342,2893.0,13258.0,4114.0,0.1791,0.5871,0.1428,0.07
onion,13,crash,0.1,momentum,0.3,68955,0.2342,918.0,15233.0,6089.0,0.0568,0.869,0.0413,-0.1047
onion,13,crash,0.1,seasonal,0.3,68955,0.2342,2049.0,14102.0,4958.0,0.1269,0.7076,0.0971,-0.0047
onion,13,crash,0.1,M0reg,0.3,68955,0.2342,2375.0,13776.0,4632.0,0.147,0.6611,0.1143,0.0241
onion,13,crash,0.1,M6reg,0.3,68955,0.2342,2655.0,13496.0,4352.0,0.1644,0.6211,0.1295,0.0489
onion,13,crash,0.1,never,0.3,68955,0.2342,0.0,16151.0,0.0,0.0,,0.0,0.0
onion,13,crash,0.1,always,0.3,68955,0.2342,16151.0,0.0,52804.0,1.0,0.7658,0.2342,-0.4012
onion,13,crash,0.2,M0E,0.1,68955,0.2342,4921.0,11230.0,8968.0,0.3047,0.6457,0.1959,-1.0839
onion,13,crash,0.2,LAY,0.1,68955,0.2342,5081.0,11070.0,8808.0,0.3146,0.6342,0.2036,-1.0536
onion,13,crash,0.2,momentum,0.1,68955,0.2342,2060.0,14091.0,11829.0,0.1275,0.8517,0.0736,-1.6257
onion,13,crash,0.2,seasonal,0.1,68955,0.2342,3942.0,12209.0,9947.0,0.2441,0.7162,0.151,-1.2693
onion,13,crash,0.2,M0reg,0.1,68955,0.2342,4249.0,11902.0,9640.0,0.2631,0.6941,0.1647,-1.2112
onion,13,crash,0.2,M6reg,0.1,68955,0.2342,4724.0,11427.0,9165.0,0.2925,0.6599,0.1866,-1.1212
onion,13,crash,0.2,never,0.1,68955,0.2342,0.0,16151.0,0.0,0.0,,0.0,-1.7528
onion,13,crash,0.2,always,0.1,68955,0.2342,16151.0,0.0,52804.0,1.0,0.7658,0.2342,0.0
onion,13,crash,0.2,M0E_prob,0.1,68955,0.2342,10571.0,5580.0,8217.0,0.6545,0.4374,0.4338,-0.1067
onion,13,crash,0.2,LAY_prob,0.1,68955,0.2342,11366.0,4785.0,6236.0,0.7037,0.3543,0.5077,0.0663
onion,13,crash,0.2,M0E_persist2,0.1,68955,0.2342,3070.0,13081.0,5558.0,0.1901,0.6442,0.1414,-1.3348
onion,13,crash,0.2,LAY_persist2,0.1,68955,0.2342,3177.0,12974.0,5640.0,0.1967,0.6397,0.1458,-1.3181
onion,13,crash,0.2,M0E,0.2,68955,0.2342,4921.0,11230.0,8968.0,0.3047,0.6457,0.1959,-0.0205
onion,13,crash,0.2,LAY,0.2,68955,0.2342,5081.0,11070.0,8808.0,0.3146,0.6342,0.2036,-0.0054
onion,13,crash,0.2,momentum,0.2,68955,0.2342,2060.0,14091.0,11829.0,0.1275,0.8517,0.0736,-0.2914
onion,13,crash,0.2,seasonal,0.2,68955,0.2342,3942.0,12209.0,9947.0,0.2441,0.7162,0.151,-0.1132
onion,13,crash,0.2,M0reg,0.2,68955,0.2342,4249.0,11902.0,9640.0,0.2631,0.6941,0.1647,-0.0842
onion,13,crash,0.2,M6reg,0.2,68955,0.2342,4724.0,11427.0,9165.0,0.2925,0.6599,0.1866,-0.0392
onion,13,crash,0.2,never,0.2,68955,0.2342,0.0,16151.0,0.0,0.0,,0.0,-0.2235
onion,13,crash,0.2,always,0.2,68955,0.2342,16151.0,0.0,52804.0,1.0,0.7658,0.2342,0.0
onion,13,crash,0.2,M0E_prob,0.2,68955,0.2342,10571.0,5580.0,8217.0,0.6545,0.4374,0.4338,0.4217
onion,13,crash,0.2,LAY_prob,0.2,68955,0.2342,11366.0,4785.0,6236.0,0.7037,0.3543,0.5077,0.5194
onion,13,crash,0.2,M0E_persist2,0.2,68955,0.2342,3070.0,13081.0,5558.0,0.1901,0.6442,0.1414,-0.0962
onion,13,crash,0.2,LAY_persist2,0.2,68955,0.2342,3177.0,12974.0,5640.0,0.1967,0.6397,0.1458,-0.0896
onion,13,crash,0.2,M0E,0.3,68955,0.2342,4921.0,11230.0,8968.0,0.3047,0.6457,0.1959,0.0667
onion,13,crash,0.2,LAY,0.3,68955,0.2342,5081.0,11070.0,8808.0,0.3146,0.6342,0.2036,0.0809
onion,13,crash,0.2,momentum,0.3,68955,0.2342,2060.0,14091.0,11829.0,0.1275,0.8517,0.0736,-0.1863
onion,13,crash,0.2,seasonal,0.3,68955,0.2342,3942.0,12209.0,9947.0,0.2441,0.7162,0.151,-0.0199
onion,13,crash,0.2,M0reg,0.3,68955,0.2342,4249.0,11902.0,9640.0,0.2631,0.6941,0.1647,0.0073
onion,13,crash,0.2,M6reg,0.3,68955,0.2342,4724.0,11427.0,9165.0,0.2925,0.6599,0.1866,0.0493
onion,13,crash,0.2,never,0.3,68955,0.2342,0.0,16151.0,0.0,0.0,,0.0,0.0
onion,13,crash,0.2,always,0.3,68955,0.2342,16151.0,0.0,52804.0,1.0,0.7658,0.2342,-0.4012
onion,13,crash,0.2,M0E_prob,0.3,68955,0.2342,10571.0,5580.0,8217.0,0.6545,0.4374,0.4338,0.4365
onion,13,crash,0.2,LAY_prob,0.3,68955,0.2342,11366.0,4785.0,6236.0,0.7037,0.3543,0.5077,0.5383
onion,13,crash,0.2,M0E_persist2,0.3,68955,0.2342,3070.0,13081.0,5558.0,0.1901,0.6442,0.1414,0.0426
onion,13,crash,0.2,LAY_persist2,0.3,68955,0.2342,3177.0,12974.0,5640.0,0.1967,0.6397,0.1458,0.047
onion,13,crash,0.3,M0E,0.1,68955,0.2342,6888.0,9263.0,13911.0,0.4265,0.6688,0.2291,-0.8422
onion,13,crash,0.3,LAY,0.1,68955,0.2342,7102.0,9049.0,13697.0,0.4397,0.6585,0.2379,-0.8017
onion,13,crash,0.3,momentum,0.1,68955,0.2342,3329.0,12822.0,17470.0,0.2061,0.8399,0.099,-1.5162
onion,13,crash,0.3,seasonal,0.1,68955,0.2342,5735.0,10416.0,15064.0,0.3551,0.7243,0.1837,-1.0606
onion,13,crash,0.3,M0reg,0.1,68955,0.2342,6002.0,10149.0,14797.0,0.3716,0.7114,0.1939,-1.01
onion,13,crash,0.3,M6reg,0.1,68955,0.2342,6616.0,9535.0,14183.0,0.4096,0.6819,0.2181,-0.8938
onion,13,crash,0.3,never,0.1,68955,0.2342,0.0,16151.0,0.0,0.0,,0.0,-1.7528
onion,13,crash,0.3,always,0.1,68955,0.2342,16151.0,0.0,52804.0,1.0,0.7658,0.2342,0.0
onion,13,crash,0.3,M0E,0.2,68955,0.2342,6888.0,9263.0,13911.0,0.4265,0.6688,0.2291,0.0349
onion,13,crash,0.3,LAY,0.2,68955,0.2342,7102.0,9049.0,13697.0,0.4397,0.6585,0.2379,0.0551
onion,13,crash,0.3,momentum,0.2,68955,0.2342,3329.0,12822.0,17470.0,0.2061,0.8399,0.099,-0.3021
onion,13,crash,0.3,seasonal,0.2,68955,0.2342,5735.0,10416.0,15064.0,0.3551,0.7243,0.1837,-0.0743
onion,13,crash,0.3,M0reg,0.2,68955,0.2342,6002.0,10149.0,14797.0,0.3716,0.7114,0.1939,-0.049
onion,13,crash,0.3,M6reg,0.2,68955,0.2342,6616.0,9535.0,14183.0,0.4096,0.6819,0.2181,0.0091
onion,13,crash,0.3,never,0.2,68955,0.2342,0.0,16151.0,0.0,0.0,,0.0,-0.2235
onion,13,crash,0.3,always,0.2,68955,0.2342,16151.0,0.0,52804.0,1.0,0.7658,0.2342,0.0
onion,13,crash,0.3,M0E,0.3,68955,0.2342,6888.0,9263.0,13911.0,0.4265,0.6688,0.2291,0.0573
onion,13,crash,0.3,LAY,0.3,68955,0.2342,7102.0,9049.0,13697.0,0.4397,0.6585,0.2379,0.0763
onion,13,crash,0.3,momentum,0.3,68955,0.2342,3329.0,12822.0,17470.0,0.2061,0.8399,0.099,-0.2575
onion,13,crash,0.3,seasonal,0.3,68955,0.2342,5735.0,10416.0,15064.0,0.3551,0.7243,0.1837,-0.0446
onion,13,crash,0.3,M0reg,0.3,68955,0.2342,6002.0,10149.0,14797.0,0.3716,0.7114,0.1939,-0.021
onion,13,crash,0.3,M6reg,0.3,68955,0.2342,6616.0,9535.0,14183.0,0.4096,0.6819,0.2181,0.0333
onion,13,crash,0.3,never,0.3,68955,0.2342,0.0,16151.0,0.0,0.0,,0.0,0.0
onion,13,crash,0.3,always,0.3,68955,0.2342,16151.0,0.0,52804.0,1.0,0.7658,0.2342,-0.4012
onion,13,crash,,AUC_M0E,,68955,0.2342,,,,,,,0.8121
onion,13,crash,,AUC_LAY,,68955,0.2342,,,,,,,0.8799
onion,13,crash,,AUC_M0reg,,68955,0.2342,,,,,,,0.8042
onion,13,crash,,AUC_M6reg,,68955,0.2342,,,,,,,0.8248
onion,13,crash,,AUC_momentum,,68955,0.2342,,,,,,,0.3776
onion,13,crash,,Brier_M0E,,68955,0.2342,,,,,,,0.139
onion,13,crash,,Brier_LAY,,68955,0.2342,,,,,,,0.1218
onion,13,spike,0.1,M0E,0.1,68955,0.3506,3424.0,20750.0,3583.0,0.1416,0.5113,0.1234,-3.2503
onion,13,spike,0.1,LAY,0.1,68955,0.3506,3403.0,20771.0,3604.0,0.1408,0.5143,0.1225,-3.255
onion,13,spike,0.1,momentum,0.1,68955,0.3506,1713.0,22461.0,5294.0,0.0709,0.7555,0.0581,-3.6324
onion,13,spike,0.1,seasonal,0.1,68955,0.3506,2908.0,21266.0,4099.0,0.1203,0.585,0.1029,-3.3655
onion,13,spike,0.1,M0reg,0.1,68955,0.3506,3524.0,20650.0,3483.0,0.1458,0.4971,0.1274,-3.228
onion,13,spike,0.1,M6reg,0.1,68955,0.3506,3532.0,20642.0,3475.0,0.1461,0.4959,0.1277,-3.2262
onion,13,spike,0.1,never,0.1,68955,0.3506,0.0,24174.0,0.0,0.0,,0.0,-3.8584
onion,13,spike,0.1,always,0.1,68955,0.3506,24174.0,0.0,44781.0,1.0,0.6494,0.3506,0.0
onion,13,spike,0.1,M0E,0.2,68955,0.3506,3424.0,20750.0,3583.0,0.1416,0.5113,0.1234,-0.9335
onion,13,spike,0.1,LAY,0.2,68955,0.3506,3403.0,20771.0,3604.0,0.1408,0.5143,0.1225,-0.9358
onion,13,spike,0.1,momentum,0.2,68955,0.3506,1713.0,22461.0,5294.0,0.0709,0.7555,0.0581,-1.1245
onion,13,spike,0.1,seasonal,0.2,68955,0.3506,2908.0,21266.0,4099.0,0.1203,0.585,0.1029,-0.9911
onion,13,spike,0.1,M0reg,0.2,68955,0.3506,3524.0,20650.0,3483.0,0.1458,0.4971,0.1274,-0.9223
onion,13,spike,0.1,M6reg,0.2,68955,0.3506,3532.0,20642.0,3475.0,0.1461,0.4959,0.1277,-0.9214
onion,13,spike,0.1,never,0.2,68955,0.3506,0.0,24174.0,0.0,0.0,,0.0,-1.1593
onion,13,spike,0.1,always,0.2,68955,0.3506,24174.0,0.0,44781.0,1.0,0.6494,0.3506,0.0
onion,13,spike,0.1,M0E,0.3,68955,0.3506,3424.0,20750.0,3583.0,0.1416,0.5113,0.1234,-0.1612
onion,13,spike,0.1,LAY,0.3,68955,0.3506,3403.0,20771.0,3604.0,0.1408,0.5143,0.1225,-0.1628
onion,13,spike,0.1,momentum,0.3,68955,0.3506,1713.0,22461.0,5294.0,0.0709,0.7555,0.0581,-0.2886
onion,13,spike,0.1,seasonal,0.3,68955,0.3506,2908.0,21266.0,4099.0,0.1203,0.585,0.1029,-0.1996
onion,13,spike,0.1,M0reg,0.3,68955,0.3506,3524.0,20650.0,3483.0,0.1458,0.4971,0.1274,-0.1538
onion,13,spike,0.1,M6reg,0.3,68955,0.3506,3532.0,20642.0,3475.0,0.1461,0.4959,0.1277,-0.1532
onion,13,spike,0.1,never,0.3,68955,0.3506,0.0,24174.0,0.0,0.0,,0.0,-0.2596
onion,13,spike,0.1,always,0.3,68955,0.3506,24174.0,0.0,44781.0,1.0,0.6494,0.3506,0.0
onion,13,spike,0.2,M0E,0.1,68955,0.3506,6301.0,17873.0,7588.0,0.2607,0.5463,0.1984,-2.7615
onion,13,spike,0.2,LAY,0.1,68955,0.3506,6184.0,17990.0,7705.0,0.2558,0.5548,0.194,-2.7877
onion,13,spike,0.2,momentum,0.1,68955,0.3506,3660.0,20514.0,10229.0,0.1514,0.7365,0.1064,-3.3513
onion,13,spike,0.2,seasonal,0.1,68955,0.3506,5585.0,18589.0,8304.0,0.231,0.5979,0.172,-2.9214
onion,13,spike,0.2,M0reg,0.1,68955,0.3506,6443.0,17731.0,7446.0,0.2665,0.5361,0.2038,-2.7298
onion,13,spike,0.2,M6reg,0.1,68955,0.3506,6458.0,17716.0,7431.0,0.2671,0.535,0.2043,-2.7265
onion,13,spike,0.2,never,0.1,68955,0.3506,0.0,24174.0,0.0,0.0,,0.0,-3.8584
onion,13,spike,0.2,always,0.1,68955,0.3506,24174.0,0.0,44781.0,1.0,0.6494,0.3506,0.0
onion,13,spike,0.2,M0E_prob,0.1,68955,0.3506,13191.0,10983.0,24838.0,0.5457,0.6531,0.2691,-1.762
onion,13,spike,0.2,LAY_prob,0.1,68955,0.3506,19582.0,4592.0,24843.0,0.81,0.5592,0.3995,-0.4777
onion,13,spike,0.2,M0E_persist2,0.1,68955,0.3506,4482.0,19692.0,4507.0,0.1854,0.5014,0.1563,-3.0583
onion,13,spike,0.2,LAY_persist2,0.1,68955,0.3506,4301.0,19873.0,5142.0,0.1779,0.5445,0.1467,-3.1089
onion,13,spike,0.2,M0E,0.2,68955,0.3506,6301.0,17873.0,7588.0,0.2607,0.5463,0.1984,-0.7659
onion,13,spike,0.2,LAY,0.2,68955,0.3506,6184.0,17990.0,7705.0,0.2558,0.5548,0.194,-0.779
onion,13,spike,0.2,momentum,0.2,68955,0.3506,3660.0,20514.0,10229.0,0.1514,0.7365,0.1064,-1.0608
onion,13,spike,0.2,seasonal,0.2,68955,0.3506,5585.0,18589.0,8304.0,0.231,0.5979,0.172,-0.8459
onion,13,spike,0.2,M0reg,0.2,68955,0.3506,6443.0,17731.0,7446.0,0.2665,0.5361,0.2038,-0.7501
onion,13,spike,0.2,M6reg,0.2,68955,0.3506,6458.0,17716.0,7431.0,0.2671,0.535,0.2043,-0.7484
onion,13,spike,0.2,never,0.2,68955,0.3506,0.0,24174.0,0.0,0.0,,0.0,-1.1593
onion,13,spike,0.2,always,0.2,68955,0.3506,24174.0,0.0,44781.0,1.0,0.6494,0.3506,0.0
onion,13,spike,0.2,M0E_prob,0.2,68955,0.3506,13191.0,10983.0,24838.0,0.5457,0.6531,0.2691,-0.5357
onion,13,spike,0.2,LAY_prob,0.2,68955,0.3506,19582.0,4592.0,24843.0,0.81,0.5592,0.3995,0.0351
onion,13,spike,0.2,M0E_persist2,0.2,68955,0.3506,4482.0,19692.0,4507.0,0.1854,0.5014,0.1563,-0.8596
onion,13,spike,0.2,LAY_persist2,0.2,68955,0.3506,4301.0,19873.0,5142.0,0.1779,0.5445,0.1467,-0.89
onion,13,spike,0.2,M0E,0.3,68955,0.3506,6301.0,17873.0,7588.0,0.2607,0.5463,0.1984,-0.1007
onion,13,spike,0.2,LAY,0.3,68955,0.3506,6184.0,17990.0,7705.0,0.2558,0.5548,0.194,-0.1094
onion,13,spike,0.2,momentum,0.3,68955,0.3506,3660.0,20514.0,10229.0,0.1514,0.7365,0.1064,-0.2973
onion,13,spike,0.2,seasonal,0.3,68955,0.3506,5585.0,18589.0,8304.0,0.231,0.5979,0.172,-0.154
onion,13,spike,0.2,M0reg,0.3,68955,0.3506,6443.0,17731.0,7446.0,0.2665,0.5361,0.2038,-0.0902
onion,13,spike,0.2,M6reg,0.3,68955,0.3506,6458.0,17716.0,7431.0,0.2671,0.535,0.2043,-0.089
onion,13,spike,0.2,never,0.3,68955,0.3506,0.0,24174.0,0.0,0.0,,0.0,-0.2596
onion,13,spike,0.2,always,0.3,68955,0.3506,24174.0,0.0,44781.0,1.0,0.6494,0.3506,0.0
onion,13,spike,0.2,M0E_prob,0.3,68955,0.3506,13191.0,10983.0,24838.0,0.5457,0.6531,0.2691,-0.1269
onion,13,spike,0.2,LAY_prob,0.3,68955,0.3506,19582.0,4592.0,24843.0,0.81,0.5592,0.3995,0.206
onion,13,spike,0.2,M0E_persist2,0.3,68955,0.3506,4482.0,19692.0,4507.0,0.1854,0.5014,0.1563,-0.1267
onion,13,spike,0.2,LAY_persist2,0.3,68955,0.3506,4301.0,19873.0,5142.0,0.1779,0.5445,0.1467,-0.1503
onion,13,spike,0.3,M0E,0.1,68955,0.3506,8928.0,15246.0,11871.0,0.3693,0.5707,0.2477,-2.3292
onion,13,spike,0.3,LAY,0.1,68955,0.3506,8832.0,15342.0,11967.0,0.3654,0.5754,0.2444,-2.3506
onion,13,spike,0.3,momentum,0.1,68955,0.3506,5740.0,18434.0,15059.0,0.2374,0.724,0.1463,-3.0411
onion,13,spike,0.3,seasonal,0.1,68955,0.3506,8175.0,15999.0,12624.0,0.3382,0.607,0.2222,-2.4974
onion,13,spike,0.3,M0reg,0.1,68955,0.3506,9164.0,15010.0,11635.0,0.3791,0.5594,0.2559,-2.2765
onion,13,spike,0.3,M6reg,0.1,68955,0.3506,9249.0,14925.0,11550.0,0.3826,0.5553,0.2589,-2.2575
onion,13,spike,0.3,never,0.1,68955,0.3506,0.0,24174.0,0.0,0.0,,0.0,-3.8584
onion,13,spike,0.3,always,0.1,68955,0.3506,24174.0,0.0,44781.0,1.0,0.6494,0.3506,0.0
onion,13,spike,0.3,M0E,0.2,68955,0.3506,8928.0,15246.0,11871.0,0.3693,0.5707,0.2477,-0.6269
onion,13,spike,0.3,LAY,0.2,68955,0.3506,8832.0,15342.0,11967.0,0.3654,0.5754,0.2444,-0.6376
onion,13,spike,0.3,momentum,0.2,68955,0.3506,5740.0,18434.0,15059.0,0.2374,0.724,0.1463,-0.9829
onion,13,spike,0.3,seasonal,0.2,68955,0.3506,8175.0,15999.0,12624.0,0.3382,0.607,0.2222,-0.711
onion,13,spike,0.3,M0reg,0.2,68955,0.3506,9164.0,15010.0,11635.0,0.3791,0.5594,0.2559,-0.6006
onion,13,spike,0.3,M6reg,0.2,68955,0.3506,9249.0,14925.0,11550.0,0.3826,0.5553,0.2589,-0.5911
onion,13,spike,0.3,never,0.2,68955,0.3506,0.0,24174.0,0.0,0.0,,0.0,-1.1593
onion,13,spike,0.3,always,0.2,68955,0.3506,24174.0,0.0,44781.0,1.0,0.6494,0.3506,0.0
onion,13,spike,0.3,M0E,0.3,68955,0.3506,8928.0,15246.0,11871.0,0.3693,0.5707,0.2477,-0.0595
onion,13,spike,0.3,LAY,0.3,68955,0.3506,8832.0,15342.0,11967.0,0.3654,0.5754,0.2444,-0.0666
onion,13,spike,0.3,momentum,0.3,68955,0.3506,5740.0,18434.0,15059.0,0.2374,0.724,0.1463,-0.2968
onion,13,spike,0.3,seasonal,0.3,68955,0.3506,8175.0,15999.0,12624.0,0.3382,0.607,0.2222,-0.1155
onion,13,spike,0.3,M0reg,0.3,68955,0.3506,9164.0,15010.0,11635.0,0.3791,0.5594,0.2559,-0.0419
onion,13,spike,0.3,M6reg,0.3,68955,0.3506,9249.0,14925.0,11550.0,0.3826,0.5553,0.2589,-0.0356
onion,13,spike,0.3,never,0.3,68955,0.3506,0.0,24174.0,0.0,0.0,,0.0,-0.2596
onion,13,spike,0.3,always,0.3,68955,0.3506,24174.0,0.0,44781.0,1.0,0.6494,0.3506,0.0
onion,13,spike,,AUC_M0E,,68955,0.3506,,,,,,,0.663
onion,13,spike,,AUC_LAY,,68955,0.3506,,,,,,,0.6771
onion,13,spike,,AUC_M0reg,,68955,0.3506,,,,,,,0.7268
onion,13,spike,,AUC_M6reg,,68955,0.3506,,,,,,,0.7184
onion,13,spike,,AUC_momentum,,68955,0.3506,,,,,,,0.4785
onion,13,spike,,Brier_M0E,,68955,0.3506,,,,,,,0.2638
onion,13,spike,,Brier_LAY,,68955,0.3506,,,,,,,0.2198
onion,26,crash,0.1,M0E,0.1,59747,0.2661,2545.0,13354.0,3529.0,0.1601,0.581,0.131,-1.8215
onion,26,crash,0.1,LAY,0.1,59747,0.2661,2541.0,13358.0,3533.0,0.1598,0.5817,0.1308,-1.8224
onion,26,crash,0.1,momentum,0.1,59747,0.2661,1070.0,14829.0,5004.0,0.0673,0.8238,0.0512,-2.1578
onion,26,crash,0.1,seasonal,0.1,59747,0.2661,1670.0,14229.0,4404.0,0.105,0.7251,0.0823,-2.021
onion,26,crash,0.1,M0reg,0.1,59747,0.2661,2274.0,13625.0,3800.0,0.143,0.6256,0.1154,-1.8833
onion,26,crash,0.1,M6reg,0.1,59747,0.2661,2445.0,13454.0,3629.0,0.1538,0.5975,0.1252,-1.8443
onion,26,crash,0.1,never,0.1,59747,0.2661,0.0,15899.0,0.0,0.0,,0.0,-2.2633
onion,26,crash,0.1,always,0.1,59747,0.2661,15899.0,0.0,43848.0,1.0,0.7339,0.2661,0.0
onion,26,crash,0.1,M0E,0.2,59747,0.2661,2545.0,13354.0,3529.0,0.1601,0.581,0.131,-0.2987
onion,26,crash,0.1,LAY,0.2,59747,0.2661,2541.0,13358.0,3533.0,0.1598,0.5817,0.1308,-0.2991
onion,26,crash,0.1,momentum,0.2,59747,0.2661,1070.0,14829.0,5004.0,0.0673,0.8238,0.0512,-0.4669
onion,26,crash,0.1,seasonal,0.2,59747,0.2661,1670.0,14229.0,4404.0,0.105,0.7251,0.0823,-0.3985
onion,26,crash,0.1,M0reg,0.2,59747,0.2661,2274.0,13625.0,3800.0,0.143,0.6256,0.1154,-0.3296
onion,26,crash,0.1,M6reg,0.2,59747,0.2661,2445.0,13454.0,3629.0,0.1538,0.5975,0.1252,-0.3101
onion,26,crash,0.1,never,0.2,59747,0.2661,0.0,15899.0,0.0,0.0,,0.0,-0.4504
onion,26,crash,0.1,always,0.2,59747,0.2661,15899.0,0.0,43848.0,1.0,0.7339,0.2661,0.0
onion,26,crash,0.1,M0E,0.3,59747,0.2661,2545.0,13354.0,3529.0,0.1601,0.581,0.131,0.0649
onion,26,crash,0.1,LAY,0.3,59747,0.2661,2541.0,13358.0,3533.0,0.1598,0.5817,0.1308,0.0646
onion,26,crash,0.1,momentum,0.3,59747,0.2661,1070.0,14829.0,5004.0,0.0673,0.8238,0.0512,-0.0676
onion,26,crash,0.1,seasonal,0.3,59747,0.2661,1670.0,14229.0,4404.0,0.105,0.7251,0.0823,-0.0137
onion,26,crash,0.1,M0reg,0.3,59747,0.2661,2274.0,13625.0,3800.0,0.143,0.6256,0.1154,0.0406
onion,26,crash,0.1,M6reg,0.3,59747,0.2661,2445.0,13454.0,3629.0,0.1538,0.5975,0.1252,0.056
onion,26,crash,0.1,never,0.3,59747,0.2661,0.0,15899.0,0.0,0.0,,0.0,0.0
onion,26,crash,0.1,always,0.3,59747,0.2661,15899.0,0.0,43848.0,1.0,0.7339,0.2661,-0.182
onion,26,crash,0.2,M0E,0.1,59747,0.2661,4545.0,11354.0,7490.0,0.2859,0.6224,0.1943,-1.5013
onion,26,crash,0.2,LAY,0.1,59747,0.2661,4613.0,11286.0,7422.0,0.2901,0.6167,0.1978,-1.4858
onion,26,crash,0.2,momentum,0.1,59747,0.2661,2260.0,13639.0,9775.0,0.1421,0.8122,0.088,-2.0224
onion,26,crash,0.2,seasonal,0.1,59747,0.2661,3287.0,12612.0,8748.0,0.2067,0.7269,0.1334,-1.7882
onion,26,crash,0.2,M0reg,0.1,59747,0.2661,4192.0,11707.0,7843.0,0.2637,0.6517,0.1766,-1.5818
onion,26,crash,0.2,M6reg,0.1,59747,0.2661,4430.0,11469.0,7605.0,0.2786,0.6319,0.1885,-1.5275
onion,26,crash,0.2,never,0.1,59747,0.2661,0.0,15899.0,0.0,0.0,,0.0,-2.2633
onion,26,crash,0.2,always,0.1,59747,0.2661,15899.0,0.0,43848.0,1.0,0.7339,0.2661,0.0
onion,26,crash,0.2,M0E_prob,0.1,59747,0.2661,9438.0,6461.0,13416.0,0.5936,0.587,0.322,-0.6321
onion,26,crash,0.2,LAY_prob,0.1,59747,0.2661,12217.0,3682.0,10596.0,0.7684,0.4645,0.4611,0.0026
onion,26,crash,0.2,M0E_persist2,0.1,59747,0.2661,3051.0,12848.0,4833.0,0.1919,0.613,0.1472,-1.7473
onion,26,crash,0.2,LAY_persist2,0.1,59747,0.2661,3101.0,12798.0,4843.0,0.195,0.6096,0.1495,-1.7373
onion,26,crash,0.2,M0E,0.2,59747,0.2661,4545.0,11354.0,7490.0,0.2859,0.6224,0.1943,-0.2066
onion,26,crash,0.2,LAY,0.2,59747,0.2661,4613.0,11286.0,7422.0,0.2901,0.6167,0.1978,-0.1988
onion,26,crash,0.2,momentum,0.2,59747,0.2661,2260.0,13639.0,9775.0,0.1421,0.8122,0.088,-0.4671
onion,26,crash,0.2,seasonal,0.2,59747,0.2661,3287.0,12612.0,8748.0,0.2067,0.7269,0.1334,-0.35
onion,26,crash,0.2,M0reg,0.2,59747,0.2661,4192.0,11707.0,7843.0,0.2637,0.6517,0.1766,-0.2468
onion,26,crash,0.2,M6reg,0.2,59747,0.2661,4430.0,11469.0,7605.0,0.2786,0.6319,0.1885,-0.2197
onion,26,crash,0.2,never,0.2,59747,0.2661,0.0,15899.0,0.0,0.0,,0.0,-0.4504
onion,26,crash,0.2,always,0.2,59747,0.2661,15899.0,0.0,43848.0,1.0,0.7339,0.2661,0.0
onion,26,crash,0.2,M0E_prob,0.2,59747,0.2661,9438.0,6461.0,13416.0,0.5936,0.587,0.322,0.1046
onion,26,crash,0.2,LAY_prob,0.2,59747,0.2661,12217.0,3682.0,10596.0,0.7684,0.4645,0.4611,0.4225
onion,26,crash,0.2,M0E_persist2,0.2,59747,0.2661,3051.0,12848.0,4833.0,0.1919,0.613,0.1472,-0.2823
onion,26,crash,0.2,LAY_persist2,0.2,59747,0.2661,3101.0,12798.0,4843.0,0.195,0.6096,0.1495,-0.2779
onion,26,crash,0.2,M0E,0.3,59747,0.2661,4545.0,11354.0,7490.0,0.2859,0.6224,0.1943,0.084
onion,26,crash,0.2,LAY,0.3,59747,0.2661,4613.0,11286.0,7422.0,0.2901,0.6167,0.1978,0.0901
onion,26,crash,0.2,momentum,0.3,59747,0.2661,2260.0,13639.0,9775.0,0.1421,0.8122,0.088,-0.1213
onion,26,crash,0.2,seasonal,0.3,59747,0.2661,3287.0,12612.0,8748.0,0.2067,0.7269,0.1334,-0.0291
onion,26,crash,0.2,M0reg,0.3,59747,0.2661,4192.0,11707.0,7843.0,0.2637,0.6517,0.1766,0.0522
onion,26,crash,0.2,M6reg,0.3,59747,0.2661,4430.0,11469.0,7605.0,0.2786,0.6319,0.1885,0.0736
onion,26,crash,0.2,never,0.3,59747,0.2661,0.0,15899.0,0.0,0.0,,0.0,0.0
onion,26,crash,0.2,always,0.3,59747,0.2661,15899.0,0.0,43848.0,1.0,0.7339,0.2661,-0.182
onion,26,crash,0.2,M0E_prob,0.3,59747,0.2661,9438.0,6461.0,13416.0,0.5936,0.587,0.322,0.232
onion,26,crash,0.2,LAY_prob,0.3,59747,0.2661,12217.0,3682.0,10596.0,0.7684,0.4645,0.4611,0.4828
onion,26,crash,0.2,M0E_persist2,0.3,59747,0.2661,3051.0,12848.0,4833.0,0.1919,0.613,0.1472,0.0616
onion,26,crash,0.2,LAY_persist2,0.3,59747,0.2661,3101.0,12798.0,4843.0,0.195,0.6096,0.1495,0.0645
onion,26,crash,0.3,M0E,0.1,59747,0.2661,6409.0,9490.0,11611.0,0.4031,0.6443,0.233,-1.2127
onion,26,crash,0.3,LAY,0.1,59747,0.2661,6534.0,9365.0,11486.0,0.411,0.6374,0.2386,-1.1842
onion,26,crash,0.3,momentum,0.1,59747,0.2661,3592.0,12307.0,14428.0,0.2259,0.8007,0.1184,-1.8551
onion,26,crash,0.3,seasonal,0.1,59747,0.2661,4857.0,11042.0,13163.0,0.3055,0.7305,0.1671,-1.5666
onion,26,crash,0.3,M0reg,0.1,59747,0.2661,5942.0,9957.0,12078.0,0.3737,0.6703,0.2124,-1.3192
onion,26,crash,0.3,M6reg,0.1,59747,0.2661,6264.0,9635.0,11756.0,0.394,0.6524,0.2265,-1.2457
onion,26,crash,0.3,never,0.1,59747,0.2661,0.0,15899.0,0.0,0.0,,0.0,-2.2633
onion,26,crash,0.3,always,0.1,59747,0.2661,15899.0,0.0,43848.0,1.0,0.7339,0.2661,0.0
onion,26,crash,0.3,M0E,0.2,59747,0.2661,6409.0,9490.0,11611.0,0.4031,0.6443,0.233,-0.1305
onion,26,crash,0.3,LAY,0.2,59747,0.2661,6534.0,9365.0,11486.0,0.411,0.6374,0.2386,-0.1163
onion,26,crash,0.3,momentum,0.2,59747,0.2661,3592.0,12307.0,14428.0,0.2259,0.8007,0.1184,-0.4517
onion,26,crash,0.3,seasonal,0.2,59747,0.2661,4857.0,11042.0,13163.0,0.3055,0.7305,0.1671,-0.3075
onion,26,crash,0.3,M0reg,0.2,59747,0.2661,5942.0,9957.0,12078.0,0.3737,0.6703,0.2124,-0.1838
onion,26,crash,0.3,M6reg,0.2,59747,0.2661,6264.0,9635.0,11756.0,0.394,0.6524,0.2265,-0.1471
onion,26,crash,0.3,never,0.2,59747,0.2661,0.0,15899.0,0.0,0.0,,0.0,-0.4504
onion,26,crash,0.3,always,0.2,59747,0.2661,15899.0,0.0,43848.0,1.0,0.7339,0.2661,0.0
onion,26,crash,0.3,M0E,0.3,59747,0.2661,6409.0,9490.0,11611.0,0.4031,0.6443,0.233,0.0901
onion,26,crash,0.3,LAY,0.3,59747,0.2661,6534.0,9365.0,11486.0,0.411,0.6374,0.2386,0.1014
onion,26,crash,0.3,momentum,0.3,59747,0.2661,3592.0,12307.0,14428.0,0.2259,0.8007,0.1184,-0.163
onion,26,crash,0.3,seasonal,0.3,59747,0.2661,4857.0,11042.0,13163.0,0.3055,0.7305,0.1671,-0.0493
onion,26,crash,0.3,M0reg,0.3,59747,0.2661,5942.0,9957.0,12078.0,0.3737,0.6703,0.2124,0.0482
onion,26,crash,0.3,M6reg,0.3,59747,0.2661,6264.0,9635.0,11756.0,0.394,0.6524,0.2265,0.0771
onion,26,crash,0.3,never,0.3,59747,0.2661,0.0,15899.0,0.0,0.0,,0.0,0.0
onion,26,crash,0.3,always,0.3,59747,0.2661,15899.0,0.0,43848.0,1.0,0.7339,0.2661,-0.182
onion,26,crash,,AUC_M0E,,59747,0.2661,,,,,,,0.7375
onion,26,crash,,AUC_LAY,,59747,0.2661,,,,,,,0.8394
onion,26,crash,,AUC_M0reg,,59747,0.2661,,,,,,,0.7967
onion,26,crash,,AUC_M6reg,,59747,0.2661,,,,,,,0.8502
onion,26,crash,,AUC_momentum,,59747,0.2661,,,,,,,0.3064
onion,26,crash,,Brier_M0E,,59747,0.2661,,,,,,,0.2313
onion,26,crash,,Brier_LAY,,59747,0.2661,,,,,,,0.1418
onion,26,spike,0.1,M0E,0.1,59747,0.3555,2954.0,18289.0,3120.0,0.1391,0.5137,0.1212,-3.3559
onion,26,spike,0.1,LAY,0.1,59747,0.3555,3094.0,18149.0,2980.0,0.1456,0.4906,0.1277,-3.3196
onion,26,spike,0.1,momentum,0.1,59747,0.3555,1484.0,19759.0,4590.0,0.0699,0.7557,0.0574,-3.7377
onion,26,spike,0.1,seasonal,0.1,59747,0.3555,2180.0,19063.0,3894.0,0.1026,0.6411,0.0867,-3.557
onion,26,spike,0.1,M0reg,0.1,59747,0.3555,3010.0,18233.0,3064.0,0.1417,0.5044,0.1238,-3.3414
onion,26,spike,0.1,M6reg,0.1,59747,0.3555,3053.0,18190.0,3021.0,0.1437,0.4974,0.1258,-3.3302
onion,26,spike,0.1,never,0.1,59747,0.3555,0.0,21243.0,0.0,0.0,,0.0,-3.9654
onion,26,spike,0.1,always,0.1,59747,0.3555,21243.0,0.0,38504.0,1.0,0.6445,0.3555,0.0
onion,26,spike,0.1,M0E,0.2,59747,0.3555,2954.0,18289.0,3120.0,0.1391,0.5137,0.1212,-0.981
onion,26,spike,0.1,LAY,0.2,59747,0.3555,3094.0,18149.0,2980.0,0.1456,0.4906,0.1277,-0.9628
onion,26,spike,0.1,momentum,0.2,59747,0.3555,1484.0,19759.0,4590.0,0.0699,0.7557,0.0574,-1.1719
onion,26,spike,0.1,seasonal,0.2,59747,0.3555,2180.0,19063.0,3894.0,0.1026,0.6411,0.0867,-1.0815
onion,26,spike,0.1,M0reg,0.2,59747,0.3555,3010.0,18233.0,3064.0,0.1417,0.5044,0.1238,-0.9737
onion,26,spike,0.1,M6reg,0.2,59747,0.3555,3053.0,18190.0,3021.0,0.1437,0.4974,0.1258,-0.9681
onion,26,spike,0.1,never,0.2,59747,0.3555,0.0,21243.0,0.0,0.0,,0.0,-1.2068
onion,26,spike,0.1,always,0.2,59747,0.3555,21243.0,0.0,38504.0,1.0,0.6445,0.3555,0.0
onion,26,spike,0.1,M0E,0.3,59747,0.3555,2954.0,18289.0,3120.0,0.1391,0.5137,0.1212,-0.1893
onion,26,spike,0.1,LAY,0.3,59747,0.3555,3094.0,18149.0,2980.0,0.1456,0.4906,0.1277,-0.1772
onion,26,spike,0.1,momentum,0.3,59747,0.3555,1484.0,19759.0,4590.0,0.0699,0.7557,0.0574,-0.3166
onion,26,spike,0.1,seasonal,0.3,59747,0.3555,2180.0,19063.0,3894.0,0.1026,0.6411,0.0867,-0.2563
onion,26,spike,0.1,M0reg,0.3,59747,0.3555,3010.0,18233.0,3064.0,0.1417,0.5044,0.1238,-0.1845
onion,26,spike,0.1,M6reg,0.3,59747,0.3555,3053.0,18190.0,3021.0,0.1437,0.4974,0.1258,-0.1808
onion,26,spike,0.1,never,0.3,59747,0.3555,0.0,21243.0,0.0,0.0,,0.0,-0.2873
onion,26,spike,0.1,always,0.3,59747,0.3555,21243.0,0.0,38504.0,1.0,0.6445,0.3555,0.0
onion,26,spike,0.2,M0E,0.1,59747,0.3555,5429.0,15814.0,6606.0,0.2556,0.5489,0.1949,-2.868
onion,26,spike,0.2,LAY,0.1,59747,0.3555,5661.0,15582.0,6374.0,0.2665,0.5296,0.205,-2.8077
onion,26,spike,0.2,momentum,0.1,59747,0.3555,3261.0,17982.0,8774.0,0.1535,0.729,0.1086,-3.431
onion,26,spike,0.2,seasonal,0.1,59747,0.3555,4300.0,16943.0,7735.0,0.2024,0.6427,0.1484,-3.1612
onion,26,spike,0.2,M0reg,0.1,59747,0.3555,5513.0,15730.0,6522.0,0.2595,0.5419,0.1986,-2.8461
onion,26,spike,0.2,M6reg,0.1,59747,0.3555,5595.0,15648.0,6440.0,0.2634,0.5351,0.2021,-2.8248
onion,26,spike,0.2,never,0.1,59747,0.3555,0.0,21243.0,0.0,0.0,,0.0,-3.9654
onion,26,spike,0.2,always,0.1,59747,0.3555,21243.0,0.0,38504.0,1.0,0.6445,0.3555,0.0
onion,26,spike,0.2,M0E_prob,0.1,59747,0.3555,12353.0,8890.0,18456.0,0.5815,0.599,0.3112,-1.5573
onion,26,spike,0.2,LAY_prob,0.1,59747,0.3555,16045.0,5198.0,18319.0,0.7553,0.5331,0.4056,-0.6908
onion,26,spike,0.2,M0E_persist2,0.1,59747,0.3555,3589.0,17654.0,4198.0,0.1689,0.5391,0.1411,-3.2355
onion,26,spike,0.2,LAY_persist2,0.1,59747,0.3555,3715.0,17528.0,4003.0,0.1749,0.5187,0.1472,-3.201
onion,26,spike,0.2,M0E,0.2,59747,0.3555,5429.0,15814.0,6606.0,0.2556,0.5489,0.1949,-0.8144
onion,26,spike,0.2,LAY,0.2,59747,0.3555,5661.0,15582.0,6374.0,0.2665,0.5296,0.205,-0.7843
onion,26,spike,0.2,momentum,0.2,59747,0.3555,3261.0,17982.0,8774.0,0.1535,0.729,0.1086,-1.0959
onion,26,spike,0.2,seasonal,0.2,59747,0.3555,4300.0,16943.0,7735.0,0.2024,0.6427,0.1484,-0.961
onion,26,spike,0.2,M0reg,0.2,59747,0.3555,5513.0,15730.0,6522.0,0.2595,0.5419,0.1986,-0.8035
onion,26,spike,0.2,M6reg,0.2,59747,0.3555,5595.0,15648.0,6440.0,0.2634,0.5351,0.2021,-0.7929
onion,26,spike,0.2,never,0.2,59747,0.3555,0.0,21243.0,0.0,0.0,,0.0,-1.2068
onion,26,spike,0.2,always,0.2,59747,0.3555,21243.0,0.0,38504.0,1.0,0.6445,0.3555,0.0
onion,26,spike,0.2,M0E_prob,0.2,59747,0.3555,12353.0,8890.0,18456.0,0.5815,0.599,0.3112,-0.4029
onion,26,spike,0.2,LAY_prob,0.2,59747,0.3555,16045.0,5198.0,18319.0,0.7553,0.5331,0.4056,-0.0158
onion,26,spike,0.2,M0E_persist2,0.2,59747,0.3555,3589.0,17654.0,4198.0,0.1689,0.5391,0.1411,-0.943
onion,26,spike,0.2,LAY_persist2,0.2,59747,0.3555,3715.0,17528.0,4003.0,0.1749,0.5187,0.1472,-0.9249
onion,26,spike,0.2,M0E,0.3,59747,0.3555,5429.0,15814.0,6606.0,0.2556,0.5489,0.1949,-0.1299
onion,26,spike,0.2,LAY,0.3,59747,0.3555,5661.0,15582.0,6374.0,0.2665,0.5296,0.205,-0.1098
onion,26,spike,0.2,momentum,0.3,59747,0.3555,3261.0,17982.0,8774.0,0.1535,0.729,0.1086,-0.3176
onion,26,spike,0.2,seasonal,0.3,59747,0.3555,4300.0,16943.0,7735.0,0.2024,0.6427,0.1484,-0.2276
onion,26,spike,0.2,M0reg,0.3,59747,0.3555,5513.0,15730.0,6522.0,0.2595,0.5419,0.1986,-0.1226
onion,26,spike,0.2,M6reg,0.3,59747,0.3555,5595.0,15648.0,6440.0,0.2634,0.5351,0.2021,-0.1155
onion,26,spike,0.2,never,0.3,59747,0.3555,0.0,21243.0,0.0,0.0,,0.0,-0.2873
onion,26,spike,0.2,always,0.3,59747,0.3555,21243.0,0.0,38504.0,1.0,0.6445,0.3555,0.0
onion,26,spike,0.2,M0E_prob,0.3,59747,0.3555,12353.0,8890.0,18456.0,0.5815,0.599,0.3112,-0.0181
onion,26,spike,0.2,LAY_prob,0.3,59747,0.3555,16045.0,5198.0,18319.0,0.7553,0.5331,0.4056,0.2092
onion,26,spike,0.2,M0E_persist2,0.3,59747,0.3555,3589.0,17654.0,4198.0,0.1689,0.5391,0.1411,-0.1789
onion,26,spike,0.2,LAY_persist2,0.3,59747,0.3555,3715.0,17528.0,4003.0,0.1749,0.5187,0.1472,-0.1662
onion,26,spike,0.3,M0E,0.1,59747,0.3555,7785.0,13458.0,10235.0,0.3665,0.568,0.2473,-2.4115
onion,26,spike,0.3,LAY,0.1,59747,0.3555,8004.0,13239.0,10016.0,0.3768,0.5558,0.2561,-2.3546
onion,26,spike,0.3,momentum,0.1,59747,0.3555,5224.0,16019.0,12796.0,0.2459,0.7101,0.1535,-3.0766
onion,26,spike,0.3,seasonal,0.1,59747,0.3555,6402.0,14841.0,11618.0,0.3014,0.6447,0.1948,-2.7707
onion,26,spike,0.3,M0reg,0.1,59747,0.3555,7842.0,13401.0,10178.0,0.3692,0.5648,0.2496,-2.3967
onion,26,spike,0.3,M6reg,0.1,59747,0.3555,7908.0,13335.0,10112.0,0.3723,0.5612,0.2522,-2.3796
onion,26,spike,0.3,never,0.1,59747,0.3555,0.0,21243.0,0.0,0.0,,0.0,-3.9654
onion,26,spike,0.3,always,0.1,59747,0.3555,21243.0,0.0,38504.0,1.0,0.6445,0.3555,0.0
onion,26,spike,0.3,M0E,0.2,59747,0.3555,7785.0,13458.0,10235.0,0.3665,0.568,0.2473,-0.6639
onion,26,spike,0.3,LAY,0.2,59747,0.3555,8004.0,13239.0,10016.0,0.3768,0.5558,0.2561,-0.6355
onion,26,spike,0.3,momentum,0.2,59747,0.3555,5224.0,16019.0,12796.0,0.2459,0.7101,0.1535,-0.9965
onion,26,spike,0.3,seasonal,0.2,59747,0.3555,6402.0,14841.0,11618.0,0.3014,0.6447,0.1948,-0.8435
onion,26,spike,0.3,M0reg,0.2,59747,0.3555,7842.0,13401.0,10178.0,0.3692,0.5648,0.2496,-0.6565
onion,26,spike,0.3,M6reg,0.2,59747,0.3555,7908.0,13335.0,10112.0,0.3723,0.5612,0.2522,-0.6479
onion,26,spike,0.3,never,0.2,59747,0.3555,0.0,21243.0,0.0,0.0,,0.0,-1.2068
onion,26,spike,0.3,always,0.2,59747,0.3555,21243.0,0.0,38504.0,1.0,0.6445,0.3555,0.0
onion,26,spike,0.3,M0E,0.3,59747,0.3555,7785.0,13458.0,10235.0,0.3665,0.568,0.2473,-0.0814
onion,26,spike,0.3,LAY,0.3,59747,0.3555,8004.0,13239.0,10016.0,0.3768,0.5558,0.2561,-0.0624
onion,26,spike,0.3,momentum,0.3,59747,0.3555,5224.0,16019.0,12796.0,0.2459,0.7101,0.1535,-0.3031
onion,26,spike,0.3,seasonal,0.3,59747,0.3555,6402.0,14841.0,11618.0,0.3014,0.6447,0.1948,-0.2011
onion,26,spike,0.3,M0reg,0.3,59747,0.3555,7842.0,13401.0,10178.0,0.3692,0.5648,0.2496,-0.0764
onion,26,spike,0.3,M6reg,0.3,59747,0.3555,7908.0,13335.0,10112.0,0.3723,0.5612,0.2522,-0.0707
onion,26,spike,0.3,never,0.3,59747,0.3555,0.0,21243.0,0.0,0.0,,0.0,-0.2873
onion,26,spike,0.3,always,0.3,59747,0.3555,21243.0,0.0,38504.0,1.0,0.6445,0.3555,0.0
onion,26,spike,,AUC_M0E,,59747,0.3555,,,,,,,0.7137
onion,26,spike,,AUC_LAY,,59747,0.3555,,,,,,,0.832
onion,26,spike,,AUC_M0reg,,59747,0.3555,,,,,,,0.6973
onion,26,spike,,AUC_M6reg,,59747,0.3555,,,,,,,0.7838
onion,26,spike,,AUC_momentum,,59747,0.3555,,,,,,,0.2852
onion,26,spike,,Brier_M0E,,59747,0.3555,,,,,,,0.332
onion,26,spike,,Brier_LAY,,59747,0.3555,,,,,,,0.2562
potato,4,crash,0.1,M0E,0.1,19334,0.0834,284.0,1328.0,1748.0,0.1762,0.8602,0.0845,0.0557
potato,4,crash,0.1,LAY,0.1,19334,0.0834,311.0,1301.0,1721.0,0.1929,0.8469,0.0933,0.0743
potato,4,crash,0.1,momentum,0.1,19334,0.0834,126.0,1486.0,1906.0,0.0782,0.938,0.0358,-0.0532
potato,4,crash,0.1,seasonal,0.1,19334,0.0834,185.0,1427.0,1847.0,0.1148,0.909,0.0535,-0.0125
potato,4,crash,0.1,M0reg,0.1,19334,0.0834,292.0,1320.0,1740.0,0.1811,0.8563,0.0871,0.0612
potato,4,crash,0.1,M6reg,0.1,19334,0.0834,314.0,1298.0,1718.0,0.1948,0.8455,0.0943,0.0764
potato,4,crash,0.1,never,0.1,19334,0.0834,0.0,1612.0,0.0,0.0,,0.0,0.0
potato,4,crash,0.1,always,0.1,19334,0.0834,1612.0,0.0,17722.0,1.0,0.9166,0.0834,-0.2215
potato,4,crash,0.1,M0E,0.2,19334,0.0834,284.0,1328.0,1748.0,0.1762,0.8602,0.0845,-0.0949
potato,4,crash,0.1,LAY,0.2,19334,0.0834,311.0,1301.0,1721.0,0.1929,0.8469,0.0933,-0.074
potato,4,crash,0.1,momentum,0.2,19334,0.0834,126.0,1486.0,1906.0,0.0782,0.938,0.0358,-0.2174
potato,4,crash,0.1,seasonal,0.2,19334,0.0834,185.0,1427.0,1847.0,0.1148,0.909,0.0535,-0.1717
potato,4,crash,0.1,M0reg,0.2,19334,0.0834,292.0,1320.0,1740.0,0.1811,0.8563,0.0871,-0.0887
potato,4,crash,0.1,M6reg,0.2,19334,0.0834,314.0,1298.0,1718.0,0.1948,0.8455,0.0943,-0.0717
potato,4,crash,0.1,never,0.2,19334,0.0834,0.0,1612.0,0.0,0.0,,0.0,0.0
potato,4,crash,0.1,always,0.2,19334,0.0834,1612.0,0.0,17722.0,1.0,0.9166,0.0834,-1.7484
potato,4,crash,0.1,M0E,0.3,19334,0.0834,284.0,1328.0,1748.0,0.1762,0.8602,0.0845,-0.2886
potato,4,crash,0.1,LAY,0.3,19334,0.0834,311.0,1301.0,1721.0,0.1929,0.8469,0.0933,-0.2646
potato,4,crash,0.1,momentum,0.3,19334,0.0834,126.0,1486.0,1906.0,0.0782,0.938,0.0358,-0.4286
potato,4,crash,0.1,seasonal,0.3,19334,0.0834,185.0,1427.0,1847.0,0.1148,0.909,0.0535,-0.3763
potato,4,crash,0.1,M0reg,0.3,19334,0.0834,292.0,1320.0,1740.0,0.1811,0.8563,0.0871,-0.2815
potato,4,crash,0.1,M6reg,0.3,19334,0.0834,314.0,1298.0,1718.0,0.1948,0.8455,0.0943,-0.262
potato,4,crash,0.1,never,0.3,19334,0.0834,0.0,1612.0,0.0,0.0,,0.0,0.0
potato,4,crash,0.1,always,0.3,19334,0.0834,1612.0,0.0,17722.0,1.0,0.9166,0.0834,-3.7116
potato,4,crash,0.2,M0E,0.1,19334,0.0834,460.0,1152.0,3502.0,0.2854,0.8839,0.0899,0.044
potato,4,crash,0.2,LAY,0.1,19334,0.0834,506.0,1106.0,3456.0,0.3139,0.8723,0.0998,0.0757
potato,4,crash,0.2,momentum,0.1,19334,0.0834,239.0,1373.0,3723.0,0.1483,0.9397,0.0448,-0.1084
potato,4,crash,0.2,seasonal,0.1,19334,0.0834,358.0,1254.0,3604.0,0.2221,0.9096,0.0686,-0.0263
potato,4,crash,0.2,M0reg,0.1,19334,0.0834,478.0,1134.0,3484.0,0.2965,0.8794,0.0938,0.0564
potato,4,crash,0.2,M6reg,0.1,19334,0.0834,508.0,1104.0,3454.0,0.3151,0.8718,0.1003,0.0771
potato,4,crash,0.2,never,0.1,19334,0.0834,0.0,1612.0,0.0,0.0,,0.0,0.0
potato,4,crash,0.2,always,0.1,19334,0.0834,1612.0,0.0,17722.0,1.0,0.9166,0.0834,-0.2215
potato,4,crash,0.2,M0E_prob,0.1,19334,0.0834,473.0,1139.0,1652.0,0.2934,0.7774,0.1449,0.1796
potato,4,crash,0.2,LAY_prob,0.1,19334,0.0834,855.0,757.0,2328.0,0.5304,0.7314,0.217,0.3699
potato,4,crash,0.2,M0E_persist2,0.1,19334,0.0834,319.0,1293.0,2584.0,0.1979,0.8901,0.076,0.0198
potato,4,crash,0.2,LAY_persist2,0.1,19334,0.0834,329.0,1283.0,2478.0,0.2041,0.8828,0.0804,0.0333
potato,4,crash,0.2,M0E,0.2,19334,0.0834,460.0,1152.0,3502.0,0.2854,0.8839,0.0899,-0.2578
potato,4,crash,0.2,LAY,0.2,19334,0.0834,506.0,1106.0,3456.0,0.3139,0.8723,0.0998,-0.2221
potato,4,crash,0.2,momentum,0.2,19334,0.0834,239.0,1373.0,3723.0,0.1483,0.9397,0.0448,-0.4291
potato,4,crash,0.2,seasonal,0.2,19334,0.0834,358.0,1254.0,3604.0,0.2221,0.9096,0.0686,-0.3368
potato,4,crash,0.2,M0reg,0.2,19334,0.0834,478.0,1134.0,3484.0,0.2965,0.8794,0.0938,-0.2438
potato,4,crash,0.2,M6reg,0.2,19334,0.0834,508.0,1104.0,3454.0,0.3151,0.8718,0.1003,-0.2205
potato,4,crash,0.2,never,0.2,19334,0.0834,0.0,1612.0,0.0,0.0,,0.0,0.0
potato,4,crash,0.2,always,0.2,19334,0.0834,1612.0,0.0,17722.0,1.0,0.9166,0.0834,-1.7484
potato,4,crash,0.2,M0E_prob,0.2,19334,0.0834,473.0,1139.0,1652.0,0.2934,0.7774,0.1449,0.0372
potato,4,crash,0.2,LAY_prob,0.2,19334,0.0834,855.0,757.0,2328.0,0.5304,0.7314,0.217,0.1694
potato,4,crash,0.2,M0E_persist2,0.2,19334,0.0834,319.0,1293.0,2584.0,0.1979,0.8901,0.076,-0.2029
potato,4,crash,0.2,LAY_persist2,0.2,19334,0.0834,329.0,1283.0,2478.0,0.2041,0.8828,0.0804,-0.1802
potato,4,crash,0.2,M0E,0.3,19334,0.0834,460.0,1152.0,3502.0,0.2854,0.8839,0.0899,-0.6457
potato,4,crash,0.2,LAY,0.3,19334,0.0834,506.0,1106.0,3456.0,0.3139,0.8723,0.0998,-0.6049
potato,4,crash,0.2,momentum,0.3,19334,0.0834,239.0,1373.0,3723.0,0.1483,0.9397,0.0448,-0.8415
potato,4,crash,0.2,seasonal,0.3,19334,0.0834,358.0,1254.0,3604.0,0.2221,0.9096,0.0686,-0.7361
potato,4,crash,0.2,M0reg,0.3,19334,0.0834,478.0,1134.0,3484.0,0.2965,0.8794,0.0938,-0.6297
potato,4,crash,0.2,M6reg,0.3,19334,0.0834,508.0,1104.0,3454.0,0.3151,0.8718,0.1003,-0.6032
potato,4,crash,0.2,never,0.3,19334,0.0834,0.0,1612.0,0.0,0.0,,0.0,0.0
potato,4,crash,0.2,always,0.3,19334,0.0834,1612.0,0.0,17722.0,1.0,0.9166,0.0834,-3.7116
potato,4,crash,0.2,M0E_prob,0.3,19334,0.0834,473.0,1139.0,1652.0,0.2934,0.7774,0.1449,-0.1458
potato,4,crash,0.2,LAY_prob,0.3,19334,0.0834,855.0,757.0,2328.0,0.5304,0.7314,0.217,-0.0885
potato,4,crash,0.2,M0E_persist2,0.3,19334,0.0834,319.0,1293.0,2584.0,0.1979,0.8901,0.076,-0.4891
potato,4,crash,0.2,LAY_persist2,0.3,19334,0.0834,329.0,1283.0,2478.0,0.2041,0.8828,0.0804,-0.4547
potato,4,crash,0.3,M0E,0.1,19334,0.0834,641.0,971.0,5257.0,0.3976,0.8913,0.0933,0.0353
potato,4,crash,0.3,LAY,0.1,19334,0.0834,682.0,930.0,5216.0,0.4231,0.8844,0.0999,0.0636
potato,4,crash,0.3,momentum,0.1,19334,0.0834,378.0,1234.0,5520.0,0.2345,0.9359,0.053,-0.146
potato,4,crash,0.3,seasonal,0.1,19334,0.0834,520.0,1092.0,5378.0,0.3226,0.9118,0.0744,-0.0481
potato,4,crash,0.3,M0reg,0.1,19334,0.0834,652.0,960.0,5246.0,0.4045,0.8895,0.0951,0.0429
potato,4,crash,0.3,M6reg,0.1,19334,0.0834,678.0,934.0,5220.0,0.4206,0.885,0.0992,0.0608
potato,4,crash,0.3,never,0.1,19334,0.0834,0.0,1612.0,0.0,0.0,,0.0,0.0
potato,4,crash,0.3,always,0.1,19334,0.0834,1612.0,0.0,17722.0,1.0,0.9166,0.0834,-0.2215
potato,4,crash,0.3,M0E,0.2,19334,0.0834,641.0,971.0,5257.0,0.3976,0.8913,0.0933,-0.4176
potato,4,crash,0.3,LAY,0.2,19334,0.0834,682.0,930.0,5216.0,0.4231,0.8844,0.0999,-0.3859
potato,4,crash,0.3,momentum,0.2,19334,0.0834,378.0,1234.0,5520.0,0.2345,0.9359,0.053,-0.6216
potato,4,crash,0.3,seasonal,0.2,19334,0.0834,520.0,1092.0,5378.0,0.3226,0.9118,0.0744,-0.5115
potato,4,crash,0.3,M0reg,0.2,19334,0.0834,652.0,960.0,5246.0,0.4045,0.8895,0.0951,-0.4091
potato,4,crash,0.3,M6reg,0.2,19334,0.0834,678.0,934.0,5220.0,0.4206,0.885,0.0992,-0.389
potato,4,crash,0.3,never,0.2,19334,0.0834,0.0,1612.0,0.0,0.0,,0.0,0.0
potato,4,crash,0.3,always,0.2,19334,0.0834,1612.0,0.0,17722.0,1.0,0.9166,0.0834,-1.7484
potato,4,crash,0.3,M0E,0.3,19334,0.0834,641.0,971.0,5257.0,0.3976,0.8913,0.0933,-1.0
potato,4,crash,0.3,LAY,0.3,19334,0.0834,682.0,930.0,5216.0,0.4231,0.8844,0.0999,-0.9637
potato,4,crash,0.3,momentum,0.3,19334,0.0834,378.0,1234.0,5520.0,0.2345,0.9359,0.053,-1.2331
potato,4,crash,0.3,seasonal,0.3,19334,0.0834,520.0,1092.0,5378.0,0.3226,0.9118,0.0744,-1.1072
potato,4,crash,0.3,M0reg,0.3,19334,0.0834,652.0,960.0,5246.0,0.4045,0.8895,0.0951,-0.9903
potato,4,crash,0.3,M6reg,0.3,19334,0.0834,678.0,934.0,5220.0,0.4206,0.885,0.0992,-0.9672
potato,4,crash,0.3,never,0.3,19334,0.0834,0.0,1612.0,0.0,0.0,,0.0,0.0
potato,4,crash,0.3,always,0.3,19334,0.0834,1612.0,0.0,17722.0,1.0,0.9166,0.0834,-3.7116
potato,4,crash,,AUC_M0E,,19334,0.0834,,,,,,,0.7685
potato,4,crash,,AUC_LAY,,19334,0.0834,,,,,,,0.8076
potato,4,crash,,AUC_M0reg,,19334,0.0834,,,,,,,0.6707
potato,4,crash,,AUC_M6reg,,19334,0.0834,,,,,,,0.6947
potato,4,crash,,AUC_momentum,,19334,0.0834,,,,,,,0.6588
potato,4,crash,,Brier_M0E,,19334,0.0834,,,,,,,0.081
potato,4,crash,,Brier_LAY,,19334,0.0834,,,,,,,0.0738
potato,4,spike,0.1,M0E,0.1,19334,0.0831,469.0,1137.0,1563.0,0.292,0.7692,0.148,0.1839
potato,4,spike,0.1,LAY,0.1,19334,0.0831,423.0,1183.0,1609.0,0.2634,0.7918,0.1316,0.1521
potato,4,spike,0.1,momentum,0.1,19334,0.0831,75.0,1531.0,1957.0,0.0467,0.9631,0.021,-0.0887
potato,4,spike,0.1,seasonal,0.1,19334,0.0831,216.0,1390.0,1816.0,0.1345,0.8937,0.0631,0.0089
potato,4,spike,0.1,M0reg,0.1,19334,0.0831,426.0,1180.0,1606.0,0.2653,0.7904,0.1326,0.1541
potato,4,spike,0.1,M6reg,0.1,19334,0.0831,448.0,1158.0,1584.0,0.279,0.7795,0.1404,0.1694
potato,4,spike,0.1,never,0.1,19334,0.0831,0.0,1606.0,0.0,0.0,,0.0,0.0
potato,4,spike,0.1,always,0.1,19334,0.0831,1606.0,0.0,17728.0,1.0,0.9169,0.0831,-0.2265
potato,4,spike,0.1,M0E,0.2,19334,0.0831,469.0,1137.0,1563.0,0.292,0.7692,0.148,0.0487
potato,4,spike,0.1,LAY,0.2,19334,0.0831,423.0,1183.0,1609.0,0.2634,0.7918,0.1316,0.0129
potato,4,spike,0.1,momentum,0.2,19334,0.0831,75.0,1531.0,1957.0,0.0467,0.9631,0.021,-0.2579
potato,4,spike,0.1,seasonal,0.2,19334,0.0831,216.0,1390.0,1816.0,0.1345,0.8937,0.0631,-0.1482
potato,4,spike,0.1,M0reg,0.2,19334,0.0831,426.0,1180.0,1606.0,0.2653,0.7904,0.1326,0.0153
potato,4,spike,0.1,M6reg,0.2,19334,0.0831,448.0,1158.0,1584.0,0.279,0.7795,0.1404,0.0324
potato,4,spike,0.1,never,0.2,19334,0.0831,0.0,1606.0,0.0,0.0,,0.0,0.0
potato,4,spike,0.1,always,0.2,19334,0.0831,1606.0,0.0,17728.0,1.0,0.9169,0.0831,-1.7597
potato,4,spike,0.1,M0E,0.3,19334,0.0831,469.0,1137.0,1563.0,0.292,0.7692,0.148,-0.1251
potato,4,spike,0.1,LAY,0.3,19334,0.0831,423.0,1183.0,1609.0,0.2634,0.7918,0.1316,-0.166
potato,4,spike,0.1,momentum,0.3,19334,0.0831,75.0,1531.0,1957.0,0.0467,0.9631,0.021,-0.4755
potato,4,spike,0.1,seasonal,0.3,19334,0.0831,216.0,1390.0,1816.0,0.1345,0.8937,0.0631,-0.3501
potato,4,spike,0.1,M0reg,0.3,19334,0.0831,426.0,1180.0,1606.0,0.2653,0.7904,0.1326,-0.1633
potato,4,spike,0.1,M6reg,0.3,19334,0.0831,448.0,1158.0,1584.0,0.279,0.7795,0.1404,-0.1437
potato,4,spike,0.1,never,0.3,19334,0.0831,0.0,1606.0,0.0,0.0,,0.0,0.0
potato,4,spike,0.1,always,0.3,19334,0.0831,1606.0,0.0,17728.0,1.0,0.9169,0.0831,-3.7308
potato,4,spike,0.2,M0E,0.1,19334,0.0831,705.0,901.0,3257.0,0.439,0.8221,0.145,0.2136
potato,4,spike,0.2,LAY,0.1,19334,0.0831,651.0,955.0,3311.0,0.4054,0.8357,0.1324,0.1763
potato,4,spike,0.2,momentum,0.1,19334,0.0831,148.0,1458.0,3814.0,0.0922,0.9626,0.0273,-0.1717
potato,4,spike,0.2,seasonal,0.1,19334,0.0831,403.0,1203.0,3559.0,0.2509,0.8983,0.078,0.0047
potato,4,spike,0.2,M0reg,0.1,19334,0.0831,645.0,961.0,3317.0,0.4016,0.8372,0.131,0.1721
potato,4,spike,0.2,M6reg,0.1,19334,0.0831,638.0,968.0,3324.0,0.3973,0.839,0.1294,0.1673
potato,4,spike,0.2,never,0.1,19334,0.0831,0.0,1606.0,0.0,0.0,,0.0,0.0
potato,4,spike,0.2,always,0.1,19334,0.0831,1606.0,0.0,17728.0,1.0,0.9169,0.0831,-0.2265
potato,4,spike,0.2,M0E_prob,0.1,19334,0.0831,389.0,1217.0,1005.0,0.2422,0.7209,0.149,0.1727
potato,4,spike,0.2,LAY_prob,0.1,19334,0.0831,417.0,1189.0,1810.0,0.2597,0.8128,0.1221,0.1344
potato,4,spike,0.2,M0E_persist2,0.1,19334,0.0831,536.0,1070.0,2278.0,0.3337,0.8095,0.138,0.1761
potato,4,spike,0.2,LAY_persist2,0.1,19334,0.0831,498.0,1108.0,2300.0,0.3101,0.822,0.1275,0.151
potato,4,spike,0.2,M0E,0.2,19334,0.0831,705.0,901.0,3257.0,0.439,0.8221,0.145,-0.068
potato,4,spike,0.2,LAY,0.2,19334,0.0831,651.0,955.0,3311.0,0.4054,0.8357,0.1324,-0.1101
potato,4,spike,0.2,momentum,0.2,19334,0.0831,148.0,1458.0,3814.0,0.0922,0.9626,0.0273,-0.5016
potato,4,spike,0.2,seasonal,0.2,19334,0.0831,403.0,1203.0,3559.0,0.2509,0.8983,0.078,-0.3031
potato,4,spike,0.2,M0reg,0.2,19334,0.0831,645.0,961.0,3317.0,0.4016,0.8372,0.131,-0.1147
potato,4,spike,0.2,M6reg,0.2,19334,0.0831,638.0,968.0,3324.0,0.3973,0.839,0.1294,-0.1202
potato,4,spike,0.2,never,0.2,19334,0.0831,0.0,1606.0,0.0,0.0,,0.0,0.0
potato,4,spike,0.2,always,0.2,19334,0.0831,1606.0,0.0,17728.0,1.0,0.9169,0.0831,-1.7597
potato,4,spike,0.2,M0E_prob,0.2,19334,0.0831,389.0,1217.0,1005.0,0.2422,0.7209,0.149,0.0858
potato,4,spike,0.2,LAY_prob,0.2,19334,0.0831,417.0,1189.0,1810.0,0.2597,0.8128,0.1221,-0.0221
potato,4,spike,0.2,M0E_persist2,0.2,19334,0.0831,536.0,1070.0,2278.0,0.3337,0.8095,0.138,-0.0209
potato,4,spike,0.2,LAY_persist2,0.2,19334,0.0831,498.0,1108.0,2300.0,0.3101,0.822,0.1275,-0.0479
potato,4,spike,0.2,M0E,0.3,19334,0.0831,705.0,901.0,3257.0,0.439,0.8221,0.145,-0.4302
potato,4,spike,0.2,LAY,0.3,19334,0.0831,651.0,955.0,3311.0,0.4054,0.8357,0.1324,-0.4782
potato,4,spike,0.2,momentum,0.3,19334,0.0831,148.0,1458.0,3814.0,0.0922,0.9626,0.0273,-0.9256
potato,4,spike,0.2,seasonal,0.3,19334,0.0831,403.0,1203.0,3559.0,0.2509,0.8983,0.078,-0.6988
potato,4,spike,0.2,M0reg,0.3,19334,0.0831,645.0,961.0,3317.0,0.4016,0.8372,0.131,-0.4835
potato,4,spike,0.2,M6reg,0.3,19334,0.0831,638.0,968.0,3324.0,0.3973,0.839,0.1294,-0.4898
potato,4,spike,0.2,never,0.3,19334,0.0831,0.0,1606.0,0.0,0.0,,0.0,0.0
potato,4,spike,0.2,always,0.3,19334,0.0831,1606.0,0.0,17728.0,1.0,0.9169,0.0831,-3.7308
potato,4,spike,0.2,M0E_prob,0.3,19334,0.0831,389.0,1217.0,1005.0,0.2422,0.7209,0.149,-0.026
potato,4,spike,0.2,LAY_prob,0.3,19334,0.0831,417.0,1189.0,1810.0,0.2597,0.8128,0.1221,-0.2234
potato,4,spike,0.2,M0E_persist2,0.3,19334,0.0831,536.0,1070.0,2278.0,0.3337,0.8095,0.138,-0.2742
potato,4,spike,0.2,LAY_persist2,0.3,19334,0.0831,498.0,1108.0,2300.0,0.3101,0.822,0.1275,-0.3037
potato,4,spike,0.3,M0E,0.1,19334,0.0831,916.0,690.0,4982.0,0.5704,0.8447,0.139,0.2257
potato,4,spike,0.3,LAY,0.1,19334,0.0831,843.0,763.0,5055.0,0.5249,0.8571,0.1266,0.1752
potato,4,spike,0.3,momentum,0.1,19334,0.0831,252.0,1354.0,5646.0,0.1569,0.9573,0.0347,-0.2337
potato,4,spike,0.3,seasonal,0.1,19334,0.0831,572.0,1034.0,5326.0,0.3562,0.903,0.0825,-0.0123
potato,4,spike,0.3,M0reg,0.1,19334,0.0831,825.0,781.0,5073.0,0.5137,0.8601,0.1235,0.1627
potato,4,spike,0.3,M6reg,0.1,19334,0.0831,824.0,782.0,5074.0,0.5131,0.8603,0.1234,0.162
potato,4,spike,0.3,never,0.1,19334,0.0831,0.0,1606.0,0.0,0.0,,0.0,0.0
potato,4,spike,0.3,always,0.1,19334,0.0831,1606.0,0.0,17728.0,1.0,0.9169,0.0831,-0.2265
potato,4,spike,0.3,M0E,0.2,19334,0.0831,916.0,690.0,4982.0,0.5704,0.8447,0.139,-0.2052
potato,4,spike,0.3,LAY,0.2,19334,0.0831,843.0,763.0,5055.0,0.5249,0.8571,0.1266,-0.262
potato,4,spike,0.3,momentum,0.2,19334,0.0831,252.0,1354.0,5646.0,0.1569,0.9573,0.0347,-0.722
potato,4,spike,0.3,seasonal,0.2,19334,0.0831,572.0,1034.0,5326.0,0.3562,0.903,0.0825,-0.4729
potato,4,spike,0.3,M0reg,0.2,19334,0.0831,825.0,781.0,5073.0,0.5137,0.8601,0.1235,-0.276
potato,4,spike,0.3,M6reg,0.2,19334,0.0831,824.0,782.0,5074.0,0.5131,0.8603,0.1234,-0.2768
potato,4,spike,0.3,never,0.2,19334,0.0831,0.0,1606.0,0.0,0.0,,0.0,0.0
potato,4,spike,0.3,always,0.2,19334,0.0831,1606.0,0.0,17728.0,1.0,0.9169,0.0831,-1.7597
potato,4,spike,0.3,M0E,0.3,19334,0.0831,916.0,690.0,4982.0,0.5704,0.8447,0.139,-0.7591
potato,4,spike,0.3,LAY,0.3,19334,0.0831,843.0,763.0,5055.0,0.5249,0.8571,0.1266,-0.8241
potato,4,spike,0.3,momentum,0.3,19334,0.0831,252.0,1354.0,5646.0,0.1569,0.9573,0.0347,-1.3498
potato,4,spike,0.3,seasonal,0.3,19334,0.0831,572.0,1034.0,5326.0,0.3562,0.903,0.0825,-1.0651
potato,4,spike,0.3,M0reg,0.3,19334,0.0831,825.0,781.0,5073.0,0.5137,0.8601,0.1235,-0.8401
potato,4,spike,0.3,M6reg,0.3,19334,0.0831,824.0,782.0,5074.0,0.5131,0.8603,0.1234,-0.841
potato,4,spike,0.3,never,0.3,19334,0.0831,0.0,1606.0,0.0,0.0,,0.0,0.0
potato,4,spike,0.3,always,0.3,19334,0.0831,1606.0,0.0,17728.0,1.0,0.9169,0.0831,-3.7308
potato,4,spike,,AUC_M0E,,19334,0.0831,,,,,,,0.8531
potato,4,spike,,AUC_LAY,,19334,0.0831,,,,,,,0.7372
potato,4,spike,,AUC_M0reg,,19334,0.0831,,,,,,,0.7143
potato,4,spike,,AUC_M6reg,,19334,0.0831,,,,,,,0.7236
potato,4,spike,,AUC_momentum,,19334,0.0831,,,,,,,0.3597
potato,4,spike,,Brier_M0E,,19334,0.0831,,,,,,,0.0727
potato,4,spike,,Brier_LAY,,19334,0.0831,,,,,,,0.0818
potato,13,crash,0.1,M0E,0.1,18534,0.2061,538.0,3281.0,1415.0,0.1409,0.7245,0.1028,-1.1029
potato,13,crash,0.1,LAY,0.1,18534,0.2061,563.0,3256.0,1390.0,0.1474,0.7117,0.1081,-1.0859
potato,13,crash,0.1,momentum,0.1,18534,0.2061,309.0,3510.0,1644.0,0.0809,0.8418,0.0566,-1.2585
potato,13,crash,0.1,seasonal,0.1,18534,0.2061,404.0,3415.0,1549.0,0.1058,0.7931,0.0753,-1.194
potato,13,crash,0.1,M0reg,0.1,18534,0.2061,547.0,3272.0,1406.0,0.1432,0.7199,0.1047,-1.0968
potato,13,crash,0.1,M6reg,0.1,18534,0.2061,550.0,3269.0,1403.0,0.144,0.7184,0.1053,-1.0947
potato,13,crash,0.1,never,0.1,18534,0.2061,0.0,3819.0,0.0,0.0,,0.0,-1.3358
potato,13,crash,0.1,always,0.1,18534,0.2061,3819.0,0.0,14715.0,1.0,0.7939,0.2061,0.0
potato,13,crash,0.1,M0E,0.2,18534,0.2061,538.0,3281.0,1415.0,0.1409,0.7245,0.1028,0.012
potato,13,crash,0.1,LAY,0.2,18534,0.2061,563.0,3256.0,1390.0,0.1474,0.7117,0.1081,0.0205
potato,13,crash,0.1,momentum,0.2,18534,0.2061,309.0,3510.0,1644.0,0.0809,0.8418,0.0566,-0.0659
potato,13,crash,0.1,seasonal,0.2,18534,0.2061,404.0,3415.0,1549.0,0.1058,0.7931,0.0753,-0.0336
potato,13,crash,0.1,M0reg,0.2,18534,0.2061,547.0,3272.0,1406.0,0.1432,0.7199,0.1047,0.015
potato,13,crash,0.1,M6reg,0.2,18534,0.2061,550.0,3269.0,1403.0,0.144,0.7184,0.1053,0.016
potato,13,crash,0.1,never,0.2,18534,0.2061,0.0,3819.0,0.0,0.0,,0.0,-0.0381
potato,13,crash,0.1,always,0.2,18534,0.2061,3819.0,0.0,14715.0,1.0,0.7939,0.2061,0.0
potato,13,crash,0.1,M0E,0.3,18534,0.2061,538.0,3281.0,1415.0,0.1409,0.7245,0.1028,-0.0179
potato,13,crash,0.1,LAY,0.3,18534,0.2061,563.0,3256.0,1390.0,0.1474,0.7117,0.1081,-0.0086
potato,13,crash,0.1,momentum,0.3,18534,0.2061,309.0,3510.0,1644.0,0.0809,0.8418,0.0566,-0.1036
potato,13,crash,0.1,seasonal,0.3,18534,0.2061,404.0,3415.0,1549.0,0.1058,0.7931,0.0753,-0.068
potato,13,crash,0.1,M0reg,0.3,18534,0.2061,547.0,3272.0,1406.0,0.1432,0.7199,0.1047,-0.0146
potato,13,crash,0.1,M6reg,0.3,18534,0.2061,550.0,3269.0,1403.0,0.144,0.7184,0.1053,-0.0134
potato,13,crash,0.1,never,0.3,18534,0.2061,0.0,3819.0,0.0,0.0,,0.0,0.0
potato,13,crash,0.1,always,0.3,18534,0.2061,3819.0,0.0,14715.0,1.0,0.7939,0.2061,-0.6513
potato,13,crash,0.2,M0E,0.1,18534,0.2061,936.0,2883.0,2864.0,0.2451,0.7537,0.1401,-0.9579
potato,13,crash,0.2,LAY,0.1,18534,0.2061,1021.0,2798.0,2779.0,0.2673,0.7313,0.1547,-0.9002
potato,13,crash,0.2,momentum,0.1,18534,0.2061,651.0,3168.0,3149.0,0.1705,0.8287,0.0934,-1.1516
potato,13,crash,0.2,seasonal,0.1,18534,0.2061,823.0,2996.0,2977.0,0.2155,0.7834,0.1211,-1.0347
potato,13,crash,0.2,M0reg,0.1,18534,0.2061,983.0,2836.0,2817.0,0.2574,0.7413,0.1481,-0.926
potato,13,crash,0.2,M6reg,0.1,18534,0.2061,985.0,2834.0,2815.0,0.2579,0.7408,0.1485,-0.9246
potato,13,crash,0.2,never,0.1,18534,0.2061,0.0,3819.0,0.0,0.0,,0.0,-1.3358
potato,13,crash,0.2,always,0.1,18534,0.2061,3819.0,0.0,14715.0,1.0,0.7939,0.2061,0.0
potato,13,crash,0.2,M0E_prob,0.1,18534,0.2061,2377.0,1442.0,2392.0,0.6224,0.5016,0.3827,-0.0445
potato,13,crash,0.2,LAY_prob,0.1,18534,0.2061,2310.0,1509.0,4209.0,0.6049,0.6457,0.2877,-0.209
potato,13,crash,0.2,M0E_persist2,0.1,18534,0.2061,681.0,3138.0,2065.0,0.1783,0.752,0.1157,-1.0596
potato,13,crash,0.2,LAY_persist2,0.1,18534,0.2061,734.0,3085.0,1914.0,0.1922,0.7228,0.128,-1.0169
potato,13,crash,0.2,M0E,0.2,18534,0.2061,936.0,2883.0,2864.0,0.2451,0.7537,0.1401,0.0217
potato,13,crash,0.2,LAY,0.2,18534,0.2061,1021.0,2798.0,2779.0,0.2673,0.7313,0.1547,0.0506
potato,13,crash,0.2,momentum,0.2,18534,0.2061,651.0,3168.0,3149.0,0.1705,0.8287,0.0934,-0.0752
potato,13,crash,0.2,seasonal,0.2,18534,0.2061,823.0,2996.0,2977.0,0.2155,0.7834,0.1211,-0.0167
potato,13,crash,0.2,M0reg,0.2,18534,0.2061,983.0,2836.0,2817.0,0.2574,0.7413,0.1481,0.0376
potato,13,crash,0.2,M6reg,0.2,18534,0.2061,985.0,2834.0,2815.0,0.2579,0.7408,0.1485,0.0383
potato,13,crash,0.2,never,0.2,18534,0.2061,0.0,3819.0,0.0,0.0,,0.0,-0.0381
potato,13,crash,0.2,always,0.2,18534,0.2061,3819.0,0.0,14715.0,1.0,0.7939,0.2061,0.0
potato,13,crash,0.2,M0E_prob,0.2,18534,0.2061,2377.0,1442.0,2392.0,0.6224,0.5016,0.3827,0.4455
potato,13,crash,0.2,LAY_prob,0.2,18534,0.2061,2310.0,1509.0,4209.0,0.6049,0.6457,0.2877,0.3038
potato,13,crash,0.2,M0E_persist2,0.2,18534,0.2061,681.0,3138.0,2065.0,0.1783,0.752,0.1157,0.0067
potato,13,crash,0.2,LAY_persist2,0.2,18534,0.2061,734.0,3085.0,1914.0,0.1922,0.7228,0.128,0.0313
potato,13,crash,0.2,M0E,0.3,18534,0.2061,936.0,2883.0,2864.0,0.2451,0.7537,0.1401,-0.0763
potato,13,crash,0.2,LAY,0.3,18534,0.2061,1021.0,2798.0,2779.0,0.2673,0.7313,0.1547,-0.0445
potato,13,crash,0.2,momentum,0.3,18534,0.2061,651.0,3168.0,3149.0,0.1705,0.8287,0.0934,-0.1829
potato,13,crash,0.2,seasonal,0.3,18534,0.2061,823.0,2996.0,2977.0,0.2155,0.7834,0.1211,-0.1186
potato,13,crash,0.2,M0reg,0.3,18534,0.2061,983.0,2836.0,2817.0,0.2574,0.7413,0.1481,-0.0587
potato,13,crash,0.2,M6reg,0.3,18534,0.2061,985.0,2834.0,2815.0,0.2579,0.7408,0.1485,-0.058
potato,13,crash,0.2,never,0.3,18534,0.2061,0.0,3819.0,0.0,0.0,,0.0,0.0
potato,13,crash,0.2,always,0.3,18534,0.2061,3819.0,0.0,14715.0,1.0,0.7939,0.2061,-0.6513
potato,13,crash,0.2,M0E_prob,0.3,18534,0.2061,2377.0,1442.0,2392.0,0.6224,0.5016,0.3827,0.354
potato,13,crash,0.2,LAY_prob,0.3,18534,0.2061,2310.0,1509.0,4209.0,0.6049,0.6457,0.2877,0.1325
potato,13,crash,0.2,M0E_persist2,0.3,18534,0.2061,681.0,3138.0,2065.0,0.1783,0.752,0.1157,-0.0534
potato,13,crash,0.2,LAY_persist2,0.3,18534,0.2061,734.0,3085.0,1914.0,0.1922,0.7228,0.128,-0.0226
potato,13,crash,0.3,M0E,0.1,18534,0.2061,1340.0,2479.0,4317.0,0.3509,0.7631,0.1647,-0.8096
potato,13,crash,0.3,LAY,0.1,18534,0.2061,1461.0,2358.0,4196.0,0.3826,0.7417,0.1823,-0.7274
potato,13,crash,0.3,momentum,0.1,18534,0.2061,1006.0,2813.0,4651.0,0.2634,0.8222,0.1188,-1.0366
potato,13,crash,0.3,seasonal,0.1,18534,0.2061,1242.0,2577.0,4415.0,0.3252,0.7804,0.1508,-0.8762
potato,13,crash,0.3,M0reg,0.1,18534,0.2061,1413.0,2406.0,4244.0,0.37,0.7502,0.1752,-0.76
potato,13,crash,0.3,M6reg,0.1,18534,0.2061,1404.0,2415.0,4253.0,0.3676,0.7518,0.1739,-0.7661
potato,13,crash,0.3,never,0.1,18534,0.2061,0.0,3819.0,0.0,0.0,,0.0,-1.3358
potato,13,crash,0.3,always,0.1,18534,0.2061,3819.0,0.0,14715.0,1.0,0.7939,0.2061,0.0
potato,13,crash,0.3,M0E,0.2,18534,0.2061,1340.0,2479.0,4317.0,0.3509,0.7631,0.1647,0.0328
potato,13,crash,0.3,LAY,0.2,18534,0.2061,1461.0,2358.0,4196.0,0.3826,0.7417,0.1823,0.0739
potato,13,crash,0.3,momentum,0.2,18534,0.2061,1006.0,2813.0,4651.0,0.2634,0.8222,0.1188,-0.0807
potato,13,crash,0.3,seasonal,0.2,18534,0.2061,1242.0,2577.0,4415.0,0.3252,0.7804,0.1508,-0.0005
potato,13,crash,0.3,M0reg,0.2,18534,0.2061,1413.0,2406.0,4244.0,0.37,0.7502,0.1752,0.0576
potato,13,crash,0.3,M6reg,0.2,18534,0.2061,1404.0,2415.0,4253.0,0.3676,0.7518,0.1739,0.0545
potato,13,crash,0.3,never,0.2,18534,0.2061,0.0,3819.0,0.0,0.0,,0.0,-0.0381
potato,13,crash,0.3,always,0.2,18534,0.2061,3819.0,0.0,14715.0,1.0,0.7939,0.2061,0.0
potato,13,crash,0.3,M0E,0.3,18534,0.2061,1340.0,2479.0,4317.0,0.3509,0.7631,0.1647,-0.1336
potato,13,crash,0.3,LAY,0.3,18534,0.2061,1461.0,2358.0,4196.0,0.3826,0.7417,0.1823,-0.0883
potato,13,crash,0.3,momentum,0.3,18534,0.2061,1006.0,2813.0,4651.0,0.2634,0.8222,0.1188,-0.2585
potato,13,crash,0.3,seasonal,0.3,18534,0.2061,1242.0,2577.0,4415.0,0.3252,0.7804,0.1508,-0.1702
potato,13,crash,0.3,M0reg,0.3,18534,0.2061,1413.0,2406.0,4244.0,0.37,0.7502,0.1752,-0.1063
potato,13,crash,0.3,M6reg,0.3,18534,0.2061,1404.0,2415.0,4253.0,0.3676,0.7518,0.1739,-0.1096
potato,13,crash,0.3,never,0.3,18534,0.2061,0.0,3819.0,0.0,0.0,,0.0,0.0
potato,13,crash,0.3,always,0.3,18534,0.2061,3819.0,0.0,14715.0,1.0,0.7939,0.2061,-0.6513
potato,13,crash,,AUC_M0E,,18534,0.2061,,,,,,,0.8353
potato,13,crash,,AUC_LAY,,18534,0.2061,,,,,,,0.8718
potato,13,crash,,AUC_M0reg,,18534,0.2061,,,,,,,0.7881
potato,13,crash,,AUC_M6reg,,18534,0.2061,,,,,,,0.7447
potato,13,crash,,AUC_momentum,,18534,0.2061,,,,,,,0.5622
potato,13,crash,,Brier_M0E,,18534,0.2061,,,,,,,0.162
potato,13,crash,,Brier_LAY,,18534,0.2061,,,,,,,0.1507
potato,13,spike,0.1,M0E,0.1,18534,0.2159,793.0,3208.0,1160.0,0.1982,0.594,0.1537,-1.0665
potato,13,spike,0.1,LAY,0.1,18534,0.2159,770.0,3231.0,1183.0,0.1925,0.6057,0.1485,-1.0823
potato,13,spike,0.1,momentum,0.1,18534,0.2159,268.0,3733.0,1685.0,0.067,0.8628,0.0471,-1.4277
potato,13,spike,0.1,seasonal,0.1,18534,0.2159,604.0,3397.0,1349.0,0.151,0.6907,0.1129,-1.1965
potato,13,spike,0.1,M0reg,0.1,18534,0.2159,766.0,3235.0,1187.0,0.1915,0.6078,0.1476,-1.085
potato,13,spike,0.1,M6reg,0.1,18534,0.2159,786.0,3215.0,1167.0,0.1965,0.5975,0.1521,-1.0713
potato,13,spike,0.1,never,0.1,18534,0.2159,0.0,4001.0,0.0,0.0,,0.0,-1.4777
potato,13,spike,0.1,always,0.1,18534,0.2159,4001.0,0.0,14533.0,1.0,0.7841,0.2159,0.0
potato,13,spike,0.1,M0E,0.2,18534,0.2159,793.0,3208.0,1160.0,0.1982,0.594,0.1537,0.0372
potato,13,spike,0.1,LAY,0.2,18534,0.2159,770.0,3231.0,1183.0,0.1925,0.6057,0.1485,0.0293
potato,13,spike,0.1,momentum,0.2,18534,0.2159,268.0,3733.0,1685.0,0.067,0.8628,0.0471,-0.1434
potato,13,spike,0.1,seasonal,0.2,18534,0.2159,604.0,3397.0,1349.0,0.151,0.6907,0.1129,-0.0278
potato,13,spike,0.1,M0reg,0.2,18534,0.2159,766.0,3235.0,1187.0,0.1915,0.6078,0.1476,0.0279
potato,13,spike,0.1,M6reg,0.2,18534,0.2159,786.0,3215.0,1167.0,0.1965,0.5975,0.1521,0.0348
potato,13,spike,0.1,never,0.2,18534,0.2159,0.0,4001.0,0.0,0.0,,0.0,-0.1012
potato,13,spike,0.1,always,0.2,18534,0.2159,4001.0,0.0,14533.0,1.0,0.7841,0.2159,0.0
potato,13,spike,0.1,M0E,0.3,18534,0.2159,793.0,3208.0,1160.0,0.1982,0.594,0.1537,0.0739
potato,13,spike,0.1,LAY,0.3,18534,0.2159,770.0,3231.0,1183.0,0.1925,0.6057,0.1485,0.0657
potato,13,spike,0.1,momentum,0.3,18534,0.2159,268.0,3733.0,1685.0,0.067,0.8628,0.0471,-0.1135
potato,13,spike,0.1,seasonal,0.3,18534,0.2159,604.0,3397.0,1349.0,0.151,0.6907,0.1129,0.0065
potato,13,spike,0.1,M0reg,0.3,18534,0.2159,766.0,3235.0,1187.0,0.1915,0.6078,0.1476,0.0643
potato,13,spike,0.1,M6reg,0.3,18534,0.2159,786.0,3215.0,1167.0,0.1965,0.5975,0.1521,0.0714
potato,13,spike,0.1,never,0.3,18534,0.2159,0.0,4001.0,0.0,0.0,,0.0,0.0
potato,13,spike,0.1,always,0.3,18534,0.2159,4001.0,0.0,14533.0,1.0,0.7841,0.2159,-0.5567
potato,13,spike,0.2,M0E,0.1,18534,0.2159,1324.0,2677.0,2476.0,0.3309,0.6516,0.2044,-0.8282
potato,13,spike,0.2,LAY,0.1,18534,0.2159,1309.0,2692.0,2491.0,0.3272,0.6555,0.2016,-0.8385
potato,13,spike,0.2,momentum,0.1,18534,0.2159,553.0,3448.0,3247.0,0.1382,0.8545,0.0763,-1.3587
potato,13,spike,0.2,seasonal,0.1,18534,0.2159,1115.0,2886.0,2685.0,0.2787,0.7066,0.1668,-0.972
potato,13,spike,0.2,M0reg,0.1,18534,0.2159,1273.0,2728.0,2527.0,0.3182,0.665,0.195,-0.8633
potato,13,spike,0.2,M6reg,0.1,18534,0.2159,1304.0,2697.0,2496.0,0.3259,0.6568,0.2007,-0.8419
potato,13,spike,0.2,never,0.1,18534,0.2159,0.0,4001.0,0.0,0.0,,0.0,-1.4777
potato,13,spike,0.2,always,0.1,18534,0.2159,4001.0,0.0,14533.0,1.0,0.7841,0.2159,0.0
potato,13,spike,0.2,M0E_prob,0.1,18534,0.2159,2974.0,1027.0,3875.0,0.7433,0.5658,0.3776,0.0974
potato,13,spike,0.2,LAY_prob,0.1,18534,0.2159,3209.0,792.0,4375.0,0.802,0.5769,0.3831,0.2085
potato,13,spike,0.2,M0E_persist2,0.1,18534,0.2159,953.0,3048.0,1730.0,0.2382,0.6448,0.1663,-1.0066
potato,13,spike,0.2,LAY_persist2,0.1,18534,0.2159,945.0,3056.0,1701.0,0.2362,0.6429,0.1657,-1.0096
potato,13,spike,0.2,M0E,0.2,18534,0.2159,1324.0,2677.0,2476.0,0.3309,0.6516,0.2044,0.0928
potato,13,spike,0.2,LAY,0.2,18534,0.2159,1309.0,2692.0,2491.0,0.3272,0.6555,0.2016,0.0877
potato,13,spike,0.2,momentum,0.2,18534,0.2159,553.0,3448.0,3247.0,0.1382,0.8545,0.0763,-0.1724
potato,13,spike,0.2,seasonal,0.2,18534,0.2159,1115.0,2886.0,2685.0,0.2787,0.7066,0.1668,0.0209
potato,13,spike,0.2,M0reg,0.2,18534,0.2159,1273.0,2728.0,2527.0,0.3182,0.665,0.195,0.0753
potato,13,spike,0.2,M6reg,0.2,18534,0.2159,1304.0,2697.0,2496.0,0.3259,0.6568,0.2007,0.0859
potato,13,spike,0.2,never,0.2,18534,0.2159,0.0,4001.0,0.0,0.0,,0.0,-0.1012
potato,13,spike,0.2,always,0.2,18534,0.2159,4001.0,0.0,14533.0,1.0,0.7841,0.2159,0.0
potato,13,spike,0.2,M0E_prob,0.2,18534,0.2159,2974.0,1027.0,3875.0,0.7433,0.5658,0.3776,0.4507
potato,13,spike,0.2,LAY_prob,0.2,18534,0.2159,3209.0,792.0,4375.0,0.802,0.5769,0.3831,0.481
potato,13,spike,0.2,M0E_persist2,0.2,18534,0.2159,953.0,3048.0,1730.0,0.2382,0.6448,0.1663,0.042
potato,13,spike,0.2,LAY_persist2,0.2,18534,0.2159,945.0,3056.0,1701.0,0.2362,0.6429,0.1657,0.0418
potato,13,spike,0.2,M0E,0.3,18534,0.2159,1324.0,2677.0,2476.0,0.3309,0.6516,0.2044,0.0657
potato,13,spike,0.2,LAY,0.3,18534,0.2159,1309.0,2692.0,2491.0,0.3272,0.6555,0.2016,0.0603
potato,13,spike,0.2,momentum,0.3,18534,0.2159,553.0,3448.0,3247.0,0.1382,0.8545,0.0763,-0.2096
potato,13,spike,0.2,seasonal,0.3,18534,0.2159,1115.0,2886.0,2685.0,0.2787,0.7066,0.1668,-0.0089
potato,13,spike,0.2,M0reg,0.3,18534,0.2159,1273.0,2728.0,2527.0,0.3182,0.665,0.195,0.0475
potato,13,spike,0.2,M6reg,0.3,18534,0.2159,1304.0,2697.0,2496.0,0.3259,0.6568,0.2007,0.0586
potato,13,spike,0.2,never,0.3,18534,0.2159,0.0,4001.0,0.0,0.0,,0.0,0.0
potato,13,spike,0.2,always,0.3,18534,0.2159,4001.0,0.0,14533.0,1.0,0.7841,0.2159,-0.5567
potato,13,spike,0.2,M0E_prob,0.3,18534,0.2159,2974.0,1027.0,3875.0,0.7433,0.5658,0.3776,0.3282
potato,13,spike,0.2,LAY_prob,0.3,18534,0.2159,3209.0,792.0,4375.0,0.802,0.5769,0.3831,0.3334
potato,13,spike,0.2,M0E_persist2,0.3,18534,0.2159,953.0,3048.0,1730.0,0.2382,0.6448,0.1663,0.0529
potato,13,spike,0.2,LAY_persist2,0.3,18534,0.2159,945.0,3056.0,1701.0,0.2362,0.6429,0.1657,0.054
potato,13,spike,0.3,M0E,0.1,18534,0.2159,1779.0,2222.0,3878.0,0.4446,0.6855,0.2258,-0.6429
potato,13,spike,0.3,LAY,0.1,18534,0.2159,1762.0,2239.0,3895.0,0.4404,0.6885,0.2232,-0.6546
potato,13,spike,0.3,momentum,0.1,18534,0.2159,851.0,3150.0,4806.0,0.2127,0.8496,0.0966,-1.2814
potato,13,spike,0.3,seasonal,0.1,18534,0.2159,1540.0,2461.0,4117.0,0.3849,0.7278,0.1897,-0.8073
potato,13,spike,0.3,M0reg,0.1,18534,0.2159,1727.0,2274.0,3930.0,0.4316,0.6947,0.2178,-0.6787
potato,13,spike,0.3,M6reg,0.1,18534,0.2159,1756.0,2245.0,3901.0,0.4389,0.6896,0.2222,-0.6587
potato,13,spike,0.3,never,0.1,18534,0.2159,0.0,4001.0,0.0,0.0,,0.0,-1.4777
potato,13,spike,0.3,always,0.1,18534,0.2159,4001.0,0.0,14533.0,1.0,0.7841,0.2159,0.0
potato,13,spike,0.3,M0E,0.2,18534,0.2159,1779.0,2222.0,3878.0,0.4446,0.6855,0.2258,0.1216
potato,13,spike,0.3,LAY,0.2,18534,0.2159,1762.0,2239.0,3895.0,0.4404,0.6885,0.2232,0.1157
potato,13,spike,0.3,momentum,0.2,18534,0.2159,851.0,3150.0,4806.0,0.2127,0.8496,0.0966,-0.1977
potato,13,spike,0.3,seasonal,0.2,18534,0.2159,1540.0,2461.0,4117.0,0.3849,0.7278,0.1897,0.0394
potato,13,spike,0.3,M0reg,0.2,18534,0.2159,1727.0,2274.0,3930.0,0.4316,0.6947,0.2178,0.1037
potato,13,spike,0.3,M6reg,0.2,18534,0.2159,1756.0,2245.0,3901.0,0.4389,0.6896,0.2222,0.1137
potato,13,spike,0.3,never,0.2,18534,0.2159,0.0,4001.0,0.0,0.0,,0.0,-0.1012
potato,13,spike,0.3,always,0.2,18534,0.2159,4001.0,0.0,14533.0,1.0,0.7841,0.2159,0.0
potato,13,spike,0.3,M0E,0.3,18534,0.2159,1779.0,2222.0,3878.0,0.4446,0.6855,0.2258,0.0292
potato,13,spike,0.3,LAY,0.3,18534,0.2159,1762.0,2239.0,3895.0,0.4404,0.6885,0.2232,0.0232
potato,13,spike,0.3,momentum,0.3,18534,0.2159,851.0,3150.0,4806.0,0.2127,0.8496,0.0966,-0.3021
potato,13,spike,0.3,seasonal,0.3,18534,0.2159,1540.0,2461.0,4117.0,0.3849,0.7278,0.1897,-0.0561
potato,13,spike,0.3,M0reg,0.3,18534,0.2159,1727.0,2274.0,3930.0,0.4316,0.6947,0.2178,0.0107
potato,13,spike,0.3,M6reg,0.3,18534,0.2159,1756.0,2245.0,3901.0,0.4389,0.6896,0.2222,0.021
potato,13,spike,0.3,never,0.3,18534,0.2159,0.0,4001.0,0.0,0.0,,0.0,0.0
potato,13,spike,0.3,always,0.3,18534,0.2159,4001.0,0.0,14533.0,1.0,0.7841,0.2159,-0.5567
potato,13,spike,,AUC_M0E,,18534,0.2159,,,,,,,0.8461
potato,13,spike,,AUC_LAY,,18534,0.2159,,,,,,,0.8402
potato,13,spike,,AUC_M0reg,,18534,0.2159,,,,,,,0.7151
potato,13,spike,,AUC_M6reg,,18534,0.2159,,,,,,,0.6752
potato,13,spike,,AUC_momentum,,18534,0.2159,,,,,,,0.3302
potato,13,spike,,Brier_M0E,,18534,0.2159,,,,,,,0.1293
potato,13,spike,,Brier_LAY,,18534,0.2159,,,,,,,0.1399
potato,26,crash,0.1,M0E,0.1,17513,0.3454,802.0,5247.0,1032.0,0.1326,0.5627,0.1133,-3.2093
potato,26,crash,0.1,LAY,0.1,17513,0.3454,787.0,5262.0,1047.0,0.1301,0.5709,0.1109,-3.2223
potato,26,crash,0.1,momentum,0.1,17513,0.3454,465.0,5584.0,1369.0,0.0769,0.7465,0.0627,-3.5032
potato,26,crash,0.1,seasonal,0.1,17513,0.3454,594.0,5455.0,1240.0,0.0982,0.6761,0.0815,-3.3907
potato,26,crash,0.1,M0reg,0.1,17513,0.3454,829.0,5220.0,1005.0,0.137,0.548,0.1175,-3.1857
potato,26,crash,0.1,M6reg,0.1,17513,0.3454,788.0,5261.0,1046.0,0.1303,0.5703,0.1111,-3.2215
potato,26,crash,0.1,never,0.1,17513,0.3454,0.0,6049.0,0.0,0.0,,0.0,-3.7489
potato,26,crash,0.1,always,0.1,17513,0.3454,6049.0,0.0,11464.0,1.0,0.6546,0.3454,0.0
potato,26,crash,0.1,M0E,0.2,17513,0.3454,802.0,5247.0,1032.0,0.1326,0.5627,0.1133,-0.9208
potato,26,crash,0.1,LAY,0.2,17513,0.3454,787.0,5262.0,1047.0,0.1301,0.5709,0.1109,-0.9273
potato,26,crash,0.1,momentum,0.2,17513,0.3454,465.0,5584.0,1369.0,0.0769,0.7465,0.0627,-1.0678
potato,26,crash,0.1,seasonal,0.2,17513,0.3454,594.0,5455.0,1240.0,0.0982,0.6761,0.0815,-1.0115
potato,26,crash,0.1,M0reg,0.2,17513,0.3454,829.0,5220.0,1005.0,0.137,0.548,0.1175,-0.909
potato,26,crash,0.1,M6reg,0.2,17513,0.3454,788.0,5261.0,1046.0,0.1303,0.5703,0.1111,-0.9269
potato,26,crash,0.1,never,0.2,17513,0.3454,0.0,6049.0,0.0,0.0,,0.0,-1.1106
potato,26,crash,0.1,always,0.2,17513,0.3454,6049.0,0.0,11464.0,1.0,0.6546,0.3454,0.0
potato,26,crash,0.1,M0E,0.3,17513,0.3454,802.0,5247.0,1032.0,0.1326,0.5627,0.1133,-0.158
potato,26,crash,0.1,LAY,0.3,17513,0.3454,787.0,5262.0,1047.0,0.1301,0.5709,0.1109,-0.1623
potato,26,crash,0.1,momentum,0.3,17513,0.3454,465.0,5584.0,1369.0,0.0769,0.7465,0.0627,-0.256
potato,26,crash,0.1,seasonal,0.3,17513,0.3454,594.0,5455.0,1240.0,0.0982,0.6761,0.0815,-0.2185
potato,26,crash,0.1,M0reg,0.3,17513,0.3454,829.0,5220.0,1005.0,0.137,0.548,0.1175,-0.1501
potato,26,crash,0.1,M6reg,0.3,17513,0.3454,788.0,5261.0,1046.0,0.1303,0.5703,0.1111,-0.162
potato,26,crash,0.1,never,0.3,17513,0.3454,0.0,6049.0,0.0,0.0,,0.0,-0.2312
potato,26,crash,0.1,always,0.3,17513,0.3454,6049.0,0.0,11464.0,1.0,0.6546,0.3454,0.0
potato,26,crash,0.2,M0E,0.1,17513,0.3454,1417.0,4632.0,2170.0,0.2343,0.605,0.1724,-2.8257
potato,26,crash,0.2,LAY,0.1,17513,0.3454,1423.0,4626.0,2164.0,0.2352,0.6033,0.1733,-2.8205
potato,26,crash,0.2,momentum,0.1,17513,0.3454,1008.0,5041.0,2579.0,0.1666,0.719,0.1168,-3.1825
potato,26,crash,0.2,seasonal,0.1,17513,0.3454,1211.0,4838.0,2376.0,0.2002,0.6624,0.1437,-3.0054
potato,26,crash,0.2,M0reg,0.1,17513,0.3454,1505.0,4544.0,2082.0,0.2488,0.5804,0.1851,-2.749
potato,26,crash,0.2,M6reg,0.1,17513,0.3454,1441.0,4608.0,2146.0,0.2382,0.5983,0.1758,-2.8048
potato,26,crash,0.2,never,0.1,17513,0.3454,0.0,6049.0,0.0,0.0,,0.0,-3.7489
potato,26,crash,0.2,always,0.1,17513,0.3454,6049.0,0.0,11464.0,1.0,0.6546,0.3454,0.0
potato,26,crash,0.2,M0E_prob,0.1,17513,0.3454,3960.0,2089.0,2881.0,0.6547,0.4211,0.4434,-0.8913
potato,26,crash,0.2,LAY_prob,0.1,17513,0.3454,4000.0,2049.0,2314.0,0.6613,0.3665,0.4783,-0.8105
potato,26,crash,0.2,M0E_persist2,0.1,17513,0.3454,1046.0,5003.0,1518.0,0.1729,0.592,0.1382,-3.0601
potato,26,crash,0.2,LAY_persist2,0.1,17513,0.3454,1122.0,4927.0,1533.0,0.1855,0.5774,0.148,-3.0017
potato,26,crash,0.2,M0E,0.2,17513,0.3454,1417.0,4632.0,2170.0,0.2343,0.605,0.1724,-0.8055
potato,26,crash,0.2,LAY,0.2,17513,0.3454,1423.0,4626.0,2164.0,0.2352,0.6033,0.1733,-0.8029
potato,26,crash,0.2,momentum,0.2,17513,0.3454,1008.0,5041.0,2579.0,0.1666,0.719,0.1168,-0.9839
potato,26,crash,0.2,seasonal,0.2,17513,0.3454,1211.0,4838.0,2376.0,0.2002,0.6624,0.1437,-0.8953
potato,26,crash,0.2,M0reg,0.2,17513,0.3454,1505.0,4544.0,2082.0,0.2488,0.5804,0.1851,-0.7671
potato,26,crash,0.2,M6reg,0.2,17513,0.3454,1441.0,4608.0,2146.0,0.2382,0.5983,0.1758,-0.795
potato,26,crash,0.2,never,0.2,17513,0.3454,0.0,6049.0,0.0,0.0,,0.0,-1.1106
potato,26,crash,0.2,always,0.2,17513,0.3454,6049.0,0.0,11464.0,1.0,0.6546,0.3454,0.0
potato,26,crash,0.2,M0E_prob,0.2,17513,0.3454,3960.0,2089.0,2881.0,0.6547,0.4211,0.4434,0.0198
potato,26,crash,0.2,LAY_prob,0.2,17513,0.3454,4000.0,2049.0,2314.0,0.6613,0.3665,0.4783,0.0832
potato,26,crash,0.2,M0E_persist2,0.2,17513,0.3454,1046.0,5003.0,1518.0,0.1729,0.592,0.1382,-0.8781
potato,26,crash,0.2,LAY_persist2,0.2,17513,0.3454,1122.0,4927.0,1533.0,0.1855,0.5774,0.148,-0.8528
potato,26,crash,0.2,M0E,0.3,17513,0.3454,1417.0,4632.0,2170.0,0.2343,0.605,0.1724,-0.1321
potato,26,crash,0.2,LAY,0.3,17513,0.3454,1423.0,4626.0,2164.0,0.2352,0.6033,0.1733,-0.1303
potato,26,crash,0.2,momentum,0.3,17513,0.3454,1008.0,5041.0,2579.0,0.1666,0.719,0.1168,-0.251
potato,26,crash,0.2,seasonal,0.3,17513,0.3454,1211.0,4838.0,2376.0,0.2002,0.6624,0.1437,-0.192
potato,26,crash,0.2,M0reg,0.3,17513,0.3454,1505.0,4544.0,2082.0,0.2488,0.5804,0.1851,-0.1065
potato,26,crash,0.2,M6reg,0.3,17513,0.3454,1441.0,4608.0,2146.0,0.2382,0.5983,0.1758,-0.1251
potato,26,crash,0.2,never,0.3,17513,0.3454,0.0,6049.0,0.0,0.0,,0.0,-0.2312
potato,26,crash,0.2,always,0.3,17513,0.3454,6049.0,0.0,11464.0,1.0,0.6546,0.3454,0.0
potato,26,crash,0.2,M0E_prob,0.3,17513,0.3454,3960.0,2089.0,2881.0,0.6547,0.4211,0.4434,0.3235
potato,26,crash,0.2,LAY_prob,0.3,17513,0.3454,4000.0,2049.0,2314.0,0.6613,0.3665,0.4783,0.3811
potato,26,crash,0.2,M0E_persist2,0.3,17513,0.3454,1046.0,5003.0,1518.0,0.1729,0.592,0.1382,-0.1507
potato,26,crash,0.2,LAY_persist2,0.3,17513,0.3454,1122.0,4927.0,1533.0,0.1855,0.5774,0.148,-0.1365
potato,26,crash,0.3,M0E,0.1,17513,0.3454,2016.0,4033.0,3316.0,0.3333,0.6219,0.2153,-2.4554
potato,26,crash,0.3,LAY,0.1,17513,0.3454,2023.0,4026.0,3309.0,0.3344,0.6206,0.2162,-2.4493
potato,26,crash,0.3,momentum,0.1,17513,0.3454,1573.0,4476.0,3759.0,0.26,0.705,0.1604,-2.8419
potato,26,crash,0.3,seasonal,0.1,17513,0.3454,1845.0,4204.0,3487.0,0.305,0.654,0.1935,-2.6046
potato,26,crash,0.3,M0reg,0.1,17513,0.3454,2166.0,3883.0,3166.0,0.3581,0.5938,0.2351,-2.3246
potato,26,crash,0.3,M6reg,0.1,17513,0.3454,2103.0,3946.0,3229.0,0.3477,0.6056,0.2267,-2.3795
potato,26,crash,0.3,never,0.1,17513,0.3454,0.0,6049.0,0.0,0.0,,0.0,-3.7489
potato,26,crash,0.3,always,0.1,17513,0.3454,6049.0,0.0,11464.0,1.0,0.6546,0.3454,0.0
potato,26,crash,0.3,M0E,0.2,17513,0.3454,2016.0,4033.0,3316.0,0.3333,0.6219,0.2153,-0.6964
potato,26,crash,0.3,LAY,0.2,17513,0.3454,2023.0,4026.0,3309.0,0.3344,0.6206,0.2162,-0.6934
potato,26,crash,0.3,momentum,0.2,17513,0.3454,1573.0,4476.0,3759.0,0.26,0.705,0.1604,-0.8897
potato,26,crash,0.3,seasonal,0.2,17513,0.3454,1845.0,4204.0,3487.0,0.305,0.654,0.1935,-0.771
potato,26,crash,0.3,M0reg,0.2,17513,0.3454,2166.0,3883.0,3166.0,0.3581,0.5938,0.2351,-0.631
potato,26,crash,0.3,M6reg,0.2,17513,0.3454,2103.0,3946.0,3229.0,0.3477,0.6056,0.2267,-0.6585
potato,26,crash,0.3,never,0.2,17513,0.3454,0.0,6049.0,0.0,0.0,,0.0,-1.1106
potato,26,crash,0.3,always,0.2,17513,0.3454,6049.0,0.0,11464.0,1.0,0.6546,0.3454,0.0
potato,26,crash,0.3,M0E,0.3,17513,0.3454,2016.0,4033.0,3316.0,0.3333,0.6219,0.2153,-0.1101
potato,26,crash,0.3,LAY,0.3,17513,0.3454,2023.0,4026.0,3309.0,0.3344,0.6206,0.2162,-0.1081
potato,26,crash,0.3,momentum,0.3,17513,0.3454,1573.0,4476.0,3759.0,0.26,0.705,0.1604,-0.2389
potato,26,crash,0.3,seasonal,0.3,17513,0.3454,1845.0,4204.0,3487.0,0.305,0.654,0.1935,-0.1598
potato,26,crash,0.3,M0reg,0.3,17513,0.3454,2166.0,3883.0,3166.0,0.3581,0.5938,0.2351,-0.0665
potato,26,crash,0.3,M6reg,0.3,17513,0.3454,2103.0,3946.0,3229.0,0.3477,0.6056,0.2267,-0.0848
potato,26,crash,0.3,never,0.3,17513,0.3454,0.0,6049.0,0.0,0.0,,0.0,-0.2312
potato,26,crash,0.3,always,0.3,17513,0.3454,6049.0,0.0,11464.0,1.0,0.6546,0.3454,0.0
potato,26,crash,,AUC_M0E,,17513,0.3454,,,,,,,0.8462
potato,26,crash,,AUC_LAY,,17513,0.3454,,,,,,,0.8394
potato,26,crash,,AUC_M0reg,,17513,0.3454,,,,,,,0.7996
potato,26,crash,,AUC_M6reg,,17513,0.3454,,,,,,,0.7423
potato,26,crash,,AUC_momentum,,17513,0.3454,,,,,,,0.3731
potato,26,crash,,Brier_M0E,,17513,0.3454,,,,,,,0.2221
potato,26,crash,,Brier_LAY,,17513,0.3454,,,,,,,0.183
potato,26,spike,0.1,M0E,0.1,17513,0.2818,685.0,4250.0,1149.0,0.1388,0.6265,0.1126,-2.1324
potato,26,spike,0.1,LAY,0.1,17513,0.2818,726.0,4209.0,1108.0,0.1471,0.6041,0.1201,-2.0998
potato,26,spike,0.1,momentum,0.1,17513,0.2818,333.0,4602.0,1501.0,0.0675,0.8184,0.0517,-2.4122
potato,26,spike,0.1,seasonal,0.1,17513,0.2818,611.0,4324.0,1223.0,0.1238,0.6668,0.0992,-2.1912
potato,26,spike,0.1,M0reg,0.1,17513,0.2818,810.0,4125.0,1024.0,0.1641,0.5583,0.1359,-2.033
potato,26,spike,0.1,M6reg,0.1,17513,0.2818,765.0,4170.0,1069.0,0.155,0.5829,0.1274,-2.0688
potato,26,spike,0.1,never,0.1,17513,0.2818,0.0,4935.0,0.0,0.0,,0.0,-2.5312
potato,26,spike,0.1,always,0.1,17513,0.2818,4935.0,0.0,12578.0,1.0,0.7182,0.2818,0.0
potato,26,spike,0.1,M0E,0.2,17513,0.2818,685.0,4250.0,1149.0,0.1388,0.6265,0.1126,-0.4429
potato,26,spike,0.1,LAY,0.2,17513,0.2818,726.0,4209.0,1108.0,0.1471,0.6041,0.1201,-0.4266
potato,26,spike,0.1,momentum,0.2,17513,0.2818,333.0,4602.0,1501.0,0.0675,0.8184,0.0517,-0.5828
potato,26,spike,0.1,seasonal,0.2,17513,0.2818,611.0,4324.0,1223.0,0.1238,0.6668,0.0992,-0.4723
potato,26,spike,0.1,M0reg,0.2,17513,0.2818,810.0,4125.0,1024.0,0.1641,0.5583,0.1359,-0.3932
potato,26,spike,0.1,M6reg,0.2,17513,0.2818,765.0,4170.0,1069.0,0.155,0.5829,0.1274,-0.4111
potato,26,spike,0.1,never,0.2,17513,0.2818,0.0,4935.0,0.0,0.0,,0.0,-0.5694
potato,26,spike,0.1,always,0.2,17513,0.2818,4935.0,0.0,12578.0,1.0,0.7182,0.2818,0.0
potato,26,spike,0.1,M0E,0.3,17513,0.2818,685.0,4250.0,1149.0,0.1388,0.6265,0.1126,0.039
potato,26,spike,0.1,LAY,0.3,17513,0.2818,726.0,4209.0,1108.0,0.1471,0.6041,0.1201,0.0509
potato,26,spike,0.1,momentum,0.3,17513,0.2818,333.0,4602.0,1501.0,0.0675,0.8184,0.0517,-0.0629
potato,26,spike,0.1,seasonal,0.3,17513,0.2818,611.0,4324.0,1223.0,0.1238,0.6668,0.0992,0.0176
potato,26,spike,0.1,M0reg,0.3,17513,0.2818,810.0,4125.0,1024.0,0.1641,0.5583,0.1359,0.0752
potato,26,spike,0.1,M6reg,0.3,17513,0.2818,765.0,4170.0,1069.0,0.155,0.5829,0.1274,0.0622
potato,26,spike,0.1,never,0.3,17513,0.2818,0.0,4935.0,0.0,0.0,,0.0,0.0
potato,26,spike,0.1,always,0.3,17513,0.2818,4935.0,0.0,12578.0,1.0,0.7182,0.2818,-0.0923
potato,26,spike,0.2,M0E,0.1,17513,0.2818,1264.0,3671.0,2323.0,0.2561,0.6476,0.1742,-1.8114
potato,26,spike,0.2,LAY,0.1,17513,0.2818,1308.0,3627.0,2279.0,0.265,0.6353,0.1813,-1.7764
potato,26,spike,0.2,momentum,0.1,17513,0.2818,731.0,4204.0,2856.0,0.1481,0.7962,0.0938,-2.2352
potato,26,spike,0.2,seasonal,0.1,17513,0.2818,1158.0,3777.0,2429.0,0.2347,0.6772,0.1573,-1.8957
potato,26,spike,0.2,M0reg,0.1,17513,0.2818,1406.0,3529.0,2181.0,0.2849,0.608,0.1976,-1.6985
potato,26,spike,0.2,M6reg,0.1,17513,0.2818,1345.0,3590.0,2242.0,0.2725,0.625,0.1874,-1.747
potato,26,spike,0.2,never,0.1,17513,0.2818,0.0,4935.0,0.0,0.0,,0.0,-2.5312
potato,26,spike,0.2,always,0.1,17513,0.2818,4935.0,0.0,12578.0,1.0,0.7182,0.2818,0.0
potato,26,spike,0.2,M0E_prob,0.1,17513,0.2818,4288.0,647.0,5470.0,0.8689,0.5606,0.4121,0.1022
potato,26,spike,0.2,LAY_prob,0.1,17513,0.2818,4657.0,278.0,8249.0,0.9437,0.6392,0.3532,0.1453
potato,26,spike,0.2,M0E_persist2,0.1,17513,0.2818,900.0,4035.0,1721.0,0.1824,0.6566,0.1352,-2.024
potato,26,spike,0.2,LAY_persist2,0.1,17513,0.2818,929.0,4006.0,1713.0,0.1882,0.6484,0.1397,-2.0026
potato,26,spike,0.2,M0E,0.2,17513,0.2818,1264.0,3671.0,2323.0,0.2561,0.6476,0.1742,-0.3521
potato,26,spike,0.2,LAY,0.2,17513,0.2818,1308.0,3627.0,2279.0,0.265,0.6353,0.1813,-0.3346
potato,26,spike,0.2,momentum,0.2,17513,0.2818,731.0,4204.0,2856.0,0.1481,0.7962,0.0938,-0.564
potato,26,spike,0.2,seasonal,0.2,17513,0.2818,1158.0,3777.0,2429.0,0.2347,0.6772,0.1573,-0.3943
potato,26,spike,0.2,M0reg,0.2,17513,0.2818,1406.0,3529.0,2181.0,0.2849,0.608,0.1976,-0.2957
potato,26,spike,0.2,M6reg,0.2,17513,0.2818,1345.0,3590.0,2242.0,0.2725,0.625,0.1874,-0.3199
potato,26,spike,0.2,never,0.2,17513,0.2818,0.0,4935.0,0.0,0.0,,0.0,-0.5694
potato,26,spike,0.2,always,0.2,17513,0.2818,4935.0,0.0,12578.0,1.0,0.7182,0.2818,0.0
potato,26,spike,0.2,M0E_prob,0.2,17513,0.2818,4288.0,647.0,5470.0,0.8689,0.5606,0.4121,0.3594
potato,26,spike,0.2,LAY_prob,0.2,17513,0.2818,4657.0,278.0,8249.0,0.9437,0.6392,0.3532,0.2558
potato,26,spike,0.2,M0E_persist2,0.2,17513,0.2818,900.0,4035.0,1721.0,0.1824,0.6566,0.1352,-0.42
potato,26,spike,0.2,LAY_persist2,0.2,17513,0.2818,929.0,4006.0,1713.0,0.1882,0.6484,0.1397,-0.4102
potato,26,spike,0.2,M0E,0.3,17513,0.2818,1264.0,3671.0,2323.0,0.2561,0.6476,0.1742,0.0544
potato,26,spike,0.2,LAY,0.3,17513,0.2818,1308.0,3627.0,2279.0,0.265,0.6353,0.1813,0.0671
potato,26,spike,0.2,momentum,0.3,17513,0.2818,731.0,4204.0,2856.0,0.1481,0.7962,0.0938,-0.0999
potato,26,spike,0.2,seasonal,0.3,17513,0.2818,1158.0,3777.0,2429.0,0.2347,0.6772,0.1573,0.0237
potato,26,spike,0.2,M0reg,0.3,17513,0.2818,1406.0,3529.0,2181.0,0.2849,0.608,0.1976,0.0955
potato,26,spike,0.2,M6reg,0.3,17513,0.2818,1345.0,3590.0,2242.0,0.2725,0.625,0.1874,0.0778
potato,26,spike,0.2,never,0.3,17513,0.2818,0.0,4935.0,0.0,0.0,,0.0,0.0
potato,26,spike,0.2,always,0.3,17513,0.2818,4935.0,0.0,12578.0,1.0,0.7182,0.2818,-0.0923
potato,26,spike,0.2,M0E_prob,0.3,17513,0.2818,4288.0,647.0,5470.0,0.8689,0.5606,0.4121,0.3939
potato,26,spike,0.2,LAY_prob,0.3,17513,0.2818,4657.0,278.0,8249.0,0.9437,0.6392,0.3532,0.2273
potato,26,spike,0.2,M0E_persist2,0.3,17513,0.2818,900.0,4035.0,1721.0,0.1824,0.6566,0.1352,0.0329
potato,26,spike,0.2,LAY_persist2,0.3,17513,0.2818,929.0,4006.0,1713.0,0.1882,0.6484,0.1397,0.0395
potato,26,spike,0.3,M0E,0.1,17513,0.2818,1802.0,3133.0,3530.0,0.3651,0.662,0.2129,-1.5224
potato,26,spike,0.3,LAY,0.1,17513,0.2818,1828.0,3107.0,3504.0,0.3704,0.6572,0.2166,-1.5017
potato,26,spike,0.3,momentum,0.1,17513,0.2818,1163.0,3772.0,4169.0,0.2357,0.7819,0.1277,-2.0304
potato,26,spike,0.3,seasonal,0.1,17513,0.2818,1693.0,3242.0,3639.0,0.3431,0.6825,0.1975,-1.6091
potato,26,spike,0.3,M0reg,0.1,17513,0.2818,1967.0,2968.0,3365.0,0.3986,0.6311,0.237,-1.3912
potato,26,spike,0.3,M6reg,0.1,17513,0.2818,1905.0,3030.0,3427.0,0.386,0.6427,0.2278,-1.4405
potato,26,spike,0.3,never,0.1,17513,0.2818,0.0,4935.0,0.0,0.0,,0.0,-2.5312
potato,26,spike,0.3,always,0.1,17513,0.2818,4935.0,0.0,12578.0,1.0,0.7182,0.2818,0.0
potato,26,spike,0.3,M0E,0.2,17513,0.2818,1802.0,3133.0,3530.0,0.3651,0.662,0.2129,-0.277
potato,26,spike,0.3,LAY,0.2,17513,0.2818,1828.0,3107.0,3504.0,0.3704,0.6572,0.2166,-0.2667
potato,26,spike,0.3,momentum,0.2,17513,0.2818,1163.0,3772.0,4169.0,0.2357,0.7819,0.1277,-0.531
potato,26,spike,0.3,seasonal,0.2,17513,0.2818,1693.0,3242.0,3639.0,0.3431,0.6825,0.1975,-0.3203
potato,26,spike,0.3,M0reg,0.2,17513,0.2818,1967.0,2968.0,3365.0,0.3986,0.6311,0.237,-0.2114
potato,26,spike,0.3,M6reg,0.2,17513,0.2818,1905.0,3030.0,3427.0,0.386,0.6427,0.2278,-0.236
potato,26,spike,0.3,never,0.2,17513,0.2818,0.0,4935.0,0.0,0.0,,0.0,-0.5694
potato,26,spike,0.3,always,0.2,17513,0.2818,4935.0,0.0,12578.0,1.0,0.7182,0.2818,0.0
potato,26,spike,0.3,M0E,0.3,17513,0.2818,1802.0,3133.0,3530.0,0.3651,0.662,0.2129,0.0586
potato,26,spike,0.3,LAY,0.3,17513,0.2818,1828.0,3107.0,3504.0,0.3704,0.6572,0.2166,0.0661
potato,26,spike,0.3,momentum,0.3,17513,0.2818,1163.0,3772.0,4169.0,0.2357,0.7819,0.1277,-0.1264
potato,26,spike,0.3,seasonal,0.3,17513,0.2818,1693.0,3242.0,3639.0,0.3431,0.6825,0.1975,0.027
potato,26,spike,0.3,M0reg,0.3,17513,0.2818,1967.0,2968.0,3365.0,0.3986,0.6311,0.237,0.1064
potato,26,spike,0.3,M6reg,0.3,17513,0.2818,1905.0,3030.0,3427.0,0.386,0.6427,0.2278,0.0884
potato,26,spike,0.3,never,0.3,17513,0.2818,0.0,4935.0,0.0,0.0,,0.0,0.0
potato,26,spike,0.3,always,0.3,17513,0.2818,4935.0,0.0,12578.0,1.0,0.7182,0.2818,-0.0923
potato,26,spike,,AUC_M0E,,17513,0.2818,,,,,,,0.8106
potato,26,spike,,AUC_LAY,,17513,0.2818,,,,,,,0.8522
potato,26,spike,,AUC_M0reg,,17513,0.2818,,,,,,,0.7798
potato,26,spike,,AUC_M6reg,,17513,0.2818,,,,,,,0.6855
potato,26,spike,,AUC_momentum,,17513,0.2818,,,,,,,0.2966
potato,26,spike,,Brier_M0E,,17513,0.2818,,,,,,,0.2133
potato,26,spike,,Brier_LAY,,17513,0.2818,,,,,,,0.1987
tomato,4,crash,0.1,M0E,0.1,132276,0.2411,5948.0,25944.0,7383.0,0.1865,0.5538,0.1514,-1.3996
tomato,4,crash,0.1,LAY,0.1,132276,0.2411,5880.0,26012.0,7451.0,0.1844,0.5589,0.1495,-1.4063
tomato,4,crash,0.1,momentum,0.1,132276,0.2411,1476.0,30416.0,11855.0,0.0463,0.8893,0.0337,-1.8451
tomato,4,crash,0.1,seasonal,0.1,132276,0.2411,3444.0,28448.0,9887.0,0.108,0.7417,0.0824,-1.649
tomato,4,crash,0.1,M0reg,0.1,132276,0.2411,5107.0,26785.0,8224.0,0.1601,0.6169,0.1273,-1.4834
tomato,4,crash,0.1,M6reg,0.1,132276,0.2411,5502.0,26390.0,7829.0,0.1725,0.5873,0.1385,-1.444
tomato,4,crash,0.1,never,0.1,132276,0.2411,0.0,31892.0,0.0,0.0,,0.0,-1.8593
tomato,4,crash,0.1,always,0.1,132276,0.2411,31892.0,0.0,100384.0,1.0,0.7589,0.2411,0.0
tomato,4,crash,0.1,M0E,0.2,132276,0.2411,5948.0,25944.0,7383.0,0.1865,0.5538,0.1514,-0.1073
tomato,4,crash,0.1,LAY,0.2,132276,0.2411,5880.0,26012.0,7451.0,0.1844,0.5589,0.1495,-0.1107
tomato,4,crash,0.1,momentum,0.2,132276,0.2411,1476.0,30416.0,11855.0,0.0463,0.8893,0.0337,-0.3301
tomato,4,crash,0.1,seasonal,0.2,132276,0.2411,3444.0,28448.0,9887.0,0.108,0.7417,0.0824,-0.2321
tomato,4,crash,0.1,M0reg,0.2,132276,0.2411,5107.0,26785.0,8224.0,0.1601,0.6169,0.1273,-0.1492
tomato,4,crash,0.1,M6reg,0.2,132276,0.2411,5502.0,26390.0,7829.0,0.1725,0.5873,0.1385,-0.1296
tomato,4,crash,0.1,never,0.2,132276,0.2411,0.0,31892.0,0.0,0.0,,0.0,-0.2708
tomato,4,crash,0.1,always,0.2,132276,0.2411,31892.0,0.0,100384.0,1.0,0.7589,0.2411,0.0
tomato,4,crash,0.1,M0E,0.3,132276,0.2411,5948.0,25944.0,7383.0,0.1865,0.5538,0.1514,0.0873
tomato,4,crash,0.1,LAY,0.3,132276,0.2411,5880.0,26012.0,7451.0,0.1844,0.5589,0.1495,0.0842
tomato,4,crash,0.1,momentum,0.3,132276,0.2411,1476.0,30416.0,11855.0,0.0463,0.8893,0.0337,-0.113
tomato,4,crash,0.1,seasonal,0.3,132276,0.2411,3444.0,28448.0,9887.0,0.108,0.7417,0.0824,-0.0249
tomato,4,crash,0.1,M0reg,0.3,132276,0.2411,5107.0,26785.0,8224.0,0.1601,0.6169,0.1273,0.0496
tomato,4,crash,0.1,M6reg,0.3,132276,0.2411,5502.0,26390.0,7829.0,0.1725,0.5873,0.1385,0.0673
tomato,4,crash,0.1,never,0.3,132276,0.2411,0.0,31892.0,0.0,0.0,,0.0,0.0
tomato,4,crash,0.1,always,0.3,132276,0.2411,31892.0,0.0,100384.0,1.0,0.7589,0.2411,-0.349
tomato,4,crash,0.2,M0E,0.1,132276,0.2411,10656.0,21236.0,15890.0,0.3341,0.5986,0.223,-1.0622
tomato,4,crash,0.2,LAY,0.1,132276,0.2411,10572.0,21320.0,15974.0,0.3315,0.6017,0.2209,-1.0706
tomato,4,crash,0.2,momentum,0.1,132276,0.2411,3749.0,28143.0,22797.0,0.1176,0.8588,0.0686,-1.7503
tomato,4,crash,0.2,seasonal,0.1,132276,0.2411,6770.0,25122.0,19776.0,0.2123,0.745,0.131,-1.4493
tomato,4,crash,0.2,M0reg,0.1,132276,0.2411,9388.0,22504.0,17158.0,0.2944,0.6463,0.1914,-1.1885
tomato,4,crash,0.2,M6reg,0.1,132276,0.2411,9995.0,21897.0,16551.0,0.3134,0.6235,0.2063,-1.1281
tomato,4,crash,0.2,never,0.1,132276,0.2411,0.0,31892.0,0.0,0.0,,0.0,-1.8593
tomato,4,crash,0.2,always,0.1,132276,0.2411,31892.0,0.0,100384.0,1.0,0.7589,0.2411,0.0
tomato,4,crash,0.2,M0E_prob,0.1,132276,0.2411,21970.0,9922.0,39713.0,0.6889,0.6438,0.3068,-0.2852
tomato,4,crash,0.2,LAY_prob,0.1,132276,0.2411,21155.0,10737.0,31808.0,0.6633,0.6006,0.3321,-0.2795
tomato,4,crash,0.2,M0E_persist2,0.1,132276,0.2411,6850.0,25042.0,9875.0,0.2148,0.5904,0.164,-1.3435
tomato,4,crash,0.2,LAY_persist2,0.1,132276,0.2411,6927.0,24965.0,10373.0,0.2172,0.5996,0.1639,-1.3416
tomato,4,crash,0.2,M0E,0.2,132276,0.2411,10656.0,21236.0,15890.0,0.3341,0.5986,0.223,-0.0045
tomato,4,crash,0.2,LAY,0.2,132276,0.2411,10572.0,21320.0,15974.0,0.3315,0.6017,0.2209,-0.0087
tomato,4,crash,0.2,momentum,0.2,132276,0.2411,3749.0,28143.0,22797.0,0.1176,0.8588,0.0686,-0.3485
tomato,4,crash,0.2,seasonal,0.2,132276,0.2411,6770.0,25122.0,19776.0,0.2123,0.745,0.131,-0.198
tomato,4,crash,0.2,M0reg,0.2,132276,0.2411,9388.0,22504.0,17158.0,0.2944,0.6463,0.1914,-0.0676
tomato,4,crash,0.2,M6reg,0.2,132276,0.2411,9995.0,21897.0,16551.0,0.3134,0.6235,0.2063,-0.0374
tomato,4,crash,0.2,never,0.2,132276,0.2411,0.0,31892.0,0.0,0.0,,0.0,-0.2708
tomato,4,crash,0.2,always,0.2,132276,0.2411,31892.0,0.0,100384.0,1.0,0.7589,0.2411,0.0
tomato,4,crash,0.2,M0E_prob,0.2,132276,0.2411,21970.0,9922.0,39713.0,0.6889,0.6438,0.3068,0.209
tomato,4,crash,0.2,LAY_prob,0.2,132276,0.2411,21155.0,10737.0,31808.0,0.6633,0.6006,0.3321,0.2553
tomato,4,crash,0.2,M0E_persist2,0.2,132276,0.2411,6850.0,25042.0,9875.0,0.2148,0.5904,0.164,-0.0962
tomato,4,crash,0.2,LAY_persist2,0.2,132276,0.2411,6927.0,24965.0,10373.0,0.2172,0.5996,0.1639,-0.0981
tomato,4,crash,0.2,M0E,0.3,132276,0.2411,10656.0,21236.0,15890.0,0.3341,0.5986,0.223,0.1206
tomato,4,crash,0.2,LAY,0.3,132276,0.2411,10572.0,21320.0,15974.0,0.3315,0.6017,0.2209,0.1168
tomato,4,crash,0.2,momentum,0.3,132276,0.2411,3749.0,28143.0,22797.0,0.1176,0.8588,0.0686,-0.1888
tomato,4,crash,0.2,seasonal,0.3,132276,0.2411,6770.0,25122.0,19776.0,0.2123,0.745,0.131,-0.0535
tomato,4,crash,0.2,M0reg,0.3,132276,0.2411,9388.0,22504.0,17158.0,0.2944,0.6463,0.1914,0.0638
tomato,4,crash,0.2,M6reg,0.3,132276,0.2411,9995.0,21897.0,16551.0,0.3134,0.6235,0.2063,0.091
tomato,4,crash,0.2,never,0.3,132276,0.2411,0.0,31892.0,0.0,0.0,,0.0,0.0
tomato,4,crash,0.2,always,0.3,132276,0.2411,31892.0,0.0,100384.0,1.0,0.7589,0.2411,-0.349
tomato,4,crash,0.2,M0E_prob,0.3,132276,0.2411,21970.0,9922.0,39713.0,0.6889,0.6438,0.3068,0.1552
tomato,4,crash,0.2,LAY_prob,0.3,132276,0.2411,21155.0,10737.0,31808.0,0.6633,0.6006,0.3321,0.2359
tomato,4,crash,0.2,M0E_persist2,0.3,132276,0.2411,6850.0,25042.0,9875.0,0.2148,0.5904,0.164,0.0821
tomato,4,crash,0.2,LAY_persist2,0.3,132276,0.2411,6927.0,24965.0,10373.0,0.2172,0.5996,0.1639,0.0778
tomato,4,crash,0.3,M0E,0.1,132276,0.2411,14793.0,17099.0,24994.0,0.4638,0.6282,0.26,-0.782
tomato,4,crash,0.3,LAY,0.1,132276,0.2411,14825.0,17067.0,24962.0,0.4649,0.6274,0.2608,-0.7788
tomato,4,crash,0.3,momentum,0.1,132276,0.2411,6368.0,25524.0,33419.0,0.1997,0.8399,0.0975,-1.6213
tomato,4,crash,0.3,seasonal,0.1,132276,0.2411,10067.0,21825.0,29720.0,0.3157,0.747,0.1634,-1.2528
tomato,4,crash,0.3,M0reg,0.1,132276,0.2411,13313.0,18579.0,26474.0,0.4174,0.6654,0.2281,-0.9294
tomato,4,crash,0.3,M6reg,0.1,132276,0.2411,14003.0,17889.0,25784.0,0.4391,0.6481,0.2428,-0.8607
tomato,4,crash,0.3,never,0.1,132276,0.2411,0.0,31892.0,0.0,0.0,,0.0,-1.8593
tomato,4,crash,0.3,always,0.1,132276,0.2411,31892.0,0.0,100384.0,1.0,0.7589,0.2411,0.0
tomato,4,crash,0.3,M0E,0.2,132276,0.2411,14793.0,17099.0,24994.0,0.4638,0.6282,0.26,0.0697
tomato,4,crash,0.3,LAY,0.2,132276,0.2411,14825.0,17067.0,24962.0,0.4649,0.6274,0.2608,0.0713
tomato,4,crash,0.3,momentum,0.2,132276,0.2411,6368.0,25524.0,33419.0,0.1997,0.8399,0.0975,-0.35
tomato,4,crash,0.3,seasonal,0.2,132276,0.2411,10067.0,21825.0,29720.0,0.3157,0.747,0.1634,-0.1657
tomato,4,crash,0.3,M0reg,0.2,132276,0.2411,13313.0,18579.0,26474.0,0.4174,0.6654,0.2281,-0.004
tomato,4,crash,0.3,M6reg,0.2,132276,0.2411,14003.0,17889.0,25784.0,0.4391,0.6481,0.2428,0.0303
tomato,4,crash,0.3,never,0.2,132276,0.2411,0.0,31892.0,0.0,0.0,,0.0,-0.2708
tomato,4,crash,0.3,always,0.2,132276,0.2411,31892.0,0.0,100384.0,1.0,0.7589,0.2411,0.0
tomato,4,crash,0.3,M0E,0.3,132276,0.2411,14793.0,17099.0,24994.0,0.4638,0.6282,0.26,0.128
tomato,4,crash,0.3,LAY,0.3,132276,0.2411,14825.0,17067.0,24962.0,0.4649,0.6274,0.2608,0.1294
tomato,4,crash,0.3,momentum,0.3,132276,0.2411,6368.0,25524.0,33419.0,0.1997,0.8399,0.0975,-0.2494
tomato,4,crash,0.3,seasonal,0.3,132276,0.2411,10067.0,21825.0,29720.0,0.3157,0.747,0.1634,-0.0837
tomato,4,crash,0.3,M0reg,0.3,132276,0.2411,13313.0,18579.0,26474.0,0.4174,0.6654,0.2281,0.0617
tomato,4,crash,0.3,M6reg,0.3,132276,0.2411,14003.0,17889.0,25784.0,0.4391,0.6481,0.2428,0.0926
tomato,4,crash,0.3,never,0.3,132276,0.2411,0.0,31892.0,0.0,0.0,,0.0,0.0
tomato,4,crash,0.3,always,0.3,132276,0.2411,31892.0,0.0,100384.0,1.0,0.7589,0.2411,-0.349
tomato,4,crash,,AUC_M0E,,132276,0.2411,,,,,,,0.7572
tomato,4,crash,,AUC_LAY,,132276,0.2411,,,,,,,0.7608
tomato,4,crash,,AUC_M0reg,,132276,0.2411,,,,,,,0.7485
tomato,4,crash,,AUC_M6reg,,132276,0.2411,,,,,,,0.7463
tomato,4,crash,,AUC_momentum,,132276,0.2411,,,,,,,0.3277
tomato,4,crash,,Brier_M0E,,132276,0.2411,,,,,,,0.1677
tomato,4,crash,,Brier_LAY,,132276,0.2411,,,,,,,0.1727
tomato,4,spike,0.1,M0E,0.1,132276,0.2489,6437.0,26480.0,6894.0,0.1956,0.5171,0.1617,-1.468
tomato,4,spike,0.1,LAY,0.1,132276,0.2489,6630.0,26287.0,6701.0,0.2014,0.5027,0.1673,-1.4485
tomato,4,spike,0.1,momentum,0.1,132276,0.2489,1872.0,31045.0,11459.0,0.0569,0.8596,0.0422,-1.9274
tomato,4,spike,0.1,seasonal,0.1,132276,0.2489,4106.0,28811.0,9225.0,0.1247,0.692,0.0974,-1.7026
tomato,4,spike,0.1,M0reg,0.1,132276,0.2489,6315.0,26602.0,7016.0,0.1918,0.5263,0.1581,-1.4802
tomato,4,spike,0.1,M6reg,0.1,132276,0.2489,6463.0,26454.0,6868.0,0.1963,0.5152,0.1624,-1.4653
tomato,4,spike,0.1,never,0.1,132276,0.2489,0.0,32917.0,0.0,0.0,,0.0,-1.9816
tomato,4,spike,0.1,always,0.1,132276,0.2489,32917.0,0.0,99359.0,1.0,0.7511,0.2489,0.0
tomato,4,spike,0.1,M0E,0.2,132276,0.2489,6437.0,26480.0,6894.0,0.1956,0.5171,0.1617,-0.1354
tomato,4,spike,0.1,LAY,0.2,132276,0.2489,6630.0,26287.0,6701.0,0.2014,0.5027,0.1673,-0.1257
tomato,4,spike,0.1,momentum,0.2,132276,0.2489,1872.0,31045.0,11459.0,0.0569,0.8596,0.0422,-0.3651
tomato,4,spike,0.1,seasonal,0.2,132276,0.2489,4106.0,28811.0,9225.0,0.1247,0.692,0.0974,-0.2527
tomato,4,spike,0.1,M0reg,0.2,132276,0.2489,6315.0,26602.0,7016.0,0.1918,0.5263,0.1581,-0.1416
tomato,4,spike,0.1,M6reg,0.2,132276,0.2489,6463.0,26454.0,6868.0,0.1963,0.5152,0.1624,-0.1341
tomato,4,spike,0.1,never,0.2,132276,0.2489,0.0,32917.0,0.0,0.0,,0.0,-0.3252
tomato,4,spike,0.1,always,0.2,132276,0.2489,32917.0,0.0,99359.0,1.0,0.7511,0.2489,0.0
tomato,4,spike,0.1,M0E,0.3,132276,0.2489,6437.0,26480.0,6894.0,0.1956,0.5171,0.1617,0.1058
tomato,4,spike,0.1,LAY,0.3,132276,0.2489,6630.0,26287.0,6701.0,0.2014,0.5027,0.1673,0.1142
tomato,4,spike,0.1,momentum,0.3,132276,0.2489,1872.0,31045.0,11459.0,0.0569,0.8596,0.0422,-0.0923
tomato,4,spike,0.1,seasonal,0.3,132276,0.2489,4106.0,28811.0,9225.0,0.1247,0.692,0.0974,0.0046
tomato,4,spike,0.1,M0reg,0.3,132276,0.2489,6315.0,26602.0,7016.0,0.1918,0.5263,0.1581,0.1005
tomato,4,spike,0.1,M6reg,0.3,132276,0.2489,6463.0,26454.0,6868.0,0.1963,0.5152,0.1624,0.1069
tomato,4,spike,0.1,never,0.3,132276,0.2489,0.0,32917.0,0.0,0.0,,0.0,0.0
tomato,4,spike,0.1,always,0.3,132276,0.2489,32917.0,0.0,99359.0,1.0,0.7511,0.2489,-0.2936
tomato,4,spike,0.2,M0E,0.1,132276,0.2489,11193.0,21724.0,15353.0,0.34,0.5784,0.2319,-1.1223
tomato,4,spike,0.2,LAY,0.1,132276,0.2489,11618.0,21299.0,14928.0,0.3529,0.5623,0.2428,-1.0795
tomato,4,spike,0.2,momentum,0.1,132276,0.2489,4072.0,28845.0,22474.0,0.1237,0.8466,0.0735,-1.839
tomato,4,spike,0.2,seasonal,0.1,132276,0.2489,7871.0,25046.0,18675.0,0.2391,0.7035,0.1526,-1.4566
tomato,4,spike,0.2,M0reg,0.1,132276,0.2489,11066.0,21851.0,15480.0,0.3362,0.5831,0.2287,-1.1351
tomato,4,spike,0.2,M6reg,0.1,132276,0.2489,11319.0,21598.0,15227.0,0.3439,0.5736,0.2351,-1.1096
tomato,4,spike,0.2,never,0.1,132276,0.2489,0.0,32917.0,0.0,0.0,,0.0,-1.9816
tomato,4,spike,0.2,always,0.1,132276,0.2489,32917.0,0.0,99359.0,1.0,0.7511,0.2489,0.0
tomato,4,spike,0.2,M0E_prob,0.1,132276,0.2489,26747.0,6170.0,59199.0,0.8126,0.6888,0.2904,-0.1547
tomato,4,spike,0.2,LAY_prob,0.1,132276,0.2489,25221.0,7696.0,62081.0,0.7662,0.7111,0.2655,-0.3219
tomato,4,spike,0.2,M0E_persist2,0.1,132276,0.2489,8164.0,24753.0,10404.0,0.248,0.5603,0.1885,-1.3469
tomato,4,spike,0.2,LAY_persist2,0.1,132276,0.2489,8617.0,24300.0,10282.0,0.2618,0.544,0.1995,-1.3046
tomato,4,spike,0.2,M0E,0.2,132276,0.2489,11193.0,21724.0,15353.0,0.34,0.5784,0.2319,-0.0291
tomato,4,spike,0.2,LAY,0.2,132276,0.2489,11618.0,21299.0,14928.0,0.3529,0.5623,0.2428,-0.0077
tomato,4,spike,0.2,momentum,0.2,132276,0.2489,4072.0,28845.0,22474.0,0.1237,0.8466,0.0735,-0.3874
tomato,4,spike,0.2,seasonal,0.2,132276,0.2489,7871.0,25046.0,18675.0,0.2391,0.7035,0.1526,-0.1963
tomato,4,spike,0.2,M0reg,0.2,132276,0.2489,11066.0,21851.0,15480.0,0.3362,0.5831,0.2287,-0.0355
tomato,4,spike,0.2,M6reg,0.2,132276,0.2489,11319.0,21598.0,15227.0,0.3439,0.5736,0.2351,-0.0227
tomato,4,spike,0.2,never,0.2,132276,0.2489,0.0,32917.0,0.0,0.0,,0.0,-0.3252
tomato,4,spike,0.2,always,0.2,132276,0.2489,32917.0,0.0,99359.0,1.0,0.7511,0.2489,0.0
tomato,4,spike,0.2,M0E_prob,0.2,132276,0.2489,26747.0,6170.0,59199.0,0.8126,0.6888,0.2904,0.1558
tomato,4,spike,0.2,LAY_prob,0.2,132276,0.2489,25221.0,7696.0,62081.0,0.7662,0.7111,0.2655,0.0654
tomato,4,spike,0.2,M0E_persist2,0.2,132276,0.2489,8164.0,24753.0,10404.0,0.248,0.5603,0.1885,-0.1012
tomato,4,spike,0.2,LAY_persist2,0.2,132276,0.2489,8617.0,24300.0,10282.0,0.2618,0.544,0.1995,-0.0818
tomato,4,spike,0.2,M0E,0.3,132276,0.2489,11193.0,21724.0,15353.0,0.34,0.5784,0.2319,0.1401
tomato,4,spike,0.2,LAY,0.3,132276,0.2489,11618.0,21299.0,14928.0,0.3529,0.5623,0.2428,0.1586
tomato,4,spike,0.2,momentum,0.3,132276,0.2489,4072.0,28845.0,22474.0,0.1237,0.8466,0.0735,-0.1689
tomato,4,spike,0.2,seasonal,0.3,132276,0.2489,7871.0,25046.0,18675.0,0.2391,0.7035,0.1526,-0.004
tomato,4,spike,0.2,M0reg,0.3,132276,0.2489,11066.0,21851.0,15480.0,0.3362,0.5831,0.2287,0.1346
tomato,4,spike,0.2,M6reg,0.3,132276,0.2489,11319.0,21598.0,15227.0,0.3439,0.5736,0.2351,0.1456
tomato,4,spike,0.2,never,0.3,132276,0.2489,0.0,32917.0,0.0,0.0,,0.0,0.0
tomato,4,spike,0.2,always,0.3,132276,0.2489,32917.0,0.0,99359.0,1.0,0.7511,0.2489,-0.2936
tomato,4,spike,0.2,M0E_prob,0.3,132276,0.2489,26747.0,6170.0,59199.0,0.8126,0.6888,0.2904,0.0418
tomato,4,spike,0.2,LAY_prob,0.3,132276,0.2489,25221.0,7696.0,62081.0,0.7662,0.7111,0.2655,-0.0421
tomato,4,spike,0.2,M0E_persist2,0.3,132276,0.2489,8164.0,24753.0,10404.0,0.248,0.5603,0.1885,0.1126
tomato,4,spike,0.2,LAY_persist2,0.3,132276,0.2489,8617.0,24300.0,10282.0,0.2618,0.544,0.1995,0.1279
tomato,4,spike,0.3,M0E,0.1,132276,0.2489,15303.0,17614.0,24484.0,0.4649,0.6154,0.2666,-0.8419
tomato,4,spike,0.3,LAY,0.1,132276,0.2489,15970.0,16947.0,23817.0,0.4852,0.5986,0.2815,-0.7748
tomato,4,spike,0.3,momentum,0.1,132276,0.2489,6515.0,26402.0,33272.0,0.1979,0.8363,0.0984,-1.7264
tomato,4,spike,0.3,seasonal,0.1,132276,0.2489,11469.0,21448.0,28318.0,0.3484,0.7117,0.1873,-1.2278
tomato,4,spike,0.3,M0reg,0.1,132276,0.2489,15099.0,17818.0,24688.0,0.4587,0.6205,0.2621,-0.8624
tomato,4,spike,0.3,M6reg,0.1,132276,0.2489,15504.0,17413.0,24283.0,0.471,0.6103,0.271,-0.8217
tomato,4,spike,0.3,never,0.1,132276,0.2489,0.0,32917.0,0.0,0.0,,0.0,-1.9816
tomato,4,spike,0.3,always,0.1,132276,0.2489,32917.0,0.0,99359.0,1.0,0.7511,0.2489,0.0
tomato,4,spike,0.3,M0E,0.2,132276,0.2489,15303.0,17614.0,24484.0,0.4649,0.6154,0.2666,0.0445
tomato,4,spike,0.3,LAY,0.2,132276,0.2489,15970.0,16947.0,23817.0,0.4852,0.5986,0.2815,0.078
tomato,4,spike,0.3,momentum,0.2,132276,0.2489,6515.0,26402.0,33272.0,0.1979,0.8363,0.0984,-0.3978
tomato,4,spike,0.3,seasonal,0.2,132276,0.2489,11469.0,21448.0,28318.0,0.3484,0.7117,0.1873,-0.1485
tomato,4,spike,0.3,M0reg,0.2,132276,0.2489,15099.0,17818.0,24688.0,0.4587,0.6205,0.2621,0.0342
tomato,4,spike,0.3,M6reg,0.2,132276,0.2489,15504.0,17413.0,24283.0,0.471,0.6103,0.271,0.0546
tomato,4,spike,0.3,never,0.2,132276,0.2489,0.0,32917.0,0.0,0.0,,0.0,-0.3252
tomato,4,spike,0.3,always,0.2,132276,0.2489,32917.0,0.0,99359.0,1.0,0.7511,0.2489,0.0
tomato,4,spike,0.3,M0E,0.3,132276,0.2489,15303.0,17614.0,24484.0,0.4649,0.6154,0.2666,0.1461
tomato,4,spike,0.3,LAY,0.3,132276,0.2489,15970.0,16947.0,23817.0,0.4852,0.5986,0.2815,0.1751
tomato,4,spike,0.3,momentum,0.3,132276,0.2489,6515.0,26402.0,33272.0,0.1979,0.8363,0.0984,-0.2353
tomato,4,spike,0.3,seasonal,0.3,132276,0.2489,11469.0,21448.0,28318.0,0.3484,0.7117,0.1873,-0.0203
tomato,4,spike,0.3,M0reg,0.3,132276,0.2489,15099.0,17818.0,24688.0,0.4587,0.6205,0.2621,0.1373
tomato,4,spike,0.3,M6reg,0.3,132276,0.2489,15504.0,17413.0,24283.0,0.471,0.6103,0.271,0.1548
tomato,4,spike,0.3,never,0.3,132276,0.2489,0.0,32917.0,0.0,0.0,,0.0,0.0
tomato,4,spike,0.3,always,0.3,132276,0.2489,32917.0,0.0,99359.0,1.0,0.7511,0.2489,-0.2936
tomato,4,spike,,AUC_M0E,,132276,0.2489,,,,,,,0.7306
tomato,4,spike,,AUC_LAY,,132276,0.2489,,,,,,,0.6822
tomato,4,spike,,AUC_M0reg,,132276,0.2489,,,,,,,0.7233
tomato,4,spike,,AUC_M6reg,,132276,0.2489,,,,,,,0.7025
tomato,4,spike,,AUC_momentum,,132276,0.2489,,,,,,,0.3989
tomato,4,spike,,Brier_M0E,,132276,0.2489,,,,,,,0.1715
tomato,4,spike,,Brier_LAY,,132276,0.2489,,,,,,,0.1865
tomato,13,crash,0.1,M0E,0.1,124799,0.3252,7648.0,32933.0,4932.0,0.1885,0.3921,0.168,-2.578
tomato,13,crash,0.1,LAY,0.1,124799,0.3252,7498.0,33083.0,5082.0,0.1848,0.404,0.1642,-2.5958
tomato,13,crash,0.1,momentum,0.1,124799,0.3252,2089.0,38492.0,10491.0,0.0515,0.8339,0.0409,-3.238
tomato,13,crash,0.1,seasonal,0.1,124799,0.3252,5408.0,35173.0,7172.0,0.1333,0.5701,0.1132,-2.8439
tomato,13,crash,0.1,M0reg,0.1,124799,0.3252,7261.0,33320.0,5319.0,0.1789,0.4228,0.1582,-2.6239
tomato,13,crash,0.1,M6reg,0.1,124799,0.3252,7220.0,33361.0,5360.0,0.1779,0.4261,0.1572,-2.6288
tomato,13,crash,0.1,never,0.1,124799,0.3252,0.0,40581.0,0.0,0.0,,0.0,-3.3367
tomato,13,crash,0.1,always,0.1,124799,0.3252,40581.0,0.0,84218.0,1.0,0.6748,0.3252,0.0
tomato,13,crash,0.1,M0E,0.2,124799,0.3252,7648.0,32933.0,4932.0,0.1885,0.3921,0.168,-0.6227
tomato,13,crash,0.1,LAY,0.2,124799,0.3252,7498.0,33083.0,5082.0,0.1848,0.404,0.1642,-0.6316
tomato,13,crash,0.1,momentum,0.2,124799,0.3252,2089.0,38492.0,10491.0,0.0515,0.8339,0.0409,-0.9528
tomato,13,crash,0.1,seasonal,0.2,124799,0.3252,5408.0,35173.0,7172.0,0.1333,0.5701,0.1132,-0.7557
tomato,13,crash,0.1,M0reg,0.2,124799,0.3252,7261.0,33320.0,5319.0,0.1789,0.4228,0.1582,-0.6457
tomato,13,crash,0.1,M6reg,0.2,124799,0.3252,7220.0,33361.0,5360.0,0.1779,0.4261,0.1572,-0.6482
tomato,13,crash,0.1,never,0.2,124799,0.3252,0.0,40581.0,0.0,0.0,,0.0,-0.9274
tomato,13,crash,0.1,always,0.2,124799,0.3252,40581.0,0.0,84218.0,1.0,0.6748,0.3252,0.0
tomato,13,crash,0.1,M0E,0.3,124799,0.3252,7648.0,32933.0,4932.0,0.1885,0.3921,0.168,0.029
tomato,13,crash,0.1,LAY,0.3,124799,0.3252,7498.0,33083.0,5082.0,0.1848,0.404,0.1642,0.0231
tomato,13,crash,0.1,momentum,0.3,124799,0.3252,2089.0,38492.0,10491.0,0.0515,0.8339,0.0409,-0.191
tomato,13,crash,0.1,seasonal,0.3,124799,0.3252,5408.0,35173.0,7172.0,0.1333,0.5701,0.1132,-0.0597
tomato,13,crash,0.1,M0reg,0.3,124799,0.3252,7261.0,33320.0,5319.0,0.1789,0.4228,0.1582,0.0137
tomato,13,crash,0.1,M6reg,0.3,124799,0.3252,7220.0,33361.0,5360.0,0.1779,0.4261,0.1572,0.0121
tomato,13,crash,0.1,never,0.3,124799,0.3252,0.0,40581.0,0.0,0.0,,0.0,-0.1243
tomato,13,crash,0.1,always,0.3,124799,0.3252,40581.0,0.0,84218.0,1.0,0.6748,0.3252,0.0
tomato,13,crash,0.2,M0E,0.1,124799,0.3252,13890.0,26691.0,11161.0,0.3423,0.4455,0.2684,-1.9849
tomato,13,crash,0.2,LAY,0.1,124799,0.3252,13640.0,26941.0,11411.0,0.3361,0.4555,0.2623,-2.0146
tomato,13,crash,0.2,momentum,0.1,124799,0.3252,4885.0,35696.0,20166.0,0.1204,0.805,0.0804,-3.0541
tomato,13,crash,0.2,seasonal,0.1,124799,0.3252,10284.0,30297.0,14767.0,0.2534,0.5895,0.1858,-2.413
tomato,13,crash,0.2,M0reg,0.1,124799,0.3252,13414.0,27167.0,11637.0,0.3305,0.4645,0.2569,-2.0414
tomato,13,crash,0.2,M6reg,0.1,124799,0.3252,13257.0,27324.0,11794.0,0.3267,0.4708,0.2531,-2.06
tomato,13,crash,0.2,never,0.1,124799,0.3252,0.0,40581.0,0.0,0.0,,0.0,-3.3367
tomato,13,crash,0.2,always,0.1,124799,0.3252,40581.0,0.0,84218.0,1.0,0.6748,0.3252,0.0
tomato,13,crash,0.2,M0E_prob,0.1,124799,0.3252,29756.0,10825.0,23225.0,0.7332,0.4384,0.4664,-0.4326
tomato,13,crash,0.2,LAY_prob,0.1,124799,0.3252,26792.0,13789.0,23997.0,0.6602,0.4725,0.4149,-0.7585
tomato,13,crash,0.2,M0E_persist2,0.1,124799,0.3252,9253.0,31328.0,7176.0,0.228,0.4368,0.1938,-2.4331
tomato,13,crash,0.2,LAY_persist2,0.1,124799,0.3252,8866.0,31715.0,7495.0,0.2185,0.4581,0.1844,-2.4782
tomato,13,crash,0.2,M0E,0.2,124799,0.3252,13890.0,26691.0,11161.0,0.3423,0.4455,0.2684,-0.4002
tomato,13,crash,0.2,LAY,0.2,124799,0.3252,13640.0,26941.0,11411.0,0.3361,0.4555,0.2623,-0.4151
tomato,13,crash,0.2,momentum,0.2,124799,0.3252,4885.0,35696.0,20166.0,0.1204,0.805,0.0804,-0.9349
tomato,13,crash,0.2,seasonal,0.2,124799,0.3252,10284.0,30297.0,14767.0,0.2534,0.5895,0.1858,-0.6143
tomato,13,crash,0.2,M0reg,0.2,124799,0.3252,13414.0,27167.0,11637.0,0.3305,0.4645,0.2569,-0.4285
tomato,13,crash,0.2,M6reg,0.2,124799,0.3252,13257.0,27324.0,11794.0,0.3267,0.4708,0.2531,-0.4378
tomato,13,crash,0.2,never,0.2,124799,0.3252,0.0,40581.0,0.0,0.0,,0.0,-0.9274
tomato,13,crash,0.2,always,0.2,124799,0.3252,40581.0,0.0,84218.0,1.0,0.6748,0.3252,0.0
tomato,13,crash,0.2,M0E_prob,0.2,124799,0.3252,29756.0,10825.0,23225.0,0.7332,0.4384,0.4664,0.2101
tomato,13,crash,0.2,LAY_prob,0.2,124799,0.3252,26792.0,13789.0,23997.0,0.6602,0.4725,0.4149,0.0601
tomato,13,crash,0.2,M0E_persist2,0.2,124799,0.3252,9253.0,31328.0,7176.0,0.228,0.4368,0.1938,-0.5732
tomato,13,crash,0.2,LAY_persist2,0.2,124799,0.3252,8866.0,31715.0,7495.0,0.2185,0.4581,0.1844,-0.5953
tomato,13,crash,0.2,M0E,0.3,124799,0.3252,13890.0,26691.0,11161.0,0.3423,0.4455,0.2684,0.128
tomato,13,crash,0.2,LAY,0.3,124799,0.3252,13640.0,26941.0,11411.0,0.3361,0.4555,0.2623,0.1181
tomato,13,crash,0.2,momentum,0.3,124799,0.3252,4885.0,35696.0,20166.0,0.1204,0.805,0.0804,-0.2284
tomato,13,crash,0.2,seasonal,0.3,124799,0.3252,10284.0,30297.0,14767.0,0.2534,0.5895,0.1858,-0.0147
tomato,13,crash,0.2,M0reg,0.3,124799,0.3252,13414.0,27167.0,11637.0,0.3305,0.4645,0.2569,0.1091
tomato,13,crash,0.2,M6reg,0.3,124799,0.3252,13257.0,27324.0,11794.0,0.3267,0.4708,0.2531,0.1029
tomato,13,crash,0.2,never,0.3,124799,0.3252,0.0,40581.0,0.0,0.0,,0.0,-0.1243
tomato,13,crash,0.2,always,0.3,124799,0.3252,40581.0,0.0,84218.0,1.0,0.6748,0.3252,0.0
tomato,13,crash,0.2,M0E_prob,0.3,124799,0.3252,29756.0,10825.0,23225.0,0.7332,0.4384,0.4664,0.4243
tomato,13,crash,0.2,LAY_prob,0.3,124799,0.3252,26792.0,13789.0,23997.0,0.6602,0.4725,0.4149,0.333
tomato,13,crash,0.2,M0E_persist2,0.3,124799,0.3252,9253.0,31328.0,7176.0,0.228,0.4368,0.1938,0.0468
tomato,13,crash,0.2,LAY_persist2,0.3,124799,0.3252,8866.0,31715.0,7495.0,0.2185,0.4581,0.1844,0.0323
tomato,13,crash,0.3,M0E,0.1,124799,0.3252,19284.0,21297.0,18262.0,0.4752,0.4864,0.3277,-1.4928
tomato,13,crash,0.3,LAY,0.1,124799,0.3252,19147.0,21434.0,18399.0,0.4718,0.49,0.3246,-1.509
tomato,13,crash,0.3,momentum,0.1,124799,0.3252,8034.0,32547.0,29512.0,0.198,0.786,0.1146,-2.8286
tomato,13,crash,0.3,seasonal,0.1,124799,0.3252,14775.0,25806.0,22771.0,0.3641,0.6065,0.2332,-2.0282
tomato,13,crash,0.3,M0reg,0.1,124799,0.3252,18837.0,21744.0,18709.0,0.4642,0.4983,0.3177,-1.5458
tomato,13,crash,0.3,M6reg,0.1,124799,0.3252,18577.0,22004.0,18969.0,0.4578,0.5052,0.312,-1.5767
tomato,13,crash,0.3,never,0.1,124799,0.3252,0.0,40581.0,0.0,0.0,,0.0,-3.3367
tomato,13,crash,0.3,always,0.1,124799,0.3252,40581.0,0.0,84218.0,1.0,0.6748,0.3252,0.0
tomato,13,crash,0.3,M0E,0.2,124799,0.3252,19284.0,21297.0,18262.0,0.4752,0.4864,0.3277,-0.2284
tomato,13,crash,0.3,LAY,0.2,124799,0.3252,19147.0,21434.0,18399.0,0.4718,0.49,0.3246,-0.2365
tomato,13,crash,0.3,momentum,0.2,124799,0.3252,8034.0,32547.0,29512.0,0.198,0.786,0.1146,-0.8963
tomato,13,crash,0.3,seasonal,0.2,124799,0.3252,14775.0,25806.0,22771.0,0.3641,0.6065,0.2332,-0.4961
tomato,13,crash,0.3,M0reg,0.2,124799,0.3252,18837.0,21744.0,18709.0,0.4642,0.4983,0.3177,-0.2549
tomato,13,crash,0.3,M6reg,0.2,124799,0.3252,18577.0,22004.0,18969.0,0.4578,0.5052,0.312,-0.2703
tomato,13,crash,0.3,never,0.2,124799,0.3252,0.0,40581.0,0.0,0.0,,0.0,-0.9274
tomato,13,crash,0.3,always,0.2,124799,0.3252,40581.0,0.0,84218.0,1.0,0.6748,0.3252,0.0
tomato,13,crash,0.3,M0E,0.3,124799,0.3252,19284.0,21297.0,18262.0,0.4752,0.4864,0.3277,0.1931
tomato,13,crash,0.3,LAY,0.3,124799,0.3252,19147.0,21434.0,18399.0,0.4718,0.49,0.3246,0.1877
tomato,13,crash,0.3,momentum,0.3,124799,0.3252,8034.0,32547.0,29512.0,0.198,0.786,0.1146,-0.2522
tomato,13,crash,0.3,seasonal,0.3,124799,0.3252,14775.0,25806.0,22771.0,0.3641,0.6065,0.2332,0.0146
tomato,13,crash,0.3,M0reg,0.3,124799,0.3252,18837.0,21744.0,18709.0,0.4642,0.4983,0.3177,0.1754
tomato,13,crash,0.3,M6reg,0.3,124799,0.3252,18577.0,22004.0,18969.0,0.4578,0.5052,0.312,0.1651
tomato,13,crash,0.3,never,0.3,124799,0.3252,0.0,40581.0,0.0,0.0,,0.0,-0.1243
tomato,13,crash,0.3,always,0.3,124799,0.3252,40581.0,0.0,84218.0,1.0,0.6748,0.3252,0.0
tomato,13,crash,,AUC_M0E,,124799,0.3252,,,,,,,0.8569
tomato,13,crash,,AUC_LAY,,124799,0.3252,,,,,,,0.8447
tomato,13,crash,,AUC_M0reg,,124799,0.3252,,,,,,,0.8852
tomato,13,crash,,AUC_M6reg,,124799,0.3252,,,,,,,0.8838
tomato,13,crash,,AUC_momentum,,124799,0.3252,,,,,,,0.3149
tomato,13,crash,,Brier_M0E,,124799,0.3252,,,,,,,0.1747
tomato,13,crash,,Brier_LAY,,124799,0.3252,,,,,,,0.1872
tomato,13,spike,0.1,M0E,0.1,124799,0.3503,8325.0,35388.0,4255.0,0.1904,0.3382,0.1736,-2.9803
tomato,13,spike,0.1,LAY,0.1,124799,0.3503,8126.0,35587.0,4454.0,0.1859,0.3541,0.1687,-3.0048
tomato,13,spike,0.1,momentum,0.1,124799,0.3503,2373.0,41340.0,10207.0,0.0543,0.8114,0.044,-3.7143
tomato,13,spike,0.1,seasonal,0.1,124799,0.3503,5893.0,37820.0,6687.0,0.1348,0.5316,0.1169,-3.2802
tomato,13,spike,0.1,M0reg,0.1,124799,0.3503,8254.0,35459.0,4326.0,0.1888,0.3439,0.1718,-2.9891
tomato,13,spike,0.1,M6reg,0.1,124799,0.3503,8154.0,35559.0,4426.0,0.1865,0.3518,0.1694,-3.0014
tomato,13,spike,0.1,never,0.1,124799,0.3503,0.0,43713.0,0.0,0.0,,0.0,-3.8518
tomato,13,spike,0.1,always,0.1,124799,0.3503,43713.0,0.0,81086.0,1.0,0.6497,0.3503,0.0
tomato,13,spike,0.1,M0E,0.2,124799,0.3503,8325.0,35388.0,4255.0,0.1904,0.3382,0.1736,-0.7982
tomato,13,spike,0.1,LAY,0.2,124799,0.3503,8126.0,35587.0,4454.0,0.1859,0.3541,0.1687,-0.8104
tomato,13,spike,0.1,momentum,0.2,124799,0.3503,2373.0,41340.0,10207.0,0.0543,0.8114,0.044,-1.1652
tomato,13,spike,0.1,seasonal,0.2,124799,0.3503,5893.0,37820.0,6687.0,0.1348,0.5316,0.1169,-0.9481
tomato,13,spike,0.1,M0reg,0.2,124799,0.3503,8254.0,35459.0,4326.0,0.1888,0.3439,0.1718,-0.8026
tomato,13,spike,0.1,M6reg,0.2,124799,0.3503,8154.0,35559.0,4426.0,0.1865,0.3518,0.1694,-0.8087
tomato,13,spike,0.1,never,0.2,124799,0.3503,0.0,43713.0,0.0,0.0,,0.0,-1.1564
tomato,13,spike,0.1,always,0.2,124799,0.3503,43713.0,0.0,81086.0,1.0,0.6497,0.3503,0.0
tomato,13,spike,0.1,M0E,0.3,124799,0.3503,8325.0,35388.0,4255.0,0.1904,0.3382,0.1736,-0.0708
tomato,13,spike,0.1,LAY,0.3,124799,0.3503,8126.0,35587.0,4454.0,0.1859,0.3541,0.1687,-0.079
tomato,13,spike,0.1,momentum,0.3,124799,0.3503,2373.0,41340.0,10207.0,0.0543,0.8114,0.044,-0.3155
tomato,13,spike,0.1,seasonal,0.3,124799,0.3503,5893.0,37820.0,6687.0,0.1348,0.5316,0.1169,-0.1708
tomato,13,spike,0.1,M0reg,0.3,124799,0.3503,8254.0,35459.0,4326.0,0.1888,0.3439,0.1718,-0.0737
tomato,13,spike,0.1,M6reg,0.3,124799,0.3503,8154.0,35559.0,4426.0,0.1865,0.3518,0.1694,-0.0778
tomato,13,spike,0.1,never,0.3,124799,0.3503,0.0,43713.0,0.0,0.0,,0.0,-0.2579
tomato,13,spike,0.1,always,0.3,124799,0.3503,43713.0,0.0,81086.0,1.0,0.6497,0.3503,0.0
tomato,13,spike,0.2,M0E,0.1,124799,0.3503,15216.0,28497.0,9835.0,0.3481,0.3926,0.2842,-2.2843
tomato,13,spike,0.2,LAY,0.1,124799,0.3503,14858.0,28855.0,10193.0,0.3399,0.4069,0.2756,-2.3284
tomato,13,spike,0.2,momentum,0.1,124799,0.3503,5088.0,38625.0,19963.0,0.1164,0.7969,0.0799,-3.5333
tomato,13,spike,0.2,seasonal,0.1,124799,0.3503,11245.0,32468.0,13806.0,0.2572,0.5511,0.1955,-2.774
tomato,13,spike,0.2,M0reg,0.1,124799,0.3503,15051.0,28662.0,10000.0,0.3443,0.3992,0.2802,-2.3046
tomato,13,spike,0.2,M6reg,0.1,124799,0.3503,14865.0,28848.0,10186.0,0.3401,0.4066,0.2758,-2.3276
tomato,13,spike,0.2,never,0.1,124799,0.3503,0.0,43713.0,0.0,0.0,,0.0,-3.8518
tomato,13,spike,0.2,always,0.1,124799,0.3503,43713.0,0.0,81086.0,1.0,0.6497,0.3503,0.0
tomato,13,spike,0.2,M0E_prob,0.1,124799,0.3503,41032.0,2681.0,44157.0,0.9387,0.5183,0.467,0.1579
tomato,13,spike,0.2,LAY_prob,0.1,124799,0.3503,39172.0,4541.0,45255.0,0.8961,0.536,0.4403,-0.0621
tomato,13,spike,0.2,M0E_persist2,0.1,124799,0.3503,10985.0,32728.0,6397.0,0.2513,0.368,0.2192,-2.7115
tomato,13,spike,0.2,LAY_persist2,0.1,124799,0.3503,10782.0,32931.0,6693.0,0.2467,0.383,0.2139,-2.7377
tomato,13,spike,0.2,M0E,0.2,124799,0.3503,15216.0,28497.0,9835.0,0.3481,0.3926,0.2842,-0.5271
tomato,13,spike,0.2,LAY,0.2,124799,0.3503,14858.0,28855.0,10193.0,0.3399,0.4069,0.2756,-0.5491
tomato,13,spike,0.2,momentum,0.2,124799,0.3503,5088.0,38625.0,19963.0,0.1164,0.7969,0.0799,-1.1516
tomato,13,spike,0.2,seasonal,0.2,124799,0.3503,11245.0,32468.0,13806.0,0.2572,0.5511,0.1955,-0.7719
tomato,13,spike,0.2,M0reg,0.2,124799,0.3503,15051.0,28662.0,10000.0,0.3443,0.3992,0.2802,-0.5372
tomato,13,spike,0.2,M6reg,0.2,124799,0.3503,14865.0,28848.0,10186.0,0.3401,0.4066,0.2758,-0.5487
tomato,13,spike,0.2,never,0.2,124799,0.3503,0.0,43713.0,0.0,0.0,,0.0,-1.1564
tomato,13,spike,0.2,always,0.2,124799,0.3503,43713.0,0.0,81086.0,1.0,0.6497,0.3503,0.0
tomato,13,spike,0.2,M0E_prob,0.2,124799,0.3503,41032.0,2681.0,44157.0,0.9387,0.5183,0.467,0.3232
tomato,13,spike,0.2,LAY_prob,0.2,124799,0.3503,39172.0,4541.0,45255.0,0.8961,0.536,0.4403,0.2179
tomato,13,spike,0.2,M0E_persist2,0.2,124799,0.3503,10985.0,32728.0,6397.0,0.2513,0.368,0.2192,-0.6934
tomato,13,spike,0.2,LAY_persist2,0.2,124799,0.3503,10782.0,32931.0,6693.0,0.2467,0.383,0.2139,-0.707
tomato,13,spike,0.2,M0E,0.3,124799,0.3503,15216.0,28497.0,9835.0,0.3481,0.3926,0.2842,0.0587
tomato,13,spike,0.2,LAY,0.3,124799,0.3503,14858.0,28855.0,10193.0,0.3399,0.4069,0.2756,0.044
tomato,13,spike,0.2,momentum,0.3,124799,0.3503,5088.0,38625.0,19963.0,0.1164,0.7969,0.0799,-0.3577
tomato,13,spike,0.2,seasonal,0.3,124799,0.3503,11245.0,32468.0,13806.0,0.2572,0.5511,0.1955,-0.1046
tomato,13,spike,0.2,M0reg,0.3,124799,0.3503,15051.0,28662.0,10000.0,0.3443,0.3992,0.2802,0.0519
tomato,13,spike,0.2,M6reg,0.3,124799,0.3503,14865.0,28848.0,10186.0,0.3401,0.4066,0.2758,0.0442
tomato,13,spike,0.2,never,0.3,124799,0.3503,0.0,43713.0,0.0,0.0,,0.0,-0.2579
tomato,13,spike,0.2,always,0.3,124799,0.3503,43713.0,0.0,81086.0,1.0,0.6497,0.3503,0.0
tomato,13,spike,0.2,M0E_prob,0.3,124799,0.3503,41032.0,2681.0,44157.0,0.9387,0.5183,0.467,0.3783
tomato,13,spike,0.2,LAY_prob,0.3,124799,0.3503,39172.0,4541.0,45255.0,0.8961,0.536,0.4403,0.3112
tomato,13,spike,0.2,M0E_persist2,0.3,124799,0.3503,10985.0,32728.0,6397.0,0.2513,0.368,0.2192,-0.0207
tomato,13,spike,0.2,LAY_persist2,0.3,124799,0.3503,10782.0,32931.0,6693.0,0.2467,0.383,0.2139,-0.0302
tomato,13,spike,0.3,M0E,0.1,124799,0.3503,21180.0,22533.0,16366.0,0.4845,0.4359,0.3525,-1.7028
tomato,13,spike,0.3,LAY,0.1,124799,0.3503,20802.0,22911.0,16744.0,0.4759,0.446,0.3441,-1.7495
tomato,13,spike,0.3,momentum,0.1,124799,0.3503,8103.0,35610.0,29443.0,0.1854,0.7842,0.1108,-3.3156
tomato,13,spike,0.3,seasonal,0.1,124799,0.3503,16306.0,27407.0,21240.0,0.373,0.5657,0.251,-2.3039
tomato,13,spike,0.3,M0reg,0.1,124799,0.3503,20995.0,22718.0,16551.0,0.4803,0.4408,0.3484,-1.7257
tomato,13,spike,0.3,M6reg,0.1,124799,0.3503,20741.0,22972.0,16805.0,0.4745,0.4476,0.3427,-1.757
tomato,13,spike,0.3,never,0.1,124799,0.3503,0.0,43713.0,0.0,0.0,,0.0,-3.8518
tomato,13,spike,0.3,always,0.1,124799,0.3503,43713.0,0.0,81086.0,1.0,0.6497,0.3503,0.0
tomato,13,spike,0.3,M0E,0.2,124799,0.3503,21180.0,22533.0,16366.0,0.4845,0.4359,0.3525,-0.3134
tomato,13,spike,0.3,LAY,0.2,124799,0.3503,20802.0,22911.0,16744.0,0.4759,0.446,0.3441,-0.3367
tomato,13,spike,0.3,momentum,0.2,124799,0.3503,8103.0,35610.0,29443.0,0.1854,0.7842,0.1108,-1.1198
tomato,13,spike,0.3,seasonal,0.2,124799,0.3503,16306.0,27407.0,21240.0,0.373,0.5657,0.251,-0.6139
tomato,13,spike,0.3,M0reg,0.2,124799,0.3503,20995.0,22718.0,16551.0,0.4803,0.4408,0.3484,-0.3248
tomato,13,spike,0.3,M6reg,0.2,124799,0.3503,20741.0,22972.0,16805.0,0.4745,0.4476,0.3427,-0.3405
tomato,13,spike,0.3,never,0.2,124799,0.3503,0.0,43713.0,0.0,0.0,,0.0,-1.1564
tomato,13,spike,0.3,always,0.2,124799,0.3503,43713.0,0.0,81086.0,1.0,0.6497,0.3503,0.0
tomato,13,spike,0.3,M0E,0.3,124799,0.3503,21180.0,22533.0,16366.0,0.4845,0.4359,0.3525,0.1498
tomato,13,spike,0.3,LAY,0.3,124799,0.3503,20802.0,22911.0,16744.0,0.4759,0.446,0.3441,0.1342
tomato,13,spike,0.3,momentum,0.3,124799,0.3503,8103.0,35610.0,29443.0,0.1854,0.7842,0.1108,-0.3878
tomato,13,spike,0.3,seasonal,0.3,124799,0.3503,16306.0,27407.0,21240.0,0.373,0.5657,0.251,-0.0506
tomato,13,spike,0.3,M0reg,0.3,124799,0.3503,20995.0,22718.0,16551.0,0.4803,0.4408,0.3484,0.1421
tomato,13,spike,0.3,M6reg,0.3,124799,0.3503,20741.0,22972.0,16805.0,0.4745,0.4476,0.3427,0.1317
tomato,13,spike,0.3,never,0.3,124799,0.3503,0.0,43713.0,0.0,0.0,,0.0,-0.2579
tomato,13,spike,0.3,always,0.3,124799,0.3503,43713.0,0.0,81086.0,1.0,0.6497,0.3503,0.0
tomato,13,spike,,AUC_M0E,,124799,0.3503,,,,,,,0.8339
tomato,13,spike,,AUC_LAY,,124799,0.3503,,,,,,,0.7952
tomato,13,spike,,AUC_M0reg,,124799,0.3503,,,,,,,0.8596
tomato,13,spike,,AUC_M6reg,,124799,0.3503,,,,,,,0.8631
tomato,13,spike,,AUC_momentum,,124799,0.3503,,,,,,,0.3067
tomato,13,spike,,Brier_M0E,,124799,0.3503,,,,,,,0.1801
tomato,13,spike,,Brier_LAY,,124799,0.3503,,,,,,,0.2137
tomato,26,crash,0.1,M0E,0.1,115466,0.3645,6576.0,35508.0,5075.0,0.1563,0.4356,0.1394,-3.4241
tomato,26,crash,0.1,LAY,0.1,115466,0.3645,6647.0,35437.0,5004.0,0.1579,0.4295,0.1412,-3.4144
tomato,26,crash,0.1,momentum,0.1,115466,0.3645,2166.0,39918.0,9485.0,0.0515,0.8141,0.042,-4.025
tomato,26,crash,0.1,seasonal,0.1,115466,0.3645,4669.0,37415.0,6982.0,0.1109,0.5993,0.0952,-3.6839
tomato,26,crash,0.1,M0reg,0.1,115466,0.3645,6267.0,35817.0,5384.0,0.1489,0.4621,0.132,-3.4662
tomato,26,crash,0.1,M6reg,0.1,115466,0.3645,6482.0,35602.0,5169.0,0.154,0.4437,0.1372,-3.4369
tomato,26,crash,0.1,never,0.1,115466,0.3645,0.0,42084.0,0.0,0.0,,0.0,-4.1614
tomato,26,crash,0.1,always,0.1,115466,0.3645,42084.0,0.0,73382.0,1.0,0.6355,0.3645,0.0
tomato,26,crash,0.1,M0E,0.2,115466,0.3645,6576.0,35508.0,5075.0,0.1563,0.4356,0.1394,-1.0047
tomato,26,crash,0.1,LAY,0.2,115466,0.3645,6647.0,35437.0,5004.0,0.1579,0.4295,0.1412,-0.9998
tomato,26,crash,0.1,momentum,0.2,115466,0.3645,2166.0,39918.0,9485.0,0.0515,0.8141,0.042,-1.3052
tomato,26,crash,0.1,seasonal,0.2,115466,0.3645,4669.0,37415.0,6982.0,0.1109,0.5993,0.0952,-1.1346
tomato,26,crash,0.1,M0reg,0.2,115466,0.3645,6267.0,35817.0,5384.0,0.1489,0.4621,0.132,-1.0257
tomato,26,crash,0.1,M6reg,0.2,115466,0.3645,6482.0,35602.0,5169.0,0.154,0.4437,0.1372,-1.0111
tomato,26,crash,0.1,never,0.2,115466,0.3645,0.0,42084.0,0.0,0.0,,0.0,-1.294
tomato,26,crash,0.1,always,0.2,115466,0.3645,42084.0,0.0,73382.0,1.0,0.6355,0.3645,0.0
tomato,26,crash,0.1,M0E,0.3,115466,0.3645,6576.0,35508.0,5075.0,0.1563,0.4356,0.1394,-0.1982
tomato,26,crash,0.1,LAY,0.3,115466,0.3645,6647.0,35437.0,5004.0,0.1579,0.4295,0.1412,-0.195
tomato,26,crash,0.1,momentum,0.3,115466,0.3645,2166.0,39918.0,9485.0,0.0515,0.8141,0.042,-0.3985
tomato,26,crash,0.1,seasonal,0.3,115466,0.3645,4669.0,37415.0,6982.0,0.1109,0.5993,0.0952,-0.2848
tomato,26,crash,0.1,M0reg,0.3,115466,0.3645,6267.0,35817.0,5384.0,0.1489,0.4621,0.132,-0.2122
tomato,26,crash,0.1,M6reg,0.3,115466,0.3645,6482.0,35602.0,5169.0,0.154,0.4437,0.1372,-0.2025
tomato,26,crash,0.1,never,0.3,115466,0.3645,0.0,42084.0,0.0,0.0,,0.0,-0.3381
tomato,26,crash,0.1,always,0.3,115466,0.3645,42084.0,0.0,73382.0,1.0,0.6355,0.3645,0.0
tomato,26,crash,0.2,M0E,0.1,115466,0.3645,12307.0,29777.0,10877.0,0.2924,0.4692,0.2324,-2.8003
tomato,26,crash,0.2,LAY,0.1,115466,0.3645,12385.0,29699.0,10799.0,0.2943,0.4658,0.2342,-2.7896
tomato,26,crash,0.2,momentum,0.1,115466,0.3645,5408.0,36676.0,17776.0,0.1285,0.7667,0.0903,-3.7404
tomato,26,crash,0.2,seasonal,0.1,115466,0.3645,9457.0,32627.0,13727.0,0.2247,0.5921,0.1694,-3.1886
tomato,26,crash,0.2,M0reg,0.1,115466,0.3645,11734.0,30350.0,11450.0,0.2788,0.4939,0.2192,-2.8783
tomato,26,crash,0.2,M6reg,0.1,115466,0.3645,12043.0,30041.0,11141.0,0.2862,0.4805,0.2263,-2.8362
tomato,26,crash,0.2,never,0.1,115466,0.3645,0.0,42084.0,0.0,0.0,,0.0,-4.1614
tomato,26,crash,0.2,always,0.1,115466,0.3645,42084.0,0.0,73382.0,1.0,0.6355,0.3645,0.0
tomato,26,crash,0.2,M0E_prob,0.1,115466,0.3645,37665.0,4419.0,16012.0,0.895,0.2983,0.6483,0.2398
tomato,26,crash,0.2,LAY_prob,0.1,115466,0.3645,28792.0,13292.0,8485.0,0.6842,0.2276,0.5694,-0.7458
tomato,26,crash,0.2,M0E_persist2,0.1,115466,0.3645,8333.0,33751.0,7296.0,0.198,0.4668,0.1688,-3.2388
tomato,26,crash,0.2,LAY_persist2,0.1,115466,0.3645,8615.0,33469.0,7353.0,0.2047,0.4605,0.1743,-3.205
tomato,26,crash,0.2,M0E,0.2,115466,0.3645,12307.0,29777.0,10877.0,0.2924,0.4692,0.2324,-0.7713
tomato,26,crash,0.2,LAY,0.2,115466,0.3645,12385.0,29699.0,10799.0,0.2943,0.4658,0.2342,-0.766
tomato,26,crash,0.2,momentum,0.2,115466,0.3645,5408.0,36676.0,17776.0,0.1285,0.7667,0.0903,-1.2414
tomato,26,crash,0.2,seasonal,0.2,115466,0.3645,9457.0,32627.0,13727.0,0.2247,0.5921,0.1694,-0.9655
tomato,26,crash,0.2,M0reg,0.2,115466,0.3645,11734.0,30350.0,11450.0,0.2788,0.4939,0.2192,-0.8104
tomato,26,crash,0.2,M6reg,0.2,115466,0.3645,12043.0,30041.0,11141.0,0.2862,0.4805,0.2263,-0.7893
tomato,26,crash,0.2,never,0.2,115466,0.3645,0.0,42084.0,0.0,0.0,,0.0,-1.294
tomato,26,crash,0.2,always,0.2,115466,0.3645,42084.0,0.0,73382.0,1.0,0.6355,0.3645,0.0
tomato,26,crash,0.2,M0E_prob,0.2,115466,0.3645,37665.0,4419.0,16012.0,0.895,0.2983,0.6483,0.5409
tomato,26,crash,0.2,LAY_prob,0.2,115466,0.3645,28792.0,13292.0,8485.0,0.6842,0.2276,0.5694,0.1598
tomato,26,crash,0.2,M0E_persist2,0.2,115466,0.3645,8333.0,33751.0,7296.0,0.198,0.4668,0.1688,-0.9392
tomato,26,crash,0.2,LAY_persist2,0.2,115466,0.3645,8615.0,33469.0,7353.0,0.2047,0.4605,0.1743,-0.9246
tomato,26,crash,0.2,M0E,0.3,115466,0.3645,12307.0,29777.0,10877.0,0.2924,0.4692,0.2324,-0.095
tomato,26,crash,0.2,LAY,0.3,115466,0.3645,12385.0,29699.0,10799.0,0.2943,0.4658,0.2342,-0.0915
tomato,26,crash,0.2,momentum,0.3,115466,0.3645,5408.0,36676.0,17776.0,0.1285,0.7667,0.0903,-0.4084
tomato,26,crash,0.2,seasonal,0.3,115466,0.3645,9457.0,32627.0,13727.0,0.2247,0.5921,0.1694,-0.2245
tomato,26,crash,0.2,M0reg,0.3,115466,0.3645,11734.0,30350.0,11450.0,0.2788,0.4939,0.2192,-0.1211
tomato,26,crash,0.2,M6reg,0.3,115466,0.3645,12043.0,30041.0,11141.0,0.2862,0.4805,0.2263,-0.107
tomato,26,crash,0.2,never,0.3,115466,0.3645,0.0,42084.0,0.0,0.0,,0.0,-0.3381
tomato,26,crash,0.2,always,0.3,115466,0.3645,42084.0,0.0,73382.0,1.0,0.6355,0.3645,0.0
tomato,26,crash,0.2,M0E_prob,0.3,115466,0.3645,37665.0,4419.0,16012.0,0.895,0.2983,0.6483,0.6413
tomato,26,crash,0.2,LAY_prob,0.3,115466,0.3645,28792.0,13292.0,8485.0,0.6842,0.2276,0.5694,0.4617
tomato,26,crash,0.2,M0E_persist2,0.3,115466,0.3645,8333.0,33751.0,7296.0,0.198,0.4668,0.1688,-0.1726
tomato,26,crash,0.2,LAY_persist2,0.3,115466,0.3645,8615.0,33469.0,7353.0,0.2047,0.4605,0.1743,-0.1644
tomato,26,crash,0.3,M0E,0.1,115466,0.3645,17584.0,24500.0,17160.0,0.4178,0.4939,0.2968,-2.2387
tomato,26,crash,0.3,LAY,0.1,115466,0.3645,17639.0,24445.0,17105.0,0.4191,0.4923,0.298,-2.2312
tomato,26,crash,0.3,momentum,0.1,115466,0.3645,9208.0,32876.0,25536.0,0.2188,0.735,0.1362,-3.3801
tomato,26,crash,0.3,seasonal,0.1,115466,0.3645,14123.0,27961.0,20621.0,0.3356,0.5935,0.2252,-2.7103
tomato,26,crash,0.3,M0reg,0.1,115466,0.3645,16837.0,25247.0,17907.0,0.4001,0.5154,0.2807,-2.3405
tomato,26,crash,0.3,M6reg,0.1,115466,0.3645,17185.0,24899.0,17559.0,0.4083,0.5054,0.2881,-2.293
tomato,26,crash,0.3,never,0.1,115466,0.3645,0.0,42084.0,0.0,0.0,,0.0,-4.1614
tomato,26,crash,0.3,always,0.1,115466,0.3645,42084.0,0.0,73382.0,1.0,0.6355,0.3645,0.0
tomato,26,crash,0.3,M0E,0.2,115466,0.3645,17584.0,24500.0,17160.0,0.4178,0.4939,0.2968,-0.5693
tomato,26,crash,0.3,LAY,0.2,115466,0.3645,17639.0,24445.0,17105.0,0.4191,0.4923,0.298,-0.5656
tomato,26,crash,0.3,momentum,0.2,115466,0.3645,9208.0,32876.0,25536.0,0.2188,0.735,0.1362,-1.14
tomato,26,crash,0.3,seasonal,0.2,115466,0.3645,14123.0,27961.0,20621.0,0.3356,0.5935,0.2252,-0.8051
tomato,26,crash,0.3,M0reg,0.2,115466,0.3645,16837.0,25247.0,17907.0,0.4001,0.5154,0.2807,-0.6202
tomato,26,crash,0.3,M6reg,0.2,115466,0.3645,17185.0,24899.0,17559.0,0.4083,0.5054,0.2881,-0.5965
tomato,26,crash,0.3,never,0.2,115466,0.3645,0.0,42084.0,0.0,0.0,,0.0,-1.294
tomato,26,crash,0.3,always,0.2,115466,0.3645,42084.0,0.0,73382.0,1.0,0.6355,0.3645,0.0
tomato,26,crash,0.3,M0E,0.3,115466,0.3645,17584.0,24500.0,17160.0,0.4178,0.4939,0.2968,-0.0129
tomato,26,crash,0.3,LAY,0.3,115466,0.3645,17639.0,24445.0,17105.0,0.4191,0.4923,0.298,-0.0104
tomato,26,crash,0.3,momentum,0.3,115466,0.3645,9208.0,32876.0,25536.0,0.2188,0.735,0.1362,-0.3933
tomato,26,crash,0.3,seasonal,0.3,115466,0.3645,14123.0,27961.0,20621.0,0.3356,0.5935,0.2252,-0.1701
tomato,26,crash,0.3,M0reg,0.3,115466,0.3645,16837.0,25247.0,17907.0,0.4001,0.5154,0.2807,-0.0468
tomato,26,crash,0.3,M6reg,0.3,115466,0.3645,17185.0,24899.0,17559.0,0.4083,0.5054,0.2881,-0.031
tomato,26,crash,0.3,never,0.3,115466,0.3645,0.0,42084.0,0.0,0.0,,0.0,-0.3381
tomato,26,crash,0.3,always,0.3,115466,0.3645,42084.0,0.0,73382.0,1.0,0.6355,0.3645,0.0
tomato,26,crash,,AUC_M0E,,115466,0.3645,,,,,,,0.9243
tomato,26,crash,,AUC_LAY,,115466,0.3645,,,,,,,0.929
tomato,26,crash,,AUC_M0reg,,115466,0.3645,,,,,,,0.9226
tomato,26,crash,,AUC_M6reg,,115466,0.3645,,,,,,,0.9334
tomato,26,crash,,AUC_momentum,,115466,0.3645,,,,,,,0.2168
tomato,26,crash,,Brier_M0E,,115466,0.3645,,,,,,,0.1251
tomato,26,crash,,Brier_LAY,,115466,0.3645,,,,,,,0.153
tomato,26,spike,0.1,M0E,0.1,115466,0.4038,7431.0,39189.0,4220.0,0.1594,0.3622,0.1462,-4.1843
tomato,26,spike,0.1,LAY,0.1,115466,0.4038,7469.0,39151.0,4182.0,0.1602,0.3589,0.147,-4.1788
tomato,26,spike,0.1,momentum,0.1,115466,0.4038,2966.0,43654.0,8685.0,0.0636,0.7454,0.0536,-4.8329
tomato,26,spike,0.1,seasonal,0.1,115466,0.4038,5641.0,40979.0,6010.0,0.121,0.5158,0.1072,-4.4443
tomato,26,spike,0.1,M0reg,0.1,115466,0.4038,7241.0,39379.0,4410.0,0.1553,0.3785,0.1419,-4.2119
tomato,26,spike,0.1,M6reg,0.1,115466,0.4038,7291.0,39329.0,4360.0,0.1564,0.3742,0.143,-4.2047
tomato,26,spike,0.1,never,0.1,115466,0.4038,0.0,46620.0,0.0,0.0,,0.0,-5.0945
tomato,26,spike,0.1,always,0.1,115466,0.4038,46620.0,0.0,68846.0,1.0,0.5962,0.4038,0.0
tomato,26,spike,0.1,M0E,0.2,115466,0.4038,7431.0,39189.0,4220.0,0.1594,0.3622,0.1462,-1.3382
tomato,26,spike,0.1,LAY,0.2,115466,0.4038,7469.0,39151.0,4182.0,0.1602,0.3589,0.147,-1.3354
tomato,26,spike,0.1,momentum,0.2,115466,0.4038,2966.0,43654.0,8685.0,0.0636,0.7454,0.0536,-1.6625
tomato,26,spike,0.1,seasonal,0.2,115466,0.4038,5641.0,40979.0,6010.0,0.121,0.5158,0.1072,-1.4682
tomato,26,spike,0.1,M0reg,0.2,115466,0.4038,7241.0,39379.0,4410.0,0.1553,0.3785,0.1419,-1.352
tomato,26,spike,0.1,M6reg,0.2,115466,0.4038,7291.0,39329.0,4360.0,0.1564,0.3742,0.143,-1.3484
tomato,26,spike,0.1,never,0.2,115466,0.4038,0.0,46620.0,0.0,0.0,,0.0,-1.7087
tomato,26,spike,0.1,always,0.2,115466,0.4038,46620.0,0.0,68846.0,1.0,0.5962,0.4038,0.0
tomato,26,spike,0.1,M0E,0.3,115466,0.4038,7431.0,39189.0,4220.0,0.1594,0.3622,0.1462,-0.3895
tomato,26,spike,0.1,LAY,0.3,115466,0.4038,7469.0,39151.0,4182.0,0.1602,0.3589,0.147,-0.3877
tomato,26,spike,0.1,momentum,0.3,115466,0.4038,2966.0,43654.0,8685.0,0.0636,0.7454,0.0536,-0.6057
tomato,26,spike,0.1,seasonal,0.3,115466,0.4038,5641.0,40979.0,6010.0,0.121,0.5158,0.1072,-0.4762
tomato,26,spike,0.1,M0reg,0.3,115466,0.4038,7241.0,39379.0,4410.0,0.1553,0.3785,0.1419,-0.3987
tomato,26,spike,0.1,M6reg,0.3,115466,0.4038,7291.0,39329.0,4360.0,0.1564,0.3742,0.143,-0.3963
tomato,26,spike,0.1,never,0.3,115466,0.4038,0.0,46620.0,0.0,0.0,,0.0,-0.58
tomato,26,spike,0.1,always,0.3,115466,0.4038,46620.0,0.0,68846.0,1.0,0.5962,0.4038,0.0
tomato,26,spike,0.2,M0E,0.1,115466,0.4038,13762.0,32858.0,9422.0,0.2952,0.4064,0.2456,-3.4323
tomato,26,spike,0.2,LAY,0.1,115466,0.4038,13803.0,32817.0,9381.0,0.2961,0.4046,0.2465,-3.4263
tomato,26,spike,0.2,momentum,0.1,115466,0.4038,6319.0,40301.0,16865.0,0.1355,0.7274,0.0995,-4.5134
tomato,26,spike,0.2,seasonal,0.1,115466,0.4038,10930.0,35690.0,12254.0,0.2344,0.5286,0.1857,-3.8436
tomato,26,spike,0.2,M0reg,0.1,115466,0.4038,13393.0,33227.0,9791.0,0.2873,0.4223,0.2374,-3.4859
tomato,26,spike,0.2,M6reg,0.1,115466,0.4038,13553.0,33067.0,9631.0,0.2907,0.4154,0.2409,-3.4626
tomato,26,spike,0.2,never,0.1,115466,0.4038,0.0,46620.0,0.0,0.0,,0.0,-5.0945
tomato,26,spike,0.2,always,0.1,115466,0.4038,46620.0,0.0,68846.0,1.0,0.5962,0.4038,0.0
tomato,26,spike,0.2,M0E_prob,0.1,115466,0.4038,43099.0,3521.0,34019.0,0.9245,0.4411,0.5345,0.0456
tomato,26,spike,0.2,LAY_prob,0.1,115466,0.4038,44885.0,1735.0,39247.0,0.9628,0.4665,0.5227,0.2031
tomato,26,spike,0.2,M0E_persist2,0.1,115466,0.4038,10133.0,36487.0,6128.0,0.2174,0.3769,0.1921,-3.8588
tomato,26,spike,0.2,LAY_persist2,0.1,115466,0.4038,10128.0,36492.0,6102.0,0.2172,0.376,0.1921,-3.8591
tomato,26,spike,0.2,M0E,0.2,115466,0.4038,13762.0,32858.0,9422.0,0.2952,0.4064,0.2456,-1.0459
tomato,26,spike,0.2,LAY,0.2,115466,0.4038,13803.0,32817.0,9381.0,0.2961,0.4046,0.2465,-1.043
tomato,26,spike,0.2,momentum,0.2,115466,0.4038,6319.0,40301.0,16865.0,0.1355,0.7274,0.0995,-1.5865
tomato,26,spike,0.2,seasonal,0.2,115466,0.4038,10930.0,35690.0,12254.0,0.2344,0.5286,0.1857,-1.2516
tomato,26,spike,0.2,M0reg,0.2,115466,0.4038,13393.0,33227.0,9791.0,0.2873,0.4223,0.2374,-1.0727
tomato,26,spike,0.2,M6reg,0.2,115466,0.4038,13553.0,33067.0,9631.0,0.2907,0.4154,0.2409,-1.0611
tomato,26,spike,0.2,never,0.2,115466,0.4038,0.0,46620.0,0.0,0.0,,0.0,-1.7087
tomato,26,spike,0.2,always,0.2,115466,0.4038,46620.0,0.0,68846.0,1.0,0.5962,0.4038,0.0
tomato,26,spike,0.2,M0E_prob,0.2,115466,0.4038,43099.0,3521.0,34019.0,0.9245,0.4411,0.5345,0.3013
tomato,26,spike,0.2,LAY_prob,0.2,115466,0.4038,44885.0,1735.0,39247.0,0.9628,0.4665,0.5227,0.3291
tomato,26,spike,0.2,M0E_persist2,0.2,115466,0.4038,10133.0,36487.0,6128.0,0.2174,0.3769,0.1921,-1.2089
tomato,26,spike,0.2,LAY_persist2,0.2,115466,0.4038,10128.0,36492.0,6102.0,0.2172,0.376,0.1921,-1.2088
tomato,26,spike,0.2,M0E,0.3,115466,0.4038,13762.0,32858.0,9422.0,0.2952,0.4064,0.2456,-0.2505
tomato,26,spike,0.2,LAY,0.3,115466,0.4038,13803.0,32817.0,9381.0,0.2961,0.4046,0.2465,-0.2485
tomato,26,spike,0.2,momentum,0.3,115466,0.4038,6319.0,40301.0,16865.0,0.1355,0.7274,0.0995,-0.6109
tomato,26,spike,0.2,seasonal,0.3,115466,0.4038,10930.0,35690.0,12254.0,0.2344,0.5286,0.1857,-0.3876
tomato,26,spike,0.2,M0reg,0.3,115466,0.4038,13393.0,33227.0,9791.0,0.2873,0.4223,0.2374,-0.2683
tomato,26,spike,0.2,M6reg,0.3,115466,0.4038,13553.0,33067.0,9631.0,0.2907,0.4154,0.2409,-0.2606
tomato,26,spike,0.2,never,0.3,115466,0.4038,0.0,46620.0,0.0,0.0,,0.0,-0.58
tomato,26,spike,0.2,always,0.3,115466,0.4038,46620.0,0.0,68846.0,1.0,0.5962,0.4038,0.0
tomato,26,spike,0.2,M0E_prob,0.3,115466,0.4038,43099.0,3521.0,34019.0,0.9245,0.4411,0.5345,0.3865
tomato,26,spike,0.2,LAY_prob,0.3,115466,0.4038,44885.0,1735.0,39247.0,0.9628,0.4665,0.5227,0.3711
tomato,26,spike,0.2,M0E_persist2,0.3,115466,0.4038,10133.0,36487.0,6128.0,0.2174,0.3769,0.1921,-0.3256
tomato,26,spike,0.2,LAY_persist2,0.3,115466,0.4038,10128.0,36492.0,6102.0,0.2172,0.376,0.1921,-0.3254
tomato,26,spike,0.3,M0E,0.1,115466,0.4038,19590.0,27030.0,15154.0,0.4202,0.4362,0.3171,-2.7537
tomato,26,spike,0.3,LAY,0.1,115466,0.4038,19671.0,26949.0,15073.0,0.4219,0.4338,0.3189,-2.7419
tomato,26,spike,0.3,momentum,0.1,115466,0.4038,10061.0,36559.0,24683.0,0.2158,0.7104,0.1411,-4.1378
tomato,26,spike,0.3,seasonal,0.1,115466,0.4038,15965.0,30655.0,18779.0,0.3424,0.5405,0.2441,-3.2802
tomato,26,spike,0.3,M0reg,0.1,115466,0.4038,19171.0,27449.0,15573.0,0.4112,0.4482,0.3083,-2.8145
tomato,26,spike,0.3,M6reg,0.1,115466,0.4038,19349.0,27271.0,15395.0,0.415,0.4431,0.312,-2.7887
tomato,26,spike,0.3,never,0.1,115466,0.4038,0.0,46620.0,0.0,0.0,,0.0,-5.0945
tomato,26,spike,0.3,always,0.1,115466,0.4038,46620.0,0.0,68846.0,1.0,0.5962,0.4038,0.0
tomato,26,spike,0.3,M0E,0.2,115466,0.4038,19590.0,27030.0,15154.0,0.4202,0.4362,0.3171,-0.7906
tomato,26,spike,0.3,LAY,0.2,115466,0.4038,19671.0,26949.0,15073.0,0.4219,0.4338,0.3189,-0.7847
tomato,26,spike,0.3,momentum,0.2,115466,0.4038,10061.0,36559.0,24683.0,0.2158,0.7104,0.1411,-1.4826
tomato,26,spike,0.3,seasonal,0.2,115466,0.4038,15965.0,30655.0,18779.0,0.3424,0.5405,0.2441,-1.0538
tomato,26,spike,0.3,M0reg,0.2,115466,0.4038,19171.0,27449.0,15573.0,0.4112,0.4482,0.3083,-0.821
tomato,26,spike,0.3,M6reg,0.2,115466,0.4038,19349.0,27271.0,15395.0,0.415,0.4431,0.312,-0.8081
tomato,26,spike,0.3,never,0.2,115466,0.4038,0.0,46620.0,0.0,0.0,,0.0,-1.7087
tomato,26,spike,0.3,always,0.2,115466,0.4038,46620.0,0.0,68846.0,1.0,0.5962,0.4038,0.0
tomato,26,spike,0.3,M0E,0.3,115466,0.4038,19590.0,27030.0,15154.0,0.4202,0.4362,0.3171,-0.1362
tomato,26,spike,0.3,LAY,0.3,115466,0.4038,19671.0,26949.0,15073.0,0.4219,0.4338,0.3189,-0.1323
tomato,26,spike,0.3,momentum,0.3,115466,0.4038,10061.0,36559.0,24683.0,0.2158,0.7104,0.1411,-0.5976
tomato,26,spike,0.3,seasonal,0.3,115466,0.4038,15965.0,30655.0,18779.0,0.3424,0.5405,0.2441,-0.3117
tomato,26,spike,0.3,M0reg,0.3,115466,0.4038,19171.0,27449.0,15573.0,0.4112,0.4482,0.3083,-0.1565
tomato,26,spike,0.3,M6reg,0.3,115466,0.4038,19349.0,27271.0,15395.0,0.415,0.4431,0.312,-0.1479
tomato,26,spike,0.3,never,0.3,115466,0.4038,0.0,46620.0,0.0,0.0,,0.0,-0.58
tomato,26,spike,0.3,always,0.3,115466,0.4038,46620.0,0.0,68846.0,1.0,0.5962,0.4038,0.0
tomato,26,spike,,AUC_M0E,,115466,0.4038,,,,,,,0.9025
tomato,26,spike,,AUC_LAY,,115466,0.4038,,,,,,,0.9152
tomato,26,spike,,AUC_M0reg,,115466,0.4038,,,,,,,0.9015
tomato,26,spike,,AUC_M6reg,,115466,0.4038,,,,,,,0.91
tomato,26,spike,,AUC_momentum,,115466,0.4038,,,,,,,0.2359
tomato,26,spike,,Brier_M0E,,115466,0.4038,,,,,,,0.1503
tomato,26,spike,,Brier_LAY,,115466,0.4038,,,,,,,0.1471
