crop,state,market,first_week,last_week,n_weeks,coverage_category
onion,Andaman and Nicobar,Car Nicobar APMC,2019-06-03,2023-09-04,20,Thin (<1yr)
onion,Andaman and Nicobar,Diglipur APMC,2017-01-23,2024-04-01,16,Thin (<1yr)
onion,Andaman and Nicobar,Sri Vijaya Puram APMC,2019-03-04,2022-05-16,14,Thin (<1yr)
onion,Andhra Pradesh,Eluru APMC,2017-03-13,2017-03-13,1,Thin (<1yr)
onion,Andhra Pradesh,"Eluru(P.Sri.Mkt),RBZ APMC",2017-01-02,2017-05-29,7,Thin (<1yr)
onion,Andhra Pradesh,"Eluru-II,RBZ APMC",2016-12-26,2017-08-14,34,Thin (<1yr)
onion,Andhra Pradesh,Ichapuram APMC,2017-09-25,2017-11-06,5,Thin (<1yr)
onion,Andhra Pradesh,Kurnool APMC,2017-01-02,2024-12-30,333,Good (4.5-7yr)
onion,Andhra Pradesh,Ongole(Rythu Bazar) APMC,2017-01-02,2017-05-01,8,Thin (<1yr)
onion,Andhra Pradesh,Pattikonda APMC,2017-11-06,2024-12-30,257,Good (4.5-7yr)
onion,Andhra Pradesh,Rajampet APMC,2017-01-02,2017-09-04,12,Thin (<1yr)
onion,Andhra Pradesh,Tadepalligudem APMC,2018-12-24,2019-09-09,36,Thin (<1yr)
onion,Andhra Pradesh,Visakhapatnam APMC,2017-01-09,2017-06-12,5,Thin (<1yr)
onion,Arunachal Pradesh,Daporijo APMC,2017-12-04,2017-12-04,1,Thin (<1yr)
onion,Arunachal Pradesh,Naharlagun APMC,2017-06-05,2018-06-18,52,Short (1-2yr)
onion,Arunachal Pradesh,Pasighat APMC,2017-12-04,2017-12-04,1,Thin (<1yr)
onion,Assam,Bohorihat APMC,2016-12-26,2019-08-26,41,Thin (<1yr)
onion,Assam,Bongiagaon APMC,2016-12-26,2019-11-25,120,Moderate (2-4.5yr)
onion,Assam,Dhekiajuli APMC,2017-03-06,2019-09-09,39,Thin (<1yr)
onion,Assam,Dhing APMC,2017-01-02,2019-11-18,131,Moderate (2-4.5yr)
onion,Assam,Dibrugarh APMC,2017-10-16,2022-04-04,85,Short (1-2yr)
onion,Assam,Gauripur APMC,2017-02-13,2022-02-07,19,Thin (<1yr)
onion,Assam,Golaghat APMC,2017-01-16,2018-10-01,66,Short (1-2yr)
onion,Assam,Goreswar APMC,2017-03-20,2017-05-08,8,Thin (<1yr)
onion,Assam,Howly APMC,2017-01-16,2022-05-23,151,Moderate (2-4.5yr)
onion,Assam,Jorhat APMC,2017-01-02,2022-05-30,150,Moderate (2-4.5yr)
onion,Assam,Karimganj APMC,2022-04-18,2022-04-25,2,Thin (<1yr)
onion,Assam,Kharupetia APMC,2017-08-21,2019-09-30,4,Thin (<1yr)
onion,Assam,Kushtoli APMC,2019-11-18,2019-11-25,2,Thin (<1yr)
onion,Assam,Lanka APMC,2017-03-13,2018-07-09,39,Thin (<1yr)
onion,Assam,P.O. Uparhali Guwahati APMC,2017-01-02,2019-11-25,148,Moderate (2-4.5yr)
onion,Assam,Pamohi(Garchuk) APMC,2018-08-13,2023-12-18,97,Short (1-2yr)
onion,Assam,Sibsagar APMC,2022-03-21,2022-03-21,1,Thin (<1yr)
onion,Assam,Silapathar APMC,2018-02-19,2018-04-30,11,Thin (<1yr)
onion,Assam,Tinsukia APMC,2017-03-06,2022-05-23,32,Thin (<1yr)
onion,Bihar,Aarah APMC,2021-12-13,2023-01-30,24,Thin (<1yr)
onion,Bihar,Amarpur APMC,2022-03-28,2023-04-03,31,Thin (<1yr)
onion,Bihar,Amba APMC,2022-03-28,2023-06-05,48,Thin (<1yr)
onion,Bihar,Arreria APMC,2022-01-31,2023-02-20,55,Short (1-2yr)
onion,Bihar,Arwal APMC,2022-01-31,2023-05-08,52,Short (1-2yr)
onion,Bihar,Aurangabad APMC,2022-02-14,2023-05-22,53,Short (1-2yr)
onion,Bihar,Bahadurganj APMC,2022-02-21,2024-10-21,121,Moderate (2-4.5yr)
onion,Bihar,Bahadurpur (Ekmi Ghat) APMC,2022-04-25,2024-11-04,64,Short (1-2yr)
onion,Bihar,Balliah APMC,2022-03-28,2023-04-17,56,Short (1-2yr)
onion,Bihar,Barahat APMC,2022-02-28,2024-12-30,93,Short (1-2yr)
onion,Bihar,Barari APMC,2022-07-18,2022-09-12,5,Thin (<1yr)
onion,Bihar,Barbigha APMC,2022-03-28,2023-06-05,45,Thin (<1yr)
onion,Bihar,Barsoi APMC,2022-02-21,2023-03-06,49,Thin (<1yr)
onion,Bihar,Begusarai APMC,2022-02-07,2023-01-30,35,Thin (<1yr)
onion,Bihar,Benipatti APMC,2022-04-04,2022-11-21,34,Thin (<1yr)
onion,Bihar,Bettiah APMC,2022-02-07,2023-02-27,52,Short (1-2yr)
onion,Bihar,Bhagalpur APMC,2022-01-03,2023-05-29,48,Thin (<1yr)
onion,Bihar,Bhagwanpur Mandi APMC,2022-03-28,2024-12-23,85,Short (1-2yr)
onion,Bihar,Bhawanipur APMC,2022-04-04,2022-06-20,12,Thin (<1yr)
onion,Bihar,Bihariganj APMC,2022-02-07,2023-04-24,43,Thin (<1yr)
onion,Bihar,Biharsharif APMC,2021-11-15,2023-03-27,52,Short (1-2yr)
onion,Bihar,Bihta APMC,2022-03-28,2022-10-31,29,Thin (<1yr)
onion,Bihar,Biraul APMC,2022-02-21,2022-10-10,13,Thin (<1yr)
onion,Bihar,Birpur APMC,2022-02-21,2023-06-05,49,Thin (<1yr)
onion,Bihar,Brahmpur APMC,2022-04-11,2024-12-23,60,Short (1-2yr)
onion,Bihar,Buxur APMC,2022-01-10,2023-03-27,48,Thin (<1yr)
onion,Bihar,Chakia APMC,2021-12-13,2023-03-27,64,Short (1-2yr)
onion,Bihar,Chhapra APMC,2022-02-07,2023-02-27,47,Thin (<1yr)
onion,Bihar,Danapur APMC,2022-02-21,2024-12-30,106,Moderate (2-4.5yr)
onion,Bihar,Darbhanga APMC,2022-01-31,2023-04-17,52,Short (1-2yr)
onion,Bihar,Daunagar APMC,2022-03-28,2023-02-06,38,Thin (<1yr)
onion,Bihar,Dehri APMC,2022-03-28,2023-02-20,45,Thin (<1yr)
onion,Bihar,Dumarao APMC,2022-03-28,2023-01-02,17,Thin (<1yr)
onion,Bihar,Forbesganj APMC,2022-01-31,2023-02-20,39,Thin (<1yr)
onion,Bihar,"Gerabari, Korha Block APMC",2022-06-27,2024-12-30,90,Short (1-2yr)
onion,Bihar,Gopalganj APMC,2022-01-17,2024-03-04,34,Thin (<1yr)
onion,Bihar,Gulabbagh APMC,2022-02-21,2022-07-04,20,Thin (<1yr)
onion,Bihar,Hajipur APMC,2018-09-17,2023-06-05,63,Short (1-2yr)
onion,Bihar,Harnaut APMC,2022-09-26,2023-03-27,19,Thin (<1yr)
onion,Bihar,Jahajharpur APMC,2022-02-07,2024-12-30,135,Moderate (2-4.5yr)
onion,Bihar,Jainagar APMC,2022-02-21,2024-12-30,115,Moderate (2-4.5yr)
onion,Bihar,"Jaitipir Mandi, Lalganj block APMC",2022-04-04,2023-02-20,45,Thin (<1yr)
onion,Bihar,Jamui APMC,2022-01-03,2024-12-30,116,Moderate (2-4.5yr)
onion,Bihar,Jehanabad APMC,2022-02-21,2024-12-23,109,Moderate (2-4.5yr)
onion,Bihar,Kahalgaon APMC,2022-01-31,2023-05-29,51,Thin (<1yr)
onion,Bihar,Kaimur APMC,2022-04-04,2023-05-29,61,Short (1-2yr)
onion,Bihar,Kaswa APMC,2022-02-21,2022-07-04,20,Thin (<1yr)
onion,Bihar,Katihar APMC,2022-02-28,2022-08-01,23,Thin (<1yr)
onion,Bihar,Kishanganj APMC,2022-02-21,2023-04-17,59,Short (1-2yr)
onion,Bihar,Kochas (Balthari) APMC,2024-05-06,2024-12-30,29,Thin (<1yr)
onion,Bihar,Lakhisarai APMC,2022-02-21,2023-02-20,50,Thin (<1yr)
onion,Bihar,Madhuban APMC,2022-03-28,2023-06-05,63,Short (1-2yr)
onion,Bihar,Madhubani APMC,2022-02-07,2022-12-26,45,Thin (<1yr)
onion,Bihar,Maharjganj APMC,2022-03-28,2023-03-06,25,Thin (<1yr)
onion,Bihar,Mansi Mandi APMC,2022-04-04,2024-12-23,110,Moderate (2-4.5yr)
onion,Bihar,Mohana APMC,2021-12-27,2023-05-29,69,Short (1-2yr)
onion,Bihar,Mokama APMC,2022-01-31,2022-11-14,24,Thin (<1yr)
onion,Bihar,Motihari APMC,2022-02-07,2023-04-03,59,Short (1-2yr)
onion,Bihar,Munghair APMC,2022-03-28,2023-04-10,55,Short (1-2yr)
onion,Bihar,Murliganj APMC,2022-03-28,2024-12-30,109,Moderate (2-4.5yr)
onion,Bihar,Muzaffarpur APMC,2022-02-07,2023-02-13,35,Thin (<1yr)
onion,Bihar,Narkatiaganj APMC,2022-01-31,2022-04-04,6,Thin (<1yr)
onion,Bihar,Naugachiya APMC,2022-03-28,2023-05-29,58,Short (1-2yr)
onion,Bihar,Nawada APMC,2022-01-31,2023-04-03,59,Short (1-2yr)
onion,Bihar,Nokha APMC,2022-01-31,2024-02-19,52,Short (1-2yr)
onion,Bihar,"Parsoniya Mandi, Mahua block APMC",2022-04-25,2023-02-27,45,Thin (<1yr)
onion,Bihar,Patna (Musallahpur) APMC,2022-02-28,2022-07-04,19,Thin (<1yr)
onion,Bihar,Piro APMC,2022-03-28,2024-12-23,91,Short (1-2yr)
onion,Bihar,Rajauli APMC,2022-04-11,2023-05-22,50,Thin (<1yr)
onion,Bihar,Rajaun APMC,2022-12-19,2023-05-22,18,Thin (<1yr)
onion,Bihar,Ramnagar APMC,2022-03-28,2023-02-06,30,Thin (<1yr)
onion,Bihar,Raniganj APMC,2022-03-28,2023-03-13,46,Thin (<1yr)
onion,Bihar,Raxaul APMC,2022-04-04,2023-06-05,62,Short (1-2yr)
onion,Bihar,Saharsa APMC,2022-02-07,2023-06-05,70,Short (1-2yr)
onion,Bihar,Saidpurhat APMC,2022-01-24,2023-04-17,62,Short (1-2yr)
onion,Bihar,Samastipur APMC,2022-02-21,2023-02-27,54,Short (1-2yr)
onion,Bihar,Sasaram APMC,2023-05-22,2024-12-30,59,Short (1-2yr)
onion,Bihar,Shekhpura APMC,2022-02-07,2023-06-05,52,Short (1-2yr)
onion,Bihar,Sheohar APMC,2022-05-09,2024-12-30,122,Moderate (2-4.5yr)
onion,Bihar,Sikandara APMC,2023-02-13,2023-02-13,1,Thin (<1yr)
onion,Bihar,Singheswarsthan APMC,2022-02-07,2023-01-30,45,Thin (<1yr)
onion,Bihar,Sitamarhi APMC,2022-01-31,2023-02-20,45,Thin (<1yr)
onion,Bihar,Siwan APMC,2022-01-31,2023-05-29,62,Short (1-2yr)
onion,Bihar,Sonpur APMC,2022-10-10,2023-05-22,25,Thin (<1yr)
onion,Bihar,Supaul APMC,2022-02-21,2023-04-24,62,Short (1-2yr)
onion,Bihar,Surjyagarha APMC,2022-04-18,2022-10-24,17,Thin (<1yr)
onion,Bihar,Tajpur APMC,2022-03-28,2024-12-30,121,Moderate (2-4.5yr)
onion,Bihar,Teghra APMC,2022-01-31,2023-02-20,38,Thin (<1yr)
onion,Bihar,Thakurganj APMC,2022-02-28,2023-08-14,54,Short (1-2yr)
onion,Bihar,Triveniganj APMC,2022-10-17,2023-04-24,28,Thin (<1yr)
onion,Bihar,Vikramganj APMC,2022-04-11,2023-02-27,42,Thin (<1yr)
onion,Chandigarh,Chandigarh(Grain/Fruit) APMC,2016-12-26,2024-12-23,298,Good (4.5-7yr)
onion,Chattisgarh,Bilaspur APMC,2024-10-21,2024-12-30,11,Thin (<1yr)
onion,Chattisgarh,Durg APMC,2017-01-02,2024-12-30,410,Full (7yr+)
onion,Chattisgarh,Narayanpur APMC,2017-05-01,2024-02-26,6,Thin (<1yr)
onion,Chattisgarh,Raigarh APMC,2017-01-02,2024-12-30,394,Full (7yr+)
onion,Chattisgarh,Rajnandgaon APMC,2017-01-02,2024-12-30,363,Good (4.5-7yr)
onion,Chattisgarh,Tiphra APMC,2017-01-02,2024-10-21,397,Full (7yr+)
onion,Goa,Mapusa APMC,2017-01-02,2024-12-30,393,Full (7yr+)
onion,Gujarat,Ahmedabad(Chimanbhai Patal Market Vasana) APMC,2017-01-02,2024-12-30,332,Good (4.5-7yr)
onion,Gujarat,"Anand(Veg,Yard,Anand) APMC",2017-01-02,2024-12-30,409,Full (7yr+)
onion,Gujarat,Ankleshwar APMC,2022-06-06,2023-12-25,59,Short (1-2yr)
onion,Gujarat,Babra APMC,2018-08-06,2018-08-20,2,Thin (<1yr)
onion,Gujarat,Bharuch APMC,2017-01-02,2024-12-30,278,Good (4.5-7yr)
onion,Gujarat,Bhavnagar APMC,2017-01-02,2024-12-30,223,Moderate (2-4.5yr)
onion,Gujarat,Bhuj APMC,2023-02-13,2024-12-30,95,Short (1-2yr)
onion,Gujarat,Bilimora APMC,2017-02-06,2024-12-30,215,Moderate (2-4.5yr)
onion,Gujarat,Borsad(Veg Yard Barsad) APMC,2020-12-21,2021-02-15,9,Thin (<1yr)
onion,Gujarat,Dahod(Veg. Market) APMC,2016-12-26,2024-12-30,410,Full (7yr+)
onion,Gujarat,Deesa(Deesa Veg Yard) APMC,2017-01-02,2024-12-30,391,Full (7yr+)
onion,Gujarat,Dhari APMC,2018-07-16,2020-11-23,42,Thin (<1yr)
onion,Gujarat,Dhari(Chalala) APMC,2018-07-16,2019-07-29,14,Thin (<1yr)
onion,Gujarat,Dholka(Koth) APMC,2018-05-21,2019-06-24,56,Short (1-2yr)
onion,Gujarat,Dhoraji APMC,2021-12-13,2024-12-30,68,Short (1-2yr)
onion,Gujarat,Godhra APMC,2020-06-15,2020-06-22,2,Thin (<1yr)
onion,Gujarat,Gondal APMC,2017-01-02,2024-12-30,327,Good (4.5-7yr)
onion,Gujarat,Jamnagar APMC,2017-01-02,2024-12-23,212,Moderate (2-4.5yr)
onion,Gujarat,Jetpur(Dist.Rajkot) APMC,2017-01-02,2024-12-30,203,Moderate (2-4.5yr)
onion,Gujarat,Jhalod APMC,2021-01-11,2021-10-11,12,Thin (<1yr)
onion,Gujarat,Kapadvanj APMC,2016-12-26,2024-12-30,362,Good (4.5-7yr)
onion,Gujarat,Khambhat(Veg Yard Khambhat) APMC,2017-01-02,2024-12-30,211,Moderate (2-4.5yr)
onion,Gujarat,Mahuva(Station Road) APMC,2017-01-02,2024-12-30,370,Full (7yr+)
onion,Gujarat,Mehsana(Mehsana Veg) APMC,2017-01-02,2024-12-30,398,Full (7yr+)
onion,Gujarat,Morbi APMC,2017-01-02,2024-12-30,381,Full (7yr+)
onion,Gujarat,Mundra APMC,2024-07-15,2024-08-05,4,Thin (<1yr)
onion,Gujarat,Nadiad APMC,2023-09-11,2024-12-09,13,Thin (<1yr)
onion,Gujarat,Nadiyad(Piplag) APMC,2017-01-02,2024-12-30,189,Moderate (2-4.5yr)
onion,Gujarat,Navsari APMC,2023-07-10,2023-12-25,22,Thin (<1yr)
onion,Gujarat,Padra APMC,2017-01-02,2024-12-30,400,Full (7yr+)
onion,Gujarat,Palitana APMC,2020-12-14,2024-12-16,54,Short (1-2yr)
onion,Gujarat,"Patan(Veg,Yard Patan) APMC",2017-07-10,2019-05-27,4,Thin (<1yr)
onion,Gujarat,"Petlad(Veg Yard, Petlad) APMC",2018-05-21,2021-06-14,99,Short (1-2yr)
onion,Gujarat,Porbandar APMC,2019-12-30,2024-12-30,212,Moderate (2-4.5yr)
onion,Gujarat,Rajkot(Veg.Sub Yard) APMC,2017-01-02,2024-12-30,402,Full (7yr+)
onion,Gujarat,Siddhpur APMC,2019-09-30,2019-11-11,5,Thin (<1yr)
onion,Gujarat,Songadh APMC,2020-04-06,2020-04-06,1,Thin (<1yr)
onion,Gujarat,Surat APMC,2017-02-20,2024-12-30,399,Full (7yr+)
onion,Gujarat,Taleja APMC,2017-02-13,2024-12-30,32,Thin (<1yr)
onion,Gujarat,Una APMC,2024-01-29,2024-02-26,4,Thin (<1yr)
onion,Gujarat,Vadhvan APMC,2016-12-26,2024-12-23,357,Good (4.5-7yr)
onion,Gujarat,Vadodara(Sayajipura) APMC,2016-12-26,2024-12-23,381,Full (7yr+)
onion,Gujarat,Vijapur(veg) APMC,2023-12-25,2023-12-25,1,Thin (<1yr)
onion,Gujarat,Visavadar APMC,2017-01-02,2024-12-30,289,Good (4.5-7yr)
onion,Gujarat,Visnagar APMC,2023-07-10,2023-08-07,5,Thin (<1yr)
onion,Haryana,Ambala Cantt. APMC,2016-12-26,2024-12-30,310,Good (4.5-7yr)
onion,Haryana,Ambala City APMC,2017-01-02,2024-05-13,62,Short (1-2yr)
onion,Haryana,Ambala City(Subji Mandi) APMC,2022-01-03,2024-12-16,123,Moderate (2-4.5yr)
onion,Haryana,Asandh APMC,2017-01-02,2022-05-30,214,Moderate (2-4.5yr)
onion,Haryana,Babain APMC,2017-05-01,2024-05-27,45,Thin (<1yr)
onion,Haryana,Bahadurgarh APMC,2017-09-25,2024-10-14,121,Moderate (2-4.5yr)
onion,Haryana,Ballabhgarh APMC,2017-01-02,2024-12-30,408,Full (7yr+)
onion,Haryana,Bapauli APMC,2017-09-04,2019-06-17,36,Thin (<1yr)
onion,Haryana,Barara APMC,2017-01-02,2024-12-30,398,Full (7yr+)
onion,Haryana,Barwala APMC,2016-12-26,2024-12-30,405,Full (7yr+)
onion,Haryana,Barwala(Hisar) APMC,2016-12-26,2024-12-30,347,Good (4.5-7yr)
onion,Haryana,Bhiwani APMC,2017-01-30,2024-09-30,153,Moderate (2-4.5yr)
onion,Haryana,Bhuna APMC,2017-09-04,2023-10-09,19,Thin (<1yr)
onion,Haryana,Ch. Dadri APMC,2017-07-31,2024-12-23,204,Moderate (2-4.5yr)
onion,Haryana,Cheeka APMC,2017-06-19,2024-05-06,197,Moderate (2-4.5yr)
onion,Haryana,Chhachrauli APMC,2016-12-26,2024-12-23,386,Full (7yr+)
onion,Haryana,Dabwali APMC,2018-07-02,2024-12-16,36,Thin (<1yr)
onion,Haryana,Dhand APMC,2016-12-26,2024-12-30,383,Full (7yr+)
onion,Haryana,Dharsul APMC,2023-06-26,2024-09-09,42,Thin (<1yr)
onion,Haryana,Ellanabad APMC,2017-01-02,2023-08-07,36,Thin (<1yr)
onion,Haryana,Faridabad APMC,2016-12-26,2024-12-23,219,Moderate (2-4.5yr)
onion,Haryana,Farukh Nagar APMC,2016-12-26,2024-12-30,314,Good (4.5-7yr)
onion,Haryana,Fatehabad APMC,2017-07-10,2024-12-16,258,Good (4.5-7yr)
onion,Haryana,FerozpurZirkha(Nagina) APMC,2021-12-27,2024-12-30,136,Moderate (2-4.5yr)
onion,Haryana,Ganaur APMC,2017-02-20,2024-12-30,371,Full (7yr+)
onion,Haryana,Gharaunda APMC,2017-01-02,2024-12-30,222,Moderate (2-4.5yr)
onion,Haryana,Gohana APMC,2017-01-02,2024-12-30,408,Full (7yr+)
onion,Haryana,Gurgaon APMC,2016-12-26,2024-12-30,378,Full (7yr+)
onion,Haryana,Hansi APMC,2017-07-10,2024-12-30,184,Moderate (2-4.5yr)
onion,Haryana,Hassanpur APMC,2017-07-03,2023-09-11,72,Short (1-2yr)
onion,Haryana,Hissar APMC,2017-01-02,2024-12-30,151,Moderate (2-4.5yr)
onion,Haryana,Hodal APMC,2017-07-03,2024-12-23,53,Short (1-2yr)
onion,Haryana,Iamailabad APMC,2017-01-02,2024-12-02,175,Moderate (2-4.5yr)
onion,Haryana,Indri APMC,2017-07-03,2024-09-23,59,Short (1-2yr)
onion,Haryana,Jagadhri APMC,2016-12-26,2024-12-30,354,Good (4.5-7yr)
onion,Haryana,Jakhal APMC,2016-12-26,2024-12-30,344,Good (4.5-7yr)
onion,Haryana,Jhajjar APMC,2017-01-02,2024-12-30,286,Good (4.5-7yr)
onion,Haryana,Jind APMC,2016-12-26,2024-12-23,256,Good (4.5-7yr)
onion,Haryana,Kaithal APMC,2017-07-03,2024-02-05,39,Thin (<1yr)
onion,Haryana,Khanina APMC,2017-07-10,2024-05-13,29,Thin (<1yr)
onion,Haryana,Kosli APMC,2017-07-10,2024-09-09,114,Moderate (2-4.5yr)
onion,Haryana,Ladwa APMC,2017-06-12,2024-12-30,326,Good (4.5-7yr)
onion,Haryana,Loharu APMC,2017-06-26,2024-12-30,60,Short (1-2yr)
onion,Haryana,Madlauda APMC,2017-06-12,2024-12-30,317,Good (4.5-7yr)
onion,Haryana,Meham APMC,2017-01-02,2024-12-30,368,Full (7yr+)
onion,Haryana,Mohindergarh APMC,2016-12-26,2024-12-30,341,Good (4.5-7yr)
onion,Haryana,Mullana APMC,2017-01-09,2021-12-27,63,Short (1-2yr)
onion,Haryana,Mustafabad APMC,2016-12-26,2024-12-30,334,Good (4.5-7yr)
onion,Haryana,Naraingarh APMC,2017-01-02,2024-12-30,413,Full (7yr+)
onion,Haryana,Narnaul APMC,2017-07-03,2024-12-30,239,Good (4.5-7yr)
onion,Haryana,Narnaund APMC,2017-06-12,2020-07-27,155,Moderate (2-4.5yr)
onion,Haryana,Narwana APMC,2017-01-02,2024-12-30,359,Good (4.5-7yr)
onion,Haryana,"New Grain Market , Faridabad APMC",2022-01-10,2024-11-25,143,Moderate (2-4.5yr)
onion,Haryana,"New Grain Market , Panchkula APMC",2018-03-05,2024-12-23,190,Moderate (2-4.5yr)
onion,Haryana,"New Grain Market(main), Karnal APMC",2017-07-03,2024-12-30,174,Moderate (2-4.5yr)
onion,Haryana,Nilokheri APMC,2017-04-03,2019-08-12,4,Thin (<1yr)
onion,Haryana,Nissing APMC,2017-01-23,2018-06-04,39,Thin (<1yr)
onion,Haryana,Nuh APMC,2017-01-16,2024-12-16,175,Moderate (2-4.5yr)
onion,Haryana,Palwal APMC,2017-06-19,2024-12-16,198,Moderate (2-4.5yr)
onion,Haryana,Panchkul(Kalka) APMC,2017-01-02,2023-08-28,289,Good (4.5-7yr)
onion,Haryana,Panipat APMC,2017-01-02,2024-12-30,277,Good (4.5-7yr)
onion,Haryana,Pataudi APMC,2017-07-31,2024-12-30,239,Good (4.5-7yr)
onion,Haryana,Pehowa APMC,2017-01-02,2024-12-23,394,Full (7yr+)
onion,Haryana,Pipli APMC,2017-04-24,2024-05-27,55,Short (1-2yr)
onion,Haryana,Pundri APMC,2017-07-03,2024-12-23,87,Short (1-2yr)
onion,Haryana,Punhana APMC,2017-11-13,2024-12-23,260,Good (4.5-7yr)
onion,Haryana,Radaur APMC,2016-12-26,2024-12-30,369,Full (7yr+)
onion,Haryana,Raipur Rai APMC,2017-07-24,2024-12-30,135,Moderate (2-4.5yr)
onion,Haryana,Rania APMC,2016-12-26,2024-12-23,184,Moderate (2-4.5yr)
onion,Haryana,Rania(Jiwan nagar) APMC,2017-10-23,2024-09-09,22,Thin (<1yr)
onion,Haryana,Ratia APMC,2017-01-02,2024-12-30,237,Good (4.5-7yr)
onion,Haryana,Rewari APMC,2017-01-09,2024-12-30,275,Good (4.5-7yr)
onion,Haryana,Rohtak APMC,2022-01-24,2024-12-23,134,Moderate (2-4.5yr)
onion,Haryana,Sadhaura APMC,2017-01-02,2024-12-23,394,Full (7yr+)
onion,Haryana,Safidon APMC,2017-01-09,2024-12-30,268,Good (4.5-7yr)
onion,Haryana,Samalkha APMC,2017-07-10,2024-12-30,275,Good (4.5-7yr)
onion,Haryana,Sampla APMC,2017-01-02,2024-12-16,265,Good (4.5-7yr)
onion,Haryana,Shahabad APMC,2017-01-02,2024-12-30,410,Full (7yr+)
onion,Haryana,Shahzadpur APMC,2017-01-02,2024-12-30,390,Full (7yr+)
onion,Haryana,Sirsa APMC,2017-01-02,2024-12-30,261,Good (4.5-7yr)
onion,Haryana,Siwan APMC,2017-01-02,2024-12-30,283,Good (4.5-7yr)
onion,Haryana,Sohna APMC,2016-12-26,2024-12-30,305,Good (4.5-7yr)
onion,Haryana,Sonepat APMC,2016-12-26,2024-12-30,326,Good (4.5-7yr)
onion,Haryana,Sonepat(Kharkhoda) APMC,2017-06-19,2024-12-30,125,Moderate (2-4.5yr)
onion,Haryana,Tarori APMC,2017-07-17,2024-12-23,88,Short (1-2yr)
onion,Haryana,Tauru APMC,2017-01-02,2024-12-30,303,Good (4.5-7yr)
onion,Haryana,Thanesar APMC,2016-12-26,2024-12-30,322,Good (4.5-7yr)
onion,Haryana,Tohana APMC,2024-06-03,2024-09-23,5,Thin (<1yr)
onion,Haryana,Tohana(New Veg Market) APMC,2017-07-10,2024-12-30,95,Short (1-2yr)
onion,Haryana,Uklana APMC,2017-01-02,2024-12-30,219,Moderate (2-4.5yr)
onion,Haryana,Yamuna Nagar APMC,2016-12-26,2024-12-30,175,Moderate (2-4.5yr)
onion,Haryana,kalanwali APMC,2017-01-02,2024-12-23,321,Good (4.5-7yr)
onion,Himachal Pradesh,PMY Bilaspur,2017-01-02,2024-12-30,411,Full (7yr+)
onion,Himachal Pradesh,PMY Chamba,2017-01-02,2024-12-30,406,Full (7yr+)
onion,Himachal Pradesh,PMY Dhalli Shimla,2019-05-27,2024-12-30,264,Good (4.5-7yr)
onion,Himachal Pradesh,PMY Hamirpur,2017-05-15,2024-12-30,389,Full (7yr+)
onion,Himachal Pradesh,PMY Kangra,2017-02-20,2024-12-30,397,Full (7yr+)
onion,Himachal Pradesh,PMY Kather Solan,2017-02-27,2024-07-29,361,Good (4.5-7yr)
onion,Himachal Pradesh,PMY Kullu,2017-01-02,2024-12-16,408,Full (7yr+)
onion,Himachal Pradesh,PMY Paonta Sahib,2017-01-02,2024-12-16,337,Good (4.5-7yr)
onion,Himachal Pradesh,PMY Una,2017-01-02,2024-12-30,327,Good (4.5-7yr)
onion,Himachal Pradesh,SMY Baijnath,2018-07-30,2024-12-30,235,Good (4.5-7yr)
onion,Himachal Pradesh,SMY Bhuntar,2017-01-02,2024-12-30,412,Full (7yr+)
onion,Himachal Pradesh,SMY Chail Chowk,2017-03-20,2023-06-19,51,Thin (<1yr)
onion,Himachal Pradesh,SMY Chauri Bihal,2017-07-03,2024-10-21,50,Thin (<1yr)
onion,Himachal Pradesh,SMY Dhanotu,2017-01-02,2024-12-30,405,Full (7yr+)
onion,Himachal Pradesh,SMY Dharamshala,2018-09-10,2024-12-30,18,Thin (<1yr)
onion,Himachal Pradesh,SMY Jaisinghpur,2018-08-06,2024-12-30,303,Good (4.5-7yr)
onion,Himachal Pradesh,SMY Jassur,2018-04-09,2024-12-30,298,Good (4.5-7yr)
onion,Himachal Pradesh,SMY Jwalaji,2018-07-30,2019-05-06,32,Thin (<1yr)
onion,Himachal Pradesh,SMY Nadaun,2017-05-15,2024-12-30,389,Full (7yr+)
onion,Himachal Pradesh,SMY Nagrota Bagwan,2018-08-06,2024-11-04,247,Good (4.5-7yr)
onion,Himachal Pradesh,SMY Nahan,2017-01-02,2024-12-16,264,Good (4.5-7yr)
onion,Himachal Pradesh,SMY Nalagarh,2018-05-21,2020-07-20,98,Short (1-2yr)
onion,Himachal Pradesh,SMY Nerwa,2019-12-02,2019-12-30,5,Thin (<1yr)
onion,Himachal Pradesh,SMY Palampur,2017-05-15,2024-12-30,372,Full (7yr+)
onion,Himachal Pradesh,SMY Rampur,2020-08-31,2024-10-28,11,Thin (<1yr)
onion,Himachal Pradesh,SMY Rohroo,2019-06-10,2024-12-30,60,Short (1-2yr)
onion,Himachal Pradesh,SMY Santoshgarh,2017-05-29,2024-12-30,258,Good (4.5-7yr)
onion,Himachal Pradesh,SMY Takoli,2017-01-02,2024-12-30,325,Good (4.5-7yr)
onion,Himachal Pradesh,SMY Theog,2023-03-13,2023-04-03,4,Thin (<1yr)
onion,Jammu and Kashmir,Akhnoor APMC,2017-01-02,2024-12-30,294,Good (4.5-7yr)
onion,Jammu and Kashmir,Batote APMC,2017-02-13,2024-12-30,236,Good (4.5-7yr)
onion,Jammu and Kashmir,Bumhama-Kupwara (F&V) APMC,2022-05-02,2023-08-07,11,Thin (<1yr)
onion,Jammu and Kashmir,Kathua APMC,2017-01-02,2024-12-30,328,Good (4.5-7yr)
onion,Jammu and Kashmir,Kulgam APMC,2020-12-14,2024-12-30,109,Moderate (2-4.5yr)
onion,Jammu and Kashmir,Narwal Jammu (F&V) APMC,2017-01-02,2024-12-30,388,Full (7yr+)
onion,Jammu and Kashmir,Nowpora APMC,2021-05-24,2021-05-24,1,Thin (<1yr)
onion,Jammu and Kashmir,Parimpore APMC,2017-07-03,2024-12-30,311,Good (4.5-7yr)
onion,Jammu and Kashmir,Prichoo APMC,2019-06-17,2019-07-29,7,Thin (<1yr)
onion,Jammu and Kashmir,Rajouri (F&V) APMC,2018-11-12,2024-12-30,202,Moderate (2-4.5yr)
onion,Jammu and Kashmir,Udhampur APMC,2016-12-26,2024-12-30,365,Full (7yr+)
onion,Jammu and Kashmir,Zaloosa-Chararishrief (F&V) APMC,2019-01-14,2019-07-29,28,Thin (<1yr)
onion,Jharkhand,Gadhwah APMC,2018-09-17,2022-04-18,11,Thin (<1yr)
onion,Jharkhand,Giridih APMC,2016-12-26,2019-11-11,143,Moderate (2-4.5yr)
onion,Jharkhand,Gumla APMC,2018-09-17,2019-05-13,28,Thin (<1yr)
onion,Jharkhand,Hazaribagh APMC,2017-01-02,2017-02-27,9,Thin (<1yr)
onion,Jharkhand,Jamshedpur APMC,2018-12-31,2019-01-21,4,Thin (<1yr)
onion,Jharkhand,Koderma APMC,2017-01-02,2019-07-22,65,Short (1-2yr)
onion,Jharkhand,Lohardaga APMC,2018-09-24,2021-07-05,35,Thin (<1yr)
onion,Jharkhand,Pakur APMC,2018-09-10,2019-03-04,22,Thin (<1yr)
onion,Jharkhand,Sahebganj APMC,2016-12-26,2017-07-17,28,Thin (<1yr)
onion,Jharkhand,Simdega APMC,2018-09-10,2018-10-01,4,Thin (<1yr)
onion,Karnataka,Arakalgud APMC,2019-12-23,2024-02-05,73,Short (1-2yr)
onion,Karnataka,Arasikere APMC,2017-01-02,2024-12-16,171,Moderate (2-4.5yr)
onion,Karnataka,Bagalakot APMC,2017-01-02,2024-12-30,253,Good (4.5-7yr)
onion,Karnataka,Bagalkot(Bilagi) APMC,2024-04-22,2024-09-30,8,Thin (<1yr)
onion,Karnataka,Bagepalli APMC,2017-01-02,2024-12-30,192,Moderate (2-4.5yr)
onion,Karnataka,Bangalore APMC,2017-01-02,2024-12-30,410,Full (7yr+)
onion,Karnataka,Bangarpet APMC,2017-01-23,2024-12-02,104,Moderate (2-4.5yr)
onion,Karnataka,Belgaum APMC,2016-12-26,2024-12-30,408,Full (7yr+)
onion,Karnataka,Bellary APMC,2020-03-30,2022-03-28,13,Thin (<1yr)
onion,Karnataka,Belur APMC,2017-07-31,2024-12-23,75,Short (1-2yr)
onion,Karnataka,Bhadravathi APMC,2019-08-05,2022-09-12,6,Thin (<1yr)
onion,Karnataka,Bijapur APMC,2017-01-02,2024-12-23,380,Full (7yr+)
onion,Karnataka,Challakere APMC,2017-11-27,2019-04-08,2,Thin (<1yr)
onion,Karnataka,Chamaraj Nagar APMC,2017-03-06,2020-06-15,17,Thin (<1yr)
onion,Karnataka,Channarayapatna APMC,2018-09-17,2024-09-23,173,Moderate (2-4.5yr)
onion,Karnataka,Chickkaballapura APMC,2017-01-02,2024-12-30,388,Full (7yr+)
onion,Karnataka,Chikkamagalore APMC,2017-01-02,2024-12-30,370,Full (7yr+)
onion,Karnataka,Chintamani APMC,2017-05-01,2024-12-09,214,Moderate (2-4.5yr)
onion,Karnataka,Davangere APMC,2017-01-02,2024-12-30,415,Full (7yr+)
onion,Karnataka,Dharwar APMC,2020-03-30,2020-08-24,22,Thin (<1yr)
onion,Karnataka,Doddaballa Pur APMC,2018-06-04,2024-12-30,317,Good (4.5-7yr)
onion,Karnataka,Gadag APMC,2017-01-02,2024-12-09,109,Moderate (2-4.5yr)
onion,Karnataka,Gowribidanoor APMC,2017-01-02,2024-12-23,293,Good (4.5-7yr)
onion,Karnataka,Gubbi APMC,2020-02-24,2020-02-24,1,Thin (<1yr)
onion,Karnataka,Gundlupet APMC,2017-02-13,2024-09-30,130,Moderate (2-4.5yr)
onion,Karnataka,Hassan APMC,2017-01-02,2024-12-16,387,Full (7yr+)
onion,Karnataka,Haveri APMC,2017-03-13,2023-07-17,12,Thin (<1yr)
onion,Karnataka,Holalkere APMC,2017-09-11,2024-10-07,28,Thin (<1yr)
onion,Karnataka,Holenarsipura APMC,2018-01-01,2018-01-01,1,Thin (<1yr)
onion,Karnataka,Honnali APMC,2017-10-02,2017-11-13,7,Thin (<1yr)
onion,Karnataka,Hospet APMC,2016-12-26,2024-01-08,288,Good (4.5-7yr)
onion,Karnataka,Hubli (Amaragol) APMC,2017-01-02,2024-12-30,416,Full (7yr+)
onion,Karnataka,Humanabad APMC,2020-04-13,2024-02-05,9,Thin (<1yr)
onion,Karnataka,Hunsur APMC,2017-12-04,2023-12-25,17,Thin (<1yr)
onion,Karnataka,Jamakhandi APMC,2017-01-02,2020-03-16,151,Moderate (2-4.5yr)
onion,Karnataka,K.R. Pet APMC,2017-03-06,2024-12-02,74,Short (1-2yr)
onion,Karnataka,K.R.Nagar APMC,2023-09-25,2024-09-16,38,Thin (<1yr)
onion,Karnataka,Kadur APMC,2019-10-14,2024-11-11,197,Moderate (2-4.5yr)
onion,Karnataka,Kalburgi APMC,2021-08-02,2024-12-23,152,Moderate (2-4.5yr)
onion,Karnataka,Kolar APMC,2017-01-02,2024-06-24,249,Good (4.5-7yr)
onion,Karnataka,Kollegal APMC,2023-10-16,2023-10-16,1,Thin (<1yr)
onion,Karnataka,Koppal APMC,2023-07-17,2024-01-01,13,Thin (<1yr)
onion,Karnataka,Madhugiri APMC,2019-10-14,2024-09-02,3,Thin (<1yr)
onion,Karnataka,Malur APMC,2017-06-12,2024-12-30,149,Moderate (2-4.5yr)
onion,Karnataka,Mandya APMC,2018-06-18,2023-11-27,117,Moderate (2-4.5yr)
onion,Karnataka,Mangalore APMC,2020-03-09,2023-09-18,152,Moderate (2-4.5yr)
onion,Karnataka,Mulabagilu APMC,2017-05-29,2020-10-26,6,Thin (<1yr)
onion,Karnataka,Mysore (Bandipalya) APMC,2017-01-02,2024-12-30,357,Good (4.5-7yr)
onion,Karnataka,Nagamangala APMC,2024-01-15,2024-02-05,2,Thin (<1yr)
onion,Karnataka,Nanjangud APMC,2020-03-30,2020-12-21,39,Thin (<1yr)
onion,Karnataka,Pavagada APMC,2018-02-19,2018-11-12,2,Thin (<1yr)
onion,Karnataka,Puttur APMC,2022-12-19,2024-03-18,37,Thin (<1yr)
onion,Karnataka,Raichur APMC,2017-01-02,2024-10-21,354,Good (4.5-7yr)
onion,Karnataka,Ramanagara APMC,2017-02-27,2024-12-30,122,Moderate (2-4.5yr)
onion,Karnataka,Ranebennur APMC,2017-01-02,2023-11-20,303,Good (4.5-7yr)
onion,Karnataka,Shimoga APMC,2017-01-02,2024-12-30,281,Good (4.5-7yr)
onion,Karnataka,Sindagi APMC,2019-09-30,2019-09-30,1,Thin (<1yr)
onion,Karnataka,Somvarpet APMC,2023-10-02,2023-10-02,1,Thin (<1yr)
onion,Karnataka,Srinivasapur APMC,2017-04-03,2020-06-29,10,Thin (<1yr)
onion,Karnataka,T. Narasipura APMC,2017-05-08,2023-11-27,42,Thin (<1yr)
onion,Karnataka,Tarikere APMC,2017-01-02,2024-10-21,97,Short (1-2yr)
onion,Karnataka,Tiptur APMC,2020-03-30,2020-06-01,10,Thin (<1yr)
onion,Karnataka,Tumkur APMC,2017-01-09,2024-11-04,227,Moderate (2-4.5yr)
onion,Karnataka,Udupi APMC,2017-01-02,2024-12-30,383,Full (7yr+)
onion,Kerala,Alappuzha APMC,2017-01-02,2024-05-20,326,Good (4.5-7yr)
onion,Kerala,Aluva APMC,2017-01-02,2024-12-30,408,Full (7yr+)
onion,Kerala,Anchal APMC,2018-01-01,2024-12-30,301,Good (4.5-7yr)
onion,Kerala,Angamaly APMC,2017-01-02,2024-12-30,404,Full (7yr+)
onion,Kerala,Anyara(EEC) APMC,2024-01-01,2024-01-29,5,Thin (<1yr)
onion,Kerala,Aralamoodu APMC,2017-01-02,2024-12-30,314,Good (4.5-7yr)
onion,Kerala,Aroor APMC,2017-01-02,2024-12-30,311,Good (4.5-7yr)
onion,Kerala,Athirampuzha APMC,2017-01-02,2024-12-30,412,Full (7yr+)
onion,Kerala,Balarampuram APMC,2024-11-11,2024-12-16,4,Thin (<1yr)
onion,Kerala,Broadway market APMC,2023-12-18,2024-12-30,55,Short (1-2yr)
onion,Kerala,Chala APMC,2017-01-02,2024-12-30,390,Full (7yr+)
onion,Kerala,Chalakudy APMC,2017-01-02,2024-12-30,369,Full (7yr+)
onion,Kerala,Chathanoor APMC,2017-01-02,2024-12-30,247,Good (4.5-7yr)
onion,Kerala,Chavakkad APMC,2017-01-02,2024-12-30,397,Full (7yr+)
onion,Kerala,Chelakkara APMC,2017-01-02,2024-12-30,403,Full (7yr+)
onion,Kerala,Chengannur APMC,2017-01-02,2024-12-30,413,Full (7yr+)
onion,Kerala,Cherthala APMC,2017-01-02,2024-12-30,160,Moderate (2-4.5yr)
onion,Kerala,Ernakulam APMC,2017-01-02,2024-12-09,261,Good (4.5-7yr)
onion,Kerala,Ettumanoor APMC,2017-01-02,2024-12-30,385,Full (7yr+)
onion,Kerala,Harippad APMC,2017-01-02,2024-04-01,338,Good (4.5-7yr)
onion,Kerala,Irinjalakkuda APMC,2017-01-02,2024-12-23,350,Good (4.5-7yr)
onion,Kerala,Kallachi APMC,2017-01-02,2024-12-30,403,Full (7yr+)
onion,Kerala,Kanjangadu APMC,2017-01-02,2024-12-30,403,Full (7yr+)
onion,Kerala,Kanjirappally APMC,2017-01-02,2024-12-30,414,Full (7yr+)
onion,Kerala,Kannur APMC,2017-01-02,2024-12-30,413,Full (7yr+)
onion,Kerala,Kattappana APMC,2017-01-02,2024-12-30,334,Good (4.5-7yr)
onion,Kerala,Kayamkulam APMC,2017-01-02,2024-12-30,418,Full (7yr+)
onion,Kerala,Kodungalloor APMC,2017-01-02,2024-12-23,388,Full (7yr+)
onion,Kerala,Koduvayoor APMC,2017-01-02,2024-12-30,392,Full (7yr+)
onion,Kerala,Kollam APMC,2017-01-02,2024-06-10,114,Moderate (2-4.5yr)
onion,Kerala,Kollengode APMC,2017-01-02,2024-12-30,184,Moderate (2-4.5yr)
onion,Kerala,Kondotty APMC,2017-01-02,2024-12-30,412,Full (7yr+)
onion,Kerala,Kothamangalam APMC,2017-01-02,2024-12-30,388,Full (7yr+)
onion,Kerala,Kottakkal APMC,2017-01-02,2024-12-30,410,Full (7yr+)
onion,Kerala,Kottarakkara APMC,2017-01-02,2024-12-30,311,Good (4.5-7yr)
onion,Kerala,Kottayam APMC,2017-01-02,2024-12-30,398,Full (7yr+)
onion,Kerala,Kuruppanthura APMC,2016-12-26,2024-12-23,342,Good (4.5-7yr)
onion,Kerala,Madhavapuram APMC,2017-01-02,2024-12-23,355,Good (4.5-7yr)
onion,Kerala,Manjeri APMC,2017-01-02,2024-12-30,413,Full (7yr+)
onion,Kerala,Mannar APMC,2017-01-02,2024-12-23,358,Good (4.5-7yr)
onion,Kerala,Moovattupuzha APMC,2017-01-02,2024-02-19,256,Good (4.5-7yr)
onion,Kerala,Mukkom APMC,2017-01-02,2024-12-30,320,Good (4.5-7yr)
onion,Kerala,Munnar APMC,2017-01-02,2024-12-30,311,Good (4.5-7yr)
onion,Kerala,Nedumkandam APMC,2016-12-26,2024-09-16,261,Good (4.5-7yr)
onion,Kerala,Neeleswaram APMC,2017-01-02,2024-12-30,405,Full (7yr+)
onion,Kerala,North Paravur APMC,2023-12-11,2024-12-30,56,Short (1-2yr)
onion,Kerala,Pala APMC,2017-01-02,2024-12-30,411,Full (7yr+)
onion,Kerala,Palakkad APMC,2017-01-02,2024-12-30,411,Full (7yr+)
onion,Kerala,Palayam APMC,2017-01-02,2024-12-30,405,Full (7yr+)
onion,Kerala,Pampady APMC,2017-01-02,2024-12-16,393,Full (7yr+)
onion,Kerala,Parappanangadi APMC,2017-01-02,2024-12-30,359,Good (4.5-7yr)
onion,Kerala,Parassala APMC,2017-01-02,2018-12-31,92,Short (1-2yr)
onion,Kerala,Pattambi APMC,2017-01-02,2024-12-30,400,Full (7yr+)
onion,Kerala,Perambra APMC,2017-01-02,2024-12-30,307,Good (4.5-7yr)
onion,Kerala,Perinthalmanna APMC,2017-01-02,2024-12-30,400,Full (7yr+)
onion,Kerala,Perumbavoor APMC,2017-01-02,2024-12-30,397,Full (7yr+)
onion,Kerala,Piravam APMC,2017-01-02,2024-11-25,288,Good (4.5-7yr)
onion,Kerala,Pothencode APMC,2017-01-02,2024-05-20,225,Moderate (2-4.5yr)
onion,Kerala,Punalur APMC,2017-01-02,2024-12-30,194,Moderate (2-4.5yr)
onion,Kerala,Quilandy APMC,2017-01-02,2024-12-23,360,Good (4.5-7yr)
onion,Kerala,Sasthamkotta APMC,2017-01-02,2018-10-01,92,Short (1-2yr)
onion,Kerala,Taliparamba APMC,2024-07-01,2024-12-30,27,Thin (<1yr)
onion,Kerala,Thalasserry APMC,2024-07-01,2024-12-30,27,Thin (<1yr)
onion,Kerala,Thalayolaparambu APMC,2017-01-16,2024-12-30,412,Full (7yr+)
onion,Kerala,Thamarassery APMC,2017-01-02,2024-12-30,389,Full (7yr+)
onion,Kerala,Thirurrangadi APMC,2017-01-02,2024-12-30,401,Full (7yr+)
onion,Kerala,Thodupuzha APMC,2017-01-02,2024-12-30,402,Full (7yr+)
onion,Kerala,Thrippunithura APMC,2017-01-02,2024-12-30,412,Full (7yr+)
onion,Kerala,Thrissur APMC,2017-01-02,2024-12-30,386,Full (7yr+)
onion,Kerala,Vadakkenchery APMC,2017-01-02,2024-12-30,389,Full (7yr+)
onion,Kerala,Vamanapuram APMC,2017-01-02,2024-12-30,360,Good (4.5-7yr)
onion,Kerala,Vandiperiyar APMC,2016-12-26,2024-12-30,341,Good (4.5-7yr)
onion,Kerala,Vengeri(Kozhikode) APMC,2017-01-02,2024-12-16,173,Moderate (2-4.5yr)
onion,Kerala,Wadakkanchery APMC,2017-01-02,2024-12-09,409,Full (7yr+)
onion,Kerala,vadakarapathy APMC,2017-01-02,2024-12-30,205,Moderate (2-4.5yr)
onion,Madhya Pradesh,A lot APMC,2022-05-23,2024-09-30,65,Short (1-2yr)
onion,Madhya Pradesh,Aashta(F&V) APMC,2024-09-23,2024-12-30,14,Thin (<1yr)
onion,Madhya Pradesh,Agar APMC,2024-04-15,2024-12-30,28,Thin (<1yr)
onion,Madhya Pradesh,Agar(F&V) APMC,2024-11-18,2024-12-30,3,Thin (<1yr)
onion,Madhya Pradesh,Akodiya APMC,2019-03-04,2024-07-22,44,Thin (<1yr)
onion,Madhya Pradesh,Akodiya(F&V) APMC,2024-09-30,2024-10-07,2,Thin (<1yr)
onion,Madhya Pradesh,Alirajpur(F&V) APMC,2018-10-29,2023-12-11,159,Moderate (2-4.5yr)
onion,Madhya Pradesh,Alot(F&V) APMC,2024-09-30,2024-10-21,3,Thin (<1yr)
onion,Madhya Pradesh,Anjad APMC,2018-05-28,2019-06-24,9,Thin (<1yr)
onion,Madhya Pradesh,Anuppur APMC,2019-02-18,2022-08-08,77,Short (1-2yr)
onion,Madhya Pradesh,Ashta APMC,2018-02-19,2024-11-25,237,Good (4.5-7yr)
onion,Madhya Pradesh,Badnagar APMC,2021-12-06,2024-11-25,37,Thin (<1yr)
onion,Madhya Pradesh,Badnawar APMC,2023-12-25,2024-12-30,45,Thin (<1yr)
onion,Madhya Pradesh,Badnawar(F&V) APMC,2017-01-02,2023-12-18,306,Good (4.5-7yr)
onion,Madhya Pradesh,Badwah(F&V) APMC,2024-09-23,2024-11-25,10,Thin (<1yr)
onion,Madhya Pradesh,Badwaha APMC,2021-02-08,2023-12-18,149,Moderate (2-4.5yr)
onion,Madhya Pradesh,Badwani APMC,2017-06-05,2017-06-26,4,Thin (<1yr)
onion,Madhya Pradesh,Badwani(F&V) APMC,2024-09-23,2024-12-23,12,Thin (<1yr)
onion,Madhya Pradesh,Barad APMC,2021-12-27,2024-07-01,12,Thin (<1yr)
onion,Madhya Pradesh,Berachha APMC,2019-02-25,2024-10-21,26,Thin (<1yr)
onion,Madhya Pradesh,Betul APMC,2017-01-02,2021-07-12,62,Short (1-2yr)
onion,Madhya Pradesh,Bhanpura APMC,2022-01-03,2022-01-10,2,Thin (<1yr)
onion,Madhya Pradesh,Bhopal APMC,2023-12-25,2024-11-25,44,Thin (<1yr)
onion,Madhya Pradesh,Bhopal(F&V) APMC,2017-01-02,2023-12-18,334,Good (4.5-7yr)
onion,Madhya Pradesh,Biaora APMC,2019-02-11,2023-12-18,162,Moderate (2-4.5yr)
onion,Madhya Pradesh,Burhanpur(F&V) APMC,2016-12-26,2020-07-27,165,Moderate (2-4.5yr)
onion,Madhya Pradesh,Chhatarpur APMC,2020-08-17,2021-04-05,18,Thin (<1yr)
onion,Madhya Pradesh,Chhindwara(F&V) APMC,2017-01-02,2023-12-18,353,Good (4.5-7yr)
onion,Madhya Pradesh,Chindwara(F&V) APMC,2024-10-07,2024-12-23,12,Thin (<1yr)
onion,Madhya Pradesh,Daloda APMC,2024-01-15,2024-02-12,4,Thin (<1yr)
onion,Madhya Pradesh,Damoh(F&V) APMC,2016-12-26,2023-12-18,329,Good (4.5-7yr)
onion,Madhya Pradesh,Deori APMC,2017-01-02,2024-12-23,295,Good (4.5-7yr)
onion,Madhya Pradesh,Dewas(F&V) APMC,2016-12-26,2023-12-18,342,Good (4.5-7yr)
onion,Madhya Pradesh,Dhamnod APMC,2017-01-02,2023-12-18,329,Good (4.5-7yr)
onion,Madhya Pradesh,Dhamnod(F&V) APMC,2024-09-30,2024-10-14,3,Thin (<1yr)
onion,Madhya Pradesh,Dhar APMC,2019-04-22,2019-04-22,1,Thin (<1yr)
onion,Madhya Pradesh,Dhar(F&V) APMC,2017-06-05,2023-11-27,169,Moderate (2-4.5yr)
onion,Madhya Pradesh,Gadarwada APMC,2019-02-25,2021-06-07,82,Short (1-2yr)
onion,Madhya Pradesh,Garhakota APMC,2022-04-18,2024-12-16,38,Thin (<1yr)
onion,Madhya Pradesh,Garoth APMC,2018-06-11,2024-12-23,88,Short (1-2yr)
onion,Madhya Pradesh,Gautampura APMC,2018-05-28,2024-11-18,152,Moderate (2-4.5yr)
onion,Madhya Pradesh,Guna(F&V) APMC,2017-01-02,2023-10-30,109,Moderate (2-4.5yr)
onion,Madhya Pradesh,Haatpipliya APMC,2016-12-26,2023-11-20,295,Good (4.5-7yr)
onion,Madhya Pradesh,Harda(F&V) APMC,2017-01-02,2023-12-18,327,Good (4.5-7yr)
onion,Madhya Pradesh,Hoshangabad APMC,2020-09-07,2023-12-18,163,Moderate (2-4.5yr)
onion,Madhya Pradesh,Hoshangabad(F&V) APMC,2024-09-30,2024-12-30,14,Thin (<1yr)
onion,Madhya Pradesh,Ichhawar APMC,2021-07-26,2024-09-02,118,Moderate (2-4.5yr)
onion,Madhya Pradesh,Ichhawar(F&V) APMC,2024-09-23,2024-12-23,12,Thin (<1yr)
onion,Madhya Pradesh,Indore APMC,2023-12-18,2024-12-30,55,Short (1-2yr)
onion,Madhya Pradesh,Indore(F&V) APMC,2017-01-02,2023-12-18,316,Good (4.5-7yr)
onion,Madhya Pradesh,Itarsi APMC,2021-01-25,2023-05-22,111,Moderate (2-4.5yr)
onion,Madhya Pradesh,Itarsi(F&V) APMC,2024-12-16,2024-12-30,3,Thin (<1yr)
onion,Madhya Pradesh,Jabalpur(F&V) APMC,2016-12-26,2023-12-18,313,Good (4.5-7yr)
onion,Madhya Pradesh,Jaora APMC,2018-02-19,2024-12-30,252,Good (4.5-7yr)
onion,Madhya Pradesh,Javad APMC,2017-10-30,2024-09-30,15,Thin (<1yr)
onion,Madhya Pradesh,Jhabua APMC,2017-06-05,2020-09-14,119,Moderate (2-4.5yr)
onion,Madhya Pradesh,Kalapipal APMC,2017-01-02,2024-12-02,371,Full (7yr+)
onion,Madhya Pradesh,Kalapipal(F&V) APMC,2024-09-23,2024-12-30,15,Thin (<1yr)
onion,Madhya Pradesh,Katni APMC,2024-05-06,2024-08-12,6,Thin (<1yr)
onion,Madhya Pradesh,Katni(F&V) APMC,2023-06-26,2023-12-18,22,Thin (<1yr)
onion,Madhya Pradesh,Khachrod APMC,2017-06-05,2017-06-26,4,Thin (<1yr)
onion,Madhya Pradesh,Khandwa APMC,2023-12-18,2024-12-30,55,Short (1-2yr)
onion,Madhya Pradesh,Khandwa(F&V) APMC,2016-12-26,2023-12-18,347,Good (4.5-7yr)
onion,Madhya Pradesh,Khargone APMC,2021-12-20,2023-12-18,105,Moderate (2-4.5yr)
onion,Madhya Pradesh,Khurai(F&V) APMC,2024-09-23,2024-12-30,15,Thin (<1yr)
onion,Madhya Pradesh,Kolaras(F&V) APMC,2024-12-23,2024-12-30,2,Thin (<1yr)
onion,Madhya Pradesh,Kukshi APMC,2018-06-04,2023-12-18,253,Good (4.5-7yr)
onion,Madhya Pradesh,Lakhnadon(F&V) APMC,2017-06-12,2017-06-12,1,Thin (<1yr)
onion,Madhya Pradesh,Lashkar APMC,2024-02-19,2024-12-23,30,Thin (<1yr)
onion,Madhya Pradesh,Lashkar(F&V) APMC,2016-12-26,2023-12-18,347,Good (4.5-7yr)
onion,Madhya Pradesh,Mahidpur APMC,2017-06-05,2023-08-28,41,Thin (<1yr)
onion,Madhya Pradesh,Mahidpur(F&V) APMC,2024-12-23,2024-12-30,2,Thin (<1yr)
onion,Madhya Pradesh,Maksi APMC,2017-06-12,2017-06-26,3,Thin (<1yr)
onion,Madhya Pradesh,Manasa APMC,2017-02-06,2024-12-30,149,Moderate (2-4.5yr)
onion,Madhya Pradesh,Manawar APMC,2017-04-17,2023-12-18,158,Moderate (2-4.5yr)
onion,Madhya Pradesh,Manawar(F&V) APMC,2024-09-23,2024-12-30,15,Thin (<1yr)
onion,Madhya Pradesh,Mandsaur APMC,2017-12-25,2024-12-30,310,Good (4.5-7yr)
onion,Madhya Pradesh,Mandsaur(F&V) APMC,2017-01-02,2017-12-25,50,Thin (<1yr)
onion,Madhya Pradesh,Mehar APMC,2022-05-16,2024-07-01,22,Thin (<1yr)
onion,Madhya Pradesh,Mhow APMC,2018-06-18,2023-12-18,125,Moderate (2-4.5yr)
onion,Madhya Pradesh,Mhow(F&V) APMC,2024-10-07,2024-12-30,13,Thin (<1yr)
onion,Madhya Pradesh,Morena APMC,2023-12-18,2024-12-23,31,Thin (<1yr)
onion,Madhya Pradesh,Morena(F&V) APMC,2017-01-09,2023-09-04,123,Moderate (2-4.5yr)
onion,Madhya Pradesh,Multai APMC,2019-03-11,2023-12-11,86,Short (1-2yr)
onion,Madhya Pradesh,Nalkehda APMC,2019-04-29,2019-07-01,10,Thin (<1yr)
onion,Madhya Pradesh,Narsinghgarh APMC,2017-01-02,2024-12-30,343,Good (4.5-7yr)
onion,Madhya Pradesh,Neemuch APMC,2017-01-02,2024-12-30,336,Good (4.5-7yr)
onion,Madhya Pradesh,Pachaur APMC,2022-05-16,2022-05-30,3,Thin (<1yr)
onion,Madhya Pradesh,Pandhana(F&V) APMC,2018-05-14,2020-02-03,16,Thin (<1yr)
onion,Madhya Pradesh,Petlawad APMC,2017-06-05,2024-08-26,240,Good (4.5-7yr)
onion,Madhya Pradesh,Petlawad(F&V) APMC,2024-09-30,2024-12-30,14,Thin (<1yr)
onion,Madhya Pradesh,Pipariya APMC,2018-11-19,2023-12-18,249,Good (4.5-7yr)
onion,Madhya Pradesh,Pipariya(F&V) APMC,2024-09-30,2024-12-30,10,Thin (<1yr)
onion,Madhya Pradesh,Piplya APMC,2024-08-26,2024-08-26,1,Thin (<1yr)
onion,Madhya Pradesh,Porsa APMC,2023-12-18,2024-12-23,30,Thin (<1yr)
onion,Madhya Pradesh,Porsa(F&V) APMC,2020-05-18,2023-12-11,81,Short (1-2yr)
onion,Madhya Pradesh,Raisen APMC,2018-06-11,2023-09-25,18,Thin (<1yr)
onion,Madhya Pradesh,Rajgarh APMC,2016-12-26,2024-12-02,309,Good (4.5-7yr)
onion,Madhya Pradesh,Rajgarh(F&V) APMC,2024-09-30,2024-09-30,1,Thin (<1yr)
onion,Madhya Pradesh,Ratlam APMC,2017-07-24,2024-12-30,59,Short (1-2yr)
onion,Madhya Pradesh,Ratlam(F&V) APMC,2017-06-05,2023-12-18,282,Good (4.5-7yr)
onion,Madhya Pradesh,Rehli APMC,2024-03-11,2024-04-29,6,Thin (<1yr)
onion,Madhya Pradesh,Rewa(F&V) APMC,2024-11-04,2024-12-23,8,Thin (<1yr)
onion,Madhya Pradesh,Sabalgarh APMC,2022-01-17,2023-01-23,33,Thin (<1yr)
onion,Madhya Pradesh,Sabalgarh(F&V) APMC,2024-10-14,2024-12-23,11,Thin (<1yr)
onion,Madhya Pradesh,Sagar APMC,2024-04-01,2024-05-06,6,Thin (<1yr)
onion,Madhya Pradesh,Sagar(F&V) APMC,2016-12-26,2023-12-18,312,Good (4.5-7yr)
onion,Madhya Pradesh,Sailana APMC,2017-01-02,2024-12-30,367,Full (7yr+)
onion,Madhya Pradesh,Sailana(F&V) APMC,2024-09-23,2024-12-30,14,Thin (<1yr)
onion,Madhya Pradesh,Sanawad APMC,2022-04-04,2023-12-18,88,Short (1-2yr)
onion,Madhya Pradesh,Sanawad(F&V) APMC,2024-09-23,2024-12-30,15,Thin (<1yr)
onion,Madhya Pradesh,Sanwer APMC,2016-12-26,2023-12-18,344,Good (4.5-7yr)
onion,Madhya Pradesh,Sarangpur APMC,2018-05-21,2024-12-02,86,Short (1-2yr)
onion,Madhya Pradesh,Satna APMC,2018-06-11,2019-09-09,12,Thin (<1yr)
onion,Madhya Pradesh,Satna(F&V) APMC,2017-06-05,2022-09-12,73,Short (1-2yr)
onion,Madhya Pradesh,Sehore APMC,2018-04-16,2024-12-23,286,Good (4.5-7yr)
onion,Madhya Pradesh,Sendhwa APMC,2017-06-12,2023-12-04,129,Moderate (2-4.5yr)
onion,Madhya Pradesh,Sendhwa(F&V) APMC,2024-09-23,2024-12-16,13,Thin (<1yr)
onion,Madhya Pradesh,Seoni APMC,2023-06-12,2023-12-18,28,Thin (<1yr)
onion,Madhya Pradesh,Shajapur APMC,2023-12-18,2024-12-30,52,Short (1-2yr)
onion,Madhya Pradesh,Shajapur(F&V) APMC,2017-03-27,2023-12-18,310,Good (4.5-7yr)
onion,Madhya Pradesh,Shamgarh APMC,2023-12-18,2024-12-30,43,Thin (<1yr)
onion,Madhya Pradesh,Shamgarh(F&V) APMC,2017-01-02,2023-12-18,162,Moderate (2-4.5yr)
onion,Madhya Pradesh,Shivpuri APMC,2024-04-15,2024-10-21,26,Thin (<1yr)
onion,Madhya Pradesh,Shivpuri(F&V) APMC,2017-03-13,2021-11-22,115,Moderate (2-4.5yr)
onion,Madhya Pradesh,Shujalpur APMC,2017-01-02,2024-12-23,303,Good (4.5-7yr)
onion,Madhya Pradesh,Shujalpur(F&V) APMC,2024-09-23,2024-12-30,14,Thin (<1yr)
onion,Madhya Pradesh,Singroli APMC,2022-02-14,2023-12-18,46,Thin (<1yr)
onion,Madhya Pradesh,Sirali APMC,2021-03-29,2022-05-02,46,Thin (<1yr)
onion,Madhya Pradesh,Sitamau(F&V) APMC,2024-10-07,2024-12-16,11,Thin (<1yr)
onion,Madhya Pradesh,Sitmau APMC,2018-12-03,2024-12-30,187,Moderate (2-4.5yr)
onion,Madhya Pradesh,Sonkachh(F&V) APMC,2024-09-23,2024-11-04,5,Thin (<1yr)
onion,Madhya Pradesh,Sonkatch APMC,2022-05-30,2024-11-11,56,Short (1-2yr)
onion,Madhya Pradesh,Soyatkalan APMC,2018-12-03,2024-12-23,173,Moderate (2-4.5yr)
onion,Madhya Pradesh,Soyatkalan(F&V) APMC,2024-09-23,2024-09-30,2,Thin (<1yr)
onion,Madhya Pradesh,Syopurkalan(F&V) APMC,2017-01-02,2021-05-24,195,Moderate (2-4.5yr)
onion,Madhya Pradesh,Taal APMC,2017-06-12,2021-02-08,4,Thin (<1yr)
onion,Madhya Pradesh,Thandla APMC,2018-07-02,2023-12-18,227,Moderate (2-4.5yr)
onion,Madhya Pradesh,Tikamgarh APMC,2018-05-28,2018-05-28,1,Thin (<1yr)
onion,Madhya Pradesh,Timarni APMC,2017-06-12,2023-12-11,288,Good (4.5-7yr)
onion,Madhya Pradesh,Timarni(F&V) APMC,2024-09-23,2024-12-16,13,Thin (<1yr)
onion,Madhya Pradesh,Ujjain APMC,2023-12-18,2024-12-30,55,Short (1-2yr)
onion,Madhya Pradesh,Ujjain(F&V) APMC,2017-01-02,2023-12-18,305,Good (4.5-7yr)
onion,Madhya Pradesh,Unhel APMC,2017-06-12,2017-06-26,3,Thin (<1yr)
onion,Maharashtra,Ahilyanagar APMC,2017-01-02,2024-12-30,367,Full (7yr+)
onion,Maharashtra,Akluj APMC,2016-12-26,2024-12-23,371,Full (7yr+)
onion,Maharashtra,Akola APMC,2018-05-28,2024-12-30,114,Moderate (2-4.5yr)
onion,Maharashtra,Akole APMC,2016-12-26,2024-12-09,341,Good (4.5-7yr)
onion,Maharashtra,Amalner APMC,2017-12-04,2023-03-27,8,Thin (<1yr)
onion,Maharashtra,Amarawati APMC,2017-04-17,2020-02-10,10,Thin (<1yr)
onion,Maharashtra,Amrawati(Frui & Veg. Market) APMC,2016-12-26,2024-12-30,371,Full (7yr+)
onion,Maharashtra,Ausa APMC,2024-07-29,2024-09-02,3,Thin (<1yr)
onion,Maharashtra,Baramati APMC,2017-01-02,2024-12-30,97,Short (1-2yr)
onion,Maharashtra,Barshi APMC,2018-04-02,2024-01-08,52,Short (1-2yr)
onion,Maharashtra,"Bhagyoday Cotton And Agri Market, Vaijapur, Chattrapati Sambhajinagar",2023-06-26,2024-05-13,9,Thin (<1yr)
onion,Maharashtra,Bhusaval APMC,2020-12-28,2024-12-30,209,Moderate (2-4.5yr)
onion,Maharashtra,Chalisgaon APMC,2016-12-26,2023-04-10,247,Good (4.5-7yr)
onion,Maharashtra,Chandrapur APMC,2017-11-13,2024-04-08,9,Thin (<1yr)
onion,Maharashtra,Chandrapur(Ganjwad) APMC,2017-01-02,2024-12-30,392,Full (7yr+)
onion,Maharashtra,Chandvad APMC,2017-01-02,2024-12-30,401,Full (7yr+)
onion,Maharashtra,Chattrapati Sambhajinagar APMC,2016-12-26,2024-12-30,416,Full (7yr+)
onion,Maharashtra,Chikali APMC,2019-09-09,2019-09-09,1,Thin (<1yr)
onion,Maharashtra,Devala APMC,2017-01-02,2024-12-30,392,Full (7yr+)
onion,Maharashtra,Dharashiv APMC,2017-01-02,2024-12-30,205,Moderate (2-4.5yr)
onion,Maharashtra,Dhule APMC,2017-01-02,2024-12-30,403,Full (7yr+)
onion,Maharashtra,Dindori APMC,2017-03-13,2024-08-19,150,Moderate (2-4.5yr)
onion,Maharashtra,Dindori(Vani) APMC,2017-01-02,2024-12-30,363,Good (4.5-7yr)
onion,Maharashtra,Dound APMC,2019-02-11,2019-03-25,7,Thin (<1yr)
onion,Maharashtra,Fulmbri APMC,2017-05-29,2017-07-10,5,Thin (<1yr)
onion,Maharashtra,Gangapur APMC,2017-03-27,2024-12-02,202,Moderate (2-4.5yr)
onion,Maharashtra,Hingna APMC,2023-08-21,2024-12-30,50,Thin (<1yr)
onion,Maharashtra,Indapur APMC,2017-01-02,2024-12-23,177,Moderate (2-4.5yr)
onion,Maharashtra,Islampur APMC,2024-04-01,2024-12-23,22,Thin (<1yr)
onion,Maharashtra,Jalana APMC,2024-03-04,2024-12-23,23,Thin (<1yr)
onion,Maharashtra,Jalgaon APMC,2017-01-02,2024-12-30,413,Full (7yr+)
onion,Maharashtra,Jamkhed APMC,2017-01-02,2024-12-23,379,Full (7yr+)
onion,Maharashtra,"Janata Agri Market (DLS Agro Infrastructure Pvt Ltd), Dist Dhule",2023-09-25,2023-09-25,1,Thin (<1yr)
onion,Maharashtra,Junnar APMC,2016-12-26,2024-12-23,367,Full (7yr+)
onion,Maharashtra,Junnar(Alephata) APMC,2016-12-26,2024-12-30,400,Full (7yr+)
onion,Maharashtra,Junnar(Narayangaon) APMC,2022-06-20,2024-12-30,133,Moderate (2-4.5yr)
onion,Maharashtra,Junnar(Otur) APMC,2017-01-09,2024-12-16,320,Good (4.5-7yr)
onion,Maharashtra,Kada APMC,2016-12-26,2024-11-11,136,Moderate (2-4.5yr)
onion,Maharashtra,Kalvan APMC,2017-01-02,2024-12-30,383,Full (7yr+)
onion,Maharashtra,Kalyan APMC,2023-11-13,2024-12-23,45,Thin (<1yr)
onion,Maharashtra,Kamthi APMC,2017-01-02,2024-12-30,357,Good (4.5-7yr)
onion,Maharashtra,Karad APMC,2016-12-26,2024-12-30,410,Full (7yr+)
onion,Maharashtra,Karjat APMC,2023-10-16,2024-12-30,39,Thin (<1yr)
onion,Maharashtra,Karjat(Raigad) APMC,2017-01-09,2024-02-19,253,Good (4.5-7yr)
onion,Maharashtra,Karmala APMC,2019-01-21,2020-03-16,56,Short (1-2yr)
onion,Maharashtra,Khed(Chakan) APMC,2017-01-02,2024-12-30,356,Good (4.5-7yr)
onion,Maharashtra,Kolhapur APMC,2017-01-02,2024-12-30,413,Full (7yr+)
onion,Maharashtra,Kopargaon APMC,2017-01-02,2024-12-30,386,Full (7yr+)
onion,Maharashtra,Kurdwadi APMC,2017-01-02,2021-03-22,150,Moderate (2-4.5yr)
onion,Maharashtra,Kurdwadi(Modnimb) APMC,2017-01-16,2024-12-30,260,Good (4.5-7yr)
onion,Maharashtra,Lasalgaon APMC,2017-01-02,2024-12-30,401,Full (7yr+)
onion,Maharashtra,Lasalgaon(Niphad) APMC,2017-01-02,2024-12-30,402,Full (7yr+)
onion,Maharashtra,Lasalgaon(Vinchur) APMC,2020-05-11,2024-12-30,234,Good (4.5-7yr)
onion,Maharashtra,Lasur Station APMC,2017-01-02,2024-12-30,369,Full (7yr+)
onion,Maharashtra,"Laxmi-Sopan Agriculture Produce Marketing Co Ltd, Barshi, Dist Solapur",2023-06-26,2024-12-23,33,Thin (<1yr)
onion,Maharashtra,Lonand APMC,2017-01-02,2024-12-23,372,Full (7yr+)
onion,Maharashtra,Malegaon APMC,2017-01-02,2020-01-27,71,Short (1-2yr)
onion,Maharashtra,"Malharshree Khajgi Krushi Utpann Bajar, Chandanpuri Tal Malegaon, Nashik",2023-07-03,2024-12-30,37,Thin (<1yr)
onion,Maharashtra,Malkapur APMC,2017-01-02,2024-12-30,332,Good (4.5-7yr)
onion,Maharashtra,Manchar APMC,2016-12-26,2024-12-30,378,Full (7yr+)
onion,Maharashtra,Mangal Wedha APMC,2017-01-02,2024-12-30,400,Full (7yr+)
onion,Maharashtra,"Mankameshwr Fpc Sanchalit Mankameshwar Khajagi Krushi Utpanna Bajar Ltd, Nifad Nashik",2023-06-05,2024-11-04,26,Thin (<1yr)
onion,Maharashtra,Manmad APMC,2017-01-02,2024-12-30,399,Full (7yr+)
onion,Maharashtra,Morshi APMC,2019-06-24,2022-01-03,117,Moderate (2-4.5yr)
onion,Maharashtra,Mumbai APMC,2017-06-19,2022-06-06,4,Thin (<1yr)
onion,Maharashtra,Mumbai-Onion & Potato Market APMC,2017-01-02,2024-12-30,412,Full (7yr+)
onion,Maharashtra,Murbad APMC,2018-06-04,2023-01-30,29,Thin (<1yr)
onion,Maharashtra,Nagpur APMC,2016-12-26,2024-12-30,400,Full (7yr+)
onion,Maharashtra,Nampur APMC,2020-05-11,2024-12-30,202,Moderate (2-4.5yr)
onion,Maharashtra,Nandgaon APMC,2017-01-02,2024-12-30,344,Good (4.5-7yr)
onion,Maharashtra,Nandura APMC,2017-01-09,2024-08-05,192,Moderate (2-4.5yr)
onion,Maharashtra,Nandurbar APMC,2024-01-29,2024-06-10,19,Thin (<1yr)
onion,Maharashtra,Nasik APMC,2017-01-02,2024-12-30,407,Full (7yr+)
onion,Maharashtra,Navapur APMC,2016-12-26,2024-12-23,139,Moderate (2-4.5yr)
onion,Maharashtra,Newasa(Ghodegaon) APMC,2017-01-02,2024-12-30,391,Full (7yr+)
onion,Maharashtra,Nira APMC,2024-02-12,2024-02-12,1,Thin (<1yr)
onion,Maharashtra,"Omchatinya Multi State Agro Purpose Co-Op Society, Dist Ahilyanagar",2023-07-03,2024-12-30,59,Short (1-2yr)
onion,Maharashtra,Paithan APMC,2018-06-04,2024-10-14,168,Moderate (2-4.5yr)
onion,Maharashtra,Palghar APMC,2017-01-09,2017-07-24,23,Thin (<1yr)
onion,Maharashtra,Palus APMC,2018-03-05,2018-12-03,2,Thin (<1yr)
onion,Maharashtra,Pandharpur APMC,2017-01-02,2024-10-21,360,Good (4.5-7yr)
onion,Maharashtra,Panvel APMC,2018-05-28,2018-12-10,18,Thin (<1yr)
onion,Maharashtra,Paranda APMC,2018-06-04,2024-12-30,39,Thin (<1yr)
onion,Maharashtra,Parner APMC,2016-12-26,2024-12-23,390,Full (7yr+)
onion,Maharashtra,Pathardi APMC,2016-12-26,2024-12-30,360,Good (4.5-7yr)
onion,Maharashtra,Pen APMC,2021-03-22,2024-07-01,117,Moderate (2-4.5yr)
onion,Maharashtra,Phaltan APMC,2017-01-02,2024-12-30,260,Good (4.5-7yr)
onion,Maharashtra,Pimpalgaon APMC,2017-01-02,2024-12-30,401,Full (7yr+)
onion,Maharashtra,Pimpalgaon Baswant(Saykheda) APMC,2017-01-02,2024-12-30,397,Full (7yr+)
onion,Maharashtra,"Pratap Nana Mahale Khajgi Krushi Uttpana Bazar, Samati-Dhule",2023-05-01,2023-08-07,15,Thin (<1yr)
onion,Maharashtra,"Premium Krushi Utpanna Bazar, Nashik",2024-07-29,2024-07-29,1,Thin (<1yr)
onion,Maharashtra,Pune APMC,2016-12-26,2024-12-30,412,Full (7yr+)
onion,Maharashtra,Pune(Khadiki) APMC,2018-08-27,2024-12-30,315,Good (4.5-7yr)
onion,Maharashtra,Pune(Manjri) APMC,2020-05-11,2024-12-30,237,Good (4.5-7yr)
onion,Maharashtra,Pune(Moshi) APMC,2020-05-18,2024-12-30,241,Good (4.5-7yr)
onion,Maharashtra,Pune(Pimpri) APMC,2017-01-30,2024-12-30,363,Good (4.5-7yr)
onion,Maharashtra,Rahata APMC,2017-01-02,2024-12-23,404,Full (7yr+)
onion,Maharashtra,Rahuri APMC,2016-12-26,2024-12-30,392,Full (7yr+)
onion,Maharashtra,Rahuri(Vambori) APMC,2017-01-02,2024-12-30,397,Full (7yr+)
onion,Maharashtra,Ramtek APMC,2016-12-26,2024-12-23,377,Full (7yr+)
onion,Maharashtra,Ratnagiri (Nachane) APMC,2018-12-31,2024-12-23,8,Thin (<1yr)
onion,Maharashtra,Sakri APMC,2017-01-02,2024-10-21,244,Good (4.5-7yr)
onion,Maharashtra,Sangamner APMC,2016-12-26,2024-12-30,406,Full (7yr+)
onion,Maharashtra,"Sangli(Phale, Bhajipala Market) APMC",2017-01-02,2024-12-30,363,Good (4.5-7yr)
onion,Maharashtra,Satana APMC,2017-01-02,2024-12-23,375,Full (7yr+)
onion,Maharashtra,Satara APMC,2016-12-26,2024-12-30,410,Full (7yr+)
onion,Maharashtra,Shevgaon APMC,2018-01-01,2024-12-30,294,Good (4.5-7yr)
onion,Maharashtra,Shirpur APMC,2017-01-02,2024-12-23,210,Moderate (2-4.5yr)
onion,Maharashtra,Shirur APMC,2024-08-12,2024-12-30,17,Thin (<1yr)
onion,Maharashtra,"Shivsiddha Govind Producer Company Ltd Sanchalit Khajgi Krush Utpann Bajar, Samati-Nashik",2023-07-03,2024-12-02,54,Short (1-2yr)
onion,Maharashtra,"Shree Sairaj Krushi Market, Dist Ahilyanagar",2023-07-03,2024-12-30,44,Thin (<1yr)
onion,Maharashtra,"Shri Rameshwar Krushi Market, M.Nagar, Tal Deola, Dist Nashik",2023-07-03,2024-12-30,52,Short (1-2yr)
onion,Maharashtra,Shrigonda APMC,2017-01-02,2024-06-03,135,Moderate (2-4.5yr)
onion,Maharashtra,Shrigonda(Ghogargaon) APMC,2018-12-31,2019-11-18,40,Thin (<1yr)
onion,Maharashtra,Shrirampur APMC,2016-12-26,2024-10-28,365,Full (7yr+)
onion,Maharashtra,Sinner APMC,2017-01-02,2024-12-30,399,Full (7yr+)
onion,Maharashtra,Solapur APMC,2017-01-02,2024-12-30,405,Full (7yr+)
onion,Maharashtra,Suragana APMC,2023-06-12,2023-06-12,1,Thin (<1yr)
onion,Maharashtra,Umrane APMC,2020-05-11,2024-12-30,203,Moderate (2-4.5yr)
onion,Maharashtra,Vadgaonpeth APMC,2021-06-07,2024-12-30,112,Moderate (2-4.5yr)
onion,Maharashtra,Vai APMC,2017-01-02,2024-12-23,403,Full (7yr+)
onion,Maharashtra,Vaijpur APMC,2017-01-16,2024-12-30,390,Full (7yr+)
onion,Maharashtra,Varora APMC,2023-03-27,2023-03-27,1,Thin (<1yr)
onion,Maharashtra,Vita APMC,2017-01-02,2024-12-30,166,Moderate (2-4.5yr)
onion,Maharashtra,Wardha APMC,2023-05-29,2023-08-07,10,Thin (<1yr)
onion,Maharashtra,Washi (Dharashiv) APMC,2020-05-04,2020-05-04,1,Thin (<1yr)
onion,Maharashtra,Yawal APMC,2017-01-02,2024-12-30,230,Moderate (2-4.5yr)
onion,Maharashtra,Yeola APMC,2017-01-02,2024-12-30,400,Full (7yr+)
onion,Manipur,Bishenpur APMC,2017-01-02,2024-12-30,271,Good (4.5-7yr)
onion,Manipur,Imphal APMC,2017-01-02,2024-12-30,275,Good (4.5-7yr)
onion,Manipur,Kakching Market APMC,2024-07-15,2024-12-30,23,Thin (<1yr)
onion,Manipur,Lamlong Bazaar APMC,2017-01-02,2024-12-30,275,Good (4.5-7yr)
onion,Manipur,Thoubal APMC,2017-01-02,2024-12-30,276,Good (4.5-7yr)
onion,Meghalaya,Ampati APMC,2017-05-01,2017-05-08,2,Thin (<1yr)
onion,Meghalaya,Baghmara APMC,2024-11-11,2024-12-30,6,Thin (<1yr)
onion,Meghalaya,Dadengiri APMC,2017-04-24,2022-04-18,68,Short (1-2yr)
onion,Meghalaya,Garobadha APMC,2017-01-02,2018-10-29,82,Short (1-2yr)
onion,Meghalaya,Jowai APMC,2024-12-09,2024-12-09,1,Thin (<1yr)
onion,Meghalaya,Nongstoin APMC,2023-11-20,2024-05-06,17,Thin (<1yr)
onion,Meghalaya,Rongram APMC,2018-07-30,2024-03-18,62,Short (1-2yr)
onion,Meghalaya,Tura APMC,2018-07-23,2022-03-14,76,Short (1-2yr)
onion,Meghalaya,Williamnagar APMC,2024-03-18,2024-08-05,13,Thin (<1yr)
onion,NCT of Delhi,Azadpur APMC,2017-01-02,2024-12-30,352,Good (4.5-7yr)
onion,NCT of Delhi,Keshopur APMC,2016-12-26,2024-12-30,307,Good (4.5-7yr)
onion,NCT of Delhi,Shahdara APMC,2016-12-26,2024-12-30,400,Full (7yr+)
onion,Nagaland,Jalukie APMC,2018-08-27,2024-04-01,69,Short (1-2yr)
onion,Nagaland,Mangkolemba APMC,2023-05-01,2024-12-16,77,Short (1-2yr)
onion,Nagaland,Mokokchung Town APMC,2018-05-21,2024-12-16,171,Moderate (2-4.5yr)
onion,Nagaland,Nuiland APMC,2023-07-10,2023-09-18,11,Thin (<1yr)
onion,Nagaland,Tenning APMC,2022-04-11,2024-08-19,29,Thin (<1yr)
onion,Odisha,Aiginia Mandi APMC,2017-01-02,2024-08-12,83,Short (1-2yr)
onion,Odisha,Angaura APMC,2018-01-01,2023-11-06,78,Short (1-2yr)
onion,Odisha,Angul APMC,2017-01-09,2024-04-29,262,Good (4.5-7yr)
onion,Odisha,Angul(Atthamallick) APMC,2017-03-06,2023-12-11,107,Moderate (2-4.5yr)
onion,Odisha,Angul(Jarapada) APMC,2017-01-02,2024-04-29,259,Good (4.5-7yr)
onion,Odisha,Attabira APMC,2017-01-02,2024-12-30,313,Good (4.5-7yr)
onion,Odisha,Bahadajholla APMC,2016-12-26,2019-08-12,132,Moderate (2-4.5yr)
onion,Odisha,Balugaon APMC,2017-01-02,2024-12-30,388,Full (7yr+)
onion,Odisha,Bampada APMC,2017-01-30,2021-11-29,193,Moderate (2-4.5yr)
onion,Odisha,Bargarh APMC,2016-12-26,2024-12-30,415,Full (7yr+)
onion,Odisha,Bargarh(Barapalli) APMC,2017-05-15,2024-12-30,323,Good (4.5-7yr)
onion,Odisha,Barikpur APMC,2017-01-30,2023-01-16,196,Moderate (2-4.5yr)
onion,Odisha,Baripada APMC,2017-10-30,2021-06-28,143,Moderate (2-4.5yr)
onion,Odisha,Betnoti APMC,2017-01-02,2021-11-08,222,Moderate (2-4.5yr)
onion,Odisha,Bhadrak APMC,2016-12-26,2024-06-24,199,Moderate (2-4.5yr)
onion,Odisha,Bhanjanagar APMC,2016-12-26,2024-04-22,311,Good (4.5-7yr)
onion,Odisha,Bhawanipatna APMC,2017-01-02,2024-12-30,322,Good (4.5-7yr)
onion,Odisha,Birmaharajpur APMC,2017-01-30,2024-11-18,363,Good (4.5-7yr)
onion,Odisha,Bolangir APMC,2017-01-02,2024-04-01,360,Good (4.5-7yr)
onion,Odisha,Bonai APMC,2017-01-02,2024-12-16,342,Good (4.5-7yr)
onion,Odisha,Boudh APMC,2017-01-02,2024-12-30,298,Good (4.5-7yr)
onion,Odisha,Champua APMC,2016-12-26,2023-07-17,77,Short (1-2yr)
onion,Odisha,Chandabali APMC,2017-01-02,2024-12-30,257,Good (4.5-7yr)
onion,Odisha,Chatta Krushak Bazar APMC,2016-12-26,2024-11-11,217,Moderate (2-4.5yr)
onion,Odisha,Chuliaposi APMC,2019-01-07,2024-12-30,304,Good (4.5-7yr)
onion,Odisha,Damana Hat APMC,2017-01-02,2024-11-25,97,Short (1-2yr)
onion,Odisha,Deogarh APMC,2016-12-26,2018-12-10,49,Thin (<1yr)
onion,Odisha,Dhenkanal APMC,2016-12-26,2024-03-11,291,Good (4.5-7yr)
onion,Odisha,Digapahandi APMC,2017-01-02,2023-10-02,172,Moderate (2-4.5yr)
onion,Odisha,Dungurapalli APMC,2017-07-03,2024-12-30,210,Moderate (2-4.5yr)
onion,Odisha,Godbhaga APMC,2017-01-02,2024-12-23,343,Good (4.5-7yr)
onion,Odisha,Gopa APMC,2016-12-26,2024-11-11,237,Good (4.5-7yr)
onion,Odisha,Gosala APMC,2017-04-03,2018-06-18,5,Thin (<1yr)
onion,Odisha,Gunpur APMC,2017-07-31,2022-03-07,10,Thin (<1yr)
onion,Odisha,Hindol APMC,2018-09-17,2024-12-30,324,Good (4.5-7yr)
onion,Odisha,Hinjilicut APMC,2017-01-02,2024-12-30,386,Full (7yr+)
onion,Odisha,Jajpur APMC,2017-01-02,2023-07-24,291,Good (4.5-7yr)
onion,Odisha,Jaleswar APMC,2017-07-17,2024-12-30,362,Good (4.5-7yr)
onion,Odisha,Jatni APMC,2017-01-02,2024-11-18,93,Short (1-2yr)
onion,Odisha,Jeypore APMC,2016-12-26,2018-11-26,27,Thin (<1yr)
onion,Odisha,Jeypore(Kotpad) APMC,2016-12-26,2019-03-25,26,Thin (<1yr)
onion,Odisha,Jharsuguda APMC,2017-09-11,2024-12-30,370,Full (7yr+)
onion,Odisha,Jhumpura APMC,2016-12-26,2020-03-02,139,Moderate (2-4.5yr)
onion,Odisha,Junagarh APMC,2017-01-09,2023-10-23,76,Short (1-2yr)
onion,Odisha,Kalahandi(Dharamagarh) APMC,2017-01-02,2024-06-24,75,Short (1-2yr)
onion,Odisha,Kamakhyanagar APMC,2017-01-02,2024-12-30,409,Full (7yr+)
onion,Odisha,Kandhamal APMC,2017-07-24,2018-06-11,4,Thin (<1yr)
onion,Odisha,Kantabaji APMC,2017-03-13,2024-06-24,57,Short (1-2yr)
onion,Odisha,Kasinagar APMC,2017-01-02,2018-08-06,43,Thin (<1yr)
onion,Odisha,Kendrapara APMC,2016-12-26,2024-11-11,233,Moderate (2-4.5yr)
onion,Odisha,Kendrapara(Marshaghai) APMC,2016-12-26,2024-11-18,235,Good (4.5-7yr)
onion,Odisha,Kendupatna APMC,2016-12-26,2021-04-26,186,Moderate (2-4.5yr)
onion,Odisha,Kendupatna(Niali) APMC,2017-02-13,2021-04-26,175,Moderate (2-4.5yr)
onion,Odisha,Keonjhar APMC,2017-12-11,2024-12-30,331,Good (4.5-7yr)
onion,Odisha,Keonjhar(Dhekikote) APMC,2018-01-08,2024-12-23,304,Good (4.5-7yr)
onion,Odisha,Keonjhar(Jhumpura) APMC,2016-12-26,2023-07-17,74,Short (1-2yr)
onion,Odisha,Kesinga APMC,2017-01-02,2024-12-30,372,Full (7yr+)
onion,Odisha,Khariar APMC,2016-12-26,2024-12-23,408,Full (7yr+)
onion,Odisha,Khariar Road APMC,2016-12-26,2024-12-23,408,Full (7yr+)
onion,Odisha,Khunthabandha APMC,2017-01-02,2024-12-30,283,Good (4.5-7yr)
onion,Odisha,Kuchinda APMC,2018-09-10,2024-12-30,245,Good (4.5-7yr)
onion,Odisha,Malkanagiri APMC,2017-01-02,2020-06-29,22,Thin (<1yr)
onion,Odisha,Malkangiri(Korakunda) APMC,2017-09-04,2020-07-13,18,Thin (<1yr)
onion,Odisha,Mottagaon APMC,2016-12-26,2024-03-11,291,Good (4.5-7yr)
onion,Odisha,Mukhiguda APMC,2017-01-30,2018-12-10,75,Short (1-2yr)
onion,Odisha,Nabarangpur(Umerkote) APMC,2017-08-28,2017-09-04,2,Thin (<1yr)
onion,Odisha,Nawarangpur APMC,2017-01-02,2018-09-24,37,Thin (<1yr)
onion,Odisha,Nilagiri APMC,2016-12-26,2024-05-27,365,Full (7yr+)
onion,Odisha,Nimapara APMC,2021-08-30,2023-11-06,2,Thin (<1yr)
onion,Odisha,Padampur APMC,2017-02-20,2018-02-19,11,Thin (<1yr)
onion,Odisha,Pallahara APMC,2018-10-29,2019-09-16,22,Thin (<1yr)
onion,Odisha,Pandkital APMC,2017-07-31,2024-12-30,153,Moderate (2-4.5yr)
onion,Odisha,Panposh APMC,2017-12-25,2019-09-23,7,Thin (<1yr)
onion,Odisha,Parlakhemundi APMC,2017-01-02,2022-06-20,30,Thin (<1yr)
onion,Odisha,Pattamundai APMC,2016-12-26,2024-11-11,226,Moderate (2-4.5yr)
onion,Odisha,Rairakhol APMC,2017-01-09,2019-06-10,59,Short (1-2yr)
onion,Odisha,Rayagada APMC,2020-06-22,2024-12-30,95,Short (1-2yr)
onion,Odisha,Rayagada(Muniguda) APMC,2017-07-17,2022-03-07,12,Thin (<1yr)
onion,Odisha,Saharpada APMC,2018-01-29,2024-12-23,297,Good (4.5-7yr)
onion,Odisha,Sahaspur APMC,2018-05-21,2018-05-21,1,Thin (<1yr)
onion,Odisha,Sahidngar APMC,2016-12-26,2022-03-28,134,Moderate (2-4.5yr)
onion,Odisha,Sarankul APMC,2016-12-26,2019-09-09,128,Moderate (2-4.5yr)
onion,Odisha,Saraskana APMC,2018-01-08,2020-06-15,113,Moderate (2-4.5yr)
onion,Odisha,Sargipali APMC,2016-12-26,2024-12-30,407,Full (7yr+)
onion,Odisha,Sohela APMC,2017-02-20,2017-12-11,5,Thin (<1yr)
onion,Odisha,Talcher APMC,2018-01-01,2024-03-18,98,Short (1-2yr)
onion,Odisha,Tileibani APMC,2017-01-09,2018-09-24,39,Thin (<1yr)
onion,Odisha,Tusura APMC,2017-01-02,2024-04-01,354,Good (4.5-7yr)
onion,Odisha,Udala APMC,2016-12-26,2024-12-30,410,Full (7yr+)
potato,Uttarakhand,Bhagwanpur(Naveen Mandi Sthal) APMC,2017-01-02,2024-12-30,350,Good (4.5-7yr)
potato,Uttarakhand,Dehradoon APMC,2016-12-26,2024-12-30,415,Full (7yr+)
potato,Uttarakhand,Haldwani APMC,2017-01-02,2024-12-30,396,Full (7yr+)
potato,Uttarakhand,Haridwar Union APMC,2017-01-02,2024-12-30,411,Full (7yr+)
potato,Uttarakhand,Jaspur(UC) APMC,2016-12-26,2024-12-23,312,Good (4.5-7yr)
potato,Uttarakhand,Kashipur APMC,2016-12-26,2024-12-30,337,Good (4.5-7yr)
potato,Uttarakhand,Khateema APMC,2016-12-26,2024-12-30,371,Full (7yr+)
potato,Uttarakhand,Kicchha APMC,2017-01-02,2024-12-30,268,Good (4.5-7yr)
potato,Uttarakhand,Kotadwara APMC,2017-01-02,2024-12-30,400,Full (7yr+)
potato,Uttarakhand,Lakshar APMC,2017-01-16,2024-07-29,102,Short (1-2yr)
potato,Uttarakhand,Manglaur APMC,2017-01-23,2024-12-30,359,Good (4.5-7yr)
potato,Uttarakhand,Ramnagar APMC,2016-12-26,2024-12-30,334,Good (4.5-7yr)
potato,Uttarakhand,Rishikesh APMC,2017-01-02,2024-12-30,415,Full (7yr+)
potato,Uttarakhand,Roorkee APMC,2016-12-26,2024-12-30,415,Full (7yr+)
potato,Uttarakhand,Rudrapur APMC,2017-01-02,2024-12-30,365,Full (7yr+)
potato,Uttarakhand,Sitarganj APMC,2017-01-02,2024-12-30,407,Full (7yr+)
potato,Uttarakhand,Vikasnagar APMC,2016-12-26,2024-12-30,414,Full (7yr+)
potato,West Bengal,Alipurduar APMC,2017-01-02,2024-12-30,395,Full (7yr+)
potato,West Bengal,Asansol APMC,2016-12-26,2024-12-30,404,Full (7yr+)
potato,West Bengal,Balarampur APMC,2016-12-26,2024-12-30,409,Full (7yr+)
potato,West Bengal,Balurghat APMC,2016-12-26,2024-12-23,400,Full (7yr+)
potato,West Bengal,Bankura Sadar APMC,2017-01-02,2024-12-30,394,Full (7yr+)
potato,West Bengal,Bara Bazar (Posta Bazar) APMC,2017-01-02,2024-12-23,413,Full (7yr+)
potato,West Bengal,Barasat APMC,2016-12-26,2024-12-30,418,Full (7yr+)
potato,West Bengal,Baxirhat APMC,2016-12-26,2024-12-30,402,Full (7yr+)
potato,West Bengal,Belacoba APMC,2017-01-02,2024-12-30,353,Good (4.5-7yr)
potato,West Bengal,Beldanga APMC,2017-01-02,2024-12-30,405,Full (7yr+)
potato,West Bengal,Bethuadahari APMC,2016-12-26,2024-12-30,304,Good (4.5-7yr)
potato,West Bengal,Birbhum APMC,2016-12-26,2024-12-30,401,Full (7yr+)
potato,West Bengal,Bishnupur(Bankura) APMC,2016-12-26,2024-12-30,419,Full (7yr+)
potato,West Bengal,Bolpur APMC,2016-12-26,2024-12-30,404,Full (7yr+)
potato,West Bengal,Burdwan APMC,2017-01-02,2024-12-30,412,Full (7yr+)
potato,West Bengal,Chakdah APMC,2016-12-26,2024-12-30,403,Full (7yr+)
potato,West Bengal,Champadanga APMC,2016-12-26,2024-12-30,418,Full (7yr+)
potato,West Bengal,Coochbehar APMC,2016-12-26,2024-12-02,406,Full (7yr+)
potato,West Bengal,Darjeeling APMC,2016-12-26,2024-12-30,250,Good (4.5-7yr)
potato,West Bengal,Dhupguri APMC,2016-12-26,2024-12-30,353,Good (4.5-7yr)
potato,West Bengal,Diamond Harbour(South 24-pgs) APMC,2016-12-26,2024-12-30,382,Full (7yr+)
potato,West Bengal,Dinhata APMC,2016-12-26,2024-12-30,413,Full (7yr+)
potato,West Bengal,Durgapur APMC,2016-12-26,2024-12-30,404,Full (7yr+)
potato,West Bengal,English Bazar APMC,2017-01-02,2024-12-23,402,Full (7yr+)
potato,West Bengal,Falakata APMC,2016-12-26,2024-12-30,353,Good (4.5-7yr)
potato,West Bengal,Gajol APMC,2017-01-02,2024-12-23,402,Full (7yr+)
potato,West Bengal,Gangarampur(Dakshin Dinajpur) APMC,2016-12-26,2024-12-30,409,Full (7yr+)
potato,West Bengal,Garbeta(Medinipur) APMC,2017-01-02,2024-12-30,376,Full (7yr+)
potato,West Bengal,Ghatal APMC,2017-01-02,2024-12-30,410,Full (7yr+)
potato,West Bengal,Guskara APMC,2017-01-02,2024-12-30,401,Full (7yr+)
potato,West Bengal,Habra APMC,2017-01-02,2024-12-30,416,Full (7yr+)
potato,West Bengal,Haldibari APMC,2017-01-02,2024-12-30,398,Full (7yr+)
potato,West Bengal,Indus(Bankura Sadar) APMC,2017-01-02,2024-12-30,414,Full (7yr+)
potato,West Bengal,Islampur APMC,2016-12-26,2024-12-30,406,Full (7yr+)
potato,West Bengal,Jalpaiguri Sadar APMC,2017-01-02,2024-12-30,359,Good (4.5-7yr)
potato,West Bengal,Jangipur APMC,2016-12-26,2024-12-30,415,Full (7yr+)
potato,West Bengal,Jhargram APMC,2016-12-26,2024-12-23,373,Full (7yr+)
potato,West Bengal,Jiaganj APMC,2016-12-26,2024-12-30,401,Full (7yr+)
potato,West Bengal,Kalimpong APMC,2017-01-02,2024-12-30,301,Good (4.5-7yr)
potato,West Bengal,Kalipur APMC,2016-12-26,2024-12-30,418,Full (7yr+)
potato,West Bengal,Kalna APMC,2017-01-02,2024-12-30,410,Full (7yr+)
potato,West Bengal,Kalyani APMC,2017-01-02,2024-12-30,389,Full (7yr+)
potato,West Bengal,Kandi APMC,2016-12-26,2024-12-30,402,Full (7yr+)
potato,West Bengal,Karimpur APMC,2017-02-06,2024-12-30,356,Good (4.5-7yr)
potato,West Bengal,Karsiyang(Matigara) APMC,2017-01-02,2024-12-30,351,Good (4.5-7yr)
potato,West Bengal,Kasipur APMC,2017-01-02,2024-12-30,379,Full (7yr+)
potato,West Bengal,Katwa APMC,2016-12-26,2024-12-30,402,Full (7yr+)
potato,West Bengal,Khatra APMC,2016-12-26,2024-12-30,419,Full (7yr+)
potato,West Bengal,Kolaghat APMC,2017-01-02,2024-12-30,395,Full (7yr+)
potato,West Bengal,Mathabhanga APMC,2017-01-30,2024-12-30,386,Full (7yr+)
potato,West Bengal,Medinipur(West) APMC,2017-01-02,2024-12-30,391,Full (7yr+)
potato,West Bengal,Mekhliganj APMC,2017-01-02,2024-12-30,405,Full (7yr+)
potato,West Bengal,Memari APMC,2017-01-02,2024-12-30,407,Full (7yr+)
potato,West Bengal,Moynaguri APMC,2017-01-02,2024-12-30,353,Good (4.5-7yr)
potato,West Bengal,Nadia APMC,2016-12-26,2024-12-30,406,Full (7yr+)
potato,West Bengal,Pandua APMC,2016-12-26,2024-12-30,418,Full (7yr+)
potato,West Bengal,Pundibari APMC,2017-01-02,2024-12-02,411,Full (7yr+)
potato,West Bengal,Purulia APMC,2017-01-02,2024-12-30,402,Full (7yr+)
potato,West Bengal,Ramkrishanpur(Howrah) APMC,2016-12-26,2024-12-30,411,Full (7yr+)
potato,West Bengal,Rampurhat APMC,2017-01-02,2024-12-30,402,Full (7yr+)
potato,West Bengal,Ranaghat APMC,2016-12-26,2024-12-30,405,Full (7yr+)
potato,West Bengal,Sainthia APMC,2016-12-26,2024-12-30,406,Full (7yr+)
potato,West Bengal,Samsi APMC,2017-01-02,2024-12-30,392,Full (7yr+)
potato,West Bengal,Sheoraphuly APMC,2016-12-26,2024-12-30,417,Full (7yr+)
potato,West Bengal,Siliguri APMC,2017-01-02,2024-12-30,374,Full (7yr+)
potato,West Bengal,Tamluk (Medinipur E) APMC,2017-01-02,2024-12-30,395,Full (7yr+)
potato,West Bengal,Toofanganj APMC,2016-12-26,2024-12-30,410,Full (7yr+)
potato,West Bengal,Uluberia APMC,2016-12-26,2024-12-30,418,Full (7yr+)
tomato,Andaman and Nicobar,Bathubasti Vegetable Market,2019-03-04,2022-06-20,13,Thin (<1yr)
tomato,Andaman and Nicobar,Diglipur Vegetable Market (Subhashgram),2017-01-23,2024-12-30,24,Thin (<1yr)
tomato,Andaman and Nicobar,Mayabander Vegetable Market,2024-02-19,2024-12-30,12,Thin (<1yr)
tomato,Andaman and Nicobar,Perka Vegetable Market,2019-05-27,2023-09-04,22,Thin (<1yr)
tomato,Andhra Pradesh,Ichapuram APMC,2017-03-27,2017-04-03,2,Thin (<1yr)
tomato,Andhra Pradesh,Kalikiri APMC,2016-12-26,2024-12-30,378,Full (7yr+)
tomato,Andhra Pradesh,Kuppam APMC,2016-12-26,2021-11-29,86,Short (1-2yr)
tomato,Andhra Pradesh,Madanapalli APMC,2016-12-26,2024-12-30,173,Moderate (2-4.5yr)
tomato,Andhra Pradesh,Mulakalacheruvu APMC,2016-12-26,2024-12-30,339,Good (4.5-7yr)
tomato,Andhra Pradesh,Palamaner APMC,2016-12-26,2024-12-23,227,Moderate (2-4.5yr)
tomato,Andhra Pradesh,Parvathipuram APMC,2017-01-02,2017-03-27,13,Thin (<1yr)
tomato,Andhra Pradesh,Pattikonda APMC,2017-06-12,2024-12-30,311,Good (4.5-7yr)
tomato,Andhra Pradesh,Piler APMC,2017-03-20,2020-10-26,107,Moderate (2-4.5yr)
tomato,Andhra Pradesh,Punganur APMC,2016-12-26,2024-12-30,256,Good (4.5-7yr)
tomato,Andhra Pradesh,Vijayawada APMC,2016-12-26,2017-10-30,36,Thin (<1yr)
tomato,Andhra Pradesh,Visakhapatnam APMC,2017-02-06,2017-02-06,1,Thin (<1yr)
tomato,Arunachal Pradesh,Naharlagun APMC,2017-06-19,2018-06-18,48,Thin (<1yr)
tomato,Assam,Ambagan APMC,2024-09-02,2024-12-23,10,Thin (<1yr)
tomato,Assam,Anand Bazar APMC,2024-09-09,2024-12-30,15,Thin (<1yr)
tomato,Assam,Baginadi APMC,2024-09-09,2024-12-30,15,Thin (<1yr)
tomato,Assam,Balajan Tiniali APMC,2024-09-02,2024-12-23,7,Thin (<1yr)
tomato,Assam,Balugaon APMC,2024-09-02,2024-12-30,16,Thin (<1yr)
tomato,Assam,Banglagarh APMC,2024-11-18,2024-12-23,5,Thin (<1yr)
tomato,Assam,Barpeta Road APMC,2024-09-02,2024-12-30,18,Thin (<1yr)
tomato,Assam,Besimari APMC,2024-10-28,2024-12-23,7,Thin (<1yr)
tomato,Assam,Bilasipara APMC,2024-09-02,2024-12-23,12,Thin (<1yr)
tomato,Assam,Bindukuri APMC,2024-10-07,2024-12-16,3,Thin (<1yr)
tomato,Assam,Boralimari APMC,2024-09-09,2024-12-23,9,Thin (<1yr)
tomato,Assam,Brahmaputra Private Market APMC,2024-10-14,2024-12-30,12,Thin (<1yr)
tomato,Assam,Burhagaon APMC,2024-09-02,2024-12-23,15,Thin (<1yr)
tomato,Assam,Chapar APMC,2024-09-02,2024-12-30,15,Thin (<1yr)
tomato,Assam,Darangiri Banana Market APMC,2024-09-09,2024-12-30,17,Thin (<1yr)
tomato,Assam,Dhamdhama APMC,2024-09-02,2024-12-23,15,Thin (<1yr)
tomato,Assam,Dhekiajuli APMC,2017-02-06,2024-12-30,20,Thin (<1yr)
tomato,Assam,Dhing APMC,2024-09-16,2024-12-16,9,Thin (<1yr)
tomato,Assam,Diphu APMC,2024-09-02,2024-12-30,18,Thin (<1yr)
tomato,Assam,Dotma Bazar APMC,2024-09-02,2024-12-16,9,Thin (<1yr)
tomato,Assam,Fatakbazar APMC,2024-09-02,2024-12-30,17,Thin (<1yr)
tomato,Assam,Gauripur Jute/Pineapple Market,2018-01-29,2022-02-07,3,Thin (<1yr)
tomato,Assam,Ghilamara APMC,2024-09-09,2024-12-23,9,Thin (<1yr)
tomato,Assam,Golaghat APMC,2017-01-16,2024-12-30,79,Short (1-2yr)
tomato,Assam,Gossaigaon APMC,2024-09-02,2024-12-30,9,Thin (<1yr)
tomato,Assam,Haibargaon APMC,2024-09-02,2024-12-30,15,Thin (<1yr)
tomato,Assam,Howly APMC,2017-07-10,2022-05-02,120,Moderate (2-4.5yr)
tomato,Assam,Jagiroad Dry Fish Market APMC,2024-09-02,2024-12-30,18,Thin (<1yr)
tomato,Assam,Jaleswar APMC,2024-09-02,2024-12-23,16,Thin (<1yr)
tomato,Assam,Jorhat APMC,2022-01-03,2024-12-30,25,Thin (<1yr)
tomato,Assam,Kakoi Weekly Market APMC,2024-09-02,2024-12-23,12,Thin (<1yr)
tomato,Assam,Kashipur APMC,2024-09-09,2024-12-30,11,Thin (<1yr)
tomato,Assam,Kharupetia APMC,2017-01-23,2024-11-25,80,Short (1-2yr)
tomato,Assam,Krishnai APMC,2024-09-02,2024-12-23,15,Thin (<1yr)
tomato,Assam,Kumrikata APMC,2024-09-02,2024-12-23,16,Thin (<1yr)
tomato,Assam,Kushtoli APMC,2019-12-23,2024-12-23,15,Thin (<1yr)
tomato,Assam,Laharighat APMC,2024-09-16,2024-12-30,7,Thin (<1yr)
tomato,Assam,Lakhipur APMC,2024-09-02,2024-12-23,14,Thin (<1yr)
tomato,Assam,Manja APMC,2024-09-02,2024-12-23,15,Thin (<1yr)
tomato,Assam,Mariani APMC,2024-09-02,2024-12-16,9,Thin (<1yr)
tomato,Assam,Moirabari APMC,2024-09-02,2024-12-23,13,Thin (<1yr)
tomato,Assam,Moran APMC,2024-09-23,2024-12-23,4,Thin (<1yr)
tomato,Assam,Mukalmua APMC,2024-09-09,2024-12-30,9,Thin (<1yr)
tomato,Assam,Nalbari APMC,2024-09-02,2024-12-30,18,Thin (<1yr)
tomato,Assam,Pamohi(Garchuk) APMC,2018-08-13,2024-12-30,110,Moderate (2-4.5yr)
tomato,Assam,Saraibil APMC,2024-09-02,2024-12-23,7,Thin (<1yr)
tomato,Assam,Sariahjan APMC,2024-09-02,2024-12-30,18,Thin (<1yr)
tomato,Assam,Serfanguri APMC,2024-09-09,2024-12-23,8,Thin (<1yr)
tomato,Assam,Simalguri APMC,2024-09-02,2024-12-23,16,Thin (<1yr)
tomato,Assam,Simlitola APMC,2024-09-09,2024-12-30,15,Thin (<1yr)
tomato,Assam,Sivasagar APMC,2024-09-02,2024-12-30,18,Thin (<1yr)
tomato,Assam,Sonabarighat APMC,2024-09-02,2024-12-30,17,Thin (<1yr)
tomato,Assam,Sonari APMC,2024-09-02,2024-12-23,17,Thin (<1yr)
tomato,Assam,Sontoli APMC,2024-10-28,2024-12-23,6,Thin (<1yr)
tomato,Assam,Tangni APMC,2024-12-02,2024-12-16,3,Thin (<1yr)
tomato,Assam,Tinsukia Market,2017-03-06,2022-05-02,20,Thin (<1yr)
tomato,Bihar,Amarpur APMC,2022-03-28,2023-03-13,25,Thin (<1yr)
tomato,Bihar,Amba APMC,2022-03-28,2023-06-05,39,Thin (<1yr)
tomato,Bihar,Arreria APMC,2022-01-31,2023-02-20,35,Thin (<1yr)
tomato,Bihar,Arwal APMC,2022-03-14,2023-04-10,37,Thin (<1yr)
tomato,Bihar,Aurangabad APMC,2022-02-14,2023-05-22,51,Thin (<1yr)
tomato,Bihar,Bahadurganj APMC,2022-02-21,2023-07-24,57,Short (1-2yr)
tomato,Bihar,Bahadurpur (Ekmi Ghat) APMC,2022-04-18,2023-01-09,10,Thin (<1yr)
tomato,Bihar,Balliah APMC,2022-03-28,2023-04-03,37,Thin (<1yr)
tomato,Bihar,Barahat APMC,2022-02-28,2023-02-13,23,Thin (<1yr)
tomato,Bihar,Barari APMC,2022-12-26,2023-02-27,10,Thin (<1yr)
tomato,Bihar,Barbigha APMC,2022-03-28,2023-06-05,37,Thin (<1yr)
tomato,Bihar,Barsoi APMC,2022-03-07,2023-03-06,42,Thin (<1yr)
tomato,Bihar,Begusarai APMC,2022-01-31,2023-01-30,26,Thin (<1yr)
tomato,Bihar,Benipatti APMC,2022-04-04,2022-11-14,28,Thin (<1yr)
tomato,Bihar,Bettiah APMC,2022-02-07,2023-02-27,52,Short (1-2yr)
tomato,Bihar,Bhagalpur APMC,2022-01-03,2023-05-29,36,Thin (<1yr)
tomato,Bihar,Bhawanipur APMC,2022-04-04,2022-06-20,12,Thin (<1yr)
tomato,Bihar,Bihariganj APMC,2022-02-21,2023-04-24,21,Thin (<1yr)
tomato,Bihar,Biharsharif APMC,2022-10-17,2023-03-27,20,Thin (<1yr)
tomato,Bihar,Bihpur APMC,2022-08-08,2023-04-10,17,Thin (<1yr)
tomato,Bihar,Bihta APMC,2022-03-28,2022-10-31,29,Thin (<1yr)
tomato,Bihar,Biraul APMC,2022-03-07,2022-07-18,9,Thin (<1yr)
tomato,Bihar,Birpur APMC,2022-02-14,2023-06-05,48,Thin (<1yr)
tomato,Bihar,Brahmpur APMC,2022-04-11,2023-03-27,24,Thin (<1yr)
tomato,Bihar,Buxur APMC,2022-01-10,2023-03-20,35,Thin (<1yr)
tomato,Bihar,Chakia APMC,2022-02-21,2023-03-27,54,Short (1-2yr)
tomato,Bihar,Chhapra APMC,2022-02-28,2023-02-27,12,Thin (<1yr)
tomato,Bihar,Danapur APMC,2022-09-12,2023-02-27,19,Thin (<1yr)
tomato,Bihar,Darbhanga APMC,2022-01-31,2022-03-07,4,Thin (<1yr)
tomato,Bihar,Dehri APMC,2022-03-28,2023-02-20,45,Thin (<1yr)
tomato,Bihar,Dumarao APMC,2022-03-28,2023-01-02,14,Thin (<1yr)
tomato,Bihar,Forbesganj APMC,2022-01-31,2022-10-17,14,Thin (<1yr)
tomato,Bihar,Gaya APMC,2022-03-21,2023-05-29,39,Thin (<1yr)
tomato,Bihar,"Gerabari, Korha Block APMC",2022-06-27,2023-01-16,8,Thin (<1yr)
tomato,Bihar,Gopalganj APMC,2022-01-24,2022-10-31,31,Thin (<1yr)
tomato,Bihar,Gulabbagh APMC,2022-05-16,2022-05-16,1,Thin (<1yr)
tomato,Bihar,Harnaut APMC,2022-04-04,2022-06-20,9,Thin (<1yr)
tomato,Bihar,Jahajharpur APMC,2022-02-21,2023-05-08,55,Short (1-2yr)
tomato,Bihar,Jainagar APMC,2022-03-14,2023-07-03,43,Thin (<1yr)
tomato,Bihar,"Jaitipir Mandi, Lalganj block APMC",2022-04-04,2023-02-20,44,Thin (<1yr)
tomato,Bihar,Jamui APMC,2022-01-03,2023-05-01,61,Short (1-2yr)
tomato,Bihar,Jehanabad APMC,2023-01-09,2023-02-20,7,Thin (<1yr)
tomato,Bihar,Kahalgaon APMC,2022-01-03,2023-05-15,25,Thin (<1yr)
tomato,Bihar,Kaimur APMC,2022-04-11,2023-06-05,57,Short (1-2yr)
tomato,Bihar,Kaswa APMC,2022-02-21,2022-06-27,15,Thin (<1yr)
tomato,Bihar,Katihar APMC,2022-02-21,2022-08-01,24,Thin (<1yr)
tomato,Bihar,Khagaria APMC,2022-01-24,2023-02-20,35,Thin (<1yr)
tomato,Bihar,Kishanganj APMC,2022-03-07,2023-04-17,53,Short (1-2yr)
tomato,Bihar,Lakhisarai APMC,2022-02-21,2023-02-20,50,Thin (<1yr)
tomato,Bihar,Madhuban APMC,2022-04-04,2023-06-05,42,Thin (<1yr)
tomato,Bihar,Madhubani APMC,2022-02-07,2022-12-26,24,Thin (<1yr)
tomato,Bihar,Maharjganj APMC,2022-03-28,2022-05-16,5,Thin (<1yr)
tomato,Bihar,Mansi Mandi APMC,2022-04-04,2023-03-27,23,Thin (<1yr)
tomato,Bihar,Mohana APMC,2021-12-27,2023-05-29,68,Short (1-2yr)
tomato,Bihar,Mokama APMC,2022-02-07,2022-10-24,15,Thin (<1yr)
tomato,Bihar,Motihari APMC,2022-02-21,2023-04-03,57,Short (1-2yr)
tomato,Bihar,Munghair APMC,2022-02-07,2023-04-10,61,Short (1-2yr)
tomato,Bihar,Murliganj APMC,2022-03-28,2023-01-30,41,Thin (<1yr)
tomato,Bihar,Narkatiaganj APMC,2022-01-31,2022-04-04,6,Thin (<1yr)
tomato,Bihar,Naugachiya APMC,2022-03-28,2023-05-29,57,Short (1-2yr)
tomato,Bihar,Nawada APMC,2022-02-07,2023-04-03,47,Thin (<1yr)
tomato,Bihar,Nokha APMC,2022-09-12,2023-04-03,26,Thin (<1yr)
tomato,Bihar,"Parsoniya Mandi, Mahua block APMC",2022-05-09,2023-02-27,42,Thin (<1yr)
tomato,Bihar,Piro APMC,2022-09-19,2023-01-23,8,Thin (<1yr)
tomato,Bihar,Rajauli APMC,2022-04-11,2023-05-22,29,Thin (<1yr)
tomato,Bihar,Ramnagar APMC,2022-03-28,2023-02-27,35,Thin (<1yr)
tomato,Bihar,Raniganj APMC,2022-03-28,2023-03-13,46,Thin (<1yr)
tomato,Bihar,Raxaul APMC,2022-04-04,2023-06-05,60,Short (1-2yr)
tomato,Bihar,Saharsa APMC,2022-02-07,2023-05-29,56,Short (1-2yr)
tomato,Bihar,Samastipur APMC,2022-02-21,2023-02-27,54,Short (1-2yr)
tomato,Bihar,Sasaram APMC,2023-04-10,2023-05-29,6,Thin (<1yr)
tomato,Bihar,Shekhpura APMC,2022-02-07,2023-06-05,44,Thin (<1yr)
tomato,Bihar,Sheohar APMC,2022-05-09,2023-06-05,49,Thin (<1yr)
tomato,Bihar,Sikandara APMC,2023-02-13,2023-02-13,1,Thin (<1yr)
tomato,Bihar,Singheswarsthan APMC,2022-02-07,2023-01-02,22,Thin (<1yr)
tomato,Bihar,Sitamarhi APMC,2022-02-28,2023-01-02,11,Thin (<1yr)
tomato,Bihar,Siwan APMC,2022-01-31,2023-05-29,62,Short (1-2yr)
tomato,Bihar,Sonpur APMC,2022-10-03,2023-05-22,27,Thin (<1yr)
tomato,Bihar,Supaul APMC,2022-02-21,2023-03-20,15,Thin (<1yr)
tomato,Bihar,Surjyagarha APMC,2022-04-18,2022-10-24,10,Thin (<1yr)
tomato,Bihar,Tajpur APMC,2022-03-28,2023-02-27,47,Thin (<1yr)
tomato,Bihar,Teghra APMC,2022-01-31,2023-02-20,32,Thin (<1yr)
tomato,Bihar,Tekari APMC,2022-03-28,2023-02-20,41,Thin (<1yr)
tomato,Bihar,Thakurganj APMC,2022-02-07,2023-02-27,54,Short (1-2yr)
tomato,Bihar,Triveniganj APMC,2022-09-26,2023-04-24,31,Thin (<1yr)
tomato,Bihar,Vikramganj APMC,2022-04-11,2023-02-27,42,Thin (<1yr)
tomato,Chandigarh,Chandigarh (Grain/F&V) APMC,2016-12-26,2024-12-23,305,Good (4.5-7yr)
tomato,Chattisgarh,Bilaspur APMC,2022-05-02,2024-12-30,12,Thin (<1yr)
tomato,Chattisgarh,Durg APMC,2017-01-02,2024-12-30,408,Full (7yr+)
tomato,Chattisgarh,Gandai APMC,2024-10-21,2024-12-30,10,Thin (<1yr)
tomato,Chattisgarh,Raigarh APMC,2016-12-26,2024-12-30,406,Full (7yr+)
tomato,Chattisgarh,Rajnandgaon APMC,2017-01-02,2024-12-30,366,Full (7yr+)
tomato,Chattisgarh,Tiphra APMC,2017-01-02,2024-10-21,397,Full (7yr+)
tomato,Gujarat,Ahmedabad APMC,2017-01-02,2024-12-30,387,Full (7yr+)
tomato,Gujarat,"Anand(Veg,Yard,Anand) APMC",2017-01-02,2024-12-30,415,Full (7yr+)
tomato,Gujarat,Ankleshwar APMC,2017-01-02,2024-12-30,414,Full (7yr+)
tomato,Gujarat,Babra APMC,2018-08-06,2018-08-20,2,Thin (<1yr)
tomato,Gujarat,Bardoli APMC,2019-03-11,2019-03-11,1,Thin (<1yr)
tomato,Gujarat,Bardoli(Kadod) APMC,2017-01-02,2020-04-13,73,Short (1-2yr)
tomato,Gujarat,Bhanvad APMC,2019-11-11,2019-11-25,3,Thin (<1yr)
tomato,Gujarat,Bharuch APMC,2017-01-02,2024-12-30,283,Good (4.5-7yr)
tomato,Gujarat,Bhavnagar APMC,2017-07-03,2023-11-13,277,Good (4.5-7yr)
tomato,Gujarat,Bhuj APMC,2023-07-10,2023-12-04,21,Thin (<1yr)
tomato,Gujarat,Bilimora APMC,2017-02-06,2024-12-30,226,Moderate (2-4.5yr)
tomato,Gujarat,Borsad(Veg Yard Barsad) APMC,2020-12-21,2021-02-15,9,Thin (<1yr)
tomato,Gujarat,Dahod(Veg. Market) APMC,2016-12-26,2024-12-30,419,Full (7yr+)
tomato,Gujarat,Damnagar APMC,2018-09-17,2024-12-30,218,Moderate (2-4.5yr)
tomato,Gujarat,Deesa(Deesa Veg Yard) APMC,2020-04-20,2024-12-30,235,Good (4.5-7yr)
tomato,Gujarat,Dhari APMC,2018-07-09,2023-10-23,142,Moderate (2-4.5yr)
tomato,Gujarat,Dhari(Chalala) APMC,2018-07-09,2021-10-25,37,Thin (<1yr)
tomato,Gujarat,Dholka(Koth) APMC,2018-05-21,2019-06-24,57,Short (1-2yr)
tomato,Gujarat,Dhoraji APMC,2018-08-06,2020-03-16,81,Short (1-2yr)
tomato,Gujarat,Godhra APMC,2020-12-21,2021-01-04,3,Thin (<1yr)
tomato,Gujarat,Gondal(Veg.market Gondal) APMC,2016-12-26,2024-12-30,116,Moderate (2-4.5yr)
tomato,Gujarat,Jhalod APMC,2021-01-11,2021-03-22,11,Thin (<1yr)
tomato,Gujarat,"Kalol(Veg,Market,Kalol) APMC",2020-08-10,2024-12-23,191,Moderate (2-4.5yr)
tomato,Gujarat,Kapadvanj APMC,2016-12-26,2024-12-30,378,Full (7yr+)
tomato,Gujarat,Khambhat(Veg Yard Khambhat) APMC,2017-01-02,2024-12-30,207,Moderate (2-4.5yr)
tomato,Gujarat,Mandvi APMC,2016-12-26,2022-02-28,128,Moderate (2-4.5yr)
tomato,Gujarat,Mansa(Manas Veg Yard) APMC,2016-12-26,2024-12-30,412,Full (7yr+)
tomato,Gujarat,Mehsana(Mehsana Veg) APMC,2017-01-02,2024-12-30,404,Full (7yr+)
tomato,Gujarat,Morbi APMC,2017-01-02,2024-12-30,383,Full (7yr+)
tomato,Gujarat,Mundra APMC,2024-07-15,2024-08-05,4,Thin (<1yr)
tomato,Gujarat,Nadiad APMC,2023-09-11,2024-12-30,64,Short (1-2yr)
tomato,Gujarat,Nadiyad(Chaklasi) APMC,2018-03-05,2024-12-30,59,Short (1-2yr)
tomato,Gujarat,Nadiyad(Piplag) APMC,2017-01-02,2024-12-30,190,Moderate (2-4.5yr)
tomato,Gujarat,Navsari APMC,2023-07-10,2024-12-30,76,Short (1-2yr)
tomato,Gujarat,Padra APMC,2017-01-02,2024-12-30,410,Full (7yr+)
tomato,Gujarat,Palitana APMC,2023-07-10,2024-12-23,75,Short (1-2yr)
tomato,Gujarat,"Patan(Veg,Yard Patan) APMC",2019-12-23,2024-12-23,3,Thin (<1yr)
tomato,Gujarat,"Petlad(Veg Yard, Petlad) APMC",2018-05-21,2021-06-14,98,Short (1-2yr)
tomato,Gujarat,Porbandar APMC,2021-01-11,2024-12-30,165,Moderate (2-4.5yr)
tomato,Gujarat,Rajkot(Veg.Sub Yard) APMC,2017-01-02,2024-12-30,415,Full (7yr+)
tomato,Gujarat,S.Mandvi APMC,2017-01-02,2021-04-26,106,Moderate (2-4.5yr)
tomato,Gujarat,Siddhpur APMC,2019-09-30,2020-06-08,6,Thin (<1yr)
tomato,Gujarat,Songadh APMC,2019-01-28,2020-04-20,12,Thin (<1yr)
tomato,Gujarat,Surat APMC,2017-02-20,2024-12-30,408,Full (7yr+)
tomato,Gujarat,Talalagir APMC,2016-12-26,2024-12-30,254,Good (4.5-7yr)
tomato,Gujarat,Vadhvan APMC,2016-12-26,2024-12-30,417,Full (7yr+)
tomato,Gujarat,Vadodara(Sayajipura) APMC,2016-12-26,2024-12-23,385,Full (7yr+)
tomato,Gujarat,Vankaner(Sub yard) APMC,2018-07-09,2024-08-19,317,Good (4.5-7yr)
tomato,Gujarat,Vijapur(Vegetable) APMC,2017-01-23,2024-11-11,139,Moderate (2-4.5yr)
tomato,Gujarat,Visnagar APMC,2023-07-10,2024-02-19,6,Thin (<1yr)
tomato,Gujarat,Vyra APMC,2017-01-02,2021-09-06,203,Moderate (2-4.5yr)
tomato,Haryana,Ambala Cantt. APMC,2016-12-26,2024-12-30,300,Good (4.5-7yr)
tomato,Haryana,Ambala City APMC,2017-01-02,2022-01-03,60,Short (1-2yr)
tomato,Haryana,Ambala City(Subji Mandi) APMC,2022-01-03,2024-12-16,121,Moderate (2-4.5yr)
tomato,Haryana,Asandh APMC,2017-01-02,2022-05-30,214,Moderate (2-4.5yr)
tomato,Haryana,Bahadurgarh APMC,2017-09-11,2024-10-21,127,Moderate (2-4.5yr)
tomato,Haryana,Ballabhgarh APMC,2017-01-02,2024-12-30,417,Full (7yr+)
tomato,Haryana,Bapauli APMC,2017-05-22,2019-06-24,76,Short (1-2yr)
tomato,Haryana,Barara APMC,2017-01-02,2024-12-30,403,Full (7yr+)
tomato,Haryana,Barwala APMC,2016-12-26,2024-12-30,413,Full (7yr+)
tomato,Haryana,Barwala(Hisar) APMC,2016-12-26,2024-12-30,347,Good (4.5-7yr)
tomato,Haryana,Bhiwani APMC,2017-01-30,2024-09-30,159,Moderate (2-4.5yr)
tomato,Haryana,Bhuna APMC,2017-09-04,2023-10-09,19,Thin (<1yr)
tomato,Haryana,Ch. Dadri APMC,2017-07-31,2024-12-23,207,Moderate (2-4.5yr)
tomato,Haryana,Cheeka APMC,2017-06-19,2024-01-22,165,Moderate (2-4.5yr)
tomato,Haryana,Chhachrauli APMC,2016-12-26,2024-12-23,389,Full (7yr+)
tomato,Haryana,Dabwali APMC,2018-07-02,2024-12-02,44,Thin (<1yr)
tomato,Haryana,Dhand APMC,2018-05-14,2024-12-30,244,Good (4.5-7yr)
tomato,Haryana,Dharsul APMC,2023-07-03,2024-05-27,30,Thin (<1yr)
tomato,Haryana,Ellanabad APMC,2017-01-02,2023-08-07,36,Thin (<1yr)
tomato,Haryana,Faridabad APMC,2016-12-26,2024-12-30,237,Good (4.5-7yr)
tomato,Haryana,Farukh Nagar APMC,2018-06-25,2024-12-30,242,Good (4.5-7yr)
tomato,Haryana,Fatehabad APMC,2017-07-10,2024-12-23,260,Good (4.5-7yr)
tomato,Haryana,FerozpurZirkha(Nagina) APMC,2021-12-20,2024-12-30,156,Moderate (2-4.5yr)
tomato,Haryana,Ganaur APMC,2017-01-02,2024-12-30,379,Full (7yr+)
tomato,Haryana,Gharaunda APMC,2016-12-26,2024-12-30,287,Good (4.5-7yr)
tomato,Haryana,Gohana APMC,2017-01-02,2024-12-30,405,Full (7yr+)
tomato,Haryana,Gurgaon APMC,2016-12-26,2024-12-30,383,Full (7yr+)
tomato,Haryana,Hansi APMC,2017-07-10,2024-12-30,182,Moderate (2-4.5yr)
tomato,Haryana,Hassanpur APMC,2017-07-03,2024-01-08,68,Short (1-2yr)
tomato,Haryana,Hissar APMC,2017-01-02,2024-12-30,153,Moderate (2-4.5yr)
tomato,Haryana,Hodal APMC,2017-07-03,2024-12-30,54,Short (1-2yr)
tomato,Haryana,Iamailabad APMC,2017-01-02,2024-04-22,187,Moderate (2-4.5yr)
tomato,Haryana,Indri APMC,2018-06-04,2024-09-23,47,Thin (<1yr)
tomato,Haryana,Jagadhri APMC,2016-12-26,2024-12-30,361,Good (4.5-7yr)
tomato,Haryana,Jakhal APMC,2016-12-26,2024-12-30,377,Full (7yr+)
tomato,Haryana,Jhajjar APMC,2017-01-02,2024-12-30,285,Good (4.5-7yr)
tomato,Haryana,Jind APMC,2016-12-26,2024-12-23,249,Good (4.5-7yr)
tomato,Haryana,Jullana APMC,2023-02-27,2023-05-15,12,Thin (<1yr)
tomato,Haryana,Kaithal APMC,2017-07-03,2024-02-05,44,Thin (<1yr)
tomato,Haryana,Khanina APMC,2017-07-10,2024-05-20,30,Thin (<1yr)
tomato,Haryana,Kosli APMC,2017-07-10,2024-12-23,120,Moderate (2-4.5yr)
tomato,Haryana,Ladwa APMC,2017-06-12,2024-12-30,344,Good (4.5-7yr)
tomato,Haryana,Loharu APMC,2017-07-10,2024-12-30,55,Short (1-2yr)
tomato,Haryana,Madlauda APMC,2017-06-12,2024-12-30,321,Good (4.5-7yr)
tomato,Haryana,Meham APMC,2017-01-02,2024-12-30,310,Good (4.5-7yr)
tomato,Haryana,Mohindergarh APMC,2016-12-26,2024-12-30,344,Good (4.5-7yr)
tomato,Haryana,Mullana APMC,2016-12-26,2022-01-31,150,Moderate (2-4.5yr)
tomato,Haryana,Mustafabad APMC,2016-12-26,2024-12-30,333,Good (4.5-7yr)
tomato,Haryana,Naraingarh APMC,2017-01-02,2024-12-30,417,Full (7yr+)
tomato,Haryana,Narnaul APMC,2017-07-03,2024-12-30,238,Good (4.5-7yr)
tomato,Haryana,Narnaund APMC,2017-06-12,2020-07-27,159,Moderate (2-4.5yr)
tomato,Haryana,Narwana APMC,2017-01-02,2024-12-30,365,Full (7yr+)
tomato,Haryana,"New Grain Market , Faridabad APMC",2022-01-10,2024-11-25,142,Moderate (2-4.5yr)
tomato,Haryana,"New Grain Market , Panchkula APMC",2018-03-05,2024-12-30,168,Moderate (2-4.5yr)
tomato,Haryana,"New Grain Market(main), Karnal APMC",2017-07-03,2024-12-30,175,Moderate (2-4.5yr)
tomato,Haryana,Nissing APMC,2017-01-02,2022-01-17,98,Short (1-2yr)
tomato,Haryana,Nuh APMC,2017-01-16,2024-12-16,182,Moderate (2-4.5yr)
tomato,Haryana,Palwal APMC,2017-06-19,2024-12-23,209,Moderate (2-4.5yr)
tomato,Haryana,Panchkul(Kalka) APMC,2017-01-02,2023-08-28,266,Good (4.5-7yr)
tomato,Haryana,Panipat APMC,2017-01-02,2024-12-30,271,Good (4.5-7yr)
tomato,Haryana,Pataudi APMC,2017-07-31,2024-12-30,240,Good (4.5-7yr)
tomato,Haryana,Pehowa APMC,2017-01-02,2024-12-23,395,Full (7yr+)
tomato,Haryana,Pundri APMC,2017-07-17,2024-12-30,85,Short (1-2yr)
tomato,Haryana,Punhana APMC,2017-11-06,2024-12-23,256,Good (4.5-7yr)
tomato,Haryana,Radaur APMC,2016-12-26,2024-12-30,371,Full (7yr+)
tomato,Haryana,Raipur Rai APMC,2017-09-04,2024-12-30,139,Moderate (2-4.5yr)
tomato,Haryana,Rania APMC,2016-12-26,2024-12-23,151,Moderate (2-4.5yr)
tomato,Haryana,Rania(Jiwan nagar) APMC,2024-07-01,2024-09-09,8,Thin (<1yr)
tomato,Haryana,Ratia APMC,2016-12-26,2024-12-30,238,Good (4.5-7yr)
tomato,Haryana,Rewari APMC,2017-01-09,2024-12-30,279,Good (4.5-7yr)
tomato,Haryana,Rohtak APMC,2022-01-24,2024-12-23,136,Moderate (2-4.5yr)
tomato,Haryana,Sadhaura APMC,2017-01-02,2024-12-23,399,Full (7yr+)
tomato,Haryana,Safidon APMC,2017-01-09,2024-12-30,321,Good (4.5-7yr)
tomato,Haryana,Samalkha APMC,2017-07-10,2024-12-30,301,Good (4.5-7yr)
tomato,Haryana,Sampla APMC,2017-01-02,2024-12-16,296,Good (4.5-7yr)
tomato,Haryana,Shahabad APMC,2017-01-02,2024-12-30,415,Full (7yr+)
tomato,Haryana,Shahzadpur APMC,2017-01-02,2024-12-30,384,Full (7yr+)
tomato,Haryana,Sirsa APMC,2017-01-02,2024-12-30,261,Good (4.5-7yr)
tomato,Haryana,Siwan APMC,2017-01-02,2024-12-30,277,Good (4.5-7yr)
tomato,Haryana,Sohna APMC,2016-12-26,2024-12-30,304,Good (4.5-7yr)
tomato,Haryana,Sonepat APMC,2016-12-26,2024-12-30,315,Good (4.5-7yr)
tomato,Haryana,Sonepat(Kharkhoda) APMC,2017-06-19,2024-12-30,120,Moderate (2-4.5yr)
tomato,Haryana,Tarori APMC,2018-05-28,2024-12-23,94,Short (1-2yr)
tomato,Haryana,Tauru APMC,2017-01-02,2024-12-30,306,Good (4.5-7yr)
tomato,Haryana,Thanesar APMC,2016-12-26,2024-12-30,325,Good (4.5-7yr)
tomato,Haryana,Tohana APMC,2024-06-03,2024-06-10,2,Thin (<1yr)
tomato,Haryana,Tohana(New Veg Market) APMC,2017-07-10,2024-12-30,93,Short (1-2yr)
tomato,Haryana,Uklana APMC,2016-12-26,2024-12-30,221,Moderate (2-4.5yr)
tomato,Haryana,Yamuna Nagar APMC,2016-12-26,2024-12-30,173,Moderate (2-4.5yr)
tomato,Haryana,kalanwali APMC,2017-02-06,2024-12-16,324,Good (4.5-7yr)
tomato,Himachal Pradesh,PMY Bilaspur,2017-01-02,2024-12-30,336,Good (4.5-7yr)
tomato,Himachal Pradesh,PMY Chamba,2017-01-02,2024-12-30,389,Full (7yr+)
tomato,Himachal Pradesh,PMY Dhalli Shimla,2019-02-25,2024-12-30,289,Good (4.5-7yr)
tomato,Himachal Pradesh,PMY Hamirpur,2017-05-22,2024-12-30,388,Full (7yr+)
tomato,Himachal Pradesh,PMY Kangra,2017-02-20,2024-12-30,401,Full (7yr+)
tomato,Himachal Pradesh,PMY Kather Solan,2017-02-27,2024-07-29,358,Good (4.5-7yr)
tomato,Himachal Pradesh,PMY Kullu,2017-01-02,2024-12-16,412,Full (7yr+)
tomato,Himachal Pradesh,PMY Paonta Sahib,2017-01-02,2024-12-16,340,Good (4.5-7yr)
tomato,Himachal Pradesh,PMY Una,2017-01-02,2024-12-30,329,Good (4.5-7yr)
tomato,Himachal Pradesh,SMY Baijnath,2018-07-30,2024-12-30,257,Good (4.5-7yr)
tomato,Himachal Pradesh,SMY Bandrol,2017-06-19,2024-11-04,173,Moderate (2-4.5yr)
tomato,Himachal Pradesh,SMY Bhuntar,2017-01-02,2024-12-30,415,Full (7yr+)
tomato,Himachal Pradesh,SMY Chail Chowk,2017-03-20,2023-07-17,118,Moderate (2-4.5yr)
tomato,Himachal Pradesh,SMY Chauri Bihal,2017-06-05,2024-11-25,184,Moderate (2-4.5yr)
tomato,Himachal Pradesh,SMY Dhanotu,2017-01-02,2024-12-30,406,Full (7yr+)
tomato,Himachal Pradesh,SMY Dharampur,2017-06-19,2018-10-22,27,Thin (<1yr)
tomato,Himachal Pradesh,SMY Dharamshala,2018-08-27,2024-12-30,20,Thin (<1yr)
tomato,Himachal Pradesh,SMY Jaisinghpur,2018-08-06,2024-12-30,258,Good (4.5-7yr)
tomato,Himachal Pradesh,SMY Jassur,2018-04-09,2024-12-30,302,Good (4.5-7yr)
tomato,Himachal Pradesh,SMY Jwalaji,2018-07-30,2019-05-13,39,Thin (<1yr)
tomato,Himachal Pradesh,SMY Nadaun,2017-05-15,2024-12-30,388,Full (7yr+)
tomato,Himachal Pradesh,SMY Nagrota Bagwan,2018-08-06,2024-11-04,249,Good (4.5-7yr)
tomato,Himachal Pradesh,SMY Nahan,2017-01-02,2024-12-16,273,Good (4.5-7yr)
tomato,Himachal Pradesh,SMY Nalagarh,2018-05-21,2020-07-20,105,Moderate (2-4.5yr)
tomato,Himachal Pradesh,SMY Namhol,2017-03-13,2018-12-31,26,Thin (<1yr)
tomato,Himachal Pradesh,SMY Nerwa,2017-06-12,2024-08-05,65,Short (1-2yr)
tomato,Himachal Pradesh,SMY Palampur,2017-05-15,2024-12-30,306,Good (4.5-7yr)
tomato,Himachal Pradesh,SMY Patli Kulh,2017-07-03,2018-07-16,7,Thin (<1yr)
tomato,Himachal Pradesh,SMY Rajgarh,2018-06-04,2018-10-08,9,Thin (<1yr)
tomato,Himachal Pradesh,SMY Rampur,2018-07-09,2024-12-30,151,Moderate (2-4.5yr)
tomato,Himachal Pradesh,SMY Rohroo,2019-06-10,2024-12-30,64,Short (1-2yr)
tomato,Himachal Pradesh,SMY Santoshgarh,2017-05-22,2024-12-30,250,Good (4.5-7yr)
tomato,Himachal Pradesh,SMY Takoli,2017-01-02,2024-12-30,356,Good (4.5-7yr)
tomato,Himachal Pradesh,SMY Theog,2023-03-13,2024-08-05,6,Thin (<1yr)
tomato,Jammu and Kashmir,Akhnoor (F&V),2017-01-02,2024-02-19,194,Moderate (2-4.5yr)
tomato,Jammu and Kashmir,Batote (F&V),2017-02-13,2024-12-30,224,Moderate (2-4.5yr)
tomato,Jammu and Kashmir,Bumhama Kupwara (F&V),2022-08-22,2022-09-19,2,Thin (<1yr)
tomato,Jammu and Kashmir,Kathua (F&V),2017-01-02,2024-12-30,324,Good (4.5-7yr)
tomato,Jammu and Kashmir,Kulgam (F&V),2020-12-07,2024-12-16,72,Short (1-2yr)
tomato,Jammu and Kashmir,Narwal Jammu (F&V),2017-01-02,2024-12-30,385,Full (7yr+)
tomato,Jammu and Kashmir,Parimpore Srinagar (F&V),2017-07-03,2024-12-30,348,Good (4.5-7yr)
tomato,Jammu and Kashmir,Prichoo Pulwama (F&V),2019-06-17,2019-07-29,7,Thin (<1yr)
tomato,Jammu and Kashmir,Rajouri (Phaliana) (F&V),2018-11-12,2024-12-30,202,Moderate (2-4.5yr)
tomato,Jammu and Kashmir,Sopore (Nowpora) (F&V),2021-05-24,2021-05-24,1,Thin (<1yr)
tomato,Jammu and Kashmir,Udhampur (F&V),2017-01-02,2024-12-30,364,Good (4.5-7yr)
tomato,Jammu and Kashmir,Zaloosa-Chararishrief (F&V),2019-02-11,2019-06-17,5,Thin (<1yr)
tomato,Jharkhand,Gadhwah APMC,2018-09-17,2023-01-23,65,Short (1-2yr)
tomato,Jharkhand,Giridih APMC,2017-01-09,2018-05-07,7,Thin (<1yr)
tomato,Jharkhand,Gumla APMC,2018-09-17,2019-05-13,28,Thin (<1yr)
tomato,Jharkhand,Hazaribagh APMC,2017-01-16,2017-02-27,7,Thin (<1yr)
tomato,Jharkhand,Koderma APMC,2017-01-02,2019-07-29,56,Short (1-2yr)
tomato,Jharkhand,Lohardaga APMC,2018-09-24,2021-07-05,34,Thin (<1yr)
tomato,Jharkhand,Sahebganj APMC,2016-12-26,2017-06-19,15,Thin (<1yr)
tomato,Jharkhand,Simdega APMC,2018-09-10,2018-10-01,4,Thin (<1yr)
tomato,Karnataka,Arakalgud APMC,2021-03-29,2023-04-24,18,Thin (<1yr)
tomato,Karnataka,Arasikere APMC,2017-12-18,2024-12-30,102,Short (1-2yr)
tomato,Karnataka,Bagepalli APMC,2017-01-02,2024-12-30,395,Full (7yr+)
tomato,Karnataka,Ballari APMC,2020-03-30,2022-03-28,13,Thin (<1yr)
tomato,Karnataka,Bangarpet APMC,2017-01-02,2024-12-30,383,Full (7yr+)
tomato,Karnataka,Belgaum APMC,2020-08-03,2024-11-04,207,Moderate (2-4.5yr)
tomato,Karnataka,Belur APMC,2018-02-12,2024-12-23,166,Moderate (2-4.5yr)
tomato,Karnataka,"Binny Mill (F&V), Bengaluru APMC",2017-01-02,2024-12-23,412,Full (7yr+)
tomato,Karnataka,Chamarajanagar APMC,2020-03-30,2024-12-30,249,Good (4.5-7yr)
tomato,Karnataka,Channapatna APMC,2017-01-02,2024-01-15,366,Full (7yr+)
tomato,Karnataka,Channarayapatna APMC,2017-01-30,2024-09-23,182,Moderate (2-4.5yr)
tomato,Karnataka,Chickkaballapura APMC,2016-12-26,2024-12-30,402,Full (7yr+)
tomato,Karnataka,Chikkamagaluru APMC,2017-01-02,2024-12-30,416,Full (7yr+)
tomato,Karnataka,Chintamani APMC,2016-12-26,2024-12-30,418,Full (7yr+)
tomato,Karnataka,Davangere APMC,2017-01-02,2024-12-30,414,Full (7yr+)
tomato,Karnataka,Dharwar APMC,2020-03-30,2023-08-14,26,Thin (<1yr)
tomato,Karnataka,Doddaballapur APMC,2017-01-02,2024-12-30,395,Full (7yr+)
tomato,Karnataka,Gadag APMC,2020-03-30,2023-08-07,24,Thin (<1yr)
tomato,Karnataka,Gauribidanur APMC,2017-01-02,2024-12-30,347,Good (4.5-7yr)
tomato,Karnataka,Gundlupet APMC,2017-08-14,2024-12-30,379,Full (7yr+)
tomato,Karnataka,Hassan APMC,2017-01-02,2024-11-04,377,Full (7yr+)
tomato,Karnataka,Haveri APMC,2020-03-30,2023-07-17,12,Thin (<1yr)
tomato,Karnataka,Hiriyur APMC,2020-03-30,2020-03-30,1,Thin (<1yr)
tomato,Karnataka,Holalkere APMC,2017-07-17,2024-09-16,7,Thin (<1yr)
tomato,Karnataka,Holenarsipura APMC,2017-12-04,2021-09-13,3,Thin (<1yr)
tomato,Karnataka,Honnali APMC,2017-07-03,2021-07-05,121,Moderate (2-4.5yr)
tomato,Karnataka,Hospet APMC,2016-12-26,2024-01-08,287,Good (4.5-7yr)
tomato,Karnataka,Hubballi APMC,2020-03-30,2020-06-29,14,Thin (<1yr)
tomato,Karnataka,Hunsur APMC,2017-12-25,2024-09-23,142,Moderate (2-4.5yr)
tomato,Karnataka,K.R. Pet APMC,2017-04-17,2024-12-30,287,Good (4.5-7yr)
tomato,Karnataka,K.R.Nagar APMC,2017-01-09,2024-09-23,139,Moderate (2-4.5yr)
tomato,Karnataka,Kadur APMC,2019-10-14,2024-11-11,211,Moderate (2-4.5yr)
tomato,Karnataka,Kalaburagi APMC,2021-08-02,2024-12-30,171,Moderate (2-4.5yr)
tomato,Karnataka,Kanakapura APMC,2017-02-27,2024-12-30,289,Good (4.5-7yr)
tomato,Karnataka,Kolar APMC,2016-12-26,2024-12-30,417,Full (7yr+)
tomato,Karnataka,Kollegal APMC,2023-07-17,2023-11-27,11,Thin (<1yr)
tomato,Karnataka,Koppa APMC,2017-11-20,2017-12-25,2,Thin (<1yr)
tomato,Karnataka,Koppal APMC,2023-07-17,2024-01-01,13,Thin (<1yr)
tomato,Karnataka,Maddur APMC,2021-09-13,2022-03-28,7,Thin (<1yr)
tomato,Karnataka,Malur APMC,2017-01-09,2024-12-30,206,Moderate (2-4.5yr)
tomato,Karnataka,Mandya APMC,2021-12-20,2023-11-27,86,Short (1-2yr)
tomato,Karnataka,Mangaluru APMC,2020-04-20,2022-07-04,82,Short (1-2yr)
tomato,Karnataka,Mulbagal APMC,2016-12-26,2024-12-30,415,Full (7yr+)
tomato,Karnataka,Mysuru APMC,2017-01-02,2024-12-30,415,Full (7yr+)
tomato,Karnataka,Nagamangala APMC,2016-12-26,2024-06-03,87,Short (1-2yr)
tomato,Karnataka,Nanjangud APMC,2020-03-30,2024-12-16,53,Short (1-2yr)
tomato,Karnataka,Ramanagara APMC,2017-01-02,2024-12-30,416,Full (7yr+)
tomato,Karnataka,Ranebennur APMC,2020-03-30,2024-04-15,25,Thin (<1yr)
tomato,Karnataka,Sakaleshpura APMC,2019-08-12,2019-08-12,1,Thin (<1yr)
tomato,Karnataka,Santhesargur APMC,2020-12-28,2024-11-18,105,Moderate (2-4.5yr)
tomato,Karnataka,Shimoga APMC,2017-01-02,2024-12-30,281,Good (4.5-7yr)
tomato,Karnataka,Somvarpet APMC,2019-03-11,2019-03-11,1,Thin (<1yr)
tomato,Karnataka,Srinivasapur APMC,2016-12-26,2024-12-23,410,Full (7yr+)
tomato,Karnataka,T. Narasipura APMC,2017-05-08,2023-11-27,194,Moderate (2-4.5yr)
tomato,Karnataka,Tarikere APMC,2017-07-31,2024-06-24,8,Thin (<1yr)
tomato,Karnataka,Tiptur APMC,2020-03-30,2020-06-01,10,Thin (<1yr)
tomato,Karnataka,Tumakuru APMC,2020-04-13,2023-08-21,49,Thin (<1yr)
tomato,Karnataka,Udupi APMC,2017-01-02,2024-12-30,383,Full (7yr+)
tomato,Keralam,ARWM Muvattupuzha,2017-01-02,2024-02-19,242,Good (4.5-7yr)
tomato,Keralam,Adimali Market,2017-01-02,2024-12-30,288,Good (4.5-7yr)
tomato,Keralam,Alappuzha Market,2017-01-02,2024-06-10,311,Good (4.5-7yr)
tomato,Keralam,Aluva Market,2017-01-02,2024-12-30,409,Full (7yr+)
tomato,Keralam,Anchal Market,2017-01-02,2024-12-30,385,Full (7yr+)
tomato,Keralam,Anchal VFPCK Market,2024-05-20,2024-12-16,23,Thin (<1yr)
tomato,Keralam,Angamaly Market,2017-01-02,2024-12-30,407,Full (7yr+)
tomato,Keralam,Anyara(EEC) Market,2020-12-14,2020-12-14,1,Thin (<1yr)
tomato,Keralam,Aralamoodu Market,2017-01-02,2024-12-30,342,Good (4.5-7yr)
tomato,Keralam,Aroor Market,2017-01-02,2024-12-30,257,Good (4.5-7yr)
tomato,Keralam,Athirampuzha Market,2017-01-02,2024-12-30,405,Full (7yr+)
tomato,Keralam,Attingal Market,2017-01-02,2024-12-30,406,Full (7yr+)
tomato,Keralam,Balarampuram Market,2024-11-11,2024-12-16,4,Thin (<1yr)
tomato,Keralam,Broadway market Market,2023-12-18,2024-12-30,55,Short (1-2yr)
tomato,Keralam,Chala Market,2017-01-02,2024-12-30,383,Full (7yr+)
tomato,Keralam,Chalakudy Market,2017-01-02,2024-12-30,360,Good (4.5-7yr)
tomato,Keralam,Chathanoor Market,2017-01-09,2024-12-30,331,Good (4.5-7yr)
tomato,Keralam,Chavakkad Market,2017-01-02,2024-12-30,402,Full (7yr+)
tomato,Keralam,Chelakkara Market,2017-01-02,2024-12-30,407,Full (7yr+)
tomato,Keralam,Chengannur Market,2017-01-02,2024-12-30,412,Full (7yr+)
tomato,Keralam,Cherthala Market,2017-01-02,2024-12-16,183,Moderate (2-4.5yr)
tomato,Keralam,Ernakulam Market,2017-01-02,2024-12-30,286,Good (4.5-7yr)
tomato,Keralam,Ettumanoor Market,2017-01-02,2024-12-30,385,Full (7yr+)
tomato,Keralam,Harippad Market,2017-01-23,2024-01-01,238,Good (4.5-7yr)
tomato,Keralam,Irinjalakkuda Market,2017-01-02,2024-12-16,277,Good (4.5-7yr)
tomato,Keralam,Kallachi Market,2017-01-02,2024-12-30,399,Full (7yr+)
tomato,Keralam,Kanjangadu Market,2017-01-02,2024-12-30,395,Full (7yr+)
tomato,Keralam,Kanjirappally Market,2017-01-02,2024-12-30,416,Full (7yr+)
tomato,Keralam,Kattappana Market,2017-01-02,2024-12-30,320,Good (4.5-7yr)
tomato,Keralam,Kayamkulam Market,2016-12-26,2024-12-30,418,Full (7yr+)
tomato,Keralam,Kodungalloor Market,2017-01-02,2024-12-23,384,Full (7yr+)
tomato,Keralam,Koduvayoor Market,2017-01-02,2024-12-30,389,Full (7yr+)
tomato,Keralam,Kollam Market,2017-01-02,2024-12-30,380,Full (7yr+)
tomato,Keralam,Kollengode Market,2017-01-02,2024-12-30,182,Moderate (2-4.5yr)
tomato,Keralam,Kondotty Market,2017-01-02,2024-12-30,416,Full (7yr+)
tomato,Keralam,Kothamangalam Market,2017-01-02,2024-12-30,390,Full (7yr+)
tomato,Keralam,Kottakkal Market,2017-01-02,2024-12-30,407,Full (7yr+)
tomato,Keralam,Kottarakkara Market,2017-01-02,2024-12-30,312,Good (4.5-7yr)
tomato,Keralam,Kottayam Market,2017-01-02,2024-12-30,397,Full (7yr+)
tomato,Keralam,Kuruppanthura Market,2016-12-26,2024-12-30,337,Good (4.5-7yr)
tomato,Keralam,Kuthuparambu Market,2024-01-08,2024-12-30,52,Short (1-2yr)
tomato,Keralam,Madhavapuram Market,2017-01-02,2024-12-23,325,Good (4.5-7yr)
tomato,Keralam,Madikai VFPCK Market,2024-07-29,2024-12-30,14,Thin (<1yr)
tomato,Keralam,Malampuzha VFPCK Market,2024-10-28,2024-10-28,1,Thin (<1yr)
tomato,Keralam,Mananthavady Market,2021-11-15,2023-05-22,72,Short (1-2yr)
tomato,Keralam,Manjeri Market,2017-01-02,2024-12-30,411,Full (7yr+)
tomato,Keralam,Manjeswaram Market,2017-01-02,2024-12-30,412,Full (7yr+)
tomato,Keralam,Mannar Market,2017-01-02,2024-12-23,312,Good (4.5-7yr)
tomato,Keralam,Mukkom Market,2017-01-02,2024-12-30,272,Good (4.5-7yr)
tomato,Keralam,Munnar Market,2017-01-02,2024-12-23,336,Good (4.5-7yr)
tomato,Keralam,Nedumangadu Market,2018-09-03,2024-08-19,12,Thin (<1yr)
tomato,Keralam,Nedumkandam Market,2016-12-26,2024-06-17,219,Moderate (2-4.5yr)
tomato,Keralam,Neduvathoor VFPCK Market,2024-10-21,2024-10-21,1,Thin (<1yr)
tomato,Keralam,Neyyatinkara Market,2017-01-02,2024-12-30,395,Full (7yr+)
tomato,Keralam,Neyyattinkara VFPCK Market,2024-03-11,2024-06-03,13,Thin (<1yr)
tomato,Keralam,North Paravur Market,2023-12-11,2024-12-30,56,Short (1-2yr)
tomato,Keralam,Pala Market,2017-01-02,2024-12-30,412,Full (7yr+)
tomato,Keralam,Palakkad Market,2017-01-02,2024-12-30,409,Full (7yr+)
tomato,Keralam,Palayam Market,2017-01-02,2024-12-30,399,Full (7yr+)
tomato,Keralam,Pampady Market,2017-01-02,2024-12-16,385,Full (7yr+)
tomato,Keralam,Parappanangadi Market,2017-01-02,2024-12-30,339,Good (4.5-7yr)
tomato,Keralam,Parappanangadi VFPCK Market,2024-11-04,2024-11-18,2,Thin (<1yr)
tomato,Keralam,Parassala Market,2017-01-02,2024-12-23,225,Moderate (2-4.5yr)
tomato,Keralam,Pattambi Market,2017-01-02,2024-12-30,394,Full (7yr+)
tomato,Keralam,Perambra Market,2017-01-02,2024-12-30,330,Good (4.5-7yr)
tomato,Keralam,Perinthalmanna Market,2017-01-02,2024-12-30,371,Full (7yr+)
tomato,Keralam,Perumbavoor Market,2017-01-02,2024-12-30,416,Full (7yr+)
tomato,Keralam,Piravam Market,2017-01-02,2024-11-25,363,Good (4.5-7yr)
tomato,Keralam,Pothencode Market,2017-01-02,2024-09-16,236,Good (4.5-7yr)
tomato,Keralam,Punalur Market,2017-01-02,2024-12-30,242,Good (4.5-7yr)
tomato,Keralam,Quilandy Market,2017-01-02,2024-12-30,391,Full (7yr+)
tomato,Keralam,Sasthamkotta Market,2017-01-02,2024-12-30,271,Good (4.5-7yr)
tomato,Keralam,Sulthanbathery VFPCK Market,2024-07-08,2024-10-21,8,Thin (<1yr)
tomato,Keralam,Taliparamba Market,2024-02-19,2024-12-30,46,Thin (<1yr)
tomato,Keralam,Thalasserry Market,2024-07-01,2024-12-30,27,Thin (<1yr)
tomato,Keralam,Thalayolaparambu Market,2017-01-09,2024-12-30,399,Full (7yr+)
tomato,Keralam,Thamarassery Market,2017-01-02,2024-12-30,394,Full (7yr+)
tomato,Keralam,Thirurrangadi Market,2017-01-02,2024-12-30,391,Full (7yr+)
tomato,Keralam,Thodupuzha Market,2017-01-02,2024-12-30,394,Full (7yr+)
tomato,Keralam,Thrippunithura Market,2017-01-02,2024-12-30,414,Full (7yr+)
tomato,Keralam,Thrissur Market,2017-01-02,2024-12-30,387,Full (7yr+)
tomato,Keralam,Vadakarapathy VFPCK Market,2024-12-16,2024-12-30,3,Thin (<1yr)
tomato,Keralam,Vadakkenchery Market,2017-01-02,2024-12-30,384,Full (7yr+)
tomato,Keralam,Vamanapuram Market,2017-01-02,2024-12-30,350,Good (4.5-7yr)
tomato,Keralam,Vandiperiyar Market,2016-12-26,2024-12-30,339,Good (4.5-7yr)
tomato,Keralam,Vengeri(Kozhikode) Market,2017-02-06,2024-12-30,102,Short (1-2yr)
tomato,Keralam,Wadakkanchery Market,2017-01-02,2024-12-09,402,Full (7yr+)
tomato,Keralam,vadakarapathy Market,2017-01-02,2024-12-30,304,Good (4.5-7yr)
tomato,Madhya Pradesh,Alirajpur(F&V) APMC,2018-10-29,2023-12-18,181,Moderate (2-4.5yr)
tomato,Madhya Pradesh,Anuppur APMC,2019-02-18,2023-05-08,96,Short (1-2yr)
tomato,Madhya Pradesh,Badnawar(F&V) APMC,2018-11-05,2020-06-29,20,Thin (<1yr)
tomato,Madhya Pradesh,Badwah(F&V) APMC,2024-09-23,2024-11-25,10,Thin (<1yr)
tomato,Madhya Pradesh,Badwaha APMC,2021-02-08,2023-12-18,143,Moderate (2-4.5yr)
tomato,Madhya Pradesh,Badwani APMC,2021-11-15,2023-12-18,106,Moderate (2-4.5yr)
tomato,Madhya Pradesh,Badwani(F&V) APMC,2024-09-23,2024-12-30,15,Thin (<1yr)
tomato,Madhya Pradesh,Barad APMC,2021-11-29,2024-12-23,16,Thin (<1yr)
tomato,Madhya Pradesh,Betul APMC,2017-01-02,2021-10-18,145,Moderate (2-4.5yr)
tomato,Madhya Pradesh,Bhopal(F&V) APMC,2017-01-02,2023-12-18,336,Good (4.5-7yr)
tomato,Madhya Pradesh,Biaora APMC,2019-02-11,2023-12-18,225,Moderate (2-4.5yr)
tomato,Madhya Pradesh,Burhanpur(F&V) APMC,2016-12-26,2020-07-27,172,Moderate (2-4.5yr)
tomato,Madhya Pradesh,Chattarpur(F&V) APMC,2024-09-30,2024-12-30,14,Thin (<1yr)
tomato,Madhya Pradesh,Chhatarpur APMC,2020-08-17,2021-04-12,28,Thin (<1yr)
tomato,Madhya Pradesh,Chhindwara(F&V) APMC,2017-01-02,2023-12-18,353,Good (4.5-7yr)
tomato,Madhya Pradesh,Chindwara(F&V) APMC,2024-10-07,2024-12-23,12,Thin (<1yr)
tomato,Madhya Pradesh,Damoh(F&V) APMC,2017-01-02,2023-12-18,282,Good (4.5-7yr)
tomato,Madhya Pradesh,Deori APMC,2017-01-02,2023-12-18,283,Good (4.5-7yr)
tomato,Madhya Pradesh,Dewas(F&V) APMC,2016-12-26,2023-12-18,342,Good (4.5-7yr)
tomato,Madhya Pradesh,Dhamnod APMC,2017-01-02,2023-12-18,336,Good (4.5-7yr)
tomato,Madhya Pradesh,Dhamnod(F&V) APMC,2024-09-30,2024-10-14,3,Thin (<1yr)
tomato,Madhya Pradesh,Dhar APMC,2019-01-28,2019-01-28,1,Thin (<1yr)
tomato,Madhya Pradesh,Dhar(F&V) APMC,2018-10-22,2023-11-27,190,Moderate (2-4.5yr)
tomato,Madhya Pradesh,Gadarwada APMC,2019-02-25,2021-06-07,78,Short (1-2yr)
tomato,Madhya Pradesh,Garhakota APMC,2023-03-20,2024-04-29,5,Thin (<1yr)
tomato,Madhya Pradesh,Garoth APMC,2018-06-11,2023-08-21,64,Short (1-2yr)
tomato,Madhya Pradesh,Guna(F&V) APMC,2017-01-02,2023-12-18,195,Moderate (2-4.5yr)
tomato,Madhya Pradesh,Haatpipliya APMC,2016-12-26,2023-12-18,344,Good (4.5-7yr)
tomato,Madhya Pradesh,Harda(F&V) APMC,2017-01-02,2023-12-18,362,Good (4.5-7yr)
tomato,Madhya Pradesh,Hoshangabad APMC,2020-09-07,2023-12-18,162,Moderate (2-4.5yr)
tomato,Madhya Pradesh,Hoshangabad(F&V) APMC,2024-09-30,2024-12-30,14,Thin (<1yr)
tomato,Madhya Pradesh,Indore(F&V) APMC,2017-01-02,2023-12-18,333,Good (4.5-7yr)
tomato,Madhya Pradesh,Itarsi APMC,2021-01-25,2023-05-22,112,Moderate (2-4.5yr)
tomato,Madhya Pradesh,Itarsi(F&V) APMC,2024-12-16,2024-12-30,3,Thin (<1yr)
tomato,Madhya Pradesh,Jabalpur(F&V) APMC,2017-01-02,2023-12-18,338,Good (4.5-7yr)
tomato,Madhya Pradesh,Jaora APMC,2019-12-02,2020-08-10,22,Thin (<1yr)
tomato,Madhya Pradesh,Jawra(F&V) APMC,2024-09-23,2024-12-30,15,Thin (<1yr)
tomato,Madhya Pradesh,Jhabua APMC,2017-07-31,2020-09-14,108,Moderate (2-4.5yr)
tomato,Madhya Pradesh,Katni(F&V) APMC,2023-07-03,2023-12-18,21,Thin (<1yr)
tomato,Madhya Pradesh,Khandwa(F&V) APMC,2016-12-26,2023-12-18,330,Good (4.5-7yr)
tomato,Madhya Pradesh,Khargone APMC,2021-11-08,2023-12-18,109,Moderate (2-4.5yr)
tomato,Madhya Pradesh,Khurai(F&V) APMC,2024-09-23,2024-12-30,15,Thin (<1yr)
tomato,Madhya Pradesh,Kolaras(F&V) APMC,2024-12-23,2024-12-30,2,Thin (<1yr)
tomato,Madhya Pradesh,Kukshi APMC,2018-06-04,2023-12-18,258,Good (4.5-7yr)
tomato,Madhya Pradesh,Lashkar APMC,2024-09-16,2024-10-21,2,Thin (<1yr)
tomato,Madhya Pradesh,Lashkar(F&V) APMC,2016-12-26,2023-12-18,354,Good (4.5-7yr)
tomato,Madhya Pradesh,Manawar APMC,2018-05-28,2023-12-18,156,Moderate (2-4.5yr)
tomato,Madhya Pradesh,Manawar(F&V) APMC,2024-09-23,2024-12-30,15,Thin (<1yr)
tomato,Madhya Pradesh,Mandsaur APMC,2019-01-28,2021-03-29,10,Thin (<1yr)
tomato,Madhya Pradesh,Mandsaur(F&V) APMC,2017-03-13,2023-12-18,301,Good (4.5-7yr)
tomato,Madhya Pradesh,Mehar APMC,2022-05-16,2023-09-18,38,Thin (<1yr)
tomato,Madhya Pradesh,Mhow APMC,2021-04-05,2023-12-18,127,Moderate (2-4.5yr)
tomato,Madhya Pradesh,Mhow(F&V) APMC,2024-10-07,2024-12-30,13,Thin (<1yr)
tomato,Madhya Pradesh,Morena APMC,2023-12-18,2024-12-30,52,Short (1-2yr)
tomato,Madhya Pradesh,Morena(F&V) APMC,2016-12-26,2023-09-25,300,Good (4.5-7yr)
tomato,Madhya Pradesh,Multai APMC,2019-03-11,2023-11-20,161,Moderate (2-4.5yr)
tomato,Madhya Pradesh,Nalkehda APMC,2019-04-29,2019-07-01,10,Thin (<1yr)
tomato,Madhya Pradesh,Narsinghgarh APMC,2017-01-02,2023-12-18,323,Good (4.5-7yr)
tomato,Madhya Pradesh,Pandhana(F&V) APMC,2018-12-03,2023-12-18,230,Moderate (2-4.5yr)
tomato,Madhya Pradesh,Patan(F&V) APMC,2024-09-23,2024-12-23,7,Thin (<1yr)
tomato,Madhya Pradesh,Petlawad APMC,2018-05-28,2023-12-18,205,Moderate (2-4.5yr)
tomato,Madhya Pradesh,Petlawad(F&V) APMC,2024-09-30,2024-12-30,14,Thin (<1yr)
tomato,Madhya Pradesh,Pipariya APMC,2018-11-19,2023-12-18,246,Good (4.5-7yr)
tomato,Madhya Pradesh,Pipariya(F&V) APMC,2024-09-30,2024-12-30,10,Thin (<1yr)
tomato,Madhya Pradesh,Porsa APMC,2023-12-18,2024-12-23,44,Thin (<1yr)
tomato,Madhya Pradesh,Porsa(F&V) APMC,2020-05-18,2023-12-11,87,Short (1-2yr)
tomato,Madhya Pradesh,Rajgarh APMC,2017-01-02,2023-12-18,304,Good (4.5-7yr)
tomato,Madhya Pradesh,Rajgarh(F&V) APMC,2024-09-30,2024-10-14,3,Thin (<1yr)
tomato,Madhya Pradesh,Ratlam(F&V) APMC,2017-01-02,2019-05-20,54,Short (1-2yr)
tomato,Madhya Pradesh,Rewa(F&V) APMC,2024-11-04,2024-12-30,9,Thin (<1yr)
tomato,Madhya Pradesh,Sabalgarh APMC,2022-01-17,2023-01-23,51,Thin (<1yr)
tomato,Madhya Pradesh,Sabalgarh(F&V) APMC,2024-10-14,2024-12-30,12,Thin (<1yr)
tomato,Madhya Pradesh,Sagar(F&V) APMC,2016-12-26,2023-12-18,327,Good (4.5-7yr)
tomato,Madhya Pradesh,Sanawad APMC,2022-04-04,2023-12-18,87,Short (1-2yr)
tomato,Madhya Pradesh,Sanawad(F&V) APMC,2024-09-23,2024-12-30,15,Thin (<1yr)
tomato,Madhya Pradesh,Sanwer APMC,2016-12-26,2023-12-18,337,Good (4.5-7yr)
tomato,Madhya Pradesh,Sarangpur APMC,2020-11-09,2023-06-19,116,Moderate (2-4.5yr)
tomato,Madhya Pradesh,Sarangpur(F&V) APMC,2024-09-23,2024-12-30,15,Thin (<1yr)
tomato,Madhya Pradesh,Satna APMC,2019-07-29,2019-10-21,6,Thin (<1yr)
tomato,Madhya Pradesh,Satna(F&V) APMC,2019-02-04,2022-10-17,35,Thin (<1yr)
tomato,Madhya Pradesh,Sehora APMC,2024-05-06,2024-06-24,2,Thin (<1yr)
tomato,Madhya Pradesh,Sehore APMC,2017-06-05,2023-12-11,158,Moderate (2-4.5yr)
tomato,Madhya Pradesh,Sehore(F&V) APMC,2024-09-30,2024-12-30,13,Thin (<1yr)
tomato,Madhya Pradesh,Sendhwa APMC,2018-05-28,2023-12-18,253,Good (4.5-7yr)
tomato,Madhya Pradesh,Sendhwa(F&V) APMC,2024-09-23,2024-12-30,15,Thin (<1yr)
tomato,Madhya Pradesh,Seoni APMC,2023-06-12,2023-12-18,28,Thin (<1yr)
tomato,Madhya Pradesh,Shajapur(F&V) APMC,2016-12-26,2017-04-10,16,Thin (<1yr)
tomato,Madhya Pradesh,Shamgarh(F&V) APMC,2017-01-09,2023-09-18,48,Thin (<1yr)
tomato,Madhya Pradesh,Sheopurkalan(F&V) APMC,2024-10-07,2024-12-30,13,Thin (<1yr)
tomato,Madhya Pradesh,Shivpuri APMC,2023-12-18,2024-12-30,21,Thin (<1yr)
tomato,Madhya Pradesh,Shivpuri(F&V) APMC,2016-12-26,2023-12-18,293,Good (4.5-7yr)
tomato,Madhya Pradesh,Sihora(F&V) APMC,2023-05-29,2023-06-12,2,Thin (<1yr)
tomato,Madhya Pradesh,Singroli APMC,2022-02-14,2023-12-18,81,Short (1-2yr)
tomato,Madhya Pradesh,Sirali APMC,2021-03-15,2023-12-18,84,Short (1-2yr)
tomato,Madhya Pradesh,Sirali(F&V) APMC,2024-10-14,2024-12-30,10,Thin (<1yr)
tomato,Madhya Pradesh,Sitamau(F&V) APMC,2024-10-21,2024-11-18,3,Thin (<1yr)
tomato,Madhya Pradesh,Syopurkalan(F&V) APMC,2017-01-02,2023-12-18,335,Good (4.5-7yr)
tomato,Madhya Pradesh,Thandla APMC,2018-06-25,2023-12-18,239,Good (4.5-7yr)
tomato,Madhya Pradesh,Timarni APMC,2017-05-29,2023-12-18,306,Good (4.5-7yr)
tomato,Madhya Pradesh,Timarni(F&V) APMC,2024-09-23,2024-12-30,15,Thin (<1yr)
tomato,Madhya Pradesh,Ujjain(F&V) APMC,2016-12-26,2023-12-18,306,Good (4.5-7yr)
tomato,Maharashtra,Agriculture Produce Market Committee Hingna,2022-12-05,2024-12-30,99,Short (1-2yr)
tomato,Maharashtra,Ahilyanagar APMC,2016-12-26,2024-12-30,347,Good (4.5-7yr)
tomato,Maharashtra,Akluj APMC,2016-12-26,2024-12-30,283,Good (4.5-7yr)
tomato,Maharashtra,Akole APMC,2017-10-02,2023-09-04,37,Thin (<1yr)
tomato,Maharashtra,Amarawati APMC,2017-06-05,2020-02-10,10,Thin (<1yr)
tomato,Maharashtra,Amrawati(Frui & Veg. Market) APMC,2016-12-26,2024-12-30,385,Full (7yr+)
tomato,Maharashtra,Barshi APMC,2020-03-02,2020-08-31,8,Thin (<1yr)
tomato,Maharashtra,Bhusaval APMC,2020-12-28,2024-12-30,208,Moderate (2-4.5yr)
tomato,Maharashtra,Chandrapur APMC,2018-02-05,2024-08-26,5,Thin (<1yr)
tomato,Maharashtra,Chandrapur(Ganjwad) APMC,2017-01-02,2024-12-30,394,Full (7yr+)
tomato,Maharashtra,Chandvad APMC,2016-12-26,2024-09-09,298,Good (4.5-7yr)
tomato,Maharashtra,Chattrapati Sambhajinagar APMC,2016-12-26,2024-12-30,416,Full (7yr+)
tomato,Maharashtra,Chikali APMC,2019-07-15,2019-09-09,3,Thin (<1yr)
tomato,Maharashtra,Devala APMC,2017-10-02,2020-07-06,34,Thin (<1yr)
tomato,Maharashtra,Dharashiv APMC,2017-05-29,2024-11-04,74,Short (1-2yr)
tomato,Maharashtra,Dindori APMC,2019-10-07,2024-12-30,38,Thin (<1yr)
tomato,Maharashtra,Dindori(Vani) APMC,2020-09-28,2022-12-19,23,Thin (<1yr)
tomato,Maharashtra,Ghoti APMC,2017-01-02,2024-11-25,198,Moderate (2-4.5yr)
tomato,Maharashtra,Islampur APMC,2016-12-26,2024-12-30,369,Full (7yr+)
tomato,Maharashtra,Jalgaon APMC,2017-01-02,2024-12-30,414,Full (7yr+)
tomato,Maharashtra,Junnar APMC,2021-06-07,2021-06-07,1,Thin (<1yr)
tomato,Maharashtra,Junnar(Narayangaon) APMC,2016-12-26,2024-12-30,416,Full (7yr+)
tomato,Maharashtra,Junnar(Otur) APMC,2022-06-20,2024-12-23,25,Thin (<1yr)
tomato,Maharashtra,Kalmeshwar APMC,2016-12-26,2024-12-30,413,Full (7yr+)
tomato,Maharashtra,Kalyan APMC,2020-01-27,2024-12-23,50,Thin (<1yr)
tomato,Maharashtra,Kamthi APMC,2016-12-26,2024-12-30,413,Full (7yr+)
tomato,Maharashtra,Karad APMC,2016-12-26,2024-12-30,413,Full (7yr+)
tomato,Maharashtra,Khed(Chakan) APMC,2016-12-26,2024-12-30,390,Full (7yr+)
tomato,Maharashtra,Kolhapur APMC,2016-12-26,2024-12-30,416,Full (7yr+)
tomato,Maharashtra,Kolhapur(Malkapur) APMC,2017-01-09,2021-02-22,6,Thin (<1yr)
tomato,Maharashtra,Kopargaon APMC,2021-08-09,2021-08-30,4,Thin (<1yr)
tomato,Maharashtra,Lasalgaon APMC,2017-07-31,2022-06-13,44,Thin (<1yr)
tomato,Maharashtra,Manchar APMC,2019-07-29,2024-12-30,91,Short (1-2yr)
tomato,Maharashtra,Mangal Wedha APMC,2016-12-26,2024-12-30,407,Full (7yr+)
tomato,Maharashtra,Manmad APMC,2017-06-05,2022-10-24,7,Thin (<1yr)
tomato,Maharashtra,Mumbai APMC,2017-02-06,2024-12-30,264,Good (4.5-7yr)
tomato,Maharashtra,Murbad APMC,2017-01-02,2024-12-16,117,Moderate (2-4.5yr)
tomato,Maharashtra,Nagpur APMC,2016-12-26,2024-12-30,407,Full (7yr+)
tomato,Maharashtra,Nampur APMC,2020-08-31,2020-09-07,2,Thin (<1yr)
tomato,Maharashtra,Nasik APMC,2016-12-26,2024-12-30,394,Full (7yr+)
tomato,Maharashtra,Navapur APMC,2016-12-26,2024-12-30,345,Good (4.5-7yr)
tomato,Maharashtra,Palus APMC,2018-02-05,2024-12-30,304,Good (4.5-7yr)
tomato,Maharashtra,Pandharpur APMC,2017-01-02,2024-12-30,343,Good (4.5-7yr)
tomato,Maharashtra,Panvel APMC,2017-01-02,2024-12-30,317,Good (4.5-7yr)
tomato,Maharashtra,Paranda APMC,2024-07-22,2024-07-29,2,Thin (<1yr)
tomato,Maharashtra,Parshiwani APMC,2021-04-05,2024-11-11,75,Short (1-2yr)
tomato,Maharashtra,Patan APMC,2017-01-02,2024-12-30,407,Full (7yr+)
tomato,Maharashtra,Pen APMC,2021-03-15,2024-08-05,175,Moderate (2-4.5yr)
tomato,Maharashtra,Phaltan APMC,2016-12-26,2024-12-30,365,Full (7yr+)
tomato,Maharashtra,Pimpalgaon Baswant APMC,2016-12-26,2024-12-30,337,Good (4.5-7yr)
tomato,Maharashtra,Pune APMC,2016-12-26,2024-12-30,412,Full (7yr+)
tomato,Maharashtra,Pune(Khadiki) APMC,2018-08-27,2024-12-30,320,Good (4.5-7yr)
tomato,Maharashtra,Pune(Manjri) APMC,2020-05-11,2024-12-30,239,Good (4.5-7yr)
tomato,Maharashtra,Pune(Moshi) APMC,2020-05-18,2024-12-30,241,Good (4.5-7yr)
tomato,Maharashtra,Pune(Pimpri) APMC,2016-12-26,2024-12-30,385,Full (7yr+)
tomato,Maharashtra,Rahata APMC,2016-12-26,2024-12-30,380,Full (7yr+)
tomato,Maharashtra,Rahuri APMC,2016-12-26,2024-12-30,348,Good (4.5-7yr)
tomato,Maharashtra,Rahuri(Songaon) APMC,2017-07-10,2024-12-30,43,Thin (<1yr)
tomato,Maharashtra,Ramtek APMC,2016-12-26,2024-12-23,408,Full (7yr+)
tomato,Maharashtra,Ratnagiri (Nachane) APMC,2017-01-02,2024-12-30,405,Full (7yr+)
tomato,Maharashtra,SHRI.SIDDHESHWAR APMC,2017-01-02,2024-12-30,408,Full (7yr+)
tomato,Maharashtra,Sangamner APMC,2017-02-06,2024-12-30,363,Good (4.5-7yr)
tomato,Maharashtra,Satara APMC,2016-12-26,2024-12-30,414,Full (7yr+)
tomato,Maharashtra,"Shri Rameshwar Krushi Market, M.Nagar, Tal Deola, Dist Nashik",2023-08-21,2024-10-07,12,Thin (<1yr)
tomato,Maharashtra,Shrirampur APMC,2016-12-26,2024-12-30,412,Full (7yr+)
tomato,Maharashtra,Sinner APMC,2017-10-09,2023-01-23,49,Thin (<1yr)
tomato,Maharashtra,Vadgaonpeth APMC,2017-01-02,2024-12-30,396,Full (7yr+)
tomato,Maharashtra,Vai APMC,2016-12-26,2024-12-30,415,Full (7yr+)
tomato,Maharashtra,Vaijpur APMC,2017-08-28,2017-08-28,1,Thin (<1yr)
tomato,Maharashtra,Vita APMC,2016-12-26,2024-12-30,330,Good (4.5-7yr)
tomato,Meghalaya,Ampati APMC,2017-05-01,2024-06-10,79,Short (1-2yr)
tomato,Meghalaya,Baghmara APMC,2017-04-03,2024-12-30,41,Thin (<1yr)
tomato,Meghalaya,Dadengiri APMC,2017-04-24,2024-10-21,74,Short (1-2yr)
tomato,Meghalaya,Garobadha APMC,2017-01-02,2024-06-24,106,Moderate (2-4.5yr)
tomato,Meghalaya,Gasuapara APMC,2017-04-03,2024-05-06,6,Thin (<1yr)
tomato,Meghalaya,Jowai APMC,2017-01-09,2024-08-19,129,Moderate (2-4.5yr)
tomato,Meghalaya,Khliehriat APMC,2017-03-27,2024-12-23,82,Short (1-2yr)
tomato,Meghalaya,Nongpoh (R-Bhoi) APMC,2018-04-16,2019-05-27,7,Thin (<1yr)
tomato,Meghalaya,Nongstoin APMC,2017-08-14,2024-12-16,67,Short (1-2yr)
tomato,Meghalaya,Rongram APMC,2017-01-02,2024-05-27,57,Short (1-2yr)
tomato,Meghalaya,Shillong APMC,2017-04-10,2024-08-05,264,Good (4.5-7yr)
tomato,Meghalaya,Sohra APMC,2018-01-15,2018-03-05,7,Thin (<1yr)
tomato,Meghalaya,Tura APMC,2017-01-30,2024-10-28,106,Moderate (2-4.5yr)
tomato,Meghalaya,Wahiajer APMC,2024-12-09,2024-12-09,1,Thin (<1yr)
tomato,Meghalaya,Williamnagar APMC,2023-12-25,2023-12-25,1,Thin (<1yr)
tomato,Mizoram,Champai APMC,2018-01-22,2018-01-22,1,Thin (<1yr)
tomato,NCT of Delhi,APMC Azadpur,2017-01-02,2024-12-30,400,Full (7yr+)
tomato,NCT of Delhi,APMC Keshopur,2016-12-26,2024-12-30,372,Full (7yr+)
tomato,NCT of Delhi,APMC Shahdara,2016-12-26,2024-12-30,402,Full (7yr+)
tomato,Nagaland,Dimapur APMC,2018-04-23,2024-03-11,30,Thin (<1yr)
tomato,Nagaland,Ghathashi APMC,2018-06-04,2024-08-26,69,Short (1-2yr)
tomato,Nagaland,Jalukie APMC,2017-01-02,2024-12-23,139,Moderate (2-4.5yr)
tomato,Nagaland,Kipheri APMC,2018-04-23,2024-12-23,150,Moderate (2-4.5yr)
tomato,Nagaland,Kohima APMC,2018-08-13,2024-10-14,15,Thin (<1yr)
tomato,Nagaland,Longleng APMC,2017-01-16,2024-12-16,124,Moderate (2-4.5yr)
tomato,Nagaland,Mangkolemba APMC,2018-07-16,2024-09-16,56,Short (1-2yr)
tomato,Nagaland,Mokokchung Town APMC,2017-03-13,2024-08-12,107,Moderate (2-4.5yr)
tomato,Nagaland,Naginimora APMC,2023-03-20,2024-04-15,5,Thin (<1yr)
tomato,Nagaland,Nuiland APMC,2017-04-24,2023-07-10,37,Thin (<1yr)
tomato,Nagaland,Pfatsero APMC,2017-01-16,2024-04-01,49,Thin (<1yr)
tomato,Nagaland,Phek APMC,2018-05-07,2024-05-06,42,Thin (<1yr)
tomato,Nagaland,Tenning APMC,2018-04-23,2024-12-02,85,Short (1-2yr)
tomato,Nagaland,Tsemenyu APMC,2018-04-30,2024-08-12,46,Thin (<1yr)
tomato,Nagaland,Tuensang APMC,2018-04-30,2024-05-27,98,Short (1-2yr)
tomato,Nagaland,Wokha Town APMC,2024-07-08,2024-12-16,14,Thin (<1yr)
tomato,Nagaland,Zunheboto APMC,2017-11-27,2024-05-27,4,Thin (<1yr)
tomato,Odisha,Aiginia Mandi APMC,2017-01-02,2024-08-12,80,Short (1-2yr)
tomato,Odisha,Anandapur APMC,2023-11-06,2024-12-30,37,Thin (<1yr)
tomato,Odisha,Angaura APMC,2018-01-01,2023-11-06,82,Short (1-2yr)
tomato,Odisha,Angul APMC,2017-01-09,2024-04-29,257,Good (4.5-7yr)
tomato,Odisha,Angul(Atthamallick) APMC,2017-03-06,2023-12-11,107,Moderate (2-4.5yr)
tomato,Odisha,Angul(Jarapada) APMC,2017-01-30,2024-04-29,247,Good (4.5-7yr)
tomato,Odisha,Athagarh APMC,2017-12-04,2022-04-18,45,Thin (<1yr)
tomato,Odisha,Attabira APMC,2017-01-02,2024-12-30,329,Good (4.5-7yr)
tomato,Odisha,Bahadajholla APMC,2016-12-26,2024-12-30,305,Good (4.5-7yr)
tomato,Odisha,Balugaon APMC,2017-01-02,2024-12-30,389,Full (7yr+)
tomato,Odisha,Bampada APMC,2017-01-02,2024-05-13,246,Good (4.5-7yr)
tomato,Odisha,Banki APMC,2017-01-09,2024-05-27,246,Good (4.5-7yr)
tomato,Odisha,Bargarh APMC,2016-12-26,2024-12-30,381,Full (7yr+)
tomato,Odisha,Bargarh(Barapalli) APMC,2016-12-26,2024-12-02,347,Good (4.5-7yr)
tomato,Odisha,Barikpur APMC,2017-01-30,2024-05-13,215,Moderate (2-4.5yr)
tomato,Odisha,Baripada APMC,2016-12-26,2024-12-30,418,Full (7yr+)
tomato,Odisha,Betnoti APMC,2016-12-26,2024-12-23,318,Good (4.5-7yr)
tomato,Odisha,Bhadrak APMC,2017-01-02,2024-12-09,372,Full (7yr+)
tomato,Odisha,Bhanjanagar APMC,2017-01-02,2024-12-23,365,Full (7yr+)
tomato,Odisha,Bhawanipatna APMC,2017-01-02,2024-11-25,321,Good (4.5-7yr)
tomato,Odisha,Birmaharajpur APMC,2017-01-30,2024-11-18,364,Good (4.5-7yr)
tomato,Odisha,Bolangir APMC,2017-01-02,2024-10-14,359,Good (4.5-7yr)
tomato,Odisha,Bolangir(Patnagarh) APMC,2017-01-02,2018-08-13,34,Thin (<1yr)
tomato,Odisha,Bonai APMC,2017-01-02,2024-12-16,337,Good (4.5-7yr)
tomato,Odisha,Boudh APMC,2017-01-02,2024-12-30,309,Good (4.5-7yr)
tomato,Odisha,Champua APMC,2016-12-26,2023-07-17,77,Short (1-2yr)
tomato,Odisha,Champua(Jhumpura) APMC,2016-12-26,2023-07-17,74,Short (1-2yr)
tomato,Odisha,Chandabali APMC,2017-01-02,2024-12-30,248,Good (4.5-7yr)
tomato,Odisha,Chatta Krushak Bazar APMC,2016-12-26,2024-12-30,404,Full (7yr+)
tomato,Odisha,Chuliaposi APMC,2019-01-07,2024-12-30,301,Good (4.5-7yr)
tomato,Odisha,Deogarh APMC,2016-12-26,2018-12-10,49,Thin (<1yr)
tomato,Odisha,Dhenkanal APMC,2016-12-26,2024-03-11,296,Good (4.5-7yr)
tomato,Odisha,Digapahandi APMC,2017-02-13,2024-12-23,140,Moderate (2-4.5yr)
tomato,Odisha,Dungurapalli APMC,2017-07-03,2024-12-30,209,Moderate (2-4.5yr)
tomato,Odisha,Gabadkunda APMC,2017-12-11,2017-12-18,2,Thin (<1yr)
tomato,Odisha,Godbhaga APMC,2017-01-02,2024-12-23,361,Good (4.5-7yr)
tomato,Odisha,Gopa APMC,2016-12-26,2024-12-30,406,Full (7yr+)
tomato,Odisha,Gunpur APMC,2017-07-10,2024-12-30,226,Moderate (2-4.5yr)
tomato,Odisha,Hindol APMC,2018-09-17,2024-12-30,328,Good (4.5-7yr)
tomato,Odisha,Hinjilicut APMC,2017-01-02,2024-12-30,385,Full (7yr+)
tomato,Odisha,Jajpur APMC,2017-01-02,2024-07-29,311,Good (4.5-7yr)
tomato,Odisha,Jaleswar APMC,2017-07-17,2024-12-30,313,Good (4.5-7yr)
tomato,Odisha,Jeypore APMC,2016-12-26,2018-11-19,37,Thin (<1yr)
tomato,Odisha,Jeypore(Kotpad) APMC,2016-12-26,2018-11-12,39,Thin (<1yr)
tomato,Odisha,Jhumpura APMC,2016-12-26,2020-03-02,152,Moderate (2-4.5yr)
tomato,Odisha,Junagarh APMC,2017-01-02,2024-08-05,151,Moderate (2-4.5yr)
tomato,Odisha,Kalahandi(Dharamagarh) APMC,2017-01-02,2024-07-15,129,Moderate (2-4.5yr)
tomato,Odisha,Kamakhyanagar APMC,2017-01-02,2024-12-30,414,Full (7yr+)
tomato,Odisha,Kandhamal APMC,2017-01-16,2018-03-05,7,Thin (<1yr)
tomato,Odisha,Kantabaji APMC,2017-01-02,2024-12-02,316,Good (4.5-7yr)
tomato,Odisha,Kasinagar APMC,2017-01-02,2024-12-16,320,Good (4.5-7yr)
tomato,Odisha,Kendrapara APMC,2016-12-26,2024-12-30,406,Full (7yr+)
tomato,Odisha,Kendrapara(Marshaghai) APMC,2016-12-26,2024-12-30,404,Full (7yr+)
tomato,Odisha,Kendupatna APMC,2016-12-26,2021-04-26,191,Moderate (2-4.5yr)
tomato,Odisha,Kendupatna(Niali) APMC,2017-02-13,2021-04-26,184,Moderate (2-4.5yr)
tomato,Odisha,Keonjhar APMC,2017-03-27,2024-12-30,331,Good (4.5-7yr)
tomato,Odisha,Keonjhar(Dhekikote) APMC,2017-12-18,2024-12-23,308,Good (4.5-7yr)
tomato,Odisha,Kesinga APMC,2017-01-02,2024-12-30,396,Full (7yr+)
tomato,Odisha,Khariar APMC,2016-12-26,2024-12-23,415,Full (7yr+)
tomato,Odisha,Khariar Road APMC,2016-12-26,2024-12-23,416,Full (7yr+)
tomato,Odisha,Khunthabandha APMC,2017-01-02,2024-12-30,284,Good (4.5-7yr)
tomato,Odisha,Koraput APMC,2017-01-02,2024-12-30,328,Good (4.5-7yr)
tomato,Odisha,Koraput(Semilguda) APMC,2017-01-02,2024-12-30,295,Good (4.5-7yr)
tomato,Odisha,Kuchinda APMC,2017-10-30,2024-12-23,248,Good (4.5-7yr)
tomato,Odisha,Malkanagiri APMC,2016-12-26,2024-12-16,273,Good (4.5-7yr)
tomato,Odisha,Malkangiri(Korakunda) APMC,2017-01-02,2024-12-16,247,Good (4.5-7yr)
tomato,Odisha,Mottagaon APMC,2016-12-26,2024-03-11,295,Good (4.5-7yr)
tomato,Odisha,Mukhiguda APMC,2017-01-30,2024-12-16,121,Moderate (2-4.5yr)
tomato,Odisha,Nabarangpur(Umerkote) APMC,2017-02-20,2017-09-04,5,Thin (<1yr)
tomato,Odisha,Nawarangpur APMC,2017-01-02,2018-09-24,39,Thin (<1yr)
tomato,Odisha,Nilagiri APMC,2016-12-26,2024-12-30,371,Full (7yr+)
tomato,Odisha,Padampur APMC,2017-01-02,2024-12-30,286,Good (4.5-7yr)
tomato,Odisha,Pallahara APMC,2018-04-02,2019-09-02,23,Thin (<1yr)
tomato,Odisha,Pandkital APMC,2017-07-31,2024-12-30,148,Moderate (2-4.5yr)
tomato,Odisha,Panposh APMC,2017-06-05,2024-12-23,349,Good (4.5-7yr)
tomato,Odisha,Parlakhemundi APMC,2017-01-02,2024-12-30,312,Good (4.5-7yr)
tomato,Odisha,Pattamundai APMC,2016-12-26,2024-12-30,407,Full (7yr+)
tomato,Odisha,Rairakhol APMC,2017-01-09,2019-06-10,58,Short (1-2yr)
tomato,Odisha,Rayagada APMC,2023-03-20,2024-12-30,93,Short (1-2yr)
tomato,Odisha,Rayagada(Muniguda) APMC,2017-08-21,2024-12-23,204,Moderate (2-4.5yr)
tomato,Odisha,Saharpada APMC,2017-12-11,2024-12-23,300,Good (4.5-7yr)
tomato,Odisha,Sahidngar APMC,2017-01-02,2024-12-09,363,Good (4.5-7yr)
tomato,Odisha,Sambalpur APMC,2016-12-26,2018-06-25,79,Short (1-2yr)
tomato,Odisha,Sarankul APMC,2016-12-26,2024-12-30,290,Good (4.5-7yr)
tomato,Odisha,Saraskana APMC,2017-01-02,2024-12-30,401,Full (7yr+)
tomato,Odisha,Sargipali APMC,2016-12-26,2024-12-30,412,Full (7yr+)
tomato,Odisha,Sohela APMC,2017-01-02,2024-12-30,296,Good (4.5-7yr)
tomato,Odisha,Talcher APMC,2018-01-22,2024-03-25,96,Short (1-2yr)
tomato,Odisha,Tileibani APMC,2017-01-09,2018-09-24,38,Thin (<1yr)
tomato,Odisha,Tusura APMC,2017-01-02,2024-04-01,356,Good (4.5-7yr)
tomato,Odisha,Udala APMC,2016-12-26,2024-12-30,383,Full (7yr+)
tomato,Punjab,Abohar APMC,2017-01-02,2024-12-30,311,Good (4.5-7yr)
tomato,Punjab,Adampur APMC,2017-01-02,2021-07-19,236,Good (4.5-7yr)
tomato,Punjab,Ahmedgarh APMC,2017-06-12,2024-12-23,84,Short (1-2yr)
tomato,Punjab,Ajnala APMC,2017-01-23,2024-04-15,109,Moderate (2-4.5yr)
tomato,Punjab,Amritsar(Amritsar Mewa Mandi) APMC,2017-01-02,2024-12-23,400,Full (7yr+)
tomato,Punjab,Anandpur Sahib APMC,2016-12-26,2021-01-04,72,Short (1-2yr)
tomato,Punjab,Baghapurana APMC,2017-01-02,2024-12-30,339,Good (4.5-7yr)
tomato,Punjab,Balachaur APMC,2017-01-02,2024-03-25,136,Moderate (2-4.5yr)
tomato,Punjab,Banga APMC,2016-12-26,2024-08-26,254,Good (4.5-7yr)
tomato,Punjab,Banur (Kheragaju) APMC,2016-12-26,2022-09-19,265,Good (4.5-7yr)
tomato,Punjab,Banur APMC,2017-01-02,2024-12-30,192,Moderate (2-4.5yr)
tomato,Punjab,Bariwala APMC,2017-02-06,2024-12-30,319,Good (4.5-7yr)
tomato,Punjab,Barnala APMC,2016-12-26,2024-12-23,398,Full (7yr+)
tomato,Punjab,Bassi Pathana APMC,2017-01-02,2024-12-30,411,Full (7yr+)
tomato,Punjab,Batala APMC,2017-01-02,2024-12-23,191,Moderate (2-4.5yr)
tomato,Punjab,Bathinda APMC,2017-01-02,2024-12-30,384,Full (7yr+)
tomato,Punjab,Bhagta Bhai Ka APMC,2017-12-11,2024-12-30,328,Good (4.5-7yr)
tomato,Punjab,Bhawanigarh APMC,2016-12-26,2024-12-30,404,Full (7yr+)
tomato,Punjab,Bhogpur APMC,2019-05-27,2024-07-08,52,Short (1-2yr)
tomato,Punjab,Bhucho APMC,2019-09-23,2024-12-23,36,Thin (<1yr)
tomato,Punjab,Bhulath (Nadala) APMC,2017-10-09,2024-07-08,28,Thin (<1yr)
tomato,Punjab,Bhulath APMC,2017-01-02,2024-09-30,88,Short (1-2yr)
tomato,Punjab,Bilga (Talwan ) APMC,2024-10-21,2024-10-21,1,Thin (<1yr)
tomato,Punjab,Bilga APMC,2016-12-26,2024-12-23,368,Full (7yr+)
tomato,Punjab,Budalada APMC,2016-12-26,2024-11-25,366,Full (7yr+)
tomato,Punjab,Chamkaur Sahib APMC,2017-01-02,2024-12-30,317,Good (4.5-7yr)
tomato,Punjab,Dasuya APMC,2016-12-26,2024-12-30,411,Full (7yr+)
tomato,Punjab,Dera Baba Nanak APMC,2017-01-02,2024-12-02,257,Good (4.5-7yr)
tomato,Punjab,Dera Bassi APMC,2016-12-26,2024-12-23,397,Full (7yr+)
tomato,Punjab,Dhanaula APMC,2017-06-12,2017-06-26,2,Thin (<1yr)
tomato,Punjab,Dharamkot APMC,2017-01-02,2024-11-25,321,Good (4.5-7yr)
tomato,Punjab,Dhariwal APMC,2016-12-26,2023-04-24,101,Short (1-2yr)
tomato,Punjab,Dhuri APMC,2016-12-26,2024-12-30,353,Good (4.5-7yr)
tomato,Punjab,Dinanagar APMC,2016-12-26,2024-12-30,397,Full (7yr+)
tomato,Punjab,Doraha APMC,2017-01-02,2024-12-30,332,Good (4.5-7yr)
tomato,Punjab,Dudhansadhan APMC,2016-12-26,2024-12-30,379,Full (7yr+)
tomato,Punjab,F.G.Churian APMC,2017-01-02,2024-12-30,201,Moderate (2-4.5yr)
tomato,Punjab,Faridkot APMC,2017-01-02,2024-12-23,358,Good (4.5-7yr)
tomato,Punjab,Fazilka (Ladhuka) APMC,2017-04-24,2019-09-23,29,Thin (<1yr)
tomato,Punjab,Fazilka APMC,2017-01-02,2024-12-30,344,Good (4.5-7yr)
tomato,Punjab,Ferozepur Cantt. APMC,2016-12-26,2021-10-11,179,Moderate (2-4.5yr)
tomato,Punjab,Firozepur City APMC,2017-01-02,2024-12-23,413,Full (7yr+)
tomato,Punjab,Garh Shankar APMC,2017-01-02,2024-12-30,395,Full (7yr+)
tomato,Punjab,Garh Shankar(Mahalpur) APMC,2017-01-02,2024-12-30,353,Good (4.5-7yr)
tomato,Punjab,GarhShankar (Kotfatuhi) APMC,2018-02-12,2024-12-30,186,Moderate (2-4.5yr)
tomato,Punjab,Gehri(Jandiala mandi) APMC,2017-03-13,2024-05-27,102,Short (1-2yr)
tomato,Punjab,Ghanaur APMC,2017-01-02,2024-12-30,132,Moderate (2-4.5yr)
tomato,Punjab,Giddarbaha APMC,2017-01-02,2024-12-30,342,Good (4.5-7yr)
tomato,Punjab,Goniana APMC,2017-01-16,2023-07-03,215,Moderate (2-4.5yr)
tomato,Punjab,Goraya APMC,2017-01-02,2023-07-03,223,Moderate (2-4.5yr)
tomato,Punjab,Gurdaspur APMC,2017-01-02,2024-12-30,317,Good (4.5-7yr)
tomato,Punjab,Guru Har Sahai APMC,2016-12-26,2024-10-14,260,Good (4.5-7yr)
tomato,Punjab,Harike APMC,2018-04-16,2020-07-06,16,Thin (<1yr)
tomato,Punjab,Hoshiarpur APMC,2016-12-26,2024-12-30,190,Moderate (2-4.5yr)
tomato,Punjab,Jagraon APMC,2017-01-02,2024-12-16,305,Good (4.5-7yr)
tomato,Punjab,Jaitu APMC,2019-07-01,2024-02-19,194,Moderate (2-4.5yr)
tomato,Punjab,Jalalabad APMC,2017-03-13,2024-12-30,325,Good (4.5-7yr)
tomato,Punjab,Jalandhar City(Jalandhar) APMC,2017-01-02,2024-12-30,411,Full (7yr+)
tomato,Punjab,Kalanaur APMC,2019-09-23,2023-06-26,122,Moderate (2-4.5yr)
tomato,Punjab,Kapurthala APMC,2017-01-02,2024-07-29,67,Short (1-2yr)
tomato,Punjab,Khadur Sahib(Fetehabad) APMC,2017-01-02,2019-08-26,53,Short (1-2yr)
tomato,Punjab,Khamano APMC,2017-01-02,2024-12-30,345,Good (4.5-7yr)
tomato,Punjab,Khanauri APMC,2016-12-26,2024-09-16,198,Moderate (2-4.5yr)
tomato,Punjab,Khanna APMC,2017-01-02,2024-12-30,358,Good (4.5-7yr)
tomato,Punjab,Kharar APMC,2016-12-26,2024-12-30,416,Full (7yr+)
tomato,Punjab,Kot ise Khan APMC,2017-04-17,2023-11-27,177,Moderate (2-4.5yr)
tomato,Punjab,Kotkapura APMC,2017-01-02,2024-03-25,164,Moderate (2-4.5yr)
tomato,Punjab,Kurali APMC,2017-01-02,2024-12-09,213,Moderate (2-4.5yr)
tomato,Punjab,Lalru APMC,2016-12-26,2024-12-30,406,Full (7yr+)
tomato,Punjab,Lehra Gaga APMC,2017-01-02,2024-12-30,349,Good (4.5-7yr)
tomato,Punjab,Lohian Khas APMC,2016-12-26,2024-12-30,343,Good (4.5-7yr)
tomato,Punjab,Ludhiana APMC,2017-01-09,2024-12-30,228,Moderate (2-4.5yr)
tomato,Punjab,Machhiwara APMC,2017-01-02,2024-12-09,146,Moderate (2-4.5yr)
tomato,Punjab,Makhu APMC,2017-01-02,2023-06-26,237,Good (4.5-7yr)
tomato,Punjab,Malerkotla APMC,2016-12-26,2024-12-30,398,Full (7yr+)
tomato,Punjab,Malout APMC,2017-01-02,2024-12-30,401,Full (7yr+)
tomato,Punjab,Mamdot APMC,2016-12-26,2024-12-30,306,Good (4.5-7yr)
tomato,Punjab,Mamdot(Tibbi Khurd) APMC,2019-02-25,2019-02-25,1,Thin (<1yr)
tomato,Punjab,Mansa APMC,2016-12-26,2024-12-30,374,Full (7yr+)
tomato,Punjab,Maur APMC,2018-10-01,2024-12-30,267,Good (4.5-7yr)
tomato,Punjab,Mehatpur APMC,2019-05-27,2024-12-23,173,Moderate (2-4.5yr)
tomato,Punjab,Mehta APMC,2019-02-04,2024-09-16,115,Moderate (2-4.5yr)
tomato,Punjab,Moga APMC,2017-01-02,2024-12-30,292,Good (4.5-7yr)
tomato,Punjab,Moonak APMC,2016-12-26,2017-12-11,48,Thin (<1yr)
tomato,Punjab,Morinda APMC,2017-01-02,2024-12-30,324,Good (4.5-7yr)
tomato,Punjab,Mukerian APMC,2017-01-16,2024-12-30,229,Moderate (2-4.5yr)
tomato,Punjab,Mukerian(Talwara) APMC,2017-01-02,2024-12-30,346,Good (4.5-7yr)
tomato,Punjab,Muktsar APMC,2016-12-26,2024-12-30,318,Good (4.5-7yr)
tomato,Punjab,Nabha APMC,2016-12-26,2024-12-30,390,Full (7yr+)
tomato,Punjab,Nakodar APMC,2017-06-05,2024-12-16,92,Short (1-2yr)
tomato,Punjab,Naushera Pannuan APMC,2017-05-29,2021-12-20,74,Short (1-2yr)
tomato,Punjab,Nawan Shahar(Mandi Aur) APMC,2018-04-16,2023-06-05,62,Short (1-2yr)
tomato,Punjab,Nawan Shahar(MandiRaho) APMC,2017-01-02,2021-10-18,64,Short (1-2yr)
tomato,Punjab,Nawan Shahar(Subzi Mandi) APMC,2017-01-02,2024-12-30,324,Good (4.5-7yr)
tomato,Punjab,Nihal Singh Wala APMC,2017-03-20,2024-12-30,86,Short (1-2yr)
tomato,Punjab,Noor Mehal APMC,2016-12-26,2024-12-30,271,Good (4.5-7yr)
tomato,Punjab,Pathankot APMC,2017-01-02,2024-12-30,224,Moderate (2-4.5yr)
tomato,Punjab,Patiala APMC,2016-12-26,2024-12-23,253,Good (4.5-7yr)
tomato,Punjab,Patran APMC,2016-12-26,2024-12-30,391,Full (7yr+)
tomato,Punjab,Patti APMC,2016-12-26,2024-12-30,418,Full (7yr+)
tomato,Punjab,Phagwara APMC,2017-01-02,2024-12-30,378,Full (7yr+)
tomato,Punjab,Phillaur APMC,2017-06-19,2024-06-17,31,Thin (<1yr)
tomato,Punjab,Phillaur(Apra Mandi) APMC,2016-12-26,2024-12-30,309,Good (4.5-7yr)
tomato,Punjab,Quadian APMC,2017-01-02,2024-04-15,172,Moderate (2-4.5yr)
tomato,Punjab,Raikot APMC,2016-12-26,2019-09-09,117,Moderate (2-4.5yr)
tomato,Punjab,Rajpura APMC,2017-01-02,2024-12-30,414,Full (7yr+)
tomato,Punjab,Raman APMC,2016-12-26,2024-12-30,414,Full (7yr+)
tomato,Punjab,Rampura Phul APMC,2020-07-20,2020-07-20,1,Thin (<1yr)
tomato,Punjab,Rampuraphul(Nabha Mandi) APMC,2017-01-02,2024-12-30,92,Short (1-2yr)
tomato,Punjab,Rayya APMC,2016-12-26,2024-12-30,410,Full (7yr+)
tomato,Punjab,Sadiq APMC,2017-03-13,2017-09-11,5,Thin (<1yr)
tomato,Punjab,Sahnewal APMC,2017-01-02,2024-12-23,401,Full (7yr+)
tomato,Punjab,Samana APMC,2017-01-02,2024-12-23,354,Good (4.5-7yr)
tomato,Punjab,Samrala APMC,2016-12-26,2024-12-23,364,Good (4.5-7yr)
tomato,Punjab,Sangrur APMC,2016-12-26,2024-12-30,366,Full (7yr+)
tomato,Punjab,Sardulgarh APMC,2016-12-26,2024-05-13,114,Moderate (2-4.5yr)
tomato,Punjab,Shahkot APMC,2017-05-01,2024-07-15,74,Short (1-2yr)
tomato,Punjab,Sirhind APMC,2017-01-16,2024-12-23,374,Full (7yr+)
tomato,Punjab,Sri Har Gobindpur APMC,2017-02-27,2019-04-15,35,Thin (<1yr)
tomato,Punjab,Sri Har Gobindpur(Harechowal) APMC,2017-02-27,2019-04-15,30,Thin (<1yr)
tomato,Punjab,Sultanpur APMC,2017-01-02,2024-06-24,199,Moderate (2-4.5yr)
tomato,Punjab,Sunam APMC,2016-12-26,2024-12-30,328,Good (4.5-7yr)
tomato,Punjab,Talwandi Bhai APMC,2017-01-02,2019-07-08,14,Thin (<1yr)
tomato,Punjab,Talwandi Sabo APMC,2017-02-20,2024-12-30,341,Good (4.5-7yr)
tomato,Punjab,Tanda Urmur APMC,2017-01-02,2024-12-30,369,Full (7yr+)
tomato,Punjab,Tapa APMC,2016-12-26,2017-11-27,29,Thin (<1yr)
tomato,Punjab,Tarantaran APMC,2017-01-02,2024-12-30,381,Full (7yr+)
tomato,Punjab,Zira APMC,2016-12-26,2024-12-30,415,Full (7yr+)
tomato,Rajasthan,Abu Road APMC,2019-04-08,2024-12-09,278,Good (4.5-7yr)
tomato,Rajasthan,Ajmer(F&V) APMC,2016-12-26,2024-12-30,394,Full (7yr+)
tomato,Rajasthan,Balotra APMC,2017-07-10,2024-12-30,141,Moderate (2-4.5yr)
tomato,Rajasthan,Baran APMC,2024-02-05,2024-12-30,47,Thin (<1yr)
tomato,Rajasthan,Barisadri APMC,2021-03-08,2021-03-29,3,Thin (<1yr)
tomato,Rajasthan,Barmer APMC,2017-11-13,2018-07-02,34,Thin (<1yr)
tomato,Rajasthan,Bassi APMC,2020-03-30,2024-12-30,200,Moderate (2-4.5yr)
tomato,Rajasthan,Bayana APMC,2016-12-26,2024-12-09,343,Good (4.5-7yr)
tomato,Rajasthan,Beawar APMC,2020-03-23,2024-07-22,8,Thin (<1yr)
tomato,Rajasthan,Bhadara APMC,2020-01-13,2024-12-30,248,Good (4.5-7yr)
tomato,Rajasthan,Bharatpur APMC,2019-03-25,2024-05-20,9,Thin (<1yr)
tomato,Rajasthan,Bhilwara APMC,2019-03-18,2024-12-30,253,Good (4.5-7yr)
tomato,Rajasthan,Bhinmal APMC,2023-02-06,2024-12-30,21,Thin (<1yr)
tomato,Rajasthan,Bijaynagar APMC,2019-03-25,2024-12-23,283,Good (4.5-7yr)
tomato,Rajasthan,Bikaner (F&V) APMC,2017-07-31,2024-12-30,180,Moderate (2-4.5yr)
tomato,Rajasthan,Chittorgarh APMC,2016-12-26,2024-09-02,367,Full (7yr+)
tomato,Rajasthan,Chomu FV APMC,2017-01-02,2024-12-30,408,Full (7yr+)
tomato,Rajasthan,Churu APMC,2021-12-27,2024-12-30,154,Moderate (2-4.5yr)
tomato,Rajasthan,Dungarpur APMC,2024-07-22,2024-12-23,22,Thin (<1yr)
tomato,Rajasthan,Gangapur City APMC,2021-03-08,2024-07-08,24,Thin (<1yr)
tomato,Rajasthan,Goluwala APMC,2021-12-20,2024-12-30,159,Moderate (2-4.5yr)
tomato,Rajasthan,Hanumangarh APMC,2019-03-18,2024-10-21,270,Good (4.5-7yr)
tomato,Rajasthan,HanumangarhTown APMC,2020-04-20,2024-12-30,213,Moderate (2-4.5yr)
tomato,Rajasthan,Hindoun APMC,2019-03-18,2019-03-25,2,Thin (<1yr)
tomato,Rajasthan,Jaipur (F&V) APMC,2017-07-10,2024-12-30,278,Good (4.5-7yr)
tomato,Rajasthan,Jalore APMC,2017-01-02,2024-12-30,414,Full (7yr+)
tomato,Rajasthan,Jhunjhunu APMC,2020-09-14,2024-12-09,197,Moderate (2-4.5yr)
tomato,Rajasthan,Kama APMC,2017-11-13,2017-12-04,3,Thin (<1yr)
tomato,Rajasthan,Kekri APMC,2020-03-23,2021-11-01,54,Short (1-2yr)
tomato,Rajasthan,Kota (F&V) APMC,2017-01-02,2024-12-30,365,Full (7yr+)
tomato,Rajasthan,Kotputli APMC,2024-01-22,2024-12-23,35,Thin (<1yr)
tomato,Rajasthan,Madanganj Kishangarh APMC,2019-12-16,2024-12-23,257,Good (4.5-7yr)
tomato,Rajasthan,Nadwai APMC,2017-01-02,2023-04-17,316,Good (4.5-7yr)
tomato,Rajasthan,Neem Ka Thana APMC,2016-12-26,2019-10-14,142,Moderate (2-4.5yr)
tomato,Rajasthan,Nimbahera APMC,2018-05-14,2024-12-02,245,Good (4.5-7yr)
tomato,Rajasthan,Nohar APMC,2024-02-26,2024-11-25,17,Thin (<1yr)
tomato,Rajasthan,Padampur APMC,2016-12-26,2021-04-19,84,Short (1-2yr)
tomato,Rajasthan,Pali APMC,2017-01-02,2024-02-26,297,Good (4.5-7yr)
tomato,Rajasthan,Pilibanga APMC,2016-12-26,2022-11-07,263,Good (4.5-7yr)
tomato,Rajasthan,Rajsamand APMC,2018-01-15,2024-12-30,359,Good (4.5-7yr)
tomato,Rajasthan,Rawatsar APMC,2021-03-08,2024-12-30,189,Moderate (2-4.5yr)
tomato,Rajasthan,Sadulshahar APMC,2020-03-23,2020-05-25,10,Thin (<1yr)
tomato,Rajasthan,Sanchore APMC,2017-01-09,2024-12-23,57,Short (1-2yr)
tomato,Rajasthan,Sikar APMC,2019-03-18,2024-12-30,296,Good (4.5-7yr)
tomato,Rajasthan,Sojat City APMC,2023-03-27,2023-04-03,2,Thin (<1yr)
tomato,Rajasthan,Sojat Road APMC,2019-04-15,2023-01-16,166,Moderate (2-4.5yr)
tomato,Rajasthan,Sriganganagar (F&V) APMC,2016-12-26,2024-12-30,332,Good (4.5-7yr)
tomato,Rajasthan,Sujangarh APMC,2019-12-16,2024-12-30,257,Good (4.5-7yr)
tomato,Rajasthan,Sumerpur APMC,2021-03-08,2021-06-21,11,Thin (<1yr)
tomato,Rajasthan,Suratgarh APMC,2020-03-23,2024-12-30,244,Good (4.5-7yr)
tomato,Rajasthan,Tonk APMC,2019-03-18,2024-09-16,60,Short (1-2yr)
tomato,Rajasthan,Udaipur (F&V) APMC,2017-01-02,2024-12-23,397,Full (7yr+)
tomato,Tamil Nadu,AJattihalli(Uzhavar Sandhai ),2024-07-15,2024-12-30,25,Thin (<1yr)
tomato,Tamil Nadu,Alangudi APMC,2024-06-17,2024-07-15,5,Thin (<1yr)
tomato,Tamil Nadu,Alangudi(Uzhavar Sandhai ),2024-07-15,2024-12-30,25,Thin (<1yr)
tomato,Tamil Nadu,Ambasamudram APMC,2024-06-17,2024-07-15,5,Thin (<1yr)
tomato,Tamil Nadu,Ambasamudram(Uzhavar Sandhai ),2024-07-15,2024-12-30,25,Thin (<1yr)
tomato,Tamil Nadu,Ambattur(Uzhavar Sandhai ),2024-07-15,2024-12-30,14,Thin (<1yr)
tomato,Tamil Nadu,Ammapet(Uzhavar Sandhai ),2024-07-15,2024-12-30,25,Thin (<1yr)
tomato,Tamil Nadu,Anaiyur(Uzhavar Sandhai ),2024-07-15,2024-12-30,25,Thin (<1yr)
tomato,Tamil Nadu,Andipatti(Uzhavar Sandhai ),2024-07-15,2024-12-30,25,Thin (<1yr)
tomato,Tamil Nadu,Anna nagar(Uzhavar Sandhai ),2024-07-15,2024-12-30,25,Thin (<1yr)
tomato,Tamil Nadu,Arani APMC,2024-06-17,2024-07-15,5,Thin (<1yr)
tomato,Tamil Nadu,Arani(Uzhavar Sandhai ),2024-07-15,2024-12-30,25,Thin (<1yr)
tomato,Tamil Nadu,Aranthangi APMC,2024-06-17,2024-07-15,5,Thin (<1yr)
tomato,Tamil Nadu,Aranthangi(Uzhavar Sandhai ),2024-07-15,2024-12-30,25,Thin (<1yr)
tomato,Tamil Nadu,Arcot APMC,2024-06-17,2024-07-15,5,Thin (<1yr)
tomato,Tamil Nadu,Arcot(Uzhavar Sandhai ),2024-07-15,2024-12-30,25,Thin (<1yr)
tomato,Tamil Nadu,Ariyalur Market APMC,2024-06-17,2024-07-15,5,Thin (<1yr)
tomato,Tamil Nadu,Ariyalur(Uzhavar Sandhai),2024-07-15,2024-12-30,25,Thin (<1yr)
tomato,Tamil Nadu,Aruppukottai(Uzhavar Sandhai ),2024-07-15,2024-12-30,25,Thin (<1yr)
tomato,Tamil Nadu,Athur(Uzhavar Sandhai ),2024-07-15,2024-12-30,25,Thin (<1yr)
tomato,Tamil Nadu,Attayampatti(Uzhavar Sandhai ),2024-07-15,2024-12-30,25,Thin (<1yr)
tomato,Tamil Nadu,Attur APMC,2024-06-17,2024-07-15,5,Thin (<1yr)
tomato,Tamil Nadu,Avallapalli(Uzhavar Sandhai ),2024-07-15,2024-12-30,25,Thin (<1yr)
tomato,Tamil Nadu,Bodinayakanur(Uzhavar Sandhai ),2024-07-15,2024-12-30,25,Thin (<1yr)
tomato,Tamil Nadu,Bodinayakkanur APMC,2024-06-17,2024-07-15,5,Thin (<1yr)
tomato,Tamil Nadu,Chengalpattu APMC,2024-06-17,2024-07-15,5,Thin (<1yr)
tomato,Tamil Nadu,Chengalpet(Uzhavar Sandhai ),2024-07-15,2024-12-30,25,Thin (<1yr)
tomato,Tamil Nadu,Chengam APMC,2024-06-17,2024-07-15,5,Thin (<1yr)
tomato,Tamil Nadu,Chengam(Uzhavar Sandhai ),2024-07-15,2024-12-30,25,Thin (<1yr)
tomato,Tamil Nadu,Cheyyar APMC,2024-06-17,2024-07-15,5,Thin (<1yr)
tomato,Tamil Nadu,Cheyyar(Uzhavar Sandhai ),2024-07-15,2024-12-30,25,Thin (<1yr)
tomato,Tamil Nadu,Chidambaram APMC,2024-06-17,2024-07-15,5,Thin (<1yr)
tomato,Tamil Nadu,Chidambaram(Uzhavar Sandhai ),2024-07-15,2024-12-30,25,Thin (<1yr)
tomato,Tamil Nadu,Chinnalapatti(Uzhavar Sandhai ),2024-07-15,2024-12-30,25,Thin (<1yr)
tomato,Tamil Nadu,Chinnamanur APMC,2024-06-17,2024-07-15,5,Thin (<1yr)
tomato,Tamil Nadu,Chinnamanur(Uzhavar Sandhai ),2024-07-15,2024-12-30,25,Thin (<1yr)
tomato,Tamil Nadu,Chokkikulam(Uzhavar Sandhai ),2024-07-15,2024-12-30,25,Thin (<1yr)
tomato,Tamil Nadu,Coonoor(Uzhavar Sandhai ),2024-07-15,2024-12-30,25,Thin (<1yr)
tomato,Tamil Nadu,Cuddalore APMC,2024-06-17,2024-07-15,5,Thin (<1yr)
tomato,Tamil Nadu,Cuddalore(Uzhavar Sandhai ),2024-07-15,2024-12-30,25,Thin (<1yr)
tomato,Tamil Nadu,Cumbum APMC,2024-06-17,2024-07-15,5,Thin (<1yr)
tomato,Tamil Nadu,Denkanikottai APMC,2024-06-17,2024-07-15,5,Thin (<1yr)
tomato,Tamil Nadu,Denkanikottai(Uzhavar Sandhai ),2024-07-15,2024-12-30,25,Thin (<1yr)
tomato,Tamil Nadu,Devakottai (Uzhavar Sandhai ),2024-07-15,2024-12-30,25,Thin (<1yr)
tomato,Tamil Nadu,Devakottai APMC,2024-06-17,2024-07-15,5,Thin (<1yr)
tomato,Tamil Nadu,Devaram(Uzhavar Sandhai ),2024-07-15,2024-12-30,25,Thin (<1yr)
tomato,Tamil Nadu,Dharampuri APMC,2024-06-17,2024-07-15,5,Thin (<1yr)
tomato,Tamil Nadu,Dharapuram APMC,2024-06-17,2024-07-15,5,Thin (<1yr)
tomato,Tamil Nadu,Dharapuram(Uzhavar Sandhai ),2024-07-15,2024-12-30,25,Thin (<1yr)
tomato,Tamil Nadu,Dharmapuri(Uzhavar Sandhai ),2024-07-15,2024-12-30,25,Thin (<1yr)
tomato,Tamil Nadu,Dindigul APMC,2024-06-17,2024-07-15,5,Thin (<1yr)
tomato,Tamil Nadu,Dindigul(Uzhavar Sandhai ),2024-07-15,2024-12-30,25,Thin (<1yr)
tomato,Tamil Nadu,Edapadi (Uzhavar Sandhai ),2024-07-15,2024-12-30,25,Thin (<1yr)
tomato,Tamil Nadu,Edappadi APMC,2024-06-17,2024-07-15,5,Thin (<1yr)
tomato,Tamil Nadu,Elampillai(Uzhavar Sandhai ),2024-07-15,2024-12-30,25,Thin (<1yr)
tomato,Tamil Nadu,Gandarvakottai(Uzhavar Sandhai ),2024-07-15,2024-12-30,25,Thin (<1yr)
tomato,Tamil Nadu,Gingee APMC,2024-06-17,2024-07-15,5,Thin (<1yr)
tomato,Tamil Nadu,Gingee(Uzhavar Sandhai ),2024-07-15,2024-12-30,25,Thin (<1yr)
tomato,Tamil Nadu,Gobichettipalayam APMC,2024-06-17,2024-07-15,5,Thin (<1yr)
tomato,Tamil Nadu,Gobichettipalayam(Uzhavar Sandhai ),2024-07-15,2024-12-30,25,Thin (<1yr)
tomato,Tamil Nadu,Gudalur(Uzhavar Sandhai ),2024-07-15,2024-12-30,25,Thin (<1yr)
tomato,Tamil Nadu,Gudiyatham APMC,2024-06-17,2024-07-15,5,Thin (<1yr)
tomato,Tamil Nadu,Gudiyatham(Uzhavar Sandhai ),2024-07-15,2024-12-30,25,Thin (<1yr)
tomato,Tamil Nadu,Guduvancheri(Uzhavar Sandhai ),2024-07-15,2024-12-30,25,Thin (<1yr)
tomato,Tamil Nadu,Harur APMC,2024-06-17,2024-07-15,5,Thin (<1yr)
tomato,Tamil Nadu,Harur(Uzhavar Sandhai ),2024-07-15,2024-12-30,25,Thin (<1yr)
tomato,Tamil Nadu,Hasthampatti(Uzhavar Sandhai ),2024-07-15,2024-12-30,25,Thin (<1yr)
tomato,Tamil Nadu,Hosur APMC,2024-06-17,2024-07-15,5,Thin (<1yr)
tomato,Tamil Nadu,Hosur(Uzhavar Sandhai ),2024-07-15,2024-12-30,25,Thin (<1yr)
tomato,Tamil Nadu,Jalagandapuram(Uzhavar Sandhai ),2024-07-15,2024-12-30,25,Thin (<1yr)
tomato,Tamil Nadu,Jameenrayapettai(Uzhavar Sandhai ),2024-07-15,2024-12-30,25,Thin (<1yr)
tomato,Tamil Nadu,Jayamkondam APMC,2024-06-17,2024-07-15,5,Thin (<1yr)
tomato,Tamil Nadu,Jeyankondam (Uzhavar Sandhai ),2024-07-15,2024-12-30,25,Thin (<1yr)
tomato,Tamil Nadu,KKNagar(Uzhavar Sandhai ),2024-09-23,2024-12-16,2,Thin (<1yr)
tomato,Tamil Nadu,Kahithapattarai(Uzhavar Sandhai ),2024-07-15,2024-12-30,25,Thin (<1yr)
tomato,Tamil Nadu,Kallakurichi APMC,2024-06-17,2024-07-15,5,Thin (<1yr)
tomato,Tamil Nadu,Kallakurichi(Uzhavar Sandhai ),2024-07-15,2024-12-30,25,Thin (<1yr)
tomato,Tamil Nadu,Kambam(Uzhavar Sandhai ),2024-07-15,2024-12-30,25,Thin (<1yr)
tomato,Tamil Nadu,Kancheepuram(Uzhavar Sandhai ),2024-07-15,2024-12-30,25,Thin (<1yr)
tomato,Tamil Nadu,Kanchipuram APMC,2024-06-17,2024-07-15,5,Thin (<1yr)
tomato,Tamil Nadu,Kandiyaperi(Uzhavar Sandhai ),2024-07-15,2024-12-30,25,Thin (<1yr)
tomato,Tamil Nadu,Kangayam(Uzhavar Sandhai ),2024-07-15,2024-12-30,25,Thin (<1yr)
tomato,Tamil Nadu,Kangeyam APMC,2024-06-17,2024-07-15,5,Thin (<1yr)
tomato,Tamil Nadu,Karaikudi APMC,2024-06-17,2024-07-15,5,Thin (<1yr)
tomato,Tamil Nadu,Karaikudi(Uzhavar Sandhai ),2024-07-15,2024-12-30,25,Thin (<1yr)
tomato,Tamil Nadu,Karambakkudi(Uzhavar Sandhai ),2024-07-15,2024-12-30,25,Thin (<1yr)
tomato,Tamil Nadu,Kariyapatti(Uzhavar Sandhai ),2024-07-15,2024-12-30,25,Thin (<1yr)
tomato,Tamil Nadu,Karumanturai APMC,2023-10-30,2024-05-20,6,Thin (<1yr)
tomato,Tamil Nadu,Karur APMC,2024-06-17,2024-07-15,5,Thin (<1yr)
tomato,Tamil Nadu,Karur(Uzhavar Sandhai ),2024-07-15,2024-12-30,25,Thin (<1yr)
tomato,Tamil Nadu,Katpadi (Uzhavar Sandhai ),2024-07-15,2024-12-30,25,Thin (<1yr)
tomato,Tamil Nadu,Katpadi(Uzhavar Santhai),2024-06-17,2024-07-15,5,Thin (<1yr)
tomato,Tamil Nadu,Kaveripattinam(Uzhavar Sandhai ),2024-07-15,2024-12-30,25,Thin (<1yr)
tomato,Tamil Nadu,Keelpennathur(Uzhavar Sandhai ),2024-07-15,2024-12-30,25,Thin (<1yr)
tomato,Tamil Nadu,Kothagiri(Uzhavar Sandhai ),2024-12-30,2024-12-30,1,Thin (<1yr)
tomato,Tamil Nadu,Kovilpatti APMC,2024-06-17,2024-07-15,5,Thin (<1yr)
tomato,Tamil Nadu,Kovilpatti(Uzhavar Sandhai ),2024-07-15,2024-12-30,25,Thin (<1yr)
tomato,Tamil Nadu,Krishnagiri APMC,2024-06-17,2024-07-15,5,Thin (<1yr)
tomato,Tamil Nadu,Krishnagiri(Uzhavar Sandhai ),2024-07-15,2024-12-30,25,Thin (<1yr)
tomato,Tamil Nadu,Kulithalai(Uzhavar Sandhai ),2024-07-15,2024-12-30,25,Thin (<1yr)
tomato,Tamil Nadu,Kumarapalayam(Uzhavar Sandhai ),2024-07-15,2024-12-30,25,Thin (<1yr)
tomato,Tamil Nadu,Kumbakonam (Uzhavar Sandhai ),2024-07-15,2024-12-30,25,Thin (<1yr)
tomato,Tamil Nadu,Kumbakonam APMC,2024-06-17,2024-07-15,5,Thin (<1yr)
tomato,Tamil Nadu,Kundrathur(Uzhavar Sandhai ),2024-07-15,2024-12-30,25,Thin (<1yr)
tomato,Tamil Nadu,Kurichi(Uzhavar Sandhai ),2024-07-15,2024-12-30,25,Thin (<1yr)
tomato,Tamil Nadu,Lalgudi APMC,2024-06-17,2024-07-15,5,Thin (<1yr)
tomato,Tamil Nadu,Lalgudi(Uzhavar Sandhai ),2024-07-15,2024-12-30,25,Thin (<1yr)
tomato,Tamil Nadu,Madhuranthagam(Uzhavar Sandhai ),2024-07-15,2024-12-30,25,Thin (<1yr)
tomato,Tamil Nadu,Mailaduthurai APMC,2024-06-17,2024-07-15,5,Thin (<1yr)
tomato,Tamil Nadu,Manachanallur APMC,2024-06-17,2024-07-15,5,Thin (<1yr)
tomato,Tamil Nadu,Manachanallur(Uzhavar Sandhai ),2024-07-15,2024-12-30,25,Thin (<1yr)
tomato,Tamil Nadu,Manapparai APMC,2024-06-17,2024-07-15,5,Thin (<1yr)
tomato,Tamil Nadu,Manapparai(Uzhavar Sandhai ),2024-07-15,2024-12-30,25,Thin (<1yr)
tomato,Tamil Nadu,Mannargudi APMC,2024-06-17,2024-07-15,5,Thin (<1yr)
tomato,Tamil Nadu,Mannargudi I(Uzhavar Sandhai ),2024-07-15,2024-12-30,25,Thin (<1yr)
tomato,Tamil Nadu,Mannargudi II(Uzhavar Sandhai ),2024-07-15,2024-12-30,25,Thin (<1yr)
tomato,Tamil Nadu,Mayiladuthurai(Uzhavar Sandhai ),2024-07-15,2024-12-30,25,Thin (<1yr)
tomato,Tamil Nadu,Medavakkam(Uzhavar Sandhai ),2024-07-15,2024-12-30,25,Thin (<1yr)
tomato,Tamil Nadu,Melapalayam(Uzhavar Sandhai ),2024-07-15,2024-12-30,25,Thin (<1yr)
tomato,Tamil Nadu,Melur APMC,2024-06-17,2024-07-15,5,Thin (<1yr)
tomato,Tamil Nadu,Melur(Uzhavar Sandhai ),2024-07-15,2024-12-30,25,Thin (<1yr)
tomato,Tamil Nadu,Mettupalayam(Uzhavar Sandhai ),2024-07-15,2024-12-30,25,Thin (<1yr)
tomato,Tamil Nadu,Mettur(Uzhavar Sandhai ),2024-07-15,2024-12-30,25,Thin (<1yr)
tomato,Tamil Nadu,Mohanur(Uzhavar Sandhai ),2024-07-15,2024-12-30,25,Thin (<1yr)
tomato,Tamil Nadu,Musiri(Uzhavar Sandhai ),2024-07-15,2024-12-30,25,Thin (<1yr)
tomato,Tamil Nadu,Muthupettai(Uzhavar Sandhai ),2024-07-15,2024-12-30,25,Thin (<1yr)
tomato,Tamil Nadu,Myladi(Uzhavar Sandhai ),2024-07-15,2024-12-30,25,Thin (<1yr)
tomato,Tamil Nadu,NGO Colony(Uzhavar Sandhai ),2024-07-15,2024-12-30,25,Thin (<1yr)
tomato,Tamil Nadu,Nagapattinam APMC,2024-06-17,2024-07-15,5,Thin (<1yr)
tomato,Tamil Nadu,Nagapattinam(Uzhavar Sandhai ),2024-07-15,2024-12-30,25,Thin (<1yr)
tomato,Tamil Nadu,Namakkal APMC,2024-06-17,2024-07-15,5,Thin (<1yr)
tomato,Tamil Nadu,Namakkal(Uzhavar Sandhai ),2024-07-15,2024-12-30,25,Thin (<1yr)
tomato,Tamil Nadu,Nanganallur(Uzhavar Sandhai ),2024-07-15,2024-12-30,25,Thin (<1yr)
tomato,Tamil Nadu,Naravarikuppam(Uzhavar Sandhai ),2024-07-15,2024-12-30,25,Thin (<1yr)
tomato,Tamil Nadu,Natrampalli(Uzhavar Sandhai ),2024-07-15,2024-12-30,25,Thin (<1yr)
tomato,Tamil Nadu,Needamangalam(Uzhavar Sandhai ),2024-07-15,2024-12-30,25,Thin (<1yr)
tomato,Tamil Nadu,Padappai(Uzhavar Sandhai ),2024-07-15,2024-12-30,25,Thin (<1yr)
tomato,Tamil Nadu,Palacode(Uzhavar Sandhai ),2024-07-15,2024-12-30,25,Thin (<1yr)
tomato,Tamil Nadu,Palakode APMC,2024-06-17,2024-07-15,5,Thin (<1yr)
tomato,Tamil Nadu,Palanganatham(Uzhavar Sandhai ),2024-07-15,2024-12-30,25,Thin (<1yr)
tomato,Tamil Nadu,Palani APMC,2024-06-17,2024-07-15,5,Thin (<1yr)
tomato,Tamil Nadu,Palani(Uzhavar Sandhai ),2024-07-15,2024-12-30,25,Thin (<1yr)
tomato,Tamil Nadu,Palayamkottai(Uzhavar Sandhai ),2024-07-15,2024-12-30,25,Thin (<1yr)
tomato,Tamil Nadu,Palladam APMC,2024-06-17,2024-07-15,5,Thin (<1yr)
tomato,Tamil Nadu,Palladam(Uzhavar Sandhai ),2024-07-15,2024-12-30,25,Thin (<1yr)
tomato,Tamil Nadu,Pallapatti (Uzhavar Sandhai ),2024-07-15,2024-12-30,25,Thin (<1yr)
tomato,Tamil Nadu,Pallavaram(Uzhavar Sandhai ),2024-07-15,2024-12-30,25,Thin (<1yr)
tomato,Tamil Nadu,Panruti APMC,2024-06-17,2024-07-15,5,Thin (<1yr)
tomato,Tamil Nadu,Panruti(Uzhavar Sandhai ),2024-07-15,2024-12-30,25,Thin (<1yr)
tomato,Tamil Nadu,Papanasam APMC,2024-06-17,2024-07-15,5,Thin (<1yr)
tomato,Tamil Nadu,Papanasam(Uzhavar Sandhai ),2024-07-15,2024-12-30,25,Thin (<1yr)
tomato,Tamil Nadu,Paramakudi APMC,2024-06-17,2024-07-15,5,Thin (<1yr)
tomato,Tamil Nadu,Paramakudi(Uzhavar Sandhai ),2024-07-15,2024-12-30,25,Thin (<1yr)
tomato,Tamil Nadu,Paramathivelur(Uzhavar Sandhai ),2024-07-15,2024-12-30,25,Thin (<1yr)
tomato,Tamil Nadu,Paruthipattu(Uzhavar Sandhai ),2024-07-15,2024-12-30,25,Thin (<1yr)
tomato,Tamil Nadu,Pattukottai APMC,2024-06-17,2024-07-15,5,Thin (<1yr)
tomato,Tamil Nadu,Pattukottai(Uzhavar Sandhai ),2024-07-15,2024-12-30,25,Thin (<1yr)
tomato,Tamil Nadu,Pennagaram APMC,2024-06-17,2024-07-15,5,Thin (<1yr)
tomato,Tamil Nadu,Pennagaram(Uzhavar Sandhai ),2024-07-15,2024-12-30,25,Thin (<1yr)
tomato,Tamil Nadu,Perambakkam(Uzhavar Sandhai ),2024-07-15,2024-12-30,25,Thin (<1yr)
tomato,Tamil Nadu,Perambalur(Uzhavar Sandhai ),2024-07-15,2024-12-30,25,Thin (<1yr)
tomato,Tamil Nadu,Periyakulam(Uzhavar Sandhai ),2024-07-15,2024-12-30,25,Thin (<1yr)
tomato,Tamil Nadu,Periyar Nagar(Uzhavar Sandhai ),2024-07-15,2024-12-30,25,Thin (<1yr)
tomato,Tamil Nadu,Perundurai APMC,2024-06-17,2024-07-15,5,Thin (<1yr)
tomato,Tamil Nadu,Perundurai(Uzhavar Sandhai ),2024-07-15,2024-12-30,25,Thin (<1yr)
tomato,Tamil Nadu,Pollachi APMC,2024-06-17,2024-07-15,5,Thin (<1yr)
tomato,Tamil Nadu,Pollachi(Uzhavar Sandhai ),2024-07-15,2024-12-30,25,Thin (<1yr)
tomato,Tamil Nadu,Polur(Thiruvannamalai) APMC,2024-06-17,2024-07-15,5,Thin (<1yr)
tomato,Tamil Nadu,Polur(Uzhavar Sandhai ),2024-07-15,2024-12-30,25,Thin (<1yr)
tomato,Tamil Nadu,Pudukottai APMC,2024-06-17,2024-07-15,5,Thin (<1yr)
tomato,Tamil Nadu,Pudukottai(Uzhavar Sandhai ),2024-07-15,2024-12-30,25,Thin (<1yr)
tomato,Tamil Nadu,RSPuram(Uzhavar Sandhai ),2024-07-15,2024-12-30,25,Thin (<1yr)
tomato,Tamil Nadu,Rajapalayam(Uzhavar Sandhai ),2024-07-15,2024-12-30,25,Thin (<1yr)
tomato,Tamil Nadu,Ramanathapuram APMC,2024-06-17,2024-07-15,5,Thin (<1yr)
tomato,Tamil Nadu,Ramanathapuram(Uzhavar Sandhai ),2024-07-15,2024-12-30,25,Thin (<1yr)
tomato,Tamil Nadu,Ranipettai(Uzhavar Sandhai ),2024-07-15,2024-12-30,25,Thin (<1yr)
tomato,Tamil Nadu,Rasipuram APMC,2024-06-17,2024-07-15,5,Thin (<1yr)
tomato,Tamil Nadu,Rasipuram(Uzhavar Sandhai ),2024-07-15,2024-12-30,25,Thin (<1yr)
tomato,Tamil Nadu,Sampath Nagar(Uzhavar Sandhai ),2024-07-15,2024-12-30,25,Thin (<1yr)
tomato,Tamil Nadu,Sangarapuram APMC,2024-06-17,2024-07-15,5,Thin (<1yr)
tomato,Tamil Nadu,Sankarankoil(Uzhavar Sandhai ),2024-07-15,2024-12-30,25,Thin (<1yr)
tomato,Tamil Nadu,Sankarankovil APMC,2024-06-17,2024-07-15,5,Thin (<1yr)
tomato,Tamil Nadu,Sankarapuram(Uzhavar Sandhai ),2024-07-15,2024-12-30,25,Thin (<1yr)
tomato,Tamil Nadu,Sathiyamagalam(Uzhavar Sandhai ),2024-07-15,2024-12-30,25,Thin (<1yr)
tomato,Tamil Nadu,Sathur APMC,2024-06-17,2024-07-15,5,Thin (<1yr)
tomato,Tamil Nadu,Sathur(Uzhavar Sandhai ),2024-07-15,2024-12-30,25,Thin (<1yr)
tomato,Tamil Nadu,Sathyamangalam APMC,2024-06-17,2024-07-15,5,Thin (<1yr)
tomato,Tamil Nadu,Singampunari(Uzhavar Sandhai ),2024-07-15,2024-12-30,25,Thin (<1yr)
tomato,Tamil Nadu,Singampuneri APMC,2024-06-17,2024-07-15,5,Thin (<1yr)
tomato,Tamil Nadu,Singanallur(Uzhavar Sandhai ),2024-07-15,2024-12-30,25,Thin (<1yr)
tomato,Tamil Nadu,Sirkali APMC,2024-06-17,2024-07-15,5,Thin (<1yr)
tomato,Tamil Nadu,Sirkali(Uzhavar Sandhai ),2024-07-15,2024-12-30,25,Thin (<1yr)
tomato,Tamil Nadu,Sivagangai (Uzhavar Sandhai ),2024-07-15,2024-12-30,25,Thin (<1yr)
tomato,Tamil Nadu,Sivagangai APMC,2024-06-17,2024-07-15,5,Thin (<1yr)
tomato,Tamil Nadu,Sivakasi(Uzhavar Sandhai ),2024-07-15,2024-12-30,25,Thin (<1yr)
tomato,Tamil Nadu,Sooramangalam(Uzhavar Sandhai ),2024-07-15,2024-12-30,25,Thin (<1yr)
tomato,Tamil Nadu,Srivilliputhur(Uzhavar Sandhai ),2024-07-15,2024-12-30,25,Thin (<1yr)
tomato,Tamil Nadu,Sulur APMC,2024-06-17,2024-07-15,5,Thin (<1yr)
tomato,Tamil Nadu,Sulur(Uzhavar Sandhai ),2024-07-15,2024-12-30,25,Thin (<1yr)
tomato,Tamil Nadu,Sundarapuram(Uzhavar Sandhai ),2024-07-15,2024-12-30,25,Thin (<1yr)
tomato,Tamil Nadu,Sunguvarchatram(Uzhavar Sandhai ),2024-07-15,2024-12-23,22,Thin (<1yr)
tomato,Tamil Nadu,Tamarainagar(Uzhavar Sandhai ),2024-07-15,2024-12-30,25,Thin (<1yr)
tomato,Tamil Nadu,Tenkasi(Uzhavar Sandhai ),2024-07-15,2024-12-30,25,Thin (<1yr)
tomato,Tamil Nadu,Thalavadi APMC,2024-06-17,2024-07-15,5,Thin (<1yr)
tomato,Tamil Nadu,Thalavadi(Uzhavar Sandhai ),2024-07-15,2024-12-30,25,Thin (<1yr)
tomato,Tamil Nadu,Thalavaipuram(Uzhavar Sandhai ),2024-07-15,2024-12-30,25,Thin (<1yr)
tomato,Tamil Nadu,Thammampati APMC,2024-06-17,2024-07-15,5,Thin (<1yr)
tomato,Tamil Nadu,Thammampatti (Uzhavar Sandhai ),2024-07-15,2024-12-30,25,Thin (<1yr)
tomato,Tamil Nadu,Thanjavur APMC,2024-06-17,2024-07-15,5,Thin (<1yr)
tomato,Tamil Nadu,Thanjavur(Uzhavar Sandhai ),2024-07-15,2024-12-30,25,Thin (<1yr)
tomato,Tamil Nadu,Thathakapatti(Uzhavar Sandhai ),2024-07-15,2024-12-30,25,Thin (<1yr)
tomato,Tamil Nadu,Theni APMC,2024-06-17,2024-07-15,5,Thin (<1yr)
tomato,Tamil Nadu,Theni(Uzhavar Sandhai ),2024-07-15,2024-12-30,25,Thin (<1yr)
tomato,Tamil Nadu,Thenkasi APMC,2024-06-17,2024-07-15,5,Thin (<1yr)
tomato,Tamil Nadu,Thirukalukundram(Uzhavar Sandhai ),2024-07-15,2024-12-30,25,Thin (<1yr)
tomato,Tamil Nadu,Thirumangalam APMC,2024-06-17,2024-07-15,5,Thin (<1yr)
tomato,Tamil Nadu,Thirumangalam(Uzhavar Sandhai ),2024-07-15,2024-12-30,25,Thin (<1yr)
tomato,Tamil Nadu,Thirupathur APMC,2024-06-17,2024-12-30,29,Thin (<1yr)
tomato,Tamil Nadu,Thiruvannamalai APMC,2024-06-17,2024-07-15,5,Thin (<1yr)
tomato,Tamil Nadu,Thiruvarur APMC,2024-06-17,2024-07-15,5,Thin (<1yr)
tomato,Tamil Nadu,Thoothukudi APMC,2024-06-17,2024-07-15,5,Thin (<1yr)
tomato,Tamil Nadu,Thuraiyur APMC,2024-06-17,2024-12-30,29,Thin (<1yr)
tomato,Tamil Nadu,Tindivanam APMC,2024-06-17,2024-12-30,29,Thin (<1yr)
tomato,Tamil Nadu,Tiruchengode APMC,2024-06-17,2024-12-30,29,Thin (<1yr)
tomato,Tamil Nadu,Tirupatthur(Uzhavar Sandhai ),2024-07-15,2024-12-30,25,Thin (<1yr)
tomato,Tamil Nadu,Tiruppur (North) (Uzhavar Sandhai ),2024-07-15,2024-12-30,25,Thin (<1yr)
tomato,Tamil Nadu,Tiruppur (South) (Uzhavar Sandhai ),2024-07-15,2024-12-30,25,Thin (<1yr)
tomato,Tamil Nadu,Tiruthuraipoondi APMC,2024-06-17,2024-07-15,5,Thin (<1yr)
tomato,Tamil Nadu,Tiruthuraipoondi(Uzhavar Sandhai ),2024-07-15,2024-10-07,13,Thin (<1yr)
tomato,Tamil Nadu,Tiruvallur(Uzhavar Sandhai ),2024-07-15,2024-12-30,25,Thin (<1yr)
tomato,Tamil Nadu,Tiruvannamalai(Uzhavar Sandhai ),2024-07-15,2024-12-30,25,Thin (<1yr)
tomato,Tamil Nadu,Tiruvarur(Uzhavar Sandhai ),2024-07-15,2024-12-30,25,Thin (<1yr)
tomato,Tamil Nadu,Tuticorin(Uzhavar Sandhai ),2024-07-15,2024-12-30,25,Thin (<1yr)
tomato,Tamil Nadu,Udhagamandalam(Uzhavar Sandhai ),2024-07-15,2024-12-30,25,Thin (<1yr)
tomato,Tamil Nadu,Udumalpet APMC,2024-06-17,2024-12-30,29,Thin (<1yr)
tomato,Tamil Nadu,Ulundurpettai APMC,2024-06-17,2024-12-30,29,Thin (<1yr)
tomato,Tamil Nadu,Usilampatty APMC,2024-06-17,2024-12-30,29,Thin (<1yr)
tomato,Tamil Nadu,Vadaseri APMC,2024-06-17,2024-12-30,29,Thin (<1yr)
tomato,Tamil Nadu,Vadavalli(Uzhavar Sandhai ),2024-07-15,2024-12-30,25,Thin (<1yr)
tomato,Tamil Nadu,Valangaiman APMC,2024-06-17,2024-12-30,29,Thin (<1yr)
tomato,Tamil Nadu,Vaniyambadi APMC,2024-06-17,2024-07-15,5,Thin (<1yr)
tomato,Tamil Nadu,Vaniyampadi(Uzhavar Sandhai ),2024-07-15,2024-12-30,25,Thin (<1yr)
tomato,Tamil Nadu,Vedasanthur(Uzhavar Sandhai ),2024-07-15,2024-12-30,25,Thin (<1yr)
tomato,Tamil Nadu,Velayuthampalayam(Uzhavar Sandhai ),2024-07-15,2024-12-30,25,Thin (<1yr)
tomato,Tamil Nadu,Vellore APMC,2024-06-17,2024-12-30,29,Thin (<1yr)
tomato,Tamil Nadu,Viralimalai(Uzhavar Sandhai ),2024-07-15,2024-12-30,25,Thin (<1yr)
tomato,Tamil Nadu,Virudhunagar APMC,2024-06-17,2024-07-15,5,Thin (<1yr)
tomato,Tamil Nadu,Virudhunagar(Uzhavar Sandhai ),2024-07-15,2024-12-30,25,Thin (<1yr)
tomato,Tamil Nadu,Viruthachalam(Uzhavar Sandhai ),2024-07-15,2024-12-30,25,Thin (<1yr)
tomato,Telangana,Adilabad(Rythu Bazar) APMC,2022-02-07,2024-12-02,94,Short (1-2yr)
tomato,Telangana,Asifabad APMC,2019-07-29,2019-08-12,2,Thin (<1yr)
tomato,Telangana,Bowenpally APMC,2016-12-26,2024-12-30,394,Full (7yr+)
tomato,Telangana,Chennur APMC,2021-09-20,2021-11-15,7,Thin (<1yr)
tomato,Telangana,Chevella APMC,2016-12-26,2024-12-30,285,Good (4.5-7yr)
tomato,Telangana,Erragadda(Rythu Bazar) APMC,2021-09-20,2024-12-23,146,Moderate (2-4.5yr)
tomato,Telangana,Gajwel APMC,2022-02-28,2024-03-18,16,Thin (<1yr)
tomato,Telangana,Gudimalkapur APMC,2016-12-26,2024-12-30,387,Full (7yr+)
tomato,Telangana,Ibrahimputnam APMC,2016-12-26,2024-12-16,365,Full (7yr+)
tomato,Telangana,Jainath APMC,2021-09-06,2024-10-28,78,Short (1-2yr)
tomato,Telangana,Kalwakurthy APMC,2016-12-26,2024-12-30,237,Good (4.5-7yr)
tomato,Telangana,Karimnagar APMC,2022-08-01,2023-12-04,66,Short (1-2yr)
tomato,Telangana,Khammam APMC,2017-01-02,2024-12-30,174,Moderate (2-4.5yr)
tomato,Telangana,"Kukatpally,RBZ APMC",2021-08-16,2021-09-13,5,Thin (<1yr)
tomato,Telangana,L B Nagar APMC,2016-12-26,2024-12-30,325,Good (4.5-7yr)
tomato,Telangana,Luxettipet APMC,2021-09-20,2023-10-09,32,Thin (<1yr)
tomato,Telangana,Madnoor APMC,2022-06-27,2022-08-22,5,Thin (<1yr)
tomato,Telangana,Mahabubnagar(Rythu Bazar) APMC,2021-09-13,2024-12-30,138,Moderate (2-4.5yr)
tomato,Telangana,Mahboob Manison APMC,2022-08-01,2024-12-30,120,Moderate (2-4.5yr)
tomato,Telangana,Mancherial APMC,2021-09-20,2024-08-12,67,Short (1-2yr)
tomato,Telangana,Mehndipatnam(Rythu Bazar) APMC,2021-09-20,2024-12-30,166,Moderate (2-4.5yr)
tomato,Telangana,Miryalguda(Rythu Bazar) APMC,2021-09-27,2024-06-10,130,Moderate (2-4.5yr)
tomato,Telangana,"Pavilion Ground,Khammam,RBZ APMC",2024-04-01,2024-11-04,15,Thin (<1yr)
tomato,Telangana,"Ramakrisnapuram,RBZ APMC",2022-10-10,2024-07-01,85,Short (1-2yr)
tomato,Telangana,Sangareddy APMC,2019-02-11,2024-09-30,267,Good (4.5-7yr)
tomato,Telangana,"Sattupalli (ramalayam),RBZ APMC",2024-04-01,2024-11-04,15,Thin (<1yr)
tomato,Telangana,Shadnagar APMC,2017-01-02,2024-12-30,385,Full (7yr+)
tomato,Telangana,Shankarapally APMC,2017-01-02,2024-12-23,207,Moderate (2-4.5yr)
tomato,Telangana,Vantamamidi APMC,2016-12-26,2024-12-30,166,Moderate (2-4.5yr)
tomato,Telangana,Venkateswarnagar APMC,2022-02-28,2024-12-23,132,Moderate (2-4.5yr)
tomato,Telangana,Vikarabad APMC,2022-02-28,2023-05-22,54,Short (1-2yr)
tomato,Telangana,Warangal APMC,2021-10-18,2024-12-30,122,Moderate (2-4.5yr)
tomato,Tripura,Barpathari APMC,2018-09-24,2024-12-30,307,Good (4.5-7yr)
tomato,Tripura,Biokhora,2019-11-11,2024-06-24,164,Moderate (2-4.5yr)
tomato,Tripura,Bishalgarh APMC,2017-01-02,2024-12-30,408,Full (7yr+)
tomato,Tripura,Bishramganj,2017-10-02,2024-12-30,189,Moderate (2-4.5yr)
tomato,Tripura,Boxonagar,2018-01-01,2024-12-30,265,Good (4.5-7yr)
tomato,Tripura,Champaknagar APMC,2017-01-02,2024-12-23,386,Full (7yr+)
tomato,Tripura,Dasda APMC,2017-01-02,2024-12-23,183,Moderate (2-4.5yr)
tomato,Tripura,Garjee APMC,2017-01-02,2024-12-30,382,Full (7yr+)
tomato,Tripura,Gondatwisa APMC,2020-01-13,2024-12-30,163,Moderate (2-4.5yr)
tomato,Tripura,Halahali,2020-01-06,2024-06-10,48,Thin (<1yr)
tomato,Tripura,Jampuijala APMC,2017-01-23,2024-06-10,94,Short (1-2yr)
tomato,Tripura,Kadamtala,2019-08-26,2024-12-30,269,Good (4.5-7yr)
tomato,Tripura,Kalsi APMC,2017-02-06,2024-06-24,87,Short (1-2yr)
tomato,Tripura,Kalyanpur APMC,2016-12-26,2024-12-09,229,Moderate (2-4.5yr)
tomato,Tripura,Kamalghat,2018-01-01,2024-07-08,168,Moderate (2-4.5yr)
tomato,Tripura,Kanchanpur,2020-04-27,2024-12-30,67,Short (1-2yr)
tomato,Tripura,Kulai APMC,2017-01-02,2024-12-23,138,Moderate (2-4.5yr)
tomato,Tripura,Machmara,2020-04-27,2024-11-25,27,Thin (<1yr)
tomato,Tripura,Manubazar,2017-10-30,2024-09-30,75,Short (1-2yr)
tomato,Tripura,Masli,2018-04-09,2024-10-07,163,Moderate (2-4.5yr)
tomato,Tripura,Melaghar APMC,2017-01-09,2024-05-13,157,Moderate (2-4.5yr)
tomato,Tripura,Mohanpur APMC,2017-01-02,2024-07-08,220,Moderate (2-4.5yr)
tomato,Tripura,Nutanbazar APMC,2017-01-02,2024-12-30,205,Moderate (2-4.5yr)
tomato,Tripura,Pabiacherra APMC,2017-01-23,2024-12-30,232,Moderate (2-4.5yr)
tomato,Tripura,Panichowki,2017-11-13,2024-12-30,73,Short (1-2yr)
tomato,Tripura,Panisagar APMC,2016-12-26,2024-12-30,403,Full (7yr+)
tomato,Tripura,Santir Bazar APMC,2017-03-06,2024-12-23,159,Moderate (2-4.5yr)
tomato,Tripura,Silachhari APMC,2018-01-22,2024-12-23,72,Short (1-2yr)
tomato,Tripura,Sonamura APMC,2017-02-13,2024-12-30,307,Good (4.5-7yr)
tomato,Tripura,Teliamura APMC,2017-01-02,2024-12-30,384,Full (7yr+)
tomato,Uttar Pradesh,Achalda APMC,2017-01-16,2024-12-30,312,Good (4.5-7yr)
tomato,Uttar Pradesh,Achnera APMC,2017-06-12,2024-12-30,344,Good (4.5-7yr)
tomato,Uttar Pradesh,Agra APMC,2017-01-02,2024-12-30,416,Full (7yr+)
tomato,Uttar Pradesh,Ahirora APMC,2017-11-13,2024-12-30,267,Good (4.5-7yr)
tomato,Uttar Pradesh,Ait APMC,2017-02-20,2017-05-15,6,Thin (<1yr)
tomato,Uttar Pradesh,Ajuha APMC,2017-01-30,2024-12-30,393,Full (7yr+)
tomato,Uttar Pradesh,Akbarpur APMC,2016-12-26,2024-12-30,413,Full (7yr+)
tomato,Uttar Pradesh,Aliganj APMC,2018-02-26,2020-06-29,91,Short (1-2yr)
tomato,Uttar Pradesh,Aligarh APMC,2017-01-02,2024-12-30,416,Full (7yr+)
tomato,Uttar Pradesh,Amroha APMC,2017-01-30,2024-12-30,366,Full (7yr+)
tomato,Uttar Pradesh,Anandnagar APMC,2018-09-17,2024-12-30,302,Good (4.5-7yr)
tomato,Uttar Pradesh,Anoop Shahar APMC,2017-01-30,2024-12-30,301,Good (4.5-7yr)
tomato,Uttar Pradesh,Anwala APMC,2017-06-19,2024-12-30,393,Full (7yr+)
tomato,Uttar Pradesh,Atarra APMC,2018-09-10,2024-12-30,328,Good (4.5-7yr)
tomato,Uttar Pradesh,Atrauli APMC,2017-01-23,2024-12-23,265,Good (4.5-7yr)
tomato,Uttar Pradesh,Auraiya APMC,2017-01-02,2024-12-30,418,Full (7yr+)
tomato,Uttar Pradesh,Awagarh APMC,2017-05-29,2024-12-30,363,Good (4.5-7yr)
tomato,Uttar Pradesh,Azamgarh APMC,2017-01-02,2024-12-30,416,Full (7yr+)
tomato,Uttar Pradesh,Baberu APMC,2017-09-18,2023-12-11,273,Good (4.5-7yr)
tomato,Uttar Pradesh,Bachranwa APMC,2017-06-12,2024-12-30,30,Thin (<1yr)
tomato,Uttar Pradesh,Badayoun APMC,2017-01-02,2024-12-30,414,Full (7yr+)
tomato,Uttar Pradesh,Baheri APMC,2017-06-26,2024-08-26,69,Short (1-2yr)
tomato,Uttar Pradesh,Bahraich APMC,2017-01-02,2024-12-30,417,Full (7yr+)
tomato,Uttar Pradesh,Ballia APMC,2017-09-11,2024-12-30,366,Full (7yr+)
tomato,Uttar Pradesh,Balrampur APMC,2018-10-29,2024-12-30,291,Good (4.5-7yr)
tomato,Uttar Pradesh,Banda APMC,2017-01-02,2024-12-30,417,Full (7yr+)
tomato,Uttar Pradesh,Bangarmau APMC,2017-01-02,2024-12-30,398,Full (7yr+)
tomato,Uttar Pradesh,Barabanki APMC,2017-01-02,2024-12-30,417,Full (7yr+)
tomato,Uttar Pradesh,Baraut APMC,2017-01-30,2024-12-30,369,Full (7yr+)
tomato,Uttar Pradesh,Bareilly APMC,2016-12-26,2024-12-30,418,Full (7yr+)
tomato,Uttar Pradesh,Baripaal APMC,2017-06-05,2024-12-30,339,Good (4.5-7yr)
tomato,Uttar Pradesh,Basti APMC,2017-09-18,2024-12-30,379,Full (7yr+)
tomato,Uttar Pradesh,Bewar APMC,2017-01-23,2020-07-20,137,Moderate (2-4.5yr)
tomato,Uttar Pradesh,Bharthna APMC,2017-01-02,2024-12-30,417,Full (7yr+)
tomato,Uttar Pradesh,Bharuasumerpur APMC,2019-03-11,2024-12-30,303,Good (4.5-7yr)
tomato,Uttar Pradesh,Bharwari APMC,2019-12-23,2024-12-30,170,Moderate (2-4.5yr)
tomato,Uttar Pradesh,Bhinga APMC,2024-05-27,2024-12-30,32,Thin (<1yr)
tomato,Uttar Pradesh,Bijnaur APMC,2017-01-02,2024-12-30,387,Full (7yr+)
tomato,Uttar Pradesh,Bilaspur APMC,2017-07-03,2022-08-08,80,Short (1-2yr)
tomato,Uttar Pradesh,Bilsi APMC,2018-01-08,2024-12-30,346,Good (4.5-7yr)
tomato,Uttar Pradesh,Bindki APMC,2017-01-30,2024-12-30,411,Full (7yr+)
tomato,Uttar Pradesh,Bishalpur APMC,2017-11-20,2024-12-30,355,Good (4.5-7yr)
tomato,Uttar Pradesh,Bisoli APMC,2018-11-26,2024-12-30,35,Thin (<1yr)
tomato,Uttar Pradesh,Buland Shahr APMC,2017-01-02,2024-12-30,416,Full (7yr+)
tomato,Uttar Pradesh,Chaandpur APMC,2017-09-04,2024-12-30,346,Good (4.5-7yr)
tomato,Uttar Pradesh,Chandausi APMC,2018-08-20,2024-12-30,330,Good (4.5-7yr)
tomato,Uttar Pradesh,Chandoli APMC,2017-07-03,2024-12-30,391,Full (7yr+)
tomato,Uttar Pradesh,Charra APMC,2017-01-23,2024-12-30,393,Full (7yr+)
tomato,Uttar Pradesh,Chhibramau APMC,2017-01-02,2024-12-30,342,Good (4.5-7yr)
tomato,Uttar Pradesh,Chirgaon APMC,2018-01-15,2024-12-30,289,Good (4.5-7yr)
tomato,Uttar Pradesh,Chitwadagaon APMC,2020-04-20,2024-12-30,202,Moderate (2-4.5yr)
tomato,Uttar Pradesh,Chorichora APMC,2017-07-03,2024-12-30,357,Good (4.5-7yr)
tomato,Uttar Pradesh,Choubepur APMC,2017-01-02,2024-12-30,415,Full (7yr+)
tomato,Uttar Pradesh,Chutmalpur APMC,2017-01-30,2024-12-30,366,Full (7yr+)
tomato,Uttar Pradesh,Dadri APMC,2016-12-26,2024-12-30,416,Full (7yr+)
tomato,Uttar Pradesh,Dankaur APMC,2019-06-17,2024-12-30,204,Moderate (2-4.5yr)
tomato,Uttar Pradesh,Deoband APMC,2017-01-30,2024-12-23,298,Good (4.5-7yr)
tomato,Uttar Pradesh,Devariya APMC,2017-01-02,2024-12-23,403,Full (7yr+)
tomato,Uttar Pradesh,Dhanaura APMC,2018-07-23,2024-12-30,335,Good (4.5-7yr)
tomato,Uttar Pradesh,Dibiapur APMC,2017-01-09,2024-12-23,352,Good (4.5-7yr)
tomato,Uttar Pradesh,Divai APMC,2017-01-02,2024-10-07,316,Good (4.5-7yr)
tomato,Uttar Pradesh,Doharighat APMC,2020-10-26,2024-12-30,152,Moderate (2-4.5yr)
tomato,Uttar Pradesh,Dudhi APMC,2017-06-26,2024-12-30,366,Full (7yr+)
tomato,Uttar Pradesh,Etah APMC,2016-12-26,2024-12-30,413,Full (7yr+)
tomato,Uttar Pradesh,Etawah APMC,2017-01-02,2024-12-30,418,Full (7yr+)
tomato,Uttar Pradesh,Farukhabad APMC,2017-08-28,2024-12-30,384,Full (7yr+)
tomato,Uttar Pradesh,Fatehabad APMC,2017-02-27,2024-12-30,347,Good (4.5-7yr)
tomato,Uttar Pradesh,Fatehpur APMC,2017-01-02,2024-12-30,415,Full (7yr+)
tomato,Uttar Pradesh,Fatehpur Sikri APMC,2017-06-26,2024-12-23,336,Good (4.5-7yr)
tomato,Uttar Pradesh,Firozabad APMC,2016-12-26,2024-12-30,417,Full (7yr+)
tomato,Uttar Pradesh,Gadaura APMC,2017-09-25,2024-12-30,315,Good (4.5-7yr)
tomato,Uttar Pradesh,Gangoh APMC,2017-06-12,2024-10-07,360,Good (4.5-7yr)
tomato,Uttar Pradesh,Ghaziabad APMC,2017-01-02,2024-12-30,416,Full (7yr+)
tomato,Uttar Pradesh,Ghiraur APMC,2017-01-30,2024-12-23,389,Full (7yr+)
tomato,Uttar Pradesh,Golagokarnath APMC,2016-12-26,2024-12-30,352,Good (4.5-7yr)
tomato,Uttar Pradesh,Gonda APMC,2017-01-02,2024-12-30,417,Full (7yr+)
tomato,Uttar Pradesh,Gopiganj APMC,2018-09-17,2024-12-23,211,Moderate (2-4.5yr)
tomato,Uttar Pradesh,Gorakhpur APMC,2016-12-26,2024-12-30,409,Full (7yr+)
tomato,Uttar Pradesh,Gulavati APMC,2017-01-02,2023-04-10,254,Good (4.5-7yr)
tomato,Uttar Pradesh,Gurusarai APMC,2023-04-10,2024-12-30,91,Short (1-2yr)
tomato,Uttar Pradesh,Haathras APMC,2017-01-02,2024-12-30,418,Full (7yr+)
tomato,Uttar Pradesh,Hapur APMC,2017-01-02,2024-12-30,416,Full (7yr+)
tomato,Uttar Pradesh,Hardoi APMC,2017-01-02,2024-12-30,417,Full (7yr+)
tomato,Uttar Pradesh,Hasanpur APMC,2017-01-30,2024-12-30,280,Good (4.5-7yr)
tomato,Uttar Pradesh,Jafarganj APMC,2018-07-30,2024-12-30,332,Good (4.5-7yr)
tomato,Uttar Pradesh,Jagnair APMC,2019-06-03,2024-12-30,262,Good (4.5-7yr)
tomato,Uttar Pradesh,Jahanabad APMC,2018-12-10,2024-03-04,84,Short (1-2yr)
tomato,Uttar Pradesh,Jahangirabad APMC,2016-12-26,2024-12-30,395,Full (7yr+)
tomato,Uttar Pradesh,Jalalabad APMC,2017-06-05,2024-12-30,221,Moderate (2-4.5yr)
tomato,Uttar Pradesh,Jalaun APMC,2016-12-26,2024-12-30,417,Full (7yr+)
tomato,Uttar Pradesh,Jamanian APMC,2017-06-26,2023-05-29,40,Thin (<1yr)
tomato,Uttar Pradesh,Jangipura APMC,2017-09-18,2024-04-22,274,Good (4.5-7yr)
tomato,Uttar Pradesh,Jasra APMC,2017-01-23,2024-12-30,376,Full (7yr+)
tomato,Uttar Pradesh,Jasvantnagar APMC,2017-01-02,2024-12-30,366,Full (7yr+)
tomato,Uttar Pradesh,Jaunpur APMC,2017-01-02,2024-12-30,418,Full (7yr+)
tomato,Uttar Pradesh,Jayas APMC,2016-12-26,2024-12-30,349,Good (4.5-7yr)
tomato,Uttar Pradesh,Jhansi APMC,2017-01-02,2024-12-30,400,Full (7yr+)
tomato,Uttar Pradesh,Jhijhank APMC,2018-07-16,2024-07-01,307,Good (4.5-7yr)
tomato,Uttar Pradesh,Kairana APMC,2017-07-03,2024-12-30,281,Good (4.5-7yr)
tomato,Uttar Pradesh,Kamlaganj APMC,2020-03-30,2023-06-19,169,Moderate (2-4.5yr)
tomato,Uttar Pradesh,Kannauj APMC,2016-12-26,2024-12-30,418,Full (7yr+)
tomato,Uttar Pradesh,Kanpur(Grain) APMC,2017-01-02,2024-12-30,413,Full (7yr+)
tomato,Uttar Pradesh,Karvi APMC,2018-06-18,2024-12-30,341,Good (4.5-7yr)
tomato,Uttar Pradesh,Kasganj APMC,2016-12-26,2024-12-23,409,Full (7yr+)
tomato,Uttar Pradesh,Kayamganj APMC,2017-01-16,2024-12-30,411,Full (7yr+)
tomato,Uttar Pradesh,Khaga APMC,2017-09-11,2024-12-30,226,Moderate (2-4.5yr)
tomato,Uttar Pradesh,Khair APMC,2017-01-02,2024-12-30,393,Full (7yr+)
tomato,Uttar Pradesh,Khairagarh APMC,2016-12-26,2024-09-30,339,Good (4.5-7yr)
tomato,Uttar Pradesh,Khalilabad APMC,2017-09-11,2024-12-30,368,Full (7yr+)
tomato,Uttar Pradesh,Khandhla APMC,2017-06-26,2024-12-30,339,Good (4.5-7yr)
tomato,Uttar Pradesh,Khatauli APMC,2016-12-26,2024-12-16,320,Good (4.5-7yr)
tomato,Uttar Pradesh,Khekda APMC,2017-03-27,2024-12-30,374,Full (7yr+)
tomato,Uttar Pradesh,Khurja APMC,2017-05-29,2024-12-30,390,Full (7yr+)
tomato,Uttar Pradesh,Kiratpur APMC,2017-06-12,2024-12-30,329,Good (4.5-7yr)
tomato,Uttar Pradesh,Kishunpur APMC,2021-08-02,2024-04-08,2,Thin (<1yr)
tomato,Uttar Pradesh,Konch APMC,2016-12-26,2024-12-23,413,Full (7yr+)
tomato,Uttar Pradesh,Kopaganj APMC,2017-02-20,2024-12-30,377,Full (7yr+)
tomato,Uttar Pradesh,Kosikalan APMC,2017-05-29,2024-12-30,393,Full (7yr+)
tomato,Uttar Pradesh,Kurara APMC,2018-08-27,2018-08-27,1,Thin (<1yr)
tomato,Uttar Pradesh,Lakhimpur APMC,2017-01-02,2024-12-30,416,Full (7yr+)
tomato,Uttar Pradesh,Lalganj APMC,2017-01-30,2024-12-30,265,Good (4.5-7yr)
tomato,Uttar Pradesh,Lalitpur APMC,2017-01-02,2024-12-30,388,Full (7yr+)
tomato,Uttar Pradesh,Lucknow APMC,2016-12-26,2024-12-30,417,Full (7yr+)
tomato,Uttar Pradesh,Madhoganj APMC,2016-12-26,2024-12-30,417,Full (7yr+)
tomato,Uttar Pradesh,Mahoba APMC,2017-08-07,2024-12-30,384,Full (7yr+)
tomato,Uttar Pradesh,Maigalganj APMC,2017-04-24,2024-12-30,239,Good (4.5-7yr)
tomato,Uttar Pradesh,Mainpuri APMC,2017-01-02,2024-12-30,416,Full (7yr+)
tomato,Uttar Pradesh,Manjhanpur APMC,2024-05-27,2024-12-30,32,Thin (<1yr)
tomato,Uttar Pradesh,Mathura APMC,2017-01-09,2024-12-30,415,Full (7yr+)
tomato,Uttar Pradesh,Maudaha APMC,2018-07-16,2024-10-07,326,Good (4.5-7yr)
tomato,Uttar Pradesh,Mauranipur APMC,2018-12-10,2024-12-30,317,Good (4.5-7yr)
tomato,Uttar Pradesh,Mawana APMC,2017-01-02,2024-09-23,284,Good (4.5-7yr)
tomato,Uttar Pradesh,Meerut APMC,2017-01-02,2024-12-30,410,Full (7yr+)
tomato,Uttar Pradesh,Mehmoodabad APMC,2017-02-06,2024-12-30,332,Good (4.5-7yr)
tomato,Uttar Pradesh,Milak APMC,2019-09-16,2024-12-09,266,Good (4.5-7yr)
tomato,Uttar Pradesh,Mirzapur APMC,2017-01-02,2024-12-30,417,Full (7yr+)
tomato,Uttar Pradesh,Mohamadabad APMC,2023-07-03,2024-12-30,79,Short (1-2yr)
tomato,Uttar Pradesh,Mohammdi APMC,2017-04-24,2024-12-30,233,Moderate (2-4.5yr)
tomato,Uttar Pradesh,Moth APMC,2018-01-15,2024-12-30,360,Good (4.5-7yr)
tomato,Uttar Pradesh,Mugrabaadshahpur APMC,2017-07-03,2024-12-30,360,Good (4.5-7yr)
tomato,Uttar Pradesh,Muradabad APMC,2017-01-02,2024-12-30,418,Full (7yr+)
tomato,Uttar Pradesh,Muradnagar APMC,2017-07-24,2024-12-23,274,Good (4.5-7yr)
tomato,Uttar Pradesh,Muskara APMC,2017-06-19,2024-12-30,338,Good (4.5-7yr)
tomato,Uttar Pradesh,Muzzafarnagar APMC,2016-12-26,2024-12-30,417,Full (7yr+)
tomato,Uttar Pradesh,Naanpara APMC,2017-06-26,2024-12-16,380,Full (7yr+)
tomato,Uttar Pradesh,Nagina APMC,2017-06-12,2024-12-30,303,Good (4.5-7yr)
tomato,Uttar Pradesh,Najibabad APMC,2017-06-19,2024-12-30,325,Good (4.5-7yr)
tomato,Uttar Pradesh,Naugarh APMC,2017-02-20,2024-12-23,305,Good (4.5-7yr)
tomato,Uttar Pradesh,Nautnava APMC,2018-09-17,2024-12-30,300,Good (4.5-7yr)
tomato,Uttar Pradesh,Nawabganj APMC,2017-01-23,2024-12-30,333,Good (4.5-7yr)
tomato,Uttar Pradesh,Noida APMC,2017-06-05,2024-12-30,360,Good (4.5-7yr)
tomato,Uttar Pradesh,Orai APMC,2016-12-26,2024-12-30,419,Full (7yr+)
tomato,Uttar Pradesh,Paliakala APMC,2017-07-03,2024-12-23,330,Good (4.5-7yr)
tomato,Uttar Pradesh,Panchpedwa APMC,2018-10-01,2024-12-30,102,Short (1-2yr)
tomato,Uttar Pradesh,Parikshitgarh APMC,2017-07-10,2022-10-03,79,Short (1-2yr)
tomato,Uttar Pradesh,Partaval APMC,2017-01-02,2024-12-30,411,Full (7yr+)
tomato,Uttar Pradesh,Payagpur APMC,2017-01-23,2024-11-18,124,Moderate (2-4.5yr)
tomato,Uttar Pradesh,Pilibhit APMC,2016-12-26,2024-12-30,418,Full (7yr+)
tomato,Uttar Pradesh,Pratapgarh APMC,2016-12-26,2024-12-30,419,Full (7yr+)
tomato,Uttar Pradesh,Prayagraj APMC,2017-01-02,2024-12-30,401,Full (7yr+)
tomato,Uttar Pradesh,Pukharayan APMC,2017-01-02,2024-12-30,415,Full (7yr+)
tomato,Uttar Pradesh,Puranpur APMC,2017-02-06,2024-12-30,411,Full (7yr+)
tomato,Uttar Pradesh,Purwa APMC,2017-06-26,2024-12-30,269,Good (4.5-7yr)
tomato,Uttar Pradesh,Raath APMC,2016-12-26,2023-10-16,353,Good (4.5-7yr)
tomato,Uttar Pradesh,Raibareilly APMC,2017-01-02,2024-12-30,417,Full (7yr+)
tomato,Uttar Pradesh,Rampur APMC,2016-12-26,2024-12-30,335,Good (4.5-7yr)
tomato,Uttar Pradesh,Rampurmaniharan APMC,2017-05-22,2024-12-30,369,Full (7yr+)
tomato,Uttar Pradesh,Rasda APMC,2018-09-10,2024-12-30,280,Good (4.5-7yr)
tomato,Uttar Pradesh,Robertsganj APMC,2017-09-11,2024-12-30,369,Full (7yr+)
tomato,Uttar Pradesh,Rudauli APMC,2017-07-10,2024-12-30,354,Good (4.5-7yr)
tomato,Uttar Pradesh,Rura APMC,2017-03-27,2024-06-03,266,Good (4.5-7yr)
tomato,Uttar Pradesh,Safdarganj APMC,2017-01-16,2024-12-30,412,Full (7yr+)
tomato,Uttar Pradesh,Saharanpur APMC,2017-01-02,2024-12-30,415,Full (7yr+)
tomato,Uttar Pradesh,Sahiyapur APMC,2017-01-02,2024-12-30,379,Full (7yr+)
tomato,Uttar Pradesh,Salon APMC,2024-03-18,2024-12-30,40,Thin (<1yr)
tomato,Uttar Pradesh,Sambhal APMC,2017-01-30,2024-12-30,314,Good (4.5-7yr)
tomato,Uttar Pradesh,Samsabad APMC,2017-01-30,2024-12-30,310,Good (4.5-7yr)
tomato,Uttar Pradesh,Sandi APMC,2020-04-13,2024-12-30,80,Short (1-2yr)
tomato,Uttar Pradesh,Sandila APMC,2017-10-02,2024-12-30,276,Good (4.5-7yr)
tomato,Uttar Pradesh,Sardhana APMC,2017-01-23,2024-11-11,254,Good (4.5-7yr)
tomato,Uttar Pradesh,Sehjanwa APMC,2018-06-11,2024-12-30,328,Good (4.5-7yr)
tomato,Uttar Pradesh,Shadabad APMC,2017-01-02,2024-12-30,315,Good (4.5-7yr)
tomato,Uttar Pradesh,Shahabad(New Mandi) APMC,2017-07-10,2024-12-16,279,Good (4.5-7yr)
tomato,Uttar Pradesh,Shahaswan APMC,2019-02-11,2024-12-30,128,Moderate (2-4.5yr)
tomato,Uttar Pradesh,Shahganj APMC,2017-01-02,2024-12-30,417,Full (7yr+)
tomato,Uttar Pradesh,Shahjahanpur APMC,2017-01-02,2024-12-30,403,Full (7yr+)
tomato,Uttar Pradesh,Shahpur APMC,2017-06-12,2024-12-23,263,Good (4.5-7yr)
tomato,Uttar Pradesh,Shamli APMC,2017-06-19,2024-12-30,393,Full (7yr+)
tomato,Uttar Pradesh,Shikohabad APMC,2017-03-20,2024-07-01,343,Good (4.5-7yr)
tomato,Uttar Pradesh,Sikanderabad APMC,2017-01-23,2024-12-23,365,Full (7yr+)
tomato,Uttar Pradesh,Sikandraraau APMC,2017-01-23,2023-07-24,6,Thin (<1yr)
tomato,Uttar Pradesh,Sikarpur APMC,2017-01-23,2024-12-30,327,Good (4.5-7yr)
tomato,Uttar Pradesh,Sirsa APMC,2017-01-23,2024-12-30,161,Moderate (2-4.5yr)
tomato,Uttar Pradesh,Sirsaganj APMC,2016-12-26,2024-12-30,413,Full (7yr+)
tomato,Uttar Pradesh,Sitapur APMC,2017-01-09,2024-12-30,416,Full (7yr+)
tomato,Uttar Pradesh,Siyana APMC,2016-12-26,2024-12-23,380,Full (7yr+)
tomato,Uttar Pradesh,Sultanpur APMC,2017-01-02,2024-12-30,411,Full (7yr+)
tomato,Uttar Pradesh,Sultanpurchilkana APMC,2017-01-23,2020-05-18,85,Short (1-2yr)
tomato,Uttar Pradesh,Tanda(Rampur) APMC,2017-06-12,2024-12-23,178,Moderate (2-4.5yr)
tomato,Uttar Pradesh,Thanabhavan APMC,2017-06-05,2024-12-23,393,Full (7yr+)
tomato,Uttar Pradesh,Tikonia APMC,2017-09-04,2024-12-23,222,Moderate (2-4.5yr)
tomato,Uttar Pradesh,Tilhar APMC,2017-06-05,2024-12-30,387,Full (7yr+)
tomato,Uttar Pradesh,Tulsipur APMC,2019-11-25,2024-12-30,265,Good (4.5-7yr)
tomato,Uttar Pradesh,Tundla APMC,2017-04-24,2024-12-30,395,Full (7yr+)
tomato,Uttar Pradesh,Ujhani APMC,2017-08-07,2024-12-30,321,Good (4.5-7yr)
tomato,Uttar Pradesh,Unnao APMC,2017-01-02,2024-12-30,416,Full (7yr+)
tomato,Uttar Pradesh,Uttaripura APMC,2017-06-05,2024-12-30,160,Moderate (2-4.5yr)
tomato,Uttar Pradesh,Varanasi APMC,2024-05-06,2024-12-30,35,Thin (<1yr)
tomato,Uttar Pradesh,Vilthararoad APMC,2024-03-04,2024-07-08,15,Thin (<1yr)
tomato,Uttar Pradesh,Viswan APMC,2022-07-11,2024-12-30,129,Moderate (2-4.5yr)
tomato,Uttar Pradesh,Wazirganj APMC,2019-11-11,2024-12-23,254,Good (4.5-7yr)
tomato,Uttar Pradesh,Yusufpur APMC,2018-08-06,2024-03-18,70,Short (1-2yr)
tomato,Uttarakhand,Bazpur APMC,2019-11-25,2024-08-26,10,Thin (<1yr)
tomato,Uttarakhand,Bhagwanpur(Naveen Mandi Sthal) APMC,2017-03-06,2024-12-23,169,Moderate (2-4.5yr)
tomato,Uttarakhand,Chakrata APMC,2022-07-04,2024-09-02,25,Thin (<1yr)
tomato,Uttarakhand,Dehradoon APMC,2016-12-26,2024-12-30,389,Full (7yr+)
tomato,Uttarakhand,Haldwani APMC,2016-12-26,2024-12-30,395,Full (7yr+)
tomato,Uttarakhand,Haridwar Union APMC,2016-12-26,2024-12-30,396,Full (7yr+)
tomato,Uttarakhand,Jaspur(UC) APMC,2016-12-26,2024-12-30,307,Good (4.5-7yr)
tomato,Uttarakhand,Kashipur APMC,2016-12-26,2024-12-23,334,Good (4.5-7yr)
tomato,Uttarakhand,Khateema APMC,2016-12-26,2024-12-30,369,Full (7yr+)
tomato,Uttarakhand,Kicchha APMC,2017-01-02,2024-12-30,214,Moderate (2-4.5yr)
tomato,Uttarakhand,Kotadwara APMC,2017-01-02,2024-12-30,383,Full (7yr+)
tomato,Uttarakhand,Lakshar APMC,2017-05-01,2024-04-22,42,Thin (<1yr)
tomato,Uttarakhand,Manglaur APMC,2017-04-03,2024-12-30,341,Good (4.5-7yr)
tomato,Uttarakhand,Ramnagar APMC,2016-12-26,2024-12-30,366,Full (7yr+)
tomato,Uttarakhand,Rishikesh APMC,2016-12-26,2024-12-30,401,Full (7yr+)
tomato,Uttarakhand,Roorkee APMC,2017-01-02,2024-12-30,407,Full (7yr+)
tomato,Uttarakhand,Rudrapur APMC,2017-01-02,2024-12-30,351,Good (4.5-7yr)
tomato,Uttarakhand,Sitarganj APMC,2016-12-26,2024-12-30,405,Full (7yr+)
tomato,Uttarakhand,Tanakpur APMC,2017-01-09,2024-09-30,71,Short (1-2yr)
tomato,Uttarakhand,Vikasnagar APMC,2016-12-26,2024-12-30,412,Full (7yr+)
tomato,West Bengal,Alipurduar APMC,2017-01-02,2024-12-30,394,Full (7yr+)
tomato,West Bengal,Asansol APMC,2016-12-26,2024-12-30,404,Full (7yr+)
tomato,West Bengal,Balarampur APMC,2016-12-26,2024-12-30,410,Full (7yr+)
tomato,West Bengal,Balurghat APMC,2017-01-30,2024-12-23,374,Full (7yr+)
tomato,West Bengal,Barasat APMC,2016-12-26,2024-12-30,385,Full (7yr+)
tomato,West Bengal,Baruipur(Canning) APMC,2017-01-30,2021-08-23,224,Moderate (2-4.5yr)
tomato,West Bengal,Baxirhat APMC,2020-03-02,2024-04-15,184,Moderate (2-4.5yr)
tomato,West Bengal,Belacoba APMC,2017-01-09,2024-12-30,129,Moderate (2-4.5yr)
tomato,West Bengal,Birbhum APMC,2016-12-26,2024-12-30,392,Full (7yr+)
tomato,West Bengal,Bolpur APMC,2016-12-26,2024-12-30,266,Good (4.5-7yr)
tomato,West Bengal,Burdwan APMC,2017-01-02,2024-12-30,413,Full (7yr+)
tomato,West Bengal,Chakdah APMC,2016-12-26,2024-12-30,404,Full (7yr+)
tomato,West Bengal,Champadanga APMC,2021-08-30,2024-12-30,174,Moderate (2-4.5yr)
tomato,West Bengal,Coochbehar APMC,2016-12-26,2024-12-02,356,Good (4.5-7yr)
tomato,West Bengal,Darjeeling APMC,2017-05-29,2024-12-30,91,Short (1-2yr)
tomato,West Bengal,Dhupguri APMC,2016-12-26,2024-12-30,277,Good (4.5-7yr)
tomato,West Bengal,Diamond Harbour(South 24-pgs) APMC,2016-12-26,2024-12-30,378,Full (7yr+)
tomato,West Bengal,Dinhata APMC,2023-08-21,2024-12-23,61,Short (1-2yr)
tomato,West Bengal,Durgapur APMC,2016-12-26,2024-12-30,403,Full (7yr+)
tomato,West Bengal,Egra/contai APMC,2018-10-29,2024-12-30,314,Good (4.5-7yr)
tomato,West Bengal,English Bazar APMC,2017-01-02,2024-08-12,19,Thin (<1yr)
tomato,West Bengal,Falakata APMC,2016-12-26,2024-12-30,351,Good (4.5-7yr)
tomato,West Bengal,Gajol APMC,2017-01-02,2024-10-28,29,Thin (<1yr)
tomato,West Bengal,Gangarampur(Dakshin Dinajpur) APMC,2016-12-26,2024-12-30,399,Full (7yr+)
tomato,West Bengal,Garbeta(Medinipur) APMC,2017-01-02,2024-12-30,376,Full (7yr+)
tomato,West Bengal,Ghatal APMC,2023-10-02,2024-12-30,64,Short (1-2yr)
tomato,West Bengal,Habra APMC,2017-01-02,2024-12-30,416,Full (7yr+)
tomato,West Bengal,Haldibari APMC,2017-01-02,2024-05-06,72,Short (1-2yr)
tomato,West Bengal,Jalpaiguri Sadar APMC,2017-01-02,2024-12-30,306,Good (4.5-7yr)
tomato,West Bengal,Kalimpong APMC,2017-04-17,2017-04-17,1,Thin (<1yr)
tomato,West Bengal,Kalipur APMC,2021-08-30,2024-12-30,174,Moderate (2-4.5yr)
tomato,West Bengal,Kalna APMC,2017-01-02,2024-12-30,408,Full (7yr+)
tomato,West Bengal,Karsiyang(Matigara) APMC,2017-01-02,2024-12-30,365,Full (7yr+)
tomato,West Bengal,Khatra APMC,2016-12-26,2024-12-30,419,Full (7yr+)
tomato,West Bengal,Medinipur(West) APMC,2017-01-02,2024-12-30,390,Full (7yr+)
tomato,West Bengal,Mekhliganj APMC,2017-01-02,2024-12-30,127,Moderate (2-4.5yr)
tomato,West Bengal,Memari APMC,2016-12-26,2024-12-30,407,Full (7yr+)
tomato,West Bengal,Moynaguri APMC,2017-01-02,2024-12-30,142,Moderate (2-4.5yr)
tomato,West Bengal,Pandua APMC,2021-11-15,2024-12-30,163,Moderate (2-4.5yr)
tomato,West Bengal,Pundibari APMC,2017-01-02,2024-07-22,311,Good (4.5-7yr)
tomato,West Bengal,Purulia APMC,2017-01-02,2023-07-17,326,Good (4.5-7yr)
tomato,West Bengal,Ramkrishanpur(Howrah) APMC,2016-12-26,2024-12-30,411,Full (7yr+)
tomato,West Bengal,Ranaghat APMC,2016-12-26,2024-12-30,405,Full (7yr+)
tomato,West Bengal,Sainthia APMC,2016-12-26,2024-12-30,402,Full (7yr+)
tomato,West Bengal,Samsi APMC,2016-12-26,2017-01-02,2,Thin (<1yr)
tomato,West Bengal,Sealdah Koley Market APMC,2016-12-26,2024-12-30,416,Full (7yr+)
tomato,West Bengal,Sheoraphuly APMC,2021-08-30,2024-12-30,174,Moderate (2-4.5yr)
tomato,West Bengal,Siliguri APMC,2017-01-02,2024-12-30,371,Full (7yr+)
tomato,West Bengal,Toofanganj APMC,2020-03-30,2024-12-30,180,Moderate (2-4.5yr)
tomato,West Bengal,Uluberia APMC,2016-12-26,2024-12-30,418,Full (7yr+)
